g Wp_Special_Emma_S005_Wand
v -0.140839 -0.004264283 0.020968245
v -0.14124799 -0.003711962 0.02147552
v -0.14229828 -0.006439018 0.023597822
v -0.14188929 -0.0069913217 0.023090532
v -0.14112757 -0.008239249 0.02650175
v -0.14071858 -0.008791553 0.02599444
v -0.14058669 -0.006787307 0.02324309
v -0.13966829 -0.0060644923 0.023872154
v -0.13966829 -0.0060644923 0.023872154
v -0.14124799 -0.003711962 0.02147552
v -0.140839 -0.004264283 0.020968245
v -0.14007728 -0.0055121887 0.024379428
v -0.14071858 -0.008791553 0.02599444
v -0.14112757 -0.008239249 0.02650175
v -0.14137988 -0.0057162037 0.02422687
v -0.14229828 -0.006439018 0.023597822
v -0.14453451 -0.0021657683 0.015703922
v -0.1449435 -0.0016134727 0.016211197
v -0.14396533 -0.0035444798 0.019102287
v -0.14355633 -0.004096776 0.018595012
v -0.14124799 -0.0037119538 0.021475486
v -0.140839 -0.004264249 0.020968229
v -0.14249466 -0.003474425 0.018097831
v -0.14181721 -0.0023332504 0.01807712
v -0.14181721 -0.0023332504 0.01807712
v -0.1449435 -0.0016134727 0.016211197
v -0.14453451 -0.0021657683 0.015703922
v -0.1422262 -0.0017809464 0.018584412
v -0.140839 -0.004264249 0.020968229
v -0.14124799 -0.0037119538 0.021475486
v -0.14328787 -0.0024033135 0.01908161
v -0.14396533 -0.0035444798 0.019102287
v -0.1497959 -0.002155455 0.011450601
v -0.15020493 -0.0016031511 0.011957907
v -0.1480896 -0.0025734284 0.014719773
v -0.14768063 -0.0031257325 0.014212498
v -0.14494348 -0.0016134222 0.016211163
v -0.14453448 -0.0021657178 0.015703889
v -0.1469731 -0.0024199858 0.013339001
v -0.1466498 -0.0011954403 0.012942006
v -0.1466498 -0.0011954403 0.012942006
v -0.15020493 -0.0016031511 0.011957907
v -0.1497959 -0.002155455 0.011450601
v -0.14705878 -0.0006431363 0.013449281
v -0.14453448 -0.0021657178 0.015703889
v -0.14494348 -0.0016134222 0.016211163
v -0.1477663 -0.0013488912 0.014322779
v -0.1480896 -0.0025734284 0.014719773
v -0.145656 -0.013318832 0.026942737
v -0.146065 -0.012766528 0.02745001
v -0.14297886 -0.010966322 0.027978249
v -0.14256988 -0.011518621 0.027470972
v -0.14112757 -0.008239249 0.02650175
v -0.14071858 -0.008791553 0.02599444
v -0.1429952 -0.011314598 0.026230361
v -0.14380473 -0.010591792 0.025466233
v -0.14380473 -0.010591792 0.025466233
v -0.146065 -0.012766528 0.02745001
v -0.145656 -0.013318832 0.026942737
v -0.1442137 -0.010039471 0.02597351
v -0.14071858 -0.008791553 0.02599444
v -0.14112757 -0.008239249 0.02650175
v -0.1437884 -0.010243494 0.027214138
v -0.14297886 -0.010966322 0.027978249
v -0.15158431 -0.015417317 0.024447748
v -0.1519933 -0.014865038 0.024955008
v -0.1490978 -0.014697547 0.027107207
v -0.14868881 -0.015249855 0.02659993
v -0.14606503 -0.012766553 0.02745001
v -0.14565603 -0.013318856 0.026942752
v -0.14842807 -0.014627497 0.025456982
v -0.14855152 -0.013486326 0.024790553
v -0.14855152 -0.013486326 0.024790553
v -0.1519933 -0.014865038 0.024955008
v -0.15158431 -0.015417317 0.024447748
v -0.14896053 -0.012934022 0.025297811
v -0.14565603 -0.013318856 0.026942752
v -0.14606503 -0.012766553 0.02745001
v -0.14922127 -0.013556393 0.026440777
v -0.1490978 -0.014697547 0.027107207
v -0.15685669 -0.015427663 0.020208053
v -0.1572657 -0.014875354 0.02071533
v -0.15514101 -0.015835352 0.023473611
v -0.15473203 -0.016387653 0.022966335
v -0.15199333 -0.014865075 0.024955058
v -0.15158434 -0.015417367 0.024447782
v -0.15402842 -0.015681915 0.02208964
v -0.15370904 -0.014457368 0.0216895
v -0.15370904 -0.014457368 0.0216895
v -0.1572657 -0.014875354 0.02071533
v -0.15685669 -0.015427663 0.020208053
v -0.15411803 -0.013905082 0.022196777
v -0.15158434 -0.015417367 0.024447782
v -0.15199333 -0.014865075 0.024955058
v -0.1548216 -0.014610803 0.023073437
v -0.15514101 -0.015835352 0.023473611
v -0.16593404 -0.008791557 0.0056642136
v -0.16634302 -0.008239253 0.0061714887
v -0.16325687 -0.0064390097 0.006699726
v -0.16284788 -0.0069913394 0.006192418
v -0.1614056 -0.0037119703 0.005223209
v -0.16099663 -0.004264283 0.004715934
v -0.16327323 -0.0067873155 0.004951822
v -0.16408275 -0.006064484 0.004187713
v -0.16408275 -0.006064484 0.004187713
v -0.16634302 -0.008239253 0.0061714887
v -0.16593404 -0.008791557 0.0056642136
v -0.16449174 -0.0055121803 0.0046949876
v -0.16099663 -0.004264283 0.004715934
v -0.1614056 -0.0037119703 0.005223209
v -0.1640664 -0.0057162037 0.0059356005
v -0.16325687 -0.0064390097 0.006699726
v -0.1609966 -0.0042642574 0.004715934
v -0.1614056 -0.0037119538 0.005223209
v -0.15851007 -0.0035444798 0.007375409
v -0.15810108 -0.0040967837 0.006868134
v -0.15547729 -0.001613481 0.007718213
v -0.1550683 -0.0021657683 0.007210955
v -0.15784036 -0.0034744167 0.005725184
v -0.15796381 -0.0023332504 0.005058755
v -0.15796381 -0.0023332504 0.005058755
v -0.1614056 -0.0037119538 0.005223209
v -0.1609966 -0.0042642574 0.004715934
v -0.1583728 -0.0017809379 0.0055660135
v -0.1550683 -0.0021657683 0.007210955
v -0.15547729 -0.001613481 0.007718213
v -0.15863353 -0.0024032965 0.0067089796
v -0.15851007 -0.0035444798 0.007375409
v -0.15506826 -0.0021657345 0.0072109043
v -0.15547729 -0.0016134222 0.007718179
v -0.15335259 -0.0025734284 0.010476461
v -0.15294358 -0.0031257241 0.009969187
v -0.15020493 -0.0016031511 0.011957907
v -0.1497959 -0.002155455 0.011450601
v -0.15224001 -0.0024200028 0.009092526
v -0.15192062 -0.0011954487 0.008692369
v -0.15192062 -0.0011954487 0.008692369
v -0.15547729 -0.0016134222 0.007718179
v -0.15506826 -0.0021657345 0.0072109043
v -0.15232961 -0.00064314477 0.009199627
v -0.1497959 -0.002155455 0.011450601
v -0.15020493 -0.0016031511 0.011957907
v -0.15303318 -0.0013488829 0.01007632
v -0.15335259 -0.0025734284 0.010476461
v -0.16739334 -0.010966314 0.008293809
v -0.16593404 -0.008791557 0.0056642136
v -0.16634302 -0.008239253 0.0061714887
v -0.16698432 -0.011518626 0.0077865343
v -0.1662226 -0.012766528 0.011197717
v -0.16581361 -0.013318832 0.010690442
v -0.16568173 -0.011314602 0.007939094
v -0.16476333 -0.01059178 0.008568123
v -0.16634302 -0.008239253 0.0061714887
v -0.16593404 -0.008791557 0.0056642136
v -0.16476333 -0.01059178 0.008568123
v -0.16517232 -0.0100394795 0.009075431
v -0.16581361 -0.013318832 0.010690442
v -0.1662226 -0.012766528 0.011197717
v -0.16647492 -0.010243499 0.008922872
v -0.16739334 -0.010966314 0.008293809
v -0.16581361 -0.013318856 0.010690477
v -0.1662226 -0.012766553 0.011197735
v -0.16524443 -0.014697565 0.014088824
v -0.16483542 -0.01524986 0.01358155
v -0.16252708 -0.014865033 0.016462041
v -0.1621181 -0.015417329 0.015954766
v -0.16377378 -0.014627492 0.013084353
v -0.16309631 -0.013486326 0.0130636925
v -0.16309631 -0.013486326 0.0130636925
v -0.1662226 -0.012766553 0.011197735
v -0.16581361 -0.013318856 0.010690477
v -0.1635053 -0.01293403 0.013570951
v -0.1621181 -0.015417329 0.015954766
v -0.16252708 -0.014865033 0.016462041
v -0.16456695 -0.013556389 0.014068131
v -0.16524443 -0.014697565 0.014088824
v -0.16211812 -0.015417384 0.015954783
v -0.16252711 -0.0148650715 0.016462058
v -0.1604118 -0.015835365 0.019223955
v -0.16000281 -0.016387662 0.018716663
v -0.1572657 -0.014875354 0.02071533
v -0.15685669 -0.015427663 0.020208053
v -0.15929532 -0.015681915 0.017843183
v -0.158972 -0.014457377 0.017446171
v -0.158972 -0.014457377 0.017446171
v -0.16252711 -0.0148650715 0.016462058
v -0.16211812 -0.015417384 0.015954783
v -0.15938099 -0.0139050735 0.017953446
v -0.15685669 -0.015427663 0.020208053
v -0.1572657 -0.014875354 0.02071533
v -0.1600885 -0.0146108195 0.018826962
v -0.1604118 -0.015835365 0.019223955
v -0.17217565 -0.010221905 0.00242857
v -0.16129656 -0.009026663 0.004635061
v -0.17119844 -0.008407194 0.0009226781
v -0.1632534 -0.012660583 0.0076505463
v -0.16294602 -0.012378941 0.008288526
v -0.16094908 -0.008670504 0.0052112304
v -0.16211702 -0.005609784 0.008141754
v -0.16411397 -0.009318221 0.011219068
v -0.16452244 -0.011632351 0.00785139
v -0.17243692 -0.009537205 0.0030841308
v -0.16421503 -0.011350702 0.008489387
v -0.16475211 -0.009943259 0.009836983
v -0.16534637 -0.009473157 0.009918747
v -0.16470821 -0.008848111 0.0113008665
v -0.17330764 -0.007255525 0.0052687665
v -0.17304632 -0.0079402495 0.0046131727
v -0.1720691 -0.0061255298 0.003107314
v -0.16347475 -0.005997449 0.007034589
v -0.16284038 -0.0063930303 0.00689098
v -0.17330764 -0.007255525 0.0052687665
v -0.17304632 -0.0079402495 0.0046131727
v -0.1720691 -0.0061255298 0.003107314
v -0.17233041 -0.005440813 0.0037629085
v -0.16470821 -0.008848111 0.0113008665
v -0.16347475 -0.005997449 0.007034589
v -0.1627514 -0.0052141864 0.00828538
v -0.16211702 -0.005609784 0.008141754
v -0.16411397 -0.009318221 0.011219068
v -0.16284038 -0.0063930303 0.00689098
v -0.16094908 -0.008670504 0.0052112304
v -0.1623033 -0.0078004897 0.0055433842
v -0.16475211 -0.009943259 0.009836983
v -0.16421503 -0.011350702 0.008489387
v -0.16452244 -0.011632351 0.00785139
v -0.16265081 -0.008156648 0.0049672327
v -0.16129656 -0.009026663 0.004635061
v -0.17243692 -0.009537205 0.0030841308
v -0.17119844 -0.008407194 0.0009226781
v -0.17217565 -0.010221905 0.00242857
v -0.17145973 -0.007722481 0.0015782892
v -0.16088134 -0.012435564 0.016827373
v -0.17097183 -0.015712084 0.017391594
v -0.17195457 -0.014065368 0.01570688
v -0.16284928 -0.009138054 0.013453739
v -0.16231461 -0.009281747 0.012931204
v -0.16030635 -0.012646884 0.016374001
v -0.15979467 -0.0156158935 0.013173469
v -0.16180292 -0.012250761 0.009730673
v -0.16371109 -0.010406283 0.012862109
v -0.17184012 -0.014729562 0.014990889
v -0.16317643 -0.010549989 0.012339558
v -0.16294114 -0.0119152665 0.010867835
v -0.16335012 -0.012500777 0.010604288
v -0.1622119 -0.012836296 0.009467126
v -0.17145866 -0.01694285 0.0126050385
v -0.1715731 -0.016278658 0.013320996
v -0.17059037 -0.01792538 0.015005727
v -0.16146788 -0.015654732 0.013831016
v -0.16101857 -0.015136811 0.014163725
v -0.17097183 -0.015712084 0.017391594
v -0.17184012 -0.014729562 0.014990889
v -0.17195457 -0.014065368 0.01570688
v -0.17085735 -0.016376276 0.016675634
v -0.16182886 -0.013560234 0.016088853
v -0.16088134 -0.012435564 0.016827373
v -0.16371109 -0.010406283 0.012862109
v -0.16030635 -0.012646884 0.016374001
v -0.16125385 -0.013771542 0.015635448
v -0.16317643 -0.010549989 0.012339558
v -0.16294114 -0.0119152665 0.010867835
v -0.16101857 -0.015136811 0.014163725
v -0.15979467 -0.0156158935 0.013173469
v -0.16146788 -0.015654732 0.013831016
v -0.16024396 -0.01613381 0.012840759
v -0.17047592 -0.018589567 0.014289752
v -0.17059037 -0.01792538 0.015005727
v -0.1622119 -0.012836296 0.009467126
v -0.16180292 -0.012250761 0.009730673
v -0.17145866 -0.01694285 0.0126050385
v -0.1715731 -0.016278658 0.013320996
v -0.12694232 -0.0117236925 0.030905342
v -0.12694232 -0.008161657 0.02884877
v -0.12694232 -0.008161653 0.032961898
v -0.12694232 -0.0045996 0.030905342
v -0.1264224 -0.008161652 0.033376887
v -0.12642242 -0.00424021 0.031112837
v -0.1215296 -0.008161644 0.037282407
v -0.12694232 -0.0045996085 0.026792265
v -0.1215296 -0.00085792487 0.033065613
v -0.12100971 -0.008161644 0.037697393
v -0.12642242 -0.0042402185 0.02658477
v -0.12694232 -0.008161644 0.024735674
v -0.12694234 -0.011723698 0.02679223
v -0.1264224 -0.008161644 0.024320688
v -0.1215296 -0.00085792545 0.024631979
v -0.1215296 -0.008161644 0.020415168
v -0.12100971 -0.00049853476 0.03327311
v -0.120363526 -0.008161644 0.037421763
v -0.12100971 -0.00049853476 0.024424484
v -0.12100971 -0.008161644 0.020000184
v -0.120363526 -0.0007372357 0.03313529
v -0.11428211 -0.008161648 0.034827773
v -0.120363526 -0.00073723693 0.0245623
v -0.120363526 -0.008161644 0.020275809
v -0.11428211 -0.0029836935 0.031838294
v -0.11363592 -0.008161648 0.034552146
v -0.11363592 -0.0032223943 0.031700473
v -0.11428212 -0.0029837086 0.0258593
v -0.11428212 -0.008161652 0.022869818
v -0.11363593 -0.0032224115 0.025997115
v -0.113635935 -0.008161653 0.023145445
v -0.11363592 -0.013100896 0.031700473
v -0.11428211 -0.008161648 0.034827773
v -0.11363592 -0.008161648 0.034552146
v -0.11428211 -0.013339597 0.031838287
v -0.11363593 -0.013100896 0.025997115
v -0.120363526 -0.008161644 0.037421763
v -0.11428212 -0.013339597 0.025859304
v -0.113635935 -0.008161653 0.023145445
v -0.11428212 -0.008161652 0.022869818
v -0.120363526 -0.015586076 0.03313528
v -0.12100971 -0.008161644 0.037697393
v -0.120363526 -0.015586059 0.024562312
v -0.120363526 -0.008161644 0.020275809
v -0.12100972 -0.015824778 0.033273093
v -0.1215296 -0.008161644 0.037282407
v -0.12100971 -0.015824758 0.0244245
v -0.12100971 -0.008161644 0.020000184
v -0.12152962 -0.015465389 0.0330656
v -0.1264224 -0.008161652 0.033376887
v -0.121529594 -0.01546537 0.02463199
v -0.1215296 -0.008161644 0.020415168
v -0.12642242 -0.012083085 0.031112837
v -0.12694232 -0.008161653 0.032961898
v -0.12694232 -0.0117236925 0.030905342
v -0.12642244 -0.012083087 0.026584739
v -0.1264224 -0.008161644 0.024320688
v -0.12694234 -0.011723698 0.02679223
v -0.12694232 -0.008161644 0.024735674
v -0.11363592 -0.0032223943 0.031700473
v -0.11324337 -0.008161649 0.034792222
v -0.11363592 -0.008161648 0.034552146
v -0.11324337 -0.0030144816 0.031820517
v -0.11363593 -0.0032224115 0.025997115
v -0.11177285 -0.008161652 0.035691567
v -0.11324338 -0.0030144935 0.025877077
v -0.113635935 -0.008161653 0.023145445
v -0.11324338 -0.008161652 0.02290537
v -0.11177285 -0.0022356326 0.032270182
v -0.1113803 -0.008161653 0.03593164
v -0.11177284 -0.0022356287 0.025427409
v -0.11177284 -0.008161646 0.022006027
v -0.1113803 -0.0020277197 0.032390226
v -0.11098253 -0.008161652 0.035666917
v -0.11138029 -0.0020277111 0.025307368
v -0.11138028 -0.008161644 0.021765955
v -0.11098253 -0.0022569746 0.032257862
v -0.108495034 -0.008161646 0.03401143
v -0.11098252 -0.0022569664 0.02543973
v -0.11098252 -0.008161644 0.022030672
v -0.108495034 -0.0036906593 0.03143012
v -0.10809726 -0.008161644 0.0337467
v -0.10849505 -0.0036906505 0.026267476
v -0.108495034 -0.008161648 0.023686154
v -0.10809726 -0.003919914 0.031297762
v -0.1073948 -0.008161646 0.034277175
v -0.108097285 -0.003919906 0.026399834
v -0.10809726 -0.008161648 0.023950877
v -0.1073948 -0.0034605162 0.031563
v -0.10195971 -0.00816166 0.03838148
v -0.10739481 -0.003460509 0.0261346
v -0.1073948 -0.008161649 0.023420405
v -0.10195971 9.3890274E-05 0.03361515
v -0.10125724 -0.008161661 0.038911946
v -0.101959735 9.388362E-05 0.024082448
v -0.101959735 -0.008161652 0.019316101
v -0.10125724 0.0005532882 0.033880387
v -0.10023531 -0.008161661 0.03885699
v -0.101257265 0.00055327977 0.02381721
v -0.101257265 -0.008161653 0.01878563
v -0.10023531 0.0005056929 0.033852905
v -0.04046861 -0.008161653 0.03564281
v -0.10023533 0.0005056845 0.023844693
v -0.10023533 -0.008161653 0.018840589
v -0.0404686 -0.0022778653 0.032245804
v -0.039446674 -0.008161653 0.035587847
v -0.040468596 -0.002277874 0.025451787
v -0.04046859 -0.008161644 0.022054784
v -0.039446663 -0.0023254608 0.032218326
v -0.0389426 -0.008161656 0.03517768
v -0.039446663 -0.0023254692 0.025479266
v -0.039446656 -0.008161644 0.02210974
v -0.038942598 -0.002680681 0.032013237
v -0.03666333 -0.008161664 0.033322997
v -0.038942594 -0.0026806854 0.02568435
v -0.038942594 -0.008161647 0.022519905
v -0.036663335 -0.0042868946 0.031085888
v -0.036159262 -0.008161665 0.03291283
v -0.03666333 -0.004286882 0.026611686
v -0.03666333 -0.008161656 0.024374574
v -0.036159273 -0.004642114 0.030880803
v -0.035655193 -0.008161665 0.033310547
v -0.036159262 -0.0046420977 0.02681677
v -0.036159262 -0.008161657 0.02478474
v -0.0356552 -0.0042976784 0.031079661
v -0.03337592 -0.008161661 0.035108913
v -0.035655193 -0.0042976653 0.02661791
v -0.035655193 -0.008161656 0.024387028
v -0.033375934 -0.002740229 0.03197885
v -0.03287185 -0.008161661 0.035506625
v -0.03337592 -0.0027402337 0.02571874
v -0.033375926 -0.008161653 0.022588678
v -0.032871865 -0.002395793 0.032177713
v -0.032051783 -0.008161661 0.035496492
v -0.03287185 -0.0023958017 0.025519878
v -0.032871865 -0.008161653 0.022190964
v -0.032051794 -0.0024045673 0.032172646
v -0.020984259 -0.00816167 0.035359774
v -0.032051783 -0.0024045752 0.025524942
v -0.032051794 -0.008161654 0.022201095
v -0.02098426 -0.0025229815 0.032104276
v -0.020164192 -0.00816167 0.03534964
v -0.02098426 -0.002522982 0.025593285
v -0.02098427 -0.008161665 0.022337802
v -0.020164192 -0.0025317562 0.03209921
v -0.01975309 -0.00816167 0.035007372
v -0.020164192 -0.0025317562 0.025598349
v -0.020164201 -0.008161665 0.02234793
v -0.019753091 -0.0028281696 0.031928077
v -0.017894192 -0.00816167 0.033459716
v -0.01975309 -0.0028281696 0.025769485
v -0.019753095 -0.008161665 0.022690201
v -0.0178942 -0.0041684774 0.031154262
v -0.017483091 -0.00816167 0.03311744
v -0.017894192 -0.0041684774 0.026543323
v -0.017894201 -0.008161665 0.024237858
v -0.017483098 -0.0044648913 0.030983128
v -0.016818292 -0.00816167 0.03344642
v -0.017483091 -0.0044648913 0.02671446
v -0.017483098 -0.008161665 0.024580128
v -0.016818296 -0.0041799876 0.031147616
v -0.01381224 -0.008161666 0.034933973
v -0.016818289 -0.0041799867 0.026549973
v -0.016818296 -0.008161663 0.024251148
v -0.013812241 -0.0028917277 0.031891387
v -0.01314744 -0.008161665 0.03526295
v -0.013812233 -0.0028917205 0.025806207
v -0.013812234 -0.008161652 0.022763576
v -0.01314744 -0.002606824 0.032055877
v -0.012110088 -0.008161665 0.035243716
v -0.013147431 -0.0026068157 0.025641719
v -0.0131474305 -0.008161648 0.022434596
v -0.012110088 -0.0026234798 0.032046255
v 0.23527974 -0.008161674 0.030657116
v -0.01211008 -0.0026234717 0.02565134
v -0.012110059 -0.008161648 0.022453824
v 0.23527974 -0.0065956064 0.029752957
v 0.2363171 -0.008161674 0.030637888
v 0.23527972 -0.0065955985 0.027944636
v 0.23527974 -0.008161691 0.027040407
v 0.2363171 -0.006612263 0.029743342
v 0.23775096 -0.008161679 0.02884878
v 0.2363171 -0.0066122543 0.02795425
v 0.2363171 -0.008161691 0.027059643
v -0.11363593 -0.013100896 0.025997115
v -0.11324338 -0.008161652 0.02290537
v -0.113635935 -0.008161653 0.023145445
v -0.11324338 -0.013308807 0.025877077
v -0.11363592 -0.013100896 0.031700473
v -0.11177284 -0.008161646 0.022006027
v -0.11324337 -0.01330881 0.03182051
v -0.11363592 -0.008161648 0.034552146
v -0.11324337 -0.008161649 0.034792222
v -0.11177285 -0.0140876565 0.025427409
v -0.11138028 -0.008161644 0.021765955
v -0.11177286 -0.014087665 0.03227017
v -0.11177285 -0.008161652 0.035691567
v -0.1113803 -0.014295571 0.025307368
v -0.11098252 -0.008161644 0.022030672
v -0.11138031 -0.014295579 0.032390207
v -0.1113803 -0.008161653 0.03593164
v -0.11098253 -0.014066313 0.02543973
v -0.108495034 -0.008161648 0.023686154
v -0.11098254 -0.014066322 0.032257847
v -0.11098253 -0.008161652 0.035666917
v -0.10849503 -0.012632622 0.026267476
v -0.10809726 -0.008161648 0.023950877
v -0.108495034 -0.012632631 0.031430107
v -0.108495034 -0.008161646 0.03401143
v -0.108097255 -0.012403366 0.026399834
v -0.1073948 -0.008161649 0.023420405
v -0.10809726 -0.012403375 0.031297743
v -0.10809726 -0.008161644 0.0337467
v -0.107394785 -0.012862768 0.0261346
v -0.101959735 -0.008161652 0.019316101
v -0.1073948 -0.012862776 0.03156298
v -0.1073948 -0.008161646 0.034277175
v -0.10195972 -0.016417192 0.024082448
v -0.101257265 -0.008161653 0.01878563
v -0.10195971 -0.016417194 0.033615135
v -0.10195971 -0.00816166 0.03838148
v -0.10125726 -0.016876593 0.02381721
v -0.10023533 -0.008161653 0.018840589
v -0.10125724 -0.016876593 0.03388037
v -0.10125724 -0.008161661 0.038911946
v -0.10023531 -0.016829 0.023844693
v -0.04046859 -0.008161644 0.022054784
v -0.10023531 -0.016829 0.03385289
v -0.10023531 -0.008161661 0.03885699
v -0.040468607 -0.014045449 0.025451802
v -0.039446656 -0.008161644 0.02210974
v -0.04046859 -0.014045452 0.032245804
v -0.04046861 -0.008161653 0.03564281
v -0.039446674 -0.013997853 0.025479283
v -0.038942594 -0.008161647 0.022519905
v -0.039446656 -0.013997857 0.032218326
v -0.039446674 -0.008161653 0.035587847
v -0.0389426 -0.013642636 0.025684364
v -0.03666333 -0.008161656 0.024374574
v -0.038942587 -0.01364264 0.032013237
v -0.0389426 -0.008161656 0.03517768
v -0.03666333 -0.012036434 0.026611686
v -0.036159262 -0.008161657 0.02478474
v -0.036663324 -0.012036441 0.031085888
v -0.03666333 -0.008161664 0.033322997
v -0.036159262 -0.011681218 0.02681677
v -0.035655193 -0.008161656 0.024387028
v -0.03615926 -0.011681226 0.030880803
v -0.036159262 -0.008161665 0.03291283
v -0.035655193 -0.012025648 0.026617913
v -0.033375926 -0.008161653 0.022588678
v -0.03565518 -0.012025654 0.031079661
v -0.035655193 -0.008161665 0.033310547
v -0.03337592 -0.013583075 0.02571875
v -0.032871865 -0.008161653 0.022190964
v -0.03337592 -0.013583078 0.03197885
v -0.03337592 -0.008161661 0.035108913
v -0.03287185 -0.013927509 0.025519894
v -0.032051794 -0.008161654 0.022201095
v -0.03287185 -0.013927509 0.032177713
v -0.03287185 -0.008161661 0.035506625
v -0.032051783 -0.013918736 0.025524957
v -0.02098427 -0.008161665 0.022337802
v -0.032051783 -0.013918736 0.032172646
v -0.032051783 -0.008161661 0.035496492
v -0.02098426 -0.013800332 0.025593285
v -0.020164201 -0.008161665 0.02234793
v -0.020984253 -0.013800332 0.032104276
v -0.020984259 -0.00816167 0.035359774
v -0.020164192 -0.013791559 0.025598349
v -0.019753095 -0.008161665 0.022690201
v -0.020164184 -0.013791559 0.03209921
v -0.020164192 -0.00816167 0.03534964
v -0.019753093 -0.0134951435 0.025769485
v -0.017894201 -0.008161665 0.024237858
v -0.01975308 -0.013495144 0.031928077
v -0.01975309 -0.00816167 0.035007372
v -0.017894207 -0.012154836 0.026543323
v -0.017483098 -0.008161665 0.024580128
v -0.017894184 -0.0121548455 0.031154262
v -0.017894192 -0.00816167 0.033459716
v -0.017483106 -0.011858422 0.02671446
v -0.016818296 -0.008161663 0.024251148
v -0.017483084 -0.011858431 0.030983128
v -0.017483091 -0.00816167 0.03311744
v -0.016818304 -0.012143327 0.026549973
v -0.013812234 -0.008161652 0.022763576
v -0.016818285 -0.012143336 0.031147616
v -0.016818292 -0.00816167 0.03344642
v -0.0138122365 -0.013431585 0.025806192
v -0.0131474305 -0.008161648 0.022434596
v -0.013812237 -0.01343161 0.031891387
v -0.01381224 -0.008161666 0.034933973
v -0.013147431 -0.013716491 0.025641702
v -0.012110059 -0.008161648 0.022453824
v -0.01314744 -0.013716515 0.032055877
v -0.01314744 -0.008161665 0.03526295
v -0.01211008 -0.013699834 0.025651323
v 0.23527974 -0.008161691 0.027040407
v -0.012110088 -0.013699859 0.032046255
v -0.012110088 -0.008161665 0.035243716
v 0.23527972 -0.009727732 0.027944602
v 0.2363171 -0.008161691 0.027059643
v 0.23527974 -0.009727741 0.029752957
v 0.23527974 -0.008161674 0.030657116
v 0.2363171 -0.0097110765 0.027954217
v 0.23775096 -0.008161679 0.02884878
v 0.2363171 -0.009711086 0.029743342
v 0.2363171 -0.008161674 0.030637888
v -0.1390237 -0.008164601 0.039612662
v -0.12778717 -0.0067981333 0.030317903
v -0.12778758 -0.008164597 0.031950343
v -0.1277868 -0.008164588 0.028951833
v -0.1390233 -0.0067981333 0.03802805
v -0.15472113 -0.008164588 0.028951814
v -0.15237045 -0.0067981333 0.02895183
v -0.15001978 -0.0067981333 0.02895183
v -0.1390237 -0.008164588 0.01829097
v -0.13902333 -0.006798125 0.019875597
v -0.12778756 -0.00816458 0.025953306
v -0.12778717 -0.0067981333 0.027585732
v -0.13902293 -0.0067981165 0.03644344
v -0.1277868 -0.0067981333 0.028951833
v -0.12836622 -0.006798125 0.028951816
v -0.13902293 -0.0067981165 0.02146021
v -0.12836622 -0.009531044 0.028951816
v -0.13902292 -0.009531053 0.03644344
v -0.13902293 -0.009531044 0.021460194
v -0.15001978 -0.009531053 0.028951814
v -0.1390237 -0.008164601 0.039612662
v -0.15237045 -0.009531053 0.02895183
v -0.15472113 -0.008164588 0.028951814
v -0.1390237 -0.008164588 0.01829097
v -0.1390233 -0.009531048 0.03802805
v -0.12778758 -0.008164597 0.031950343
v -0.13902332 -0.009531048 0.019875597
v -0.12778756 -0.00816458 0.025953306
v -0.12778717 -0.009531053 0.030317903
v -0.1277868 -0.008164588 0.028951833
v -0.15001978 -0.009531053 0.028951814
v -0.13902292 -0.009531053 0.03644344
v -0.13902293 -0.009531044 0.021460194
v -0.12836622 -0.009531044 0.028951816
v -0.12778717 -0.009531053 0.027585732
v -0.1277868 -0.009531053 0.028951833
v -0.17440145 -0.0038202154 0.0037235406
v -0.22676581 -0.023412699 0.013526935
v -0.17642644 -0.0037747403 0.0033575865
v -0.17410016 -0.0036266563 0.002743951
v -0.17617004 -0.0035662078 0.002356984
v -0.227982 -0.0247226 0.014547659
v -0.22741458 -0.023557283 0.012709175
v -0.17628269 -0.0046090554 0.0024582136
v -0.22662207 -0.024247015 0.012627578
v -0.17425768 -0.004654547 0.0028241505
v -0.17241316 -0.004430974 0.0037598296
v -0.2278382 -0.025556913 0.013648302
v -0.17275818 -0.004586932 0.0046974937
v -0.22864416 -0.024904866 0.013762722
v -0.1726144 -0.0054212385 0.003798138
v -0.22826229 -0.026239693 0.015910195
v -0.2281185 -0.027074002 0.015010838
v -0.22891526 -0.026473083 0.015174148
v -0.16033493 -0.024669634 0.024465531
v -0.2166358 -0.04572148 0.035841573
v -0.21649201 -0.04655578 0.034942184
v -0.16098791 -0.02490302 0.023729486
v -0.16113168 -0.024068706 0.024628842
v -0.16060607 -0.026237847 0.025876958
v -0.21683706 -0.04671175 0.035879847
v -0.16126819 -0.026420116 0.025092019
v -0.161412 -0.025585806 0.02599141
v -0.21484876 -0.04732248 0.03591614
v -0.21499252 -0.04648818 0.036815513
v -0.16183564 -0.027585441 0.026930505
v -0.16248436 -0.027730007 0.026112745
v -0.21515003 -0.047516063 0.036895726
v -0.16262814 -0.026895694 0.0270121
v -0.21282373 -0.047367956 0.03628209
v -0.21308015 -0.047576517 0.037282713
v -0.21296753 -0.046533655 0.037181463
v -0.16279125 0.0041336957 -0.004715571
v -0.21260302 0.010469449 -0.031185385
v -0.16395524 0.0050548385 -0.006141533
v -0.16191073 0.00411778 -0.0052743107
v -0.16308725 0.005071057 -0.00673885
v -0.21457128 0.00989693 -0.031371895
v -0.21260974 0.010583044 -0.03223301
v -0.16362703 0.004194741 -0.0069650467
v -0.21227482 0.009609376 -0.032008883
v -0.16246305 0.0032736063 -0.005539069
v -0.16166852 0.0027051768 -0.0037024182
v -0.21424307 0.009036858 -0.03219541
v -0.16253944 0.0027718581 -0.0031928553
v -0.21462181 0.009984659 -0.032409932
v -0.16221124 0.0019117607 -0.004016369
v -0.21617836 0.008741985 -0.03080616
v -0.21585016 0.007881897 -0.031629656
v -0.21627194 0.008782674 -0.031812247
v -0.17367862 -0.01959822 0.014805102
v -0.22773933 -0.012727302 -0.012990756
v -0.2274111 -0.013587387 -0.0138142705
v -0.17377217 -0.01955754 0.013799031
v -0.17410037 -0.018697452 0.014622546
v -0.17532875 -0.020800201 0.015402839
v -0.22828202 -0.013520719 -0.013304691
v -0.17537925 -0.020712491 0.0143647855
v -0.17570747 -0.019852404 0.015188283
v -0.22715929 -0.014949237 -0.012291554
v -0.2274875 -0.014089161 -0.011468041
v -0.1773408 -0.021398585 0.015225901
v -0.17734754 -0.021284984 0.014178277
v -0.22803983 -0.014933321 -0.011732832
v -0.17767574 -0.020424914 0.015001757
v -0.2259953 -0.015870385 -0.010865592
v -0.22686332 -0.015886612 -0.010268277
v -0.22632353 -0.015010295 -0.010042095
vt 0.9501953 0.0513916
vt 0.9506836 0.050994873
vt 0.95166016 0.049957275
vt 0.9511719 0.050354004
vt 0.953125 0.051116943
vt 0.9526367 0.051513672
vt 0.95166016 0.051635742
vt 0.95166016 0.052520752
vt 0.95166016 0.052520752
vt 0.9506836 0.050994873
vt 0.9501953 0.0513916
vt 0.95214844 0.052124023
vt 0.9526367 0.051513672
vt 0.953125 0.051116943
vt 0.95166016 0.050872803
vt 0.95166016 0.049957275
vt 0.9477539 0.047790527
vt 0.9482422 0.0473938
vt 0.94970703 0.048339844
vt 0.94921875 0.048736572
vt 0.9506836 0.050994873
vt 0.9501953 0.0513916
vt 0.94921875 0.04977417
vt 0.94921875 0.050445557
vt 0.94921875 0.050445557
vt 0.9482422 0.0473938
vt 0.9477539 0.047790527
vt 0.94921875 0.050048828
vt 0.9501953 0.0513916
vt 0.9506836 0.050994873
vt 0.94970703 0.04901123
vt 0.94970703 0.048339844
vt 0.9458008 0.04269409
vt 0.94628906 0.042297363
vt 0.9477539 0.04434204
vt 0.9472656 0.04473877
vt 0.9482422 0.0473938
vt 0.9477539 0.047790527
vt 0.94677734 0.045410156
vt 0.94677734 0.04574585
vt 0.94677734 0.04574585
vt 0.94628906 0.042297363
vt 0.9458008 0.04269409
vt 0.94677734 0.04534912
vt 0.9477539 0.047790527
vt 0.9482422 0.0473938
vt 0.9472656 0.044647217
vt 0.9477539 0.04434204
vt 0.953125 0.046691895
vt 0.953125 0.046295166
vt 0.9536133 0.049316406
vt 0.953125 0.049713135
vt 0.953125 0.051116943
vt 0.9526367 0.051513672
vt 0.9526367 0.04928589
vt 0.9526367 0.04849243
vt 0.9526367 0.04849243
vt 0.953125 0.046295166
vt 0.953125 0.046691895
vt 0.9526367 0.048095703
vt 0.9526367 0.051513672
vt 0.953125 0.051116943
vt 0.953125 0.04852295
vt 0.9536133 0.049316406
vt 0.95214844 0.04095459
vt 0.95214844 0.04055786
vt 0.953125 0.04336548
vt 0.953125 0.043762207
vt 0.953125 0.046295166
vt 0.953125 0.046691895
vt 0.9526367 0.044006348
vt 0.95214844 0.043884277
vt 0.95214844 0.043884277
vt 0.95214844 0.04055786
vt 0.95214844 0.04095459
vt 0.95214844 0.04348755
vt 0.953125 0.046691895
vt 0.953125 0.046295166
vt 0.953125 0.04324341
vt 0.953125 0.04336548
vt 0.9501953 0.035827637
vt 0.9501953 0.03543091
vt 0.95166016 0.037475586
vt 0.9511719 0.037872314
vt 0.95214844 0.04055786
vt 0.95214844 0.04095459
vt 0.9506836 0.03857422
vt 0.9506836 0.038879395
vt 0.9506836 0.038879395
vt 0.9501953 0.03543091
vt 0.9501953 0.035827637
vt 0.9511719 0.038482666
vt 0.95214844 0.04095459
vt 0.95214844 0.04055786
vt 0.9511719 0.03778076
vt 0.95166016 0.037475586
vt 0.9433594 0.026992798
vt 0.9433594 0.02659607
vt 0.94384766 0.02960205
vt 0.94384766 0.02999878
vt 0.9433594 0.031402588
vt 0.9428711 0.031799316
vt 0.9428711 0.029586792
vt 0.9428711 0.028793335
vt 0.9428711 0.028793335
vt 0.9433594 0.02659607
vt 0.9433594 0.026992798
vt 0.9428711 0.028396606
vt 0.9428711 0.031799316
vt 0.9433594 0.031402588
vt 0.9433594 0.028808594
vt 0.94384766 0.02960205
vt 0.9428711 0.031799316
vt 0.9433594 0.031402588
vt 0.94433594 0.034210205
vt 0.94384766 0.034606934
vt 0.94433594 0.03717041
vt 0.94384766 0.03756714
vt 0.9433594 0.034851074
vt 0.9428711 0.034729004
vt 0.9428711 0.034729004
vt 0.9433594 0.031402588
vt 0.9428711 0.031799316
vt 0.9433594 0.034332275
vt 0.94384766 0.03756714
vt 0.94433594 0.03717041
vt 0.94384766 0.034088135
vt 0.94433594 0.034210205
vt 0.94384766 0.03756714
vt 0.94433594 0.03717041
vt 0.9458008 0.039215088
vt 0.9453125 0.039611816
vt 0.94628906 0.042297363
vt 0.9458008 0.04269409
vt 0.9448242 0.04031372
vt 0.9448242 0.040618896
vt 0.9448242 0.040618896
vt 0.94433594 0.03717041
vt 0.94384766 0.03756714
vt 0.9448242 0.040222168
vt 0.9458008 0.04269409
vt 0.94628906 0.042297363
vt 0.9453125 0.039520264
vt 0.9458008 0.039215088
vt 0.94433594 0.02557373
vt 0.9433594 0.026992798
vt 0.9433594 0.02659607
vt 0.94433594 0.025970459
vt 0.9458008 0.02671814
vt 0.9458008 0.027114868
vt 0.94433594 0.027236938
vt 0.9448242 0.028137207
vt 0.9433594 0.02659607
vt 0.9433594 0.026992798
vt 0.9448242 0.028137207
vt 0.9448242 0.027740479
vt 0.9458008 0.027114868
vt 0.9458008 0.02671814
vt 0.9448242 0.026473999
vt 0.94433594 0.02557373
vt 0.9458008 0.027114868
vt 0.9458008 0.02671814
vt 0.9472656 0.027664185
vt 0.94677734 0.028060913
vt 0.9482422 0.030303955
vt 0.9482422 0.030700684
vt 0.94677734 0.02909851
vt 0.94677734 0.029754639
vt 0.94677734 0.029754639
vt 0.9458008 0.02671814
vt 0.9458008 0.027114868
vt 0.94677734 0.02935791
vt 0.9482422 0.030700684
vt 0.9482422 0.030303955
vt 0.9472656 0.028320312
vt 0.9472656 0.027664185
vt 0.9482422 0.030700684
vt 0.9482422 0.030303955
vt 0.94970703 0.032348633
vt 0.94921875 0.03274536
vt 0.9501953 0.03543091
vt 0.9501953 0.035827637
vt 0.94873047 0.033447266
vt 0.94873047 0.03375244
vt 0.94873047 0.03375244
vt 0.9482422 0.030303955
vt 0.9482422 0.030700684
vt 0.94921875 0.033355713
vt 0.9501953 0.035827637
vt 0.9501953 0.03543091
vt 0.94921875 0.032684326
vt 0.94970703 0.032348633
vt 0.94189453 0.020935059
vt 0.9428711 0.03149414
vt 0.94140625 0.021881104
vt 0.94433594 0.02960205
vt 0.94433594 0.029907227
vt 0.9433594 0.031829834
vt 0.94433594 0.030700684
vt 0.9458008 0.028762817
vt 0.94433594 0.028366089
vt 0.9423828 0.02067566
vt 0.9448242 0.028671265
vt 0.9453125 0.028152466
vt 0.9453125 0.027572632
vt 0.9458008 0.028182983
vt 0.9433594 0.019836426
vt 0.9428711 0.020080566
vt 0.9423828 0.02104187
vt 0.94384766 0.029388428
vt 0.94384766 0.02999878
vt 0.9433594 0.019836426
vt 0.9428711 0.020080566
vt 0.9423828 0.02104187
vt 0.9423828 0.02078247
vt 0.9458008 0.028182983
vt 0.94384766 0.029388428
vt 0.94433594 0.030090332
vt 0.94433594 0.030700684
vt 0.9458008 0.028762817
vt 0.94384766 0.02999878
vt 0.9433594 0.031829834
vt 0.9433594 0.030517578
vt 0.9453125 0.028152466
vt 0.9448242 0.028671265
vt 0.94433594 0.028366089
vt 0.9428711 0.030181885
vt 0.9428711 0.03149414
vt 0.9423828 0.02067566
vt 0.94140625 0.021881104
vt 0.94189453 0.020935059
vt 0.94140625 0.021621704
vt 0.9482422 0.031921387
vt 0.94873047 0.022094727
vt 0.9477539 0.021148682
vt 0.94677734 0.02999878
vt 0.94677734 0.030517578
vt 0.9482422 0.032470703
vt 0.94677734 0.032958984
vt 0.9453125 0.03100586
vt 0.94677734 0.029159546
vt 0.9477539 0.021255493
vt 0.94628906 0.029678345
vt 0.9458008 0.029907227
vt 0.9458008 0.029510498
vt 0.9453125 0.03060913
vt 0.94677734 0.021621704
vt 0.94677734 0.021514893
vt 0.9477539 0.022476196
vt 0.9472656 0.031341553
vt 0.9472656 0.0317688
vt 0.94873047 0.022094727
vt 0.9477539 0.021255493
vt 0.9477539 0.021148682
vt 0.9482422 0.022216797
vt 0.9482422 0.0309906
vt 0.9482422 0.031921387
vt 0.94677734 0.029159546
vt 0.9482422 0.032470703
vt 0.9477539 0.031555176
vt 0.94628906 0.029678345
vt 0.9458008 0.029907227
vt 0.9472656 0.0317688
vt 0.94677734 0.032958984
vt 0.9472656 0.031341553
vt 0.94677734 0.03253174
vt 0.9472656 0.022583008
vt 0.9477539 0.022476196
vt 0.9453125 0.03060913
vt 0.9453125 0.03100586
vt 0.94677734 0.021621704
vt 0.94677734 0.021514893
vt 0.9760742 0.04510498
vt 0.97509766 0.04510498
vt 0.9770508 0.04510498
vt 0.9760742 0.04510498
vt 0.9770508 0.045715332
vt 0.9760742 0.045715332
vt 0.9790039 0.051696777
vt 0.9741211 0.04510498
vt 0.9770508 0.051696777
vt 0.9790039 0.052337646
vt 0.9741211 0.045715332
vt 0.97314453 0.04510498
vt 0.9741211 0.04510498
vt 0.97314453 0.045715332
vt 0.97314453 0.051696777
vt 0.9711914 0.051696777
vt 0.9770508 0.052337646
vt 0.9790039 0.053131104
vt 0.97314453 0.052337646
vt 0.9711914 0.052337646
vt 0.9770508 0.053131104
vt 0.97802734 0.060577393
vt 0.97314453 0.053131104
vt 0.9711914 0.053131104
vt 0.9765625 0.060577393
vt 0.97753906 0.06137085
vt 0.9765625 0.06137085
vt 0.9736328 0.060577393
vt 0.97265625 0.060577393
vt 0.9736328 0.06137085
vt 0.97265625 0.06137085
vt 0.9765625 0.06137085
vt 0.97802734 0.060577393
vt 0.97753906 0.06137085
vt 0.9765625 0.060577393
vt 0.9736328 0.06137085
vt 0.9790039 0.053131104
vt 0.9736328 0.060577393
vt 0.97265625 0.06137085
vt 0.97265625 0.060577393
vt 0.9770508 0.053131104
vt 0.9790039 0.052337646
vt 0.97314453 0.053131104
vt 0.9711914 0.053131104
vt 0.9770508 0.052337646
vt 0.9790039 0.051696777
vt 0.97314453 0.052337646
vt 0.9711914 0.052337646
vt 0.9770508 0.051696777
vt 0.9770508 0.045715332
vt 0.97314453 0.051696777
vt 0.9711914 0.051696777
vt 0.9760742 0.045715332
vt 0.9770508 0.04510498
vt 0.9760742 0.04510498
vt 0.9741211 0.045715332
vt 0.97314453 0.045715332
vt 0.9741211 0.04510498
vt 0.97314453 0.04510498
vt 0.9765625 0.07977295
vt 0.97802734 0.08026123
vt 0.97753906 0.07977295
vt 0.9765625 0.08026123
vt 0.9736328 0.07977295
vt 0.97802734 0.08203125
vt 0.9736328 0.08026123
vt 0.97265625 0.07977295
vt 0.97265625 0.08026123
vt 0.9765625 0.08203125
vt 0.9785156 0.08251953
vt 0.9736328 0.08203125
vt 0.97216797 0.08203125
vt 0.9765625 0.08251953
vt 0.97802734 0.08300781
vt 0.9736328 0.08251953
vt 0.97216797 0.08251953
vt 0.9765625 0.08300781
vt 0.97753906 0.08605957
vt 0.9736328 0.08300781
vt 0.97216797 0.08300781
vt 0.9760742 0.08605957
vt 0.97753906 0.08654785
vt 0.9741211 0.08605957
vt 0.97265625 0.08605957
vt 0.9760742 0.08654785
vt 0.97753906 0.087402344
vt 0.9741211 0.08654785
vt 0.97314453 0.08654785
vt 0.9765625 0.087402344
vt 0.9794922 0.094055176
vt 0.9741211 0.087402344
vt 0.97265625 0.087402344
vt 0.97753906 0.094055176
vt 0.9794922 0.09490967
vt 0.97314453 0.094055176
vt 0.9707031 0.094055176
vt 0.97753906 0.09490967
vt 0.9794922 0.09613037
vt 0.97265625 0.09490967
vt 0.9707031 0.09490967
vt 0.97753906 0.09613037
vt 0.97802734 0.16918945
vt 0.97265625 0.09613037
vt 0.9707031 0.09613037
vt 0.9765625 0.16918945
vt 0.97802734 0.17041016
vt 0.9736328 0.16918945
vt 0.97216797 0.16918945
vt 0.9765625 0.17041016
vt 0.97802734 0.17114258
vt 0.9736328 0.17041016
vt 0.97216797 0.17041016
vt 0.9765625 0.17114258
vt 0.9770508 0.17407227
vt 0.9736328 0.17114258
vt 0.97216797 0.17114258
vt 0.9760742 0.17407227
vt 0.9770508 0.17468262
vt 0.9741211 0.17407227
vt 0.97314453 0.17407227
vt 0.9760742 0.17468262
vt 0.9770508 0.17529297
vt 0.9741211 0.17468262
vt 0.97314453 0.17468262
vt 0.9760742 0.17529297
vt 0.97802734 0.17785645
vt 0.9741211 0.17529297
vt 0.97314453 0.17529297
vt 0.9765625 0.17785645
vt 0.97802734 0.1784668
vt 0.9736328 0.17785645
vt 0.97216797 0.17785645
vt 0.9765625 0.1784668
vt 0.97802734 0.17944336
vt 0.9736328 0.1784668
vt 0.97216797 0.1784668
vt 0.9765625 0.17944336
vt 0.97802734 0.19299316
vt 0.9736328 0.17944336
vt 0.97216797 0.17944336
vt 0.9765625 0.19299316
vt 0.97802734 0.19396973
vt 0.9736328 0.19299316
vt 0.97216797 0.19299316
vt 0.9765625 0.19396973
vt 0.97802734 0.19445801
vt 0.9736328 0.19396973
vt 0.97216797 0.19396973
vt 0.9765625 0.19445801
vt 0.9770508 0.19677734
vt 0.9736328 0.19445801
vt 0.97216797 0.19445801
vt 0.9760742 0.19677734
vt 0.9770508 0.19726562
vt 0.9741211 0.19677734
vt 0.97314453 0.19677734
vt 0.9760742 0.19726562
vt 0.9770508 0.19812012
vt 0.9741211 0.19726562
vt 0.97314453 0.19726562
vt 0.9760742 0.19812012
vt 0.97802734 0.20178223
vt 0.9741211 0.19812012
vt 0.97314453 0.19812012
vt 0.9765625 0.20178223
vt 0.97802734 0.20263672
vt 0.9736328 0.20178223
vt 0.97216797 0.20178223
vt 0.9765625 0.20263672
vt 0.97802734 0.20385742
vt 0.9736328 0.20263672
vt 0.97216797 0.20263672
vt 0.9765625 0.20385742
vt 0.9760742 0.50634766
vt 0.9736328 0.20385742
vt 0.97216797 0.20385742
vt 0.97558594 0.50634766
vt 0.9760742 0.5073242
vt 0.9746094 0.50634766
vt 0.9741211 0.50634766
vt 0.97558594 0.5073242
vt 0.97509766 0.50927734
vt 0.9746094 0.5073242
vt 0.9741211 0.5073242
vt 0.9736328 0.07977295
vt 0.97265625 0.08026123
vt 0.97265625 0.07977295
vt 0.9736328 0.08026123
vt 0.9765625 0.07977295
vt 0.97216797 0.08203125
vt 0.9765625 0.08026123
vt 0.97753906 0.07977295
vt 0.97802734 0.08026123
vt 0.9736328 0.08203125
vt 0.97216797 0.08251953
vt 0.9765625 0.08203125
vt 0.97802734 0.08203125
vt 0.9736328 0.08251953
vt 0.97216797 0.08300781
vt 0.9765625 0.08251953
vt 0.9785156 0.08251953
vt 0.9736328 0.08300781
vt 0.97265625 0.08605957
vt 0.9765625 0.08300781
vt 0.97802734 0.08300781
vt 0.9741211 0.08605957
vt 0.97314453 0.08654785
vt 0.9760742 0.08605957
vt 0.97753906 0.08605957
vt 0.9741211 0.08654785
vt 0.97265625 0.087402344
vt 0.9760742 0.08654785
vt 0.97753906 0.08654785
vt 0.9741211 0.087402344
vt 0.9707031 0.094055176
vt 0.9765625 0.087402344
vt 0.97753906 0.087402344
vt 0.97314453 0.094055176
vt 0.9707031 0.09490967
vt 0.97753906 0.094055176
vt 0.9794922 0.094055176
vt 0.97265625 0.09490967
vt 0.9707031 0.09613037
vt 0.97753906 0.09490967
vt 0.9794922 0.09490967
vt 0.97265625 0.09613037
vt 0.97216797 0.16918945
vt 0.97753906 0.09613037
vt 0.9794922 0.09613037
vt 0.9736328 0.16918945
vt 0.97216797 0.17041016
vt 0.9765625 0.16918945
vt 0.97802734 0.16918945
vt 0.9736328 0.17041016
vt 0.97216797 0.17114258
vt 0.9765625 0.17041016
vt 0.97802734 0.17041016
vt 0.9736328 0.17114258
vt 0.97314453 0.17407227
vt 0.9765625 0.17114258
vt 0.97802734 0.17114258
vt 0.9741211 0.17407227
vt 0.97314453 0.17468262
vt 0.9760742 0.17407227
vt 0.9770508 0.17407227
vt 0.9741211 0.17468262
vt 0.97314453 0.17529297
vt 0.9760742 0.17468262
vt 0.9770508 0.17468262
vt 0.9741211 0.17529297
vt 0.97216797 0.17785645
vt 0.9760742 0.17529297
vt 0.9770508 0.17529297
vt 0.9736328 0.17785645
vt 0.97216797 0.1784668
vt 0.9765625 0.17785645
vt 0.97802734 0.17785645
vt 0.9736328 0.1784668
vt 0.97216797 0.17944336
vt 0.9765625 0.1784668
vt 0.97802734 0.1784668
vt 0.9736328 0.17944336
vt 0.97216797 0.19299316
vt 0.9765625 0.17944336
vt 0.97802734 0.17944336
vt 0.9736328 0.19299316
vt 0.97216797 0.19396973
vt 0.9765625 0.19299316
vt 0.97802734 0.19299316
vt 0.9736328 0.19396973
vt 0.97216797 0.19445801
vt 0.9765625 0.19396973
vt 0.97802734 0.19396973
vt 0.9736328 0.19445801
vt 0.97314453 0.19677734
vt 0.9765625 0.19445801
vt 0.97802734 0.19445801
vt 0.9741211 0.19677734
vt 0.97314453 0.19726562
vt 0.9760742 0.19677734
vt 0.9770508 0.19677734
vt 0.9741211 0.19726562
vt 0.97314453 0.19812012
vt 0.9760742 0.19726562
vt 0.9770508 0.19726562
vt 0.9741211 0.19812012
vt 0.97216797 0.20178223
vt 0.9760742 0.19812012
vt 0.9770508 0.19812012
vt 0.9736328 0.20178223
vt 0.97216797 0.20263672
vt 0.9765625 0.20178223
vt 0.97802734 0.20178223
vt 0.9736328 0.20263672
vt 0.97216797 0.20385742
vt 0.9765625 0.20263672
vt 0.97802734 0.20263672
vt 0.9736328 0.20385742
vt 0.9741211 0.50634766
vt 0.9765625 0.20385742
vt 0.97802734 0.20385742
vt 0.9746094 0.50634766
vt 0.9741211 0.5073242
vt 0.97558594 0.50634766
vt 0.9760742 0.50634766
vt 0.9746094 0.5073242
vt 0.97509766 0.50927734
vt 0.97558594 0.5073242
vt 0.9760742 0.5073242
vt 0.97998047 0.030319214
vt 0.97558594 0.044067383
vt 0.9765625 0.044067383
vt 0.97509766 0.044067383
vt 0.9794922 0.030319214
vt 0.97509766 0.011138916
vt 0.97509766 0.014007568
vt 0.97509766 0.01687622
vt 0.97021484 0.030319214
vt 0.9711914 0.030319214
vt 0.9736328 0.044067383
vt 0.9746094 0.044067383
vt 0.9785156 0.030319214
vt 0.97509766 0.044067383
vt 0.97509766 0.04336548
vt 0.9716797 0.030319214
vt 0.97509766 0.04336548
vt 0.9785156 0.030319214
vt 0.9716797 0.030319214
vt 0.97509766 0.01687622
vt 0.97998047 0.030319214
vt 0.97509766 0.014007568
vt 0.97509766 0.011138916
vt 0.97021484 0.030319214
vt 0.9794922 0.030319214
vt 0.9765625 0.044067383
vt 0.9711914 0.030319214
vt 0.9736328 0.044067383
vt 0.97558594 0.044067383
vt 0.97509766 0.044067383
vt 0.97509766 0.01687622
vt 0.9785156 0.030319214
vt 0.9716797 0.030319214
vt 0.97509766 0.04336548
vt 0.9746094 0.044067383
vt 0.97509766 0.044067383
vt 0.35864258 0.8173828
vt 0.36132812 0.6723633
vt 0.36132812 0.8125
vt 0.35864258 0.8173828
vt 0.36132812 0.8125
vt 0.35864258 0.66796875
vt 0.36132812 0.6723633
vt 0.36132812 0.8125
vt 0.36132812 0.6723633
vt 0.35864258 0.8173828
vt 0.35424805 0.8198242
vt 0.35864258 0.66796875
vt 0.35424805 0.8198242
vt 0.35864258 0.66796875
vt 0.35424805 0.8198242
vt 0.35424805 0.66503906
vt 0.35424805 0.66503906
vt 0.35424805 0.66503906
vt 0.2770996 0.8198242
vt 0.2770996 0.66503906
vt 0.2770996 0.66503906
vt 0.2770996 0.8198242
vt 0.2770996 0.8198242
vt 0.27270508 0.81689453
vt 0.2770996 0.66503906
vt 0.27270508 0.81689453
vt 0.27270508 0.81689453
vt 0.27270508 0.66748047
vt 0.27270508 0.66748047
vt 0.27001953 0.8125
vt 0.27001953 0.8125
vt 0.27270508 0.66748047
vt 0.27001953 0.8125
vt 0.27001953 0.671875
vt 0.27001953 0.671875
vt 0.27001953 0.671875
vt 0.25683594 0.9814453
vt 0.25952148 0.8364258
vt 0.25952148 0.9770508
vt 0.25683594 0.9814453
vt 0.25952148 0.9770508
vt 0.25683594 0.83203125
vt 0.25952148 0.8364258
vt 0.25952148 0.9770508
vt 0.25952148 0.8364258
vt 0.25683594 0.9814453
vt 0.25219727 0.9838867
vt 0.25683594 0.83203125
vt 0.25219727 0.9838867
vt 0.25683594 0.83203125
vt 0.25219727 0.9838867
vt 0.25219727 0.82910156
vt 0.25219727 0.82910156
vt 0.25219727 0.82910156
vt 0.1751709 0.9838867
vt 0.1751709 0.82910156
vt 0.1751709 0.82910156
vt 0.1751709 0.9838867
vt 0.1751709 0.9838867
vt 0.1706543 0.9814453
vt 0.1751709 0.82910156
vt 0.1706543 0.9814453
vt 0.1706543 0.9814453
vt 0.1706543 0.83154297
vt 0.1706543 0.83154297
vt 0.16796875 0.9765625
vt 0.16796875 0.9765625
vt 0.1706543 0.83154297
vt 0.16796875 0.9765625
vt 0.16796875 0.8364258
vt 0.16796875 0.8364258
vt 0.16796875 0.8364258
vn 0.3965424 -0.19470084 -0.8971319
vn -0.41627887 0.9024322 0.11103154
vn -0.9990069 0.018609188 0.040484816
vn -0.50621235 -0.646564 -0.5707049
vn -0.39701363 0.1947875 0.8969046
vn 0.41580236 -0.902725 -0.11043557
vn 0.47854897 -0.6467456 -0.5938947
vn 0.9989774 -0.018620558 -0.041198872
vn 0.9989774 -0.018620558 -0.041198872
vn -0.41627887 0.9024322 0.11103154
vn 0.3965424 -0.19470084 -0.8971319
vn 0.50601345 0.6469171 0.57048106
vn 0.41580236 -0.902725 -0.11043557
vn -0.39701363 0.1947875 0.8969046
vn -0.47874528 0.6466816 0.59380627
vn -0.9990069 0.018609188 0.040484816
vn 0.117206216 -0.38469467 -0.9155723
vn -0.69618577 0.7119766 0.091731995
vn -0.8358859 -0.26524356 0.48056287
vn -0.3425595 -0.93040377 -0.130391
vn -0.117206156 0.38469595 0.9155718
vn 0.6952239 -0.71282506 -0.092434265
vn 0.4787421 -0.6461945 -0.5943387
vn 0.8360888 0.26534724 -0.48015258
vn 0.8360888 0.26534724 -0.48015258
vn -0.69618577 0.7119766 0.091731995
vn 0.117206216 -0.38469467 -0.9155723
vn 0.34379983 0.9299628 0.13027202
vn 0.6952239 -0.71282506 -0.092434265
vn -0.117206156 0.38469595 0.9155718
vn -0.47836196 0.64667165 0.5941258
vn -0.8358859 -0.26524356 0.48056287
vn -0.005149854 -0.5480616 -0.83642215
vn -0.8175061 0.5499489 0.17099723
vn -0.5954731 -0.32159323 0.7361993
vn -0.102901325 -0.9867149 0.12571794
vn 0.005435957 0.5473851 0.8368632
vn 0.81789064 -0.5493951 -0.17093828
vn 0.478079 -0.6470962 -0.5938913
vn 0.5946159 0.32156557 -0.7369041
vn 0.5946159 0.32156557 -0.7369041
vn -0.8175061 0.5499489 0.17099723
vn -0.005149854 -0.5480616 -0.83642215
vn 0.10290147 0.9867937 -0.12509824
vn 0.81789064 -0.5493951 -0.17093828
vn 0.005435957 0.5473851 0.8368632
vn -0.478459 0.6467842 0.59392524
vn -0.5954731 -0.32159323 0.7361993
vn 0.019931894 -0.90269303 -0.4298232
vn -0.7923265 0.19412382 0.57838976
vn 0.17232811 0.017809782 0.9848786
vn 0.6650984 -0.646454 0.37381983
vn -0.020122517 0.90296215 0.42924857
vn 0.7929645 -0.1945636 -0.5773668
vn 0.47827303 -0.6468726 -0.5939788
vn -0.17232712 -0.018131541 -0.9848728
vn -0.17232712 -0.018131541 -0.9848728
vn -0.7923265 0.19412382 0.57838976
vn 0.019931894 -0.90269303 -0.4298232
vn -0.66527385 0.6463199 -0.37373972
vn 0.7929645 -0.1945636 -0.5773668
vn -0.020122517 0.90296215 0.42924857
vn -0.47874776 0.64665514 0.5938332
vn 0.17232811 0.017809782 0.9848786
vn -0.05731617 -0.7124705 -0.69935733
vn -0.87015593 0.3842815 0.30847427
vn -0.29258564 -0.26540607 0.9186693
vn 0.20027111 -0.9300567 0.30803606
vn 0.057316106 0.7131492 0.6986652
vn 0.87004125 -0.38410607 -0.3090158
vn 0.47835958 -0.64714676 -0.59361035
vn 0.29258588 0.26507252 -0.9187655
vn 0.29258588 0.26507252 -0.9187655
vn -0.87015593 0.3842815 0.30847427
vn -0.05731617 -0.7124705 -0.69935733
vn -0.2004615 0.9300789 -0.30784482
vn 0.87004125 -0.38410607 -0.3090158
vn 0.057316106 0.7131492 0.6986652
vn -0.47835958 0.64714676 0.59361035
vn -0.29258564 -0.26540607 0.9186693
vn -0.0064849644 -0.54936236 -0.83555907
vn -0.8185383 0.54781413 0.1729011
vn -0.5931853 -0.3213643 0.73814374
vn -0.09946776 -0.9869053 0.12698114
vn 0.0064849323 0.5495861 0.8354119
vn 0.818721 -0.54759413 -0.17273247
vn 0.47807923 -0.6471069 -0.59387964
vn 0.59317887 0.32150388 -0.7380881
vn 0.59317887 0.32150388 -0.7380881
vn -0.8185383 0.54781413 0.1729011
vn -0.0064849644 -0.54936236 -0.83555907
vn 0.10032695 0.9867351 -0.12762599
vn 0.818721 -0.54759413 -0.17273247
vn 0.0064849323 0.5495861 0.8354119
vn -0.4787461 0.6461761 0.5943557
vn -0.5931853 -0.3213643 0.73814374
vn 0.020408584 -0.902752 -0.42967698
vn -0.79267025 0.19427548 0.57786757
vn 0.17166165 0.01795891 0.98499227
vn 0.66489476 -0.64588714 0.37515962
vn -0.01983642 0.9026735 0.4298686
vn 0.7926936 -0.19417392 -0.5778696
vn 0.4787451 -0.64652044 -0.5939818
vn -0.17204294 -0.017637026 -0.9849316
vn -0.17204294 -0.017637026 -0.9849316
vn -0.79267025 0.19427548 0.57786757
vn 0.020408584 -0.902752 -0.42967698
vn -0.6653022 0.6463176 -0.3736931
vn 0.7926936 -0.19417392 -0.5778696
vn -0.01983642 0.9026735 0.4298686
vn -0.47874373 0.6466736 0.5938162
vn 0.17166165 0.01795891 0.98499227
vn -0.05702972 -0.7127374 -0.69910884
vn -0.8700783 0.38406253 0.30896533
vn -0.29277804 -0.26492774 0.91874605
vn 0.19960397 -0.93021953 0.3079771
vn 0.05712504 0.71307504 0.6987565
vn 0.870136 -0.38417438 -0.30866393
vn 0.47874668 -0.6465256 -0.59397495
vn 0.2925875 0.2652498 -0.91871387
vn 0.2925875 0.2652498 -0.91871387
vn -0.8700783 0.38406253 0.30896533
vn -0.05702972 -0.7127374 -0.69910884
vn -0.20027149 0.9300583 -0.30803066
vn 0.870136 -0.38417438 -0.30866393
vn 0.05712504 0.71307504 0.6987565
vn -0.47864762 0.64655936 0.59401804
vn -0.29277804 -0.26492774 0.91874605
vn -0.0064849854 -0.5494579 -0.8354962
vn -0.8182307 0.5480546 0.1735939
vn -0.59290165 -0.3210587 0.73850447
vn -0.0994681 -0.986822 0.12762527
vn 0.0073432853 0.549675 0.83534634
vn 0.8187259 -0.547733 -0.1722686
vn 0.47807887 -0.6464612 -0.59458256
vn 0.5928961 0.32161897 -0.7382651
vn 0.5928961 0.32161897 -0.7382651
vn -0.8182307 0.5480546 0.1735939
vn -0.0064849854 -0.5494579 -0.8354962
vn 0.1009941 0.9867425 -0.12704132
vn 0.8187259 -0.547733 -0.1722686
vn 0.0073432853 0.549675 0.83534634
vn -0.47902924 0.6467473 0.59350556
vn -0.59290165 -0.3210587 0.73850447
vn -0.99900395 0.018619273 0.04055235
vn 0.3971081 -0.19476917 -0.8968668
vn -0.4163757 0.90231025 0.11165778
vn -0.50640595 -0.64660937 -0.5704816
vn -0.39730072 0.19446613 0.89684725
vn 0.41522777 -0.9029106 -0.11107867
vn 0.47874373 -0.6466736 -0.5938162
vn 0.9990244 -0.018941507 -0.0398916
vn -0.4163757 0.90231025 0.11165778
vn 0.3971081 -0.19476917 -0.8968668
vn 0.9990244 -0.018941507 -0.0398916
vn 0.50640374 0.6471966 0.5698175
vn 0.41522777 -0.9029106 -0.11107867
vn -0.39730072 0.19446613 0.89684725
vn -0.47874373 0.6466736 0.5938162
vn -0.99900395 0.018619273 0.04055235
vn 0.117110796 -0.38441283 -0.91570294
vn -0.69504625 0.71308285 0.091780335
vn -0.83578694 -0.26545104 0.4806204
vn -0.34294114 -0.9302732 -0.13031955
vn -0.11711077 0.3847823 0.9155477
vn 0.69543827 -0.71270025 -0.09178172
vn 0.47874764 -0.6465239 -0.5939761
vn 0.835975 0.26527137 -0.48039237
vn 0.835975 0.26527137 -0.48039237
vn -0.69504625 0.71308285 0.091780335
vn 0.117110796 -0.38441283 -0.91570294
vn 0.34294218 0.9303594 0.12970005
vn 0.69543827 -0.71270025 -0.09178172
vn -0.11711077 0.3847823 0.9155477
vn -0.47797605 0.6466553 0.5944541
vn -0.83578694 -0.26545104 0.4806204
vn -0.0055313422 -0.5475075 -0.8367824
vn -0.81771255 0.54948115 0.17151317
vn -0.5958563 -0.3214243 0.7359631
vn -0.102997065 -0.9867094 0.12568264
vn 0.0047683953 0.5476979 0.83666265
vn 0.81777096 -0.5495636 -0.17096896
vn 0.47874713 -0.6466782 -0.59380853
vn 0.59585893 0.32171184 -0.73583525
vn 0.59585893 0.32171184 -0.73583525
vn -0.81771255 0.54948115 0.17151317
vn -0.0055313422 -0.5475075 -0.8367824
vn 0.10271108 0.98681796 -0.1250629
vn 0.81777096 -0.5495636 -0.17096896
vn 0.0047683953 0.5476979 0.83666265
vn -0.47874457 0.64650774 0.5939961
vn -0.5958563 -0.3214243 0.7359631
vn 0.029754732 -0.82911503 -0.5582856
vn 0.35762933 -0.41523746 -0.8364683
vn 0.22621128 -0.47600216 -0.8498532
vn 0.1361844 -0.8560759 -0.49858585
vn 0.81980973 -0.3050086 0.484646
vn 0.9860417 0.12697431 0.107699305
vn 0.93178976 0.2685333 0.24424909
vn 0.7625717 -0.15579742 0.62786275
vn -0.42953217 0.45667595 0.7790694
vn -0.42514947 0.46605626 0.77591205
vn -0.9949138 -0.021458551 -0.09841726
vn -0.8973975 -0.2775221 -0.34301493
vn 0.07877349 -0.86883897 -0.48878783
vn -0.38051802 0.48780695 0.7856529
vn -0.4821823 0.5037772 0.7167347
vn 0.08640305 -0.86388755 -0.49621856
vn 0.3122334 -0.4541105 -0.83444226
vn 0.33130705 -0.36653346 -0.8694187
vn -0.40512305 0.4125975 -0.8158668
vn -0.4821823 0.5037772 0.7167347
vn 0.08640305 -0.86388755 -0.49621856
vn 0.3122334 -0.4541105 -0.83444226
vn -0.2870564 0.8581115 0.42572677
vn -0.38051802 0.48780695 0.7856529
vn 0.33130705 -0.36653346 -0.8694187
vn -0.14572154 0.8963294 0.41875872
vn 0.93178976 0.2685333 0.24424909
vn 0.7625717 -0.15579742 0.62786275
vn -0.40512305 0.4125975 -0.8158668
vn 0.9860417 0.12697431 0.107699305
vn -0.484279 0.62014866 -0.61716247
vn -0.8973975 -0.2775221 -0.34301493
vn -0.9949138 -0.021458551 -0.09841726
vn -0.42953217 0.45667595 0.7790694
vn -0.16079006 0.91932744 0.35914305
vn 0.35762933 -0.41523746 -0.8364683
vn -0.42514947 0.46605626 0.77591205
vn 0.22621128 -0.47600216 -0.8498532
vn 0.029754732 -0.82911503 -0.5582856
vn -0.19760162 0.8771909 0.43759558
vn -0.035095315 0.47284496 0.8804465
vn -0.15258788 0.4321217 0.8888125
vn -0.33817402 0.7559086 0.56057155
vn -0.2624509 0.8427552 0.46998215
vn 0.66471994 0.65407443 -0.36101827
vn 0.95393384 0.29921308 0.021948012
vn 0.97893 0.15384887 -0.13426314
vn 0.68892556 0.516408 -0.50862974
vn -0.099563584 -0.40208095 -0.9101747
vn -0.05321498 -0.48032954 -0.87547225
vn -0.9271277 0.024103222 -0.37396947
vn -0.9615071 0.22461708 -0.15827624
vn -0.31738216 0.8431418 0.43402824
vn -0.040626574 -0.4278546 -0.9029341
vn -0.11367867 -0.5363855 -0.83628213
vn -0.2798067 0.80945116 0.5162334
vn -0.063133344 0.43407744 0.89866066
vn -0.060462933 0.4244565 0.9034273
vn -0.7362076 -0.42411795 0.527373
vn -0.15258788 0.4321217 0.8888125
vn -0.05321498 -0.48032954 -0.87547225
vn -0.33817402 0.7559086 0.56057155
vn 0.1634599 -0.8542664 -0.4934672
vn 0.16384122 -0.8595585 -0.48406124
vn -0.035095315 0.47284496 0.8804465
vn -0.099563584 -0.40208095 -0.9101747
vn 0.95393384 0.29921308 0.021948012
vn -0.69312704 -0.6720391 0.26064983
vn -0.9271277 0.024103222 -0.37396947
vn -0.9615071 0.22461708 -0.15827624
vn -0.7362076 -0.42411795 0.527373
vn 0.97893 0.15384887 -0.13426314
vn -0.060462933 0.4244565 0.9034273
vn 0.19245107 -0.8291585 -0.52484167
vn 0.07438674 -0.85967946 -0.5053888
vn -0.063133344 0.43407744 0.89866066
vn -0.040626574 -0.4278546 -0.9029341
vn 0.68892556 0.516408 -0.50862974
vn -0.11367867 -0.5363855 -0.83628213
vn -0.2798067 0.80945116 0.5162334
vn -0.84448934 -0.46381846 0.2677876
vn -1 6.6933933E-07 3.8642548E-07
vn -0.8444882 -4.6282116E-07 0.5355742
vn -0.84448856 0.46382082 0.26778615
vn -0.62384284 -1.5611094E-07 0.7815498
vn -0.6238426 0.6768424 0.3907747
vn -0.6238438 0 0.78154904
vn -0.84448814 0.4638219 -0.26778534
vn -0.6238447 0.67684066 0.39077437
vn -0.11714674 0 0.99311465
vn -0.6238415 0.6768438 -0.3907739
vn -0.84448713 3.9280553E-06 -0.535576
vn -0.84448993 -0.46381798 -0.2677868
vn -0.6238421 2.029443E-06 -0.78155035
vn -0.6238441 0.67684126 -0.3907742
vn -0.623844 -1.3529647E-07 -0.781549
vn -0.11714651 0.86006165 0.49655882
vn 0.39234617 -4.7260653E-07 0.9198176
vn -0.11714717 0.8600622 -0.49655768
vn -0.11714815 -4.7150414E-07 -0.9931144
vn 0.39234728 0.7965852 0.45990834
vn 0.3923425 -3.3297317E-07 0.91981924
vn 0.39234644 0.7965853 -0.45990878
vn 0.3923457 -6.766883E-07 -0.9198178
vn 0.39234388 0.79658604 0.4599096
vn -0.08628522 -8.361938E-07 0.9962704
vn -0.0862868 0.8627963 0.49813357
vn 0.39234444 0.7965855 -0.45991004
vn 0.39234462 -4.511254E-07 -0.91981834
vn -0.08628451 0.8627942 -0.4981378
vn -0.086278684 -7.212175E-07 -0.996271
vn -0.08628568 -0.8627947 0.4981365
vn 0.3923425 -3.3297317E-07 0.91981924
vn -0.08628522 -8.361938E-07 0.9962704
vn 0.39234313 -0.7965865 0.45990962
vn -0.086282745 -0.86279535 -0.4981359
vn 0.39234617 -4.7260653E-07 0.9198176
vn 0.39234355 -0.7965862 -0.45990968
vn -0.086278684 -7.212175E-07 -0.996271
vn 0.39234462 -4.511254E-07 -0.91981834
vn 0.39234495 -0.796586 0.45990884
vn -0.11714674 0 0.99311465
vn 0.39234418 -0.7965862 -0.45990932
vn 0.3923457 -6.766883E-07 -0.9198178
vn -0.1171492 -0.86006266 0.49655652
vn -0.6238438 0 0.78154904
vn -0.11714894 -0.8600621 -0.49655738
vn -0.11714815 -4.7150414E-07 -0.9931144
vn -0.6238449 -0.6768407 0.39077392
vn -0.62384284 -1.5611094E-07 0.7815498
vn -0.6238437 -0.6768409 -0.39077535
vn -0.623844 -1.3529647E-07 -0.781549
vn -0.6238432 -0.67684144 0.39077517
vn -0.8444882 -4.6282116E-07 0.5355742
vn -0.84448934 -0.46381846 0.2677876
vn -0.62384224 -0.6768421 -0.39077568
vn -0.6238421 2.029443E-06 -0.78155035
vn -0.84448993 -0.46381798 -0.2677868
vn -0.84448713 3.9280553E-06 -0.535576
vn -0.0862868 0.8627963 0.49813357
vn -0.52174133 -4.7585777E-07 0.8531037
vn -0.08628522 -8.361938E-07 0.9962704
vn -0.52174294 0.73880804 0.4265525
vn -0.08628451 0.8627942 -0.4981378
vn -0.52174026 -7.825234E-07 0.8531044
vn -0.52174103 0.73880893 -0.4265531
vn -0.086278684 -7.212175E-07 -0.996271
vn -0.52173716 -6.2390217E-07 -0.8531063
vn -0.5217429 0.7388087 0.4265515
vn 0.016532538 -1.6654176E-06 0.9998634
vn -0.5217416 0.7388085 -0.4265531
vn -0.52173674 -6.662028E-07 -0.85310656
vn 0.016529748 0.8659055 0.4999343
vn 0.5540397 -1.3998556E-06 0.83249027
vn 0.016531711 0.8659073 -0.4999313
vn 0.01653409 7.8728567E-07 -0.99986327
vn 0.55403906 0.72095776 0.41624588
vn 0.55404043 -1.3051292E-06 0.8324897
vn 0.55404013 0.7209577 -0.41624472
vn 0.5540407 -6.10463E-07 -0.8324896
vn 0.5540398 0.720957 0.41624603
vn -0.037329536 -3.899311E-07 0.999303
vn 0.5540399 0.72095823 -0.41624388
vn 0.5540397 -1.789289E-07 -0.83249027
vn -0.037330184 0.86542094 0.49965286
vn -0.6026276 -9.1914586E-07 0.79802257
vn -0.037327547 0.86542153 -0.49965212
vn -0.03733153 -9.639953E-07 -0.999303
vn -0.6026255 0.69110847 0.3990133
vn -0.60262764 -9.087005E-07 0.79802257
vn -0.6026253 0.6911097 -0.39901134
vn -0.60262734 -8.669217E-07 -0.7980227
vn -0.60262614 0.69110847 0.3990123
vn -0.2655567 -9.440038E-07 0.96409523
vn -0.60262656 0.6911091 -0.39901042
vn -0.6026289 0 -0.7980215
vn -0.26555586 0.8349308 0.48204833
vn 0.053701524 -7.774478E-07 0.99855703
vn -0.2655562 0.8349306 -0.48204845
vn -0.26555693 0 -0.9640951
vn 0.053701308 0.8647758 0.49927852
vn 0.053701706 0 0.99855703
vn 0.053701587 0.8647761 -0.49927807
vn 0.053702023 2.2994948E-07 -0.99855703
vn 0.053701498 0.8647759 0.49927834
vn 0.33066124 9.057645E-07 0.9437495
vn 0.05370094 0.8647757 -0.4992787
vn 0.05370097 2.4089937E-07 -0.99855703
vn 0.3306626 0.8173109 0.47187403
vn 0.63116145 0 0.7756516
vn 0.33066174 0.817311 -0.47187442
vn 0.33066085 4.7149564E-07 -0.9437496
vn 0.6311634 0.6717323 0.38782534
vn 0.6311624 4.8852525E-07 0.7756507
vn 0.6311622 0.6717333 -0.38782537
vn 0.6311603 -9.874457E-07 -0.7756524
vn 0.6311628 0.671733 0.38782507
vn 0.009648868 -4.989728E-07 0.9999535
vn 0.6311619 0.671734 -0.38782486
vn 0.63115966 -4.989199E-07 -0.775653
vn 0.009650434 0.8659845 0.49997783
vn -0.6194201 -1.4373163E-06 0.78505963
vn 0.009647384 0.8659867 -0.49997392
vn 0.009647555 -5.322373E-07 -0.9999535
vn -0.6194213 0.6798808 0.3925294
vn -0.6194211 -1.2290085E-06 0.7850589
vn -0.6194201 0.6798813 -0.3925304
vn -0.61941814 -5.6242834E-07 -0.78506136
vn -0.6194225 0.67988026 0.39252844
vn -0.29354197 -6.069791E-07 0.95594627
vn -0.61942095 0.6798813 -0.3925293
vn -0.61941963 -8.644723E-07 -0.78506
vn -0.29354283 0.827873 0.47797352
vn 0.01235379 -7.7771296E-07 0.9999237
vn -0.29354265 0.8278731 -0.4779737
vn -0.2935439 -4.93171E-07 -0.9559456
vn 0.0123536615 0.8659593 0.49996197
vn 0.0123537425 -1.0625109E-06 0.9999237
vn 0.012352436 0.865959 -0.49996248
vn 0.012350807 -8.3248216E-07 -0.9999237
vn 0.012353787 0.86595935 0.4999619
vn 0.31559095 -7.8262394E-07 0.9488954
vn 0.012352511 0.865959 -0.49996248
vn 0.01235108 -7.8866714E-07 -0.9999237
vn 0.31559214 0.8217676 0.47444668
vn 0.63983357 -4.6702107E-07 0.76851344
vn 0.3155921 0.82176626 -0.47444898
vn 0.31559145 -2.9032816E-07 -0.94889516
vn 0.6398353 0.6655503 0.3842571
vn 0.6398363 -1.2453887E-07 0.7685111
vn 0.6398367 0.6655497 -0.3842561
vn 0.63983715 -3.6323846E-07 -0.7685106
vn 0.639837 0.6655489 0.38425654
vn 0.14421213 -6.837062E-07 0.98954684
vn 0.6398376 0.66554916 -0.3842553
vn 0.6398382 -1.0689579E-06 -0.7685097
vn 0.14421214 0.8569713 0.49477562
vn -0.44351828 -9.613051E-07 0.8962653
vn 0.14420977 0.85697293 -0.4947736
vn 0.14421074 -1.6772191E-06 -0.9895471
vn -0.44351935 0.7761872 0.44813386
vn -0.44351876 0 0.89626503
vn -0.4435194 0.7761885 -0.44813174
vn -0.44351956 2.3498612E-07 -0.8962647
vn -0.4435194 0.7761872 0.44813383
vn -0.20414123 4.4522923E-07 0.97894144
vn -0.4435193 0.7761893 -0.44813043
vn -0.4435197 6.088287E-07 -0.89626455
vn -0.20414218 0.84778726 0.48947197
vn 0.01853791 3.2860305E-07 0.9998281
vn -0.20414248 0.8477894 -0.48946816
vn -0.20414226 2.0095536E-06 -0.9789412
vn 0.018537411 0.86587596 0.49991515
vn 0.018535595 1.5334794E-07 0.9998282
vn 0.01853676 0.86587924 -0.49990952
vn 0.018536823 1.4349082E-06 -0.9998282
vn 0.018536365 0.86587507 0.49991676
vn 0.3949587 1.997124E-07 0.91869885
vn 0.018537076 0.8658813 -0.49990597
vn 0.018537411 1.0405867E-06 -0.9998281
vn 0.39495993 0.79561406 0.45935264
vn 1 -1.2494942E-06 1.6378505E-06
vn 0.39496028 0.79562175 -0.45933905
vn 0.39496198 3.1954514E-07 -0.9186974
vn -0.086282745 -0.86279535 -0.4981359
vn -0.52173716 -6.2390217E-07 -0.8531063
vn -0.086278684 -7.212175E-07 -0.996271
vn -0.52173907 -0.73881006 -0.42655385
vn -0.08628568 -0.8627947 0.4981365
vn -0.52173674 -6.662028E-07 -0.85310656
vn -0.5217417 -0.73880917 0.42655194
vn -0.08628522 -8.361938E-07 0.9962704
vn -0.52174133 -4.7585777E-07 0.8531037
vn -0.5217394 -0.73880935 -0.42655462
vn 0.01653409 7.8728567E-07 -0.99986327
vn -0.5217417 -0.7388095 0.42655143
vn -0.52174026 -7.825234E-07 0.8531044
vn 0.016533721 -0.86590654 -0.4999326
vn 0.5540407 -6.10463E-07 -0.8324896
vn 0.0165317 -0.86590797 0.49993017
vn 0.016532538 -1.6654176E-06 0.9998634
vn 0.55404 -0.7209572 -0.41624558
vn 0.5540397 -1.789289E-07 -0.83249027
vn 0.5540397 -0.72095793 0.41624478
vn 0.5540397 -1.3998556E-06 0.83249027
vn 0.55403864 -0.7209586 -0.41624486
vn -0.03733153 -9.639953E-07 -0.999303
vn 0.55404 -0.720958 0.41624424
vn 0.55404043 -1.3051292E-06 0.8324897
vn -0.03733316 -0.8654206 -0.4996533
vn -0.60262734 -8.669217E-07 -0.7980227
vn -0.03733091 -0.86542225 0.49965063
vn -0.037329536 -3.899311E-07 0.999303
vn -0.6026278 -0.6911079 -0.39901072
vn -0.6026289 0 -0.7980215
vn -0.6026284 -0.6911077 0.3990103
vn -0.6026276 -9.1914586E-07 0.79802257
vn -0.6026283 -0.691108 -0.39900988
vn -0.26555693 0 -0.9640951
vn -0.6026279 -0.69110805 0.3990105
vn -0.60262764 -9.087005E-07 0.79802257
vn -0.2655575 -0.8349304 -0.482048
vn 0.053702023 2.2994948E-07 -0.99855703
vn -0.26555726 -0.83493036 0.4820484
vn -0.2655567 -9.440038E-07 0.96409523
vn 0.053700835 -0.86477613 -0.4992778
vn 0.05370097 2.4089937E-07 -0.99855703
vn 0.053700723 -0.86477625 0.4992777
vn 0.053701524 -7.774478E-07 0.99855703
vn 0.05370112 -0.8647759 -0.49927843
vn 0.33066085 4.7149564E-07 -0.9437496
vn 0.053701423 -0.8647756 0.4992788
vn 0.053701706 0 0.99855703
vn 0.33065978 -0.8173118 -0.47187448
vn 0.6311603 -9.874457E-07 -0.7756524
vn 0.33066136 -0.8173109 0.47187498
vn 0.33066124 9.057645E-07 0.9437495
vn 0.6311592 -0.6717352 -0.3878271
vn 0.63115966 -4.989199E-07 -0.775653
vn 0.6311609 -0.671734 0.3878263
vn 0.63116145 0 0.7756516
vn 0.6311592 -0.67173463 -0.3878282
vn 0.009647555 -5.322373E-07 -0.9999535
vn 0.63116133 -0.6717344 0.38782486
vn 0.6311624 4.8852525E-07 0.7756507
vn 0.009650084 -0.8659854 -0.49997613
vn -0.61941814 -5.6242834E-07 -0.78506136
vn 0.0096508255 -0.86598665 0.49997404
vn 0.009648868 -4.989728E-07 0.9999535
vn -0.6194169 -0.6798837 -0.39253145
vn -0.61941963 -8.644723E-07 -0.78506
vn -0.6194178 -0.67988384 0.39252964
vn -0.6194201 -1.4373163E-06 0.78505963
vn -0.6194188 -0.6798828 -0.39252976
vn -0.2935439 -4.93171E-07 -0.9559456
vn -0.6194201 -0.67988217 0.39252892
vn -0.6194211 -1.2290085E-06 0.7850589
vn -0.29354244 -0.82787466 -0.47797114
vn 0.012350807 -8.3248216E-07 -0.9999237
vn -0.29354194 -0.8278731 0.47797415
vn -0.29354197 -6.069791E-07 0.95594627
vn 0.012351304 -0.86595947 -0.4999617
vn 0.01235108 -7.8866714E-07 -0.9999237
vn 0.012353076 -0.86595935 0.4999617
vn 0.01235379 -7.7771296E-07 0.9999237
vn 0.012351243 -0.8659593 -0.49996203
vn 0.31559145 -2.9032816E-07 -0.94889516
vn 0.012352617 -0.86595964 0.49996135
vn 0.0123537425 -1.0625109E-06 0.9999237
vn 0.3155923 -0.8217667 -0.47444823
vn 0.63983715 -3.6323846E-07 -0.7685106
vn 0.31559223 -0.82176805 0.47444573
vn 0.31559095 -7.8262394E-07 0.9488954
vn 0.6398378 -0.6655487 -0.38425595
vn 0.6398382 -1.0689579E-06 -0.7685097
vn 0.63983566 -0.6655502 0.38425675
vn 0.63983357 -4.6702107E-07 0.76851344
vn 0.6398372 -0.6655492 -0.3842558
vn 0.14421074 -1.6772191E-06 -0.9895471
vn 0.6398374 -0.66554976 0.38425452
vn 0.6398363 -1.2453887E-07 0.7685111
vn 0.14421213 -0.85697234 -0.494774
vn -0.44351956 2.3498612E-07 -0.8962647
vn 0.14420971 -0.85697275 0.4947741
vn 0.14421213 -6.837062E-07 0.98954684
vn -0.44351926 -0.77618825 -0.44813213
vn -0.4435197 6.088287E-07 -0.89626455
vn -0.44352037 -0.7761875 0.44813246
vn -0.44351828 -9.613051E-07 0.8962653
vn -0.443519 -0.7761878 -0.44813338
vn -0.20414226 2.0095536E-06 -0.9789412
vn -0.4435209 -0.77618754 0.44813174
vn -0.44351876 0 0.89626503
vn -0.2041421 -0.8477874 -0.4894716
vn 0.018536823 1.4349082E-06 -0.9998282
vn -0.20414276 -0.84778816 0.48947
vn -0.20414123 4.4522923E-07 0.97894144
vn 0.018536944 -0.86587703 -0.4999133
vn 0.018537411 1.0405867E-06 -0.9998281
vn 0.018537587 -0.8658772 0.49991298
vn 0.01853791 3.2860305E-07 0.9998281
vn 0.01853674 -0.8658787 -0.49991032
vn 0.39496198 3.1954514E-07 -0.9186974
vn 0.01853601 -0.8658769 0.49991354
vn 0.018535595 1.5334794E-07 0.9998282
vn 0.3949597 -0.79561883 -0.4593447
vn 1 -1.2494942E-06 1.6378505E-06
vn 0.39495853 -0.7956168 0.4593492
vn 0.3949587 1.997124E-07 0.91869885
vn -0.08392349 0 0.99647224
vn 0.1295092 0.9875673 0.08909719
vn 0.825292 0 0.5647061
vn 0.99999976 -0.00032185763 -0.00064371526
vn -0.015354187 0.98375875 0.17883813
vn -0.99999976 0 0.0006913978
vn -0.13427714 0.9909436 -0.0006437292
vn 0.2594948 0.96574444 0
vn -0.08478168 0.0006735327 -0.9963993
vn -0.014877306 0.98376185 -0.17886147
vn 0.82532537 0 -0.56465733
vn 0.13017619 0.9875331 -0.08850074
vn -0 0.93220955 -0.36191893
vn 0.15440013 0.98800814 -0.0006437312
vn -0.13294218 0.9911238 0
vn 0.00047683643 0.93229276 0.3617043
vn -0.13275167 -0.9911493 0
vn -0.00047683623 -0.9324592 -0.36127496
vn -0 -0.932228 0.36187157
vn 0.2594948 -0.96574444 0
vn -0.08392349 0 0.99647224
vn -0.13427714 -0.9909436 -0.0006437292
vn -0.99999976 0 0.0006913978
vn -0.08478168 0.0006735327 -0.9963993
vn -0.015354127 -0.9836416 0.17948113
vn 0.825292 0 0.5647061
vn -0.014877354 -0.9837531 -0.1789097
vn 0.82532537 0 -0.56465733
vn 0.12969978 -0.9875959 0.08850103
vn 0.99999976 -0.00032185763 -0.00064371526
vn 0.2594948 -0.96574444 0
vn -0.00047683623 -0.9324592 -0.36127496
vn -0 -0.932228 0.36187157
vn -0.13275167 -0.9911493 0
vn 0.12998565 -0.98755825 -0.08850086
vn 0.1552579 -0.98787373 -0.00064372906
vn -0.116348475 0.6758821 0.727768
vn -0.12359675 0.6854803 0.71752393
vn -0.12321493 0.68592834 0.71716124
vn 0.380134 0.70842093 -0.5946746
vn -0.3675481 0.6519324 -0.6632439
vn -0.117111735 0.67556196 0.7279428
vn -0.40168682 0.6385075 -0.65647227
vn 0.11024463 -0.6652497 -0.7384367
vn 0.110244796 -0.6648067 -0.73883563
vn 0.11711111 -0.6751293 -0.7283443
vn 0.9026108 0.37827343 -0.2054336
vn 0.11539526 -0.6747762 -0.72894514
vn -0.11329666 0.6771663 0.72705543
vn -0.92108727 0.19996788 -0.33408248
vn 0.11978174 -0.6733788 -0.7295295
vn -0.12111632 0.67395985 0.7287721
vn 0.11158003 -0.677205 -0.7272849
vn -0.92740744 -0.3360469 0.16428006
vn 0.9273855 0.3360628 -0.16437154
vn -0.120735265 0.6738192 0.72896546
vn 0.11291375 -0.67733943 -0.72695374
vn 0.12111783 -0.67325294 -0.729425
vn -0.112344295 0.67690295 0.72744834
vn 0.9212965 -0.19982883 0.33358848
vn -0.90250367 -0.37777564 0.2068158
vn 0.11634864 -0.6758234 -0.7278226
vn -0.11539538 0.67544436 0.728326
vn 0.116348326 -0.67610776 -0.7275585
vn -0.11634709 0.67490846 0.72867125
vn 0.40225863 -0.63776773 0.65684116
vn 0.12359528 -0.6856391 -0.7173724
vn -0.3809008 -0.7080139 0.59466875
vn -0.109480426 0.6646787 0.7390644
vn 0.12283188 -0.68577945 -0.7173695
vn 0.368114 -0.6519719 0.66289127
vn -0.11024478 0.6650451 0.73862106
vn -0.26588485 0.69661856 0.66635424
vn -0.25939864 0.70769584 0.65717494
vn -0.25901857 0.70761025 0.657417
vn 0.89802486 0.43025392 -0.09183153
vn 0.39920676 0.70928097 -0.5809943
vn -0.26550475 0.6968486 0.6662652
vn 0.36678255 0.71222675 -0.5985012
vn 0.27255973 -0.6849786 -0.6756594
vn 0.27293947 -0.68507254 -0.6754107
vn 0.26550332 -0.69588226 -0.66727495
vn 0.8968278 -0.07521447 0.43593875
vn 0.265122 -0.6962671 -0.667025
vn -0.2616884 0.6954675 0.6692117
vn -0.3593465 0.5698594 -0.7390064
vn 0.2702713 -0.6967306 -0.6644696
vn -0.27027062 0.6968659 0.6643279
vn 0.26207045 -0.69522464 -0.66931444
vn -0.8720846 0.12180835 -0.47395277
vn 0.8717127 -0.121338785 0.47475678
vn -0.2691248 0.69689214 0.66476554
vn 0.2620689 -0.69589406 -0.66861904
vn 0.26950717 -0.6970493 -0.6644457
vn -0.2620708 0.695923 0.66858816
vn 0.3593467 -0.5699669 0.7389233
vn -0.89643705 0.07481435 -0.4368104
vn 0.26511964 -0.696559 -0.6667211
vn -0.26512182 0.69601625 0.6672868
vn 0.26550484 -0.6966999 -0.6664205
vn -0.26645786 0.6960066 0.66676444
vn -0.36716667 -0.71256566 0.5978618
vn 0.26035386 -0.7074853 -0.6570239
vn -0.89802283 -0.4302708 0.09177172
vn -0.27160808 0.6850045 0.6760161
vn 0.25939864 -0.7078508 -0.6570082
vn -0.3995891 -0.7088057 0.5813115
vn -0.27198857 0.6846205 0.67625207
g Wp_Special_Emma_S005_Wand_0
f 3/3/3 2/2/2 1/1/1
f 4/4/4 3/3/3 1/1/1
f 5/5/5 3/3/3 4/4/4
f 6/6/6 5/5/5 4/4/4
f 1/1/1 7/7/7 4/4/4
f 4/4/4 7/7/7 6/6/6
f 8/8/8 7/7/7 1/1/1
f 6/6/6 7/7/7 8/8/8
f 11/11/11 10/10/10 9/9/9
f 10/10/10 12/12/12 9/9/9
f 9/9/9 12/12/12 13/13/13
f 12/12/12 14/14/14 13/13/13
f 10/10/10 15/15/15 12/12/12
f 12/12/12 15/15/15 14/14/14
f 16/16/16 15/15/15 10/10/10
f 14/14/14 15/15/15 16/16/16
f 19/19/19 18/18/18 17/17/17
f 20/20/20 19/19/19 17/17/17
f 21/21/21 19/19/19 20/20/20
f 22/22/22 21/21/21 20/20/20
f 17/17/17 23/23/23 20/20/20
f 20/20/20 23/23/23 22/22/22
f 24/24/24 23/23/23 17/17/17
f 22/22/22 23/23/23 24/24/24
f 27/27/27 26/26/26 25/25/25
f 26/26/26 28/28/28 25/25/25
f 25/25/25 28/28/28 29/29/29
f 28/28/28 30/30/30 29/29/29
f 26/26/26 31/31/31 28/28/28
f 28/28/28 31/31/31 30/30/30
f 32/32/32 31/31/31 26/26/26
f 30/30/30 31/31/31 32/32/32
f 35/35/35 34/34/34 33/33/33
f 36/36/36 35/35/35 33/33/33
f 37/37/37 35/35/35 36/36/36
f 38/38/38 37/37/37 36/36/36
f 33/33/33 39/39/39 36/36/36
f 36/36/36 39/39/39 38/38/38
f 40/40/40 39/39/39 33/33/33
f 38/38/38 39/39/39 40/40/40
f 43/43/43 42/42/42 41/41/41
f 42/42/42 44/44/44 41/41/41
f 41/41/41 44/44/44 45/45/45
f 44/44/44 46/46/46 45/45/45
f 42/42/42 47/47/47 44/44/44
f 44/44/44 47/47/47 46/46/46
f 48/48/48 47/47/47 42/42/42
f 46/46/46 47/47/47 48/48/48
f 51/51/51 50/50/50 49/49/49
f 52/52/52 51/51/51 49/49/49
f 53/53/53 51/51/51 52/52/52
f 54/54/54 53/53/53 52/52/52
f 49/49/49 55/55/55 52/52/52
f 52/52/52 55/55/55 54/54/54
f 56/56/56 55/55/55 49/49/49
f 54/54/54 55/55/55 56/56/56
f 59/59/59 58/58/58 57/57/57
f 58/58/58 60/60/60 57/57/57
f 61/61/61 57/57/57 60/60/60
f 62/62/62 61/61/61 60/60/60
f 58/58/58 63/63/63 60/60/60
f 60/60/60 63/63/63 62/62/62
f 64/64/64 63/63/63 58/58/58
f 62/62/62 63/63/63 64/64/64
f 67/67/67 66/66/66 65/65/65
f 68/68/68 67/67/67 65/65/65
f 69/69/69 67/67/67 68/68/68
f 70/70/70 69/69/69 68/68/68
f 65/65/65 71/71/71 68/68/68
f 68/68/68 71/71/71 70/70/70
f 72/72/72 71/71/71 65/65/65
f 70/70/70 71/71/71 72/72/72
f 75/75/75 74/74/74 73/73/73
f 74/74/74 76/76/76 73/73/73
f 73/73/73 76/76/76 77/77/77
f 76/76/76 78/78/78 77/77/77
f 74/74/74 79/79/79 76/76/76
f 76/76/76 79/79/79 78/78/78
f 80/80/80 79/79/79 74/74/74
f 78/78/78 79/79/79 80/80/80
f 83/83/83 82/82/82 81/81/81
f 84/84/84 83/83/83 81/81/81
f 85/85/85 83/83/83 84/84/84
f 86/86/86 85/85/85 84/84/84
f 81/81/81 87/87/87 84/84/84
f 84/84/84 87/87/87 86/86/86
f 88/88/88 87/87/87 81/81/81
f 86/86/86 87/87/87 88/88/88
f 91/91/91 90/90/90 89/89/89
f 90/90/90 92/92/92 89/89/89
f 89/89/89 92/92/92 93/93/93
f 92/92/92 94/94/94 93/93/93
f 90/90/90 95/95/95 92/92/92
f 92/92/92 95/95/95 94/94/94
f 96/96/96 95/95/95 90/90/90
f 94/94/94 95/95/95 96/96/96
f 99/99/99 98/98/98 97/97/97
f 100/100/100 99/99/99 97/97/97
f 101/101/101 99/99/99 100/100/100
f 102/102/102 101/101/101 100/100/100
f 97/97/97 103/103/103 100/100/100
f 100/100/100 103/103/103 102/102/102
f 104/104/104 103/103/103 97/97/97
f 102/102/102 103/103/103 104/104/104
f 107/107/107 106/106/106 105/105/105
f 106/106/106 108/108/108 105/105/105
f 105/105/105 108/108/108 109/109/109
f 108/108/108 110/110/110 109/109/109
f 106/106/106 111/111/111 108/108/108
f 108/108/108 111/111/111 110/110/110
f 112/112/112 111/111/111 106/106/106
f 110/110/110 111/111/111 112/112/112
f 115/115/115 114/114/114 113/113/113
f 116/116/116 115/115/115 113/113/113
f 117/117/117 115/115/115 116/116/116
f 118/118/118 117/117/117 116/116/116
f 113/113/113 119/119/119 116/116/116
f 116/116/116 119/119/119 118/118/118
f 120/120/120 119/119/119 113/113/113
f 118/118/118 119/119/119 120/120/120
f 123/123/123 122/122/122 121/121/121
f 122/122/122 124/124/124 121/121/121
f 121/121/121 124/124/124 125/125/125
f 124/124/124 126/126/126 125/125/125
f 122/122/122 127/127/127 124/124/124
f 124/124/124 127/127/127 126/126/126
f 128/128/128 127/127/127 122/122/122
f 126/126/126 127/127/127 128/128/128
f 131/131/131 130/130/130 129/129/129
f 132/132/132 131/131/131 129/129/129
f 133/133/133 131/131/131 132/132/132
f 134/134/134 133/133/133 132/132/132
f 129/129/129 135/135/135 132/132/132
f 132/132/132 135/135/135 134/134/134
f 136/136/136 135/135/135 129/129/129
f 134/134/134 135/135/135 136/136/136
f 139/139/139 138/138/138 137/137/137
f 138/138/138 140/140/140 137/137/137
f 141/141/141 137/137/137 140/140/140
f 142/142/142 141/141/141 140/140/140
f 138/138/138 143/143/143 140/140/140
f 140/140/140 143/143/143 142/142/142
f 144/144/144 143/143/143 138/138/138
f 142/142/142 143/143/143 144/144/144
f 147/147/147 146/146/146 145/145/145
f 146/146/146 148/148/148 145/145/145
f 149/149/149 145/145/145 148/148/148
f 150/150/150 149/149/149 148/148/148
f 146/146/146 151/151/151 148/148/148
f 148/148/148 151/151/151 150/150/150
f 152/152/152 151/151/151 146/146/146
f 150/150/150 151/151/151 152/152/152
f 155/155/155 154/154/154 153/153/153
f 156/156/156 155/155/155 153/153/153
f 155/155/155 156/156/156 157/157/157
f 156/156/156 158/158/158 157/157/157
f 153/153/153 159/159/159 156/156/156
f 156/156/156 159/159/159 158/158/158
f 160/160/160 159/159/159 153/153/153
f 158/158/158 159/159/159 160/160/160
f 163/163/163 162/162/162 161/161/161
f 164/164/164 163/163/163 161/161/161
f 165/165/165 163/163/163 164/164/164
f 166/166/166 165/165/165 164/164/164
f 161/161/161 167/167/167 164/164/164
f 164/164/164 167/167/167 166/166/166
f 168/168/168 167/167/167 161/161/161
f 166/166/166 167/167/167 168/168/168
f 171/171/171 170/170/170 169/169/169
f 170/170/170 172/172/172 169/169/169
f 169/169/169 172/172/172 173/173/173
f 172/172/172 174/174/174 173/173/173
f 170/170/170 175/175/175 172/172/172
f 172/172/172 175/175/175 174/174/174
f 176/176/176 175/175/175 170/170/170
f 174/174/174 175/175/175 176/176/176
f 179/179/179 178/178/178 177/177/177
f 180/180/180 179/179/179 177/177/177
f 181/181/181 179/179/179 180/180/180
f 182/182/182 181/181/181 180/180/180
f 177/177/177 183/183/183 180/180/180
f 180/180/180 183/183/183 182/182/182
f 184/184/184 183/183/183 177/177/177
f 182/182/182 183/183/183 184/184/184
f 187/187/187 186/186/186 185/185/185
f 186/186/186 188/188/188 185/185/185
f 185/185/185 188/188/188 189/189/189
f 188/188/188 190/190/190 189/189/189
f 186/186/186 191/191/191 188/188/188
f 188/188/188 191/191/191 190/190/190
f 192/192/192 191/191/191 186/186/186
f 190/190/190 191/191/191 192/192/192
f 195/195/195 194/194/194 193/193/193
f 194/194/194 196/196/196 193/193/193
f 197/197/197 196/196/196 194/194/194
f 198/198/198 197/197/197 194/194/194
f 197/197/197 198/198/198 199/199/199
f 200/200/200 197/197/197 199/199/199
f 196/196/196 201/201/201 193/193/193
f 196/196/196 197/197/197 201/201/201
f 201/201/201 202/202/202 193/193/193
f 197/197/197 203/203/203 201/201/201
f 204/204/204 203/203/203 197/197/197
f 200/200/200 204/204/204 197/197/197
f 205/205/205 204/204/204 200/200/200
f 206/206/206 205/205/205 200/200/200
f 205/205/205 206/206/206 207/207/207
f 208/208/208 205/205/205 207/207/207
f 208/208/208 209/209/209 205/205/205
f 209/209/209 210/210/210 205/205/205
f 205/205/205 210/210/210 204/204/204
f 210/210/210 211/211/211 204/204/204
f 214/214/214 213/213/213 212/212/212
f 215/215/215 214/214/214 212/212/212
f 215/215/215 212/212/212 216/216/216
f 217/217/217 214/214/214 215/215/215
f 218/218/218 215/215/215 216/216/216
f 218/218/218 217/217/217 215/215/215
f 219/219/219 218/218/218 216/216/216
f 218/218/218 219/219/219 217/217/217
f 220/220/220 219/219/219 216/216/216
f 219/219/219 221/221/221 217/217/217
f 219/219/219 222/222/222 221/221/221
f 222/222/222 223/223/223 221/221/221
f 221/221/221 223/223/223 224/224/224
f 223/223/223 225/225/225 224/224/224
f 226/226/226 225/225/225 223/223/223
f 223/223/223 222/222/222 227/227/227
f 227/227/227 226/226/226 223/223/223
f 222/222/222 228/228/228 227/227/227
f 229/229/229 226/226/226 227/227/227
f 227/227/227 228/228/228 230/230/230
f 231/231/231 229/229/229 230/230/230
f 232/232/232 229/229/229 227/227/227
f 229/229/229 232/232/232 230/230/230
f 232/232/232 227/227/227 230/230/230
f 235/235/235 234/234/234 233/233/233
f 236/236/236 235/235/235 233/233/233
f 237/237/237 236/236/236 233/233/233
f 238/238/238 237/237/237 233/233/233
f 238/238/238 239/239/239 237/237/237
f 239/239/239 240/240/240 237/237/237
f 236/236/236 241/241/241 235/235/235
f 236/236/236 237/237/237 241/241/241
f 241/241/241 242/242/242 235/235/235
f 237/237/237 243/243/243 241/241/241
f 237/237/237 240/240/240 243/243/243
f 240/240/240 244/244/244 243/243/243
f 244/244/244 240/240/240 245/245/245
f 240/240/240 246/246/246 245/245/245
f 245/245/245 246/246/246 247/247/247
f 248/248/248 245/245/245 247/247/247
f 248/248/248 249/249/249 245/245/245
f 249/249/249 250/250/250 245/245/245
f 245/245/245 250/250/250 244/244/244
f 250/250/250 251/251/251 244/244/244
f 254/254/254 253/253/253 252/252/252
f 253/253/253 255/255/255 252/252/252
f 255/255/255 256/256/256 252/252/252
f 255/255/255 253/253/253 256/256/256
f 256/256/256 257/257/257 252/252/252
f 253/253/253 258/258/258 256/256/256
f 257/257/257 256/256/256 259/259/259
f 256/256/256 258/258/258 260/260/260
f 256/256/256 260/260/260 259/259/259
f 258/258/258 261/261/261 260/260/260
f 261/261/261 262/262/262 260/260/260
f 262/262/262 263/263/263 260/260/260
f 259/259/259 260/260/260 264/264/264
f 260/260/260 263/263/263 264/264/264
f 264/264/264 263/263/263 265/265/265
f 266/266/266 264/264/264 265/265/265
f 266/266/266 265/265/265 267/267/267
f 265/265/265 268/268/268 267/267/267
f 264/264/264 266/266/266 269/269/269
f 269/269/269 266/266/266 267/267/267
f 270/270/270 264/264/264 269/269/269
f 271/271/271 269/269/269 267/267/267
f 267/267/267 268/268/268 271/271/271
f 268/268/268 272/272/272 271/271/271
f 275/275/275 274/274/274 273/273/273
f 276/276/276 274/274/274 275/275/275
f 275/275/275 277/277/277 276/276/276
f 277/277/277 278/278/278 276/276/276
f 277/277/277 279/279/279 278/278/278
f 280/280/280 274/274/274 276/276/276
f 276/276/276 278/278/278 280/280/280
f 279/279/279 281/281/281 278/278/278
f 281/281/281 279/279/279 282/282/282
f 278/278/278 283/283/283 280/280/280
f 278/278/278 281/281/281 283/283/283
f 284/284/284 274/274/274 280/280/280
f 280/280/280 283/283/283 284/284/284
f 285/285/285 274/274/274 284/284/284
f 283/283/283 286/286/286 284/284/284
f 283/283/283 287/287/287 286/286/286
f 281/281/281 287/287/287 283/283/283
f 287/287/287 288/288/288 286/286/286
f 289/289/289 281/281/281 282/282/282
f 287/287/287 281/281/281 289/289/289
f 282/282/282 290/290/290 289/289/289
f 288/288/288 287/287/287 291/291/291
f 291/291/291 287/287/287 289/289/289
f 292/292/292 288/288/288 291/291/291
f 290/290/290 293/293/293 289/289/289
f 289/289/289 293/293/293 291/291/291
f 290/290/290 294/294/294 293/293/293
f 291/291/291 295/295/295 292/292/292
f 293/293/293 295/295/295 291/291/291
f 295/295/295 296/296/296 292/292/292
f 294/294/294 297/297/297 293/293/293
f 293/293/293 297/297/297 295/295/295
f 297/297/297 294/294/294 298/298/298
f 299/299/299 297/297/297 298/298/298
f 295/295/295 300/300/300 296/296/296
f 297/297/297 300/300/300 295/295/295
f 300/300/300 297/297/297 299/299/299
f 300/300/300 301/301/301 296/296/296
f 302/302/302 300/300/300 299/299/299
f 301/301/301 300/300/300 302/302/302
f 303/303/303 301/301/301 302/302/302
f 306/306/306 305/305/305 304/304/304
f 305/305/305 307/307/307 304/304/304
f 304/304/304 307/307/307 308/308/308
f 307/307/307 305/305/305 309/309/309
f 307/307/307 310/310/310 308/308/308
f 308/308/308 310/310/310 311/311/311
f 310/310/310 312/312/312 311/311/311
f 313/313/313 307/307/307 309/309/309
f 310/310/310 307/307/307 313/313/313
f 313/313/313 309/309/309 314/314/314
f 312/312/312 310/310/310 315/315/315
f 315/315/315 310/310/310 313/313/313
f 316/316/316 312/312/312 315/315/315
f 317/317/317 313/313/313 314/314/314
f 315/315/315 313/313/313 317/317/317
f 314/314/314 318/318/318 317/317/317
f 316/316/316 315/315/315 319/319/319
f 319/319/319 315/315/315 317/317/317
f 320/320/320 316/316/316 319/319/319
f 318/318/318 321/321/321 317/317/317
f 317/317/317 321/321/321 319/319/319
f 321/321/321 318/318/318 322/322/322
f 319/319/319 323/323/323 320/320/320
f 321/321/321 323/323/323 319/319/319
f 323/323/323 324/324/324 320/320/320
f 325/325/325 321/321/321 322/322/322
f 323/323/323 321/321/321 325/325/325
f 325/325/325 322/322/322 326/326/326
f 327/327/327 325/325/325 326/326/326
f 324/324/324 323/323/323 328/328/328
f 328/328/328 323/323/323 325/325/325
f 328/328/328 325/325/325 327/327/327
f 329/329/329 324/324/324 328/328/328
f 330/330/330 328/328/328 327/327/327
f 329/329/329 328/328/328 330/330/330
f 327/327/327 274/274/274 330/330/330
f 331/331/331 329/329/329 330/330/330
f 334/334/334 333/333/333 332/332/332
f 333/333/333 335/335/335 332/332/332
f 332/332/332 335/335/335 336/336/336
f 333/333/333 337/337/337 335/335/335
f 335/335/335 338/338/338 336/336/336
f 336/336/336 338/338/338 339/339/339
f 338/338/338 340/340/340 339/339/339
f 337/337/337 341/341/341 335/335/335
f 335/335/335 341/341/341 338/338/338
f 341/341/341 337/337/337 342/342/342
f 338/338/338 343/343/343 340/340/340
f 341/341/341 343/343/343 338/338/338
f 343/343/343 344/344/344 340/340/340
f 345/345/345 341/341/341 342/342/342
f 343/343/343 341/341/341 345/345/345
f 342/342/342 346/346/346 345/345/345
f 344/344/344 343/343/343 347/347/347
f 347/347/347 343/343/343 345/345/345
f 348/348/348 344/344/344 347/347/347
f 346/346/346 349/349/349 345/345/345
f 345/345/345 349/349/349 347/347/347
f 346/346/346 350/350/350 349/349/349
f 347/347/347 351/351/351 348/348/348
f 349/349/349 351/351/351 347/347/347
f 351/351/351 352/352/352 348/348/348
f 350/350/350 353/353/353 349/349/349
f 349/349/349 353/353/353 351/351/351
f 353/353/353 350/350/350 354/354/354
f 351/351/351 355/355/355 352/352/352
f 353/353/353 355/355/355 351/351/351
f 355/355/355 356/356/356 352/352/352
f 357/357/357 353/353/353 354/354/354
f 355/355/355 353/353/353 357/357/357
f 354/354/354 358/358/358 357/357/357
f 356/356/356 355/355/355 359/359/359
f 359/359/359 355/355/355 357/357/357
f 360/360/360 356/356/356 359/359/359
f 358/358/358 361/361/361 357/357/357
f 357/357/357 361/361/361 359/359/359
f 358/358/358 362/362/362 361/361/361
f 359/359/359 363/363/363 360/360/360
f 361/361/361 363/363/363 359/359/359
f 363/363/363 364/364/364 360/360/360
f 362/362/362 365/365/365 361/361/361
f 361/361/361 365/365/365 363/363/363
f 365/365/365 362/362/362 366/366/366
f 363/363/363 367/367/367 364/364/364
f 365/365/365 367/367/367 363/363/363
f 367/367/367 368/368/368 364/364/364
f 369/369/369 365/365/365 366/366/366
f 367/367/367 365/365/365 369/369/369
f 366/366/366 370/370/370 369/369/369
f 368/368/368 367/367/367 371/371/371
f 371/371/371 367/367/367 369/369/369
f 372/372/372 368/368/368 371/371/371
f 370/370/370 373/373/373 369/369/369
f 369/369/369 373/373/373 371/371/371
f 373/373/373 370/370/370 374/374/374
f 371/371/371 375/375/375 372/372/372
f 373/373/373 375/375/375 371/371/371
f 375/375/375 376/376/376 372/372/372
f 377/377/377 373/373/373 374/374/374
f 375/375/375 373/373/373 377/377/377
f 377/377/377 374/374/374 378/378/378
f 376/376/376 375/375/375 379/379/379
f 379/379/379 375/375/375 377/377/377
f 380/380/380 376/376/376 379/379/379
f 381/381/381 377/377/377 378/378/378
f 379/379/379 377/377/377 381/381/381
f 378/378/378 382/382/382 381/381/381
f 380/380/380 379/379/379 383/383/383
f 383/383/383 379/379/379 381/381/381
f 384/384/384 380/380/380 383/383/383
f 382/382/382 385/385/385 381/381/381
f 381/381/381 385/385/385 383/383/383
f 385/385/385 382/382/382 386/386/386
f 383/383/383 387/387/387 384/384/384
f 385/385/385 387/387/387 383/383/383
f 387/387/387 388/388/388 384/384/384
f 389/389/389 385/385/385 386/386/386
f 387/387/387 385/385/385 389/389/389
f 389/389/389 386/386/386 390/390/390
f 388/388/388 387/387/387 391/391/391
f 391/391/391 387/387/387 389/389/389
f 392/392/392 388/388/388 391/391/391
f 393/393/393 389/389/389 390/390/390
f 391/391/391 389/389/389 393/393/393
f 390/390/390 394/394/394 393/393/393
f 392/392/392 391/391/391 395/395/395
f 395/395/395 391/391/391 393/393/393
f 396/396/396 392/392/392 395/395/395
f 394/394/394 397/397/397 393/393/393
f 393/393/393 397/397/397 395/395/395
f 397/397/397 394/394/394 398/398/398
f 395/395/395 399/399/399 396/396/396
f 397/397/397 399/399/399 395/395/395
f 399/399/399 400/400/400 396/396/396
f 401/401/401 397/397/397 398/398/398
f 399/399/399 397/397/397 401/401/401
f 401/401/401 398/398/398 402/402/402
f 400/400/400 399/399/399 403/403/403
f 403/403/403 399/399/399 401/401/401
f 404/404/404 400/400/400 403/403/403
f 405/405/405 401/401/401 402/402/402
f 403/403/403 401/401/401 405/405/405
f 402/402/402 406/406/406 405/405/405
f 404/404/404 403/403/403 407/407/407
f 407/407/407 403/403/403 405/405/405
f 408/408/408 404/404/404 407/407/407
f 406/406/406 409/409/409 405/405/405
f 405/405/405 409/409/409 407/407/407
f 409/409/409 406/406/406 410/410/410
f 407/407/407 411/411/411 408/408/408
f 409/409/409 411/411/411 407/407/407
f 411/411/411 412/412/412 408/408/408
f 413/413/413 409/409/409 410/410/410
f 411/411/411 409/409/409 413/413/413
f 413/413/413 410/410/410 414/414/414
f 412/412/412 411/411/411 415/415/415
f 415/415/415 411/411/411 413/413/413
f 416/416/416 412/412/412 415/415/415
f 417/417/417 413/413/413 414/414/414
f 415/415/415 413/413/413 417/417/417
f 414/414/414 418/418/418 417/417/417
f 416/416/416 415/415/415 419/419/419
f 419/419/419 415/415/415 417/417/417
f 420/420/420 416/416/416 419/419/419
f 418/418/418 421/421/421 417/417/417
f 417/417/417 421/421/421 419/419/419
f 421/421/421 418/418/418 422/422/422
f 419/419/419 423/423/423 420/420/420
f 421/421/421 423/423/423 419/419/419
f 423/423/423 424/424/424 420/420/420
f 425/425/425 421/421/421 422/422/422
f 423/423/423 421/421/421 425/425/425
f 425/425/425 422/422/422 426/426/426
f 424/424/424 423/423/423 427/427/427
f 427/427/427 423/423/423 425/425/425
f 428/428/428 424/424/424 427/427/427
f 429/429/429 425/425/425 426/426/426
f 427/427/427 425/425/425 429/429/429
f 426/426/426 430/430/430 429/429/429
f 428/428/428 427/427/427 431/431/431
f 431/431/431 427/427/427 429/429/429
f 432/432/432 428/428/428 431/431/431
f 430/430/430 433/433/433 429/429/429
f 429/429/429 433/433/433 431/431/431
f 433/433/433 430/430/430 434/434/434
f 431/431/431 435/435/435 432/432/432
f 433/433/433 435/435/435 431/431/431
f 435/435/435 436/436/436 432/432/432
f 437/437/437 433/433/433 434/434/434
f 435/435/435 433/433/433 437/437/437
f 437/437/437 434/434/434 438/438/438
f 436/436/436 435/435/435 439/439/439
f 439/439/439 435/435/435 437/437/437
f 440/440/440 436/436/436 439/439/439
f 441/441/441 437/437/437 438/438/438
f 439/439/439 437/437/437 441/441/441
f 438/438/438 442/442/442 441/441/441
f 440/440/440 439/439/439 443/443/443
f 443/443/443 439/439/439 441/441/441
f 444/444/444 440/440/440 443/443/443
f 442/442/442 445/445/445 441/441/441
f 441/441/441 445/445/445 443/443/443
f 445/445/445 442/442/442 446/446/446
f 443/443/443 447/447/447 444/444/444
f 445/445/445 447/447/447 443/443/443
f 447/447/447 448/448/448 444/444/444
f 449/449/449 445/445/445 446/446/446
f 447/447/447 445/445/445 449/449/449
f 449/449/449 446/446/446 450/450/450
f 448/448/448 447/447/447 451/451/451
f 451/451/451 447/447/447 449/449/449
f 452/452/452 448/448/448 451/451/451
f 453/453/453 449/449/449 450/450/450
f 451/451/451 449/449/449 453/453/453
f 450/450/450 454/454/454 453/453/453
f 452/452/452 451/451/451 455/455/455
f 455/455/455 451/451/451 453/453/453
f 453/453/453 454/454/454 455/455/455
f 456/456/456 452/452/452 455/455/455
f 455/455/455 454/454/454 456/456/456
f 459/459/459 458/458/458 457/457/457
f 458/458/458 460/460/460 457/457/457
f 457/457/457 460/460/460 461/461/461
f 458/458/458 462/462/462 460/460/460
f 460/460/460 463/463/463 461/461/461
f 461/461/461 463/463/463 464/464/464
f 463/463/463 465/465/465 464/464/464
f 462/462/462 466/466/466 460/460/460
f 460/460/460 466/466/466 463/463/463
f 466/466/466 462/462/462 467/467/467
f 463/463/463 468/468/468 465/465/465
f 466/466/466 468/468/468 463/463/463
f 468/468/468 469/469/469 465/465/465
f 470/470/470 466/466/466 467/467/467
f 468/468/468 466/466/466 470/470/470
f 467/467/467 471/471/471 470/470/470
f 469/469/469 468/468/468 472/472/472
f 472/472/472 468/468/468 470/470/470
f 473/473/473 469/469/469 472/472/472
f 471/471/471 474/474/474 470/470/470
f 470/470/470 474/474/474 472/472/472
f 471/471/471 475/475/475 474/474/474
f 472/472/472 476/476/476 473/473/473
f 474/474/474 476/476/476 472/472/472
f 476/476/476 477/477/477 473/473/473
f 475/475/475 478/478/478 474/474/474
f 474/474/474 478/478/478 476/476/476
f 478/478/478 475/475/475 479/479/479
f 476/476/476 480/480/480 477/477/477
f 478/478/478 480/480/480 476/476/476
f 480/480/480 481/481/481 477/477/477
f 482/482/482 478/478/478 479/479/479
f 480/480/480 478/478/478 482/482/482
f 479/479/479 483/483/483 482/482/482
f 481/481/481 480/480/480 484/484/484
f 484/484/484 480/480/480 482/482/482
f 485/485/485 481/481/481 484/484/484
f 483/483/483 486/486/486 482/482/482
f 482/482/482 486/486/486 484/484/484
f 483/483/483 487/487/487 486/486/486
f 484/484/484 488/488/488 485/485/485
f 486/486/486 488/488/488 484/484/484
f 488/488/488 489/489/489 485/485/485
f 487/487/487 490/490/490 486/486/486
f 486/486/486 490/490/490 488/488/488
f 490/490/490 487/487/487 491/491/491
f 488/488/488 492/492/492 489/489/489
f 490/490/490 492/492/492 488/488/488
f 492/492/492 493/493/493 489/489/489
f 494/494/494 490/490/490 491/491/491
f 492/492/492 490/490/490 494/494/494
f 491/491/491 495/495/495 494/494/494
f 493/493/493 492/492/492 496/496/496
f 496/496/496 492/492/492 494/494/494
f 497/497/497 493/493/493 496/496/496
f 495/495/495 498/498/498 494/494/494
f 494/494/494 498/498/498 496/496/496
f 498/498/498 495/495/495 499/499/499
f 496/496/496 500/500/500 497/497/497
f 498/498/498 500/500/500 496/496/496
f 500/500/500 501/501/501 497/497/497
f 502/502/502 498/498/498 499/499/499
f 500/500/500 498/498/498 502/502/502
f 502/502/502 499/499/499 503/503/503
f 501/501/501 500/500/500 504/504/504
f 504/504/504 500/500/500 502/502/502
f 505/505/505 501/501/501 504/504/504
f 506/506/506 502/502/502 503/503/503
f 504/504/504 502/502/502 506/506/506
f 503/503/503 507/507/507 506/506/506
f 505/505/505 504/504/504 508/508/508
f 508/508/508 504/504/504 506/506/506
f 509/509/509 505/505/505 508/508/508
f 507/507/507 510/510/510 506/506/506
f 506/506/506 510/510/510 508/508/508
f 510/510/510 507/507/507 511/511/511
f 508/508/508 512/512/512 509/509/509
f 510/510/510 512/512/512 508/508/508
f 512/512/512 513/513/513 509/509/509
f 514/514/514 510/510/510 511/511/511
f 512/512/512 510/510/510 514/514/514
f 514/514/514 511/511/511 515/515/515
f 513/513/513 512/512/512 516/516/516
f 516/516/516 512/512/512 514/514/514
f 517/517/517 513/513/513 516/516/516
f 518/518/518 514/514/514 515/515/515
f 516/516/516 514/514/514 518/518/518
f 515/515/515 519/519/519 518/518/518
f 517/517/517 516/516/516 520/520/520
f 520/520/520 516/516/516 518/518/518
f 521/521/521 517/517/517 520/520/520
f 519/519/519 522/522/522 518/518/518
f 518/518/518 522/522/522 520/520/520
f 522/522/522 519/519/519 523/523/523
f 520/520/520 524/524/524 521/521/521
f 522/522/522 524/524/524 520/520/520
f 524/524/524 525/525/525 521/521/521
f 526/526/526 522/522/522 523/523/523
f 524/524/524 522/522/522 526/526/526
f 526/526/526 523/523/523 527/527/527
f 525/525/525 524/524/524 528/528/528
f 528/528/528 524/524/524 526/526/526
f 529/529/529 525/525/525 528/528/528
f 530/530/530 526/526/526 527/527/527
f 528/528/528 526/526/526 530/530/530
f 527/527/527 531/531/531 530/530/530
f 529/529/529 528/528/528 532/532/532
f 532/532/532 528/528/528 530/530/530
f 533/533/533 529/529/529 532/532/532
f 531/531/531 534/534/534 530/530/530
f 530/530/530 534/534/534 532/532/532
f 534/534/534 531/531/531 535/535/535
f 532/532/532 536/536/536 533/533/533
f 534/534/534 536/536/536 532/532/532
f 536/536/536 537/537/537 533/533/533
f 538/538/538 534/534/534 535/535/535
f 536/536/536 534/534/534 538/538/538
f 538/538/538 535/535/535 539/539/539
f 537/537/537 536/536/536 540/540/540
f 540/540/540 536/536/536 538/538/538
f 541/541/541 537/537/537 540/540/540
f 542/542/542 538/538/538 539/539/539
f 540/540/540 538/538/538 542/542/542
f 539/539/539 543/543/543 542/542/542
f 541/541/541 540/540/540 544/544/544
f 544/544/544 540/540/540 542/542/542
f 545/545/545 541/541/541 544/544/544
f 543/543/543 546/546/546 542/542/542
f 542/542/542 546/546/546 544/544/544
f 546/546/546 543/543/543 547/547/547
f 544/544/544 548/548/548 545/545/545
f 546/546/546 548/548/548 544/544/544
f 548/548/548 549/549/549 545/545/545
f 550/550/550 546/546/546 547/547/547
f 548/548/548 546/546/546 550/550/550
f 550/550/550 547/547/547 551/551/551
f 549/549/549 548/548/548 552/552/552
f 552/552/552 548/548/548 550/550/550
f 553/553/553 549/549/549 552/552/552
f 554/554/554 550/550/550 551/551/551
f 552/552/552 550/550/550 554/554/554
f 551/551/551 555/555/555 554/554/554
f 553/553/553 552/552/552 556/556/556
f 556/556/556 552/552/552 554/554/554
f 557/557/557 553/553/553 556/556/556
f 555/555/555 558/558/558 554/554/554
f 554/554/554 558/558/558 556/556/556
f 558/558/558 555/555/555 559/559/559
f 556/556/556 560/560/560 557/557/557
f 558/558/558 560/560/560 556/556/556
f 560/560/560 561/561/561 557/557/557
f 562/562/562 558/558/558 559/559/559
f 560/560/560 558/558/558 562/562/562
f 562/562/562 559/559/559 563/563/563
f 561/561/561 560/560/560 564/564/564
f 564/564/564 560/560/560 562/562/562
f 565/565/565 561/561/561 564/564/564
f 566/566/566 562/562/562 563/563/563
f 564/564/564 562/562/562 566/566/566
f 563/563/563 567/567/567 566/566/566
f 565/565/565 564/564/564 568/568/568
f 568/568/568 564/564/564 566/566/566
f 569/569/569 565/565/565 568/568/568
f 567/567/567 570/570/570 566/566/566
f 566/566/566 570/570/570 568/568/568
f 570/570/570 567/567/567 571/571/571
f 568/568/568 572/572/572 569/569/569
f 570/570/570 572/572/572 568/568/568
f 572/572/572 573/573/573 569/569/569
f 574/574/574 570/570/570 571/571/571
f 572/572/572 570/570/570 574/574/574
f 574/574/574 571/571/571 575/575/575
f 573/573/573 572/572/572 576/576/576
f 576/576/576 572/572/572 574/574/574
f 577/577/577 573/573/573 576/576/576
f 578/578/578 574/574/574 575/575/575
f 576/576/576 574/574/574 578/578/578
f 575/575/575 579/579/579 578/578/578
f 577/577/577 576/576/576 580/580/580
f 580/580/580 576/576/576 578/578/578
f 578/578/578 579/579/579 580/580/580
f 581/581/581 577/577/577 580/580/580
f 580/580/580 579/579/579 581/581/581
f 584/584/584 583/583/583 582/582/582
f 583/583/583 584/584/584 585/585/585
f 583/583/583 586/586/586 582/582/582
f 582/582/582 586/586/586 587/587/587
f 586/586/586 588/588/588 587/587/587
f 588/588/588 586/586/586 589/589/589
f 587/587/587 588/588/588 590/590/590
f 588/588/588 591/591/591 590/590/590
f 591/591/591 588/588/588 589/589/589
f 590/590/590 591/591/591 592/592/592
f 585/585/585 592/592/592 593/593/593
f 591/591/591 593/593/593 592/592/592
f 586/586/586 583/583/583 594/594/594
f 586/586/586 594/594/594 589/589/589
f 595/595/595 583/583/583 585/585/585
f 595/595/595 585/585/585 593/593/593
f 595/595/595 596/596/596 583/583/583
f 595/595/595 593/593/593 596/596/596
f 583/583/583 596/596/596 594/594/594
f 593/593/593 591/591/591 597/597/597
f 596/596/596 593/593/593 597/597/597
f 597/597/597 591/591/591 589/589/589
f 594/594/594 596/596/596 598/598/598
f 596/596/596 597/597/597 598/598/598
f 599/599/599 594/594/594 598/598/598
f 589/589/589 594/594/594 599/599/599
f 597/597/597 600/600/600 598/598/598
f 597/597/597 589/589/589 600/600/600
f 601/601/601 589/589/589 599/599/599
f 589/589/589 601/601/601 600/600/600
f 604/604/604 603/603/603 602/602/602
f 604/604/604 605/605/605 603/603/603
f 603/603/603 606/606/606 602/602/602
f 607/607/607 602/602/602 606/606/606
f 605/605/605 608/608/608 603/603/603
f 605/605/605 609/609/609 608/608/608
f 610/610/610 607/607/607 606/606/606
f 611/611/611 607/607/607 610/610/610
f 606/606/606 603/603/603 612/612/612
f 612/612/612 603/603/603 608/608/608
f 613/613/613 606/606/606 612/612/612
f 610/610/610 606/606/606 613/613/613
f 614/614/614 612/612/612 608/608/608
f 615/615/615 610/610/610 613/613/613
f 609/609/609 616/616/616 608/608/608
f 614/614/614 608/608/608 616/616/616
f 609/609/609 611/611/611 616/616/616
f 615/615/615 614/614/614 616/616/616
f 617/617/617 611/611/611 610/610/610
f 611/611/611 617/617/617 616/616/616
f 617/617/617 610/610/610 615/615/615
f 617/617/617 615/615/615 616/616/616
f 620/620/620 619/619/619 618/618/618
f 618/618/618 621/621/621 620/620/620
f 620/620/620 622/622/622 619/619/619
f 621/621/621 622/622/622 620/620/620
f 619/619/619 623/623/623 618/618/618
f 622/622/622 624/624/624 619/619/619
f 619/619/619 624/624/624 623/623/623
f 622/622/622 621/621/621 625/625/625
f 622/622/622 625/625/625 626/626/626
f 624/624/624 622/622/622 626/626/626
f 621/621/621 627/627/627 625/625/625
f 625/625/625 627/627/627 626/626/626
f 628/628/628 621/621/621 618/618/618
f 621/621/621 628/628/628 627/627/627
f 624/624/624 626/626/626 629/629/629
f 627/627/627 629/629/629 626/626/626
f 618/618/618 623/623/623 630/630/630
f 630/630/630 628/628/628 618/618/618
f 624/624/624 631/631/631 623/623/623
f 631/631/631 624/624/624 629/629/629
f 627/627/627 632/632/632 629/629/629
f 628/628/628 632/632/632 627/627/627
f 623/623/623 633/633/633 630/630/630
f 623/623/623 631/631/631 633/633/633
f 631/631/631 629/629/629 634/634/634
f 632/632/632 634/634/634 629/629/629
f 631/631/631 635/635/635 633/633/633
f 635/635/635 631/631/631 634/634/634
f 628/628/628 636/636/636 632/632/632
f 636/636/636 628/628/628 630/630/630
f 633/633/633 637/637/637 630/630/630
f 633/633/633 635/635/635 637/637/637
f 634/634/634 632/632/632 638/638/638
f 635/635/635 634/634/634 638/638/638
f 636/636/636 639/639/639 632/632/632
f 632/632/632 639/639/639 638/638/638
f 640/640/640 636/636/636 630/630/630
f 637/637/637 640/640/640 630/630/630
f 636/636/636 641/641/641 639/639/639
f 641/641/641 636/636/636 640/640/640
f 642/642/642 635/635/635 638/638/638
f 635/635/635 642/642/642 637/637/637
f 638/638/638 639/639/639 643/643/643
f 641/641/641 643/643/643 639/639/639
f 644/644/644 640/640/640 637/637/637
f 644/644/644 641/641/641 640/640/640
f 642/642/642 638/638/638 645/645/645
f 645/645/645 638/638/638 643/643/643
f 637/637/637 642/642/642 646/646/646
f 646/646/646 644/644/644 637/637/637
f 641/641/641 647/647/647 643/643/643
f 647/647/647 641/641/641 644/644/644
f 645/645/645 643/643/643 648/648/648
f 647/647/647 648/648/648 643/643/643
f 649/649/649 642/642/642 645/645/645
f 642/642/642 649/649/649 646/646/646
f 650/650/650 644/644/644 646/646/646
f 650/650/650 647/647/647 644/644/644
f 651/651/651 645/645/645 648/648/648
f 649/649/649 645/645/645 651/651/651
f 647/647/647 652/652/652 648/648/648
f 652/652/652 651/651/651 648/648/648
f 652/652/652 647/647/647 650/650/650
f 652/652/652 649/649/649 651/651/651
f 653/653/653 650/650/650 646/646/646
f 646/646/646 649/649/649 653/653/653
f 653/653/653 652/652/652 650/650/650
f 649/649/649 652/652/652 653/653/653
f 656/656/656 655/655/655 654/654/654
f 654/654/654 657/657/657 656/656/656
f 656/656/656 658/658/658 655/655/655
f 657/657/657 658/658/658 656/656/656
f 655/655/655 659/659/659 654/654/654
f 658/658/658 660/660/660 655/655/655
f 655/655/655 660/660/660 659/659/659
f 658/658/658 657/657/657 661/661/661
f 658/658/658 661/661/661 662/662/662
f 660/660/660 658/658/658 662/662/662
f 657/657/657 663/663/663 661/661/661
f 661/661/661 663/663/663 662/662/662
f 664/664/664 657/657/657 654/654/654
f 657/657/657 664/664/664 663/663/663
f 660/660/660 662/662/662 665/665/665
f 663/663/663 665/665/665 662/662/662
f 654/654/654 659/659/659 666/666/666
f 666/666/666 664/664/664 654/654/654
f 660/660/660 667/667/667 659/659/659
f 667/667/667 660/660/660 665/665/665
f 663/663/663 668/668/668 665/665/665
f 664/664/664 668/668/668 663/663/663
f 659/659/659 669/669/669 666/666/666
f 659/659/659 667/667/667 669/669/669
f 667/667/667 665/665/665 670/670/670
f 668/668/668 670/670/670 665/665/665
f 667/667/667 671/671/671 669/669/669
f 671/671/671 667/667/667 670/670/670
f 664/664/664 672/672/672 668/668/668
f 672/672/672 664/664/664 666/666/666
f 669/669/669 673/673/673 666/666/666
f 669/669/669 671/671/671 673/673/673
f 670/670/670 668/668/668 674/674/674
f 671/671/671 670/670/670 674/674/674
f 672/672/672 675/675/675 668/668/668
f 668/668/668 675/675/675 674/674/674
f 676/676/676 672/672/672 666/666/666
f 673/673/673 676/676/676 666/666/666
f 672/672/672 677/677/677 675/675/675
f 677/677/677 672/672/672 676/676/676
f 678/678/678 671/671/671 674/674/674
f 671/671/671 678/678/678 673/673/673
f 674/674/674 675/675/675 679/679/679
f 677/677/677 679/679/679 675/675/675
f 680/680/680 676/676/676 673/673/673
f 680/680/680 677/677/677 676/676/676
f 678/678/678 674/674/674 681/681/681
f 681/681/681 674/674/674 679/679/679
f 673/673/673 678/678/678 682/682/682
f 682/682/682 680/680/680 673/673/673
f 677/677/677 683/683/683 679/679/679
f 683/683/683 677/677/677 680/680/680
f 681/681/681 679/679/679 684/684/684
f 683/683/683 684/684/684 679/679/679
f 685/685/685 678/678/678 681/681/681
f 678/678/678 685/685/685 682/682/682
f 686/686/686 680/680/680 682/682/682
f 686/686/686 683/683/683 680/680/680
f 687/687/687 681/681/681 684/684/684
f 685/685/685 681/681/681 687/687/687
f 683/683/683 688/688/688 684/684/684
f 688/688/688 687/687/687 684/684/684
f 688/688/688 683/683/683 686/686/686
f 688/688/688 685/685/685 687/687/687
f 689/689/689 686/686/686 682/682/682
f 682/682/682 685/685/685 689/689/689
f 689/689/689 688/688/688 686/686/686
f 685/685/685 688/688/688 689/689/689
