g Mai_S004_Face
v 0.019549752 -0.061288923 1.6984799
v 0.019868307 -0.060873307 1.6977321
v 0.017458305 -0.061592996 1.6965339
v 0.056273308 -0.05025 1.7061269
v 0.049221303 -0.053369 1.710059
v 0.055710305 -0.049466 1.709616
v 0.030151304 -0.060457 1.7062019
v 0.027005306 -0.060053 1.70358
v 0.030414304 -0.05945 1.705222
v 0.030414304 -0.05945 1.705222
v 0.033824306 -0.058847997 1.706864
v 0.036717303 -0.062523 1.710675
v 0.034275305 -0.059246 1.703665
v 0.042114306 -0.053005 1.6768159
v 0.03906144 -0.050692614 1.6801481
v 0.041356307 -0.050017998 1.6802
v 0.04994613 -0.051234998 1.6768003
v 0.04411297 -0.049213875 1.680421
v 0.046688303 -0.048462 1.680627
v -0.019549752 -0.061288923 1.6984799
v -0.017458305 -0.061592996 1.6965339
v -0.019868307 -0.060873307 1.6977321
v -0.056273308 -0.05025 1.7061269
v -0.055710305 -0.049466 1.709616
v -0.049221303 -0.053369 1.710059
v -0.030151304 -0.060457 1.7062019
v -0.030414304 -0.05945 1.705222
v -0.027005306 -0.060053 1.70358
v -0.033824306 -0.058847997 1.706864
v -0.030414304 -0.05945 1.705222
v -0.036717303 -0.062523 1.710675
v -0.034275305 -0.059246 1.703665
v -0.042114306 -0.053005 1.6768159
v -0.041356307 -0.050017998 1.6802
v -0.03906144 -0.050692614 1.6801481
v -0.04994613 -0.051234998 1.6768003
v -0.046688303 -0.048462 1.680627
v -0.04411297 -0.049213875 1.680421
v 0.029609999 -0.026131999 1.643977
v 0.026345998 -0.01708 1.6444569
v 0.024956997 -0.019097 1.6537359
v 0.026810998 -0.027053 1.653941
v 0.030000998 -0.034675 1.644061
v 0.026724 -0.036326 1.6538589
v 0.029568998 -0.04315 1.6433839
v 0.019867 -0.027718998 1.6621851
v 0.025680998 -0.045086 1.651965
v 0.027165 -0.052355997 1.6421182
v 0.020344999 -0.015785 1.6559969
v 0.026345998 -0.01708 1.6444569
v 0.020574 -0.010732 1.644474
v 0.026033001 -0.016959999 1.637783
v 0.020983 -0.010934 1.6361709
v 0.024885 -0.017587 1.6331531
v 0.014881999 -0.0075569996 1.6444759
v 0.019121999 -0.038036 1.6623449
v 0.013901 -0.027848 1.665122
v 0.01822 -0.047462 1.659483
v 0.014675 -0.013609999 1.657637
v 0.013257001 -0.039001 1.6651489
v 0.008571 -0.028004998 1.666024
v 0.015643999 -0.008369 1.635086
v 0.008967 -0.006043 1.6445799
v 0.022002 -0.015761 1.629288
v 0.008863 -0.012705999 1.6583549
v 0.016714 -0.057149 1.654498
v 0.012934 -0.048509 1.661737
v 0.0077509996 -0.039395 1.666441
v 0.0036739998 -0.028025 1.666371
v 0.023556001 -0.054465998 1.649055
v 0.0194 -0.057434 1.6445764
v 0.022942 -0.055437997 1.6401553
v 0.018718999 -0.058793996 1.6380235
v 0.014312 -0.059503 1.6479348
v 0.015922 -0.06004 1.6404573
v 0.013882 -0.062769 1.635721
v 0.011419999 -0.063806005 1.6358743
v 0.012165 -0.061683 1.642223
v 0.009280998 -0.064729005 1.6359906
v 0.010178 -0.060802 1.6495633
v 0.008367999 -0.063087 1.6429069
v 0.00697 -0.06556301 1.6361036
v 0.004784001 -0.066344 1.6362399
v 0.0121949995 -0.058408998 1.6568922
v 0.004846 -0.064208 1.643471
v 0.0026049996 -0.066861 1.6362953
v 0.006082 -0.061914 1.6506265
v 0.007651 -0.048899002 1.663352
v 0.002077 -0.064885 1.6434339
v -0 -0.067062005 1.6363149
v -0 -0.065189 1.6435499
v -0 -0.062984 1.6509906
v 0.002506 -0.062677994 1.6510124
v -0 -0.060347 1.6586632
v 0.007127 -0.059397995 1.6580491
v 0.002991 -0.060089998 1.658566
v -0 -0.049442 1.663912
v 0.003278 -0.049309 1.6637759
v -0 -0.039653 1.666875
v 0.003524 -0.039651997 1.666746
v -0 -0.02798 1.666443
v 0.003976 -0.0124389995 1.65889
v -0 -0.012374999 1.659231
v -0 -0.005743 1.6445289
v 0.004146 -0.0059269997 1.644679
v 0.004417 -0.0065069995 1.633643
v -0 -0.0062030004 1.633489
v 0.009676999 -0.006804 1.634062
v 0.00513 -0.013172999 1.624776
v -0 -0.01309 1.6242269
v -0 -0.024519999 1.619698
v 0.016895 -0.014565 1.6270919
v 0.010649 -0.01342 1.625485
v 0.00551 -0.024602 1.62037
v 0.011915999 -0.024803 1.621513
v 0.005533 -0.033623 1.6184269
v -0 -0.033728 1.617569
v 0.018226 -0.025276998 1.624036
v 0.012426999 -0.033515997 1.620109
v 0.005693 -0.043222997 1.617216
v -0 -0.043575 1.616495
v 0.023585 -0.025617 1.627684
v 0.019283 -0.033664998 1.6228399
v 0.012522 -0.042384 1.619028
v 0.0050819996 -0.051434 1.6178279
v -0 -0.051565 1.6173663
v -0 -0.055669893 1.6233008
v 0.019141998 -0.041995 1.622234
v 0.011568 -0.051055998 1.6191925
v 0.004373 -0.055409893 1.6237303
v -0 -0.058940604 1.6277264
v 0.018645 -0.050598998 1.6225275
v 0.009710999 -0.055097893 1.6245177
v 0.003911 -0.0586646 1.6281221
v -0 -0.064512 1.6360499
v 0.004446 -0.064365 1.6359876
v 0.008109 -0.0583176 1.6286978
v 0.0074529997 -0.063979 1.6358645
v 0.009889 -0.063558996 1.6357586
v 0.012162 -0.05811595 1.6295183
v 0.0122 -0.06309 1.6356447
v 0.015473 -0.054555893 1.6261722
v 0.016291 -0.05788938 1.6315008
v 0.013918 -0.062711 1.6356317
v 0.0197 -0.05423814 1.6291648
v 0.018276 -0.057989 1.6336865
v 0.023343 -0.050671 1.6268572
v 0.022288999 -0.054173138 1.633362
v 0.01908 -0.058241 1.6361122
v 0.024082 -0.041795995 1.627402
v 0.018718999 -0.058793996 1.6380235
v 0.013882 -0.062769 1.635721
v 0.023308 -0.054633003 1.6369847
v 0.022942 -0.055437997 1.6401553
v 0.026798999 -0.050862998 1.6331782
v 0.027411 -0.051346 1.6377769
v 0.027165 -0.052355997 1.6421182
v 0.029568998 -0.04315 1.6433839
v 0.029116001 -0.042354997 1.6383729
v 0.030000998 -0.034675 1.644061
v 0.024275998 -0.033762 1.62761
v 0.027943 -0.041795 1.6334809
v 0.029091999 -0.034130998 1.6385729
v 0.029609999 -0.026131999 1.643977
v 0.027585 -0.025847001 1.63304
v 0.028108 -0.033761 1.633392
v 0.028955 -0.025966998 1.6383239
v 0.026345998 -0.01708 1.6444569
v 0.026033001 -0.016959999 1.637783
v 0.0026049996 -0.066861 1.6362953
v -0 -0.067062005 1.6363149
v -0 -0.068756 1.6379458
v 0.0029759998 -0.068494 1.6378618
v -0 -0.069537 1.6390253
v 0.004784001 -0.066344 1.6362399
v 0.00316 -0.069141 1.6389831
v -0 -0.070236 1.6407316
v 0.005425 -0.067943 1.6377585
v 0.00697 -0.06556301 1.6361036
v 0.003327 -0.069744 1.64069
v -0 -0.07069 1.6425356
v 0.00785 -0.066919 1.6374
v 0.009280998 -0.064729005 1.6359906
v 0.0057880003 -0.068531 1.6388103
v 0.0035139997 -0.070212 1.6425444
v -0 -0.071496 1.6456729
v 0.0104789995 -0.065639 1.6369283
v 0.011419999 -0.063806005 1.6358743
v 0.006257 -0.069057 1.6404086
v 0.008455 -0.067499995 1.6383729
v 0.003844 -0.071038 1.6455235
v -0 -0.07278299 1.6496551
v 0.012944 -0.064128 1.6364068
v 0.013882 -0.062769 1.635721
v 0.011142 -0.066129 1.637707
v 0.009024999 -0.068070896 1.6398033
v 0.006627 -0.069497 1.6421864
v 0.004171 -0.07227 1.6496315
v -0 -0.076675 1.6532645
v 0.014962999 -0.062928 1.6359572
v 0.013918 -0.062711 1.6356317
v 0.014048999 -0.064256 1.6368307
v 0.011731 -0.066505 1.6387799
v 0.007124 -0.070346 1.6451823
v 0.004415 -0.07566 1.6538808
v 0.007614 -0.071479 1.6493155
v 0.0039959997 -0.079817995 1.6572338
v -0 -0.08100899 1.6567547
v 0.008362 -0.074095994 1.655516
v 0.003068 -0.083505 1.660552
v -0 -0.085941 1.6603559
v -0 -0.086637 1.6618629
v 0.008432999 -0.075246 1.6589026
v 0.012468999 -0.069965 1.6605607
v 0.011787999 -0.070989996 1.6544032
v 0.011028 -0.070097 1.648662
v 0.003055 -0.084097005 1.6621189
v -0 -0.086481 1.663396
v 0.0081859995 -0.076071 1.662183
v 0.008559 -0.072794996 1.667413
v 0.0029379998 -0.083964996 1.6635299
v -0 -0.079022 1.6695809
v 0.0037909998 -0.077408 1.668984
v 0.004702 -0.071476 1.6753559
v -0 -0.072911 1.676245
v 0.005198256 -0.067438 1.6818469
v 1.4589319E-06 -0.069561 1.682436
v 0.005788499 -0.066999994 1.6884829
v -0 -0.069188 1.6893469
v 0.006319532 -0.067758 1.695213
v 0.011846875 -0.063288 1.693445
v -0 -0.069881 1.6958479
v 0.011293187 -0.06273 1.6868049
v 0.010097219 -0.064482 1.6802009
v 0.006836477 -0.069321 1.7010719
v -0 -0.07116 1.7013279
v -0 -0.074888 1.7147509
v 0.014922041 -0.059805002 1.685504
v 0.017498415 -0.058586996 1.6916229
v 0.009291 -0.068525 1.6735069
v 0.01579789 -0.061419 1.6776589
v 0.014671854 -0.065086 1.671591
v 0.012751035 -0.064789 1.700015
v 0.008446 -0.073874995 1.7142979
v -0 -0.076224 1.72598
v 0.018273523 -0.05781 1.684604
v 0.013653 -0.068082 1.6659849
v 0.011413223 -0.07157278 1.710916
v 0.016313788 -0.0614155 1.6974041
v 0.017458305 -0.060291 1.6965339
v 0.017250722 -0.065556 1.705294
v 0.020925455 -0.061356 1.7007513
v 0.021068072 -0.062489998 1.6699809
v 0.019982 -0.065079994 1.664269
v 0.022005327 -0.059520997 1.67536
v 0.018909 -0.066763 1.6590376
v 0.028008038 -0.060075 1.66877
v 0.020156786 -0.057336 1.680692
v 0.017057 -0.067852 1.6530119
v 0.026992999 -0.062384 1.662702
v 0.021410305 -0.056009997 1.684534
v 0.020571304 -0.056668 1.6873399
v 0.020724306 -0.057228997 1.6907879
v 0.023083305 -0.055255998 1.6822009
v 0.021926304 -0.057474997 1.693391
v 0.022586875 -0.056750998 1.6784891
v 0.025413305 -0.054569 1.6809319
v 0.019575305 -0.059086 1.695505
v 0.024381306 -0.057596 1.695761
v 0.022078305 -0.059956 1.699237
v 0.028482305 -0.057465 1.6979539
v 0.027005306 -0.060053 1.70358
v 0.026781807 -0.061146248 1.705009
v 0.033824306 -0.058847997 1.706864
v 0.028880285 -0.057320997 1.674284
v 0.03375771 -0.0598085 1.7081149
v 0.041395307 -0.056932 1.709134
v 0.026011905 -0.064426 1.7092959
v 0.04136144 -0.05777925 1.7102853
v 0.049221303 -0.053369 1.710059
v 0.02940957 -0.055501 1.676914
v 0.029871305 -0.05368 1.679544
v 0.035616305 -0.052536998 1.6787289
v 0.03564572 -0.053767998 1.6759499
v 0.041439302 -0.050654996 1.6787308
v 0.035611793 -0.054998998 1.67317
v 0.04198063 -0.051672 1.675602
v 0.046982307 -0.048908 1.679714
v 0.03528899 -0.056962 1.667557
v 0.04224938 -0.052688997 1.672473
v 0.047738533 -0.049282998 1.6760451
v 0.05265208 -0.046297997 1.677506
v 0.051285304 -0.046825998 1.681622
v 0.05771379 -0.043153 1.680211
v 0.055105302 -0.044830997 1.683978
v 0.0590513 -0.042461 1.6881739
v 0.054038137 -0.045769 1.67339
v 0.04811594 -0.049657002 1.672499
v 0.042120412 -0.05366 1.666408
v 0.034268998 -0.058714 1.660461
v 0.05996049 -0.041581 1.685939
v 0.062351305 -0.040204 1.692935
v 0.06080846 -0.040201996 1.683705
v 0.058607616 -0.040694 1.674521
v 0.025480999 -0.063804 1.6569805
v 0.023216 -0.064571 1.6510425
v 0.05206347 -0.046299 1.664485
v 0.047191996 -0.050409 1.6655569
v 0.040932 -0.054856 1.658477
v 0.05562685 -0.041302 1.663546
v 0.045222 -0.051087998 1.6571989
v 0.049556 -0.046795998 1.655788
v 0.032267 -0.059705 1.654377
v 0.038117 -0.055563997 1.651902
v 0.042003002 -0.051798 1.650036
v 0.046076998 -0.047498997 1.648013
v 0.028939 -0.060563 1.6484704
v 0.034191 -0.056202002 1.6459904
v 0.037946 -0.052133996 1.643934
v 0.052741997 -0.041729998 1.6546
v 0.041563 -0.047999 1.6417619
v 0.049163 -0.042365998 1.6463569
v 0.024418 -0.060977995 1.6425525
v 0.02888 -0.05676 1.6399
v 0.032833 -0.052586 1.6374345
v 0.036023 -0.048565 1.6351289
v 0.044295996 -0.043254998 1.639891
v 0.020272 -0.064492 1.6449177
v 0.025462 -0.057073995 1.6366774
v 0.021723999 -0.061209995 1.6392195
v 0.015199999 -0.067742996 1.6473701
v 0.018065 -0.064444 1.6411656
v 0.010211 -0.069102 1.6443826
v 0.013523 -0.06725299 1.6430387
v 0.009559999 -0.068318 1.6414528
v 0.012381 -0.066796996 1.6403403
v 0.016371999 -0.064375 1.6387794
v 0.015113999 -0.064346 1.6375364
v 0.0189 -0.062074 1.6375133
v 0.016978 -0.062635995 1.6366296
v 0.016004 -0.062782995 1.6362839
v 0.021164998 -0.059404 1.6360526
v 0.018484 -0.060854997 1.6358093
v 0.016892 -0.06166 1.6356697
v 0.015512 -0.062315 1.6356329
v 0.021153 -0.056985002 1.6323419
v 0.018478 -0.059440996 1.6333934
v 0.016788 -0.060718 1.6340845
v 0.015581 -0.061774995 1.6347076
v 0.014589 -0.062486 1.6352361
v 0.012678999 -0.06285246 1.6349188
v 0.0122 -0.06309 1.6356447
v 0.0132949995 -0.062106 1.6339015
v 0.014055999 -0.061114 1.632788
v 0.015101 -0.059644997 1.6314424
v 0.010289 -0.063418 1.6347997
v 0.009889 -0.063558996 1.6357586
v 0.010693001 -0.062749 1.633493
v 0.011222 -0.061631996 1.6319511
v 0.007666 -0.064031 1.6348372
v 0.0074529997 -0.063979 1.6358645
v 0.007848 -0.06351419 1.6333021
v 0.004518 -0.064569 1.6349379
v 0.004446 -0.064365 1.6359876
v -0 -0.06483674 1.6349708
v -0 -0.064512 1.6360499
v -0 -0.064587 1.6332403
v 0.004615 -0.06413268 1.6332811
v 0.0046079997 -0.062657 1.6310656
v -0 -0.062984996 1.6308452
v 0.008184999 -0.062106 1.631386
v 0.004624 -0.061044 1.6290357
v -0 -0.061463 1.6287543
v 0.008464 -0.060452998 1.6296363
v 0.004787 -0.058158 1.6250068
v -0 -0.058946 1.6245598
v 0.011767 -0.060055997 1.630283
v 0.009038 -0.057467997 1.6258272
v 0.0054769996 -0.055072997 1.6188977
v -0 -0.056291997 1.6179763
v 0.013071999 -0.057127964 1.6270871
v 0.009869999 -0.054148 1.6205647
v 0.0060159997 -0.053849 1.6150541
v -0 -0.055145998 1.6138848
v 0.016988 -0.056940455 1.629064
v 0.014768 -0.053639997 1.6230426
v 0.010565 -0.052552998 1.6171103
v 0.019545 -0.053137258 1.6255577
v 0.016005 -0.05151 1.6200712
v 0.025779 -0.052768998 1.6306515
v 0.021417 -0.050609 1.623358
v 0.028541999 -0.049373 1.6286955
v 0.022892 -0.04747 1.6214917
v 0.016888 -0.049049 1.6173698
v 0.030520998 -0.045835 1.6267828
v 0.011144 -0.050575998 1.6139189
v 0.038296 -0.044394996 1.633331
v 0.023773 -0.043893 1.619635
v 0.017599 -0.046021 1.6154319
v 0.011356999 -0.048397 1.6116569
v 0.0064149997 -0.052291002 1.611363
v 0.0032069997 -0.053091995 1.610103
v -0 -0.053698 1.609715
v 0.006438 -0.050722905 1.609082
v 0.003219 -0.052041 1.607808
v -0 -0.052624997 1.6074361
v -0 -0.051011 1.605789
v 0.003203 -0.050235 1.6061829
v -0 -0.046292 1.6056756
v 0.0064069997 -0.048841 1.6074809
v 0.003276 -0.045738 1.6061236
v -0 -0.041695 1.6065407
v 0.011456 -0.045709 1.610187
v 0.006552 -0.04491946 1.6074727
v 0.003359 -0.04110287 1.6070215
v -0 -0.03680079 1.6079837
v 0.017789 -0.042333 1.614203
v 0.011447 -0.043719 1.6101577
v 0.006725 -0.035134 1.6096967
v -0 -0.026868999 1.6109554
v 0.006718 -0.040124997 1.6081918
v 0.011429 -0.038689 1.6106303
v 0.006248 -0.026105 1.6123443
v -0 -0.018331999 1.6141181
v 0.013801 -0.032832 1.6127311
v 0.01751 -0.037056 1.6138656
v 0.024059998 -0.04 1.6183839
v 0.011915999 -0.01615 1.617291
v -0 -0.013503999 1.616288
v 0.011255999 -0.010558999 1.6192371
v 0.0128029995 -0.024323 1.6148832
v 0.023568999 -0.029323 1.6185795
v 0.020167 -0.012955 1.6214468
v 0.018795 -0.0071109994 1.6230459
v 0.02194 -0.021027999 1.6197965
v 0.028366 -0.0093869995 1.6268703
v 0.025725998 -0.002108 1.62938
v 0.030387001 -0.017447999 1.6251602
v 0.034012 -0.006174 1.6323628
v 0.029711999 0.0015929999 1.63453
v 0.024028 -0.034833 1.6181104
v 0.031835 -0.026304 1.6242889
v 0.036847 -0.014025 1.6309997
v 0.039219 -0.002593 1.6385789
v 0.032518 0.005342 1.640621
v 0.032316 -0.031798 1.6243625
v 0.032302998 -0.037174 1.624558
v 0.039169 -0.023421999 1.630144
v 0.043688998 -0.010373 1.6375712
v 0.044015 0.00093999994 1.64586
v 0.036559 0.010025 1.6485839
v 0.041158 0.0141819995 1.65658
v 0.039995 -0.029031 1.630348
v 0.046481 -0.020615999 1.637134
v 0.048824 -0.007622 1.644445
v 0.049162 0.004189 1.6541389
v 0.047822 0.01814 1.66354
v 0.040173 -0.034668 1.631051
v 0.047164 -0.026584 1.6372008
v 0.051613 -0.018793 1.643901
v 0.053398 -0.0051279995 1.6529241
v 0.046985 -0.032577 1.637607
v 0.052185997 -0.025018 1.644023
v 0.055883996 -0.017155 1.652823
v 0.052162 -0.031146 1.644508
v 0.056251995 -0.02371 1.65283
v 0.055802003 -0.030271 1.6530769
v 0.051197 -0.03706 1.645204
v 0.046146996 -0.038092 1.6384699
v 0.039715998 -0.039605 1.631949
v 0.031806 -0.041549 1.625374
v 0.054824 -0.036178 1.6536549
v 0.05893 -0.02983 1.6624279
v 0.057862 -0.03578 1.662838
v 0.060825955 -0.035341 1.6736829
v 0.059461 -0.022839 1.662209
v 0.06167606 -0.029746 1.673242
v 0.06315704 -0.035134 1.6831219
v 0.059239 -0.015832 1.6623089
v 0.062332 -0.022453 1.673075
v 0.063956246 -0.029790001 1.68276
v 0.06449631 -0.035039246 1.6902229
v 0.057399996 -0.00317 1.663119
v 0.06429431 -0.022467 1.682355
v 0.062414996 -0.015118999 1.6732179
v 0.06542647 -0.029813001 1.6898919
v 0.06582188 -0.035142 1.6969509
v 0.064268306 -0.040286 1.699781
v 0.052137997 0.005543 1.6602169
v 0.055267 0.014019 1.665717
v 0.054882996 0.022727 1.671503
v 0.055115998 0.006547 1.665769
v 0.061223995 -0.0018419999 1.6738119
v 0.059503 0.008822 1.675538
v 0.064278 -0.014694999 1.6820769
v 0.065251 -0.000542 1.687213
v 0.062645 0.010948 1.685385
v 0.066106 0.011402 1.6980679
v 0.06574 -0.014533 1.688746
v 0.067917 -0.000348 1.702323
v 0.067181 0.013327 1.7028719
v 0.06575351 -0.022419 1.689333
v 0.067124225 -0.022302 1.696301
v 0.069028 -0.014878 1.706067
v 0.06692578 -0.029884 1.696833
v 0.06844745 -0.022421999 1.7032729
v 0.06798654 -0.029927999 1.703668
v 0.069724 -0.0012399999 1.7165469
v 0.06919779 -0.022444 1.708784
v 0.06902851 -0.029979998 1.7115629
v 0.06721187 -0.035235 1.703732
v 0.0656733 -0.040673 1.7059809
v 0.070416 -0.015428999 1.7234489
v 0.06586634 -0.0409 1.707312
v 0.060737304 -0.04525 1.708234
v 0.06799004 -0.035924997 1.7095039
v 0.060991824 -0.04580225 1.7095147
v 0.055710305 -0.049466 1.709616
v 0.066357054 -0.041581 1.7113049
v 0.070434995 -0.022520998 1.7267779
v 0.06848592 -0.036364 1.713972
v 0.068671465 -0.036844615 1.7188668
v 0.067001395 -0.042159 1.71606
v 0.0617565 -0.047459 1.7133569
v 0.055885438 -0.0501795 1.7108608
v 0.06973 -0.029955 1.730245
v 0.04928828 -0.0541865 1.711284
v 0.06279249 -0.049170997 1.718181
v 0.056313906 -0.052319996 1.7145959
v 0.049389347 -0.056638997 1.7149589
v 0.04116473 -0.060321 1.7137389
v 0.06736546 -0.04199532 1.71945
v 0.03355646 -0.06269 1.7118679
v 0.049334455 -0.05934004 1.7195666
v 0.05690252 -0.054759998 1.71968
v 0.040930953 -0.0635908 1.7185605
v 0.032988828 -0.066819884 1.7169266
v 0.02459053 -0.06930439 1.7149643
v 0.062927164 -0.04906442 1.7197247
v 0.014895457 -0.070811264 1.7120914
v 0.014653489 -0.071410075 1.7128661
v 0.024537474 -0.069796294 1.7155735
v 0.03289335 -0.067439 1.7176849
v 0.04089301 -0.064031035 1.7192097
v 0.04933205 -0.05975 1.7202659
v 0.05691307 -0.054785345 1.7204882
v 0.0629696 -0.049029637 1.7202286
v 0.06741581 -0.04197213 1.7199302
v 0.06746208 -0.04195084 1.7203712
v 0.06303648 -0.048974138 1.7210325
v 0.06773747 -0.041827 1.7229359
v 0.063090086 -0.048929404 1.7216804
v 0.05693022 -0.054829143 1.7218844
v 0.056937933 -0.0548481 1.7224889
v 0.04912648 -0.060001597 1.7221278
v 0.063517414 -0.048598 1.726481
v 0.066166 -0.042875998 1.734286
v 0.04907654 -0.06006497 1.7226982
v 0.040657256 -0.0646867 1.7215726
v 0.05707 -0.055019997 1.727969
v 0.04059809 -0.06481144 1.7222459
v 0.032289896 -0.06859641 1.7204604
v 0.056884 -0.054775 1.737711
v 0.048683 -0.060666997 1.72852
v 0.069321 -0.029137999 1.748197
v 0.032091133 -0.068732254 1.7210835
v 0.023677016 -0.07090191 1.7186091
v 0.040232 -0.065795995 1.7280059
v 0.065186 -0.039798997 1.753121
v 0.071041994 -0.016716 1.741818
v 0.043916002 -0.064944 1.739794
v 0.055333998 -0.051744 1.757576
v 0.053039998 -0.039611 1.7838969
v 0.065632 -0.025346 1.7714258
v 0.0709 -0.00271 1.734201
v 0.043874 -0.061658 1.760341
v 0.028703999 -0.071766 1.741272
v 0.071238995 -0.004665 1.7514739
v 0.070362 0.006233 1.729185
v 0.066777 0.026027998 1.7179769
v 0.066006996 0.029049998 1.706013
v 0.06934 0.021285 1.737739
v 0.069839 0.009869 1.7653359
v 0.064899996 -0.004108 1.789687
v 0.051365998 -0.016167 1.8069079
v 0.026798 -0.025569 1.816924
v 0.029137999 -0.052198 1.7919611
v -0 -0.029736 1.820074
v -0 -0.056286998 1.793528
v 0.029145999 -0.067829 1.762519
v 0.014694999 -0.075252995 1.742191
v 0.0147319995 -0.071342 1.7631719
v -0 -0.072638 1.763854
v -0 -0.076255 1.7428979
v 0.028067 -0.070963 1.727041
v 0.014665999 -0.075027995 1.726417
v 0.023366496 -0.07109774 1.7192546
v 0.014336511 -0.07165031 1.7135147
v 0.046688303 -0.048462 1.680627
v 0.051285304 -0.046825998 1.681622
v 0.046982307 -0.048908 1.679714
v 0.04411297 -0.049213875 1.680421
v 0.041439302 -0.050654996 1.6787308
v 0.041356307 -0.050017998 1.6802
v 0.03906144 -0.050692614 1.6801481
v 0.035616305 -0.052536998 1.6787289
v 0.035631306 -0.0517 1.68007
v 0.029871305 -0.05368 1.679544
v 0.030034306 -0.053195998 1.680488
v 0.025413305 -0.054569 1.6809319
v 0.066006996 0.029049998 1.706013
v 0.071907 0.016454 1.709071
v 0.067181 0.013327 1.7028719
v 0.077419996 0.022688998 1.710182
v 0.079801 0.028785 1.7069811
v 0.0813 0.033524 1.7010839
v 0.064646 0.031533 1.692348
v 0.080978 0.035302997 1.692897
v 0.079814 0.035322998 1.684731
v 0.075292 0.031547 1.675395
v 0.060597 0.028318 1.681349
v 0.054882996 0.022727 1.671503
v 0.055267 0.014019 1.665717
v 0.070047 0.023692999 1.667571
v 0.064577 0.016951999 1.6612029
v 0.06131 0.012391999 1.659745
v 0.052137997 0.005543 1.6602169
v 0.055115998 0.006547 1.665769
v 0.06131 0.012391999 1.659745
v 0.052137997 0.005543 1.6602169
v 0.063352995 0.00924 1.664788
v 0.059503 0.008822 1.675538
v 0.065306 0.012882 1.665238
v 0.064577 0.016951999 1.6612029
v 0.064934 0.0131560005 1.67659
v 0.062645 0.010948 1.685385
v 0.068505 0.017037999 1.669519
v 0.070047 0.023692999 1.667571
v 0.075406 0.023814 1.6762829
v 0.075292 0.031547 1.675395
v 0.070207 0.019116 1.6806649
v 0.079201 0.028429 1.684655
v 0.079814 0.035322998 1.684731
v 0.073357 0.022692 1.6848959
v 0.080239 0.029005999 1.6906329
v 0.080978 0.035302997 1.692897
v 0.075309 0.023227999 1.693818
v 0.08081199 0.027794 1.697859
v 0.0813 0.033524 1.7010839
v 0.080547 0.024712 1.703793
v 0.079801 0.028785 1.7069811
v 0.077419996 0.022688998 1.710182
v 0.073477 0.019655 1.699458
v 0.066106 0.011402 1.6980679
v 0.078465 0.020118998 1.7068269
v 0.071907 0.016454 1.709071
v 0.071952 0.014841 1.705166
v 0.067181 0.013327 1.7028719
v 0.060737304 -0.04525 1.708234
v 0.056273308 -0.05025 1.7061269
v 0.055710305 -0.049466 1.709616
v 0.061190303 -0.046155 1.7045449
v 0.0656733 -0.040673 1.7059809
v 0.055423304 -0.04902 1.702805
v 0.049821306 -0.054135997 1.7068679
v 0.06260531 -0.050237 1.713537
v 0.049221303 -0.053369 1.710059
v 0.060054306 -0.045287 1.7009829
v 0.049284305 -0.052803 1.703827
v 0.042010307 -0.057393998 1.7059419
v 0.041395307 -0.056932 1.709134
v 0.033824306 -0.058847997 1.706864
v 0.041896306 -0.05538 1.702951
v 0.034275305 -0.059246 1.703665
v 0.034246307 -0.05680735 1.7006619
v 0.065067306 -0.042388 1.702541
v 0.062959306 -0.042625997 1.699154
v 0.06687631 -0.040751 1.70145
v 0.072031304 -0.036601 1.704022
v 0.068347305 -0.037825 1.7002139
v 0.06437731 -0.041203998 1.6976199
v 0.061139304 -0.042549 1.6940409
v 0.06465731 -0.039045997 1.696407
v 0.062080305 -0.04176 1.693597
v 0.0590513 -0.042461 1.6881739
v 0.062351305 -0.040204 1.692935
v 0.027907304 -0.059683997 1.700661
v 0.028482305 -0.057465 1.6979539
v 0.023330307 -0.059608996 1.69742
v 0.024382304 -0.057999 1.695761
v 0.027005306 -0.060053 1.70358
v 0.030151304 -0.060457 1.7062019
v 0.036717303 -0.062523 1.710675
v 0.022273093 -0.06023395 1.6989542
v 0.021686008 -0.06092603 1.7001568
v 0.019575305 -0.05975588 1.695505
v 0.020409307 -0.059247 1.694561
v 0.017499305 -0.058992 1.6916229
v 0.021148305 -0.058411002 1.6938447
v 0.024382304 -0.057999 1.695761
v 0.017499305 -0.058992 1.6916229
v 0.019549752 -0.061288923 1.6984799
v 0.021686008 -0.06092603 1.7001568
v 0.022273093 -0.06023395 1.6989542
v 0.019868307 -0.060873307 1.6977321
v 0.049221303 -0.053369 1.710059
v 0.055710305 -0.049466 1.709616
v 0.06260531 -0.050237 1.713537
v 0.056273308 -0.05025 1.7061269
v 0.0656733 -0.040673 1.7059809
v 0.068347305 -0.037825 1.7002139
v 0.072031304 -0.036601 1.704022
v 0.064268306 -0.040286 1.699781
v 0.06465731 -0.039045997 1.696407
v 0.062351305 -0.040204 1.692935
v 0.0634723 -0.035375 1.694624
v 0.061139304 -0.042549 1.6940409
v 0.0590513 -0.042461 1.6881739
v 0.060686305 -0.036054 1.6866499
v 0.055946305 -0.038932 1.6804581
v 0.055105302 -0.044830997 1.683978
v 0.056825303 -0.036651 1.689518
v 0.059319302 -0.036743 1.6952599
v 0.057291307 -0.037964 1.695467
v 0.053053305 -0.041313 1.695619
v 0.053446308 -0.038680997 1.685926
v 0.047935303 -0.044373002 1.6954359
v 0.051301308 -0.041834 1.676717
v 0.051285304 -0.046825998 1.681622
v 0.046688303 -0.048462 1.680627
v 0.048794307 -0.041106 1.682918
v 0.044572305 -0.044591 1.6749071
v 0.04411297 -0.049213875 1.680421
v 0.041356307 -0.050017998 1.6802
v 0.042988304 -0.043082 1.6818649
v 0.040178306 -0.047094997 1.694773
v 0.037934303 -0.046885 1.6743009
v 0.03906144 -0.050692614 1.6801481
v 0.035631306 -0.0517 1.68007
v 0.037293304 -0.044742998 1.681523
v 0.033506304 -0.048825 1.693911
v 0.032062307 -0.048923995 1.674254
v 0.030034306 -0.053195998 1.680488
v 0.031983305 -0.046272 1.6815249
v 0.026861304 -0.049991 1.692488
v 0.025169306 -0.0511 1.675191
v 0.025413305 -0.054569 1.6809319
v 0.026564304 -0.047754996 1.682064
v 0.022100305 -0.050675 1.6912289
v 0.018045306 -0.053597 1.678051
v 0.023083305 -0.055255998 1.6822009
v 0.021410305 -0.056009997 1.684534
v 0.022022307 -0.049102996 1.682911
v 0.019592304 -0.050166998 1.6861709
v 0.018932303 -0.051036 1.6903579
v 0.014155307 -0.056100998 1.687418
v 0.015499305 -0.055147998 1.6829131
v 0.020571304 -0.056668 1.6873399
v 0.062959306 -0.042625997 1.699154
v 0.061139304 -0.042549 1.6940409
v 0.0634723 -0.035375 1.694624
v 0.0651653 -0.035724 1.704104
v 0.060733303 -0.036816 1.700498
v 0.059319302 -0.036743 1.6952599
v 0.057291307 -0.037964 1.695467
v 0.061577305 -0.039595 1.7066779
v 0.060054306 -0.045287 1.7009829
v 0.057828307 -0.039477 1.7023269
v 0.053053305 -0.041313 1.695619
v 0.0558983 -0.044861 1.709342
v 0.055423304 -0.04902 1.702805
v 0.049284305 -0.052803 1.703827
v 0.053197306 -0.04321 1.704149
v 0.047935303 -0.044373002 1.6954359
v 0.048414305 -0.050143998 1.7109019
v 0.041896306 -0.05538 1.702951
v 0.047058303 -0.046993 1.705171
v 0.039449304 -0.053793 1.711089
v 0.034246307 -0.05680735 1.7006619
v 0.039670303 -0.049569998 1.704295
v 0.040178306 -0.047094997 1.694773
v 0.030169304 -0.056337 1.7085319
v 0.028482305 -0.057465 1.6979539
v 0.032020304 -0.051188998 1.702006
v 0.033506304 -0.048825 1.693911
v 0.023166306 -0.057224 1.704246
v 0.024381306 -0.057596 1.695761
v 0.026256306 -0.051655002 1.6992979
v 0.026861304 -0.049991 1.692488
v 0.022155305 -0.051785998 1.6971049
v 0.022100305 -0.050675 1.6912289
v 0.018172307 -0.057491 1.70018
v 0.021926304 -0.057474997 1.693391
v 0.014443306 -0.057145998 1.693755
v 0.020724306 -0.057228997 1.6907879
v 0.019099306 -0.051542 1.693434
v 0.018932303 -0.051036 1.6903579
v 0.014155307 -0.056100998 1.687418
v 0.020571304 -0.056668 1.6873399
v 0.014653489 -0.071410075 1.7128661
v 0.023677016 -0.07090191 1.7186091
v 0.024537474 -0.069796294 1.7155735
v 0.032289896 -0.06859641 1.7204604
v 0.03289335 -0.067439 1.7176849
v 0.04089301 -0.064031035 1.7192097
v 0.040657256 -0.0646867 1.7215726
v 0.04912648 -0.060001597 1.7221278
v 0.04933205 -0.05975 1.7202659
v 0.05693022 -0.054829143 1.7218844
v 0.05691307 -0.054785345 1.7204882
v 0.06303648 -0.048974138 1.7210325
v 0.0629696 -0.049029637 1.7202286
v 0.06741581 -0.04197213 1.7199302
v -0 -0.058140475 1.6347033
v 0.0030619998 -0.05773148 1.6346534
v -0 -0.055672478 1.6330394
v 0.003427 -0.05552648 1.6328905
v 0.005088 -0.05698748 1.6347984
v -0 -0.052687477 1.6327903
v 0.005773 -0.055549476 1.6336294
v 0.0068489998 -0.055595476 1.6350863
v 0.0035309999 -0.052721474 1.6328313
v -0 -0.048613477 1.6332453
v 0.0068809995 -0.052852478 1.6336634
v 0.008022999 -0.05292148 1.6353654
v 0.003826 -0.048843477 1.6334584
v 0.007403 -0.049147476 1.6341444
v 0.008866 -0.049379475 1.6358624
v 0.009711999 -0.045070477 1.6364634
v 0.007947 -0.044653475 1.6346895
v 0.009595 -0.039781477 1.6373794
v 0.0041659996 -0.04419948 1.6340284
v -0 -0.043985475 1.6337904
v 0.008026999 -0.039278477 1.6354065
v 0.004465 -0.03889648 1.6347433
v -0 -0.038751476 1.6345484
v 0.007397 -0.035898477 1.6366944
v 0.008735 -0.03641748 1.6382264
v 0.007139 -0.034982476 1.6387314
v 0.004405 -0.03387148 1.6387334
v 0.004453 -0.034948476 1.6360264
v -0 -0.034414478 1.6359994
v -0 -0.033126477 1.6388514
v 0.0030619998 -0.05773148 1.6346534
v -0 -0.058140475 1.6347033
v -0 -0.05785448 1.6365124
v 0.003233 -0.057390478 1.6364644
v -0 -0.056166478 1.6386204
v 0.005088 -0.05698748 1.6347984
v 0.003433 -0.05585948 1.6384544
v -0 -0.05373548 1.6400234
v 0.00514 -0.056647476 1.6364464
v 0.0068489998 -0.055595476 1.6350863
v 0.003785 -0.05354548 1.6397504
v -0 -0.05027548 1.6409525
v 0.006808 -0.055372477 1.6365664
v 0.008022999 -0.05292148 1.6353654
v 0.0059109996 -0.055467475 1.6377124
v 0.008041 -0.052864477 1.6370344
v 0.008866 -0.049379475 1.6358624
v 0.004131 -0.050193474 1.6405324
v -0 -0.046530478 1.6420584
v 0.006793 -0.053037476 1.6384864
v 0.008954 -0.04967348 1.6376034
v 0.0045249998 -0.04640748 1.6413624
v -0 -0.041373476 1.6427264
v 0.007682 -0.049945477 1.6390774
v 0.009878 -0.04573648 1.6383084
v 0.009711999 -0.045070477 1.6364634
v 0.008651 -0.046149477 1.6398574
v 0.004566 -0.041419476 1.6421515
v 0.009915 -0.041099478 1.6391534
v 0.009595 -0.039781477 1.6373794
v 0.008862 -0.041619476 1.6407354
v 0.004446 -0.037227478 1.6422124
v -0 -0.036662478 1.6423264
v 0.008435 -0.03783548 1.6411773
v 0.00859 -0.037271477 1.6399714
v 0.008735 -0.03641748 1.6382264
v 0.007916 -0.03532348 1.6403874
v 0.007139 -0.034982476 1.6387314
v 0.0043 -0.034529477 1.6408623
v -0 -0.03400948 1.6410084
v 0.004405 -0.03387148 1.6387334
v -0 -0.033126477 1.6388514
v 0.0040849997 -0.060537476 1.6363604
v 8.881784E-18 -0.06114648 1.6362934
v -0 -0.05981948 1.6349853
v 0.0041620005 -0.05929048 1.6351653
v 0.004159 -0.059545476 1.6316344
v -0 -0.059861477 1.6316414
v -0 -0.059807476 1.6295995
v 0.008503 -0.05735248 1.6354544
v 0.008958 -0.05829248 1.6366584
v 0.011819 -0.053523477 1.6373974
v 0.008568999 -0.057383478 1.6319804
v 0.011326999 -0.05249948 1.6362795
v 0.012494 -0.04835248 1.6380453
v 0.012242 -0.05240448 1.6325883
v 0.011735999 -0.04755848 1.6369834
v 0.012676001 -0.04278048 1.6390474
v 0.013020999 -0.04701848 1.6333964
v 0.0118929995 -0.042199478 1.6379634
v 0.013423999 -0.037271477 1.6400524
v 0.011988999 -0.037225477 1.6394804
v 0.012986999 -0.036217477 1.6356204
v 0.013269 -0.041286476 1.6344163
v 0.013688999 -0.035921477 1.6335934
v 0.014032 -0.04107048 1.6325525
v 0.016389 -0.036072478 1.6337243
v 0.013578 -0.046687476 1.6314933
v 0.012582999 -0.052377477 1.6305504
v 0.008647 -0.057445478 1.6299014
v 0.0043659997 -0.059520476 1.6296003
v 8.881784E-18 -0.060541265 1.6290544
v -0.0043659997 -0.059520476 1.6296003
v -0.004795 -0.06032927 1.6292553
v -0.008647 -0.057445478 1.6299014
v 8.881784E-18 -0.06202148 1.6309524
v -0.010048999 -0.058713477 1.6296664
v -0.012582999 -0.052377477 1.6305504
v -0.004648 -0.061781477 1.6311345
v -0.0043200003 -0.061795477 1.6349914
v 8.881784E-18 -0.06241548 1.6348125
v -0.0040849997 -0.060537476 1.6363604
v 8.881784E-18 -0.06114648 1.6362934
v -0.009347 -0.059561476 1.6354884
v -0.008958 -0.05829248 1.6366584
v -0.009974 -0.05922248 1.6315304
v -0.012813999 -0.05403948 1.6364334
v -0.011819 -0.053523477 1.6373974
v -0.013509999 -0.05363048 1.6322803
v -0.013754999 -0.052989475 1.6303763
v -0.013977 -0.04901348 1.6373024
v -0.012494 -0.04835248 1.6380453
v -0.014993 -0.048241477 1.6332045
v -0.015562 -0.047560476 1.6313384
v -0.013578 -0.046687476 1.6314933
v -0.014706 -0.042873476 1.6383075
v -0.012676001 -0.04278048 1.6390474
v -0.013423999 -0.037271477 1.6400524
v -0.016331 -0.041468475 1.6325663
v -0.014032 -0.04107048 1.6325525
v -0.016389 -0.036072478 1.6337243
v -0.015658999 -0.04195948 1.6344094
v -0.014727999 -0.037119478 1.6394675
v -0.011988999 -0.037225477 1.6394804
v -0.012986999 -0.036217477 1.6356204
v -0.015763 -0.03636148 1.6356144
v -0.013688999 -0.035921477 1.6335934
v 8.881784E-18 -0.06241548 1.6348125
v 8.881784E-18 -0.06114648 1.6362934
v 0.0040849997 -0.060537476 1.6363604
v 0.0043200003 -0.061795477 1.6349914
v 8.881784E-18 -0.06202148 1.6309524
v 0.009347 -0.059561476 1.6354884
v 0.008958 -0.05829248 1.6366584
v 0.004648 -0.061781477 1.6311345
v 0.012813999 -0.05403948 1.6364334
v 0.011819 -0.053523477 1.6373974
v 0.004795 -0.06032927 1.6292553
v 8.881784E-18 -0.060541265 1.6290544
v 0.0043659997 -0.059520476 1.6296003
v 0.008647 -0.057445478 1.6299014
v 0.010048999 -0.058713477 1.6296664
v 0.012582999 -0.052377477 1.6305504
v 0.009974 -0.05922248 1.6315304
v 0.013509999 -0.05363048 1.6322803
v 0.013977 -0.04901348 1.6373024
v 0.012494 -0.04835248 1.6380453
v 0.013754999 -0.052989475 1.6303763
v 0.014993 -0.048241477 1.6332045
v 0.014706 -0.042873476 1.6383075
v 0.012676001 -0.04278048 1.6390474
v 0.013423999 -0.037271477 1.6400524
v 0.015562 -0.047560476 1.6313384
v 0.013578 -0.046687476 1.6314933
v 0.015658999 -0.04195948 1.6344094
v 0.014727999 -0.037119478 1.6394675
v 0.011988999 -0.037225477 1.6394804
v 0.012986999 -0.036217477 1.6356204
v 0.016331 -0.041468475 1.6325663
v 0.014032 -0.04107048 1.6325525
v 0.016389 -0.036072478 1.6337243
v 0.015763 -0.03636148 1.6356144
v 0.013688999 -0.035921477 1.6335934
v 0.015788 -0.03808348 1.6457934
v 0.012525001 -0.04388348 1.6449634
v 0.012538 -0.038275477 1.6456944
v 0.016079 -0.044456474 1.6448954
v 0.012097999 -0.050388478 1.6438653
v 0.015833 -0.051141474 1.6439214
v 0.010973999 -0.056486476 1.6430883
v 0.014133 -0.058274478 1.6430933
v 0.008865 -0.06113048 1.6427003
v 0.010271 -0.06339347 1.6424874
v 0.004544 -0.06340448 1.6425765
v 0.004862 -0.06565248 1.6422224
v -0 -0.06405048 1.6425713
v -0 -0.066106476 1.6421403
v -0.029609999 -0.026131999 1.643977
v -0.024956997 -0.019097 1.6537359
v -0.026345998 -0.01708 1.6444569
v -0.026810998 -0.027053 1.653941
v -0.030000998 -0.034675 1.644061
v -0.026724 -0.036326 1.6538589
v -0.029568998 -0.04315 1.6433839
v -0.019867 -0.027718998 1.6621851
v -0.025680998 -0.045086 1.651965
v -0.027165 -0.052355997 1.6421182
v -0.020344999 -0.015785 1.6559969
v -0.026345998 -0.01708 1.6444569
v -0.020574 -0.010732 1.644474
v -0.026033001 -0.016959999 1.637783
v -0.020983 -0.010934 1.6361709
v -0.024885 -0.017587 1.6331531
v -0.014881999 -0.0075569996 1.6444759
v -0.019121999 -0.038036 1.6623449
v -0.013901 -0.027848 1.665122
v -0.01822 -0.047462 1.659483
v -0.014675 -0.013609999 1.657637
v -0.013257001 -0.039001 1.6651489
v -0.008571 -0.028004998 1.666024
v -0.015643999 -0.008369 1.635086
v -0.008967 -0.006043 1.6445799
v -0.008863 -0.012705999 1.6583549
v -0.022002 -0.015761 1.629288
v -0.016714 -0.057149 1.654498
v -0.012934 -0.048509 1.661737
v -0.0077509996 -0.039395 1.666441
v -0.0036739998 -0.028025 1.666371
v -0.023556001 -0.054465998 1.649055
v -0.0194 -0.057434 1.6445764
v -0.022942 -0.055437997 1.6401553
v -0.018718999 -0.058793996 1.6380235
v -0.014312 -0.059503 1.6479348
v -0.015922 -0.06004 1.6404573
v -0.013882 -0.062769 1.635721
v -0.011419999 -0.063806005 1.6358743
v -0.012165 -0.061683 1.642223
v -0.009280998 -0.064729005 1.6359906
v -0.010178 -0.060802 1.6495633
v -0.008367999 -0.063087 1.6429069
v -0.00697 -0.06556301 1.6361036
v -0.004784001 -0.066344 1.6362399
v -0.0121949995 -0.058408998 1.6568922
v -0.004846 -0.064208 1.643471
v -0.0026049996 -0.066861 1.6362953
v -0.006082 -0.061914 1.6506265
v -0.007651 -0.048899002 1.663352
v -0.002077 -0.064885 1.6434339
v -0 -0.067062005 1.6363149
v -0 -0.065189 1.6435499
v -0 -0.062984 1.6509906
v -0.002506 -0.062677994 1.6510124
v -0 -0.060347 1.6586632
v -0.007127 -0.059397995 1.6580491
v -0.002991 -0.060089998 1.658566
v -0 -0.049442 1.663912
v -0.003278 -0.049309 1.6637759
v -0 -0.039653 1.666875
v -0.003524 -0.039651997 1.666746
v -0 -0.02798 1.666443
v -0.003976 -0.0124389995 1.65889
v -0 -0.012374999 1.659231
v -0 -0.005743 1.6445289
v -0.004146 -0.0059269997 1.644679
v -0.004417 -0.0065069995 1.633643
v -0 -0.0062030004 1.633489
v -0.009676999 -0.006804 1.634062
v -0.00513 -0.013172999 1.624776
v -0 -0.01309 1.6242269
v -0 -0.024519999 1.619698
v -0.016895 -0.014565 1.6270919
v -0.010649 -0.01342 1.625485
v -0.00551 -0.024602 1.62037
v -0.011915999 -0.024803 1.621513
v -0.005533 -0.033623 1.6184269
v -0 -0.033728 1.617569
v -0.018226 -0.025276998 1.624036
v -0.005693 -0.043222997 1.617216
v -0 -0.043575 1.616495
v -0.012426999 -0.033515997 1.620109
v -0.023585 -0.025617 1.627684
v -0.0050819996 -0.051434 1.6178279
v -0 -0.051565 1.6173663
v -0 -0.055669893 1.6233008
v -0.012522 -0.042384 1.619028
v -0.019283 -0.033664998 1.6228399
v -0.004373 -0.055409893 1.6237303
v -0 -0.058940604 1.6277264
v -0.011568 -0.051055998 1.6191925
v -0.019141998 -0.041995 1.622234
v -0.003911 -0.0586646 1.6281221
v -0 -0.064512 1.6360499
v -0.004446 -0.064365 1.6359876
v -0.008109 -0.0583176 1.6286978
v -0.0074529997 -0.063979 1.6358645
v -0.009889 -0.063558996 1.6357586
v -0.009710999 -0.055097893 1.6245177
v -0.012162 -0.05811595 1.6295183
v -0.0122 -0.06309 1.6356447
v -0.015473 -0.054555893 1.6261722
v -0.016291 -0.05788938 1.6315008
v -0.013918 -0.062711 1.6356317
v -0.018645 -0.050598998 1.6225275
v -0.0197 -0.05423814 1.6291648
v -0.023343 -0.050671 1.6268572
v -0.018276 -0.057989 1.6336865
v -0.022288999 -0.054173138 1.633362
v -0.024082 -0.041795995 1.627402
v -0.01908 -0.058241 1.6361122
v -0.026798999 -0.050862998 1.6331782
v -0.024275998 -0.033762 1.62761
v -0.018718999 -0.058793996 1.6380235
v -0.013882 -0.062769 1.635721
v -0.023308 -0.054633003 1.6369847
v -0.022942 -0.055437997 1.6401553
v -0.027411 -0.051346 1.6377769
v -0.027165 -0.052355997 1.6421182
v -0.029568998 -0.04315 1.6433839
v -0.029116001 -0.042354997 1.6383729
v -0.030000998 -0.034675 1.644061
v -0.027943 -0.041795 1.6334809
v -0.029091999 -0.034130998 1.6385729
v -0.029609999 -0.026131999 1.643977
v -0.028108 -0.033761 1.633392
v -0.028955 -0.025966998 1.6383239
v -0.026345998 -0.01708 1.6444569
v -0.026033001 -0.016959999 1.637783
v -0.027585 -0.025847001 1.63304
v -0 -0.068756 1.6379458
v -0 -0.067062005 1.6363149
v -0.0026049996 -0.066861 1.6362953
v -0.0029759998 -0.068494 1.6378618
v -0 -0.069537 1.6390253
v -0.004784001 -0.066344 1.6362399
v -0.00316 -0.069141 1.6389831
v -0 -0.070236 1.6407316
v -0.005425 -0.067943 1.6377585
v -0.00697 -0.06556301 1.6361036
v -0.003327 -0.069744 1.64069
v -0 -0.07069 1.6425356
v -0.00785 -0.066919 1.6374
v -0.009280998 -0.064729005 1.6359906
v -0.0057880003 -0.068531 1.6388103
v -0.0035139997 -0.070212 1.6425444
v -0 -0.071496 1.6456729
v -0.0104789995 -0.065639 1.6369283
v -0.011419999 -0.063806005 1.6358743
v -0.006257 -0.069057 1.6404086
v -0.008455 -0.067499995 1.6383729
v -0.003844 -0.071038 1.6455235
v -0 -0.07278299 1.6496551
v -0.012944 -0.064128 1.6364068
v -0.013882 -0.062769 1.635721
v -0.011142 -0.066129 1.637707
v -0.009024999 -0.068070896 1.6398033
v -0.006627 -0.069497 1.6421864
v -0.004171 -0.07227 1.6496315
v -0 -0.076675 1.6532645
v -0.014962999 -0.062928 1.6359572
v -0.013918 -0.062711 1.6356317
v -0.014048999 -0.064256 1.6368307
v -0.007124 -0.070346 1.6451823
v -0.011731 -0.066505 1.6387799
v -0.004415 -0.07566 1.6538808
v -0.007614 -0.071479 1.6493155
v -0.0039959997 -0.079817995 1.6572338
v -0 -0.08100899 1.6567547
v -0.008362 -0.074095994 1.655516
v -0.003068 -0.083505 1.660552
v -0 -0.085941 1.6603559
v -0 -0.086637 1.6618629
v -0.008432999 -0.075246 1.6589026
v -0.012468999 -0.069965 1.6605607
v -0.011787999 -0.070989996 1.6544032
v -0.011028 -0.070097 1.648662
v -0.003055 -0.084097005 1.6621189
v -0 -0.086481 1.663396
v -0.0081859995 -0.076071 1.662183
v -0.008559 -0.072794996 1.667413
v -0.0029379998 -0.083964996 1.6635299
v -0 -0.079022 1.6695809
v -0.0037909998 -0.077408 1.668984
v -0.004702 -0.071476 1.6753559
v -0 -0.072911 1.676245
v -0.005198256 -0.067438 1.6818469
v 1.4589319E-06 -0.069561 1.682436
v -0.005788499 -0.066999994 1.6884829
v -0 -0.069188 1.6893469
v -0.006319532 -0.067758 1.695213
v -0.011846875 -0.063288 1.693445
v -0 -0.069881 1.6958479
v -0.011293187 -0.06273 1.6868049
v -0.010097219 -0.064482 1.6802009
v -0.006836477 -0.069321 1.7010719
v -0 -0.07116 1.7013279
v -0 -0.074888 1.7147509
v -0.009291 -0.068525 1.6735069
v -0.014922041 -0.059805002 1.685504
v -0.017498415 -0.058586996 1.6916229
v -0.01579789 -0.061419 1.6776589
v -0.014671854 -0.065086 1.671591
v -0.012751035 -0.064789 1.700015
v -0.008446 -0.073874995 1.7142979
v -0 -0.076224 1.72598
v -0.018273523 -0.05781 1.684604
v -0.013653 -0.068082 1.6659849
v -0.011413223 -0.07157278 1.710916
v -0.016313788 -0.0614155 1.6974041
v -0.017458305 -0.060291 1.6965339
v -0.017250722 -0.065556 1.705294
v -0.020925455 -0.061356 1.7007513
v -0.022005327 -0.059520997 1.67536
v -0.021068072 -0.062489998 1.6699809
v -0.019982 -0.065079994 1.664269
v -0.020156786 -0.057336 1.680692
v -0.028008038 -0.060075 1.66877
v -0.018909 -0.066763 1.6590376
v -0.026992999 -0.062384 1.662702
v -0.017057 -0.067852 1.6530119
v -0.021410305 -0.056009997 1.684534
v -0.020571304 -0.056668 1.6873399
v -0.020724306 -0.057228997 1.6907879
v -0.023083305 -0.055255998 1.6822009
v -0.021926304 -0.057474997 1.693391
v -0.022586875 -0.056750998 1.6784891
v -0.025413305 -0.054569 1.6809319
v -0.019575305 -0.059086 1.695505
v -0.024381306 -0.057596 1.695761
v -0.022078305 -0.059956 1.699237
v -0.028482305 -0.057465 1.6979539
v -0.027005306 -0.060053 1.70358
v -0.026781807 -0.061146248 1.705009
v -0.033824306 -0.058847997 1.706864
v -0.02940957 -0.055501 1.676914
v -0.029871305 -0.05368 1.679544
v -0.035616305 -0.052536998 1.6787289
v -0.03375771 -0.0598085 1.7081149
v -0.041395307 -0.056932 1.709134
v -0.026011905 -0.064426 1.7092959
v -0.028880285 -0.057320997 1.674284
v -0.03564572 -0.053767998 1.6759499
v -0.041439302 -0.050654996 1.6787308
v -0.04136144 -0.05777925 1.7102853
v -0.049221303 -0.053369 1.710059
v -0.035611793 -0.054998998 1.67317
v -0.04198063 -0.051672 1.675602
v -0.046982307 -0.048908 1.679714
v -0.03528899 -0.056962 1.667557
v -0.04224938 -0.052688997 1.672473
v -0.047738533 -0.049282998 1.6760451
v -0.03355646 -0.06269 1.7118679
v -0.04928828 -0.0541865 1.711284
v -0.055710305 -0.049466 1.709616
v -0.05265208 -0.046297997 1.677506
v -0.051285304 -0.046825998 1.681622
v -0.05771379 -0.043153 1.680211
v -0.055105302 -0.044830997 1.683978
v -0.0590513 -0.042461 1.6881739
v -0.054038137 -0.045769 1.67339
v -0.04811594 -0.049657002 1.672499
v -0.04116473 -0.060321 1.7137389
v -0.05996049 -0.041581 1.685939
v -0.062351305 -0.040204 1.692935
v -0.06080846 -0.040201996 1.683705
v -0.042120412 -0.05366 1.666408
v -0.058607616 -0.040694 1.674521
v -0.034268998 -0.058714 1.660461
v -0.025480999 -0.063804 1.6569805
v -0.023216 -0.064571 1.6510425
v -0.06449631 -0.035039246 1.6902229
v -0.06315704 -0.035134 1.6831219
v -0.06582188 -0.035142 1.6969509
v -0.064268306 -0.040286 1.699781
v -0.06721187 -0.035235 1.703732
v -0.0656733 -0.040673 1.7059809
v -0.06586634 -0.0409 1.707312
v -0.060737304 -0.04525 1.708234
v -0.060991824 -0.04580225 1.7095147
v -0.055885438 -0.0501795 1.7108608
v -0.049389347 -0.056638997 1.7149589
v -0.06692578 -0.029884 1.696833
v -0.06542647 -0.029813001 1.6898919
v -0.06798654 -0.029927999 1.703668
v -0.06902851 -0.029979998 1.7115629
v -0.06799004 -0.035924997 1.7095039
v -0.066357054 -0.041581 1.7113049
v -0.0617565 -0.047459 1.7133569
v -0.06848592 -0.036364 1.713972
v -0.068671465 -0.036844615 1.7188668
v -0.067001395 -0.042159 1.71606
v -0.056313906 -0.052319996 1.7145959
v -0.06279249 -0.049170997 1.718181
v -0.06736546 -0.04199532 1.71945
v -0.049334455 -0.05934004 1.7195666
v -0.05690252 -0.054759998 1.71968
v -0.062927164 -0.04906442 1.7197247
v -0.040930953 -0.0635908 1.7185605
v -0.032988828 -0.066819884 1.7169266
v -0.02459053 -0.06930439 1.7149643
v -0.014895457 -0.070811264 1.7120914
v -0.014653489 -0.071410075 1.7128661
v -0.024537474 -0.069796294 1.7155735
v -0.03289335 -0.067439 1.7176849
v -0.04089301 -0.064031035 1.7192097
v -0.04933205 -0.05975 1.7202659
v -0.05691307 -0.054785345 1.7204882
v -0.0629696 -0.049029637 1.7202286
v -0.06741581 -0.04197213 1.7199302
v -0.06746208 -0.04195084 1.7203712
v -0.06303648 -0.048974138 1.7210325
v -0.063090086 -0.048929404 1.7216804
v -0.05693022 -0.054829143 1.7218844
v -0.06773747 -0.041827 1.7229359
v -0.056937933 -0.0548481 1.7224889
v -0.04912648 -0.060001597 1.7221278
v -0.06973 -0.029955 1.730245
v -0.063517414 -0.048598 1.726481
v -0.04907654 -0.06006497 1.7226982
v -0.040657256 -0.0646867 1.7215726
v -0.066166 -0.042875998 1.734286
v -0.05707 -0.055019997 1.727969
v -0.04059809 -0.06481144 1.7222459
v -0.032289896 -0.06859641 1.7204604
v -0.056884 -0.054775 1.737711
v -0.048683 -0.060666997 1.72852
v -0.032091133 -0.068732254 1.7210835
v -0.023677016 -0.07090191 1.7186091
v -0.040232 -0.065795995 1.7280059
v -0.043916002 -0.064944 1.739794
v -0.069321 -0.029137999 1.748197
v -0.065186 -0.039798997 1.753121
v -0.055333998 -0.051744 1.757576
v -0.053039998 -0.039611 1.7838969
v -0.043874 -0.061658 1.760341
v -0.028703999 -0.071766 1.741272
v -0.028067 -0.070963 1.727041
v -0.014694999 -0.075252995 1.742191
v -0.029145999 -0.067829 1.762519
v -0.023366496 -0.07109774 1.7192546
v -0.029137999 -0.052198 1.7919611
v -0.014665999 -0.075027995 1.726417
v -0.014336511 -0.07165031 1.7135147
v -0 -0.076255 1.7428979
v -0 -0.072638 1.763854
v -0.0147319995 -0.071342 1.7631719
v -0 -0.056286998 1.793528
v -0 -0.029736 1.820074
v -0.026798 -0.025569 1.816924
v -0.051365998 -0.016167 1.8069079
v -0.064899996 -0.004108 1.789687
v -0.065632 -0.025346 1.7714258
v -0.069839 0.009869 1.7653359
v -0.071238995 -0.004665 1.7514739
v -0.06934 0.021285 1.737739
v -0.071041994 -0.016716 1.741818
v -0.070362 0.006233 1.729185
v -0.066777 0.026027998 1.7179769
v -0.070434995 -0.022520998 1.7267779
v -0.0709 -0.00271 1.734201
v -0.067181 0.013327 1.7028719
v -0.066006996 0.029049998 1.706013
v -0.06919779 -0.022444 1.708784
v -0.070416 -0.015428999 1.7234489
v -0.069724 -0.0012399999 1.7165469
v -0.06844745 -0.022421999 1.7032729
v -0.069028 -0.014878 1.706067
v -0.067917 -0.000348 1.702323
v -0.066106 0.011402 1.6980679
v -0.067124225 -0.022302 1.696301
v -0.06574 -0.014533 1.688746
v -0.065251 -0.000542 1.687213
v -0.062645 0.010948 1.685385
v -0.059503 0.008822 1.675538
v -0.06575351 -0.022419 1.689333
v -0.061223995 -0.0018419999 1.6738119
v -0.055115998 0.006547 1.665769
v -0.063956246 -0.029790001 1.68276
v -0.06429431 -0.022467 1.682355
v -0.064278 -0.014694999 1.6820769
v -0.057399996 -0.00317 1.663119
v -0.052137997 0.005543 1.6602169
v -0.062414996 -0.015118999 1.6732179
v -0.060825955 -0.035341 1.6736829
v -0.06167606 -0.029746 1.673242
v -0.062332 -0.022453 1.673075
v -0.05562685 -0.041302 1.663546
v -0.057862 -0.03578 1.662838
v -0.059239 -0.015832 1.6623089
v -0.05893 -0.02983 1.6624279
v -0.05206347 -0.046299 1.664485
v -0.059461 -0.022839 1.662209
v -0.047191996 -0.050409 1.6655569
v -0.040932 -0.054856 1.658477
v -0.045222 -0.051087998 1.6571989
v -0.049556 -0.046795998 1.655788
v -0.052741997 -0.041729998 1.6546
v -0.046076998 -0.047498997 1.648013
v -0.042003002 -0.051798 1.650036
v -0.038117 -0.055563997 1.651902
v -0.054824 -0.036178 1.6536549
v -0.049163 -0.042365998 1.6463569
v -0.041563 -0.047999 1.6417619
v -0.032267 -0.059705 1.654377
v -0.037946 -0.052133996 1.643934
v -0.028939 -0.060563 1.6484704
v -0.034191 -0.056202002 1.6459904
v -0.055802003 -0.030271 1.6530769
v -0.051197 -0.03706 1.645204
v -0.044295996 -0.043254998 1.639891
v -0.036023 -0.048565 1.6351289
v -0.032833 -0.052586 1.6374345
v -0.02888 -0.05676 1.6399
v -0.024418 -0.060977995 1.6425525
v -0.056251995 -0.02371 1.65283
v -0.025462 -0.057073995 1.6366774
v -0.020272 -0.064492 1.6449177
v -0.055883996 -0.017155 1.652823
v -0.021723999 -0.061209995 1.6392195
v -0.015199999 -0.067742996 1.6473701
v -0.053398 -0.0051279995 1.6529241
v -0.018065 -0.064444 1.6411656
v -0.010211 -0.069102 1.6443826
v -0.013523 -0.06725299 1.6430387
v -0.009559999 -0.068318 1.6414528
v -0.012381 -0.066796996 1.6403403
v -0.016371999 -0.064375 1.6387794
v -0.015113999 -0.064346 1.6375364
v -0.0189 -0.062074 1.6375133
v -0.016004 -0.062782995 1.6362839
v -0.016978 -0.062635995 1.6366296
v -0.021164998 -0.059404 1.6360526
v -0.015512 -0.062315 1.6356329
v -0.018484 -0.060854997 1.6358093
v -0.016892 -0.06166 1.6356697
v -0.021153 -0.056985002 1.6323419
v -0.018478 -0.059440996 1.6333934
v -0.016788 -0.060718 1.6340845
v -0.015581 -0.061774995 1.6347076
v -0.014589 -0.062486 1.6352361
v -0.012678999 -0.06285246 1.6349188
v -0.0122 -0.06309 1.6356447
v -0.0132949995 -0.062106 1.6339015
v -0.014055999 -0.061114 1.632788
v -0.015101 -0.059644997 1.6314424
v -0.010289 -0.063418 1.6347997
v -0.009889 -0.063558996 1.6357586
v -0.010693001 -0.062749 1.633493
v -0.011222 -0.061631996 1.6319511
v -0.007666 -0.064031 1.6348372
v -0.0074529997 -0.063979 1.6358645
v -0.007848 -0.06351419 1.6333021
v -0.004518 -0.064569 1.6349379
v -0.004446 -0.064365 1.6359876
v -0 -0.06483674 1.6349708
v -0 -0.064512 1.6360499
v -0 -0.064587 1.6332403
v -0.004615 -0.06413268 1.6332811
v -0.0046079997 -0.062657 1.6310656
v -0 -0.062984996 1.6308452
v -0.008184999 -0.062106 1.631386
v -0.004624 -0.061044 1.6290357
v -0 -0.061463 1.6287543
v -0.008464 -0.060452998 1.6296363
v -0.004787 -0.058158 1.6250068
v -0 -0.058946 1.6245598
v -0.011767 -0.060055997 1.630283
v -0.009038 -0.057467997 1.6258272
v -0.0054769996 -0.055072997 1.6188977
v -0 -0.056291997 1.6179763
v -0.013071999 -0.057127964 1.6270871
v -0.009869999 -0.054148 1.6205647
v -0.0060159997 -0.053849 1.6150541
v -0 -0.055145998 1.6138848
v -0.016988 -0.056940455 1.629064
v -0.014768 -0.053639997 1.6230426
v -0.010565 -0.052552998 1.6171103
v -0.019545 -0.053137258 1.6255577
v -0.016005 -0.05151 1.6200712
v -0.025779 -0.052768998 1.6306515
v -0.021417 -0.050609 1.623358
v -0.028541999 -0.049373 1.6286955
v -0.022892 -0.04747 1.6214917
v -0.016888 -0.049049 1.6173698
v -0.030520998 -0.045835 1.6267828
v -0.011144 -0.050575998 1.6139189
v -0.038296 -0.044394996 1.633331
v -0.046146996 -0.038092 1.6384699
v -0.023773 -0.043893 1.619635
v -0.017599 -0.046021 1.6154319
v -0.011356999 -0.048397 1.6116569
v -0.0064149997 -0.052291002 1.611363
v -0.031806 -0.041549 1.625374
v -0.0032069997 -0.053091995 1.610103
v -0 -0.053698 1.609715
v -0.006438 -0.050722905 1.609082
v -0.003219 -0.052041 1.607808
v -0 -0.052624997 1.6074361
v -0 -0.051011 1.605789
v -0.003203 -0.050235 1.6061829
v -0 -0.046292 1.6056756
v -0.0064069997 -0.048841 1.6074809
v -0.003276 -0.045738 1.6061236
v -0 -0.041695 1.6065407
v -0.011456 -0.045709 1.610187
v -0.003359 -0.04110287 1.6070215
v -0 -0.03680079 1.6079837
v -0.006552 -0.04491946 1.6074727
v -0.017789 -0.042333 1.614203
v -0.006725 -0.035134 1.6096967
v -0 -0.026868999 1.6109554
v -0.011447 -0.043719 1.6101577
v -0.006718 -0.040124997 1.6081918
v -0.011429 -0.038689 1.6106303
v -0.024059998 -0.04 1.6183839
v -0.006248 -0.026105 1.6123443
v -0 -0.018331999 1.6141181
v -0.01751 -0.037056 1.6138656
v -0.013801 -0.032832 1.6127311
v -0.011915999 -0.01615 1.617291
v -0 -0.013503999 1.616288
v -0.011255999 -0.010558999 1.6192371
v -0.0128029995 -0.024323 1.6148832
v -0.023568999 -0.029323 1.6185795
v -0.024028 -0.034833 1.6181104
v -0.020167 -0.012955 1.6214468
v -0.018795 -0.0071109994 1.6230459
v -0.02194 -0.021027999 1.6197965
v -0.032302998 -0.037174 1.624558
v -0.028366 -0.0093869995 1.6268703
v -0.025725998 -0.002108 1.62938
v -0.032316 -0.031798 1.6243625
v -0.030387001 -0.017447999 1.6251602
v -0.031835 -0.026304 1.6242889
v -0.039715998 -0.039605 1.631949
v -0.040173 -0.034668 1.631051
v -0.034012 -0.006174 1.6323628
v -0.029711999 0.0015929999 1.63453
v -0.036847 -0.014025 1.6309997
v -0.039169 -0.023421999 1.630144
v -0.039995 -0.029031 1.630348
v -0.046985 -0.032577 1.637607
v -0.039219 -0.002593 1.6385789
v -0.032518 0.005342 1.640621
v -0.043688998 -0.010373 1.6375712
v -0.046481 -0.020615999 1.637134
v -0.047164 -0.026584 1.6372008
v -0.052162 -0.031146 1.644508
v -0.052185997 -0.025018 1.644023
v -0.051613 -0.018793 1.643901
v -0.048824 -0.007622 1.644445
v -0.044015 0.00093999994 1.64586
v -0.036559 0.010025 1.6485839
v -0.041158 0.0141819995 1.65658
v -0.049162 0.004189 1.6541389
v -0.047822 0.01814 1.66354
v -0.055267 0.014019 1.665717
v -0.054882996 0.022727 1.671503
v -0.046688303 -0.048462 1.680627
v -0.046982307 -0.048908 1.679714
v -0.051285304 -0.046825998 1.681622
v -0.04411297 -0.049213875 1.680421
v -0.041439302 -0.050654996 1.6787308
v -0.041356307 -0.050017998 1.6802
v -0.03906144 -0.050692614 1.6801481
v -0.035616305 -0.052536998 1.6787289
v -0.035631306 -0.0517 1.68007
v -0.029871305 -0.05368 1.679544
v -0.030034306 -0.053195998 1.680488
v -0.025413305 -0.054569 1.6809319
v -0.066006996 0.029049998 1.706013
v -0.067181 0.013327 1.7028719
v -0.071907 0.016454 1.709071
v -0.077419996 0.022688998 1.710182
v -0.079801 0.028785 1.7069811
v -0.0813 0.033524 1.7010839
v -0.064646 0.031533 1.692348
v -0.080978 0.035302997 1.692897
v -0.079814 0.035322998 1.684731
v -0.075292 0.031547 1.675395
v -0.060597 0.028318 1.681349
v -0.054882996 0.022727 1.671503
v -0.055267 0.014019 1.665717
v -0.070047 0.023692999 1.667571
v -0.064577 0.016951999 1.6612029
v -0.06131 0.012391999 1.659745
v -0.052137997 0.005543 1.6602169
v -0.055115998 0.006547 1.665769
v -0.052137997 0.005543 1.6602169
v -0.06131 0.012391999 1.659745
v -0.063352995 0.00924 1.664788
v -0.059503 0.008822 1.675538
v -0.065306 0.012882 1.665238
v -0.064577 0.016951999 1.6612029
v -0.064934 0.0131560005 1.67659
v -0.062645 0.010948 1.685385
v -0.068505 0.017037999 1.669519
v -0.070047 0.023692999 1.667571
v -0.075406 0.023814 1.6762829
v -0.075292 0.031547 1.675395
v -0.070207 0.019116 1.6806649
v -0.079201 0.028429 1.684655
v -0.079814 0.035322998 1.684731
v -0.073357 0.022692 1.6848959
v -0.080239 0.029005999 1.6906329
v -0.080978 0.035302997 1.692897
v -0.075309 0.023227999 1.693818
v -0.08081199 0.027794 1.697859
v -0.0813 0.033524 1.7010839
v -0.080547 0.024712 1.703793
v -0.079801 0.028785 1.7069811
v -0.077419996 0.022688998 1.710182
v -0.073477 0.019655 1.699458
v -0.066106 0.011402 1.6980679
v -0.078465 0.020118998 1.7068269
v -0.071907 0.016454 1.709071
v -0.071952 0.014841 1.705166
v -0.067181 0.013327 1.7028719
v -0.055710305 -0.049466 1.709616
v -0.056273308 -0.05025 1.7061269
v -0.060737304 -0.04525 1.708234
v -0.061190303 -0.046155 1.7045449
v -0.0656733 -0.040673 1.7059809
v -0.055423304 -0.04902 1.702805
v -0.049821306 -0.054135997 1.7068679
v -0.06260531 -0.050237 1.713537
v -0.049221303 -0.053369 1.710059
v -0.060054306 -0.045287 1.7009829
v -0.049284305 -0.052803 1.703827
v -0.042010307 -0.057393998 1.7059419
v -0.041395307 -0.056932 1.709134
v -0.033824306 -0.058847997 1.706864
v -0.041896306 -0.05538 1.702951
v -0.034275305 -0.059246 1.703665
v -0.034246307 -0.05680735 1.7006619
v -0.065067306 -0.042388 1.702541
v -0.062959306 -0.042625997 1.699154
v -0.06687631 -0.040751 1.70145
v -0.072031304 -0.036601 1.704022
v -0.068347305 -0.037825 1.7002139
v -0.06437731 -0.041203998 1.6976199
v -0.061139304 -0.042549 1.6940409
v -0.06465731 -0.039045997 1.696407
v -0.062080305 -0.04176 1.693597
v -0.0590513 -0.042461 1.6881739
v -0.062351305 -0.040204 1.692935
v -0.027907304 -0.059683997 1.700661
v -0.028482305 -0.057465 1.6979539
v -0.023330307 -0.059608996 1.69742
v -0.024382304 -0.057999 1.695761
v -0.027005306 -0.060053 1.70358
v -0.030151304 -0.060457 1.7062019
v -0.036717303 -0.062523 1.710675
v -0.022273093 -0.06023395 1.6989542
v -0.021686008 -0.06092603 1.7001568
v -0.019575305 -0.05975588 1.695505
v -0.020409307 -0.059247 1.694561
v -0.017499305 -0.058992 1.6916229
v -0.021148305 -0.058411002 1.6938447
v -0.024382304 -0.057999 1.695761
v -0.017499305 -0.058992 1.6916229
v -0.019549752 -0.061288923 1.6984799
v -0.019868307 -0.060873307 1.6977321
v -0.022273093 -0.06023395 1.6989542
v -0.021686008 -0.06092603 1.7001568
v -0.049221303 -0.053369 1.710059
v -0.06260531 -0.050237 1.713537
v -0.055710305 -0.049466 1.709616
v -0.056273308 -0.05025 1.7061269
v -0.0656733 -0.040673 1.7059809
v -0.072031304 -0.036601 1.704022
v -0.068347305 -0.037825 1.7002139
v -0.064268306 -0.040286 1.699781
v -0.06465731 -0.039045997 1.696407
v -0.062351305 -0.040204 1.692935
v -0.0634723 -0.035375 1.694624
v -0.0590513 -0.042461 1.6881739
v -0.061139304 -0.042549 1.6940409
v -0.060686305 -0.036054 1.6866499
v -0.056825303 -0.036651 1.689518
v -0.059319302 -0.036743 1.6952599
v -0.057291307 -0.037964 1.695467
v -0.053053305 -0.041313 1.695619
v -0.053446308 -0.038680997 1.685926
v -0.047935303 -0.044373002 1.6954359
v -0.055946305 -0.038932 1.6804581
v -0.055105302 -0.044830997 1.683978
v -0.048794307 -0.041106 1.682918
v -0.051301308 -0.041834 1.676717
v -0.051285304 -0.046825998 1.681622
v -0.046688303 -0.048462 1.680627
v -0.044572305 -0.044591 1.6749071
v -0.04411297 -0.049213875 1.680421
v -0.041356307 -0.050017998 1.6802
v -0.042988304 -0.043082 1.6818649
v -0.040178306 -0.047094997 1.694773
v -0.037934303 -0.046885 1.6743009
v -0.03906144 -0.050692614 1.6801481
v -0.035631306 -0.0517 1.68007
v -0.037293304 -0.044742998 1.681523
v -0.033506304 -0.048825 1.693911
v -0.032062307 -0.048923995 1.674254
v -0.030034306 -0.053195998 1.680488
v -0.031983305 -0.046272 1.6815249
v -0.026861304 -0.049991 1.692488
v -0.025169306 -0.0511 1.675191
v -0.025413305 -0.054569 1.6809319
v -0.026564304 -0.047754996 1.682064
v -0.022100305 -0.050675 1.6912289
v -0.018045306 -0.053597 1.678051
v -0.023083305 -0.055255998 1.6822009
v -0.021410305 -0.056009997 1.684534
v -0.022022307 -0.049102996 1.682911
v -0.019592304 -0.050166998 1.6861709
v -0.018932303 -0.051036 1.6903579
v -0.014155307 -0.056100998 1.687418
v -0.015499305 -0.055147998 1.6829131
v -0.020571304 -0.056668 1.6873399
v -0.0634723 -0.035375 1.694624
v -0.061139304 -0.042549 1.6940409
v -0.062959306 -0.042625997 1.699154
v -0.0651653 -0.035724 1.704104
v -0.061577305 -0.039595 1.7066779
v -0.060054306 -0.045287 1.7009829
v -0.060733303 -0.036816 1.700498
v -0.059319302 -0.036743 1.6952599
v -0.057291307 -0.037964 1.695467
v -0.057828307 -0.039477 1.7023269
v -0.053053305 -0.041313 1.695619
v -0.0558983 -0.044861 1.709342
v -0.055423304 -0.04902 1.702805
v -0.049284305 -0.052803 1.703827
v -0.053197306 -0.04321 1.704149
v -0.047935303 -0.044373002 1.6954359
v -0.048414305 -0.050143998 1.7109019
v -0.041896306 -0.05538 1.702951
v -0.047058303 -0.046993 1.705171
v -0.039449304 -0.053793 1.711089
v -0.034246307 -0.05680735 1.7006619
v -0.039670303 -0.049569998 1.704295
v -0.040178306 -0.047094997 1.694773
v -0.030169304 -0.056337 1.7085319
v -0.028482305 -0.057465 1.6979539
v -0.032020304 -0.051188998 1.702006
v -0.033506304 -0.048825 1.693911
v -0.023166306 -0.057224 1.704246
v -0.024381306 -0.057596 1.695761
v -0.026256306 -0.051655002 1.6992979
v -0.026861304 -0.049991 1.692488
v -0.022155305 -0.051785998 1.6971049
v -0.022100305 -0.050675 1.6912289
v -0.018172307 -0.057491 1.70018
v -0.021926304 -0.057474997 1.693391
v -0.014443306 -0.057145998 1.693755
v -0.020724306 -0.057228997 1.6907879
v -0.019099306 -0.051542 1.693434
v -0.018932303 -0.051036 1.6903579
v -0.014155307 -0.056100998 1.687418
v -0.020571304 -0.056668 1.6873399
v -0.014653489 -0.071410075 1.7128661
v -0.024537474 -0.069796294 1.7155735
v -0.023677016 -0.07090191 1.7186091
v -0.032289896 -0.06859641 1.7204604
v -0.03289335 -0.067439 1.7176849
v -0.04089301 -0.064031035 1.7192097
v -0.040657256 -0.0646867 1.7215726
v -0.04912648 -0.060001597 1.7221278
v -0.04933205 -0.05975 1.7202659
v -0.05693022 -0.054829143 1.7218844
v -0.05691307 -0.054785345 1.7204882
v -0.06303648 -0.048974138 1.7210325
v -0.0629696 -0.049029637 1.7202286
v -0.06741581 -0.04197213 1.7199302
v -0 -0.058140475 1.6347033
v -0 -0.055672478 1.6330394
v -0.0030619998 -0.05773148 1.6346534
v -0.003427 -0.05552648 1.6328905
v -0.005088 -0.05698748 1.6347984
v -0 -0.052687477 1.6327903
v -0.005773 -0.055549476 1.6336294
v -0.0068489998 -0.055595476 1.6350863
v -0.0035309999 -0.052721474 1.6328313
v -0 -0.048613477 1.6332453
v -0.0068809995 -0.052852478 1.6336634
v -0.008022999 -0.05292148 1.6353654
v -0.003826 -0.048843477 1.6334584
v -0.007403 -0.049147476 1.6341444
v -0.008866 -0.049379475 1.6358624
v -0.009711999 -0.045070477 1.6364634
v -0.007947 -0.044653475 1.6346895
v -0.009595 -0.039781477 1.6373794
v -0.0041659996 -0.04419948 1.6340284
v -0 -0.043985475 1.6337904
v -0.008026999 -0.039278477 1.6354065
v -0.004465 -0.03889648 1.6347433
v -0 -0.038751476 1.6345484
v -0.007397 -0.035898477 1.6366944
v -0.008735 -0.03641748 1.6382264
v -0.007139 -0.034982476 1.6387314
v -0.004405 -0.03387148 1.6387334
v -0.004453 -0.034948476 1.6360264
v -0 -0.034414478 1.6359994
v -0 -0.033126477 1.6388514
v -0 -0.05785448 1.6365124
v -0 -0.058140475 1.6347033
v -0.0030619998 -0.05773148 1.6346534
v -0.003233 -0.057390478 1.6364644
v -0 -0.056166478 1.6386204
v -0.005088 -0.05698748 1.6347984
v -0.003433 -0.05585948 1.6384544
v -0 -0.05373548 1.6400234
v -0.00514 -0.056647476 1.6364464
v -0.0068489998 -0.055595476 1.6350863
v -0.003785 -0.05354548 1.6397504
v -0 -0.05027548 1.6409525
v -0.006808 -0.055372477 1.6365664
v -0.008022999 -0.05292148 1.6353654
v -0.0059109996 -0.055467475 1.6377124
v -0.008041 -0.052864477 1.6370344
v -0.008866 -0.049379475 1.6358624
v -0.004131 -0.050193474 1.6405324
v -0 -0.046530478 1.6420584
v -0.006793 -0.053037476 1.6384864
v -0.008954 -0.04967348 1.6376034
v -0.0045249998 -0.04640748 1.6413624
v -0 -0.041373476 1.6427264
v -0.007682 -0.049945477 1.6390774
v -0.009878 -0.04573648 1.6383084
v -0.009711999 -0.045070477 1.6364634
v -0.008651 -0.046149477 1.6398574
v -0.004566 -0.041419476 1.6421515
v -0.009915 -0.041099478 1.6391534
v -0.009595 -0.039781477 1.6373794
v -0.008862 -0.041619476 1.6407354
v -0.004446 -0.037227478 1.6422124
v -0 -0.036662478 1.6423264
v -0.008435 -0.03783548 1.6411773
v -0.00859 -0.037271477 1.6399714
v -0.008735 -0.03641748 1.6382264
v -0.007916 -0.03532348 1.6403874
v -0.007139 -0.034982476 1.6387314
v -0.0043 -0.034529477 1.6408623
v -0 -0.03400948 1.6410084
v -0.004405 -0.03387148 1.6387334
v -0 -0.033126477 1.6388514
v -0 -0.05981948 1.6349853
v 8.881784E-18 -0.06114648 1.6362934
v -0.0040849997 -0.060537476 1.6363604
v -0.0041620005 -0.05929048 1.6351653
v -0.008503 -0.05735248 1.6354544
v -0.008958 -0.05829248 1.6366584
v -0.011819 -0.053523477 1.6373974
v -0.004159 -0.059545476 1.6316344
v -0 -0.059861477 1.6316414
v -0 -0.059807476 1.6295995
v -0.0043659997 -0.059520476 1.6296003
v -0.008647 -0.057445478 1.6299014
v -0.008568999 -0.057383478 1.6319804
v -0.012582999 -0.052377477 1.6305504
v -0.012242 -0.05240448 1.6325883
v -0.013578 -0.046687476 1.6314933
v -0.011326999 -0.05249948 1.6362795
v -0.012494 -0.04835248 1.6380453
v -0.013020999 -0.04701848 1.6333964
v -0.014032 -0.04107048 1.6325525
v -0.011735999 -0.04755848 1.6369834
v -0.012676001 -0.04278048 1.6390474
v -0.0118929995 -0.042199478 1.6379634
v -0.013423999 -0.037271477 1.6400524
v -0.011988999 -0.037225477 1.6394804
v -0.012986999 -0.036217477 1.6356204
v -0.013269 -0.041286476 1.6344163
v -0.013688999 -0.035921477 1.6335934
v -0.016389 -0.036072478 1.6337243
v -0.015788 -0.03808348 1.6457934
v -0.012538 -0.038275477 1.6456944
v -0.012525001 -0.04388348 1.6449634
v -0.016079 -0.044456474 1.6448954
v -0.012097999 -0.050388478 1.6438653
v -0.015833 -0.051141474 1.6439214
v -0.010973999 -0.056486476 1.6430883
v -0.014133 -0.058274478 1.6430933
v -0.008865 -0.06113048 1.6427003
v -0.010271 -0.06339347 1.6424874
v -0.004544 -0.06340448 1.6425765
v -0.004862 -0.06565248 1.6422224
v -0 -0.06405048 1.6425713
v -0 -0.066106476 1.6421403
v -0.004544 -0.06340448 1.6425765
v -0.008865 -0.06113048 1.6427003
v -0.008794 -0.060495477 1.6402414
v -0.010973999 -0.056486476 1.6430883
v -0.0042669997 -0.063186474 1.6402143
v -0.00887 -0.060149476 1.6378924
v -0 -0.06405048 1.6425713
v -0 -0.06355348 1.6401384
v -0.010811999 -0.056138474 1.6403744
v -0.012097999 -0.050388478 1.6438653
v -0.0040649995 -0.06295747 1.6378094
v -0 -0.063245475 1.6377084
v -0 -0.063420475 1.6361734
v -0.012256 -0.04915948 1.6411533
v -0.012525001 -0.04388348 1.6449634
v -0.0044850004 -0.063039474 1.6362534
v -0.010825 -0.055983476 1.6381924
v -0.0047299997 -0.06471448 1.6374503
v -0 -0.06507248 1.6374135
v -0 -0.06590748 1.6397275
v -0.0048769997 -0.06537848 1.6398274
v -0 -0.066106476 1.6421403
v -0.004862 -0.06565248 1.6422224
v -0.009582 -0.062639475 1.6377114
v -0.009955 -0.06327048 1.6400354
v -0.010271 -0.06339347 1.6424874
v -0.013842 -0.058167476 1.6407094
v -0.014133 -0.058274478 1.6430933
v -0.008886 -0.061261475 1.6365825
v -0.015463 -0.050759476 1.6414204
v -0.015833 -0.051141474 1.6439214
v -0.013054 -0.05772048 1.6382304
v -0.012239999 -0.056939475 1.6372474
v -0.015818 -0.04409748 1.6424524
v -0.016079 -0.044456474 1.6448954
v -0.014717999 -0.050109476 1.6392125
v -0.013854999 -0.049425475 1.6383773
v -0.016006 -0.037759475 1.6435204
v -0.015788 -0.03808348 1.6457934
v -0.012538 -0.038275477 1.6456944
v -0.01531 -0.043717477 1.6401163
v -0.012240999 -0.048764475 1.6388923
v -0.012325999 -0.037928477 1.6432923
v -0.015550999 -0.03748448 1.6411294
v -0.013617001 -0.04352548 1.6392255
v -0.012297 -0.043492477 1.6422075
v -0.012079999 -0.043125477 1.6399645
v -0.012124999 -0.037599478 1.6410203
v -0.013765 -0.037289478 1.6403095
v 0.008794 -0.060495477 1.6402414
v 0.008865 -0.06113048 1.6427003
v 0.004544 -0.06340448 1.6425765
v 0.010973999 -0.056486476 1.6430883
v 0.0042669997 -0.063186474 1.6402143
v 0.00887 -0.060149476 1.6378924
v -0 -0.06405048 1.6425713
v -0 -0.06355348 1.6401384
v 0.010811999 -0.056138474 1.6403744
v 0.012097999 -0.050388478 1.6438653
v 0.0040649995 -0.06295747 1.6378094
v -0 -0.063245475 1.6377084
v -0 -0.063420475 1.6361734
v 0.012256 -0.04915948 1.6411533
v 0.012525001 -0.04388348 1.6449634
v 0.0044850004 -0.063039474 1.6362534
v 0.010825 -0.055983476 1.6381924
v 0.0047299997 -0.06471448 1.6374503
v -0 -0.06507248 1.6374135
v -0 -0.06590748 1.6397275
v 0.0048769997 -0.06537848 1.6398274
v -0 -0.066106476 1.6421403
v 0.004862 -0.06565248 1.6422224
v 0.009582 -0.062639475 1.6377114
v 0.009955 -0.06327048 1.6400354
v 0.010271 -0.06339347 1.6424874
v 0.013842 -0.058167476 1.6407094
v 0.014133 -0.058274478 1.6430933
v 0.008886 -0.061261475 1.6365825
v 0.015463 -0.050759476 1.6414204
v 0.015833 -0.051141474 1.6439214
v 0.013054 -0.05772048 1.6382304
v 0.012239999 -0.056939475 1.6372474
v 0.015818 -0.04409748 1.6424524
v 0.016079 -0.044456474 1.6448954
v 0.014717999 -0.050109476 1.6392125
v 0.013854999 -0.049425475 1.6383773
v 0.016006 -0.037759475 1.6435204
v 0.015788 -0.03808348 1.6457934
v 0.012538 -0.038275477 1.6456944
v 0.01531 -0.043717477 1.6401163
v 0.012240999 -0.048764475 1.6388923
v 0.015550999 -0.03748448 1.6411294
v 0.012325999 -0.037928477 1.6432923
v 0.013617001 -0.04352548 1.6392255
v 0.012297 -0.043492477 1.6422075
v 0.012079999 -0.043125477 1.6399645
v 0.012124999 -0.037599478 1.6410203
v 0.013765 -0.037289478 1.6403095
v 0.025840582 -0.05582408 1.6931388
v 0.024859805 -0.056515116 1.6940092
v 0.027726587 -0.0550743 1.694869
v 0.024859805 -0.056515116 1.6940092
v 0.025332084 -0.056481637 1.6953447
v 0.030030083 -0.05458996 1.6964386
v 0.027407888 -0.05556793 1.6968133
v 0.028045276 -0.054580674 1.6929247
v 0.027726587 -0.0550743 1.694869
v 0.030899785 -0.054133747 1.6942382
v 0.025840582 -0.05582408 1.6931388
v 0.027726587 -0.0550743 1.694869
v 0.028045276 -0.054580674 1.6929247
v 0.027726587 -0.0550743 1.694869
v 0.025332084 -0.056481637 1.6953447
v 0.027407888 -0.05556793 1.6968133
v -0.052059148 -0.048630577 1.695958
v -0.053241074 -0.048424423 1.6968284
v -0.050514378 -0.05015614 1.6975551
v -0.053241074 -0.048424423 1.6968284
v -0.05288381 -0.048735082 1.698164
v -0.049939875 -0.050033063 1.6956108
v -0.050514378 -0.05015614 1.6975551
v -0.047302794 -0.051048864 1.6970516
v -0.046823405 -0.0514997 1.6984373
v -0.050514378 -0.05015614 1.6975551
v -0.048240054 -0.05075547 1.699252
v -0.047302794 -0.051048864 1.6970516
v -0.046823405 -0.0514997 1.6984373
v -0.052059148 -0.048630577 1.695958
v -0.050514378 -0.05015614 1.6975551
v -0.049939875 -0.050033063 1.6956108
v -0.050514378 -0.05015614 1.6975551
v -0.05288381 -0.048735082 1.698164
v -0.05108893 -0.050279208 1.6994995
v -0.048240054 -0.05075547 1.699252
v -0.050514378 -0.05015614 1.6975551
v -0.05108893 -0.050279208 1.6994995
v 0.027778305 -0.054221 1.7002599
v 0.029764306 -0.054046996 1.7035499
v 0.030129306 -0.05452 1.7032471
v 0.028183304 -0.054703 1.700019
v 0.038472306 -0.048107 1.6933259
v 0.026513305 -0.053765997 1.696528
v 0.026939306 -0.054254998 1.6963589
v 0.026137305 -0.05313 1.6925709
v 0.026564304 -0.053623 1.6924809
v 0.027053306 -0.052826 1.6887308
v 0.026642306 -0.052325 1.688746
v 0.028337305 -0.051882 1.68533
v 0.027960304 -0.051374998 1.6852769
v 0.030198306 -0.050522998 1.6825011
v 0.029866306 -0.050014 1.682389
v 0.032550305 -0.049023 1.6803439
v 0.032268304 -0.048498996 1.680187
v 0.035289306 -0.04763 1.678948
v 0.038313303 -0.046644 1.678406
v 0.035058305 -0.047073998 1.678764
v 0.038137306 -0.046065997 1.678214
v 0.035058305 -0.047073998 1.678764
v 0.041381307 -0.045654 1.6785749
v 0.041495305 -0.046235997 1.678757
v 0.04456331 -0.045704998 1.67987
v 0.044615306 -0.046279997 1.680025
v 0.047428306 -0.046010997 1.682075
v 0.047430303 -0.046595 1.682185
v 0.049748305 -0.046416 1.685084
v 0.049711302 -0.047018 1.685133
v 0.051303305 -0.046746 1.6886929
v 0.051238306 -0.047354996 1.688674
v 0.052061304 -0.047325 1.69261
v 0.0519803 -0.047932 1.6925149
v 0.051851306 -0.048723996 1.6963999
v 0.050823305 -0.049682003 1.700052
v 0.051929306 -0.048123002 1.696572
v 0.050882306 -0.049098 1.700294
v 0.048830304 -0.050373 1.7032719
v 0.048853304 -0.049813 1.7035741
v 0.046048306 -0.050911 1.705796
v 0.046015304 -0.050366998 1.706147
v 0.042731304 -0.051416997 1.707413
v 0.042624306 -0.050869998 1.7077969
v 0.046015304 -0.050366998 1.706147
v 0.039201304 -0.052063998 1.707973
v 0.039016306 -0.051522996 1.7083689
v 0.035786305 -0.052959 1.7074059
v 0.035532303 -0.052444 1.707791
v 0.032707304 -0.053871002 1.70578
v 0.032394305 -0.053388998 1.706131
v 0.029764306 -0.054046996 1.7035499
v -0.030129306 -0.05452 1.7032471
v -0.029764306 -0.054046996 1.7035499
v -0.027778305 -0.054221 1.7002599
v -0.028183304 -0.054703 1.700019
v -0.038472306 -0.048107 1.6933259
v -0.026513305 -0.053765997 1.696528
v -0.026939306 -0.054254998 1.6963589
v -0.026137305 -0.05313 1.6925709
v -0.026564304 -0.053623 1.6924809
v -0.027053306 -0.052826 1.6887308
v -0.026642306 -0.052325 1.688746
v -0.028337305 -0.051882 1.68533
v -0.027960304 -0.051374998 1.6852769
v -0.030198306 -0.050522998 1.6825011
v -0.029866306 -0.050014 1.682389
v -0.032550305 -0.049023 1.6803439
v -0.032268304 -0.048498996 1.680187
v -0.035289306 -0.04763 1.678948
v -0.038313303 -0.046644 1.678406
v -0.035058305 -0.047073998 1.678764
v -0.038137306 -0.046065997 1.678214
v -0.035058305 -0.047073998 1.678764
v -0.041381307 -0.045654 1.6785749
v -0.041495305 -0.046235997 1.678757
v -0.04456331 -0.045704998 1.67987
v -0.044615306 -0.046279997 1.680025
v -0.047428306 -0.046010997 1.682075
v -0.047430303 -0.046595 1.682185
v -0.049748305 -0.046416 1.685084
v -0.049711302 -0.047018 1.685133
v -0.051303305 -0.046746 1.6886929
v -0.051238306 -0.047354996 1.688674
v -0.052061304 -0.047325 1.69261
v -0.0519803 -0.047932 1.6925149
v -0.051851306 -0.048723996 1.6963999
v -0.050823305 -0.049682003 1.700052
v -0.051929306 -0.048123002 1.696572
v -0.050882306 -0.049098 1.700294
v -0.048830304 -0.050373 1.7032719
v -0.048853304 -0.049813 1.7035741
v -0.046048306 -0.050911 1.705796
v -0.046015304 -0.050366998 1.706147
v -0.042731304 -0.051416997 1.707413
v -0.042624306 -0.050869998 1.7077969
v -0.046015304 -0.050366998 1.706147
v -0.039201304 -0.052063998 1.707973
v -0.039016306 -0.051522996 1.7083689
v -0.035786305 -0.052959 1.7074059
v -0.035532303 -0.052444 1.707791
v -0.032707304 -0.053871002 1.70578
v -0.032394305 -0.053388998 1.706131
v -0.029764306 -0.054046996 1.7035499
v 0.031557545 -0.054112844 1.6956239
v 0.027726587 -0.0550743 1.694869
v 0.030030083 -0.05458996 1.6964386
v 0.030899785 -0.054133747 1.6942382
vt 0.5154 0.9435
vt 0.5166 0.9363
vt 0.4947 0.9363
vt 0.8127 0.9261
vt 0.8127 0.95
vt 0.8366 0.95
vt 0.8706 0.7769
vt 0.8755 0.7633
vt 0.8668 0.7736
vt 0.8668 0.7736
vt 0.8581 0.7838
vt 0.8625 0.8046
vt 0.8472 0.7806
vt 0.5544 0.8543
vt 0.5888 0.7732
vt 0.5544 0.7732
vt 0.3643 0.96
vt 0.4454 0.9256
vt 0.4454 0.96
vt 0.5154 0.9435
vt 0.4947 0.9363
vt 0.5166 0.9363
vt 0.8127 0.9261
vt 0.8366 0.95
vt 0.8127 0.95
vt 0.8706 0.7769
vt 0.8668 0.7736
vt 0.8755 0.7633
vt 0.8581 0.7838
vt 0.8668 0.7736
vt 0.8625 0.8046
vt 0.8472 0.7806
vt 0.5544 0.8543
vt 0.5544 0.7732
vt 0.5888 0.7732
vt 0.3643 0.96
vt 0.4454 0.96
vt 0.4454 0.9256
vt 0.8647 0.4721
vt 0.8431 0.4721
vt 0.838 0.4969
vt 0.8647 0.4943
vt 0.8843 0.4721
vt 0.8843 0.4943
vt 0.9031 0.4721
vt 0.8647 0.5141
vt 0.9031 0.4943
vt 0.9237 0.4721
vt 0.8354 0.5141
vt 0.8132 0.502
vt 0.8132 0.5141
vt 0.8001 0.502
vt 0.8001 0.5141
vt 0.7869 0.502
vt 0.8132 0.5256
vt 0.8843 0.5141
vt 0.8647 0.5256
vt 0.9031 0.5141
vt 0.8354 0.5256
vt 0.8843 0.5256
vt 0.8647 0.5373
vt 0.8001 0.5256
vt 0.8132 0.5373
vt 0.7869 0.5141
vt 0.8354 0.5373
vt 0.9237 0.5141
vt 0.9031 0.5256
vt 0.8843 0.5373
vt 0.8647 0.5469
vt 0.9237 0.4943
vt 0.9372 0.4943
vt 0.9372 0.4721
vt 0.9498 0.4721
vt 0.9372 0.5141
vt 0.9498 0.4943
vt 0.9654 0.4866
vt 0.9654 0.4982
vt 0.9498 0.5141
vt 0.9654 0.5141
vt 0.9372 0.5256
vt 0.9498 0.5256
vt 0.9654 0.5256
vt 0.9654 0.5373
vt 0.9237 0.5256
vt 0.9498 0.5373
vt 0.9654 0.5469
vt 0.9372 0.5373
vt 0.9031 0.5373
vt 0.9498 0.5469
vt 0.9654 0.5547
vt 0.9498 0.5547
vt 0.9372 0.5547
vt 0.9372 0.5469
vt 0.9237 0.5547
vt 0.9237 0.5373
vt 0.9237 0.5469
vt 0.9031 0.5547
vt 0.9031 0.5469
vt 0.8843 0.5547
vt 0.8843 0.5469
vt 0.8647 0.5547
vt 0.8354 0.5469
vt 0.8354 0.5547
vt 0.8132 0.5547
vt 0.8132 0.5469
vt 0.8001 0.5469
vt 0.8001 0.5547
vt 0.8001 0.5373
vt 0.7869 0.5469
vt 0.7869 0.5547
vt 0.7654 0.5547
vt 0.7869 0.5256
vt 0.7869 0.5373
vt 0.7654 0.5469
vt 0.7654 0.5373
vt 0.7458 0.5469
vt 0.7458 0.5547
vt 0.7654 0.5256
vt 0.7458 0.5373
vt 0.727 0.5469
vt 0.727 0.5547
vt 0.7654 0.5141
vt 0.7458 0.5256
vt 0.727 0.5373
vt 0.7064 0.5469
vt 0.7064 0.5547
vt 0.6929 0.5547
vt 0.727 0.5256
vt 0.7064 0.5373
vt 0.6929 0.5469
vt 0.6803 0.5547
vt 0.7064 0.5256
vt 0.6929 0.5373
vt 0.6803 0.5469
vt 0.6624 0.5547
vt 0.6624 0.5469
vt 0.6803 0.5373
vt 0.6624 0.5373
vt 0.6624 0.5256
vt 0.6803 0.5256
vt 0.6624 0.5141
vt 0.6929 0.5256
vt 0.6803 0.5141
vt 0.6624 0.4889
vt 0.6929 0.5141
vt 0.6803 0.502
vt 0.7064 0.5141
vt 0.6929 0.502
vt 0.6803 0.4889
vt 0.727 0.5141
vt 0.6803 0.4757
vt 0.6624 0.4757
vt 0.6929 0.4889
vt 0.6929 0.4757
vt 0.7064 0.502
vt 0.7064 0.4889
vt 0.7064 0.4757
vt 0.727 0.4757
vt 0.727 0.4889
vt 0.7458 0.4757
vt 0.7458 0.5141
vt 0.727 0.502
vt 0.7458 0.4889
vt 0.7654 0.4757
vt 0.7654 0.502
vt 0.7458 0.502
vt 0.7654 0.4889
vt 0.7869 0.4757
vt 0.7869 0.4889
vt 0.0816 0.2664
vt 0.0721 0.2664
vt 0.0721 0.2731
vt 0.0828 0.2726
vt 0.0721 0.2768
vt 0.0894 0.2648
vt 0.0835 0.2762
vt 0.0721 0.2819
vt 0.0914 0.2712
vt 0.0974 0.2627
vt 0.0843 0.2814
vt 0.0721 0.2871
vt 0.1001 0.2685
vt 0.1056 0.2607
vt 0.0928 0.2749
vt 0.0851 0.2868
vt 0.0721 0.2959
vt 0.1096 0.2651
vt 0.1133 0.2589
vt 0.0947 0.2797
vt 0.1022 0.2721
vt 0.0866 0.2954
vt 0.0721 0.3068
vt 0.1188 0.2611
vt 0.1228 0.257
vt 0.1119 0.2681
vt 0.1046 0.2766
vt 0.0964 0.2852
vt 0.0883 0.3072
vt 0.0721 0.3208
vt 0.1265 0.2582
vt 0.1228 0.2565
vt 0.1225 0.2629
vt 0.1141 0.2717
vt 0.0987 0.2943
vt 0.0893 0.3222
vt 0.1014 0.3068
vt 0.0861 0.3357
vt 0.0721 0.3346
vt 0.105 0.3281
vt 0.0816 0.3474
vt 0.0721 0.3484
vt 0.0721 0.3519
vt 0.1052 0.3403
vt 0.1255 0.3455
vt 0.1187 0.3236
vt 0.1136 0.3044
vt 0.0812 0.3524
vt 0.0721 0.3549
vt 0.1044 0.352
vt 0.1092 0.3721
vt 0.0809 0.3568
vt 0.0721 0.3781
vt 0.0868 0.3772
vt 0.0926 0.4015
vt 0.0721 0.4038
vt 0.0966 0.4249
vt 0.0721 0.4268
vt 0.0974 0.4469
vt 0.0721 0.4501
vt 0.0981 0.4701
vt 0.1246 0.4619
vt 0.0721 0.473
vt 0.1245 0.4399
vt 0.1199 0.4183
vt 0.0991 0.4911
vt 0.0721 0.4927
vt 0.0721 0.5412
vt 0.1419 0.4342
vt 0.1516 0.4534
vt 0.1143 0.3946
vt 0.1443 0.4073
vt 0.1373 0.3857
vt 0.126 0.4844
vt 0.1024 0.5394
vt 0.0721 0.5799
vt 0.1563 0.4299
vt 0.1314 0.3653
vt 0.11463262 0.52675724
vt 0.1431 0.47382498
vt 0.1488 0.4703
vt 0.1415 0.5035
vt 0.15972501 0.485725
vt 0.161 0.3765
vt 0.1539 0.3563
vt 0.1675 0.3956
vt 0.1472 0.3378
vt 0.1859 0.3687
vt 0.1639 0.4162
vt 0.1373 0.3173
vt 0.1782 0.3474
vt 0.1691 0.4285
vt 0.1646 0.438
vt 0.1646 0.4497
vt 0.1761 0.4201
vt 0.1676 0.4582
vt 0.1731 0.4079
vt 0.1851 0.4151
vt 0.1578 0.4665
vt 0.1725 0.4691
vt 0.1658 0.4798
vt 0.1824 0.4764
vt 0.1824 0.4948
vt 0.18007499 0.50055
vt 0.207 0.5059
vt 0.193 0.3887
vt 0.205375 0.51110005
vt 0.235 0.5139
vt 0.1731 0.5178
vt 0.233525 0.5187
vt 0.2662 0.5161
vt 0.1974 0.3987
vt 0.2019 0.4088
vt 0.2223 0.4028
vt 0.22 0.3924
vt 0.2441 0.4011
vt 0.2177 0.3819
vt 0.2435 0.3885
vt 0.2651 0.4011
vt 0.2129 0.3615
vt 0.242 0.3766
vt 0.2659 0.3876
vt 0.287 0.391
vt 0.2828 0.4072
vt 0.3095 0.3989
vt 0.2988 0.4146
vt 0.3162 0.4289
vt 0.2909 0.3748
vt 0.2654 0.3743
vt 0.2384 0.3545
vt 0.2045 0.3366
vt 0.3204 0.4197
vt 0.3332 0.448
vt 0.326 0.4102
vt 0.3158 0.3754
vt 0.1695 0.3279
vt 0.1588 0.308
vt 0.2805 0.3421
vt 0.259 0.3491
vt 0.2295 0.3265
vt 0.3009 0.3346
vt 0.2478 0.3193
vt 0.2674 0.3109
vt 0.1943 0.3156
vt 0.2166 0.3038
vt 0.2331 0.2941
vt 0.251 0.2833
vt 0.1801 0.2959
vt 0.2008 0.2833
vt 0.2171 0.2722
vt 0.2862 0.3018
vt 0.2333 0.2607
vt 0.2686 0.2723
vt 0.1627 0.2764
vt 0.1806 0.2628
vt 0.1972 0.2496
vt 0.2115 0.2369
vt 0.2487 0.2487
vt 0.1467 0.2878
vt 0.1678 0.2526
vt 0.1522 0.2665
vt 0.1286 0.2987
vt 0.1379 0.2764
vt 0.1097 0.2911
vt 0.1216 0.2853
vt 0.1068 0.2818
vt 0.1168 0.2767
vt 0.1311 0.2691
vt 0.1264 0.2652
vt 0.1412 0.2623
vt 0.1338 0.2602
vt 0.1303 0.2591
vt 0.1508 0.2538
vt 0.1403 0.255
vt 0.1341 0.2556
vt 0.1288 0.2562
vt 0.1518 0.2383
vt 0.1407 0.2454
vt 0.134 0.2493
vt 0.1292 0.2526
vt 0.1253 0.255
vt 0.1183 0.254
vt 0.1165 0.2565
vt 0.1207 0.2502
vt 0.1239 0.2455
vt 0.1283 0.2392
vt 0.1093 0.2536
vt 0.1079 0.2565
vt 0.111 0.2491
vt 0.1133 0.2431
vt 0.0997 0.2533
vt 0.0992 0.2565
vt 0.1004 0.2486
vt 0.0884 0.253
vt 0.0883 0.2565
vt 0.0721 0.2529
vt 0.0721 0.2565
vt 0.0721 0.2482
vt 0.0887 0.2483
vt 0.089 0.24
vt 0.0721 0.2395
vt 0.1022 0.241
vt 0.0895 0.2325
vt 0.0721 0.2322
vt 0.1039 0.2337
vt 0.0906 0.2168
vt 0.0721 0.2168
vt 0.116 0.2357
vt 0.1068 0.2181
vt 0.0933 0.195
vt 0.0721 0.1947
vt 0.1217 0.2215
vt 0.1102 0.1975
vt 0.0943 0.1825
vt 0.0721 0.1819
vt 0.1361 0.2278
vt 0.1288 0.2031
vt 0.1121 0.1846
vt 0.1466 0.2103
vt 0.1333 0.1903
vt 0.1709 0.226
vt 0.1546 0.1985
vt 0.183 0.2144
vt 0.162 0.1867
vt 0.1367 0.1775
vt 0.1932 0.2024
vt 0.1133 0.1719
vt 0.2243 0.2252
vt 0.1682 0.1733
vt 0.1408 0.1652
vt 0.1142 0.1612
vt 0.0947 0.1698
vt 0.0831 0.1688
vt 0.0721 0.1692
vt 0.094 0.1613
vt 0.0825 0.1615
vt 0.0721 0.1619
vt 0.0721 0.1555
vt 0.0822 0.1543
vt 0.0721 0.1418
vt 0.0939 0.1532
vt 0.0836 0.1411
vt 0.0721 0.1283
vt 0.1154 0.1506
vt 0.096 0.1418
vt 0.0854 0.1268
vt 0.0721 0.1142
vt 0.1448 0.152
vt 0.1167 0.144
vt 0.1027 0.1102
vt 0.0721 0.0792
vt 0.0995 0.1265
vt 0.121 0.1275
vt 0.1076 0.0799
vt 0.0721 0.0461
vt 0.1381 0.1124
vt 0.1496 0.134
vt 0.1741 0.1598
vt 0.1628 0.0551
vt 0.0721 0.0263
vt 0.1778 0.0362
vt 0.1493 0.0839
vt 0.1915 0.1255
vt 0.2244 0.0734
vt 0.2448 0.0573
vt 0.2055 0.0984
vt 0.2812 0.1006
vt 0.3098 0.083
vt 0.2567 0.1211
vt 0.3211 0.124
vt 0.3498 0.1031
vt 0.1822 0.1433
vt 0.2357 0.1457
vt 0.2979 0.1445
vt 0.3583 0.1497
vt 0.386 0.1222
vt 0.224 0.1614
vt 0.2129 0.1769
vt 0.2738 0.1692
vt 0.3359 0.1728
vt 0.393 0.1782
vt 0.4256 0.1487
vt 0.4594 0.1757
vt 0.2611 0.1844
vt 0.3096 0.1984
vt 0.3673 0.2018
vt 0.4266 0.2111
vt 0.4901 0.2013
vt 0.2484 0.1995
vt 0.2942 0.2119
vt 0.3357 0.2259
vt 0.3984 0.2353
vt 0.2783 0.2247
vt 0.3185 0.2383
vt 0.3625 0.26
vt 0.3018 0.2507
vt 0.3427 0.2714
vt 0.3226 0.2823
vt 0.285 0.2619
vt 0.2636 0.2368
vt 0.2368 0.2126
vt 0.2034 0.1896
vt 0.3044 0.2923
vt 0.3403 0.3178
vt 0.3207 0.3265
vt 0.3359 0.3676
vt 0.3632 0.3075
vt 0.3552 0.3601
vt 0.3458 0.4042
vt 0.3865 0.297
vt 0.3805 0.3512
vt 0.3652 0.398
vt 0.3517 0.4316
vt 0.4296 0.2772
vt 0.3913 0.3894
vt 0.4063 0.3427
vt 0.371 0.4266
vt 0.3563 0.4578
vt 0.338 0.4713
vt 0.4483 0.2346
vt 0.489 0.2347
vt 0.5271 0.2247
vt 0.468 0.2702
vt 0.4536 0.3281
vt 0.495 0.324
vt 0.4188 0.3805
vt 0.4756 0.392
vt 0.5159 0.3732
vt 0.5305 0.4388
vt 0.4261 0.4093
vt 0.4888 0.4618
vt 0.5412 0.4647
vt 0.3977 0.4182
vt 0.4036 0.4469
vt 0.4371 0.484
vt 0.3763 0.454
vt 0.4079 0.4759
vt 0.3808 0.4812
vt 0.4896 0.5249
vt 0.4109 0.4984
vt 0.3851 0.5127
vt 0.3614 0.4839
vt 0.3421 0.4942
vt 0.4399 0.5573
vt 0.3421 0.49967498
vt 0.3179 0.5054
vt 0.3623 0.5069
vt 0.31735 0.510725
vt 0.294 0.5128
vt 0.3421 0.5161
vt 0.4151 0.5726
vt 0.363 0.5244
vt 0.36283216 0.5420677
vt 0.3427 0.5348
vt 0.3157 0.5267
vt 0.29305 0.517975
vt 0.3884 0.5869
vt 0.264925 0.521175
vt 0.3146 0.5459
vt 0.2902 0.5335
vt 0.2611 0.5364
vt 0.2291 0.5331
vt 0.34447485 0.5475691
vt 0.2005 0.5267
vt 0.25693253 0.55498
vt 0.2874 0.5538
vt 0.22362234 0.5528492
vt 0.19319507 0.54809296
vt 0.16269532 0.54156363
vt 0.31547415 0.55153567
vt 0.12798424 0.53075314
vt 0.12644419 0.5338585
vt 0.16190931 0.54410857
vt 0.1921 0.5513
vt 0.22288483 0.5555082
vt 0.2563 0.5578
vt 0.2874585 0.5567058
vt 0.31575948 0.553375
vt 0.34472632 0.54937816
vt 0.3449572 0.5510391
vt 0.3162387 0.5563644
vt 0.3463 0.5607
vt 0.31660277 0.55872345
vt 0.28760996 0.5618786
vt 0.2876487 0.5640365
vt 0.25541714 0.565911
vt 0.3193 0.5762
vt 0.341 0.6041
vt 0.25518695 0.567929
vt 0.22142725 0.5655411
vt 0.288 0.5836
vt 0.22110933 0.5679091
vt 0.18907325 0.5606382
vt 0.2881 0.6188
vt 0.253 0.5871
vt 0.3865 0.6578
vt 0.18829034 0.5627805
vt 0.15785193 0.5502966
vt 0.2186 0.5866
vt 0.3442 0.6759
vt 0.4344 0.634
vt 0.231 0.6276
vt 0.2884 0.6923
vt 0.2995 0.7989
vt 0.3811 0.754
vt 0.4854 0.6011
vt 0.234 0.7008
vt 0.1731 0.633
vt 0.4737 0.6756
vt 0.5187 0.5791
vt 0.591 0.5285
vt 0.6027 0.482
vt 0.5749 0.6138
vt 0.5207 0.7379
vt 0.4359 0.8428
vt 0.3358 0.9114
vt 0.2078 0.9571
vt 0.1886 0.8257
vt 0.0721 0.972
vt 0.0721 0.8312
vt 0.1768 0.7077
vt 0.123 0.6362
vt 0.1243 0.7101
vt 0.0721 0.7117
vt 0.0721 0.6384
vt 0.1724 0.584
vt 0.1234 0.5819
vt 0.15662748 0.55250686
vt 0.12512572 0.5361368
vt 0.802 0.8433
vt 0.8442 0.8433
vt 0.802 0.834
vt 0.786 0.8433
vt 0.7523 0.8297
vt 0.754 0.8433
vt 0.7368 0.8433
vt 0.7004 0.8299
vt 0.7024 0.8433
vt 0.6504 0.8343
vt 0.6524 0.8433
vt 0.6107 0.8433
vt 0.9665 0.7118
vt 0.9584 0.6892
vt 0.9665 0.6892
vt 0.9462 0.6948
vt 0.9392 0.7041
vt 0.9335 0.715
vt 0.9665 0.7339
vt 0.9309 0.728
vt 0.9302 0.7412
vt 0.9358 0.7578
vt 0.9665 0.7528
vt 0.9665 0.7713
vt 0.9665 0.788
vt 0.9439 0.7756
vt 0.9524 0.7905
vt 0.9589 0.797
vt 0.9665 0.8035
vt 0.9114 0.589
vt 0.9248 0.6473
vt 0.9494 0.589
vt 0.8939 0.6309
vt 0.8438 0.589
vt 0.8846 0.6516
vt 0.9062 0.6776
vt 0.824 0.6293
vt 0.7819 0.589
vt 0.8521 0.6723
vt 0.854 0.7142
vt 0.7961 0.7093
vt 0.7947 0.7536
vt 0.7865 0.6642
vt 0.7412 0.7257
vt 0.7313 0.7641
vt 0.755 0.6818
vt 0.7069 0.7208
vt 0.6849 0.7524
vt 0.7046 0.6747
vt 0.6691 0.7036
vt 0.6424 0.7294
vt 0.6433 0.6781
vt 0.6186 0.6929
vt 0.613 0.6512
vt 0.6818 0.6441
vt 0.7061 0.589
vt 0.6366 0.6489
vt 0.6328 0.6074
vt 0.6565 0.6104
vt 0.6755 0.589
vt 0.8652 0.95
vt 0.8127 0.9261
vt 0.8366 0.95
vt 0.8652 0.9262
vt 0.9122 0.95
vt 0.8127 0.8988
vt 0.7577 0.926
vt 0.7905 0.9822
vt 0.7548 0.95
vt 0.8652 0.8988
vt 0.76 0.8988
vt 0.6979 0.926
vt 0.6992 0.95
vt 0.6709 0.95
vt 0.6964 0.8988
vt 0.6387 0.926
vt 0.6387 0.8988
vt 0.9086 0.9262
vt 0.9036 0.8988
vt 0.9307 0.9262
vt 0.977 0.95
vt 0.9599 0.9229
vt 0.9215 0.8908
vt 0.9036 0.8564
vt 0.941 0.8833
vt 0.914 0.8546
vt 0.9036 0.8021
vt 0.9267 0.8502
vt 0.5834 0.926
vt 0.5796 0.8988
vt 0.5398 0.9188
vt 0.542 0.8988
vt 0.5867 0.95
vt 0.6174 0.9594
vt 0.6693 0.9753
vt 0.5371 0.9363
vt 0.5355 0.95
vt 0.5061 0.9184
vt 0.5087 0.9092
vt 0.4771 0.8988
vt 0.5113 0.8988
vt 0.542 0.8988
vt 0.4771 0.8988
vt 0.5154 0.9435
vt 0.5355 0.95
vt 0.5371 0.9363
vt 0.5166 0.9363
vt 0.8755 0.7633
vt 0.8594 0.7802
vt 0.8615 0.8046
vt 0.8485 0.7776
vt 0.862 0.7996
vt 0.8547 0.7794
vt 0.8407 0.7886
vt 0.8693 0.7814
vt 0.8687 0.7703
vt 0.8769 0.7632
vt 0.9153 0.4247
vt 0.9153 0.4493
vt 0.9415 0.4392
vt 0.9351 0.4246
vt 0.9528 0.414
vt 0.9641 0.4266
vt 0.9306 0.4143
vt 0.9153 0.4167
vt 0.9153 0.4125
vt 0.9153 0.4025
vt 0.9402 0.4065
vt 0.9153 0.3905
vt 0.9634 0.401
vt 0.9777 0.4104
vt 0.9856 0.3923
vt 0.9481 0.3946
vt 0.9696 0.3823
vt 0.9878 0.3824
vt 0.9883 0.3677
vt 0.9507 0.38
vt 0.9153 0.3736
vt 0.9696 0.3626
vt 0.9876 0.3576
vt 0.9831 0.342
vt 0.95 0.3667
vt 0.9153 0.3594
vt 0.965 0.3464
vt 0.9716 0.3228
vt 0.9473 0.3553
vt 0.9153 0.3461
vt 0.9552 0.3309
vt 0.9561 0.3109
vt 0.9422 0.345
vt 0.9153 0.3373
vt 0.9395 0.3195
vt 0.9437 0.3046
vt 0.9296 0.3012
vt 0.9359 0.3379
vt 0.926 0.3355
vt 0.9153 0.3315
vt 0.9153 0.3203
vt 0.9262 0.3169
vt 0.9153 0.2962
vt 0.8825 0.4444
vt 0.9038 0.4493
vt 0.9038 0.4247
vt 0.8841 0.4277
vt 0.8915 0.4193
vt 0.9038 0.4167
vt 0.9038 0.4125
vt 0.8767 0.4237
vt 0.8629 0.4382
vt 0.8861 0.4126
vt 0.9038 0.4025
vt 0.8652 0.4109
vt 0.8474 0.4198
vt 0.8381 0.3962
vt 0.8799 0.4025
vt 0.9038 0.3905
vt 0.8572 0.3913
vt 0.8342 0.3697
vt 0.8757 0.3888
vt 0.8558 0.3696
vt 0.8389 0.342
vt 0.8767 0.3728
vt 0.9038 0.3736
vt 0.8601 0.3481
vt 0.8505 0.3214
vt 0.8807 0.3565
vt 0.9038 0.3594
vt 0.8683 0.3325
vt 0.865 0.3094
vt 0.8853 0.3455
vt 0.9038 0.3461
vt 0.8891 0.3385
vt 0.9038 0.3373
vt 0.8773 0.3233
vt 0.879 0.303
vt 0.8905 0.3165
vt 0.8924 0.3008
vt 0.8973 0.3322
vt 0.9038 0.3315
vt 0.9038 0.3203
vt 0.9038 0.2962
vt 0.83459544 0.31300926
vt 0.80781525 0.25311714
vt 0.7915082 0.26560313
vt 0.76953566 0.21365236
vt 0.7548288 0.22524706
vt 0.7174276 0.18409693
vt 0.72873026 0.17423347
vt 0.6859568 0.13236117
vt 0.67683065 0.13943079
vt 0.6453689 0.09206558
vt 0.6389755 0.09778117
vt 0.6079411 0.056265563
vt 0.60459214 0.05995119
vt 0.5693996 0.02123119
vt 0.7679 0.0208
vt 0.7532 0.0222
vt 0.7679 0.0336
vt 0.7527 0.0348
vt 0.7431 0.026
vt 0.7679 0.0469
vt 0.742 0.0347
vt 0.7343 0.0327
vt 0.7523 0.0469
vt 0.7679 0.065
vt 0.737 0.0465
vt 0.728 0.0454
vt 0.7506 0.0641
vt 0.734 0.0631
vt 0.7238 0.0624
vt 0.7204 0.0828
vt 0.7318 0.0835
vt 0.721 0.1082
vt 0.7491 0.0848
vt 0.7679 0.0855
vt 0.7323 0.1077
vt 0.7482 0.1084
vt 0.7679 0.1087
vt 0.735 0.1237
vt 0.7258 0.1249
vt 0.7329 0.1334
vt 0.7464 0.1393
vt 0.7485 0.1266
vt 0.7679 0.1284
vt 0.7679 0.1433
vt 0.9814589 0.1683732
vt 0.98465896 0.15407321
vt 0.97825897 0.15407321
vt 0.97465897 0.1671732
vt 0.9679589 0.15407321
vt 0.9764589 0.1774732
vt 0.9650589 0.1667732
vt 0.95665896 0.15407321
vt 0.9706589 0.1748732
vt 0.9690589 0.18497321
vt 0.95455897 0.1676732
vt 0.941659 0.15407321
vt 0.9648589 0.18137321
vt 0.95805895 0.19187321
vt 0.9635589 0.17637321
vt 0.954659 0.18667321
vt 0.943159 0.19717321
vt 0.940959 0.16917321
vt 0.9252589 0.15407321
vt 0.9534589 0.17977321
vt 0.94145894 0.1906732
vt 0.9254589 0.1704732
vt 0.90355897 0.15407321
vt 0.9410589 0.1834732
vt 0.9252589 0.19377321
vt 0.9245589 0.20097321
vt 0.92565894 0.1865732
vt 0.90555894 0.1703732
vt 0.9065589 0.1935732
vt 0.9017589 0.2001732
vt 0.90775895 0.18677321
vt 0.889259 0.1701732
vt 0.88465893 0.15407321
vt 0.89335895 0.18497321
vt 0.8908589 0.18877321
vt 0.8864589 0.1944732
vt 0.8837589 0.1844732
vt 0.8780589 0.18677321
vt 0.877759 0.1710732
vt 0.8736589 0.15407321
vt 0.8699589 0.17427321
vt 0.8642589 0.15407321
vt 0.8729 0.0605
vt 0.8662 0.0605
vt 0.8662 0.0537
vt 0.8729 0.0537
vt 0.8729 0.0358
vt 0.8662 0.0358
vt 0.8662 0.0257
vt 0.8868 0.0537
vt 0.8868 0.0605
vt 0.9131 0.0605
vt 0.8868 0.0358
vt 0.9131 0.0537
vt 0.9372 0.0605
vt 0.9131 0.0358
vt 0.9372 0.0537
vt 0.9596 0.0605
vt 0.9372 0.0359
vt 0.9596 0.0537
vt 0.9823 0.0605
vt 0.9823 0.0537
vt 0.9823 0.0358
vt 0.9596 0.0358
vt 0.9823 0.0257
vt 0.9596 0.0257
vt 0.9823 0.0257
vt 0.9372 0.0257
vt 0.9131 0.0257
vt 0.8868 0.0257
vt 0.8729 0.0257
vt 0.8662 0.0257
vt 0.8729 0.0257
vt 0.8729 0.0257
vt 0.8868 0.0257
vt 0.8662 0.0358
vt 0.8868 0.0257
vt 0.9131 0.0257
vt 0.8729 0.0358
vt 0.8729 0.0537
vt 0.8662 0.0537
vt 0.8729 0.0605
vt 0.8662 0.0605
vt 0.8868 0.0537
vt 0.8868 0.0605
vt 0.8868 0.0358
vt 0.9131 0.0537
vt 0.9131 0.0605
vt 0.9131 0.0358
vt 0.9131 0.0257
vt 0.9372 0.0537
vt 0.9372 0.0605
vt 0.9372 0.0359
vt 0.9372 0.0257
vt 0.9372 0.0257
vt 0.9596 0.0537
vt 0.9596 0.0605
vt 0.9823 0.0605
vt 0.9596 0.0257
vt 0.9596 0.0257
vt 0.9823 0.0257
vt 0.9596 0.0358
vt 0.9823 0.0537
vt 0.9823 0.0537
vt 0.9823 0.0358
vt 0.9823 0.0358
vt 0.9823 0.0257
vt 0.8662 0.0537
vt 0.8662 0.0605
vt 0.8729 0.0605
vt 0.8729 0.0537
vt 0.8662 0.0358
vt 0.8868 0.0537
vt 0.8868 0.0605
vt 0.8729 0.0358
vt 0.9131 0.0537
vt 0.9131 0.0605
vt 0.8729 0.0257
vt 0.8662 0.0257
vt 0.8729 0.0257
vt 0.8868 0.0257
vt 0.8868 0.0257
vt 0.9131 0.0257
vt 0.8868 0.0358
vt 0.9131 0.0358
vt 0.9372 0.0537
vt 0.9372 0.0605
vt 0.9131 0.0257
vt 0.9372 0.0359
vt 0.9596 0.0537
vt 0.9596 0.0605
vt 0.9823 0.0605
vt 0.9372 0.0257
vt 0.9372 0.0257
vt 0.9596 0.0358
vt 0.9823 0.0537
vt 0.9823 0.0537
vt 0.9823 0.0358
vt 0.9596 0.0257
vt 0.9596 0.0257
vt 0.9823 0.0257
vt 0.9823 0.0358
vt 0.9823 0.0257
vt 0.9823 0.1277
vt 0.9596 0.0839
vt 0.9823 0.0839
vt 0.9596 0.1277
vt 0.9372 0.0839
vt 0.9372 0.1277
vt 0.9121 0.0839
vt 0.9121 0.1277
vt 0.8873 0.0839
vt 0.8873 0.1277
vt 0.8746 0.0839
vt 0.8746 0.1277
vt 0.8675 0.0839
vt 0.8675 0.1277
vt 0.8647 0.4721
vt 0.838 0.4969
vt 0.8431 0.4721
vt 0.8647 0.4943
vt 0.8843 0.4721
vt 0.8843 0.4943
vt 0.9031 0.4721
vt 0.8647 0.5141
vt 0.9031 0.4943
vt 0.9237 0.4721
vt 0.8354 0.5141
vt 0.8132 0.502
vt 0.8132 0.5141
vt 0.8001 0.502
vt 0.8001 0.5141
vt 0.7869 0.502
vt 0.8132 0.5256
vt 0.8843 0.5141
vt 0.8647 0.5256
vt 0.9031 0.5141
vt 0.8354 0.5256
vt 0.8843 0.5256
vt 0.8647 0.5373
vt 0.8001 0.5256
vt 0.8132 0.5373
vt 0.8354 0.5373
vt 0.7869 0.5141
vt 0.9237 0.5141
vt 0.9031 0.5256
vt 0.8843 0.5373
vt 0.8647 0.5469
vt 0.9237 0.4943
vt 0.9372 0.4943
vt 0.9372 0.4721
vt 0.9498 0.4721
vt 0.9372 0.5141
vt 0.9498 0.4943
vt 0.9654 0.4866
vt 0.9654 0.4982
vt 0.9498 0.5141
vt 0.9654 0.5141
vt 0.9372 0.5256
vt 0.9498 0.5256
vt 0.9654 0.5256
vt 0.9654 0.5373
vt 0.9237 0.5256
vt 0.9498 0.5373
vt 0.9654 0.5469
vt 0.9372 0.5373
vt 0.9031 0.5373
vt 0.9498 0.5469
vt 0.9654 0.5547
vt 0.9498 0.5547
vt 0.9372 0.5547
vt 0.9372 0.5469
vt 0.9237 0.5547
vt 0.9237 0.5373
vt 0.9237 0.5469
vt 0.9031 0.5547
vt 0.9031 0.5469
vt 0.8843 0.5547
vt 0.8843 0.5469
vt 0.8647 0.5547
vt 0.8354 0.5469
vt 0.8354 0.5547
vt 0.8132 0.5547
vt 0.8132 0.5469
vt 0.8001 0.5469
vt 0.8001 0.5547
vt 0.8001 0.5373
vt 0.7869 0.5469
vt 0.7869 0.5547
vt 0.7654 0.5547
vt 0.7869 0.5256
vt 0.7869 0.5373
vt 0.7654 0.5469
vt 0.7654 0.5373
vt 0.7458 0.5469
vt 0.7458 0.5547
vt 0.7654 0.5256
vt 0.727 0.5469
vt 0.727 0.5547
vt 0.7458 0.5373
vt 0.7654 0.5141
vt 0.7064 0.5469
vt 0.7064 0.5547
vt 0.6929 0.5547
vt 0.727 0.5373
vt 0.7458 0.5256
vt 0.6929 0.5469
vt 0.6803 0.5547
vt 0.7064 0.5373
vt 0.727 0.5256
vt 0.6803 0.5469
vt 0.6624 0.5547
vt 0.6624 0.5469
vt 0.6803 0.5373
vt 0.6624 0.5373
vt 0.6624 0.5256
vt 0.6929 0.5373
vt 0.6803 0.5256
vt 0.6624 0.5141
vt 0.6929 0.5256
vt 0.6803 0.5141
vt 0.6624 0.4889
vt 0.7064 0.5256
vt 0.6929 0.5141
vt 0.7064 0.5141
vt 0.6803 0.502
vt 0.6929 0.502
vt 0.727 0.5141
vt 0.6803 0.4889
vt 0.7064 0.502
vt 0.7458 0.5141
vt 0.6803 0.4757
vt 0.6624 0.4757
vt 0.6929 0.4889
vt 0.6929 0.4757
vt 0.7064 0.4889
vt 0.7064 0.4757
vt 0.727 0.4757
vt 0.727 0.4889
vt 0.7458 0.4757
vt 0.727 0.502
vt 0.7458 0.4889
vt 0.7654 0.4757
vt 0.7458 0.502
vt 0.7654 0.4889
vt 0.7869 0.4757
vt 0.7869 0.4889
vt 0.7654 0.502
vt 0.0721 0.2731
vt 0.0721 0.2664
vt 0.0816 0.2664
vt 0.0828 0.2726
vt 0.0721 0.2768
vt 0.0894 0.2648
vt 0.0835 0.2762
vt 0.0721 0.2819
vt 0.0914 0.2712
vt 0.0974 0.2627
vt 0.0843 0.2814
vt 0.0721 0.2871
vt 0.1001 0.2685
vt 0.1056 0.2607
vt 0.0928 0.2749
vt 0.0851 0.2868
vt 0.0721 0.2959
vt 0.1096 0.2651
vt 0.1133 0.2589
vt 0.0947 0.2797
vt 0.1022 0.2721
vt 0.0866 0.2954
vt 0.0721 0.3068
vt 0.1188 0.2611
vt 0.1228 0.257
vt 0.1119 0.2681
vt 0.1046 0.2766
vt 0.0964 0.2852
vt 0.0883 0.3072
vt 0.0721 0.3208
vt 0.1265 0.2582
vt 0.1228 0.2565
vt 0.1225 0.2629
vt 0.0987 0.2943
vt 0.1141 0.2717
vt 0.0893 0.3222
vt 0.1014 0.3068
vt 0.0861 0.3357
vt 0.0721 0.3346
vt 0.105 0.3281
vt 0.0816 0.3474
vt 0.0721 0.3484
vt 0.0721 0.3519
vt 0.1052 0.3403
vt 0.1255 0.3455
vt 0.1187 0.3236
vt 0.1136 0.3044
vt 0.0812 0.3524
vt 0.0721 0.3549
vt 0.1044 0.352
vt 0.1092 0.3721
vt 0.0809 0.3568
vt 0.0721 0.3781
vt 0.0868 0.3772
vt 0.0926 0.4015
vt 0.0721 0.4038
vt 0.0966 0.4249
vt 0.0721 0.4268
vt 0.0974 0.4469
vt 0.0721 0.4501
vt 0.0981 0.4701
vt 0.1246 0.4619
vt 0.0721 0.473
vt 0.1245 0.4399
vt 0.1199 0.4183
vt 0.0991 0.4911
vt 0.0721 0.4927
vt 0.0721 0.5412
vt 0.1143 0.3946
vt 0.1419 0.4342
vt 0.1516 0.4534
vt 0.1443 0.4073
vt 0.1373 0.3857
vt 0.126 0.4844
vt 0.1024 0.5394
vt 0.0721 0.5799
vt 0.1563 0.4299
vt 0.1314 0.3653
vt 0.11463262 0.52675724
vt 0.1431 0.47382498
vt 0.1488 0.4703
vt 0.1415 0.5035
vt 0.15972501 0.485725
vt 0.1675 0.3956
vt 0.161 0.3765
vt 0.1539 0.3563
vt 0.1639 0.4162
vt 0.1859 0.3687
vt 0.1472 0.3378
vt 0.1782 0.3474
vt 0.1373 0.3173
vt 0.1691 0.4285
vt 0.1646 0.438
vt 0.1646 0.4497
vt 0.1761 0.4201
vt 0.1676 0.4582
vt 0.1731 0.4079
vt 0.1851 0.4151
vt 0.1578 0.4665
vt 0.1725 0.4691
vt 0.1658 0.4798
vt 0.1824 0.4764
vt 0.1824 0.4948
vt 0.18007499 0.50055
vt 0.207 0.5059
vt 0.1974 0.3987
vt 0.2019 0.4088
vt 0.2223 0.4028
vt 0.205375 0.51110005
vt 0.235 0.5139
vt 0.1731 0.5178
vt 0.193 0.3887
vt 0.22 0.3924
vt 0.2441 0.4011
vt 0.233525 0.5187
vt 0.2662 0.5161
vt 0.2177 0.3819
vt 0.2435 0.3885
vt 0.2651 0.4011
vt 0.2129 0.3615
vt 0.242 0.3766
vt 0.2659 0.3876
vt 0.2005 0.5267
vt 0.264925 0.521175
vt 0.294 0.5128
vt 0.287 0.391
vt 0.2828 0.4072
vt 0.3095 0.3989
vt 0.2988 0.4146
vt 0.3162 0.4289
vt 0.2909 0.3748
vt 0.2654 0.3743
vt 0.2291 0.5331
vt 0.3204 0.4197
vt 0.3332 0.448
vt 0.326 0.4102
vt 0.2384 0.3545
vt 0.3158 0.3754
vt 0.2045 0.3366
vt 0.1695 0.3279
vt 0.1588 0.308
vt 0.3517 0.4316
vt 0.3458 0.4042
vt 0.3563 0.4578
vt 0.338 0.4713
vt 0.3614 0.4839
vt 0.3421 0.4942
vt 0.3421 0.49967498
vt 0.3179 0.5054
vt 0.31735 0.510725
vt 0.29305 0.517975
vt 0.2611 0.5364
vt 0.3763 0.454
vt 0.371 0.4266
vt 0.3808 0.4812
vt 0.3851 0.5127
vt 0.3623 0.5069
vt 0.3421 0.5161
vt 0.3157 0.5267
vt 0.363 0.5244
vt 0.36283216 0.5420677
vt 0.3427 0.5348
vt 0.2902 0.5335
vt 0.3146 0.5459
vt 0.34447485 0.5475691
vt 0.25693253 0.55498
vt 0.2874 0.5538
vt 0.31547415 0.55153567
vt 0.22362234 0.5528492
vt 0.19319507 0.54809296
vt 0.16269532 0.54156363
vt 0.12798424 0.53075314
vt 0.12644419 0.5338585
vt 0.16190931 0.54410857
vt 0.1921 0.5513
vt 0.22288483 0.5555082
vt 0.2563 0.5578
vt 0.2874585 0.5567058
vt 0.31575948 0.553375
vt 0.34472632 0.54937816
vt 0.3449572 0.5510391
vt 0.3162387 0.5563644
vt 0.31660277 0.55872345
vt 0.28760996 0.5618786
vt 0.3463 0.5607
vt 0.2876487 0.5640365
vt 0.25541714 0.565911
vt 0.3884 0.5869
vt 0.3193 0.5762
vt 0.25518695 0.567929
vt 0.22142725 0.5655411
vt 0.341 0.6041
vt 0.288 0.5836
vt 0.22110933 0.5679091
vt 0.18907325 0.5606382
vt 0.2881 0.6188
vt 0.253 0.5871
vt 0.18829034 0.5627805
vt 0.15785193 0.5502966
vt 0.2186 0.5866
vt 0.231 0.6276
vt 0.3865 0.6578
vt 0.3442 0.6759
vt 0.2884 0.6923
vt 0.2995 0.7989
vt 0.234 0.7008
vt 0.1731 0.633
vt 0.1724 0.584
vt 0.123 0.6362
vt 0.1768 0.7077
vt 0.15662748 0.55250686
vt 0.1886 0.8257
vt 0.1234 0.5819
vt 0.12512572 0.5361368
vt 0.0721 0.6384
vt 0.0721 0.7117
vt 0.1243 0.7101
vt 0.0721 0.8312
vt 0.0721 0.972
vt 0.2078 0.9571
vt 0.3358 0.9114
vt 0.4359 0.8428
vt 0.3811 0.754
vt 0.5207 0.7379
vt 0.4737 0.6756
vt 0.5749 0.6138
vt 0.4344 0.634
vt 0.5187 0.5791
vt 0.591 0.5285
vt 0.4151 0.5726
vt 0.4854 0.6011
vt 0.5412 0.4647
vt 0.6027 0.482
vt 0.4109 0.4984
vt 0.4399 0.5573
vt 0.4896 0.5249
vt 0.4079 0.4759
vt 0.4371 0.484
vt 0.4888 0.4618
vt 0.5305 0.4388
vt 0.4036 0.4469
vt 0.4261 0.4093
vt 0.4756 0.392
vt 0.5159 0.3732
vt 0.495 0.324
vt 0.3977 0.4182
vt 0.4536 0.3281
vt 0.468 0.2702
vt 0.3652 0.398
vt 0.3913 0.3894
vt 0.4188 0.3805
vt 0.4296 0.2772
vt 0.4483 0.2346
vt 0.4063 0.3427
vt 0.3359 0.3676
vt 0.3552 0.3601
vt 0.3805 0.3512
vt 0.3009 0.3346
vt 0.3207 0.3265
vt 0.3865 0.297
vt 0.3403 0.3178
vt 0.2805 0.3421
vt 0.3632 0.3075
vt 0.259 0.3491
vt 0.2295 0.3265
vt 0.2478 0.3193
vt 0.2674 0.3109
vt 0.2862 0.3018
vt 0.251 0.2833
vt 0.2331 0.2941
vt 0.2166 0.3038
vt 0.3044 0.2923
vt 0.2686 0.2723
vt 0.2333 0.2607
vt 0.1943 0.3156
vt 0.2171 0.2722
vt 0.1801 0.2959
vt 0.2008 0.2833
vt 0.3226 0.2823
vt 0.285 0.2619
vt 0.2487 0.2487
vt 0.2115 0.2369
vt 0.1972 0.2496
vt 0.1806 0.2628
vt 0.1627 0.2764
vt 0.3427 0.2714
vt 0.1678 0.2526
vt 0.1467 0.2878
vt 0.3625 0.26
vt 0.1522 0.2665
vt 0.1286 0.2987
vt 0.3984 0.2353
vt 0.1379 0.2764
vt 0.1097 0.2911
vt 0.1216 0.2853
vt 0.1068 0.2818
vt 0.1168 0.2767
vt 0.1311 0.2691
vt 0.1264 0.2652
vt 0.1412 0.2623
vt 0.1303 0.2591
vt 0.1338 0.2602
vt 0.1508 0.2538
vt 0.1288 0.2562
vt 0.1403 0.255
vt 0.1341 0.2556
vt 0.1518 0.2383
vt 0.1407 0.2454
vt 0.134 0.2493
vt 0.1292 0.2526
vt 0.1253 0.255
vt 0.1183 0.254
vt 0.1165 0.2565
vt 0.1207 0.2502
vt 0.1239 0.2455
vt 0.1283 0.2392
vt 0.1093 0.2536
vt 0.1079 0.2565
vt 0.111 0.2491
vt 0.1133 0.2431
vt 0.0997 0.2533
vt 0.0992 0.2565
vt 0.1004 0.2486
vt 0.0884 0.253
vt 0.0883 0.2565
vt 0.0721 0.2529
vt 0.0721 0.2565
vt 0.0721 0.2482
vt 0.0887 0.2483
vt 0.089 0.24
vt 0.0721 0.2395
vt 0.1022 0.241
vt 0.0895 0.2325
vt 0.0721 0.2322
vt 0.1039 0.2337
vt 0.0906 0.2168
vt 0.0721 0.2168
vt 0.116 0.2357
vt 0.1068 0.2181
vt 0.0933 0.195
vt 0.0721 0.1947
vt 0.1217 0.2215
vt 0.1102 0.1975
vt 0.0943 0.1825
vt 0.0721 0.1819
vt 0.1361 0.2278
vt 0.1288 0.2031
vt 0.1121 0.1846
vt 0.1466 0.2103
vt 0.1333 0.1903
vt 0.1709 0.226
vt 0.1546 0.1985
vt 0.183 0.2144
vt 0.162 0.1867
vt 0.1367 0.1775
vt 0.1932 0.2024
vt 0.1133 0.1719
vt 0.2243 0.2252
vt 0.2636 0.2368
vt 0.1682 0.1733
vt 0.1408 0.1652
vt 0.1142 0.1612
vt 0.0947 0.1698
vt 0.2034 0.1896
vt 0.0831 0.1688
vt 0.0721 0.1692
vt 0.094 0.1613
vt 0.0825 0.1615
vt 0.0721 0.1619
vt 0.0721 0.1555
vt 0.0822 0.1543
vt 0.0721 0.1418
vt 0.0939 0.1532
vt 0.0836 0.1411
vt 0.0721 0.1283
vt 0.1154 0.1506
vt 0.0854 0.1268
vt 0.0721 0.1142
vt 0.096 0.1418
vt 0.1448 0.152
vt 0.1027 0.1102
vt 0.0721 0.0792
vt 0.1167 0.144
vt 0.0995 0.1265
vt 0.121 0.1275
vt 0.1741 0.1598
vt 0.1076 0.0799
vt 0.0721 0.0461
vt 0.1496 0.134
vt 0.1381 0.1124
vt 0.1628 0.0551
vt 0.0721 0.0263
vt 0.1778 0.0362
vt 0.1493 0.0839
vt 0.1915 0.1255
vt 0.1822 0.1433
vt 0.2244 0.0734
vt 0.2448 0.0573
vt 0.2055 0.0984
vt 0.2129 0.1769
vt 0.2812 0.1006
vt 0.3098 0.083
vt 0.224 0.1614
vt 0.2567 0.1211
vt 0.2357 0.1457
vt 0.2368 0.2126
vt 0.2484 0.1995
vt 0.3211 0.124
vt 0.3498 0.1031
vt 0.2979 0.1445
vt 0.2738 0.1692
vt 0.2611 0.1844
vt 0.2783 0.2247
vt 0.3583 0.1497
vt 0.386 0.1222
vt 0.3359 0.1728
vt 0.3096 0.1984
vt 0.2942 0.2119
vt 0.3018 0.2507
vt 0.3185 0.2383
vt 0.3357 0.2259
vt 0.3673 0.2018
vt 0.393 0.1782
vt 0.4256 0.1487
vt 0.4594 0.1757
vt 0.4266 0.2111
vt 0.4901 0.2013
vt 0.489 0.2347
vt 0.5271 0.2247
vt 0.802 0.8433
vt 0.802 0.834
vt 0.8442 0.8433
vt 0.786 0.8433
vt 0.7523 0.8297
vt 0.754 0.8433
vt 0.7368 0.8433
vt 0.7004 0.8299
vt 0.7024 0.8433
vt 0.6504 0.8343
vt 0.6524 0.8433
vt 0.6107 0.8433
vt 0.9665 0.7118
vt 0.9665 0.6892
vt 0.9584 0.6892
vt 0.9462 0.6948
vt 0.9392 0.7041
vt 0.9335 0.715
vt 0.9665 0.7339
vt 0.9309 0.728
vt 0.9302 0.7412
vt 0.9358 0.7578
vt 0.9665 0.7528
vt 0.9665 0.7713
vt 0.9665 0.788
vt 0.9439 0.7756
vt 0.9524 0.7905
vt 0.9589 0.797
vt 0.9665 0.8035
vt 0.9114 0.589
vt 0.9494 0.589
vt 0.9248 0.6473
vt 0.8939 0.6309
vt 0.8438 0.589
vt 0.8846 0.6516
vt 0.9062 0.6776
vt 0.824 0.6293
vt 0.7819 0.589
vt 0.8521 0.6723
vt 0.854 0.7142
vt 0.7961 0.7093
vt 0.7947 0.7536
vt 0.7865 0.6642
vt 0.7412 0.7257
vt 0.7313 0.7641
vt 0.755 0.6818
vt 0.7069 0.7208
vt 0.6849 0.7524
vt 0.7046 0.6747
vt 0.6691 0.7036
vt 0.6424 0.7294
vt 0.6433 0.6781
vt 0.6186 0.6929
vt 0.613 0.6512
vt 0.6818 0.6441
vt 0.7061 0.589
vt 0.6366 0.6489
vt 0.6328 0.6074
vt 0.6565 0.6104
vt 0.6755 0.589
vt 0.8366 0.95
vt 0.8127 0.9261
vt 0.8652 0.95
vt 0.8652 0.9262
vt 0.9122 0.95
vt 0.8127 0.8988
vt 0.7577 0.926
vt 0.7905 0.9822
vt 0.7548 0.95
vt 0.8652 0.8988
vt 0.76 0.8988
vt 0.6979 0.926
vt 0.6992 0.95
vt 0.6709 0.95
vt 0.6964 0.8988
vt 0.6387 0.926
vt 0.6387 0.8988
vt 0.9086 0.9262
vt 0.9036 0.8988
vt 0.9307 0.9262
vt 0.977 0.95
vt 0.9599 0.9229
vt 0.9215 0.8908
vt 0.9036 0.8564
vt 0.941 0.8833
vt 0.914 0.8546
vt 0.9036 0.8021
vt 0.9267 0.8502
vt 0.5834 0.926
vt 0.5796 0.8988
vt 0.5398 0.9188
vt 0.542 0.8988
vt 0.5867 0.95
vt 0.6174 0.9594
vt 0.6693 0.9753
vt 0.5371 0.9363
vt 0.5355 0.95
vt 0.5061 0.9184
vt 0.5087 0.9092
vt 0.4771 0.8988
vt 0.5113 0.8988
vt 0.542 0.8988
vt 0.4771 0.8988
vt 0.5154 0.9435
vt 0.5166 0.9363
vt 0.5371 0.9363
vt 0.5355 0.95
vt 0.8755 0.7633
vt 0.8615 0.8046
vt 0.8594 0.7802
vt 0.8485 0.7776
vt 0.862 0.7996
vt 0.8407 0.7886
vt 0.8547 0.7794
vt 0.8693 0.7814
vt 0.8687 0.7703
vt 0.8769 0.7632
vt 0.9153 0.4247
vt 0.9415 0.4392
vt 0.9153 0.4493
vt 0.9351 0.4246
vt 0.9306 0.4143
vt 0.9153 0.4167
vt 0.9153 0.4125
vt 0.9153 0.4025
vt 0.9402 0.4065
vt 0.9153 0.3905
vt 0.9528 0.414
vt 0.9641 0.4266
vt 0.9481 0.3946
vt 0.9634 0.401
vt 0.9777 0.4104
vt 0.9856 0.3923
vt 0.9696 0.3823
vt 0.9878 0.3824
vt 0.9883 0.3677
vt 0.9507 0.38
vt 0.9153 0.3736
vt 0.9696 0.3626
vt 0.9876 0.3576
vt 0.9831 0.342
vt 0.95 0.3667
vt 0.9153 0.3594
vt 0.965 0.3464
vt 0.9716 0.3228
vt 0.9473 0.3553
vt 0.9153 0.3461
vt 0.9552 0.3309
vt 0.9561 0.3109
vt 0.9422 0.345
vt 0.9153 0.3373
vt 0.9395 0.3195
vt 0.9437 0.3046
vt 0.9296 0.3012
vt 0.9359 0.3379
vt 0.926 0.3355
vt 0.9153 0.3315
vt 0.9153 0.3203
vt 0.9262 0.3169
vt 0.9153 0.2962
vt 0.9038 0.4247
vt 0.9038 0.4493
vt 0.8825 0.4444
vt 0.8841 0.4277
vt 0.8767 0.4237
vt 0.8629 0.4382
vt 0.8915 0.4193
vt 0.9038 0.4167
vt 0.9038 0.4125
vt 0.8861 0.4126
vt 0.9038 0.4025
vt 0.8652 0.4109
vt 0.8474 0.4198
vt 0.8381 0.3962
vt 0.8799 0.4025
vt 0.9038 0.3905
vt 0.8572 0.3913
vt 0.8342 0.3697
vt 0.8757 0.3888
vt 0.8558 0.3696
vt 0.8389 0.342
vt 0.8767 0.3728
vt 0.9038 0.3736
vt 0.8601 0.3481
vt 0.8505 0.3214
vt 0.8807 0.3565
vt 0.9038 0.3594
vt 0.8683 0.3325
vt 0.865 0.3094
vt 0.8853 0.3455
vt 0.9038 0.3461
vt 0.8891 0.3385
vt 0.9038 0.3373
vt 0.8773 0.3233
vt 0.879 0.303
vt 0.8905 0.3165
vt 0.8924 0.3008
vt 0.8973 0.3322
vt 0.9038 0.3315
vt 0.9038 0.3203
vt 0.9038 0.2962
vt 0.83459544 0.31300926
vt 0.7915082 0.26560313
vt 0.80781525 0.25311714
vt 0.76953566 0.21365236
vt 0.7548288 0.22524706
vt 0.7174276 0.18409693
vt 0.72873026 0.17423347
vt 0.6859568 0.13236117
vt 0.67683065 0.13943079
vt 0.6453689 0.09206558
vt 0.6389755 0.09778117
vt 0.6079411 0.056265563
vt 0.60459214 0.05995119
vt 0.5693996 0.02123119
vt 0.7679 0.0208
vt 0.7679 0.0336
vt 0.7532 0.0222
vt 0.7527 0.0348
vt 0.7431 0.026
vt 0.7679 0.0469
vt 0.742 0.0347
vt 0.7343 0.0327
vt 0.7523 0.0469
vt 0.7679 0.065
vt 0.737 0.0465
vt 0.728 0.0454
vt 0.7506 0.0641
vt 0.734 0.0631
vt 0.7238 0.0624
vt 0.7204 0.0828
vt 0.7318 0.0835
vt 0.721 0.1082
vt 0.7491 0.0848
vt 0.7679 0.0855
vt 0.7323 0.1077
vt 0.7482 0.1084
vt 0.7679 0.1087
vt 0.735 0.1237
vt 0.7258 0.1249
vt 0.7329 0.1334
vt 0.7464 0.1393
vt 0.7485 0.1266
vt 0.7679 0.1284
vt 0.7679 0.1433
vt 0.97825897 0.15407321
vt 0.98465896 0.15407321
vt 0.9814589 0.1683732
vt 0.97465897 0.1671732
vt 0.9679589 0.15407321
vt 0.9764589 0.1774732
vt 0.9650589 0.1667732
vt 0.95665896 0.15407321
vt 0.9706589 0.1748732
vt 0.9690589 0.18497321
vt 0.95455897 0.1676732
vt 0.941659 0.15407321
vt 0.9648589 0.18137321
vt 0.95805895 0.19187321
vt 0.9635589 0.17637321
vt 0.954659 0.18667321
vt 0.943159 0.19717321
vt 0.940959 0.16917321
vt 0.9252589 0.15407321
vt 0.9534589 0.17977321
vt 0.94145894 0.1906732
vt 0.9254589 0.1704732
vt 0.90355897 0.15407321
vt 0.9410589 0.1834732
vt 0.9252589 0.19377321
vt 0.9245589 0.20097321
vt 0.92565894 0.1865732
vt 0.90555894 0.1703732
vt 0.9065589 0.1935732
vt 0.9017589 0.2001732
vt 0.90775895 0.18677321
vt 0.889259 0.1701732
vt 0.88465893 0.15407321
vt 0.89335895 0.18497321
vt 0.8908589 0.18877321
vt 0.8864589 0.1944732
vt 0.8837589 0.1844732
vt 0.8780589 0.18677321
vt 0.877759 0.1710732
vt 0.8736589 0.15407321
vt 0.8699589 0.17427321
vt 0.8642589 0.15407321
vt 0.8662 0.0537
vt 0.8662 0.0605
vt 0.8729 0.0605
vt 0.8729 0.0537
vt 0.8868 0.0537
vt 0.8868 0.0605
vt 0.9131 0.0605
vt 0.8729 0.0358
vt 0.8662 0.0358
vt 0.8662 0.0257
vt 0.8729 0.0257
vt 0.8868 0.0257
vt 0.8868 0.0358
vt 0.9131 0.0257
vt 0.9131 0.0358
vt 0.9372 0.0257
vt 0.9131 0.0537
vt 0.9372 0.0605
vt 0.9372 0.0359
vt 0.9596 0.0257
vt 0.9372 0.0537
vt 0.9596 0.0605
vt 0.9596 0.0537
vt 0.9823 0.0605
vt 0.9823 0.0537
vt 0.9823 0.0358
vt 0.9596 0.0358
vt 0.9823 0.0257
vt 0.9823 0.0257
vt 0.9823 0.1277
vt 0.9823 0.0839
vt 0.9596 0.0839
vt 0.9596 0.1277
vt 0.9372 0.0839
vt 0.9372 0.1277
vt 0.9121 0.0839
vt 0.9121 0.1277
vt 0.8873 0.0839
vt 0.8873 0.1277
vt 0.8746 0.0839
vt 0.8746 0.1277
vt 0.8675 0.0839
vt 0.8675 0.1277
vt 0.8746 0.0839
vt 0.8873 0.0839
vt 0.8873 0.0917
vt 0.9121 0.0839
vt 0.8746 0.0917
vt 0.8873 0.0991
vt 0.8675 0.0839
vt 0.8675 0.0917
vt 0.9121 0.0916
vt 0.9372 0.0839
vt 0.8746 0.0991
vt 0.8675 0.0991
vt 0.8675 0.1027
vt 0.9372 0.0917
vt 0.9596 0.0839
vt 0.8746 0.1027
vt 0.9121 0.0989
vt 0.8746 0.1065
vt 0.8675 0.1064
vt 0.8675 0.1117
vt 0.8746 0.1117
vt 0.8675 0.1277
vt 0.8746 0.1277
vt 0.8873 0.1064
vt 0.8873 0.1117
vt 0.8873 0.1277
vt 0.9121 0.1117
vt 0.9121 0.1277
vt 0.8873 0.1027
vt 0.9372 0.1117
vt 0.9372 0.1277
vt 0.9121 0.1064
vt 0.9121 0.1027
vt 0.9596 0.1117
vt 0.9596 0.1277
vt 0.9372 0.1064
vt 0.9372 0.1027
vt 0.9823 0.1117
vt 0.9823 0.1277
vt 0.9823 0.0839
vt 0.9596 0.1064
vt 0.9372 0.0991
vt 0.9823 0.0917
vt 0.9823 0.1064
vt 0.9596 0.1027
vt 0.9596 0.0917
vt 0.9596 0.0991
vt 0.9823 0.0991
vt 0.9823 0.1027
vt 0.8873 0.0917
vt 0.8873 0.0839
vt 0.8746 0.0839
vt 0.9121 0.0839
vt 0.8746 0.0917
vt 0.8873 0.0991
vt 0.8675 0.0839
vt 0.8675 0.0917
vt 0.9121 0.0916
vt 0.9372 0.0839
vt 0.8746 0.0991
vt 0.8675 0.0991
vt 0.8675 0.1027
vt 0.9372 0.0917
vt 0.9596 0.0839
vt 0.8746 0.1027
vt 0.9121 0.0989
vt 0.8746 0.1065
vt 0.8675 0.1064
vt 0.8675 0.1117
vt 0.8746 0.1117
vt 0.8675 0.1277
vt 0.8746 0.1277
vt 0.8873 0.1064
vt 0.8873 0.1117
vt 0.8873 0.1277
vt 0.9121 0.1117
vt 0.9121 0.1277
vt 0.8873 0.1027
vt 0.9372 0.1117
vt 0.9372 0.1277
vt 0.9121 0.1064
vt 0.9121 0.1027
vt 0.9596 0.1117
vt 0.9596 0.1277
vt 0.9372 0.1064
vt 0.9372 0.1027
vt 0.9823 0.1117
vt 0.9823 0.1277
vt 0.9823 0.0839
vt 0.9596 0.1064
vt 0.9372 0.0991
vt 0.9823 0.1064
vt 0.9823 0.0917
vt 0.9596 0.1027
vt 0.9596 0.0917
vt 0.9596 0.0991
vt 0.9823 0.0991
vt 0.9823 0.1027
vt 0.83075374 0.9127572
vt 0.83075374 0.9295052
vt 0.8949807 0.9286362
vt 0.83075374 0.9295052
vt 0.83075374 0.94625324
vt 0.9577857 0.94625324
vt 0.8949807 0.9686892
vt 0.8949807 0.88858324
vt 0.8949807 0.9286362
vt 0.9577857 0.9127572
vt 0.83075374 0.9127572
vt 0.8949807 0.9286362
vt 0.8949807 0.88858324
vt 0.8949807 0.9286362
vt 0.83075374 0.94625324
vt 0.8949807 0.9686892
vt 0.83075374 0.9127572
vt 0.83075374 0.9295052
vt 0.8949807 0.9286362
vt 0.83075374 0.9295052
vt 0.83075374 0.94625324
vt 0.8949807 0.88858324
vt 0.8949807 0.9286362
vt 0.9577857 0.9127572
vt 0.9577857 0.9295052
vt 0.8949807 0.9286362
vt 0.9577857 0.94625324
vt 0.9577857 0.9127572
vt 0.9577857 0.9295052
vt 0.83075374 0.9127572
vt 0.8949807 0.9286362
vt 0.8949807 0.88858324
vt 0.8949807 0.9286362
vt 0.83075374 0.94625324
vt 0.8949807 0.9686892
vt 0.9577857 0.94625324
vt 0.8949807 0.9286362
vt 0.8949807 0.9686892
vt 0.11665498 0.7256003
vt 0.17914326 0.82776076
vt 0.19402674 0.8130694
vt 0.1353713 0.71589416
vt 0.49198472 0.49684262
vt 0.07847056 0.60772014
vt 0.09934494 0.60355365
vt 0.07195057 0.4806432
vt 0.09282513 0.48184216
vt 0.11535409 0.36406395
vt 0.09542714 0.3574831
vt 0.16357915 0.25980625
vt 0.14725535 0.24839142
vt 0.22997832 0.17127478
vt 0.21794714 0.15612864
vt 0.31268737 0.10204369
vt 0.3047441 0.08445671
vt 0.40647596 0.05638291
vt 0.5052044 0.039800774
vt 0.4020376 0.037102908
vt 0.50388813 0.02
vt 0.4020376 0.037102908
vt 0.606031 0.036050633
vt 0.6038996 0.05539925
vt 0.7030281 0.08322236
vt 0.6968568 0.100889295
vt 0.7884867 0.15741757
vt 0.77778935 0.17255451
vt 0.85651356 0.25448698
vt 0.84129626 0.2656384
vt 0.90336883 0.3678547
vt 0.8849014 0.37398508
vt 0.9215587 0.49432367
vt 0.90155864 0.4948633
vt 0.88920724 0.6164659
vt 0.8476299 0.7262873
vt 0.9085074 0.62176794
vt 0.86402303 0.737319
vt 0.7827152 0.8209293
vt 0.7945589 0.8367892
vt 0.6955255 0.89493775
vt 0.7023133 0.91398877
vt 0.5919711 0.9424598
vt 0.59401333 0.96358126
vt 0.7023133 0.91398877
vt 0.48077992 0.9582373
vt 0.47845358 0.97999996
vt 0.37239018 0.93953395
vt 0.3660963 0.9600226
vt 0.2747118 0.88944507
vt 0.26422298 0.9076404
vt 0.17914326 0.82776076
vt 0.7610183 0.8384769
vt 0.77448714 0.8544752
vt 0.84610903 0.7584968
vt 0.82836497 0.74710995
vt 0.49341628 0.4961795
vt 0.89497626 0.6446294
vt 0.8745737 0.63856024
vt 0.9131595 0.51869124
vt 0.8922632 0.51796466
vt 0.88066506 0.39861336
vt 0.90111303 0.39389366
vt 0.84223616 0.29036117
vt 0.8595408 0.28049648
vt 0.78426325 0.19609651
vt 0.79763687 0.18212146
vt 0.70827425 0.11954992
vt 0.7178018 0.10276829
vt 0.6190841 0.06545438
vt 0.5222999 0.039859697
vt 0.6252773 0.04666446
vt 0.5254321 0.020263994
vt 0.6252773 0.04666446
vt 0.42224577 0.02684958
vt 0.4225881 0.04631223
vt 0.32132033 0.06489768
vt 0.32584012 0.08305743
vt 0.22939827 0.13091618
vt 0.23865768 0.14697307
vt 0.15272969 0.22131556
vt 0.16685654 0.23381968
vt 0.09564346 0.32989192
vt 0.1134686 0.33769527
vt 0.06589582 0.45415112
vt 0.0857614 0.45652846
vt 0.08687316 0.5787517
vt 0.11817078 0.6919323
vt 0.067167066 0.58225566
vt 0.100832276 0.7014091
vt 0.17410326 0.79214495
vt 0.16085075 0.80684805
vt 0.25411454 0.8738609
vt 0.2456029 0.8922067
vt 0.35285786 0.93070835
vt 0.34888113 0.9515523
vt 0.2456029 0.8922067
vt 0.4621259 0.95664823
vt 0.46244034 0.9785326
vt 0.57177675 0.9479959
vt 0.576159 0.9689768
vt 0.6736491 0.9071058
vt 0.6824194 0.9261888
vt 0.77448714 0.8544752
vt 0.9577857 0.9295052
vt 0.8949807 0.9286362
vt 0.9577857 0.94625324
vt 0.9577857 0.9127572
vn 0.3978669 -0.86410946 -0.30824777
vn 0.3988108 -0.86379856 -0.30789918
vn 0.4083121 -0.8606074 -0.30436194
vn 0.53977287 -0.82560104 -0.16440257
vn 0.51012236 -0.81790036 0.26610932
vn 0.58308285 -0.76828617 0.2641038
vn -0.39048654 0.60595167 0.6930677
vn -0.4098411 0.68886703 0.59790677
vn -0.39507216 0.62415415 0.67405456
vn -0.39507216 0.62415415 0.67405456
vn 0.24162553 0.80476207 0.5421948
vn 0.14501604 0.7899271 0.5958066
vn 0.7703804 0.6369078 0.029368753
vn 0.1944921 -0.7133864 0.67324036
vn 0.19449207 -0.71338636 0.6732405
vn 0.19449207 -0.71338636 0.6732405
vn 0.15985373 -0.72968066 0.6648406
vn 0.15985373 -0.72968066 0.6648406
vn 0.15985373 -0.72968066 0.6648406
vn -0.3978669 -0.86410946 -0.30824783
vn -0.4083121 -0.8606074 -0.30436194
vn -0.3988108 -0.86379856 -0.30789924
vn -0.53977287 -0.82560104 -0.16440257
vn -0.5830829 -0.7682861 0.26410377
vn -0.51012236 -0.81790036 0.26610932
vn 0.39048654 0.60595167 0.6930677
vn 0.39507216 0.62415415 0.67405456
vn 0.4098411 0.68886703 0.59790677
vn -0.24162553 0.80476207 0.5421947
vn 0.39507216 0.62415415 0.67405456
vn -0.14501606 0.7899271 0.5958066
vn -0.7703804 0.6369078 0.029368753
vn -0.1944921 -0.7133864 0.67324036
vn -0.19449207 -0.71338636 0.6732405
vn -0.19449207 -0.71338636 0.6732405
vn -0.15985373 -0.72968066 0.6648406
vn -0.15985373 -0.72968066 0.6648406
vn -0.15985373 -0.72968066 0.6648406
vn -0.98294365 -0.16520016 -0.08081299
vn -0.8553002 -0.5040434 -0.120007634
vn -0.79163903 -0.4177929 -0.44582143
vn -0.8657136 -0.13466044 -0.4820856
vn -0.99476755 0.02464599 -0.09914785
vn -0.861309 0.098670535 -0.4984084
vn -0.97747314 0.1664169 -0.12981428
vn -0.57967687 -0.16444871 -0.7980798
vn -0.8276837 0.26648998 -0.4938855
vn -0.83483034 0.54506475 -0.077218845
vn -0.56810755 -0.587141 -0.57664496
vn -0.8553002 -0.5040434 -0.120007634
vn -0.59132916 -0.78942466 -0.16473752
vn -0.8655836 -0.48001334 0.14266074
vn -0.60609907 -0.7659258 0.21447961
vn -0.8385331 -0.39962405 0.37035498
vn -0.34462997 -0.9211205 -0.1810168
vn -0.59988815 0.15141355 -0.78562593
vn -0.30293855 -0.21510607 -0.9284167
vn -0.589333 0.3481006 -0.7290491
vn -0.31268114 -0.68186575 -0.66127867
vn -0.33655757 0.16406895 -0.9272596
vn -0.13397904 -0.23253934 -0.9633146
vn -0.36746347 -0.8824324 0.2937407
vn -0.14404505 -0.9721763 -0.1847279
vn -0.63490397 -0.48623613 0.6003927
vn -0.1370946 -0.7112504 -0.6894403
vn -0.5307462 0.699782 -0.47813562
vn -0.36784744 0.3802529 -0.84858465
vn -0.16054165 0.1465566 -0.9760879
vn -0.0623413 -0.23525059 -0.96993333
vn -0.7068068 0.6201439 -0.3403613
vn -0.50681585 0.8536947 -0.1197627
vn -0.60152507 0.7985476 0.022118982
vn -0.6010034 0.7986261 -0.031484492
vn -0.41314757 0.892902 -0.17898355
vn -0.48861966 0.85063756 -0.19407894
vn -0.36895192 0.21690544 -0.90378463
vn -0.25118437 0.26831955 -0.93000597
vn -0.41257155 0.88521254 -0.21490344
vn -0.19282322 0.2523595 -0.9482267
vn -0.33055976 0.9169845 -0.22331509
vn -0.34538433 0.9066573 -0.24224406
vn -0.1644274 0.25669557 -0.9524027
vn -0.11789003 0.23254104 -0.96541524
vn -0.37461218 0.7254092 -0.5774489
vn -0.2747744 0.92604804 -0.25871643
vn -0.07660928 0.22242163 -0.97193605
vn -0.25798738 0.93006635 -0.26157033
vn -0.20387524 0.37553555 -0.90410614
vn -0.1723913 0.9476957 -0.26861507
vn -0 0.22695738 -0.97390467
vn -0 0.9627238 -0.2704863
vn -0 0.9540942 -0.29950678
vn -0.1673943 0.9424688 -0.28936416
vn -0 0.7540556 -0.6568106
vn -0.24846825 0.73966515 -0.6254271
vn -0.14162387 0.7446288 -0.6522812
vn -0 0.36576265 -0.9307082
vn -0.09120448 0.36963356 -0.92469066
vn -0 0.13022731 -0.9914841
vn -0.062443778 0.13682547 -0.98862505
vn -0 -0.23568933 -0.9718285
vn -0.065497585 -0.7114386 -0.6996893
vn -0 -0.70397526 -0.7102245
vn -0 -0.9831581 -0.18275662
vn -0.05207377 -0.97975665 -0.19330098
vn -0.07327334 -0.9365107 0.3428975
vn -0 -0.9412029 0.33784193
vn -0.17709872 -0.9253652 0.33516434
vn -0.116084605 -0.6016774 0.7902585
vn -0 -0.6004185 0.79968596
vn -0 -0.2918597 0.95646113
vn -0.40146968 -0.55143696 0.7312587
vn -0.2270941 -0.5897733 0.7749812
vn -0.15247019 -0.28043303 0.9476867
vn -0.26881704 -0.25936016 0.927615
vn -0.17752638 -0.1612821 0.97081023
vn -0 -0.16678068 0.985994
vn -0.46114635 -0.22068526 0.8594429
vn -0.30587634 -0.14356828 0.94118416
vn -0.18263862 -0.018356359 0.9830087
vn -0 -0.0069169183 0.99997616
vn -0.7007436 -0.17187302 0.6924003
vn -0.5398632 -0.101967916 0.8355538
vn -0.33214796 -0.023749517 0.9429282
vn -0.16010146 0.49729866 0.85267895
vn -0 0.5052484 0.86297405
vn -0 0.81792414 0.5753261
vn -0.5683861 -0.0041566715 0.82275146
vn -0.30063 0.4673816 0.83137
vn -0.1206659 0.8138671 0.56838363
vn -0 0.813024 0.5822302
vn -0.5132494 0.43254527 0.74126905
vn -0.19148181 0.8030609 0.56429404
vn -0.10680312 0.80535233 0.5830957
vn -0 -0.20059802 0.9796737
vn 0.010333273 -0.23573487 0.97176254
vn -0.14926636 0.79274994 0.5909881
vn 0.06301399 -0.27884883 0.95826536
vn 0.03526211 -0.3433377 0.93854994
vn -0.23750721 0.77435946 0.5864791
vn -0.15084946 -0.44237894 0.8840504
vn -0.32290575 0.77912813 0.53729993
vn -0.4037703 0.7396337 0.5384343
vn -0.91825736 -0.34260258 -0.19856223
vn -0.48159972 0.75783265 0.44017202
vn -0.5748826 0.71609426 0.39587757
vn -0.7027793 0.43240598 0.56491256
vn -0.59481055 0.74407905 0.30421495
vn -0.6549387 0.7298704 0.19581783
vn -0.7842657 0.025007823 0.6199209
vn -0.6010034 0.7986261 -0.031484492
vn -0.36895192 0.21690544 -0.90378463
vn -0.63437915 0.75186265 0.17962663
vn -0.60152507 0.7985476 0.022118982
vn -0.8274528 0.44887373 0.33739328
vn -0.85964674 0.48637855 0.15634441
vn -0.83483034 0.54506475 -0.077218845
vn -0.97747314 0.1664169 -0.12981428
vn -0.9840438 0.094047375 0.15103976
vn -0.99476755 0.02464599 -0.09914785
vn -0.75742465 -0.045140363 0.65136033
vn -0.9283111 0.05695222 0.36741668
vn -0.9847987 -0.009245573 0.1734532
vn -0.98294365 -0.16520016 -0.08081299
vn -0.90103036 -0.15727174 0.40423998
vn -0.92064965 -0.015982825 0.39006248
vn -0.9709435 -0.17168131 0.16671635
vn -0.8553002 -0.5040434 -0.120007634
vn -0.8655836 -0.48001334 0.14266074
vn -0.07660928 0.22242163 -0.97193605
vn -0 0.22695738 -0.97390467
vn -0 -0.7716896 -0.6359993
vn 0.10476825 -0.7658042 -0.6344822
vn -0 -0.89114535 -0.453718
vn -0.11789003 0.23254104 -0.96541524
vn 0.13897853 -0.885481 -0.44340545
vn -0 -0.9524096 -0.304821
vn 0.17482576 -0.744561 -0.6442552
vn -0.1644274 0.25669557 -0.9524027
vn 0.15865482 -0.9391586 -0.30464682
vn -0 -0.96628886 -0.25746018
vn 0.20275445 -0.7015227 -0.6831958
vn -0.19282322 0.2523595 -0.9482267
vn 0.20872745 -0.86394316 -0.4582958
vn 0.15430243 -0.9513784 -0.26658902
vn -0 -0.9589987 -0.28341028
vn 0.21014063 -0.65142065 -0.729035
vn -0.25118437 0.26831955 -0.93000597
vn 0.23047867 -0.9193931 -0.31874123
vn 0.2588408 -0.8173083 -0.5147898
vn 0.14551221 -0.9475106 -0.28469244
vn -0 -0.8590955 -0.51181537
vn 0.20341426 -0.60361284 -0.7708917
vn -0.36895192 0.21690544 -0.90378463
vn 0.28308302 -0.7653383 -0.5780324
vn 0.3097066 -0.8840812 -0.34997463
vn 0.23684187 -0.92980814 -0.28171393
vn 0.21029419 -0.86791897 -0.44999227
vn -0 -0.6825961 -0.7307959
vn 0.21050993 -0.6179243 -0.7575323
vn -0.91825736 -0.34260258 -0.19856223
vn 0.29617447 -0.71226317 -0.6363662
vn 0.35443982 -0.84124124 -0.40827137
vn 0.23888016 -0.9268495 -0.28963134
vn 0.3286035 -0.6896683 -0.64527303
vn 0.3314855 -0.8790048 -0.3427359
vn 0.49974835 -0.629721 -0.59472936
vn -0 -0.65247 -0.7578145
vn 0.6086421 -0.72750807 -0.31668106
vn 0.649571 -0.6254903 -0.43222615
vn -0 -0.81769466 -0.5756521
vn -0 -0.9919292 -0.1267932
vn 0.7923346 -0.584615 -0.17444542
vn 0.64422566 -0.75929236 0.09191587
vn 0.52967125 -0.8418164 -0.10389236
vn 0.40776613 -0.8768317 -0.25474063
vn 0.7408164 -0.6679367 -0.07107461
vn -0 -0.9080483 0.41886547
vn 0.8222865 -0.5634501 0.07980619
vn 0.71545243 -0.6158546 0.32992557
vn 0.65884286 -0.6478712 0.38234672
vn -0 -0.6981551 0.71594656
vn 0.53754395 -0.61734664 0.57439506
vn 0.5052142 -0.7217478 0.47311592
vn 1.8826788E-06 -0.8128825 0.58242786
vn 0.49470326 -0.83783704 0.23086303
vn 0.00010382915 -0.9612862 0.27555212
vn 0.47640458 -0.8782762 -0.040859863
vn -1.941861E-06 -0.99882215 -0.048520952
vn 0.4415344 -0.87599283 -0.19412372
vn 0.58084136 -0.79146016 -0.19029988
vn -0 -0.98064846 -0.19577691
vn 0.5929969 -0.80519533 -0.003880625
vn 0.58664495 -0.77334595 0.24038258
vn 0.3672217 -0.8763586 -0.31167907
vn -0 -0.9593239 -0.28230795
vn -0 -0.9781098 -0.20808949
vn 0.5748367 -0.8162792 0.05701937
vn 0.47717345 -0.85908794 -0.18513077
vn 0.6170143 -0.69312686 0.37265068
vn 0.5231265 -0.78710896 0.32679993
vn 0.52433926 -0.77402806 0.35489282
vn 0.48258656 -0.79509026 -0.367344
vn 0.2048715 -0.9466857 -0.24862432
vn -0 -0.9975426 -0.07006178
vn 0.5290014 -0.8451554 0.07661473
vn 0.5898721 -0.76275265 0.2650645
vn 0.338199 -0.8564623 -0.38999194
vn 0.47026828 -0.7990191 -0.37472165
vn 0.42817938 -0.82494146 -0.3689634
vn 0.35631132 -0.79510754 -0.4907608
vn 0.36975443 -0.79294837 -0.4842669
vn 0.39984518 -0.84604055 0.35261768
vn 0.43042737 -0.86935914 0.24279004
vn 0.38656646 -0.8047102 0.45056385
vn 0.452566 -0.88633674 0.097935446
vn 0.3945261 -0.8677579 0.30223387
vn 0.5070411 -0.8147844 0.28113288
vn 0.45694628 -0.8857557 -0.08146765
vn 0.43736982 -0.8827326 0.1717288
vn 0.50933886 -0.8582361 0.063283816
vn 0.46318588 -0.88343376 -0.07073625
vn 0.33575296 -0.9204906 -0.19991706
vn 0.46319166 -0.85651547 0.22767249
vn 0.31576318 -0.8924595 -0.32219496
vn 0.38956767 -0.8063505 0.4450123
vn 0.327767 -0.8499363 0.4125253
vn 0.3206117 -0.88029563 -0.34969664
vn 0.27360702 -0.87427723 -0.4009719
vn 0.32666337 -0.8404775 -0.43230608
vn 0.32764408 -0.8072447 -0.4909229
vn 0.3646456 -0.8066914 -0.46506178
vn 0.3735186 -0.77291256 -0.51292306
vn 0.33221743 -0.8869137 -0.32096052
vn 0.34464678 -0.8335055 0.43184152
vn 0.3688709 -0.75463074 -0.5426479
vn 0.36303484 -0.9085285 -0.2068376
vn 0.3480951 -0.7700006 -0.5347232
vn 0.38390023 -0.75131255 -0.53679615
vn 0.36773923 -0.91719747 -0.1533518
vn 0.29902172 -0.82437336 0.48061907
vn 0.2751056 -0.8499303 0.4493721
vn 0.26679742 -0.85570586 0.4433809
vn 0.30817017 -0.86251056 0.40138087
vn 0.27691793 -0.8903698 0.36132833
vn 0.36387274 -0.8713227 0.3292316
vn 0.33679277 -0.8943248 0.29453996
vn 0.3044088 -0.9004222 0.31076527
vn 0.43356505 -0.87683797 0.20778945
vn 0.4132086 -0.8858284 0.21110827
vn 0.42555502 -0.88915753 0.16823138
vn 0.49353373 -0.8669642 0.069263086
vn 0.4624725 -0.88303524 0.0797988
vn 0.65578544 -0.7511913 -0.07521378
vn 0.5112811 -0.8594092 -0.002742289
vn 0.6303658 -0.77173615 -0.08403782
vn 0.6510211 -0.75754106 -0.047991235
vn 0.51297694 -0.85441256 0.08266713
vn 0.5007616 -0.86113113 0.087697774
vn 0.48933938 -0.8700534 0.0596156
vn 0.6940522 -0.71489924 -0.08491486
vn 0.8569963 -0.42332485 -0.29385966
vn 0.82860833 -0.5382461 -0.15394594
vn 0.83255297 -0.52181894 -0.18590465
vn 0.46505532 -0.88516605 0.014304392
vn 0.46948838 -0.8702457 -0.14917511
vn 0.70903563 -0.69225544 -0.1343532
vn 0.5886811 -0.80785155 -0.028817428
vn 0.5628393 -0.8247566 -0.05466568
vn 0.8399391 -0.49730828 -0.21722504
vn 0.63332933 -0.7609089 -0.14110897
vn 0.7248905 -0.6545074 -0.21483466
vn 0.51308435 -0.85245055 -0.10036162
vn 0.5683808 -0.795468 -0.21017624
vn 0.6150861 -0.73749477 -0.2788739
vn 0.6853522 -0.6459284 -0.33625728
vn 0.5099744 -0.82471496 -0.24448188
vn 0.5462502 -0.7721209 -0.3247154
vn 0.5775982 -0.72484434 -0.37547454
vn 0.8325057 -0.47814408 -0.27984378
vn 0.6314975 -0.64372706 -0.43223417
vn 0.77908516 -0.48116636 -0.40187708
vn 0.50370777 -0.7922577 -0.34439245
vn 0.51530224 -0.7553658 -0.40482867
vn 0.5327068 -0.7176889 -0.44849306
vn 0.5811819 -0.64277047 -0.49907288
vn 0.7058923 -0.4863246 -0.5149798
vn 0.4664953 -0.84323084 -0.26710272
vn 0.49299663 -0.73613846 -0.46373966
vn 0.4992426 -0.76088023 -0.4145094
vn 0.42997608 -0.87449616 -0.22444807
vn 0.45946646 -0.82645684 -0.32536083
vn 0.33993587 -0.8949531 -0.28896815
vn 0.39709592 -0.87148386 -0.28780332
vn 0.3305032 -0.89759403 -0.29170617
vn 0.3830694 -0.8675378 -0.31723198
vn 0.4356496 -0.8105677 -0.3913941
vn 0.38083583 -0.77803606 -0.49962378
vn 0.4691483 -0.732651 -0.49307436
vn 0.40565458 -0.6971624 -0.5911082
vn 0.32831153 -0.6638415 -0.67195684
vn 0.47173563 -0.72981644 -0.49480644
vn 0.43237385 -0.7238368 -0.5376924
vn 0.38862407 -0.7132379 -0.5833208
vn 0.32325333 -0.7465404 -0.58153653
vn 0.45349136 -0.7308456 -0.5101081
vn 0.42180514 -0.7500852 -0.50936496
vn 0.39178386 -0.76835185 -0.5061036
vn 0.35671923 -0.79387844 -0.49245134
vn 0.27287835 -0.90215635 -0.33414277
vn 0.2407647 -0.91970944 -0.3101078
vn -0.15084946 -0.44237894 0.8840504
vn 0.28771204 -0.8204742 -0.49400797
vn 0.3228046 -0.77117324 -0.54871583
vn 0.3450495 -0.7478044 -0.567212
vn 0.23081362 -0.94805086 -0.21891719
vn 0.03526211 -0.3433377 0.93854994
vn 0.25524417 -0.852575 -0.45603323
vn 0.26398936 -0.7773887 -0.57094336
vn 0.19327706 -0.97435343 -0.115236
vn 0.06301399 -0.27884883 0.95826536
vn 0.20471762 -0.87956965 -0.42947385
vn 0.113598146 -0.99335206 -0.01862811
vn 0.010333273 -0.23573487 0.97176254
vn -0 -0.999705 0.024283772
vn -0 -0.20059802 0.9796737
vn -0 -0.9250011 -0.3799646
vn 0.1273473 -0.9081302 -0.39885092
vn 0.13606304 -0.79819757 -0.58682835
vn -0 -0.81426233 -0.58049697
vn 0.20744087 -0.77876884 -0.59201974
vn 0.16641028 -0.7919757 -0.58743685
vn -0 -0.81704056 -0.5765801
vn 0.21906607 -0.7627605 -0.60844594
vn 0.22308679 -0.8450677 -0.4858939
vn -0 -0.8794564 -0.47597936
vn 0.2676868 -0.7533838 -0.60063016
vn 0.2602875 -0.80852 -0.5277744
vn 0.27920508 -0.8971168 -0.34238267
vn -0 -0.9428473 -0.33322498
vn 0.2961538 -0.77641195 -0.55630684
vn 0.31580567 -0.8565664 -0.40811843
vn 0.33771178 -0.88987595 -0.30671066
vn -0 -0.95682234 -0.29067343
vn 0.37664267 -0.7450196 -0.5505325
vn 0.33909836 -0.80633646 -0.4845965
vn 0.39526847 -0.83649313 -0.37952876
vn 0.4118441 -0.754932 -0.51035494
vn 0.42015392 -0.7714407 -0.47785985
vn 0.48032048 -0.71919495 -0.50204664
vn 0.4801181 -0.69735336 -0.53215104
vn 0.5264164 -0.6545337 -0.5426522
vn 0.5585515 -0.5561506 -0.61539966
vn 0.5251402 -0.63410884 -0.56756836
vn 0.5882153 -0.5102827 -0.627387
vn 0.50355935 -0.7110728 -0.49071744
vn 0.64816654 -0.48871088 -0.5839879
vn 0.60423124 -0.36898112 -0.7062277
vn 0.5920886 -0.4272105 -0.6833172
vn 0.5820809 -0.5111789 -0.63235897
vn 0.44963816 -0.7890027 -0.41868868
vn 0.3033331 -0.87541217 -0.37635428
vn -0 -0.92661005 -0.3760239
vn 0.5261014 -0.6249305 -0.57678366
vn 0.34726048 -0.74439 -0.5703452
vn -0 -0.8139233 -0.5809723
vn -0 -0.41545105 -0.9096155
vn 0.32383418 -0.34668738 -0.8803063
vn -0 0.07235497 -0.99737895
vn 0.507982 -0.2802879 -0.8144894
vn 0.23703173 0.075202174 -0.9685869
vn -0 0.22887287 -0.9734563
vn 0.5634618 -0.19949026 -0.8016948
vn 0.4061573 0.057995807 -0.91196096
vn 0.19224839 0.23150681 -0.9536484
vn -0 0.30475244 -0.9524316
vn 0.5718851 -0.14873655 -0.8067372
vn 0.49259505 0.028549613 -0.8697902
vn 0.25750375 0.27280682 -0.92696726
vn -0 0.3145356 -0.94924575
vn 0.34727344 0.1986707 -0.91647756
vn 0.42785573 0.13119152 -0.8942753
vn 0.21989386 0.30679035 -0.9260272
vn -0 0.36397532 -0.93140864
vn 0.38123098 0.21418528 -0.8993262
vn 0.49938357 0.071688354 -0.86340994
vn 0.6007732 -0.14688501 -0.7858094
vn 0.26431018 0.3282197 -0.9068693
vn -0 0.37624362 -0.92652076
vn 0.24946128 0.34873796 -0.9034107
vn 0.3368048 0.27347124 -0.90098614
vn 0.4928066 0.16122569 -0.85507184
vn 0.38049993 0.31756467 -0.8685461
vn 0.3783526 0.36549857 -0.85044706
vn 0.4251168 0.24660887 -0.87089604
vn 0.4787501 0.35815874 -0.8015738
vn 0.46643534 0.43215254 -0.7718046
vn 0.5149532 0.24419262 -0.82170135
vn 0.5325798 0.42224774 -0.7335296
vn 0.5098298 0.5102491 -0.69261783
vn 0.563032 0.033115122 -0.8257714
vn 0.5605419 0.12800908 -0.81817263
vn 0.5818809 0.2740082 -0.76572454
vn 0.55903774 0.49354056 -0.6662541
vn 0.51467735 0.5748204 -0.6361515
vn 0.60499567 0.0106790345 -0.7961572
vn 0.63410133 -0.13075344 -0.7621148
vn 0.6244492 0.13312788 -0.7696364
vn 0.6463714 0.31690103 -0.69410205
vn 0.59915936 0.5247886 -0.60465276
vn 0.5268714 0.59758854 -0.604396
vn 0.5700779 0.5397699 -0.6194026
vn 0.6571654 0.00031914286 -0.75374633
vn 0.71362233 0.14597233 -0.68515337
vn 0.7417071 0.33326894 -0.58206725
vn 0.6717443 0.48531738 -0.55966645
vn 0.5203564 0.46086317 -0.71891195
vn 0.68056506 -0.13031033 -0.7210066
vn 0.74870145 0.006195032 -0.6628784
vn 0.8278452 0.14240032 -0.5425812
vn 0.829455 0.30745664 -0.46634185
vn 0.7600319 -0.13160564 -0.6364208
vn 0.85954213 0.006086237 -0.5110286
vn 0.90566766 0.12247297 -0.40591434
vn 0.86664706 -0.12525299 -0.48294365
vn 0.92849463 -0.0070429156 -0.37127903
vn 0.9289435 -0.12708008 -0.3477277
vn 0.84199893 -0.2974613 -0.45006067
vn 0.75015426 -0.30196938 -0.58828837
vn 0.68436617 -0.29878804 -0.66510797
vn 0.6313398 -0.31988207 -0.7064599
vn 0.9023784 -0.2868461 -0.32160938
vn 0.9513151 -0.13175274 -0.27864093
vn 0.92110467 -0.28733033 -0.2626929
vn 0.9299007 -0.2889414 -0.22759078
vn 0.9561091 -0.026096582 -0.2918464
vn 0.9634314 -0.12498217 -0.23702183
vn 0.93434167 -0.2964368 -0.19781521
vn 0.94190854 0.09124421 -0.32323816
vn 0.9709693 -0.0378606 -0.23618862
vn 0.9704497 -0.116072856 -0.21155268
vn 0.9311722 -0.31651103 -0.18093964
vn 0.88988626 0.23913968 -0.3884772
vn 0.9770511 -0.037243992 -0.20972386
vn 0.9661352 0.0583245 -0.25135824
vn 0.9728335 -0.11791909 -0.19922389
vn 0.9327582 -0.29987887 -0.20008712
vn 0.89750254 -0.38002977 -0.22375575
vn 0.66762966 0.3036564 -0.67975247
vn -0.0054042917 0.60795605 -0.7939522
vn -0.0035633938 0.661716 -0.74974614
vn 0.81972677 -0.38782316 -0.42147505
vn 0.9318784 0.15905908 -0.3260414
vn 0.9177612 -0.35956758 -0.16859896
vn 0.97482204 0.019891718 -0.222095
vn 0.96532273 0.0908069 -0.24475734
vn 0.9289689 -0.32252577 -0.18164214
vn 0.93398774 -0.30312857 -0.18915589
vn 0.98019 0.0037006 -0.19802499
vn 0.9851413 0.054990362 -0.16270427
vn 0.8041247 -0.5281248 0.27288762
vn 0.9789482 -0.03238196 -0.20152368
vn 0.9818204 -0.029373879 -0.18752585
vn 0.991172 0.004467665 -0.13250662
vn 0.9751312 -0.118389495 -0.18735833
vn 0.9864103 -0.037364505 -0.15999569
vn 0.9820832 -0.110970914 -0.15230897
vn 0.99471325 0.041774757 -0.09381025
vn 0.993867 -0.047268465 -0.099970505
vn 0.99117494 -0.09705307 -0.09029396
vn 0.95209056 -0.25024366 -0.17578839
vn 0.80334145 -0.59244645 -0.06041296
vn 0.9979601 -0.0023654692 -0.06379766
vn 0.79708296 -0.54726577 -0.25526232
vn 0.65208036 -0.753878 -0.08036871
vn 0.9634619 -0.22260697 -0.14895454
vn 0.5700034 -0.72597283 -0.38478515
vn 0.46933758 -0.7434135 -0.47650665
vn 0.833619 -0.50026876 -0.2341163
vn 0.99774444 -0.057464298 -0.034698397
vn 0.97437286 -0.20318964 -0.09649629
vn 0.98361474 -0.17545465 -0.041445117
vn 0.8859911 -0.4394459 -0.14801006
vn 0.6322694 -0.68565285 -0.36071542
vn 0.47261643 -0.74137425 -0.47644302
vn 0.9878591 -0.15322383 0.02563227
vn 0.41761196 -0.75006765 -0.51283395
vn 0.7249796 -0.6620496 -0.18998674
vn 0.5008951 -0.743269 -0.44345817
vn 0.43642962 -0.7615524 -0.4791315
vn 0.39887923 -0.7570985 -0.5173947
vn 0.914821 -0.39740968 -0.0718883
vn 0.3706457 -0.7527284 -0.5440787
vn 0.4701693 -0.78746396 -0.39854902
vn 0.57320404 -0.77532345 -0.26516175
vn 0.42009798 -0.75795025 -0.49902818
vn 0.3796048 -0.74750346 -0.5451044
vn 0.3255119 -0.7647478 -0.55606
vn 0.77274 -0.6337626 -0.03489768
vn 0.32968032 -0.7901083 -0.51675874
vn 0.2563342 -0.8889797 -0.37948352
vn 0.29945403 -0.85615546 -0.42109987
vn 0.3834601 -0.8318172 -0.401296
vn 0.4468407 -0.8262776 -0.34292662
vn 0.50427634 -0.83321303 -0.2268511
vn 0.6172664 -0.78245115 -0.08217219
vn 0.7726074 -0.63407314 -0.03207809
vn 0.9143857 -0.39905092 -0.06824343
vn 0.9133308 -0.40137592 -0.06873357
vn 0.77297413 -0.6337175 -0.030219754
vn 0.93008274 -0.36728472 0.0069282176
vn 0.77301085 -0.63344926 -0.034587592
vn 0.6229425 -0.7816508 -0.031060504
vn 0.625892 -0.77923703 -0.032387175
vn 0.5162799 -0.85285676 -0.07804105
vn 0.7910386 -0.6107245 0.035685383
vn 0.894102 -0.43380365 0.11133734
vn 0.52494276 -0.84870684 -0.06427951
vn 0.45599717 -0.87879056 -0.14069016
vn 0.633308 -0.77389896 -0.001197875
vn 0.46363777 -0.88054115 -0.09842394
vn 0.36716628 -0.91186666 -0.18354292
vn 0.70183533 -0.7062043 0.09328889
vn 0.54980457 -0.8335118 -0.054524757
vn 0.97640187 -0.18349943 0.11387386
vn 0.35696745 -0.9269527 -0.115468085
vn 0.25725958 -0.9408298 -0.22058265
vn 0.45355445 -0.88691765 -0.08755246
vn 0.87895685 -0.4353201 0.19475959
vn 0.99706995 -0.06698382 0.036939837
vn 0.52035487 -0.85288286 0.04267924
vn 0.71392286 -0.6472476 0.26717904
vn 0.68736064 -0.54878104 0.4757884
vn 0.91646653 -0.28348228 0.2823595
vn 0.9991222 0.023299767 -0.034814075
vn 0.5247141 -0.7999167 0.29121858
vn 0.33209318 -0.9415786 0.056068942
vn 0.9969584 -0.027031424 0.07309775
vn 0.9955693 0.07639092 -0.054829698
vn 0.99053603 0.11465071 -0.07545635
vn 0.21382216 0.7046135 0.676609
vn 0.9945298 0.09688285 -0.039041728
vn 0.9944938 -0.023223499 0.10219018
vn 0.9198615 -0.23558873 0.31361228
vn 0.6742722 -0.48390138 0.5578499
vn 0.3323078 -0.6421541 0.6908037
vn 0.3457192 -0.7339579 0.58462304
vn -0 -0.69202113 0.7218773
vn -0 -0.79066944 0.6122433
vn 0.32390913 -0.8939224 0.3098153
vn 0.16739543 -0.9829269 0.07637639
vn 0.16516325 -0.92933244 0.33024582
vn -0 -0.9418373 0.3360689
vn -0 -0.9964819 0.08380858
vn 0.32604212 -0.9406879 -0.093823716
vn 0.18711697 -0.9763742 -0.10807657
vn 0.2543227 -0.94853896 -0.18866329
vn 0.24119914 -0.9351472 -0.25946602
vn 0.20129219 -0.8627897 0.46376237
vn 0.4624725 -0.88303524 0.0797988
vn 0.3044088 -0.9004222 0.31076527
vn 0.20662148 -0.874317 0.4391781
vn 0.27691793 -0.8903698 0.36132833
vn 0.24680167 -0.87695587 0.4123559
vn 0.26439446 -0.85878867 0.43883675
vn 0.26679742 -0.85570586 0.4433809
vn 0.23899855 -0.83616185 0.4936731
vn 0.2751056 -0.8499303 0.4493721
vn 0.26952824 -0.85776985 0.43770474
vn 0.327767 -0.8499363 0.4125253
vn 0.21382216 0.7046135 0.676609
vn -0.078215174 -0.5343126 0.8416605
vn 0.8041247 -0.5281248 0.27288762
vn 0.417925 -0.07369056 0.90548795
vn 0.6079951 0.40524045 0.68273145
vn 0.64315605 0.70016414 0.31003296
vn -0.2600965 0.9655424 0.0088196555
vn 0.63938034 0.76848507 0.02496757
vn 0.57750046 0.7563116 -0.30738592
vn 0.43217245 0.65030885 -0.62476027
vn -0.30385497 0.9188952 -0.2516024
vn -0.0035633938 0.661716 -0.74974614
vn -0.0054042917 0.60795605 -0.7939522
vn 0.35990092 0.46146056 -0.81087947
vn 0.30508283 0.3631204 -0.8803794
vn 0.16086368 -0.07733742 -0.983942
vn 0.66762966 0.3036564 -0.67975247
vn 0.81972677 -0.38782316 -0.42147505
vn 0.16086368 -0.07733742 -0.983942
vn 0.66762966 0.3036564 -0.67975247
vn 0.62226826 -0.760193 -0.18678543
vn 0.9177612 -0.35956758 -0.16859896
vn 0.82815844 -0.50011367 -0.25306115
vn 0.30508283 0.3631204 -0.8803794
vn 0.7095508 -0.7036487 0.037633423
vn 0.9289689 -0.32252577 -0.18164214
vn 0.8444477 -0.491155 -0.21371663
vn 0.35990092 0.46146056 -0.81087947
vn 0.8649622 -0.43320563 -0.25332427
vn 0.43217245 0.65030885 -0.62476027
vn 0.7232698 -0.6898264 0.03194034
vn 0.90845627 -0.37388086 -0.18687001
vn 0.57750046 0.7563116 -0.30738592
vn 0.71951413 -0.694105 -0.022751177
vn 0.915825 -0.3811269 -0.12651806
vn 0.63938034 0.76848507 0.02496757
vn 0.71675277 -0.6750791 -0.17473865
vn 0.93081397 -0.34837624 -0.11054138
vn 0.64315605 0.70016414 0.31003296
vn 0.9339386 -0.35727116 0.01076676
vn 0.6079951 0.40524045 0.68273145
vn 0.417925 -0.07369056 0.90548795
vn 0.7113399 -0.63172716 -0.30808482
vn 0.93398774 -0.30312857 -0.18915589
vn 0.80391556 -0.5810209 0.12702195
vn -0.078215174 -0.5343126 0.8416605
vn 0.45011732 -0.8747825 0.1793039
vn 0.8041247 -0.5281248 0.27288762
vn 0.65208036 -0.753878 -0.08036871
vn 0.53977287 -0.82560104 -0.16440257
vn 0.58308285 -0.76828617 0.2641038
vn 0.6462379 -0.7614211 -0.05113125
vn 0.80334145 -0.59244645 -0.06041296
vn 0.47011316 -0.7882526 -0.39705336
vn 0.37095422 -0.9180366 -0.14000598
vn 0.37208906 -0.91037387 -0.18102263
vn 0.36773923 -0.91719747 -0.1533518
vn 0.5280919 -0.7741224 -0.34907496
vn 0.39767626 -0.80026406 -0.4488106
vn 0.333292 -0.93050814 -0.1518917
vn 0.36303484 -0.9085285 -0.2068376
vn 0.33221743 -0.8869137 -0.32096052
vn 0.34623927 -0.77616805 -0.5269548
vn 0.21755642 -0.9110744 -0.35016102
vn 0.33425212 -0.7489828 -0.57210165
vn 0.6627841 -0.7476667 -0.041372
vn 0.54911506 -0.7900102 -0.27268392
vn 0.68056977 -0.70640016 -0.1944825
vn 0.66036505 -0.7395636 -0.13024524
vn 0.70271206 -0.5209194 -0.48460168
vn 0.68426234 -0.6350194 -0.35851827
vn 0.56661534 -0.79581386 -0.21360566
vn 0.787173 -0.4113365 -0.45952263
vn 0.7325591 -0.59190553 -0.33616224
vn 0.6303658 -0.77173615 -0.08403782
vn 0.8569963 -0.42332485 -0.29385966
vn 0.24311444 -0.90772706 -0.3419457
vn 0.32764408 -0.8072447 -0.4909229
vn 0.2734233 -0.8872374 -0.3715502
vn 0.38200426 -0.76705503 -0.5154604
vn 0.13875769 -0.9756216 -0.17002597
vn 0.06754915 -0.9386299 -0.33824703
vn 0.0045298818 -0.90528786 -0.42477468
vn 0.26595515 -0.9264156 -0.26649958
vn 0.37196094 -0.8709896 -0.32097062
vn 0.19996935 -0.93454796 -0.2943337
vn 0.308217 -0.86439574 -0.3972686
vn 0.32323307 -0.8600368 -0.39478722
vn 0.4018622 -0.7735357 -0.49005032
vn 0.38200426 -0.76705503 -0.5154604
vn 0.32323307 -0.8600368 -0.39478722
vn 0.3978669 -0.86410946 -0.30824777
vn 0.37196094 -0.8709896 -0.32097062
vn 0.26595515 -0.9264156 -0.26649958
vn 0.3988108 -0.86379856 -0.30789918
vn -0.330092 0.6287354 0.70408165
vn -0.10163186 0.92701316 0.3609953
vn -0.09317958 0.93310213 0.3473296
vn 0.21079472 0.9604735 -0.18181394
vn -0.5037496 0.8441756 0.18331401
vn -0.5063092 0.8394563 0.19739346
vn -0.48542145 0.8520911 0.19572122
vn -0.54374826 0.8138454 0.204923
vn -0.61450714 0.76079094 0.20875387
vn -0.6562078 0.72961587 0.19248879
vn -0.6740521 -0.71102595 0.20023926
vn -0.9271935 0.25419554 0.27513045
vn -0.85420877 0.32708046 0.40416044
vn -0.5923845 -0.6426686 0.48585764
vn -0.4196846 -0.4998053 0.7576671
vn -0.73623264 0.42737132 0.5247049
vn 0.42467174 -0.9043731 -0.04199032
vn 0.3915483 -0.910134 -0.1354475
vn 0.56500906 -0.7996647 -0.20322701
vn 0.55755115 -0.8072035 -0.1938019
vn 0.45201173 -0.89165306 0.025302205
vn 0.4295779 -0.8799579 -0.20282212
vn -0.27580306 -0.31493872 0.90815544
vn -0.55023324 0.5795065 0.60117835
vn -0.35068768 0.69995695 0.62215626
vn 0.3805682 -0.9237904 0.042179935
vn -0.07663195 -0.21093592 0.9744914
vn -0.2852874 0.75047207 0.5961566
vn -0.27868792 0.76666963 0.57840353
vn 0.3095695 -0.9503444 0.031818103
vn 0.3049508 -0.92642397 -0.22077967
vn 0.0034642078 -0.15408137 0.9880521
vn -0.25540382 0.78997344 0.5574145
vn -0.23690851 0.80929655 0.5375067
vn 0.2887385 -0.95652616 0.041084375
vn 0.24390127 -0.94330496 -0.22514004
vn 0.08345921 -0.076755695 0.9935508
vn -0.1713265 0.840662 0.5137457
vn 0.28341338 -0.95679855 0.06491044
vn 0.20235115 -0.95596856 -0.21255146
vn 0.22062147 -0.022808148 0.97509277
vn -0.10878678 0.86488074 0.4900477
vn 0.29861078 -0.9504094 0.08691167
vn 0.17712131 -0.9655735 -0.19051462
vn 0.6171501 0.1351945 0.77514404
vn -0.0010130372 0.927341 0.37421602
vn 0.061795775 0.9558606 0.2872486
vn 0.39673504 -0.9108039 0.11418151
vn 0.49699032 -0.86741793 -0.02422335
vn 0.50169355 -0.8533058 -0.1420307
vn 0.9277059 0.33143178 0.17179859
vn 0.84957296 0.30613086 0.4295458
vn 0.08549129 0.97608817 0.19985804
vn -0.9212052 0.3862 -0.047227502
vn -0.9271935 0.25419554 0.27513045
vn -0.6740521 -0.71102595 0.20023926
vn -0.6382448 -0.5770003 -0.5096216
vn 0.44350544 -0.86743444 -0.22552271
vn 0.3915483 -0.910134 -0.1354475
vn 0.56500906 -0.7996647 -0.20322701
vn -0.31694686 -0.2216328 -0.9221841
vn -0.7281403 0.5777862 -0.36874774
vn 0.5276286 -0.7845986 -0.32559645
vn 0.55755115 -0.8072035 -0.1938019
vn -0.24375382 -0.08220748 -0.9663468
vn -0.62440604 0.68102694 -0.3825172
vn -0.44552583 0.8220306 -0.354644
vn 0.4896551 -0.80042857 -0.34576297
vn 0.4295779 -0.8799579 -0.20282212
vn -0.11693902 0.091513686 -0.98891383
vn -0.25132355 0.9324865 -0.25943273
vn 0.3946422 -0.84096926 -0.37017328
vn 0.10839919 0.19713254 -0.97436565
vn -0.123175934 0.98129016 -0.14797717
vn 0.32497555 -0.8676069 -0.37636313
vn 0.3049508 -0.92642397 -0.22077967
vn 0.32069737 0.3000653 -0.8983952
vn -0.044334974 0.996274 -0.073977515
vn 0.30671906 -0.86791575 -0.39069885
vn 0.24390127 -0.94330496 -0.22514004
vn 0.46731758 0.35860157 -0.808096
vn 0.00899238 0.99981314 -0.017114876
vn 0.30634508 -0.86134624 -0.4052596
vn 0.20235115 -0.95596856 -0.21255146
vn 0.38203043 -0.83304125 -0.4001188
vn 0.17712131 -0.9655735 -0.19051462
vn 0.6624864 0.3923425 -0.63810587
vn 0.042654432 0.9982597 0.04071925
vn 0.88867325 0.3892969 -0.24229711
vn 0.07020572 0.9903356 0.119609594
vn 0.5011101 -0.8203803 -0.27543563
vn 0.50169355 -0.8533058 -0.1420307
vn 0.9277059 0.33143178 0.17179859
vn 0.08549129 0.97608817 0.19985804
vn 0.2563342 -0.8889797 -0.37948352
vn 0.25725958 -0.9408298 -0.22058265
vn 0.29945403 -0.85615546 -0.42109987
vn 0.36716628 -0.91186666 -0.18354292
vn 0.3834601 -0.8318172 -0.401296
vn 0.4468407 -0.8262776 -0.34292662
vn 0.45599717 -0.87879056 -0.14069016
vn 0.5162799 -0.85285676 -0.07804105
vn 0.50427634 -0.83321303 -0.2268511
vn 0.6229425 -0.7816508 -0.031060504
vn 0.6172664 -0.78245115 -0.08217219
vn 0.77297413 -0.6337175 -0.030219754
vn 0.7726074 -0.63407314 -0.03207809
vn 0.9143857 -0.39905092 -0.06824343
vn -0 -0.93402797 -0.3571998
vn 0.20206097 -0.91294026 -0.35455835
vn -0 -0.34629923 -0.93812406
vn 0.13919756 -0.3444647 -0.9284224
vn 0.4500913 -0.8501638 -0.27320197
vn -0 0.040973 -0.9991603
vn 0.48746276 -0.41601813 -0.7676646
vn 0.7861488 -0.57904965 -0.21603592
vn 0.12679665 0.03490643 -0.99131435
vn -0 0.12500745 -0.9921558
vn 0.56163454 -0.08730489 -0.82276636
vn 0.9120907 -0.27030218 -0.308265
vn 0.12831266 0.117574565 -0.98473966
vn 0.51488346 0.031958207 -0.85666424
vn 0.91261286 -0.13875093 -0.3845593
vn 0.9132094 -0.01701157 -0.40713552
vn 0.5009373 0.07861852 -0.8619054
vn 0.92981267 0.21051104 -0.30188316
vn 0.12474323 0.12000815 -0.98490465
vn -0 0.12730315 -0.99186385
vn 0.52700734 0.23854074 -0.81569695
vn 0.13946894 0.23197807 -0.9626705
vn -0 0.22732858 -0.97381806
vn 0.5132681 0.60120493 -0.612461
vn 0.85256135 0.4877789 -0.18764552
vn 0.50977176 0.8569995 -0.07539515
vn 0.23977897 0.9692784 -0.05482363
vn 0.20948163 0.6688915 -0.71323323
vn -0 0.6928211 -0.7211095
vn -0 0.99980503 -0.019746788
vn 0.20206097 -0.91294026 -0.35455835
vn -0 -0.93402797 -0.3571998
vn -0 -0.9184229 0.39560014
vn 0.22788024 -0.8962066 0.38063666
vn -0 -0.6595632 0.7516492
vn 0.4500913 -0.8501638 -0.27320197
vn 0.21640083 -0.64046764 0.7368663
vn -0 -0.3787007 0.9255192
vn 0.43704695 -0.83665556 0.33014768
vn 0.7861488 -0.57904965 -0.21603592
vn 0.2386865 -0.36941996 0.8980855
vn -0 -0.25174838 0.96779275
vn 0.74923277 -0.6004445 0.27949333
vn 0.9120907 -0.27030218 -0.308265
vn 0.500491 -0.60664296 0.6176513
vn 0.8829985 -0.36809695 0.29123563
vn 0.91261286 -0.13875093 -0.3845593
vn 0.24822824 -0.25745577 0.93386257
vn -0 -0.19923194 0.9799524
vn 0.5713758 -0.37216517 0.7314524
vn 0.9234775 -0.28034773 0.26190573
vn 0.24318357 -0.20679948 0.9476791
vn -0 -0.050965365 0.9987004
vn 0.58464485 -0.29388618 0.75618863
vn 0.95970184 -0.15824783 0.23222847
vn 0.9132094 -0.01701157 -0.40713552
vn 0.6038671 -0.2247717 0.7647367
vn 0.20683129 -0.07872473 0.97520417
vn 0.9700514 0.063582435 0.2344303
vn 0.92981267 0.21051104 -0.30188316
vn 0.6301409 -0.062760785 0.77394027
vn 0.1746447 0.21497066 0.9608781
vn -0 0.2642315 0.96445924
vn 0.63202333 0.17637832 0.75461066
vn 0.92868197 0.30509168 0.21087624
vn 0.85256135 0.4877789 -0.18764552
vn 0.5978822 0.6521435 0.46609637
vn 0.50977176 0.8569995 -0.07539515
vn 0.2047835 0.74343336 0.6366872
vn -0 0.7551082 0.6556002
vn 0.23977897 0.9692784 -0.05482363
vn -0 0.99980503 -0.019746788
vn -0.015197166 -0.07229696 0.99726737
vn -0 -0.10107881 0.9948784
vn -0 0.9292155 0.36953846
vn -0.28098828 0.8891474 0.36119604
vn -0.25443205 0.966741 -0.026004657
vn -0 0.99990654 -0.01367333
vn -0 0.86432475 -0.50293416
vn -0.66256154 0.67756474 0.3192463
vn 0.006524832 -0.10605735 0.9943386
vn -0.11941517 -0.09796381 0.9879995
vn -0.6364299 0.7681608 -0.069899574
vn -0.9417015 0.2696139 0.20126283
vn -0.28243637 -0.14154771 0.9487855
vn -0.9069544 0.3846 -0.1718037
vn -0.9909973 0.04780417 0.12505665
vn -0.2504437 -0.17819165 0.95159113
vn -0.95019895 0.13702376 -0.27990428
vn -0.98027855 -0.015179367 0.19703718
vn -0.09276903 0.4956071 0.8635783
vn -0.7889238 0.4818419 0.3813496
vn -0.6657796 0.7412641 -0.08523478
vn -0.94406205 0.070984215 -0.32203734
vn -0.44810566 0.70108074 -0.5546954
vn -0.5384944 0.16866907 -0.82557523
vn 0.7009581 0.62003595 -0.3524387
vn -0.5795852 0.20908578 -0.78763205
vn -0.5291546 0.35066953 -0.77267474
vn -0.38013577 0.5920368 -0.71062595
vn -0.15736604 0.7860501 -0.597797
vn -0 -0.20866689 -0.97798675
vn 0.15736605 0.7860501 -0.597797
vn -0.14421676 -0.3507591 -0.9252944
vn 0.38013577 0.59203684 -0.71062595
vn -0 -0.936876 -0.34966174
vn -0.4675058 -0.4164476 -0.7797497
vn 0.52915466 0.35066953 -0.77267474
vn -0.24145417 -0.92960197 -0.27846044
vn -0.22925879 -0.9093539 0.34715396
vn -0 -0.9489151 0.3155316
vn 0.01519718 -0.07229696 0.99726737
vn -0 -0.10107881 0.9948784
vn -0.55171883 -0.7373035 0.3898588
vn -0.0065248045 -0.10605735 0.9943386
vn -0.6519378 -0.749585 -0.1144527
vn -0.7797916 -0.4105574 0.47261795
vn 0.119415194 -0.09796381 0.9879995
vn -0.904177 -0.42334178 0.056970213
vn -0.6807587 -0.19389342 -0.7063801
vn -0.77889353 -0.22935705 0.58371234
vn 0.28243637 -0.14154771 0.9487855
vn -0.9578311 -0.2255363 0.17802562
vn -0.78350896 -0.041986886 -0.6199603
vn 0.5795852 0.20908578 -0.78763205
vn -0.7585195 -0.1659759 0.63015884
vn 0.25044373 -0.17819165 0.95159113
vn 0.09276903 0.49560717 0.8635782
vn -0.82532424 0.061084926 -0.56134534
vn 0.5384944 0.16866904 -0.82557523
vn -0.7009581 0.620036 -0.3524387
vn -0.9600291 -0.11300615 0.2560735
vn -0.58404255 0.5065342 0.6342849
vn 0.7889238 0.4818419 0.38134968
vn 0.66577953 0.74126416 -0.08523478
vn -0.68587667 0.65160763 0.3240072
vn 0.44810563 0.70108074 -0.5546954
vn -0 -0.9489151 0.3155316
vn -0 -0.10107881 0.9948784
vn -0.015197166 -0.07229696 0.99726737
vn 0.22925876 -0.9093539 0.34715393
vn -0 -0.936876 -0.34966174
vn 0.55171883 -0.7373035 0.3898588
vn 0.006524832 -0.10605735 0.9943386
vn 0.2414542 -0.92960197 -0.27846044
vn 0.7797916 -0.4105574 0.47261795
vn -0.11941517 -0.09796381 0.9879995
vn 0.14421676 -0.3507591 -0.9252943
vn -0 -0.20866689 -0.97798675
vn -0.15736604 0.7860501 -0.597797
vn -0.38013577 0.5920368 -0.71062595
vn 0.4675059 -0.41644773 -0.7797497
vn -0.5291546 0.35066953 -0.77267474
vn 0.6519378 -0.749585 -0.11445272
vn 0.904177 -0.4233418 0.05697022
vn 0.77889353 -0.22935705 0.58371234
vn -0.28243637 -0.14154771 0.9487855
vn 0.6807587 -0.1938934 -0.7063801
vn 0.9578311 -0.22553629 0.17802562
vn 0.7585195 -0.1659759 0.63015884
vn -0.2504437 -0.17819165 0.95159113
vn -0.09276903 0.4956071 0.8635783
vn 0.78350896 -0.041986857 -0.6199603
vn -0.5795852 0.20908578 -0.78763205
vn 0.9600291 -0.11300613 0.25607345
vn 0.58404255 0.5065341 0.6342849
vn -0.7889238 0.4818419 0.3813496
vn -0.6657796 0.7412641 -0.08523478
vn 0.8253242 0.06108495 -0.56134534
vn -0.5384944 0.16866907 -0.82557523
vn 0.7009581 0.62003595 -0.3524387
vn 0.68587667 0.65160763 0.3240072
vn -0.44810566 0.70108074 -0.5546954
vn 0.5397953 0.5306441 0.6534814
vn -0.6839051 -0.0917306 0.7237813
vn -0.5696471 0.4779605 0.6686224
vn 0.7311001 -0.11249272 0.67293245
vn -0.69764954 -0.008256377 0.71639156
vn 0.7533491 -0.19000247 0.62957454
vn -0.6462292 0.12597023 0.7526748
vn 0.70087564 -0.38316807 0.6016274
vn -0.4225452 0.32037604 0.8478294
vn 0.48558602 -0.66027933 0.57292
vn -0.195188 0.4987487 0.84448296
vn 0.18641238 -0.79351985 0.5792898
vn -0 0.53362644 0.84572035
vn -0 -0.8151227 0.57928824
vn 0.98294365 -0.16520017 -0.080813
vn 0.79163903 -0.4177929 -0.44582143
vn 0.8553002 -0.5040434 -0.120007634
vn 0.8657136 -0.13466044 -0.4820856
vn 0.99476755 0.02464599 -0.09914785
vn 0.861309 0.098670535 -0.4984084
vn 0.97747314 0.1664169 -0.12981425
vn 0.57967687 -0.16444866 -0.7980798
vn 0.8276837 0.26648998 -0.4938855
vn 0.83483034 0.5450647 -0.077218816
vn 0.56810755 -0.587141 -0.57664496
vn 0.8553002 -0.5040434 -0.120007634
vn 0.59132916 -0.78942466 -0.16473752
vn 0.8655836 -0.48001334 0.14266074
vn 0.60609907 -0.7659258 0.21447961
vn 0.8385331 -0.39962405 0.37035498
vn 0.34462997 -0.9211205 -0.18101682
vn 0.59988815 0.15141355 -0.78562593
vn 0.30293855 -0.21510606 -0.9284167
vn 0.589333 0.34810054 -0.72904915
vn 0.31268114 -0.68186575 -0.66127867
vn 0.33655748 0.16406895 -0.9272596
vn 0.13397905 -0.23253937 -0.9633146
vn 0.36746347 -0.8824324 0.2937407
vn 0.14404505 -0.9721762 -0.18472789
vn 0.1370946 -0.7112504 -0.6894403
vn 0.63490397 -0.48623604 0.60039276
vn 0.5307462 0.69978195 -0.47813568
vn 0.3678474 0.3802529 -0.84858465
vn 0.16054164 0.1465566 -0.9760879
vn 0.0623413 -0.23525059 -0.96993333
vn 0.70680684 0.62014395 -0.34036127
vn 0.50681585 0.8536947 -0.11976271
vn 0.60152507 0.7985476 0.022118982
vn 0.6010034 0.7986261 -0.03148448
vn 0.41314757 0.892902 -0.17898354
vn 0.48861966 0.85063756 -0.19407894
vn 0.36895192 0.2169054 -0.90378463
vn 0.25118437 0.2683196 -0.93000597
vn 0.41257155 0.88521254 -0.21490346
vn 0.19282317 0.2523595 -0.9482267
vn 0.3305598 0.9169845 -0.22331515
vn 0.34538433 0.9066573 -0.24224406
vn 0.16442734 0.25669557 -0.9524027
vn 0.11789005 0.23254107 -0.96541524
vn 0.37461218 0.7254092 -0.5774489
vn 0.27477434 0.92604804 -0.25871643
vn 0.07660928 0.22242165 -0.97193605
vn 0.25798738 0.93006635 -0.2615703
vn 0.20387523 0.37553552 -0.90410614
vn 0.1723913 0.9476957 -0.26861507
vn -0 0.22695738 -0.97390467
vn -0 0.9627238 -0.2704863
vn -0 0.9540942 -0.29950678
vn 0.1673943 0.9424688 -0.28936416
vn -0 0.7540556 -0.6568106
vn 0.24846822 0.73966503 -0.6254271
vn 0.14162387 0.7446288 -0.6522812
vn -0 0.36576265 -0.9307082
vn 0.09120447 0.36963353 -0.92469066
vn -0 0.13022731 -0.9914841
vn 0.06244377 0.13682547 -0.98862505
vn -0 -0.23568933 -0.9718285
vn 0.06549759 -0.7114386 -0.6996893
vn -0 -0.70397526 -0.7102245
vn -0 -0.9831581 -0.18275662
vn 0.052073777 -0.97975665 -0.19330098
vn 0.07327334 -0.9365107 0.3428975
vn -0 -0.9412029 0.33784193
vn 0.17709877 -0.9253652 0.33516437
vn 0.1160846 -0.6016774 0.7902585
vn -0 -0.6004185 0.79968596
vn -0 -0.2918597 0.95646113
vn 0.40146968 -0.55143696 0.7312587
vn 0.2270941 -0.5897733 0.7749812
vn 0.15247017 -0.28043306 0.9476867
vn 0.26881698 -0.25936016 0.927615
vn 0.17752635 -0.16128209 0.97081023
vn -0 -0.16678068 0.985994
vn 0.46114635 -0.22068526 0.8594429
vn 0.18263862 -0.018356353 0.9830087
vn -0 -0.0069169183 0.99997616
vn 0.30587637 -0.14356826 0.9411843
vn 0.7007437 -0.171873 0.69240016
vn 0.16010146 0.49729863 0.8526791
vn -0 0.5052484 0.86297405
vn -0 0.81792414 0.5753261
vn 0.33214796 -0.023749517 0.9429282
vn 0.5398632 -0.10196791 0.8355538
vn 0.1206659 0.8138671 0.5683837
vn -0 0.813024 0.5822302
vn 0.30063 0.4673816 0.83137
vn 0.5683861 -0.00415667 0.82275146
vn 0.10680312 0.80535233 0.5830957
vn -0 -0.20059802 0.9796737
vn -0.010333292 -0.23573487 0.97176254
vn 0.14926636 0.79274994 0.5909881
vn -0.063014016 -0.27884877 0.95826536
vn -0.035262074 -0.3433376 0.93854994
vn 0.1914818 0.8030609 0.56429404
vn 0.23750718 0.77435935 0.5864792
vn 0.1508495 -0.44237894 0.88405055
vn 0.32290572 0.7791281 0.53729993
vn 0.4037703 0.7396337 0.5384343
vn 0.9182573 -0.34260264 -0.19856234
vn 0.5132494 0.4325452 0.74126905
vn 0.48159978 0.75783265 0.44017202
vn 0.7027793 0.43240598 0.56491256
vn 0.5748827 0.7160942 0.39587754
vn 0.5948106 0.74407905 0.304215
vn 0.78426564 0.025007831 0.6199209
vn 0.6549387 0.7298704 0.1958178
vn 0.8274529 0.44887367 0.33739328
vn 0.75742453 -0.045140352 0.65136033
vn 0.6010034 0.7986261 -0.03148448
vn 0.36895192 0.2169054 -0.90378463
vn 0.63437915 0.75186265 0.17962663
vn 0.60152507 0.7985476 0.022118982
vn 0.85964674 0.48637855 0.15634441
vn 0.83483034 0.5450647 -0.077218816
vn 0.97747314 0.1664169 -0.12981425
vn 0.9840438 0.094047375 0.15103976
vn 0.99476755 0.02464599 -0.09914785
vn 0.9283111 0.056952223 0.36741677
vn 0.9847987 -0.009245573 0.1734532
vn 0.98294365 -0.16520017 -0.080813
vn 0.92064965 -0.015982827 0.3900625
vn 0.9709435 -0.17168133 0.16671637
vn 0.8553002 -0.5040434 -0.120007634
vn 0.8655836 -0.48001334 0.14266074
vn 0.90103036 -0.15727174 0.40423998
vn -0 -0.7716896 -0.6359993
vn -0 0.22695738 -0.97390467
vn 0.07660928 0.22242165 -0.97193605
vn -0.10476825 -0.7658042 -0.6344822
vn -0 -0.89114535 -0.453718
vn 0.11789005 0.23254107 -0.96541524
vn -0.13897853 -0.885481 -0.44340545
vn -0 -0.9524096 -0.304821
vn -0.17482573 -0.744561 -0.6442552
vn 0.16442734 0.25669557 -0.9524027
vn -0.15865482 -0.9391586 -0.30464688
vn -0 -0.96628886 -0.25746018
vn -0.20275444 -0.70152265 -0.6831959
vn 0.19282317 0.2523595 -0.9482267
vn -0.20872746 -0.8639432 -0.45829576
vn -0.15430243 -0.9513784 -0.26658902
vn -0 -0.9589987 -0.28341028
vn -0.21014062 -0.6514208 -0.72903496
vn 0.25118437 0.2683196 -0.93000597
vn -0.23047867 -0.9193931 -0.31874126
vn -0.2588408 -0.8173083 -0.5147899
vn -0.14551221 -0.9475106 -0.28469247
vn -0 -0.8590955 -0.51181537
vn -0.20341426 -0.6036129 -0.7708917
vn 0.36895192 0.2169054 -0.90378463
vn -0.28308302 -0.7653383 -0.5780324
vn -0.3097066 -0.8840812 -0.34997463
vn -0.23684184 -0.92980814 -0.28171393
vn -0.21029419 -0.86791897 -0.44999236
vn -0 -0.6825961 -0.7307959
vn -0.21050993 -0.6179243 -0.7575323
vn 0.9182573 -0.34260264 -0.19856234
vn -0.29617447 -0.71226317 -0.6363662
vn -0.23888016 -0.9268495 -0.28963134
vn -0.35443982 -0.84124124 -0.40827134
vn -0.3286035 -0.6896683 -0.6452731
vn -0.33148548 -0.8790048 -0.3427359
vn -0.49974835 -0.629721 -0.59472936
vn -0 -0.65247 -0.7578145
vn -0.60864204 -0.7275081 -0.316681
vn -0.649571 -0.6254903 -0.43222615
vn -0 -0.81769466 -0.5756521
vn -0 -0.9919292 -0.1267932
vn -0.7923346 -0.584615 -0.17444542
vn -0.64422566 -0.75929236 0.09191585
vn -0.52967125 -0.8418164 -0.103892356
vn -0.40776613 -0.8768317 -0.25474063
vn -0.7408164 -0.6679367 -0.07107461
vn -0 -0.9080483 0.41886547
vn -0.8222865 -0.5634501 0.079806186
vn -0.71545243 -0.6158546 0.32992557
vn -0.65884286 -0.6478712 0.38234663
vn -0 -0.6981551 0.71594656
vn -0.53754395 -0.61734664 0.57439506
vn -0.50519085 -0.7217488 0.47313944
vn 1.8826788E-06 -0.8128825 0.58242786
vn -0.4946639 -0.83785915 0.23086725
vn 0.00010382915 -0.9612862 0.27555212
vn -0.4763816 -0.87828785 -0.040878724
vn -1.941861E-06 -0.99882215 -0.048520952
vn -0.44153434 -0.87599283 -0.19412369
vn -0.58084136 -0.79146016 -0.19029988
vn -0 -0.98064846 -0.19577691
vn -0.5929969 -0.80519533 -0.0038806319
vn -0.58664495 -0.77334595 0.24038258
vn -0.3672217 -0.8763586 -0.31167907
vn -0 -0.9593239 -0.28230795
vn -0 -0.9781098 -0.20808949
vn -0.6170143 -0.69312686 0.37265068
vn -0.5748367 -0.8162792 0.057019368
vn -0.47717345 -0.85908794 -0.18513077
vn -0.5231265 -0.78710896 0.32679993
vn -0.52433926 -0.77402806 0.35489288
vn -0.48258656 -0.79509026 -0.36734402
vn -0.2048715 -0.9466857 -0.24862432
vn -0 -0.9975426 -0.07006178
vn -0.5290014 -0.8451554 0.076614715
vn -0.5898721 -0.76275265 0.26506454
vn -0.33819905 -0.8564623 -0.38999197
vn -0.47026828 -0.7990191 -0.37472165
vn -0.42817938 -0.82494146 -0.3689634
vn -0.35631132 -0.79510754 -0.49076092
vn -0.36975443 -0.79294837 -0.4842669
vn -0.3865665 -0.8047102 0.45056385
vn -0.39984518 -0.84604055 0.35261768
vn -0.43042737 -0.86935914 0.24279004
vn -0.50704116 -0.8147844 0.28113288
vn -0.3945261 -0.8677579 0.30223387
vn -0.452566 -0.88633674 0.097935446
vn -0.43736982 -0.8827326 0.1717288
vn -0.45694628 -0.8857557 -0.08146766
vn -0.50933886 -0.8582361 0.063283816
vn -0.46318588 -0.88343376 -0.07073625
vn -0.33575296 -0.9204906 -0.19991706
vn -0.46319166 -0.85651547 0.22767249
vn -0.31576318 -0.8924595 -0.32219496
vn -0.3895677 -0.8063505 0.4450123
vn -0.327767 -0.8499363 0.4125253
vn -0.3206117 -0.88029563 -0.34969658
vn -0.27360702 -0.87427723 -0.4009719
vn -0.3266633 -0.8404775 -0.43230608
vn -0.32764408 -0.8072447 -0.4909229
vn -0.3646456 -0.8066914 -0.46506178
vn -0.37351853 -0.77291256 -0.512923
vn -0.33221743 -0.8869137 -0.32096052
vn -0.29902172 -0.82437336 0.48061907
vn -0.2751056 -0.8499303 0.4493721
vn -0.26679742 -0.85570586 0.4433809
vn -0.36887088 -0.75463074 -0.5426479
vn -0.36303484 -0.9085285 -0.20683758
vn -0.3480951 -0.7700006 -0.5347232
vn -0.34464678 -0.8335055 0.43184146
vn -0.30817014 -0.86251056 0.40138084
vn -0.27691793 -0.8903698 0.3613284
vn -0.38390028 -0.75131255 -0.53679615
vn -0.36773923 -0.91719747 -0.15335177
vn -0.36387265 -0.8713227 0.3292316
vn -0.33679277 -0.8943248 0.29453996
vn -0.3044088 -0.9004222 0.31076527
vn -0.43356505 -0.87683797 0.20778945
vn -0.41320863 -0.8858284 0.21110828
vn -0.42555514 -0.88915753 0.1682314
vn -0.3706457 -0.7527284 -0.54407877
vn -0.41761196 -0.75006765 -0.5128341
vn -0.4693376 -0.74341357 -0.4765066
vn -0.49353388 -0.8669642 0.069263086
vn -0.4624725 -0.88303524 0.07979879
vn -0.65578544 -0.7511912 -0.0752138
vn -0.51128113 -0.8594092 -0.0027422986
vn -0.6303658 -0.77173615 -0.08403782
vn -0.6510211 -0.757541 -0.047991216
vn -0.51297694 -0.85441256 0.08266713
vn -0.39887923 -0.75709844 -0.51739484
vn -0.6940522 -0.71489924 -0.08491486
vn -0.8569963 -0.42332485 -0.29385966
vn -0.82860833 -0.5382461 -0.15394594
vn -0.5007616 -0.86113113 0.087697774
vn -0.83255297 -0.52181894 -0.18590462
vn -0.48933944 -0.8700534 0.05961561
vn -0.46505535 -0.88516605 0.014304394
vn -0.46948838 -0.8702457 -0.14917511
vn -0.9311722 -0.31651103 -0.18093964
vn -0.93434167 -0.29643676 -0.19781521
vn -0.9327582 -0.29987887 -0.20008712
vn -0.89750254 -0.38002977 -0.22375575
vn -0.95209056 -0.25024366 -0.17578839
vn -0.80334145 -0.59244645 -0.06041296
vn -0.79708296 -0.54726577 -0.25526232
vn -0.65208036 -0.753878 -0.08036873
vn -0.57000333 -0.7259729 -0.38478512
vn -0.4726164 -0.7413743 -0.47644296
vn -0.43642962 -0.7615524 -0.47913152
vn -0.9751312 -0.118389495 -0.18735833
vn -0.9728335 -0.11791908 -0.19922389
vn -0.9820832 -0.110970914 -0.15230897
vn -0.99117494 -0.09705307 -0.09029396
vn -0.9634619 -0.22260697 -0.14895454
vn -0.833619 -0.50026876 -0.2341163
vn -0.6322694 -0.6856529 -0.36071536
vn -0.97437286 -0.20318964 -0.09649629
vn -0.98361474 -0.17545465 -0.041445117
vn -0.8859911 -0.4394459 -0.14801006
vn -0.5008951 -0.7432691 -0.44345817
vn -0.7249796 -0.6620496 -0.18998675
vn -0.914821 -0.39740968 -0.071888335
vn -0.4701693 -0.78746396 -0.39854902
vn -0.57320404 -0.77532345 -0.26516172
vn -0.77274 -0.63376266 -0.034897685
vn -0.42009798 -0.75795025 -0.49902818
vn -0.3796048 -0.74750346 -0.5451043
vn -0.3255119 -0.7647478 -0.55606
vn -0.32968032 -0.7901083 -0.51675874
vn -0.2563342 -0.8889797 -0.37948352
vn -0.29945403 -0.85615546 -0.42109987
vn -0.3834601 -0.8318172 -0.40129593
vn -0.4468407 -0.8262776 -0.34292662
vn -0.5042763 -0.8332131 -0.22685112
vn -0.6172664 -0.7824512 -0.08217217
vn -0.7726074 -0.63407314 -0.0320781
vn -0.9143857 -0.39905104 -0.06824346
vn -0.9133308 -0.4013759 -0.068733595
vn -0.772974 -0.6337176 -0.030219737
vn -0.77301085 -0.63344926 -0.034587577
vn -0.62294245 -0.7816508 -0.031060483
vn -0.93008274 -0.36728472 0.0069282097
vn -0.625892 -0.77923703 -0.032387156
vn -0.5162799 -0.85285676 -0.07804103
vn -0.9878591 -0.15322384 0.02563227
vn -0.7910386 -0.6107245 0.03568538
vn -0.52494276 -0.84870684 -0.06427951
vn -0.45599717 -0.87879056 -0.14069016
vn -0.894102 -0.4338037 0.11133735
vn -0.633308 -0.77389896 -0.0011978738
vn -0.46363777 -0.88054115 -0.09842394
vn -0.36716628 -0.91186666 -0.18354292
vn -0.7018353 -0.7062043 0.09328889
vn -0.5498046 -0.8335118 -0.054524757
vn -0.35696745 -0.9269527 -0.115468085
vn -0.25725958 -0.9408298 -0.22058265
vn -0.45355445 -0.88691765 -0.08755246
vn -0.52035487 -0.85288286 0.04267925
vn -0.97640187 -0.18349944 0.11387386
vn -0.87895685 -0.43532014 0.19475962
vn -0.71392286 -0.6472476 0.26717904
vn -0.68736064 -0.54878104 0.4757884
vn -0.5247141 -0.7999167 0.2912186
vn -0.33209318 -0.9415786 0.056068946
vn -0.32604212 -0.9406879 -0.093823716
vn -0.16739543 -0.9829269 0.07637639
vn -0.32390913 -0.8939224 0.3098153
vn -0.25432268 -0.94853896 -0.18866329
vn -0.3457192 -0.7339579 0.58462304
vn -0.18711695 -0.9763742 -0.10807657
vn -0.24119914 -0.9351472 -0.25946602
vn -0 -0.9964819 0.08380858
vn -0 -0.9418373 0.3360689
vn -0.16516325 -0.92933244 0.33024582
vn -0 -0.79066944 0.6122433
vn -0 -0.69202113 0.7218773
vn -0.3323078 -0.6421541 0.6908037
vn -0.6742722 -0.48390138 0.5578499
vn -0.9198615 -0.23558873 0.31361228
vn -0.91646653 -0.28348228 0.2823595
vn -0.9944938 -0.023223503 0.10219019
vn -0.9969584 -0.027031431 0.07309775
vn -0.9945298 0.09688284 -0.039041728
vn -0.99706995 -0.06698382 0.036939837
vn -0.9955693 0.07639092 -0.054829698
vn -0.99053603 0.11465071 -0.07545635
vn -0.99774444 -0.057464298 -0.034698397
vn -0.9991222 0.023299767 -0.034814075
vn -0.8041247 -0.5281248 0.27288762
vn -0.21382216 0.7046135 0.676609
vn -0.993867 -0.047268465 -0.0999705
vn -0.9979601 -0.0023654709 -0.06379766
vn -0.99471325 0.041774757 -0.09381025
vn -0.9864103 -0.037364505 -0.15999569
vn -0.991172 0.0044676634 -0.13250664
vn -0.9851413 0.054990366 -0.16270429
vn -0.93398774 -0.30312857 -0.18915589
vn -0.9818204 -0.029373877 -0.18752585
vn -0.98019 0.003700598 -0.19802499
vn -0.96532273 0.09080692 -0.24475734
vn -0.9289689 -0.32252577 -0.18164214
vn -0.9177612 -0.35956758 -0.16859902
vn -0.9789482 -0.03238196 -0.20152368
vn -0.9318784 0.15905906 -0.32604134
vn -0.81972677 -0.38782313 -0.42147508
vn -0.9704497 -0.11607284 -0.21155268
vn -0.9770511 -0.037243992 -0.20972386
vn -0.97482204 0.019891718 -0.222095
vn -0.88988626 0.23913968 -0.3884772
vn -0.66762966 0.3036564 -0.67975247
vn -0.9661352 0.058324512 -0.25135824
vn -0.9299007 -0.2889414 -0.22759078
vn -0.9634314 -0.124982156 -0.23702183
vn -0.9709693 -0.0378606 -0.23618862
vn -0.8399391 -0.49730828 -0.21722504
vn -0.92110455 -0.2873303 -0.26269293
vn -0.94190854 0.09124421 -0.32323813
vn -0.9513151 -0.13175274 -0.27864087
vn -0.70903563 -0.69225544 -0.13435318
vn -0.9561091 -0.026096579 -0.2918464
vn -0.5886811 -0.8078515 -0.028817434
vn -0.5628393 -0.8247566 -0.05466568
vn -0.63332933 -0.7609089 -0.14110895
vn -0.7248905 -0.6545074 -0.21483466
vn -0.8325057 -0.47814408 -0.27984378
vn -0.6853522 -0.6459284 -0.33625728
vn -0.61508596 -0.73749477 -0.2788738
vn -0.56838083 -0.795468 -0.21017627
vn -0.9023784 -0.2868461 -0.32160938
vn -0.77908516 -0.4811664 -0.40187708
vn -0.6314974 -0.6437272 -0.4322342
vn -0.51308435 -0.85245055 -0.10036162
vn -0.5775982 -0.72484434 -0.37547454
vn -0.5099744 -0.82471496 -0.24448188
vn -0.5462501 -0.7721209 -0.32471535
vn -0.9289435 -0.12708011 -0.3477277
vn -0.84199893 -0.2974613 -0.45006067
vn -0.7058923 -0.4863246 -0.5149798
vn -0.5811819 -0.6427705 -0.49907288
vn -0.5327068 -0.7176889 -0.44849303
vn -0.5153022 -0.7553658 -0.4048286
vn -0.50370777 -0.7922577 -0.34439245
vn -0.92849463 -0.0070429156 -0.37127903
vn -0.49299663 -0.73613846 -0.46373957
vn -0.4664953 -0.84323084 -0.26710275
vn -0.90566766 0.12247297 -0.40591434
vn -0.4992427 -0.76088023 -0.4145094
vn -0.42997608 -0.87449616 -0.22444811
vn -0.829455 0.3074567 -0.46634185
vn -0.45946646 -0.82645684 -0.32536092
vn -0.33993587 -0.8949531 -0.28896815
vn -0.39709592 -0.87148386 -0.28780332
vn -0.3305032 -0.89759403 -0.29170617
vn -0.3830694 -0.8675378 -0.31723192
vn -0.4356496 -0.8105677 -0.3913941
vn -0.3808358 -0.7780361 -0.4996238
vn -0.4691483 -0.732651 -0.49307436
vn -0.32831153 -0.6638415 -0.67195684
vn -0.40565458 -0.6971624 -0.5911082
vn -0.47173566 -0.72981644 -0.49480644
vn -0.32325333 -0.7465403 -0.58153653
vn -0.4323739 -0.7238367 -0.5376925
vn -0.38862407 -0.7132379 -0.5833208
vn -0.45349136 -0.7308456 -0.5101081
vn -0.42180514 -0.7500852 -0.50936496
vn -0.39178383 -0.76835185 -0.50610363
vn -0.35671923 -0.79387844 -0.49245134
vn -0.27287835 -0.90215635 -0.33414277
vn -0.2407647 -0.91970944 -0.3101078
vn 0.1508495 -0.44237894 0.88405055
vn -0.28771204 -0.8204742 -0.49400797
vn -0.3228046 -0.77117324 -0.54871583
vn -0.3450494 -0.74780446 -0.5672119
vn -0.23081362 -0.94805086 -0.21891722
vn -0.035262074 -0.3433376 0.93854994
vn -0.25524417 -0.852575 -0.45603323
vn -0.26398936 -0.7773887 -0.5709434
vn -0.19327709 -0.97435343 -0.115236
vn -0.063014016 -0.27884877 0.95826536
vn -0.20471762 -0.87956965 -0.42947388
vn -0.113598175 -0.99335206 -0.01862811
vn -0.010333292 -0.23573487 0.97176254
vn -0 -0.999705 0.024283772
vn -0 -0.20059802 0.9796737
vn -0 -0.9250011 -0.3799646
vn -0.12734734 -0.9081302 -0.39885092
vn -0.13606305 -0.79819757 -0.58682835
vn -0 -0.81426233 -0.58049697
vn -0.20744091 -0.77876884 -0.59201974
vn -0.16641028 -0.7919757 -0.58743685
vn -0 -0.81704056 -0.5765801
vn -0.21906607 -0.7627605 -0.60844594
vn -0.22308677 -0.84506774 -0.4858939
vn -0 -0.8794564 -0.47597936
vn -0.2676868 -0.7533838 -0.60063016
vn -0.26028743 -0.80852 -0.5277744
vn -0.27920508 -0.8971168 -0.34238267
vn -0 -0.9428473 -0.33322498
vn -0.29615375 -0.776412 -0.55630684
vn -0.31580567 -0.8565664 -0.40811843
vn -0.33771178 -0.88987595 -0.30671066
vn -0 -0.95682234 -0.29067343
vn -0.37664267 -0.7450196 -0.5505325
vn -0.3390984 -0.80633646 -0.48459646
vn -0.39526847 -0.83649313 -0.37952882
vn -0.41184404 -0.7549319 -0.51035506
vn -0.42015392 -0.7714407 -0.47785985
vn -0.48032048 -0.7191949 -0.50204664
vn -0.48011813 -0.69735336 -0.5321511
vn -0.5264164 -0.6545337 -0.5426522
vn -0.55855155 -0.5561506 -0.6153996
vn -0.5251402 -0.63410884 -0.56756824
vn -0.58821523 -0.51028275 -0.6273869
vn -0.50355923 -0.7110728 -0.4907174
vn -0.64816654 -0.48871094 -0.5839879
vn -0.7501542 -0.3019694 -0.5882885
vn -0.6042313 -0.36898112 -0.70622766
vn -0.5920886 -0.4272105 -0.6833172
vn -0.5820809 -0.5111789 -0.63235897
vn -0.4496382 -0.7890027 -0.4186887
vn -0.6313398 -0.3198821 -0.7064599
vn -0.3033331 -0.87541217 -0.37635425
vn -0 -0.92661005 -0.3760239
vn -0.52610135 -0.6249305 -0.57678366
vn -0.34726048 -0.74439 -0.57034516
vn -0 -0.8139233 -0.5809723
vn -0 -0.41545105 -0.9096155
vn -0.3238342 -0.3466875 -0.8803063
vn -0 0.07235497 -0.99737895
vn -0.507982 -0.2802879 -0.8144894
vn -0.23703173 0.075202174 -0.9685869
vn -0 0.22887287 -0.9734563
vn -0.5634618 -0.19949026 -0.8016948
vn -0.19224839 0.23150681 -0.9536484
vn -0 0.30475244 -0.9524316
vn -0.4061573 0.057995807 -0.91196096
vn -0.5718851 -0.14873655 -0.8067372
vn -0.25750375 0.27280682 -0.92696726
vn -0 0.3145356 -0.94924575
vn -0.49259505 0.028549613 -0.8697902
vn -0.34727344 0.1986707 -0.91647756
vn -0.42785573 0.13119152 -0.8942753
vn -0.6007731 -0.14688501 -0.78580946
vn -0.21989386 0.30679035 -0.9260272
vn -0 0.36397532 -0.93140864
vn -0.49938357 0.071688354 -0.86340994
vn -0.38123098 0.21418528 -0.8993262
vn -0.26431018 0.3282197 -0.9068693
vn -0 0.37624362 -0.92652076
vn -0.24946131 0.348738 -0.9034107
vn -0.3368048 0.27347127 -0.90098614
vn -0.49280667 0.16122574 -0.85507184
vn -0.563032 0.03311512 -0.8257714
vn -0.38049996 0.31756464 -0.8685461
vn -0.37835255 0.3654985 -0.8504471
vn -0.4251168 0.24660887 -0.87089604
vn -0.63410133 -0.13075346 -0.7621148
vn -0.4787501 0.35815874 -0.8015738
vn -0.46643534 0.43215245 -0.7718046
vn -0.60499567 0.010679023 -0.7961572
vn -0.5149532 0.24419266 -0.82170135
vn -0.5605419 0.12800908 -0.81817263
vn -0.68436617 -0.29878804 -0.6651081
vn -0.680565 -0.13031033 -0.7210066
vn -0.5325798 0.4222477 -0.7335296
vn -0.5098298 0.51024914 -0.6926178
vn -0.5818809 0.27400824 -0.76572454
vn -0.6244492 0.13312788 -0.7696364
vn -0.6571654 0.0003191381 -0.75374633
vn -0.7600319 -0.13160563 -0.6364208
vn -0.5590377 0.49354056 -0.6662541
vn -0.51467735 0.5748204 -0.6361515
vn -0.6463714 0.31690103 -0.69410205
vn -0.71362233 0.14597233 -0.68515337
vn -0.7487015 0.0061950306 -0.66287833
vn -0.86664706 -0.12525299 -0.48294365
vn -0.85954213 0.0060862354 -0.5110285
vn -0.8278452 0.14240032 -0.5425812
vn -0.74170715 0.33326888 -0.5820673
vn -0.59915936 0.52478856 -0.60465276
vn -0.52687126 0.5975885 -0.604396
vn -0.5700779 0.5397699 -0.61940265
vn -0.6717443 0.48531738 -0.55966645
vn -0.5203564 0.46086317 -0.71891195
vn 0.0054042917 0.60795605 -0.7939522
vn 0.0035633938 0.661716 -0.74974614
vn -0.20129219 -0.8627897 0.46376237
vn -0.3044088 -0.9004222 0.31076527
vn -0.4624725 -0.88303524 0.07979879
vn -0.20662148 -0.874317 0.4391781
vn -0.27691793 -0.8903698 0.3613284
vn -0.24680164 -0.87695587 0.41235584
vn -0.26439443 -0.85878867 0.4388367
vn -0.26679742 -0.85570586 0.4433809
vn -0.23899855 -0.83616185 0.4936731
vn -0.2751056 -0.8499303 0.4493721
vn -0.26952824 -0.85776985 0.43770474
vn -0.327767 -0.8499363 0.4125253
vn -0.21382216 0.7046135 0.676609
vn -0.8041247 -0.5281248 0.27288762
vn 0.078215174 -0.5343126 0.8416605
vn -0.417925 -0.07369056 0.90548795
vn -0.6079951 0.40524045 0.68273145
vn -0.64315605 0.70016414 0.31003296
vn 0.2600965 0.9655424 0.0088196555
vn -0.63938034 0.76848507 0.024967581
vn -0.57750046 0.7563116 -0.3073859
vn -0.43217245 0.65030885 -0.62476027
vn 0.30385497 0.9188952 -0.2516024
vn 0.0035633938 0.661716 -0.74974614
vn 0.0054042917 0.60795605 -0.7939522
vn -0.35990092 0.46146056 -0.81087947
vn -0.30508283 0.3631204 -0.8803794
vn -0.16086368 -0.07733742 -0.983942
vn -0.66762966 0.3036564 -0.67975247
vn -0.81972677 -0.38782313 -0.42147508
vn -0.66762966 0.3036564 -0.67975247
vn -0.16086368 -0.07733742 -0.983942
vn -0.62226826 -0.760193 -0.18678546
vn -0.9177612 -0.35956758 -0.16859902
vn -0.82815844 -0.50011367 -0.25306115
vn -0.30508283 0.3631204 -0.8803794
vn -0.7095508 -0.7036487 0.037633423
vn -0.9289689 -0.32252577 -0.18164214
vn -0.84444773 -0.49115497 -0.21371661
vn -0.35990092 0.46146056 -0.81087947
vn -0.8649622 -0.43320563 -0.25332427
vn -0.43217245 0.65030885 -0.62476027
vn -0.7232698 -0.6898264 0.03194034
vn -0.90845615 -0.37388086 -0.18687
vn -0.57750046 0.7563116 -0.3073859
vn -0.71951413 -0.694105 -0.022751177
vn -0.915825 -0.3811269 -0.12651804
vn -0.63938034 0.76848507 0.024967581
vn -0.71675277 -0.6750791 -0.17473865
vn -0.93081397 -0.34837624 -0.11054138
vn -0.64315605 0.70016414 0.31003296
vn -0.9339386 -0.35727116 0.010766739
vn -0.6079951 0.40524045 0.68273145
vn -0.417925 -0.07369056 0.90548795
vn -0.7113399 -0.63172716 -0.30808482
vn -0.93398774 -0.30312857 -0.18915589
vn -0.80391556 -0.5810209 0.1270219
vn 0.078215174 -0.5343126 0.8416605
vn -0.45011732 -0.8747825 0.1793039
vn -0.8041247 -0.5281248 0.27288762
vn -0.5830829 -0.7682861 0.26410377
vn -0.53977287 -0.82560104 -0.16440257
vn -0.65208036 -0.753878 -0.08036873
vn -0.6462379 -0.7614211 -0.05113125
vn -0.80334145 -0.59244645 -0.06041296
vn -0.4701131 -0.7882526 -0.39705336
vn -0.37095422 -0.9180367 -0.14000596
vn -0.37208906 -0.91037387 -0.18102263
vn -0.36773923 -0.91719747 -0.15335177
vn -0.5280919 -0.7741224 -0.34907496
vn -0.39767626 -0.80026406 -0.4488106
vn -0.333292 -0.93050814 -0.15189166
vn -0.36303484 -0.9085285 -0.20683758
vn -0.33221743 -0.8869137 -0.32096052
vn -0.34623933 -0.77616817 -0.5269549
vn -0.21755642 -0.9110744 -0.35016102
vn -0.33425212 -0.7489828 -0.57210165
vn -0.6627841 -0.7476667 -0.041372
vn -0.54911506 -0.7900102 -0.27268392
vn -0.68056977 -0.70640016 -0.19448249
vn -0.66036505 -0.7395636 -0.13024524
vn -0.70271206 -0.5209194 -0.48460168
vn -0.6842623 -0.6350195 -0.35851827
vn -0.56661534 -0.79581386 -0.21360566
vn -0.7871729 -0.41133654 -0.4595226
vn -0.732559 -0.5919056 -0.3361622
vn -0.6303658 -0.77173615 -0.08403782
vn -0.8569963 -0.42332485 -0.29385966
vn -0.24311444 -0.90772706 -0.3419457
vn -0.32764408 -0.8072447 -0.4909229
vn -0.2734233 -0.8872374 -0.3715502
vn -0.3820043 -0.767055 -0.5154603
vn -0.13875769 -0.9756216 -0.17002597
vn -0.06754915 -0.9386299 -0.33824703
vn -0.0045298818 -0.90528786 -0.42477468
vn -0.26595518 -0.9264156 -0.26649958
vn -0.37196094 -0.8709896 -0.32097065
vn -0.19996937 -0.93454796 -0.2943337
vn -0.308217 -0.86439574 -0.3972686
vn -0.32323307 -0.8600368 -0.39478722
vn -0.4018622 -0.7735357 -0.49005026
vn -0.3820043 -0.767055 -0.5154603
vn -0.32323307 -0.8600368 -0.39478722
vn -0.3978669 -0.86410946 -0.30824783
vn -0.3988108 -0.86379856 -0.30789924
vn -0.26595518 -0.9264156 -0.26649958
vn -0.37196094 -0.8709896 -0.32097065
vn 0.330092 0.6287354 0.70408165
vn 0.09317958 0.93310213 0.3473296
vn 0.10163186 0.92701316 0.3609953
vn -0.21079472 0.9604735 -0.18181394
vn 0.5037496 0.8441756 0.18331401
vn 0.48542145 0.8520911 0.19572122
vn 0.5063092 0.8394563 0.19739346
vn 0.54374826 0.8138454 0.204923
vn 0.61450714 0.76079094 0.20875387
vn 0.6562078 0.72961587 0.19248879
vn 0.6740521 -0.71102595 0.20023932
vn 0.85420877 0.32708046 0.40416044
vn 0.9271935 0.25419557 0.2751305
vn 0.5923845 -0.6426686 0.48585764
vn -0.42467174 -0.9043731 -0.041990332
vn -0.3915483 -0.910134 -0.1354475
vn -0.56500906 -0.7996647 -0.20322701
vn -0.55755115 -0.8072035 -0.1938019
vn -0.45201173 -0.89165306 0.02530221
vn -0.4295779 -0.8799579 -0.2028221
vn 0.41968462 -0.49980536 0.75766706
vn 0.73623264 0.42737132 0.5247049
vn -0.3805682 -0.9237904 0.042179935
vn 0.2758032 -0.31493872 0.9081553
vn 0.55023324 0.5795065 0.60117835
vn 0.35068774 0.69995695 0.62215626
vn 0.07663198 -0.21093592 0.9744914
vn 0.2852874 0.75047207 0.5961566
vn 0.27868792 0.76666963 0.57840353
vn -0.3095695 -0.9503444 0.031818103
vn -0.3049508 -0.92642397 -0.22077967
vn -0.0034642078 -0.15408142 0.9880521
vn 0.2554038 0.7899735 0.55741435
vn 0.23690851 0.80929655 0.5375067
vn -0.2887385 -0.95652616 0.041084375
vn -0.24390127 -0.94330496 -0.22514004
vn -0.083459236 -0.076755606 0.9935508
vn 0.17132647 0.840662 0.51374567
vn -0.28341338 -0.95679855 0.06491043
vn -0.20235115 -0.95596856 -0.21255147
vn -0.22062153 -0.022808103 0.97509277
vn 0.10878676 0.86488074 0.4900477
vn -0.2986108 -0.9504094 0.08691165
vn -0.17712131 -0.9655735 -0.19051462
vn -0.6171501 0.13519454 0.77514404
vn 0.001013033 0.927341 0.37421608
vn -0.061795782 0.9558606 0.28724864
vn -0.39673504 -0.9108039 0.11418151
vn -0.49699032 -0.86741793 -0.02422335
vn -0.50169355 -0.8533058 -0.1420307
vn -0.9277059 0.33143178 0.17179859
vn -0.84957296 0.30613086 0.4295458
vn -0.085491285 0.97608817 0.19985804
vn 0.6740521 -0.71102595 0.20023932
vn 0.9271935 0.25419557 0.2751305
vn 0.9212052 0.38620004 -0.047227453
vn 0.6382448 -0.5770003 -0.50962156
vn 0.31694692 -0.22163282 -0.9221841
vn 0.7281403 0.5777862 -0.36874774
vn -0.44350544 -0.86743444 -0.22552271
vn -0.3915483 -0.910134 -0.1354475
vn -0.56500906 -0.7996647 -0.20322701
vn -0.5276286 -0.78459865 -0.32559645
vn -0.55755115 -0.8072035 -0.1938019
vn 0.24375385 -0.08220735 -0.9663468
vn 0.62440604 0.68102694 -0.3825172
vn 0.44552574 0.8220306 -0.354644
vn -0.4896551 -0.80042857 -0.34576297
vn -0.4295779 -0.8799579 -0.2028221
vn 0.11693905 0.09151373 -0.98891383
vn 0.25132355 0.9324865 -0.2594327
vn -0.39464217 -0.84096926 -0.3701732
vn -0.10839919 0.19713254 -0.97436565
vn 0.123175934 0.98129016 -0.14797717
vn -0.32497555 -0.8676069 -0.37636313
vn -0.3049508 -0.92642397 -0.22077967
vn -0.32069737 0.3000653 -0.8983952
vn 0.044334967 0.996274 -0.0739775
vn -0.3067191 -0.86791575 -0.39069885
vn -0.24390127 -0.94330496 -0.22514004
vn -0.4673176 0.35860145 -0.808096
vn -0.008992381 0.99981314 -0.017114872
vn -0.30634508 -0.86134624 -0.40525958
vn -0.20235115 -0.95596856 -0.21255147
vn -0.38203043 -0.83304125 -0.4001188
vn -0.17712131 -0.9655735 -0.19051462
vn -0.6624864 0.3923425 -0.63810587
vn -0.042654436 0.9982597 0.04071925
vn -0.88867325 0.3892969 -0.24229711
vn -0.07020572 0.9903356 0.119609594
vn -0.5011101 -0.8203803 -0.27543563
vn -0.50169355 -0.8533058 -0.1420307
vn -0.9277059 0.33143178 0.17179859
vn -0.085491285 0.97608817 0.19985804
vn -0.2563342 -0.8889797 -0.37948352
vn -0.29945403 -0.85615546 -0.42109987
vn -0.25725958 -0.9408298 -0.22058265
vn -0.36716628 -0.91186666 -0.18354292
vn -0.3834601 -0.8318172 -0.40129593
vn -0.4468407 -0.8262776 -0.34292662
vn -0.45599717 -0.87879056 -0.14069016
vn -0.5162799 -0.85285676 -0.07804103
vn -0.5042763 -0.8332131 -0.22685112
vn -0.62294245 -0.7816508 -0.031060483
vn -0.6172664 -0.7824512 -0.08217217
vn -0.772974 -0.6337176 -0.030219737
vn -0.7726074 -0.63407314 -0.0320781
vn -0.9143857 -0.39905104 -0.06824346
vn -0 -0.93402797 -0.3571998
vn -0 -0.34629923 -0.93812406
vn -0.20206097 -0.91294026 -0.35455835
vn -0.13919756 -0.3444647 -0.9284224
vn -0.4500913 -0.8501638 -0.27320197
vn -0 0.040973 -0.9991603
vn -0.48746282 -0.41601813 -0.7676646
vn -0.7861488 -0.57904965 -0.21603592
vn -0.12679665 0.03490642 -0.99131435
vn -0 0.12500745 -0.9921558
vn -0.56163454 -0.087304875 -0.82276636
vn -0.9120907 -0.27030218 -0.308265
vn -0.12831265 0.117574565 -0.98473966
vn -0.5148834 0.031958204 -0.85666436
vn -0.91261286 -0.13875093 -0.3845593
vn -0.9132094 -0.017011574 -0.4071355
vn -0.5009373 0.07861851 -0.8619054
vn -0.92981267 0.21051104 -0.30188313
vn -0.12474323 0.12000815 -0.98490465
vn -0 0.12730315 -0.99186385
vn -0.5270074 0.23854071 -0.81569695
vn -0.13946894 0.23197809 -0.9626705
vn -0 0.22732858 -0.97381806
vn -0.5132682 0.6012049 -0.612461
vn -0.85256135 0.48777884 -0.18764548
vn -0.5097718 0.8569995 -0.07539516
vn -0.23977897 0.9692784 -0.05482361
vn -0.2094816 0.6688915 -0.71323323
vn -0 0.6928211 -0.7211095
vn -0 0.99980503 -0.019746788
vn -0 -0.9184229 0.39560014
vn -0 -0.93402797 -0.3571998
vn -0.20206097 -0.91294026 -0.35455835
vn -0.22788025 -0.8962066 0.38063666
vn -0 -0.6595632 0.7516492
vn -0.4500913 -0.8501638 -0.27320197
vn -0.21640082 -0.64046764 0.7368663
vn -0 -0.3787007 0.9255192
vn -0.43704695 -0.83665556 0.33014768
vn -0.7861488 -0.57904965 -0.21603592
vn -0.23868647 -0.36942 0.8980856
vn -0 -0.25174838 0.96779275
vn -0.74923277 -0.6004445 0.27949333
vn -0.9120907 -0.27030218 -0.308265
vn -0.5004909 -0.60664296 0.6176513
vn -0.8829985 -0.36809695 0.29123563
vn -0.91261286 -0.13875093 -0.3845593
vn -0.24822824 -0.25745577 0.93386257
vn -0 -0.19923194 0.9799524
vn -0.5713757 -0.37216517 0.73145247
vn -0.9234775 -0.28034773 0.26190573
vn -0.24318357 -0.20679949 0.9476791
vn -0 -0.050965365 0.9987004
vn -0.58464485 -0.29388618 0.75618863
vn -0.95970184 -0.15824783 0.23222847
vn -0.9132094 -0.017011574 -0.4071355
vn -0.6038671 -0.2247717 0.7647367
vn -0.20683129 -0.07872474 0.97520417
vn -0.9700514 0.063582435 0.23443031
vn -0.92981267 0.21051104 -0.30188313
vn -0.6301409 -0.06276078 0.77394027
vn -0.1746447 0.21497066 0.9608781
vn -0 0.2642315 0.96445924
vn -0.6320233 0.17637834 0.7546107
vn -0.92868197 0.30509168 0.21087626
vn -0.85256135 0.48777884 -0.18764548
vn -0.5978822 0.6521435 0.4660963
vn -0.5097718 0.8569995 -0.07539516
vn -0.20478348 0.74343324 0.6366873
vn -0 0.7551082 0.6556002
vn -0.23977897 0.9692784 -0.05482361
vn -0 0.99980503 -0.019746788
vn -0 0.9292155 0.36953846
vn -0 -0.10107881 0.9948784
vn 0.01519718 -0.07229696 0.99726737
vn 0.28098828 0.8891474 0.36119604
vn 0.66256154 0.67756474 0.3192463
vn -0.0065248045 -0.10605735 0.9943386
vn 0.119415194 -0.09796381 0.9879995
vn 0.25443202 0.966741 -0.026004657
vn -0 0.99990654 -0.01367333
vn -0 0.86432475 -0.50293416
vn 0.15736605 0.7860501 -0.597797
vn 0.38013577 0.59203684 -0.71062595
vn 0.6364299 0.7681608 -0.06989956
vn 0.52915466 0.35066953 -0.77267474
vn 0.9069544 0.38459998 -0.1718037
vn 0.5795852 0.20908578 -0.78763205
vn 0.9417015 0.2696139 0.2012628
vn 0.28243637 -0.14154771 0.9487855
vn 0.95019895 0.13702376 -0.2799043
vn 0.5384944 0.16866904 -0.82557523
vn 0.9909973 0.04780417 0.12505662
vn 0.25044373 -0.17819165 0.95159113
vn 0.98027855 -0.015179363 0.19703723
vn 0.09276903 0.49560717 0.8635782
vn 0.7889238 0.4818419 0.38134968
vn 0.66577953 0.74126416 -0.08523478
vn 0.94406205 0.07098422 -0.32203737
vn 0.44810563 0.70108074 -0.5546954
vn -0.7009581 0.620036 -0.3524387
vn -0.53979534 0.5306441 0.6534813
vn 0.5696471 0.47796053 0.6686224
vn 0.6839051 -0.09173059 0.7237813
vn -0.7311002 -0.1124927 0.6729323
vn 0.69764954 -0.00825638 0.71639156
vn -0.7533491 -0.19000247 0.62957454
vn 0.6462292 0.12597021 0.7526748
vn -0.70087564 -0.38316813 0.6016274
vn 0.4225452 0.32037604 0.8478294
vn -0.48558596 -0.6602794 0.57292
vn 0.195188 0.49874872 0.84448296
vn -0.1864124 -0.7935198 0.57928985
vn -0 0.53362644 0.84572035
vn -0 -0.8151227 0.57928824
vn 0.195188 0.49874872 0.84448296
vn 0.4225452 0.32037604 0.8478294
vn 0.7381903 0.66403043 0.118906066
vn 0.6462292 0.12597021 0.7526748
vn 0.30128962 0.9423289 0.14574252
vn 0.67006546 0.66707724 -0.3256074
vn -0 0.53362644 0.84572035
vn -0 0.99100924 0.1337933
vn 0.9510544 0.3038942 0.056070257
vn 0.69764954 -0.00825638 0.71639156
vn 0.25963432 0.9639293 -0.058569737
vn -0 0.99996173 0.008753311
vn -0 0.36781186 -0.9299003
vn 0.99499255 0.093148015 0.03623963
vn 0.6839051 -0.09173059 0.7237813
vn 0.059993275 0.24126664 -0.9686027
vn 0.7938324 0.3478378 -0.49883768
vn -0.21231866 -0.7920791 -0.5723037
vn -0 -0.8140716 -0.5807645
vn -0 -0.97911376 -0.20331347
vn -0.246018 -0.94870853 -0.19856311
vn -0 -0.8151227 0.57928824
vn -0.1864124 -0.7935198 0.57928985
vn -0.54104954 -0.6314399 -0.55547196
vn -0.6050276 -0.7674046 -0.21220692
vn -0.48558596 -0.6602794 0.57292
vn -0.8911242 -0.38786826 -0.23549089
vn -0.70087564 -0.38316813 0.6016274
vn -0.06719555 0.103366345 -0.99237096
vn -0.9678074 -0.108761445 -0.22697984
vn -0.7533491 -0.19000247 0.62957454
vn -0.7856322 -0.30279025 -0.5395371
vn -0.20432797 0.052856848 -0.9774744
vn -0.9880519 -0.011530757 -0.15368979
vn -0.7311002 -0.1124927 0.6729323
vn -0.83870924 -0.04645384 -0.54259455
vn -0.2080534 0.1145061 -0.97139186
vn -0.71727896 0.6965018 0.019906463
vn -0.53979534 0.5306441 0.6534813
vn 0.5696471 0.47796053 0.6686224
vn -0.8078344 0.055065673 -0.5868316
vn 0.79774106 0.15489142 -0.58276737
vn 0.72191834 0.6744104 0.15493387
vn -0.62747395 0.6787438 -0.38155374
vn -0.07830101 0.1518027 -0.98530453
vn 0.9981323 -0.0011565781 0.061078854
vn 0.8497342 0.088988535 -0.5196468
vn 0.7072834 0.63903046 -0.30230814
vn -0.0067590834 0.79753304 -0.6032374
vn -0.7381903 0.66403043 0.118906066
vn -0.4225452 0.32037604 0.8478294
vn -0.195188 0.4987487 0.84448296
vn -0.6462292 0.12597023 0.7526748
vn -0.30128962 0.9423289 0.14574252
vn -0.6700654 0.6670773 -0.3256074
vn -0 0.53362644 0.84572035
vn -0 0.99100924 0.1337933
vn -0.9510544 0.3038942 0.05607026
vn -0.69764954 -0.008256377 0.71639156
vn -0.25963432 0.9639293 -0.058569726
vn -0 0.99996173 0.008753311
vn -0 0.36781186 -0.9299003
vn -0.99499255 0.093148015 0.036239628
vn -0.6839051 -0.0917306 0.7237813
vn -0.059993275 0.24126664 -0.9686027
vn -0.7938323 0.3478378 -0.49883765
vn 0.21231861 -0.79207903 -0.5723038
vn -0 -0.8140716 -0.5807645
vn -0 -0.97911376 -0.20331347
vn 0.246018 -0.94870853 -0.19856316
vn -0 -0.8151227 0.57928824
vn 0.18641238 -0.79351985 0.5792898
vn 0.5410495 -0.63143986 -0.555472
vn 0.6050277 -0.76740456 -0.21220694
vn 0.48558602 -0.66027933 0.57292
vn 0.8911242 -0.38786826 -0.23549092
vn 0.70087564 -0.38316807 0.6016274
vn 0.06719555 0.10336635 -0.99237096
vn 0.9678074 -0.108761445 -0.22697984
vn 0.7533491 -0.19000247 0.62957454
vn 0.7856322 -0.3027903 -0.5395371
vn 0.20432797 0.052856848 -0.9774744
vn 0.9880519 -0.011530757 -0.15368979
vn 0.7311001 -0.11249272 0.67293245
vn 0.83870924 -0.046453852 -0.54259455
vn 0.20805338 0.11450612 -0.97139186
vn 0.71727896 0.69650173 0.019906476
vn 0.5397953 0.5306441 0.6534814
vn -0.5696471 0.4779605 0.6686224
vn 0.8078344 0.05506568 -0.5868317
vn -0.79774106 0.15489142 -0.58276737
vn 0.62747395 0.6787438 -0.38155383
vn -0.72191834 0.6744104 0.15493387
vn 0.078300975 0.1518027 -0.98530453
vn -0.9981323 -0.0011565792 0.061078854
vn -0.8497342 0.088988535 -0.5196468
vn -0.7072834 0.63903046 -0.30230814
vn 0.0067590834 0.79753304 -0.6032374
vn 0.47803193 -0.8661692 -0.14572673
vn 0.47911575 -0.8652694 -0.14750211
vn 0.37981054 -0.91167355 -0.15682882
vn 0.47911575 -0.8652694 -0.14750211
vn 0.4796288 -0.86529416 -0.14567909
vn 0.27441308 -0.95554256 -0.107869916
vn 0.40350088 -0.9004387 -0.16247165
vn 0.35596794 -0.9180184 -0.17472586
vn 0.37981054 -0.91167355 -0.15682882
vn 0.25710723 -0.95708907 -0.13370287
vn 0.47803193 -0.8661692 -0.14572673
vn 0.37981054 -0.91167355 -0.15682882
vn 0.35596794 -0.9180184 -0.17472586
vn 0.37981054 -0.91167355 -0.15682882
vn 0.4796288 -0.86529416 -0.14567909
vn 0.40350088 -0.9004387 -0.16247165
vn -0.46835512 -0.81962776 -0.32993013
vn -0.48249245 -0.8494134 -0.21377094
vn -0.40046677 -0.90225863 -0.1598616
vn -0.48249245 -0.8494134 -0.21377094
vn -0.5312057 -0.8407068 -0.10503564
vn -0.42394978 -0.8873253 -0.18144001
vn -0.40046677 -0.90225863 -0.1598616
vn -0.29029885 -0.9382561 -0.1881543
vn -0.33318052 -0.9419868 -0.040641233
vn -0.40046677 -0.90225863 -0.1598616
vn -0.32592207 -0.9395495 0.10498366
vn -0.29029885 -0.9382561 -0.1881543
vn -0.33318052 -0.9419868 -0.040641233
vn -0.46835512 -0.81962776 -0.32993013
vn -0.40046677 -0.90225863 -0.1598616
vn -0.42394978 -0.8873253 -0.18144001
vn -0.40046677 -0.90225863 -0.1598616
vn -0.5312057 -0.8407068 -0.10503564
vn -0.36832798 -0.9146243 -0.16672418
vn -0.32592207 -0.9395495 0.10498366
vn -0.40046677 -0.90225863 -0.1598616
vn -0.36832798 -0.9146243 -0.16672418
vn -0.65781116 -0.6977352 0.28363705
vn -0.49841183 -0.7048429 0.5047594
vn -0.08337862 -0.97622424 0.20008576
vn -0.18278165 -0.9820588 0.04638104
vn 0.21801214 -0.95932573 -0.17934546
vn -0.7407256 -0.66868097 0.06474169
vn -0.24390894 -0.9658618 -0.087289535
vn -0.7612384 -0.63514817 -0.13077846
vn -0.24974978 -0.9508771 -0.18291472
vn -0.23533267 -0.9292795 -0.28470707
vn -0.7347736 -0.59356374 -0.32831353
vn -0.16773352 -0.894925 -0.41349095
vn -0.64825976 -0.5422947 -0.5344864
vn -0.07506333 -0.84058005 -0.5364613
vn -0.50234973 -0.48455968 -0.7161331
vn 0.016648035 -0.7933777 -0.60850203
vn -0.33043376 -0.42622992 -0.84210545
vn 0.08748236 -0.75462407 -0.6502994
vn 0.1450386 -0.726547 -0.6716347
vn -0.14928903 -0.36528638 -0.91884637
vn 0.03628742 -0.3057077 -0.95143366
vn -0.14928903 -0.36528638 -0.91884637
vn 0.23934247 -0.24761143 -0.9388311
vn 0.22333515 -0.7092341 -0.6686616
vn 0.4633903 -0.18898122 -0.86576873
vn 0.33899125 -0.6960824 -0.63289356
vn 0.6774974 -0.13422926 -0.7231734
vn 0.46993977 -0.68887365 -0.5519147
vn 0.84705555 -0.09783716 -0.522422
vn 0.5877982 -0.69182265 -0.41937423
vn 0.9471334 -0.09266611 -0.30716676
vn 0.6642799 -0.69025797 -0.28683802
vn 0.98832303 -0.115477405 -0.099411234
vn 0.68787473 -0.70343035 -0.17892525
vn 0.6858114 -0.7248733 -0.06497311
vn 0.6274511 -0.77406657 0.08441605
vn 0.9800378 -0.16132003 0.11619744
vn 0.90496093 -0.23901397 0.35201997
vn 0.5185834 -0.8205157 0.24046862
vn 0.74773663 -0.33783045 0.57162976
vn 0.39089465 -0.8563655 0.33740097
vn 0.54084927 -0.42896378 0.72351384
vn 0.28001428 -0.88024324 0.38309777
vn 0.32283908 -0.5014125 0.8027206
vn 0.54084927 -0.42896378 0.72351384
vn 0.20335533 -0.8968649 0.392785
vn 0.11775949 -0.5629443 0.8180626
vn 0.1305016 -0.9203924 0.36857468
vn -0.08472917 -0.6238775 0.7769156
vn 0.030575743 -0.95117074 0.3071469
vn -0.29634365 -0.6776047 0.67307687
vn -0.49841183 -0.7048429 0.5047594
vn 0.08337862 -0.97622424 0.20008576
vn 0.49841183 -0.7048429 0.5047594
vn 0.65781116 -0.6977352 0.28363708
vn 0.18278173 -0.9820588 0.046381056
vn -0.21801214 -0.95932573 -0.17934546
vn 0.7407255 -0.668681 0.0647417
vn 0.24390891 -0.9658618 -0.08728952
vn 0.7612384 -0.63514817 -0.13077845
vn 0.24974978 -0.9508771 -0.18291472
vn 0.23533267 -0.9292795 -0.28470707
vn 0.73477364 -0.59356374 -0.3283135
vn 0.16773352 -0.894925 -0.41349095
vn 0.64825976 -0.5422947 -0.5344864
vn 0.07506331 -0.84058005 -0.5364613
vn 0.50234973 -0.48455963 -0.7161332
vn -0.016648035 -0.7933777 -0.608502
vn 0.33043376 -0.42622998 -0.84210545
vn -0.08748234 -0.75462407 -0.6502994
vn -0.1450386 -0.726547 -0.6716347
vn 0.14928904 -0.36528638 -0.91884637
vn -0.036287416 -0.3057077 -0.95143366
vn 0.14928904 -0.36528638 -0.91884637
vn -0.23934247 -0.24761143 -0.9388311
vn -0.22333515 -0.7092341 -0.6686616
vn -0.4633903 -0.18898122 -0.86576873
vn -0.33899125 -0.6960824 -0.63289356
vn -0.6774974 -0.13422927 -0.7231734
vn -0.46993977 -0.68887365 -0.5519147
vn -0.84705555 -0.09783716 -0.522422
vn -0.5877982 -0.69182265 -0.41937423
vn -0.9471334 -0.09266611 -0.30716676
vn -0.6642799 -0.69025797 -0.28683802
vn -0.98832303 -0.115477376 -0.099411234
vn -0.68787473 -0.70343035 -0.17892525
vn -0.6858114 -0.7248733 -0.06497311
vn -0.6274511 -0.77406657 0.08441605
vn -0.9800378 -0.16132003 0.11619744
vn -0.90496093 -0.23901397 0.35201997
vn -0.5185834 -0.8205157 0.24046862
vn -0.74773663 -0.33783045 0.57162976
vn -0.39089465 -0.8563655 0.33740097
vn -0.54084927 -0.42896375 0.72351384
vn -0.28001428 -0.88024324 0.38309777
vn -0.32283908 -0.50141245 0.8027206
vn -0.54084927 -0.42896375 0.72351384
vn -0.20335533 -0.8968649 0.392785
vn -0.11775949 -0.5629443 0.8180626
vn -0.1305016 -0.9203924 0.36857468
vn 0.08472917 -0.6238775 0.7769156
vn -0.030575743 -0.95117074 0.3071469
vn 0.29634365 -0.6776047 0.67307687
vn 0.49841183 -0.7048429 0.5047594
vn 0.26038843 -0.96050733 -0.09810009
vn 0.37981054 -0.91167355 -0.15682882
vn 0.27441308 -0.95554256 -0.107869916
vn 0.25710723 -0.95708907 -0.13370287
g Mai_S004_Face_0
f 3/3/3 2/2/2 1/1/1
f 6/6/6 5/5/5 4/4/4
f 9/9/9 8/8/8 7/7/7
f 11/11/11 10/10/10 7/7/7
f 12/12/12 11/11/11 7/7/7
f 13/13/13 11/11/11 12/12/12
f 16/16/16 15/15/15 14/14/14
f 19/19/19 18/18/18 17/17/17
f 22/22/22 21/21/21 20/20/20
f 25/25/25 24/24/24 23/23/23
f 28/28/28 27/27/27 26/26/26
f 26/26/26 30/30/30 29/29/29
f 29/29/29 31/31/31 26/26/26
f 29/29/29 32/32/32 31/31/31
f 35/35/35 34/34/34 33/33/33
f 38/38/38 37/37/37 36/36/36
f 41/41/41 40/40/40 39/39/39
f 39/39/39 42/42/42 41/41/41
f 42/42/42 39/39/39 43/43/43
f 43/43/43 44/44/44 42/42/42
f 44/44/44 43/43/43 45/45/45
f 41/41/41 42/42/42 46/46/46
f 42/42/42 44/44/44 46/46/46
f 45/45/45 47/47/47 44/44/44
f 47/47/47 45/45/45 48/48/48
f 46/46/46 49/49/49 41/41/41
f 50/50/50 41/41/41 49/49/49
f 49/49/49 51/51/51 50/50/50
f 51/51/51 52/52/52 50/50/50
f 53/53/53 52/52/52 51/51/51
f 53/53/53 54/54/54 52/52/52
f 55/55/55 51/51/51 49/49/49
f 53/53/53 51/51/51 55/55/55
f 46/46/46 44/44/44 56/56/56
f 49/49/49 46/46/46 57/57/57
f 57/57/57 46/46/46 56/56/56
f 58/58/58 56/56/56 44/44/44
f 44/44/44 47/47/47 58/58/58
f 55/55/55 49/49/49 59/59/59
f 57/57/57 59/59/59 49/49/49
f 57/57/57 56/56/56 60/60/60
f 60/60/60 56/56/56 58/58/58
f 59/59/59 57/57/57 61/61/61
f 61/61/61 57/57/57 60/60/60
f 55/55/55 62/62/62 53/53/53
f 63/63/63 55/55/55 59/59/59
f 62/62/62 55/55/55 63/63/63
f 53/53/53 64/64/64 54/54/54
f 64/64/64 53/53/53 62/62/62
f 61/61/61 65/65/65 59/59/59
f 59/59/59 65/65/65 63/63/63
f 66/66/66 58/58/58 47/47/47
f 60/60/60 58/58/58 67/67/67
f 67/67/67 58/58/58 66/66/66
f 61/61/61 60/60/60 68/68/68
f 68/68/68 60/60/60 67/67/67
f 65/65/65 61/61/61 69/69/69
f 69/69/69 61/61/61 68/68/68
f 47/47/47 70/70/70 66/66/66
f 48/48/48 70/70/70 47/47/47
f 71/71/71 70/70/70 48/48/48
f 48/48/48 72/72/72 71/71/71
f 71/71/71 72/72/72 73/73/73
f 70/70/70 71/71/71 74/74/74
f 74/74/74 66/66/66 70/70/70
f 71/71/71 73/73/73 75/75/75
f 74/74/74 71/71/71 75/75/75
f 75/75/75 73/73/73 76/76/76
f 76/76/76 77/77/77 75/75/75
f 78/78/78 75/75/75 77/77/77
f 75/75/75 78/78/78 74/74/74
f 77/77/77 79/79/79 78/78/78
f 66/66/66 74/74/74 80/80/80
f 80/80/80 74/74/74 78/78/78
f 81/81/81 78/78/78 79/79/79
f 78/78/78 81/81/81 80/80/80
f 79/79/79 82/82/82 81/81/81
f 81/81/81 82/82/82 83/83/83
f 80/80/80 84/84/84 66/66/66
f 67/67/67 66/66/66 84/84/84
f 83/83/83 85/85/85 81/81/81
f 85/85/85 83/83/83 86/86/86
f 87/87/87 80/80/80 81/81/81
f 84/84/84 80/80/80 87/87/87
f 81/81/81 85/85/85 87/87/87
f 88/88/88 67/67/67 84/84/84
f 68/68/68 67/67/67 88/88/88
f 86/86/86 89/89/89 85/85/85
f 89/89/89 86/86/86 90/90/90
f 90/90/90 91/91/91 89/89/89
f 89/89/89 91/91/91 92/92/92
f 85/85/85 89/89/89 93/93/93
f 89/89/89 92/92/92 93/93/93
f 85/85/85 93/93/93 87/87/87
f 93/93/93 92/92/92 94/94/94
f 87/87/87 95/95/95 84/84/84
f 95/95/95 87/87/87 93/93/93
f 88/88/88 84/84/84 95/95/95
f 93/93/93 94/94/94 96/96/96
f 93/93/93 96/96/96 95/95/95
f 97/97/97 96/96/96 94/94/94
f 98/98/98 95/95/95 96/96/96
f 97/97/97 98/98/98 96/96/96
f 98/98/98 88/88/88 95/95/95
f 99/99/99 98/98/98 97/97/97
f 100/100/100 88/88/88 98/98/98
f 99/99/99 100/100/100 98/98/98
f 100/100/100 68/68/68 88/88/88
f 101/101/101 100/100/100 99/99/99
f 69/69/69 68/68/68 100/100/100
f 101/101/101 69/69/69 100/100/100
f 102/102/102 69/69/69 101/101/101
f 101/101/101 103/103/103 102/102/102
f 69/69/69 102/102/102 65/65/65
f 102/102/102 103/103/103 104/104/104
f 65/65/65 102/102/102 105/105/105
f 104/104/104 105/105/105 102/102/102
f 105/105/105 63/63/63 65/65/65
f 105/105/105 104/104/104 106/106/106
f 63/63/63 105/105/105 106/106/106
f 107/107/107 106/106/106 104/104/104
f 106/106/106 108/108/108 63/63/63
f 63/63/63 108/108/108 62/62/62
f 107/107/107 109/109/109 106/106/106
f 110/110/110 109/109/109 107/107/107
f 111/111/111 109/109/109 110/110/110
f 112/112/112 62/62/62 108/108/108
f 62/62/62 112/112/112 64/64/64
f 106/106/106 113/113/113 108/108/108
f 109/109/109 113/113/113 106/106/106
f 108/108/108 113/113/113 112/112/112
f 111/111/111 114/114/114 109/109/109
f 114/114/114 113/113/113 109/109/109
f 115/115/115 112/112/112 113/113/113
f 115/115/115 113/113/113 114/114/114
f 116/116/116 114/114/114 111/111/111
f 114/114/114 116/116/116 115/115/115
f 111/111/111 117/117/117 116/116/116
f 118/118/118 64/64/64 112/112/112
f 118/118/118 112/112/112 115/115/115
f 116/116/116 119/119/119 115/115/115
f 115/115/115 119/119/119 118/118/118
f 120/120/120 116/116/116 117/117/117
f 117/117/117 121/121/121 120/120/120
f 122/122/122 64/64/64 118/118/118
f 54/54/54 64/64/64 122/122/122
f 119/119/119 123/123/123 118/118/118
f 123/123/123 122/122/122 118/118/118
f 124/124/124 119/119/119 116/116/116
f 116/116/116 120/120/120 124/124/124
f 125/125/125 120/120/120 121/121/121
f 121/121/121 126/126/126 125/125/125
f 125/125/125 126/126/126 127/127/127
f 128/128/128 123/123/123 119/119/119
f 119/119/119 124/124/124 128/128/128
f 129/129/129 124/124/124 120/120/120
f 120/120/120 125/125/125 129/129/129
f 125/125/125 127/127/127 130/130/130
f 130/130/130 127/127/127 131/131/131
f 132/132/132 128/128/128 124/124/124
f 124/124/124 129/129/129 132/132/132
f 133/133/133 129/129/129 125/125/125
f 125/125/125 130/130/130 133/133/133
f 130/130/130 131/131/131 134/134/134
f 134/134/134 131/131/131 135/135/135
f 135/135/135 136/136/136 134/134/134
f 130/130/130 134/134/134 137/137/137
f 137/137/137 134/134/134 136/136/136
f 137/137/137 133/133/133 130/130/130
f 136/136/136 138/138/138 137/137/137
f 138/138/138 139/139/139 137/137/137
f 140/140/140 137/137/137 139/139/139
f 133/133/133 137/137/137 140/140/140
f 139/139/139 141/141/141 140/140/140
f 129/129/129 133/133/133 142/142/142
f 140/140/140 142/142/142 133/133/133
f 142/142/142 132/132/132 129/129/129
f 141/141/141 143/143/143 140/140/140
f 143/143/143 142/142/142 140/140/140
f 141/141/141 144/144/144 143/143/143
f 145/145/145 132/132/132 142/142/142
f 142/142/142 143/143/143 145/145/145
f 144/144/144 146/146/146 143/143/143
f 145/145/145 143/143/143 146/146/146
f 132/132/132 145/145/145 147/147/147
f 128/128/128 132/132/132 147/147/147
f 146/146/146 148/148/148 145/145/145
f 147/147/147 145/145/145 148/148/148
f 149/149/149 146/146/146 144/144/144
f 148/148/148 146/146/146 149/149/149
f 147/147/147 150/150/150 128/128/128
f 123/123/123 128/128/128 150/150/150
f 144/144/144 151/151/151 149/149/149
f 151/151/151 144/144/144 152/152/152
f 153/153/153 149/149/149 151/151/151
f 149/149/149 153/153/153 148/148/148
f 151/151/151 154/154/154 153/153/153
f 148/148/148 155/155/155 147/147/147
f 155/155/155 148/148/148 153/153/153
f 150/150/150 147/147/147 155/155/155
f 156/156/156 153/153/153 154/154/154
f 153/153/153 156/156/156 155/155/155
f 154/154/154 157/157/157 156/156/156
f 156/156/156 157/157/157 158/158/158
f 158/158/158 159/159/159 156/156/156
f 155/155/155 156/156/156 159/159/159
f 159/159/159 158/158/158 160/160/160
f 150/150/150 161/161/161 123/123/123
f 123/123/123 161/161/161 122/122/122
f 155/155/155 162/162/162 150/150/150
f 159/159/159 162/162/162 155/155/155
f 161/161/161 150/150/150 162/162/162
f 160/160/160 163/163/163 159/159/159
f 162/162/162 159/159/159 163/163/163
f 163/163/163 160/160/160 164/164/164
f 165/165/165 122/122/122 161/161/161
f 122/122/122 165/165/165 54/54/54
f 162/162/162 166/166/166 161/161/161
f 163/163/163 166/166/166 162/162/162
f 161/161/161 166/166/166 165/165/165
f 164/164/164 167/167/167 163/163/163
f 166/166/166 163/163/163 167/167/167
f 167/167/167 165/165/165 166/166/166
f 54/54/54 165/165/165 167/167/167
f 167/167/167 164/164/164 168/168/168
f 167/167/167 169/169/169 54/54/54
f 168/168/168 169/169/169 167/167/167
f 172/172/172 171/171/171 170/170/170
f 170/170/170 173/173/173 172/172/172
f 174/174/174 172/172/172 173/173/173
f 170/170/170 175/175/175 173/173/173
f 173/173/173 176/176/176 174/174/174
f 177/177/177 174/174/174 176/176/176
f 173/173/173 175/175/175 178/178/178
f 178/178/178 176/176/176 173/173/173
f 178/178/178 175/175/175 179/179/179
f 176/176/176 180/180/180 177/177/177
f 180/180/180 181/181/181 177/177/177
f 178/178/178 179/179/179 182/182/182
f 182/182/182 179/179/179 183/183/183
f 176/176/176 178/178/178 184/184/184
f 180/180/180 176/176/176 184/184/184
f 178/178/178 182/182/182 184/184/184
f 181/181/181 180/180/180 185/185/185
f 186/186/186 181/181/181 185/185/185
f 182/182/182 183/183/183 187/187/187
f 188/188/188 187/187/187 183/183/183
f 184/184/184 189/189/189 180/180/180
f 180/180/180 189/189/189 185/185/185
f 184/184/184 182/182/182 190/190/190
f 182/182/182 187/187/187 190/190/190
f 189/189/189 184/184/184 190/190/190
f 185/185/185 191/191/191 186/186/186
f 192/192/192 186/186/186 191/191/191
f 187/187/187 188/188/188 193/193/193
f 193/193/193 188/188/188 194/194/194
f 190/190/190 187/187/187 195/195/195
f 195/195/195 187/187/187 193/193/193
f 190/190/190 196/196/196 189/189/189
f 190/190/190 195/195/195 196/196/196
f 185/185/185 189/189/189 197/197/197
f 191/191/191 185/185/185 197/197/197
f 197/197/197 189/189/189 196/196/196
f 191/191/191 198/198/198 192/192/192
f 199/199/199 192/192/192 198/198/198
f 194/194/194 200/200/200 193/193/193
f 200/200/200 194/194/194 201/201/201
f 195/195/195 193/193/193 202/202/202
f 200/200/200 202/202/202 193/193/193
f 196/196/196 195/195/195 203/203/203
f 203/203/203 195/195/195 202/202/202
f 197/197/197 204/204/204 191/191/191
f 198/198/198 191/191/191 204/204/204
f 198/198/198 205/205/205 199/199/199
f 204/204/204 206/206/206 198/198/198
f 205/205/205 198/198/198 206/206/206
f 199/199/199 205/205/205 207/207/207
f 208/208/208 199/199/199 207/207/207
f 206/206/206 209/209/209 205/205/205
f 207/207/207 205/205/205 209/209/209
f 208/208/208 207/207/207 210/210/210
f 211/211/211 208/208/208 210/210/210
f 212/212/212 211/211/211 210/210/210
f 213/213/213 207/207/207 209/209/209
f 213/213/213 210/210/210 207/207/207
f 209/209/209 214/214/214 213/213/213
f 215/215/215 209/209/209 206/206/206
f 209/209/209 215/215/215 214/214/214
f 206/206/206 204/204/204 216/216/216
f 206/206/206 216/216/216 215/215/215
f 210/210/210 217/217/217 212/212/212
f 218/218/218 212/212/212 217/217/217
f 219/219/219 210/210/210 213/213/213
f 217/217/217 210/210/210 219/219/219
f 213/213/213 214/214/214 219/219/219
f 219/219/219 214/214/214 220/220/220
f 217/217/217 221/221/221 218/218/218
f 221/221/221 217/217/217 219/219/219
f 220/220/220 221/221/221 219/219/219
f 218/218/218 221/221/221 222/222/222
f 222/222/222 221/221/221 223/223/223
f 223/223/223 221/221/221 220/220/220
f 222/222/222 223/223/223 224/224/224
f 224/224/224 223/223/223 220/220/220
f 224/224/224 225/225/225 222/222/222
f 225/225/225 224/224/224 226/226/226
f 226/226/226 227/227/227 225/225/225
f 227/227/227 226/226/226 228/228/228
f 227/227/227 228/228/228 229/229/229
f 229/229/229 228/228/228 230/230/230
f 230/230/230 228/228/228 231/231/231
f 229/229/229 230/230/230 232/232/232
f 228/228/228 226/226/226 233/233/233
f 228/228/228 233/233/233 231/231/231
f 234/234/234 226/226/226 224/224/224
f 226/226/226 234/234/234 233/233/233
f 232/232/232 230/230/230 235/235/235
f 232/232/232 235/235/235 236/236/236
f 237/237/237 236/236/236 235/235/235
f 238/238/238 231/231/231 233/233/233
f 234/234/234 238/238/238 233/233/233
f 239/239/239 231/231/231 238/238/238
f 224/224/224 240/240/240 234/234/234
f 240/240/240 224/224/224 220/220/220
f 238/238/238 234/234/234 241/241/241
f 241/241/241 234/234/234 240/240/240
f 242/242/242 240/240/240 220/220/220
f 240/240/240 242/242/242 241/241/241
f 235/235/235 230/230/230 243/243/243
f 230/230/230 231/231/231 243/243/243
f 235/235/235 244/244/244 237/237/237
f 245/245/245 237/237/237 244/244/244
f 246/246/246 239/239/239 238/238/238
f 246/246/246 238/238/238 241/241/241
f 220/220/220 247/247/247 242/242/242
f 247/247/247 220/220/220 214/214/214
f 235/235/235 243/243/243 248/248/248
f 244/244/244 235/235/235 248/248/248
f 231/231/231 249/249/249 243/243/243
f 250/250/250 231/231/231 239/239/239
f 250/250/250 249/249/249 231/231/231
f 251/251/251 243/243/243 249/249/249
f 248/248/248 243/243/243 251/251/251
f 249/249/249 250/250/250 252/252/252
f 249/249/249 252/252/252 251/251/251
f 253/253/253 242/242/242 247/247/247
f 254/254/254 247/247/247 214/214/214
f 247/247/247 254/254/254 253/253/253
f 242/242/242 253/253/253 255/255/255
f 255/255/255 241/241/241 242/242/242
f 214/214/214 256/256/256 254/254/254
f 256/256/256 214/214/214 215/215/215
f 257/257/257 253/253/253 254/254/254
f 253/253/253 257/257/257 255/255/255
f 255/255/255 258/258/258 241/241/241
f 241/241/241 258/258/258 246/246/246
f 215/215/215 259/259/259 256/256/256
f 215/215/215 216/216/216 259/259/259
f 254/254/254 260/260/260 257/257/257
f 260/260/260 254/254/254 256/256/256
f 258/258/258 261/261/261 246/246/246
f 261/261/261 262/262/262 246/246/246
f 262/262/262 239/239/239 246/246/246
f 262/262/262 263/263/263 239/239/239
f 258/258/258 264/264/264 261/261/261
f 239/239/239 263/263/263 265/265/265
f 264/264/264 258/258/258 266/266/266
f 255/255/255 266/266/266 258/258/258
f 267/267/267 264/264/264 266/266/266
f 239/239/239 265/265/265 268/268/268
f 239/239/239 268/268/268 250/250/250
f 268/268/268 265/265/265 269/269/269
f 268/268/268 270/270/270 250/250/250
f 269/269/269 270/270/270 268/268/268
f 269/269/269 271/271/271 270/270/270
f 270/270/270 252/252/252 250/250/250
f 271/271/271 272/272/272 270/270/270
f 272/272/272 252/252/252 270/270/270
f 273/273/273 252/252/252 272/272/272
f 274/274/274 273/273/273 272/272/272
f 252/252/252 273/273/273 251/251/251
f 266/266/266 255/255/255 275/275/275
f 255/255/255 257/257/257 275/275/275
f 274/274/274 276/276/276 273/273/273
f 277/277/277 276/276/276 274/274/274
f 273/273/273 278/278/278 251/251/251
f 278/278/278 273/273/273 276/276/276
f 276/276/276 277/277/277 279/279/279
f 279/279/279 277/277/277 280/280/280
f 275/275/275 281/281/281 266/266/266
f 267/267/267 266/266/266 281/281/281
f 281/281/281 282/282/282 267/267/267
f 283/283/283 282/282/282 281/281/281
f 281/281/281 284/284/284 283/283/283
f 284/284/284 281/281/281 275/275/275
f 283/283/283 284/284/284 285/285/285
f 275/275/275 286/286/286 284/284/284
f 286/286/286 275/275/275 257/257/257
f 284/284/284 287/287/287 285/285/285
f 284/284/284 286/286/286 287/287/287
f 285/285/285 287/287/287 288/288/288
f 257/257/257 289/289/289 286/286/286
f 289/289/289 257/257/257 260/260/260
f 286/286/286 290/290/290 287/287/287
f 289/289/289 290/290/290 286/286/286
f 291/291/291 288/288/288 287/287/287
f 287/287/287 290/290/290 291/291/291
f 288/288/288 291/291/291 292/292/292
f 292/292/292 293/293/293 288/288/288
f 293/293/293 292/292/292 294/294/294
f 294/294/294 295/295/295 293/293/293
f 296/296/296 295/295/295 294/294/294
f 297/297/297 292/292/292 291/291/291
f 297/297/297 294/294/294 292/292/292
f 290/290/290 298/298/298 291/291/291
f 291/291/291 298/298/298 297/297/297
f 289/289/289 299/299/299 290/290/290
f 298/298/298 290/290/290 299/299/299
f 260/260/260 300/300/300 289/289/289
f 299/299/299 289/289/289 300/300/300
f 296/296/296 294/294/294 301/301/301
f 301/301/301 302/302/302 296/296/296
f 301/301/301 294/294/294 303/303/303
f 303/303/303 302/302/302 301/301/301
f 304/304/304 294/294/294 297/297/297
f 303/303/303 294/294/294 304/304/304
f 300/300/300 260/260/260 305/305/305
f 256/256/256 305/305/305 260/260/260
f 306/306/306 305/305/305 256/256/256
f 256/256/256 259/259/259 306/306/306
f 307/307/307 297/297/297 298/298/298
f 299/299/299 308/308/308 298/298/298
f 298/298/298 308/308/308 307/307/307
f 309/309/309 308/308/308 299/299/299
f 300/300/300 309/309/309 299/299/299
f 310/310/310 304/304/304 297/297/297
f 297/297/297 307/307/307 310/310/310
f 307/307/307 308/308/308 311/311/311
f 309/309/309 311/311/311 308/308/308
f 312/312/312 310/310/310 307/307/307
f 311/311/311 312/312/312 307/307/307
f 305/305/305 313/313/313 300/300/300
f 309/309/309 300/300/300 314/314/314
f 300/300/300 313/313/313 314/314/314
f 315/315/315 311/311/311 309/309/309
f 309/309/309 314/314/314 315/315/315
f 316/316/316 312/312/312 311/311/311
f 311/311/311 315/315/315 316/316/316
f 305/305/305 317/317/317 313/313/313
f 305/305/305 306/306/306 317/317/317
f 314/314/314 313/313/313 318/318/318
f 313/313/313 317/317/317 318/318/318
f 315/315/315 314/314/314 319/319/319
f 314/314/314 318/318/318 319/319/319
f 312/312/312 320/320/320 310/310/310
f 316/316/316 320/320/320 312/312/312
f 316/316/316 315/315/315 321/321/321
f 315/315/315 319/319/319 321/321/321
f 316/316/316 322/322/322 320/320/320
f 322/322/322 316/316/316 321/321/321
f 317/317/317 306/306/306 323/323/323
f 318/318/318 317/317/317 324/324/324
f 317/317/317 323/323/323 324/324/324
f 319/319/319 318/318/318 325/325/325
f 318/318/318 324/324/324 325/325/325
f 321/321/321 319/319/319 326/326/326
f 319/319/319 325/325/325 326/326/326
f 321/321/321 327/327/327 322/322/322
f 327/327/327 321/321/321 326/326/326
f 306/306/306 328/328/328 323/323/323
f 306/306/306 259/259/259 328/328/328
f 323/323/323 329/329/329 324/324/324
f 325/325/325 324/324/324 329/329/329
f 323/323/323 328/328/328 330/330/330
f 323/323/323 330/330/330 329/329/329
f 259/259/259 331/331/331 328/328/328
f 216/216/216 331/331/331 259/259/259
f 328/328/328 332/332/332 330/330/330
f 328/328/328 331/331/331 332/332/332
f 333/333/333 331/331/331 216/216/216
f 204/204/204 333/333/333 216/216/216
f 333/333/333 204/204/204 197/197/197
f 331/331/331 333/333/333 334/334/334
f 331/331/331 334/334/334 332/332/332
f 197/197/197 335/335/335 333/333/333
f 333/333/333 335/335/335 334/334/334
f 196/196/196 335/335/335 197/197/197
f 335/335/335 196/196/196 336/336/336
f 335/335/335 336/336/336 334/334/334
f 196/196/196 203/203/203 336/336/336
f 334/334/334 337/337/337 332/332/332
f 334/334/334 336/336/336 337/337/337
f 336/336/336 203/203/203 338/338/338
f 336/336/336 338/338/338 337/337/337
f 203/203/203 202/202/202 338/338/338
f 330/330/330 332/332/332 339/339/339
f 332/332/332 337/337/337 339/339/339
f 337/337/337 338/338/338 340/340/340
f 339/339/339 337/337/337 340/340/340
f 202/202/202 341/341/341 338/338/338
f 338/338/338 341/341/341 340/340/340
f 202/202/202 200/200/200 341/341/341
f 342/342/342 330/330/330 339/339/339
f 329/329/329 330/330/330 342/342/342
f 343/343/343 339/339/339 340/340/340
f 342/342/342 339/339/339 343/343/343
f 344/344/344 340/340/340 341/341/341
f 343/343/343 340/340/340 344/344/344
f 345/345/345 341/341/341 200/200/200
f 345/345/345 344/344/344 341/341/341
f 201/201/201 345/345/345 200/200/200
f 329/329/329 342/342/342 346/346/346
f 343/343/343 347/347/347 342/342/342
f 347/347/347 346/346/346 342/342/342
f 343/343/343 344/344/344 348/348/348
f 343/343/343 348/348/348 347/347/347
f 344/344/344 345/345/345 349/349/349
f 344/344/344 349/349/349 348/348/348
f 350/350/350 345/345/345 201/201/201
f 345/345/345 350/350/350 349/349/349
f 350/350/350 201/201/201 351/351/351
f 352/352/352 351/351/351 201/201/201
f 349/349/349 350/350/350 353/353/353
f 350/350/350 351/351/351 353/353/353
f 348/348/348 349/349/349 354/354/354
f 349/349/349 353/353/353 354/354/354
f 347/347/347 348/348/348 355/355/355
f 354/354/354 355/355/355 348/348/348
f 351/351/351 352/352/352 356/356/356
f 357/357/357 356/356/356 352/352/352
f 353/353/353 351/351/351 358/358/358
f 356/356/356 358/358/358 351/351/351
f 354/354/354 353/353/353 359/359/359
f 358/358/358 359/359/359 353/353/353
f 360/360/360 356/356/356 357/357/357
f 361/361/361 360/360/360 357/357/357
f 362/362/362 358/358/358 356/356/356
f 362/362/362 356/356/356 360/360/360
f 363/363/363 360/360/360 361/361/361
f 364/364/364 363/363/363 361/361/361
f 365/365/365 363/363/363 364/364/364
f 366/366/366 365/365/365 364/364/364
f 365/365/365 367/367/367 363/363/363
f 363/363/363 368/368/368 360/360/360
f 367/367/367 368/368/368 363/363/363
f 368/368/368 362/362/362 360/360/360
f 369/369/369 368/368/368 367/367/367
f 368/368/368 369/369/369 362/362/362
f 367/367/367 370/370/370 369/369/369
f 362/362/362 371/371/371 358/358/358
f 359/359/359 358/358/358 371/371/371
f 369/369/369 371/371/371 362/362/362
f 372/372/372 369/369/369 370/370/370
f 370/370/370 373/373/373 372/372/372
f 374/374/374 371/371/371 369/369/369
f 371/371/371 374/374/374 359/359/359
f 369/369/369 372/372/372 374/374/374
f 375/375/375 372/372/372 373/373/373
f 373/373/373 376/376/376 375/375/375
f 377/377/377 359/359/359 374/374/374
f 354/354/354 359/359/359 377/377/377
f 377/377/377 355/355/355 354/354/354
f 378/378/378 374/374/374 372/372/372
f 377/377/377 374/374/374 378/378/378
f 372/372/372 375/375/375 378/378/378
f 376/376/376 379/379/379 375/375/375
f 380/380/380 379/379/379 376/376/376
f 355/355/355 377/377/377 381/381/381
f 378/378/378 381/381/381 377/377/377
f 382/382/382 378/378/378 375/375/375
f 379/379/379 382/382/382 375/375/375
f 383/383/383 379/379/379 380/380/380
f 380/380/380 384/384/384 383/383/383
f 381/381/381 385/385/385 355/355/355
f 347/347/347 355/355/355 385/385/385
f 346/346/346 347/347/347 385/385/385
f 386/386/386 381/381/381 378/378/378
f 385/385/385 381/381/381 386/386/386
f 382/382/382 386/386/386 378/378/378
f 387/387/387 382/382/382 379/379/379
f 387/387/387 379/379/379 383/383/383
f 346/346/346 385/385/385 388/388/388
f 386/386/386 388/388/388 385/385/385
f 389/389/389 386/386/386 382/382/382
f 387/387/387 389/389/389 382/382/382
f 388/388/388 386/386/386 389/389/389
f 390/390/390 346/346/346 388/388/388
f 346/346/346 390/390/390 329/329/329
f 325/325/325 329/329/329 390/390/390
f 390/390/390 388/388/388 391/391/391
f 389/389/389 391/391/391 388/388/388
f 325/325/325 390/390/390 392/392/392
f 392/392/392 390/390/390 391/391/391
f 326/326/326 325/325/325 392/392/392
f 393/393/393 391/391/391 389/389/389
f 391/391/391 393/393/393 392/392/392
f 394/394/394 389/389/389 387/387/387
f 389/389/389 394/394/394 393/393/393
f 392/392/392 395/395/395 326/326/326
f 395/395/395 392/392/392 393/393/393
f 394/394/394 387/387/387 396/396/396
f 396/396/396 387/387/387 383/383/383
f 397/397/397 326/326/326 395/395/395
f 326/326/326 397/397/397 327/327/327
f 393/393/393 398/398/398 395/395/395
f 394/394/394 399/399/399 393/393/393
f 399/399/399 398/398/398 393/393/393
f 396/396/396 400/400/400 394/394/394
f 400/400/400 399/399/399 394/394/394
f 396/396/396 383/383/383 401/401/401
f 401/401/401 400/400/400 396/396/396
f 383/383/383 402/402/402 401/401/401
f 384/384/384 402/402/402 383/383/383
f 403/403/403 402/402/402 384/384/384
f 404/404/404 401/401/401 402/402/402
f 400/400/400 401/401/401 404/404/404
f 403/403/403 405/405/405 402/402/402
f 402/402/402 405/405/405 404/404/404
f 406/406/406 405/405/405 403/403/403
f 406/406/406 407/407/407 405/405/405
f 407/407/407 408/408/408 405/405/405
f 405/405/405 408/408/408 404/404/404
f 407/407/407 409/409/409 408/408/408
f 404/404/404 410/410/410 400/400/400
f 408/408/408 410/410/410 404/404/404
f 409/409/409 411/411/411 408/408/408
f 408/408/408 411/411/411 410/410/410
f 412/412/412 411/411/411 409/409/409
f 410/410/410 413/413/413 400/400/400
f 400/400/400 413/413/413 399/399/399
f 411/411/411 414/414/414 410/410/410
f 410/410/410 414/414/414 413/413/413
f 412/412/412 415/415/415 411/411/411
f 415/415/415 414/414/414 411/411/411
f 415/415/415 412/412/412 416/416/416
f 399/399/399 413/413/413 417/417/417
f 399/399/399 417/417/417 398/398/398
f 414/414/414 418/418/418 413/413/413
f 413/413/413 418/418/418 417/417/417
f 415/415/415 416/416/416 419/419/419
f 416/416/416 420/420/420 419/419/419
f 415/415/415 421/421/421 414/414/414
f 421/421/421 418/418/418 414/414/414
f 421/421/421 415/415/415 419/419/419
f 421/421/421 422/422/422 418/418/418
f 418/418/418 422/422/422 417/417/417
f 422/422/422 421/421/421 419/419/419
f 420/420/420 423/423/423 419/419/419
f 424/424/424 423/423/423 420/420/420
f 425/425/425 422/422/422 419/419/419
f 419/419/419 423/423/423 425/425/425
f 422/422/422 426/426/426 417/417/417
f 426/426/426 422/422/422 425/425/425
f 417/417/417 427/427/427 398/398/398
f 417/417/417 426/426/426 427/427/427
f 424/424/424 428/428/428 423/423/423
f 424/424/424 429/429/429 428/428/428
f 429/429/429 430/430/430 428/428/428
f 423/423/423 431/431/431 425/425/425
f 428/428/428 431/431/431 423/423/423
f 425/425/425 432/432/432 426/426/426
f 425/425/425 431/431/431 432/432/432
f 428/428/428 430/430/430 433/433/433
f 433/433/433 430/430/430 434/434/434
f 431/431/431 428/428/428 435/435/435
f 431/431/431 435/435/435 432/432/432
f 428/428/428 433/433/433 435/435/435
f 433/433/433 434/434/434 436/436/436
f 436/436/436 434/434/434 437/437/437
f 438/438/438 435/435/435 433/433/433
f 433/433/433 436/436/436 438/438/438
f 436/436/436 437/437/437 439/439/439
f 439/439/439 437/437/437 440/440/440
f 432/432/432 441/441/441 426/426/426
f 426/426/426 441/441/441 427/427/427
f 432/432/432 435/435/435 442/442/442
f 442/442/442 435/435/435 438/438/438
f 438/438/438 436/436/436 443/443/443
f 443/443/443 436/436/436 439/439/439
f 439/439/439 440/440/440 444/444/444
f 444/444/444 440/440/440 445/445/445
f 441/441/441 432/432/432 446/446/446
f 432/432/432 442/442/442 446/446/446
f 427/427/427 441/441/441 447/447/447
f 441/441/441 446/446/446 447/447/447
f 448/448/448 442/442/442 438/438/438
f 438/438/438 443/443/443 448/448/448
f 449/449/449 443/443/443 439/439/439
f 439/439/439 444/444/444 449/449/449
f 450/450/450 444/444/444 445/445/445
f 445/445/445 451/451/451 450/450/450
f 450/450/450 451/451/451 452/452/452
f 446/446/446 442/442/442 453/453/453
f 442/442/442 448/448/448 453/453/453
f 443/443/443 454/454/454 448/448/448
f 454/454/454 443/443/443 449/449/449
f 455/455/455 449/449/449 444/444/444
f 444/444/444 450/450/450 455/455/455
f 452/452/452 456/456/456 450/450/450
f 456/456/456 452/452/452 457/457/457
f 446/446/446 453/453/453 458/458/458
f 447/447/447 446/446/446 458/458/458
f 453/453/453 448/448/448 459/459/459
f 448/448/448 454/454/454 459/459/459
f 454/454/454 449/449/449 460/460/460
f 460/460/460 449/449/449 455/455/455
f 461/461/461 455/455/455 450/450/450
f 450/450/450 456/456/456 461/461/461
f 458/458/458 453/453/453 462/462/462
f 453/453/453 459/459/459 462/462/462
f 463/463/463 459/459/459 454/454/454
f 454/454/454 460/460/460 463/463/463
f 460/460/460 455/455/455 464/464/464
f 464/464/464 455/455/455 461/461/461
f 462/462/462 459/459/459 465/465/465
f 465/465/465 459/459/459 463/463/463
f 466/466/466 463/463/463 460/460/460
f 460/460/460 464/464/464 466/466/466
f 467/467/467 465/465/465 463/463/463
f 463/463/463 466/466/466 467/467/467
f 462/462/462 465/465/465 468/468/468
f 468/468/468 465/465/465 467/467/467
f 458/458/458 462/462/462 469/469/469
f 468/468/468 469/469/469 462/462/462
f 469/469/469 470/470/470 458/458/458
f 447/447/447 458/458/458 470/470/470
f 471/471/471 447/447/447 470/470/470
f 427/427/427 447/447/447 471/471/471
f 398/398/398 427/427/427 471/471/471
f 398/398/398 471/471/471 395/395/395
f 395/395/395 471/471/471 397/397/397
f 471/471/471 470/470/470 397/397/397
f 397/397/397 470/470/470 469/469/469
f 469/469/469 327/327/327 397/397/397
f 327/327/327 469/469/469 468/468/468
f 468/468/468 322/322/322 327/327/327
f 322/322/322 468/468/468 472/472/472
f 472/472/472 468/468/468 467/467/467
f 320/320/320 322/322/322 472/472/472
f 472/472/472 467/467/467 473/473/473
f 473/473/473 467/467/467 466/466/466
f 320/320/320 472/472/472 474/474/474
f 472/472/472 473/473/473 474/474/474
f 310/310/310 320/320/320 474/474/474
f 310/310/310 474/474/474 475/475/475
f 310/310/310 475/475/475 304/304/304
f 466/466/466 476/476/476 473/473/473
f 476/476/476 466/466/466 464/464/464
f 474/474/474 473/473/473 477/477/477
f 474/474/474 477/477/477 475/475/475
f 304/304/304 475/475/475 478/478/478
f 303/303/303 304/304/304 478/478/478
f 464/464/464 479/479/479 476/476/476
f 464/464/464 461/461/461 479/479/479
f 473/473/473 476/476/476 480/480/480
f 477/477/477 473/473/473 480/480/480
f 480/480/480 476/476/476 479/479/479
f 475/475/475 477/477/477 481/481/481
f 475/475/475 481/481/481 478/478/478
f 478/478/478 482/482/482 303/303/303
f 482/482/482 302/302/302 303/303/303
f 479/479/479 461/461/461 483/483/483
f 483/483/483 461/461/461 456/456/456
f 477/477/477 480/480/480 484/484/484
f 477/477/477 484/484/484 481/481/481
f 479/479/479 485/485/485 480/480/480
f 485/485/485 479/479/479 483/483/483
f 480/480/480 485/485/485 484/484/484
f 478/478/478 481/481/481 486/486/486
f 482/482/482 478/478/478 486/486/486
f 302/302/302 482/482/482 487/487/487
f 488/488/488 302/302/302 487/487/487
f 456/456/456 489/489/489 483/483/483
f 457/457/457 489/489/489 456/456/456
f 457/457/457 490/490/490 489/489/489
f 457/457/457 491/491/491 490/490/490
f 489/489/489 492/492/492 483/483/483
f 483/483/483 492/492/492 493/493/493
f 483/483/483 493/493/493 485/485/485
f 493/493/493 492/492/492 494/494/494
f 495/495/495 485/485/485 493/493/493
f 484/484/484 485/485/485 495/495/495
f 493/493/493 494/494/494 496/496/496
f 496/496/496 495/495/495 493/493/493
f 496/496/496 494/494/494 497/497/497
f 496/496/496 497/497/497 498/498/498
f 484/484/484 495/495/495 499/499/499
f 499/499/499 495/495/495 496/496/496
f 500/500/500 496/496/496 498/498/498
f 499/499/499 496/496/496 500/500/500
f 500/500/500 498/498/498 501/501/501
f 484/484/484 499/499/499 502/502/502
f 481/481/481 484/484/484 502/502/502
f 481/481/481 502/502/502 486/486/486
f 499/499/499 503/503/503 502/502/502
f 486/486/486 502/502/502 503/503/503
f 499/499/499 500/500/500 504/504/504
f 504/504/504 503/503/503 499/499/499
f 505/505/505 486/486/486 503/503/503
f 482/482/482 486/486/486 505/505/505
f 482/482/482 505/505/505 487/487/487
f 505/505/505 503/503/503 506/506/506
f 504/504/504 506/506/506 503/503/503
f 487/487/487 505/505/505 507/507/507
f 505/505/505 506/506/506 507/507/507
f 508/508/508 500/500/500 501/501/501
f 504/504/504 500/500/500 508/508/508
f 509/509/509 506/506/506 504/504/504
f 507/507/507 506/506/506 509/509/509
f 510/510/510 507/507/507 509/509/509
f 507/507/507 511/511/511 487/487/487
f 510/510/510 511/511/511 507/507/507
f 511/511/511 488/488/488 487/487/487
f 512/512/512 488/488/488 511/511/511
f 513/513/513 509/509/509 504/504/504
f 504/504/504 508/508/508 513/513/513
f 511/511/511 514/514/514 512/512/512
f 515/515/515 512/512/512 514/514/514
f 510/510/510 516/516/516 511/511/511
f 516/516/516 514/514/514 511/511/511
f 517/517/517 515/515/515 514/514/514
f 518/518/518 515/515/515 517/517/517
f 519/519/519 514/514/514 516/516/516
f 517/517/517 514/514/514 519/519/519
f 509/509/509 513/513/513 520/520/520
f 520/520/520 510/510/510 509/509/509
f 519/519/519 516/516/516 521/521/521
f 510/510/510 521/521/521 516/516/516
f 510/510/510 522/522/522 521/521/521
f 523/523/523 519/519/519 521/521/521
f 521/521/521 522/522/522 523/523/523
f 519/519/519 524/524/524 517/517/517
f 524/524/524 519/519/519 523/523/523
f 525/525/525 518/518/518 517/517/517
f 525/525/525 517/517/517 524/524/524
f 510/510/510 520/520/520 526/526/526
f 526/526/526 522/522/522 510/510/510
f 518/518/518 525/525/525 527/527/527
f 527/527/527 280/280/280 518/518/518
f 280/280/280 527/527/527 279/279/279
f 528/528/528 524/524/524 523/523/523
f 529/529/529 525/525/525 524/524/524
f 529/529/529 524/524/524 528/528/528
f 530/530/530 527/527/527 525/525/525
f 525/525/525 529/529/529 530/530/530
f 531/531/531 279/279/279 527/527/527
f 527/527/527 530/530/530 531/531/531
f 523/523/523 522/522/522 532/532/532
f 528/528/528 523/523/523 532/532/532
f 279/279/279 531/531/531 533/533/533
f 533/533/533 276/276/276 279/279/279
f 276/276/276 533/533/533 278/278/278
f 534/534/534 530/530/530 529/529/529
f 535/535/535 529/529/529 528/528/528
f 529/529/529 535/535/535 534/534/534
f 536/536/536 531/531/531 530/530/530
f 530/530/530 534/534/534 536/536/536
f 537/537/537 533/533/533 531/531/531
f 531/531/531 536/536/536 537/537/537
f 538/538/538 278/278/278 533/533/533
f 533/533/533 537/537/537 538/538/538
f 539/539/539 528/528/528 532/532/532
f 528/528/528 539/539/539 535/535/535
f 278/278/278 538/538/538 540/540/540
f 540/540/540 251/251/251 278/278/278
f 251/251/251 540/540/540 248/248/248
f 538/538/538 541/541/541 540/540/540
f 540/540/540 541/541/541 248/248/248
f 542/542/542 538/538/538 537/537/537
f 538/538/538 542/542/542 541/541/541
f 537/537/537 543/543/543 542/542/542
f 543/543/543 537/537/537 536/536/536
f 536/536/536 544/544/544 543/543/543
f 544/544/544 536/536/536 534/534/534
f 534/534/534 545/545/545 544/544/544
f 545/545/545 534/534/534 535/535/535
f 535/535/535 546/546/546 545/545/545
f 546/546/546 535/535/535 539/539/539
f 539/539/539 547/547/547 546/546/546
f 547/547/547 539/539/539 532/532/532
f 532/532/532 548/548/548 547/547/547
f 548/548/548 532/532/532 522/522/522
f 549/549/549 548/548/548 522/522/522
f 550/550/550 548/548/548 549/549/549
f 551/551/551 549/549/549 522/522/522
f 551/551/551 522/522/522 526/526/526
f 552/552/552 550/550/550 549/549/549
f 552/552/552 549/549/549 551/551/551
f 553/553/553 550/550/550 552/552/552
f 554/554/554 553/553/553 552/552/552
f 555/555/555 553/553/553 554/554/554
f 556/556/556 552/552/552 551/551/551
f 554/554/554 552/552/552 556/556/556
f 526/526/526 557/557/557 551/551/551
f 551/551/551 557/557/557 556/556/556
f 558/558/558 555/555/555 554/554/554
f 559/559/559 555/555/555 558/558/558
f 554/554/554 556/556/556 560/560/560
f 558/558/558 554/554/554 560/560/560
f 561/561/561 559/559/559 558/558/558
f 562/562/562 559/559/559 561/561/561
f 563/563/563 560/560/560 556/556/556
f 556/556/556 557/557/557 563/563/563
f 558/558/558 560/560/560 564/564/564
f 561/561/561 558/558/558 564/564/564
f 564/564/564 560/560/560 563/563/563
f 557/557/557 526/526/526 565/565/565
f 520/520/520 565/565/565 526/526/526
f 561/561/561 566/566/566 562/562/562
f 567/567/567 562/562/562 566/566/566
f 564/564/564 568/568/568 561/561/561
f 566/566/566 561/561/561 568/568/568
f 563/563/563 557/557/557 569/569/569
f 557/557/557 565/565/565 569/569/569
f 520/520/520 570/570/570 565/565/565
f 513/513/513 570/570/570 520/520/520
f 571/571/571 564/564/564 563/563/563
f 568/568/568 564/564/564 571/571/571
f 563/563/563 569/569/569 572/572/572
f 571/571/571 563/563/563 572/572/572
f 573/573/573 572/572/572 569/569/569
f 574/574/574 569/569/569 565/565/565
f 565/565/565 570/570/570 574/574/574
f 569/569/569 574/574/574 573/573/573
f 570/570/570 513/513/513 575/575/575
f 513/513/513 508/508/508 575/575/575
f 576/576/576 571/571/571 572/572/572
f 576/576/576 572/572/572 573/573/573
f 568/568/568 571/571/571 577/577/577
f 577/577/577 571/571/571 576/576/576
f 570/570/570 575/575/575 578/578/578
f 570/570/570 578/578/578 574/574/574
f 575/575/575 508/508/508 579/579/579
f 575/575/575 579/579/579 578/578/578
f 508/508/508 501/501/501 579/579/579
f 501/501/501 580/580/580 579/579/579
f 501/501/501 581/581/581 580/580/580
f 580/580/580 582/582/582 579/579/579
f 579/579/579 582/582/582 578/578/578
f 583/583/583 578/578/578 582/582/582
f 574/574/574 578/578/578 583/583/583
f 583/583/583 584/584/584 574/574/574
f 584/584/584 573/573/573 574/574/574
f 585/585/585 573/573/573 584/584/584
f 586/586/586 573/573/573 585/585/585
f 573/573/573 586/586/586 587/587/587
f 588/588/588 587/587/587 586/586/586
f 576/576/576 573/573/573 587/587/587
f 589/589/589 587/587/587 588/588/588
f 590/590/590 576/576/576 587/587/587
f 590/590/590 577/577/577 576/576/576
f 577/577/577 590/590/590 591/591/591
f 589/589/589 592/592/592 587/587/587
f 587/587/587 592/592/592 590/590/590
f 590/590/590 592/592/592 591/591/591
f 593/593/593 592/592/592 589/589/589
f 591/591/591 592/592/592 593/593/593
f 591/591/591 593/593/593 594/594/594
f 594/594/594 245/245/245 591/591/591
f 595/595/595 577/577/577 591/591/591
f 595/595/595 568/568/568 577/577/577
f 595/595/595 566/566/566 568/568/568
f 245/245/245 596/596/596 591/591/591
f 591/591/591 596/596/596 595/595/595
f 245/245/245 244/244/244 596/596/596
f 597/597/597 566/566/566 595/595/595
f 597/597/597 595/595/595 596/596/596
f 566/566/566 597/597/597 567/567/567
f 244/244/244 598/598/598 596/596/596
f 598/598/598 597/597/597 596/596/596
f 567/567/567 597/597/597 598/598/598
f 598/598/598 244/244/244 248/248/248
f 567/567/567 598/598/598 541/541/541
f 541/541/541 598/598/598 248/248/248
f 601/601/601 600/600/600 599/599/599
f 601/601/601 599/599/599 602/602/602
f 601/601/601 602/602/602 603/603/603
f 604/604/604 603/603/603 602/602/602
f 603/603/603 604/604/604 605/605/605
f 603/603/603 605/605/605 606/606/606
f 607/607/607 606/606/606 605/605/605
f 608/608/608 606/606/606 607/607/607
f 607/607/607 609/609/609 608/608/608
f 610/610/610 608/608/608 609/609/609
f 613/613/613 612/612/612 611/611/611
f 612/612/612 614/614/614 611/611/611
f 614/614/614 615/615/615 611/611/611
f 615/615/615 616/616/616 611/611/611
f 611/611/611 616/616/616 617/617/617
f 616/616/616 618/618/618 617/617/617
f 618/618/618 619/619/619 617/617/617
f 617/617/617 619/619/619 620/620/620
f 617/617/617 620/620/620 621/621/621
f 622/622/622 621/621/621 620/620/620
f 622/622/622 620/620/620 623/623/623
f 620/620/620 624/624/624 623/623/623
f 624/624/624 625/625/625 623/623/623
f 626/626/626 623/623/623 625/625/625
f 627/627/627 623/623/623 626/626/626
f 630/630/630 629/629/629 628/628/628
f 628/628/628 629/629/629 631/631/631
f 628/628/628 631/631/631 632/632/632
f 629/629/629 633/633/633 631/631/631
f 632/632/632 631/631/631 633/633/633
f 634/634/634 633/633/633 629/629/629
f 633/633/633 635/635/635 632/632/632
f 632/632/632 635/635/635 636/636/636
f 637/637/637 633/633/633 634/634/634
f 633/633/633 637/637/637 635/635/635
f 637/637/637 634/634/634 638/638/638
f 639/639/639 637/637/637 638/638/638
f 635/635/635 637/637/637 639/639/639
f 639/639/639 638/638/638 640/640/640
f 635/635/635 641/641/641 636/636/636
f 639/639/639 641/641/641 635/635/635
f 642/642/642 639/639/639 640/640/640
f 640/640/640 643/643/643 642/642/642
f 644/644/644 641/641/641 639/639/639
f 639/639/639 642/642/642 644/644/644
f 641/641/641 644/644/644 636/636/636
f 645/645/645 642/642/642 643/643/643
f 642/642/642 645/645/645 644/644/644
f 643/643/643 646/646/646 645/645/645
f 644/644/644 647/647/647 636/636/636
f 645/645/645 647/647/647 644/644/644
f 648/648/648 645/645/645 646/646/646
f 648/648/648 647/647/647 645/645/645
f 646/646/646 649/649/649 648/648/648
f 649/649/649 650/650/650 648/648/648
f 648/648/648 650/650/650 647/647/647
f 649/649/649 651/651/651 650/650/650
f 652/652/652 650/650/650 651/651/651
f 647/647/647 653/653/653 636/636/636
f 650/650/650 653/653/653 647/647/647
f 653/653/653 654/654/654 636/636/636
f 652/652/652 655/655/655 650/650/650
f 650/650/650 655/655/655 653/653/653
f 653/653/653 655/655/655 654/654/654
f 655/655/655 652/652/652 656/656/656
f 655/655/655 657/657/657 654/654/654
f 656/656/656 657/657/657 655/655/655
f 657/657/657 658/658/658 654/654/654
f 658/658/658 657/657/657 656/656/656
f 661/661/661 660/660/660 659/659/659
f 660/660/660 662/662/662 659/659/659
f 663/663/663 659/659/659 662/662/662
f 662/662/662 660/660/660 664/664/664
f 664/664/664 660/660/660 665/665/665
f 660/660/660 666/666/666 665/665/665
f 665/665/665 666/666/666 667/667/667
f 664/664/664 668/668/668 662/662/662
f 665/665/665 669/669/669 664/664/664
f 670/670/670 665/665/665 667/667/667
f 670/670/670 669/669/669 665/665/665
f 667/667/667 671/671/671 670/670/670
f 670/670/670 671/671/671 672/672/672
f 669/669/669 670/670/670 673/673/673
f 672/672/672 674/674/674 670/670/670
f 673/673/673 670/670/670 674/674/674
f 674/674/674 675/675/675 673/673/673
f 676/676/676 662/662/662 668/668/668
f 662/662/662 676/676/676 663/663/663
f 668/668/668 677/677/677 676/676/676
f 676/676/676 678/678/678 663/663/663
f 677/677/677 678/678/678 676/676/676
f 678/678/678 679/679/679 663/663/663
f 679/679/679 678/678/678 680/680/680
f 681/681/681 678/678/678 677/677/677
f 680/680/680 678/678/678 681/681/681
f 681/681/681 677/677/677 682/682/682
f 681/681/681 683/683/683 680/680/680
f 682/682/682 684/684/684 681/681/681
f 683/683/683 681/681/681 684/684/684
f 684/684/684 682/682/682 685/685/685
f 684/684/684 686/686/686 683/683/683
f 684/684/684 685/685/685 686/686/686
f 675/675/675 674/674/674 687/687/687
f 688/688/688 675/675/675 687/687/687
f 688/688/688 687/687/687 689/689/689
f 689/689/689 690/690/690 688/688/688
f 687/687/687 674/674/674 691/691/691
f 674/674/674 692/692/692 691/691/691
f 693/693/693 692/692/692 674/674/674
f 687/687/687 691/691/691 694/694/694
f 694/694/694 689/689/689 687/687/687
f 691/691/691 695/695/695 694/694/694
f 694/694/694 696/696/696 689/689/689
f 689/689/689 696/696/696 697/697/697
f 698/698/698 697/697/697 696/696/696
f 689/689/689 697/697/697 699/699/699
f 699/699/699 700/700/700 689/689/689
f 699/699/699 697/697/697 701/701/701
f 704/704/704 703/703/703 702/702/702
f 702/702/702 705/705/705 704/704/704
f 708/708/708 707/707/707 706/706/706
f 709/709/709 707/707/707 708/708/708
f 712/712/712 711/711/711 710/710/710
f 711/711/711 713/713/713 710/710/710
f 714/714/714 713/713/713 711/711/711
f 715/715/715 713/713/713 714/714/714
f 718/718/718 717/717/717 716/716/716
f 716/716/716 719/719/719 718/718/718
f 718/718/718 719/719/719 720/720/720
f 720/720/720 721/721/721 718/718/718
f 716/716/716 722/722/722 719/719/719
f 722/722/722 716/716/716 723/723/723
f 723/723/723 724/724/724 722/722/722
f 722/722/722 724/724/724 725/725/725
f 722/722/722 726/726/726 719/719/719
f 725/725/725 726/726/726 722/722/722
f 719/719/719 726/726/726 720/720/720
f 726/726/726 725/725/725 727/727/727
f 721/721/721 720/720/720 728/728/728
f 728/728/728 729/729/729 721/721/721
f 728/728/728 730/730/730 729/729/729
f 720/720/720 726/726/726 731/731/731
f 727/727/727 731/731/731 726/726/726
f 728/728/728 720/720/720 731/731/731
f 728/728/728 732/732/732 730/730/730
f 732/732/732 728/728/728 731/731/731
f 730/730/730 732/732/732 733/733/733
f 732/732/732 734/734/734 733/733/733
f 731/731/731 727/727/727 735/735/735
f 731/731/731 735/735/735 732/732/732
f 727/727/727 736/736/736 735/735/735
f 732/732/732 737/737/737 734/734/734
f 737/737/737 732/732/732 735/735/735
f 734/734/734 737/737/737 738/738/738
f 737/737/737 739/739/739 738/738/738
f 735/735/735 736/736/736 740/740/740
f 735/735/735 740/740/740 737/737/737
f 736/736/736 741/741/741 740/740/740
f 737/737/737 742/742/742 739/739/739
f 742/742/742 737/737/737 740/740/740
f 742/742/742 743/743/743 739/739/739
f 740/740/740 741/741/741 744/744/744
f 740/740/740 744/744/744 742/742/742
f 744/744/744 741/741/741 745/745/745
f 742/742/742 746/746/746 743/743/743
f 746/746/746 742/742/742 744/744/744
f 746/746/746 747/747/747 743/743/743
f 745/745/745 748/748/748 744/744/744
f 744/744/744 748/748/748 746/746/746
f 748/748/748 745/745/745 749/749/749
f 750/750/750 747/747/747 746/746/746
f 747/747/747 750/750/750 751/751/751
f 752/752/752 751/751/751 750/750/750
f 746/746/746 748/748/748 753/753/753
f 749/749/749 753/753/753 748/748/748
f 753/753/753 750/750/750 746/746/746
f 754/754/754 753/753/753 749/749/749
f 753/753/753 754/754/754 750/750/750
f 749/749/749 755/755/755 754/754/754
f 754/754/754 755/755/755 756/756/756
f 757/757/757 752/752/752 750/750/750
f 754/754/754 757/757/757 750/750/750
f 756/756/756 757/757/757 754/754/754
f 752/752/752 757/757/757 758/758/758
f 758/758/758 757/757/757 756/756/756
f 761/761/761 760/760/760 759/759/759
f 759/759/759 762/762/762 761/761/761
f 761/761/761 762/762/762 763/763/763
f 763/763/763 764/764/764 761/761/761
f 765/765/765 764/764/764 763/763/763
f 759/759/759 766/766/766 762/762/762
f 762/762/762 766/766/766 763/763/763
f 766/766/766 759/759/759 767/767/767
f 768/768/768 765/765/765 763/763/763
f 766/766/766 768/768/768 763/763/763
f 769/769/769 765/765/765 768/768/768
f 767/767/767 770/770/770 766/766/766
f 766/766/766 770/770/770 768/768/768
f 770/770/770 767/767/767 771/771/771
f 770/770/770 771/771/771 772/772/772
f 768/768/768 773/773/773 769/769/769
f 773/773/773 768/768/768 770/770/770
f 774/774/774 769/769/769 773/773/773
f 772/772/772 775/775/775 770/770/770
f 775/775/775 773/773/773 770/770/770
f 775/775/775 772/772/772 776/776/776
f 773/773/773 777/777/777 774/774/774
f 777/777/777 773/773/773 775/775/775
f 776/776/776 778/778/778 775/775/775
f 778/778/778 777/777/777 775/775/775
f 778/778/778 776/776/776 779/779/779
f 774/774/774 777/777/777 780/780/780
f 780/780/780 777/777/777 778/778/778
f 780/780/780 781/781/781 774/774/774
f 779/779/779 782/782/782 778/778/778
f 782/782/782 780/780/780 778/778/778
f 782/782/782 779/779/779 783/783/783
f 781/781/781 780/780/780 784/784/784
f 780/780/780 782/782/782 784/784/784
f 784/784/784 785/785/785 781/781/781
f 783/783/783 786/786/786 782/782/782
f 784/784/784 782/782/782 786/786/786
f 786/786/786 783/783/783 787/787/787
f 785/785/785 784/784/784 788/788/788
f 786/786/786 788/788/788 784/784/784
f 788/788/788 789/789/789 785/785/785
f 789/789/789 788/788/788 790/790/790
f 790/790/790 788/788/788 786/786/786
f 790/790/790 791/791/791 789/789/789
f 787/787/787 792/792/792 786/786/786
f 786/786/786 792/792/792 790/790/790
f 792/792/792 787/787/787 793/793/793
f 793/793/793 794/794/794 792/792/792
f 792/792/792 794/794/794 790/790/790
f 795/795/795 794/794/794 793/793/793
f 790/790/790 796/796/796 791/791/791
f 794/794/794 796/796/796 790/790/790
f 796/796/796 797/797/797 791/791/791
f 796/796/796 794/794/794 797/797/797
f 797/797/797 794/794/794 798/798/798
f 798/798/798 794/794/794 795/795/795
f 799/799/799 798/798/798 795/795/795
f 802/802/802 801/801/801 800/800/800
f 803/803/803 801/801/801 802/802/802
f 802/802/802 804/804/804 803/803/803
f 803/803/803 804/804/804 805/805/805
f 805/805/805 806/806/806 803/803/803
f 806/806/806 805/805/805 807/807/807
f 805/805/805 808/808/808 807/807/807
f 807/807/807 808/808/808 809/809/809
f 808/808/808 810/810/810 809/809/809
f 809/809/809 810/810/810 811/811/811
f 810/810/810 812/812/812 811/811/811
f 811/811/811 812/812/812 813/813/813
f 816/816/816 815/815/815 814/814/814
f 816/816/816 817/817/817 815/815/815
f 817/817/817 818/818/818 815/815/815
f 816/816/816 819/819/819 817/817/817
f 817/817/817 820/820/820 818/818/818
f 820/820/820 821/821/821 818/818/818
f 819/819/819 822/822/822 817/817/817
f 817/817/817 822/822/822 820/820/820
f 823/823/823 822/822/822 819/819/819
f 824/824/824 821/821/821 820/820/820
f 824/824/824 820/820/820 822/822/822
f 821/821/821 824/824/824 825/825/825
f 823/823/823 826/826/826 822/822/822
f 824/824/824 822/822/822 826/826/826
f 827/827/827 825/825/825 824/824/824
f 826/826/826 827/827/827 824/824/824
f 825/825/825 827/827/827 828/828/828
f 829/829/829 828/828/828 827/827/827
f 827/827/827 830/830/830 829/829/829
f 830/830/830 827/827/827 826/826/826
f 829/829/829 830/830/830 831/831/831
f 832/832/832 826/826/826 823/823/823
f 826/826/826 832/832/832 830/830/830
f 823/823/823 833/833/833 832/832/832
f 834/834/834 831/831/831 830/830/830
f 834/834/834 830/830/830 832/832/832
f 835/835/835 832/832/832 833/833/833
f 832/832/832 835/835/835 834/834/834
f 833/833/833 836/836/836 835/835/835
f 831/831/831 834/834/834 837/837/837
f 837/837/837 834/834/834 835/835/835
f 837/837/837 838/838/838 831/831/831
f 838/838/838 837/837/837 839/839/839
f 840/840/840 839/839/839 837/837/837
f 841/841/841 835/835/835 836/836/836
f 835/835/835 841/841/841 837/837/837
f 837/837/837 841/841/841 840/840/840
f 836/836/836 842/842/842 841/841/841
f 840/840/840 841/841/841 842/842/842
f 842/842/842 843/843/843 840/840/840
f 846/846/846 845/845/845 844/844/844
f 844/844/844 847/847/847 846/846/846
f 848/848/848 846/846/846 847/847/847
f 847/847/847 844/844/844 849/849/849
f 847/847/847 850/850/850 848/848/848
f 851/851/851 848/848/848 850/850/850
f 849/849/849 852/852/852 847/847/847
f 850/850/850 847/847/847 852/852/852
f 849/849/849 853/853/853 852/852/852
f 850/850/850 854/854/854 851/851/851
f 855/855/855 851/851/851 854/854/854
f 852/852/852 853/853/853 856/856/856
f 856/856/856 853/853/853 857/857/857
f 850/850/850 852/852/852 858/858/858
f 852/852/852 856/856/856 858/858/858
f 854/854/854 850/850/850 858/858/858
f 857/857/857 859/859/859 856/856/856
f 858/858/858 856/856/856 859/859/859
f 859/859/859 857/857/857 860/860/860
f 854/854/854 861/861/861 855/855/855
f 862/862/862 855/855/855 861/861/861
f 858/858/858 863/863/863 854/854/854
f 859/859/859 863/863/863 858/858/858
f 861/861/861 854/854/854 863/863/863
f 860/860/860 864/864/864 859/859/859
f 863/863/863 859/859/859 864/864/864
f 861/861/861 865/865/865 862/862/862
f 866/866/866 862/862/862 865/865/865
f 863/863/863 867/867/867 861/861/861
f 864/864/864 867/867/867 863/863/863
f 865/865/865 861/861/861 867/867/867
f 868/868/868 864/864/864 860/860/860
f 860/860/860 869/869/869 868/868/868
f 870/870/870 867/867/867 864/864/864
f 867/867/867 870/870/870 865/865/865
f 864/864/864 868/868/868 870/870/870
f 865/865/865 871/871/871 866/866/866
f 871/871/871 865/865/865 870/870/870
f 872/872/872 868/868/868 869/869/869
f 869/869/869 873/873/873 872/872/872
f 874/874/874 870/870/870 868/868/868
f 870/870/870 874/874/874 871/871/871
f 868/868/868 872/872/872 874/874/874
f 866/866/866 871/871/871 875/875/875
f 876/876/876 866/866/866 875/875/875
f 871/871/871 874/874/874 877/877/877
f 874/874/874 872/872/872 877/877/877
f 875/875/875 871/871/871 877/877/877
f 872/872/872 873/873/873 878/878/878
f 878/878/878 877/877/877 872/872/872
f 879/879/879 878/878/878 873/873/873
f 880/880/880 877/877/877 878/878/878
f 879/879/879 880/880/880 878/878/878
f 877/877/877 880/880/880 875/875/875
f 881/881/881 880/880/880 879/879/879
f 876/876/876 875/875/875 882/882/882
f 882/882/882 875/875/875 880/880/880
f 882/882/882 880/880/880 881/881/881
f 883/883/883 876/876/876 882/882/882
f 881/881/881 884/884/884 882/882/882
f 885/885/885 883/883/883 882/882/882
f 882/882/882 884/884/884 885/885/885
f 888/888/888 887/887/887 886/886/886
f 886/886/886 889/889/889 888/888/888
f 890/890/890 888/888/888 889/889/889
f 890/890/890 891/891/891 888/888/888
f 892/892/892 891/891/891 890/890/890
f 893/893/893 889/889/889 886/886/886
f 894/894/894 893/893/893 886/886/886
f 893/893/893 894/894/894 895/895/895
f 896/896/896 890/890/890 889/889/889
f 896/896/896 889/889/889 893/893/893
f 895/895/895 897/897/897 893/893/893
f 898/898/898 897/897/897 895/895/895
f 899/899/899 896/896/896 893/893/893
f 893/893/893 897/897/897 899/899/899
f 898/898/898 900/900/900 897/897/897
f 901/901/901 900/900/900 898/898/898
f 897/897/897 900/900/900 902/902/902
f 902/902/902 899/899/899 897/897/897
f 901/901/901 903/903/903 900/900/900
f 902/902/902 900/900/900 903/903/903
f 903/903/903 901/901/901 904/904/904
f 904/904/904 905/905/905 903/903/903
f 903/903/903 905/905/905 906/906/906
f 906/906/906 907/907/907 903/903/903
f 903/903/903 907/907/907 902/902/902
f 907/907/907 906/906/906 908/908/908
f 908/908/908 909/909/909 907/907/907
f 907/907/907 909/909/909 902/902/902
f 909/909/909 908/908/908 910/910/910
f 909/909/909 911/911/911 902/902/902
f 899/899/899 902/902/902 911/911/911
f 911/911/911 912/912/912 899/899/899
f 896/896/896 899/899/899 912/912/912
f 912/912/912 913/913/913 896/896/896
f 896/896/896 913/913/913 890/890/890
f 913/913/913 914/914/914 890/890/890
f 890/890/890 914/914/914 892/892/892
f 915/915/915 892/892/892 914/914/914
f 916/916/916 892/892/892 915/915/915
f 917/917/917 916/916/916 915/915/915
f 918/918/918 916/916/916 917/917/917
f 917/917/917 915/915/915 919/919/919
f 917/917/917 920/920/920 918/918/918
f 921/921/921 918/918/918 920/920/920
f 922/922/922 917/917/917 919/919/919
f 920/920/920 917/917/917 922/922/922
f 923/923/923 922/922/922 919/919/919
f 919/919/919 924/924/924 923/923/923
f 925/925/925 923/923/923 924/924/924
f 924/924/924 926/926/926 925/925/925
f 927/927/927 923/923/923 925/925/925
f 922/922/922 923/923/923 927/927/927
f 925/925/925 928/928/928 927/927/927
f 922/922/922 929/929/929 920/920/920
f 927/927/927 929/929/929 922/922/922
f 930/930/930 927/927/927 928/928/928
f 928/928/928 931/931/931 930/930/930
f 932/932/932 929/929/929 927/927/927
f 920/920/920 929/929/929 932/932/932
f 927/927/927 930/930/930 932/932/932
f 920/920/920 933/933/933 921/921/921
f 932/932/932 933/933/933 920/920/920
f 930/930/930 931/931/931 934/934/934
f 935/935/935 934/934/934 931/931/931
f 936/936/936 932/932/932 930/930/930
f 933/933/933 932/932/932 936/936/936
f 930/930/930 934/934/934 936/936/936
f 937/937/937 921/921/921 933/933/933
f 936/936/936 937/937/937 933/933/933
f 921/921/921 937/937/937 938/938/938
f 934/934/934 935/935/935 939/939/939
f 936/936/936 934/934/934 939/939/939
f 940/940/940 939/939/939 935/935/935
f 940/940/940 941/941/941 939/939/939
f 942/942/942 938/938/938 937/937/937
f 942/942/942 943/943/943 938/938/938
f 943/943/943 942/942/942 944/944/944
f 937/937/937 936/936/936 945/945/945
f 945/945/945 942/942/942 937/937/937
f 939/939/939 945/945/945 936/936/936
f 944/944/944 942/942/942 945/945/945
f 939/939/939 941/941/941 946/946/946
f 945/945/945 939/939/939 946/946/946
f 947/947/947 946/946/946 941/941/941
f 948/948/948 946/946/946 947/947/947
f 945/945/945 949/949/949 944/944/944
f 946/946/946 949/949/949 945/945/945
f 948/948/948 949/949/949 946/946/946
f 950/950/950 944/944/944 949/949/949
f 950/950/950 949/949/949 948/948/948
f 953/953/953 952/952/952 951/951/951
f 951/951/951 954/954/954 953/953/953
f 951/951/951 955/955/955 954/954/954
f 956/956/956 953/953/953 954/954/954
f 956/956/956 957/957/957 953/953/953
f 955/955/955 958/958/958 954/954/954
f 954/954/954 958/958/958 956/956/956
f 959/959/959 957/957/957 956/956/956
f 957/957/957 959/959/959 960/960/960
f 961/961/961 958/958/958 955/955/955
f 955/955/955 962/962/962 961/961/961
f 962/962/962 963/963/963 961/961/961
f 963/963/963 964/964/964 961/961/961
f 961/961/961 964/964/964 965/965/965
f 958/958/958 961/961/961 965/965/965
f 965/965/965 964/964/964 966/966/966
f 958/958/958 967/967/967 956/956/956
f 965/965/965 967/967/967 958/958/958
f 956/956/956 967/967/967 968/968/968
f 967/967/967 965/965/965 968/968/968
f 968/968/968 959/959/959 956/956/956
f 969/969/969 960/960/960 959/959/959
f 960/960/960 969/969/969 970/970/970
f 966/966/966 971/971/971 965/965/965
f 971/971/971 968/968/968 965/965/965
f 959/959/959 968/968/968 972/972/972
f 972/972/972 969/969/969 959/959/959
f 968/968/968 971/971/971 972/972/972
f 973/973/973 970/970/970 969/969/969
f 969/969/969 972/972/972 973/973/973
f 970/970/970 973/973/973 974/974/974
f 975/975/975 974/974/974 973/973/973
f 976/976/976 971/971/971 966/966/966
f 976/976/976 972/972/972 971/971/971
f 977/977/977 976/976/976 966/966/966
f 978/978/978 973/973/973 972/972/972
f 972/972/972 976/976/976 978/978/978
f 973/973/973 979/979/979 975/975/975
f 979/979/979 973/973/973 978/978/978
f 979/979/979 980/980/980 975/975/975
f 980/980/980 979/979/979 981/981/981
f 976/976/976 977/977/977 982/982/982
f 982/982/982 978/978/978 976/976/976
f 983/983/983 982/982/982 977/977/977
f 984/984/984 982/982/982 983/983/983
f 978/978/978 982/982/982 984/984/984
f 985/985/985 981/981/981 979/979/979
f 978/978/978 985/985/985 979/979/979
f 984/984/984 985/985/985 978/978/978
f 985/985/985 986/986/986 981/981/981
f 984/984/984 986/986/986 985/985/985
f 989/989/989 988/988/988 987/987/987
f 988/988/988 990/990/990 987/987/987
f 988/988/988 991/991/991 990/990/990
f 991/991/991 992/992/992 990/990/990
f 992/992/992 991/991/991 993/993/993
f 993/993/993 994/994/994 992/992/992
f 994/994/994 993/993/993 995/995/995
f 994/994/994 995/995/995 996/996/996
f 996/996/996 995/995/995 997/997/997
f 996/996/996 997/997/997 998/998/998
f 998/998/998 997/997/997 999/999/999
f 999/999/999 1000/1000/1000 998/998/998
f 1003/1003/1003 1002/1002/1002 1001/1001/1001
f 1004/1004/1004 1001/1001/1001 1002/1002/1002
f 1005/1005/1005 1001/1001/1001 1004/1004/1004
f 1006/1006/1006 1005/1005/1005 1004/1004/1004
f 1005/1005/1005 1006/1006/1006 1007/1007/1007
f 1008/1008/1008 1004/1004/1004 1002/1002/1002
f 1006/1006/1006 1004/1004/1004 1008/1008/1008
f 1009/1009/1009 1007/1007/1007 1006/1006/1006
f 1007/1007/1007 1009/1009/1009 1010/1010/1010
f 1002/1002/1002 1011/1011/1011 1008/1008/1008
f 1011/1011/1011 1002/1002/1002 1012/1012/1012
f 1012/1012/1012 1013/1013/1013 1011/1011/1011
f 1013/1013/1013 1012/1012/1012 1014/1014/1014
f 1014/1014/1014 1015/1015/1015 1013/1013/1013
f 1014/1014/1014 1016/1016/1016 1015/1015/1015
f 1011/1011/1011 1013/1013/1013 1017/1017/1017
f 1017/1017/1017 1013/1013/1013 1015/1015/1015
f 1006/1006/1006 1008/1008/1008 1018/1018/1018
f 1019/1019/1019 1008/1008/1008 1011/1011/1011
f 1008/1008/1008 1019/1019/1019 1018/1018/1018
f 1006/1006/1006 1018/1018/1018 1020/1020/1020
f 1020/1020/1020 1009/1009/1009 1006/1006/1006
f 1017/1017/1017 1021/1021/1021 1011/1011/1011
f 1011/1011/1011 1021/1021/1021 1019/1019/1019
f 1022/1022/1022 1018/1018/1018 1019/1019/1019
f 1018/1018/1018 1022/1022/1022 1020/1020/1020
f 1023/1023/1023 1019/1019/1019 1021/1021/1021
f 1019/1019/1019 1023/1023/1023 1022/1022/1022
f 1015/1015/1015 1024/1024/1024 1017/1017/1017
f 1021/1021/1021 1017/1017/1017 1025/1025/1025
f 1025/1025/1025 1017/1017/1017 1024/1024/1024
f 1021/1021/1021 1026/1026/1026 1023/1023/1023
f 1025/1025/1025 1026/1026/1026 1021/1021/1021
f 1024/1024/1024 1015/1015/1015 1027/1027/1027
f 1015/1015/1015 1016/1016/1016 1027/1027/1027
f 1009/1009/1009 1020/1020/1020 1028/1028/1028
f 1029/1029/1029 1020/1020/1020 1022/1022/1022
f 1020/1020/1020 1029/1029/1029 1028/1028/1028
f 1030/1030/1030 1022/1022/1022 1023/1023/1023
f 1022/1022/1022 1030/1030/1030 1029/1029/1029
f 1031/1031/1031 1023/1023/1023 1026/1026/1026
f 1023/1023/1023 1031/1031/1031 1030/1030/1030
f 1028/1028/1028 1032/1032/1032 1009/1009/1009
f 1032/1032/1032 1010/1010/1010 1009/1009/1009
f 1010/1010/1010 1032/1032/1032 1033/1033/1033
f 1033/1033/1033 1034/1034/1034 1010/1010/1010
f 1034/1034/1034 1033/1033/1033 1035/1035/1035
f 1036/1036/1036 1033/1033/1033 1032/1032/1032
f 1032/1032/1032 1028/1028/1028 1036/1036/1036
f 1033/1033/1033 1037/1037/1037 1035/1035/1035
f 1033/1033/1033 1036/1036/1036 1037/1037/1037
f 1038/1038/1038 1035/1035/1035 1037/1037/1037
f 1039/1039/1039 1038/1038/1038 1037/1037/1037
f 1039/1039/1039 1037/1037/1037 1040/1040/1040
f 1036/1036/1036 1040/1040/1040 1037/1037/1037
f 1040/1040/1040 1041/1041/1041 1039/1039/1039
f 1042/1042/1042 1036/1036/1036 1028/1028/1028
f 1036/1036/1036 1042/1042/1042 1040/1040/1040
f 1041/1041/1041 1040/1040/1040 1043/1043/1043
f 1043/1043/1043 1040/1040/1040 1042/1042/1042
f 1043/1043/1043 1044/1044/1044 1041/1041/1041
f 1045/1045/1045 1044/1044/1044 1043/1043/1043
f 1028/1028/1028 1046/1046/1046 1042/1042/1042
f 1046/1046/1046 1028/1028/1028 1029/1029/1029
f 1043/1043/1043 1047/1047/1047 1045/1045/1045
f 1048/1048/1048 1045/1045/1045 1047/1047/1047
f 1043/1043/1043 1042/1042/1042 1049/1049/1049
f 1049/1049/1049 1042/1042/1042 1046/1046/1046
f 1049/1049/1049 1047/1047/1047 1043/1043/1043
f 1029/1029/1029 1050/1050/1050 1046/1046/1046
f 1050/1050/1050 1029/1029/1029 1030/1030/1030
f 1048/1048/1048 1047/1047/1047 1051/1051/1051
f 1048/1048/1048 1051/1051/1051 1052/1052/1052
f 1052/1052/1052 1051/1051/1051 1053/1053/1053
f 1054/1054/1054 1053/1053/1053 1051/1051/1051
f 1055/1055/1055 1051/1051/1051 1047/1047/1047
f 1051/1051/1051 1055/1055/1055 1054/1054/1054
f 1047/1047/1047 1049/1049/1049 1055/1055/1055
f 1056/1056/1056 1054/1054/1054 1055/1055/1055
f 1046/1046/1046 1057/1057/1057 1049/1049/1049
f 1055/1055/1055 1049/1049/1049 1057/1057/1057
f 1057/1057/1057 1046/1046/1046 1050/1050/1050
f 1055/1055/1055 1058/1058/1058 1056/1056/1056
f 1057/1057/1057 1058/1058/1058 1055/1055/1055
f 1056/1056/1056 1058/1058/1058 1059/1059/1059
f 1058/1058/1058 1057/1057/1057 1060/1060/1060
f 1060/1060/1060 1059/1059/1059 1058/1058/1058
f 1050/1050/1050 1060/1060/1060 1057/1057/1057
f 1059/1059/1059 1060/1060/1060 1061/1061/1061
f 1060/1060/1060 1050/1050/1050 1062/1062/1062
f 1062/1062/1062 1061/1061/1061 1060/1060/1060
f 1030/1030/1030 1062/1062/1062 1050/1050/1050
f 1061/1061/1061 1062/1062/1062 1063/1063/1063
f 1062/1062/1062 1030/1030/1030 1031/1031/1031
f 1031/1031/1031 1063/1063/1063 1062/1062/1062
f 1063/1063/1063 1031/1031/1031 1064/1064/1064
f 1064/1064/1064 1065/1065/1065 1063/1063/1063
f 1026/1026/1026 1064/1064/1064 1031/1031/1031
f 1066/1066/1066 1065/1065/1065 1064/1064/1064
f 1067/1067/1067 1064/1064/1064 1026/1026/1026
f 1064/1064/1064 1067/1067/1067 1066/1066/1066
f 1026/1026/1026 1025/1025/1025 1067/1067/1067
f 1068/1068/1068 1066/1066/1066 1067/1067/1067
f 1068/1068/1068 1067/1067/1067 1025/1025/1025
f 1068/1068/1068 1069/1069/1069 1066/1066/1066
f 1025/1025/1025 1070/1070/1070 1068/1068/1068
f 1024/1024/1024 1070/1070/1070 1025/1025/1025
f 1071/1071/1071 1069/1069/1069 1068/1068/1068
f 1071/1071/1071 1072/1072/1072 1069/1069/1069
f 1073/1073/1073 1072/1072/1072 1071/1071/1071
f 1070/1070/1070 1024/1024/1024 1074/1074/1074
f 1027/1027/1027 1074/1074/1074 1024/1024/1024
f 1075/1075/1075 1068/1068/1068 1070/1070/1070
f 1075/1075/1075 1071/1071/1071 1068/1068/1068
f 1074/1074/1074 1075/1075/1075 1070/1070/1070
f 1071/1071/1071 1076/1076/1076 1073/1073/1073
f 1076/1076/1076 1071/1071/1071 1075/1075/1075
f 1077/1077/1077 1075/1075/1075 1074/1074/1074
f 1075/1075/1075 1077/1077/1077 1076/1076/1076
f 1073/1073/1073 1076/1076/1076 1078/1078/1078
f 1078/1078/1078 1076/1076/1076 1077/1077/1077
f 1078/1078/1078 1079/1079/1079 1073/1073/1073
f 1080/1080/1080 1074/1074/1074 1027/1027/1027
f 1074/1074/1074 1080/1080/1080 1077/1077/1077
f 1079/1079/1079 1078/1078/1078 1081/1081/1081
f 1081/1081/1081 1082/1082/1082 1079/1079/1079
f 1077/1077/1077 1083/1083/1083 1078/1078/1078
f 1083/1083/1083 1077/1077/1077 1080/1080/1080
f 1027/1027/1027 1084/1084/1084 1080/1080/1080
f 1084/1084/1084 1027/1027/1027 1016/1016/1016
f 1082/1082/1082 1081/1081/1081 1085/1085/1085
f 1085/1085/1085 1086/1086/1086 1082/1082/1082
f 1086/1086/1086 1085/1085/1085 1087/1087/1087
f 1088/1088/1088 1081/1081/1081 1078/1078/1078
f 1078/1078/1078 1083/1083/1083 1088/1088/1088
f 1080/1080/1080 1089/1089/1089 1083/1083/1083
f 1089/1089/1089 1080/1080/1080 1084/1084/1084
f 1087/1087/1087 1085/1085/1085 1090/1090/1090
f 1087/1087/1087 1090/1090/1090 1091/1091/1091
f 1092/1092/1092 1085/1085/1085 1081/1081/1081
f 1081/1081/1081 1088/1088/1088 1092/1092/1092
f 1093/1093/1093 1088/1088/1088 1083/1083/1083
f 1083/1083/1083 1089/1089/1089 1093/1093/1093
f 1091/1091/1091 1090/1090/1090 1094/1094/1094
f 1095/1095/1095 1091/1091/1091 1094/1094/1094
f 1094/1094/1094 1096/1096/1096 1095/1095/1095
f 1096/1096/1096 1094/1094/1094 1097/1097/1097
f 1097/1097/1097 1094/1094/1094 1090/1090/1090
f 1097/1097/1097 1098/1098/1098 1096/1096/1096
f 1097/1097/1097 1099/1099/1099 1098/1098/1098
f 1100/1100/1100 1090/1090/1090 1085/1085/1085
f 1090/1090/1090 1100/1100/1100 1097/1097/1097
f 1085/1085/1085 1092/1092/1092 1100/1100/1100
f 1097/1097/1097 1101/1101/1101 1099/1099/1099
f 1101/1101/1101 1097/1097/1097 1100/1100/1100
f 1101/1101/1101 1102/1102/1102 1099/1099/1099
f 1103/1103/1103 1100/1100/1100 1092/1092/1092
f 1100/1100/1100 1103/1103/1103 1101/1101/1101
f 1101/1101/1101 1104/1104/1104 1102/1102/1102
f 1103/1103/1103 1104/1104/1104 1101/1101/1101
f 1104/1104/1104 1105/1105/1105 1102/1102/1102
f 1092/1092/1092 1106/1106/1106 1103/1103/1103
f 1106/1106/1106 1092/1092/1092 1088/1088/1088
f 1088/1088/1088 1093/1093/1093 1106/1106/1106
f 1107/1107/1107 1104/1104/1104 1103/1103/1103
f 1106/1106/1106 1107/1107/1107 1103/1103/1103
f 1108/1108/1108 1106/1106/1106 1093/1093/1093
f 1108/1108/1108 1107/1107/1107 1106/1106/1106
f 1109/1109/1109 1104/1104/1104 1107/1107/1107
f 1105/1105/1105 1104/1104/1104 1109/1109/1109
f 1107/1107/1107 1110/1110/1110 1109/1109/1109
f 1110/1110/1110 1107/1107/1107 1108/1108/1108
f 1093/1093/1093 1111/1111/1111 1108/1108/1108
f 1111/1111/1111 1093/1093/1093 1089/1089/1089
f 1109/1109/1109 1112/1112/1112 1105/1105/1105
f 1112/1112/1112 1109/1109/1109 1110/1110/1110
f 1108/1108/1108 1113/1113/1113 1110/1110/1110
f 1113/1113/1113 1108/1108/1108 1111/1111/1111
f 1089/1089/1089 1114/1114/1114 1111/1111/1111
f 1084/1084/1084 1114/1114/1114 1089/1089/1089
f 1105/1105/1105 1112/1112/1112 1115/1115/1115
f 1115/1115/1115 1116/1116/1116 1105/1105/1105
f 1110/1110/1110 1117/1117/1117 1112/1112/1112
f 1115/1115/1115 1112/1112/1112 1117/1117/1117
f 1117/1117/1117 1110/1110/1110 1113/1113/1113
f 1117/1117/1117 1118/1118/1118 1115/1115/1115
f 1118/1118/1118 1117/1117/1117 1119/1119/1119
f 1113/1113/1113 1119/1119/1119 1117/1117/1117
f 1119/1119/1119 1120/1120/1120 1118/1118/1118
f 1120/1120/1120 1119/1119/1119 1121/1121/1121
f 1119/1119/1119 1122/1122/1122 1121/1121/1121
f 1119/1119/1119 1113/1113/1113 1122/1122/1122
f 1123/1123/1123 1121/1121/1121 1122/1122/1122
f 1113/1113/1113 1124/1124/1124 1122/1122/1122
f 1111/1111/1111 1124/1124/1124 1113/1113/1113
f 1111/1111/1111 1114/1114/1114 1124/1124/1124
f 1122/1122/1122 1125/1125/1125 1123/1123/1123
f 1125/1125/1125 1122/1122/1122 1124/1124/1124
f 1126/1126/1126 1123/1123/1123 1125/1125/1125
f 1124/1124/1124 1114/1114/1114 1127/1127/1127
f 1124/1124/1124 1127/1127/1127 1125/1125/1125
f 1125/1125/1125 1128/1128/1128 1126/1126/1126
f 1128/1128/1128 1125/1125/1125 1127/1127/1127
f 1129/1129/1129 1126/1126/1126 1128/1128/1128
f 1128/1128/1128 1130/1130/1130 1129/1129/1129
f 1128/1128/1128 1016/1016/1016 1130/1130/1130
f 1131/1131/1131 1127/1127/1127 1114/1114/1114
f 1127/1127/1127 1131/1131/1131 1128/1128/1128
f 1131/1131/1131 1016/1016/1016 1128/1128/1128
f 1114/1114/1114 1084/1084/1084 1131/1131/1131
f 1016/1016/1016 1131/1131/1131 1084/1084/1084
f 1134/1134/1134 1133/1133/1133 1132/1132/1132
f 1135/1135/1135 1134/1134/1134 1132/1132/1132
f 1135/1135/1135 1132/1132/1132 1136/1136/1136
f 1137/1137/1137 1134/1134/1134 1135/1135/1135
f 1138/1138/1138 1135/1135/1135 1136/1136/1136
f 1138/1138/1138 1136/1136/1136 1139/1139/1139
f 1135/1135/1135 1140/1140/1140 1137/1137/1137
f 1140/1140/1140 1135/1135/1135 1138/1138/1138
f 1137/1137/1137 1140/1140/1140 1141/1141/1141
f 1139/1139/1139 1142/1142/1142 1138/1138/1138
f 1142/1142/1142 1139/1139/1139 1143/1143/1143
f 1144/1144/1144 1141/1141/1141 1140/1140/1140
f 1141/1141/1141 1144/1144/1144 1145/1145/1145
f 1138/1138/1138 1146/1146/1146 1140/1140/1140
f 1146/1146/1146 1138/1138/1138 1142/1142/1142
f 1144/1144/1144 1140/1140/1140 1146/1146/1146
f 1147/1147/1147 1142/1142/1142 1143/1143/1143
f 1147/1147/1147 1143/1143/1143 1148/1148/1148
f 1149/1149/1149 1145/1145/1145 1144/1144/1144
f 1145/1145/1145 1149/1149/1149 1150/1150/1150
f 1151/1151/1151 1146/1146/1146 1142/1142/1142
f 1151/1151/1151 1142/1142/1142 1147/1147/1147
f 1146/1146/1146 1152/1152/1152 1144/1144/1144
f 1149/1149/1149 1144/1144/1144 1152/1152/1152
f 1146/1146/1146 1151/1151/1151 1152/1152/1152
f 1153/1153/1153 1147/1147/1147 1148/1148/1148
f 1153/1153/1153 1148/1148/1148 1154/1154/1154
f 1150/1150/1150 1149/1149/1149 1155/1155/1155
f 1156/1156/1156 1150/1150/1150 1155/1155/1155
f 1152/1152/1152 1157/1157/1157 1149/1149/1149
f 1149/1149/1149 1157/1157/1157 1155/1155/1155
f 1158/1158/1158 1152/1152/1152 1151/1151/1151
f 1157/1157/1157 1152/1152/1152 1158/1158/1158
f 1147/1147/1147 1159/1159/1159 1151/1151/1151
f 1159/1159/1159 1147/1147/1147 1153/1153/1153
f 1158/1158/1158 1151/1151/1151 1159/1159/1159
f 1154/1154/1154 1160/1160/1160 1153/1153/1153
f 1160/1160/1160 1154/1154/1154 1161/1161/1161
f 1155/1155/1155 1162/1162/1162 1156/1156/1156
f 1163/1163/1163 1156/1156/1156 1162/1162/1162
f 1164/1164/1164 1155/1155/1155 1157/1157/1157
f 1155/1155/1155 1164/1164/1164 1162/1162/1162
f 1153/1153/1153 1165/1165/1165 1159/1159/1159
f 1165/1165/1165 1153/1153/1153 1160/1160/1160
f 1158/1158/1158 1166/1166/1166 1157/1157/1157
f 1157/1157/1157 1166/1166/1166 1164/1164/1164
f 1161/1161/1161 1167/1167/1167 1160/1160/1160
f 1160/1160/1160 1168/1168/1168 1165/1165/1165
f 1168/1168/1168 1160/1160/1160 1167/1167/1167
f 1169/1169/1169 1167/1167/1167 1161/1161/1161
f 1161/1161/1161 1170/1170/1170 1169/1169/1169
f 1171/1171/1171 1168/1168/1168 1167/1167/1167
f 1167/1167/1167 1169/1169/1169 1171/1171/1171
f 1169/1169/1169 1170/1170/1170 1172/1172/1172
f 1170/1170/1170 1173/1173/1173 1172/1172/1172
f 1172/1172/1172 1173/1173/1173 1174/1174/1174
f 1169/1169/1169 1175/1175/1175 1171/1171/1171
f 1172/1172/1172 1175/1175/1175 1169/1169/1169
f 1176/1176/1176 1171/1171/1171 1175/1175/1175
f 1168/1168/1168 1171/1171/1171 1177/1177/1177
f 1177/1177/1177 1171/1171/1171 1176/1176/1176
f 1165/1165/1165 1168/1168/1168 1178/1178/1178
f 1177/1177/1177 1178/1178/1178 1168/1168/1168
f 1174/1174/1174 1179/1179/1179 1172/1172/1172
f 1179/1179/1179 1174/1174/1174 1180/1180/1180
f 1172/1172/1172 1181/1181/1181 1175/1175/1175
f 1172/1172/1172 1179/1179/1179 1181/1181/1181
f 1176/1176/1176 1175/1175/1175 1181/1181/1181
f 1176/1176/1176 1181/1181/1181 1182/1182/1182
f 1183/1183/1183 1179/1179/1179 1180/1180/1180
f 1179/1179/1179 1183/1183/1183 1181/1181/1181
f 1183/1183/1183 1182/1182/1182 1181/1181/1181
f 1184/1184/1184 1183/1183/1183 1180/1180/1180
f 1183/1183/1183 1184/1184/1184 1185/1185/1185
f 1183/1183/1183 1185/1185/1185 1182/1182/1182
f 1186/1186/1186 1185/1185/1185 1184/1184/1184
f 1186/1186/1186 1182/1182/1182 1185/1185/1185
f 1184/1184/1184 1187/1187/1187 1186/1186/1186
f 1188/1188/1188 1186/1186/1186 1187/1187/1187
f 1187/1187/1187 1189/1189/1189 1188/1188/1188
f 1188/1188/1188 1189/1189/1189 1190/1190/1190
f 1190/1190/1190 1189/1189/1189 1191/1191/1191
f 1190/1190/1190 1191/1191/1191 1192/1192/1192
f 1190/1190/1190 1192/1192/1192 1193/1193/1193
f 1192/1192/1192 1191/1191/1191 1194/1194/1194
f 1188/1188/1188 1190/1190/1190 1195/1195/1195
f 1193/1193/1193 1195/1195/1195 1190/1190/1190
f 1186/1186/1186 1188/1188/1188 1196/1196/1196
f 1195/1195/1195 1196/1196/1196 1188/1188/1188
f 1192/1192/1192 1194/1194/1194 1197/1197/1197
f 1197/1197/1197 1194/1194/1194 1198/1198/1198
f 1197/1197/1197 1198/1198/1198 1199/1199/1199
f 1182/1182/1182 1186/1186/1186 1200/1200/1200
f 1196/1196/1196 1200/1200/1200 1186/1186/1186
f 1196/1196/1196 1195/1195/1195 1201/1201/1201
f 1193/1193/1193 1201/1201/1201 1195/1195/1195
f 1193/1193/1193 1202/1202/1202 1201/1201/1201
f 1200/1200/1200 1196/1196/1196 1203/1203/1203
f 1203/1203/1203 1196/1196/1196 1201/1201/1201
f 1182/1182/1182 1200/1200/1200 1204/1204/1204
f 1203/1203/1203 1204/1204/1204 1200/1200/1200
f 1192/1192/1192 1197/1197/1197 1205/1205/1205
f 1205/1205/1205 1193/1193/1193 1192/1192/1192
f 1199/1199/1199 1206/1206/1206 1197/1197/1197
f 1199/1199/1199 1207/1207/1207 1206/1206/1206
f 1202/1202/1202 1208/1208/1208 1201/1201/1201
f 1203/1203/1203 1201/1201/1201 1208/1208/1208
f 1204/1204/1204 1209/1209/1209 1182/1182/1182
f 1182/1182/1182 1209/1209/1209 1176/1176/1176
f 1205/1205/1205 1197/1197/1197 1210/1210/1210
f 1197/1197/1197 1206/1206/1206 1210/1210/1210
f 1211/1211/1211 1193/1193/1193 1205/1205/1205
f 1193/1193/1193 1212/1212/1212 1202/1202/1202
f 1211/1211/1211 1212/1212/1212 1193/1193/1193
f 1211/1211/1211 1205/1205/1205 1213/1213/1213
f 1213/1213/1213 1205/1205/1205 1210/1210/1210
f 1214/1214/1214 1212/1212/1212 1211/1211/1211
f 1213/1213/1213 1214/1214/1214 1211/1211/1211
f 1204/1204/1204 1203/1203/1203 1215/1215/1215
f 1209/1209/1209 1204/1204/1204 1216/1216/1216
f 1215/1215/1215 1216/1216/1216 1204/1204/1204
f 1216/1216/1216 1217/1217/1217 1209/1209/1209
f 1176/1176/1176 1209/1209/1209 1217/1217/1217
f 1203/1203/1203 1218/1218/1218 1215/1215/1215
f 1208/1208/1208 1218/1218/1218 1203/1203/1203
f 1219/1219/1219 1216/1216/1216 1215/1215/1215
f 1217/1217/1217 1216/1216/1216 1219/1219/1219
f 1217/1217/1217 1220/1220/1220 1176/1176/1176
f 1177/1177/1177 1176/1176/1176 1220/1220/1220
f 1219/1219/1219 1221/1221/1221 1217/1217/1217
f 1220/1220/1220 1217/1217/1217 1221/1221/1221
f 1220/1220/1220 1222/1222/1222 1177/1177/1177
f 1178/1178/1178 1177/1177/1177 1222/1222/1222
f 1208/1208/1208 1223/1223/1223 1218/1218/1218
f 1224/1224/1224 1223/1223/1223 1208/1208/1208
f 1202/1202/1202 1224/1224/1224 1208/1208/1208
f 1225/1225/1225 1224/1224/1224 1202/1202/1202
f 1223/1223/1223 1226/1226/1226 1218/1218/1218
f 1225/1225/1225 1202/1202/1202 1227/1227/1227
f 1218/1218/1218 1226/1226/1226 1228/1228/1228
f 1218/1218/1218 1228/1228/1228 1215/1215/1215
f 1226/1226/1226 1229/1229/1229 1228/1228/1228
f 1227/1227/1227 1202/1202/1202 1230/1230/1230
f 1230/1230/1230 1202/1202/1202 1212/1212/1212
f 1227/1227/1227 1230/1230/1230 1231/1231/1231
f 1232/1232/1232 1230/1230/1230 1212/1212/1212
f 1232/1232/1232 1231/1231/1231 1230/1230/1230
f 1233/1233/1233 1231/1231/1231 1232/1232/1232
f 1214/1214/1214 1232/1232/1232 1212/1212/1212
f 1234/1234/1234 1233/1233/1233 1232/1232/1232
f 1234/1234/1234 1232/1232/1232 1214/1214/1214
f 1235/1235/1235 1234/1234/1234 1214/1214/1214
f 1236/1236/1236 1234/1234/1234 1235/1235/1235
f 1235/1235/1235 1214/1214/1214 1213/1213/1213
f 1228/1228/1228 1229/1229/1229 1237/1237/1237
f 1238/1238/1238 1237/1237/1237 1229/1229/1229
f 1237/1237/1237 1238/1238/1238 1239/1239/1239
f 1240/1240/1240 1236/1236/1236 1235/1235/1235
f 1236/1236/1236 1240/1240/1240 1241/1241/1241
f 1242/1242/1242 1235/1235/1235 1213/1213/1213
f 1240/1240/1240 1235/1235/1235 1242/1242/1242
f 1237/1237/1237 1243/1243/1243 1228/1228/1228
f 1243/1243/1243 1215/1215/1215 1228/1228/1228
f 1215/1215/1215 1243/1243/1243 1219/1219/1219
f 1239/1239/1239 1244/1244/1244 1237/1237/1237
f 1243/1243/1243 1237/1237/1237 1244/1244/1244
f 1245/1245/1245 1244/1244/1244 1239/1239/1239
f 1246/1246/1246 1241/1241/1241 1240/1240/1240
f 1247/1247/1247 1241/1241/1241 1246/1246/1246
f 1219/1219/1219 1243/1243/1243 1248/1248/1248
f 1244/1244/1244 1248/1248/1248 1243/1243/1243
f 1244/1244/1244 1245/1245/1245 1249/1249/1249
f 1248/1248/1248 1244/1244/1244 1249/1249/1249
f 1250/1250/1250 1249/1249/1249 1245/1245/1245
f 1248/1248/1248 1251/1251/1251 1219/1219/1219
f 1221/1221/1221 1219/1219/1219 1251/1251/1251
f 1249/1249/1249 1252/1252/1252 1248/1248/1248
f 1252/1252/1252 1251/1251/1251 1248/1248/1248
f 1253/1253/1253 1249/1249/1249 1250/1250/1250
f 1253/1253/1253 1252/1252/1252 1249/1249/1249
f 1246/1246/1246 1240/1240/1240 1254/1254/1254
f 1254/1254/1254 1240/1240/1240 1242/1242/1242
f 1246/1246/1246 1255/1255/1255 1247/1247/1247
f 1256/1256/1256 1247/1247/1247 1255/1255/1255
f 1257/1257/1257 1253/1253/1253 1250/1250/1250
f 1250/1250/1250 1258/1258/1258 1257/1257/1257
f 1259/1259/1259 1257/1257/1257 1258/1258/1258
f 1258/1258/1258 1260/1260/1260 1259/1259/1259
f 1260/1260/1260 1261/1261/1261 1259/1259/1259
f 1253/1253/1253 1257/1257/1257 1262/1262/1262
f 1259/1259/1259 1262/1262/1262 1257/1257/1257
f 1263/1263/1263 1252/1252/1252 1253/1253/1253
f 1262/1262/1262 1263/1263/1263 1253/1253/1253
f 1254/1254/1254 1264/1264/1264 1246/1246/1246
f 1255/1255/1255 1246/1246/1246 1264/1264/1264
f 1259/1259/1259 1261/1261/1261 1265/1265/1265
f 1266/1266/1266 1265/1265/1265 1261/1261/1261
f 1259/1259/1259 1265/1265/1265 1267/1267/1267
f 1266/1266/1266 1267/1267/1267 1265/1265/1265
f 1268/1268/1268 1252/1252/1252 1263/1263/1263
f 1268/1268/1268 1251/1251/1251 1252/1252/1252
f 1259/1259/1259 1269/1269/1269 1262/1262/1262
f 1259/1259/1259 1267/1267/1267 1269/1269/1269
f 1270/1270/1270 1251/1251/1251 1268/1268/1268
f 1251/1251/1251 1270/1270/1270 1221/1221/1221
f 1271/1271/1271 1221/1221/1221 1270/1270/1270
f 1221/1221/1221 1271/1271/1271 1220/1220/1220
f 1272/1272/1272 1220/1220/1220 1271/1271/1271
f 1222/1222/1222 1220/1220/1220 1272/1272/1272
f 1266/1266/1266 1273/1273/1273 1267/1267/1267
f 1274/1274/1274 1269/1269/1269 1267/1267/1267
f 1273/1273/1273 1274/1274/1274 1267/1267/1267
f 1273/1273/1273 1266/1266/1266 1275/1275/1275
f 1266/1266/1266 1276/1276/1276 1275/1275/1275
f 1276/1276/1276 1277/1277/1277 1275/1275/1275
f 1276/1276/1276 1278/1278/1278 1277/1277/1277
f 1279/1279/1279 1277/1277/1277 1278/1278/1278
f 1280/1280/1280 1279/1279/1279 1278/1278/1278
f 1280/1280/1280 1281/1281/1281 1279/1279/1279
f 1256/1256/1256 1281/1281/1281 1280/1280/1280
f 1256/1256/1256 1282/1282/1282 1281/1281/1281
f 1255/1255/1255 1282/1282/1282 1256/1256/1256
f 1282/1282/1282 1255/1255/1255 1283/1283/1283
f 1264/1264/1264 1283/1283/1283 1255/1255/1255
f 1284/1284/1284 1273/1273/1273 1275/1275/1275
f 1274/1274/1274 1273/1273/1273 1285/1285/1285
f 1285/1285/1285 1273/1273/1273 1284/1284/1284
f 1275/1275/1275 1277/1277/1277 1286/1286/1286
f 1286/1286/1286 1284/1284/1284 1275/1275/1275
f 1277/1277/1277 1287/1287/1287 1286/1286/1286
f 1279/1279/1279 1288/1288/1288 1277/1277/1277
f 1288/1288/1288 1287/1287/1287 1277/1277/1277
f 1289/1289/1289 1279/1279/1279 1281/1281/1281
f 1279/1279/1279 1289/1289/1289 1288/1288/1288
f 1290/1290/1290 1281/1281/1281 1282/1282/1282
f 1281/1281/1281 1290/1290/1290 1289/1289/1289
f 1291/1291/1291 1288/1288/1288 1289/1289/1289
f 1291/1291/1291 1287/1287/1287 1288/1288/1288
f 1292/1292/1292 1287/1287/1287 1291/1291/1291
f 1289/1289/1289 1293/1293/1293 1291/1291/1291
f 1290/1290/1290 1293/1293/1293 1289/1289/1289
f 1292/1292/1292 1291/1291/1291 1293/1293/1293
f 1282/1282/1282 1294/1294/1294 1290/1290/1290
f 1283/1283/1283 1294/1294/1294 1282/1282/1282
f 1293/1293/1293 1290/1290/1290 1295/1295/1295
f 1294/1294/1294 1295/1295/1295 1290/1290/1290
f 1292/1292/1292 1293/1293/1293 1296/1296/1296
f 1295/1295/1295 1296/1296/1296 1293/1293/1293
f 1294/1294/1294 1283/1283/1283 1297/1297/1297
f 1295/1295/1295 1294/1294/1294 1298/1298/1298
f 1297/1297/1297 1298/1298/1298 1294/1294/1294
f 1296/1296/1296 1295/1295/1295 1299/1299/1299
f 1299/1299/1299 1295/1295/1295 1298/1298/1298
f 1300/1300/1300 1297/1297/1297 1283/1283/1283
f 1283/1283/1283 1264/1264/1264 1300/1300/1300
f 1301/1301/1301 1300/1300/1300 1264/1264/1264
f 1264/1264/1264 1254/1254/1254 1301/1301/1301
f 1302/1302/1302 1301/1301/1301 1254/1254/1254
f 1254/1254/1254 1242/1242/1242 1302/1302/1302
f 1303/1303/1303 1302/1302/1302 1242/1242/1242
f 1242/1242/1242 1213/1213/1213 1303/1303/1303
f 1210/1210/1210 1303/1303/1303 1213/1213/1213
f 1302/1302/1302 1303/1303/1303 1304/1304/1304
f 1304/1304/1304 1303/1303/1303 1210/1210/1210
f 1301/1301/1301 1302/1302/1302 1305/1305/1305
f 1305/1305/1305 1302/1302/1302 1304/1304/1304
f 1305/1305/1305 1306/1306/1306 1301/1301/1301
f 1300/1300/1300 1301/1301/1301 1306/1306/1306
f 1306/1306/1306 1307/1307/1307 1300/1300/1300
f 1297/1297/1297 1300/1300/1300 1307/1307/1307
f 1307/1307/1307 1308/1308/1308 1297/1297/1297
f 1298/1298/1298 1297/1297/1297 1308/1308/1308
f 1309/1309/1309 1298/1298/1298 1308/1308/1308
f 1299/1299/1299 1298/1298/1298 1309/1309/1309
f 1309/1309/1309 1310/1310/1310 1299/1299/1299
f 1296/1296/1296 1299/1299/1299 1310/1310/1310
f 1311/1311/1311 1296/1296/1296 1310/1310/1310
f 1296/1296/1296 1311/1311/1311 1292/1292/1292
f 1311/1311/1311 1312/1312/1312 1292/1292/1292
f 1313/1313/1313 1312/1312/1312 1311/1311/1311
f 1312/1312/1312 1313/1313/1313 1314/1314/1314
f 1315/1315/1315 1314/1314/1314 1313/1313/1313
f 1312/1312/1312 1316/1316/1316 1292/1292/1292
f 1316/1316/1316 1312/1312/1312 1314/1314/1314
f 1314/1314/1314 1315/1315/1315 1317/1317/1317
f 1318/1318/1318 1317/1317/1317 1315/1315/1315
f 1292/1292/1292 1316/1316/1316 1319/1319/1319
f 1292/1292/1292 1319/1319/1319 1287/1287/1287
f 1314/1314/1314 1320/1320/1320 1316/1316/1316
f 1314/1314/1314 1317/1317/1317 1320/1320/1320
f 1317/1317/1317 1318/1318/1318 1321/1321/1321
f 1322/1322/1322 1321/1321/1321 1318/1318/1318
f 1323/1323/1323 1319/1319/1319 1316/1316/1316
f 1323/1323/1323 1316/1316/1316 1320/1320/1320
f 1320/1320/1320 1317/1317/1317 1324/1324/1324
f 1317/1317/1317 1321/1321/1321 1324/1324/1324
f 1321/1321/1321 1322/1322/1322 1325/1325/1325
f 1325/1325/1325 1322/1322/1322 1326/1326/1326
f 1324/1324/1324 1327/1327/1327 1320/1320/1320
f 1323/1323/1323 1320/1320/1320 1327/1327/1327
f 1324/1324/1324 1321/1321/1321 1328/1328/1328
f 1321/1321/1321 1325/1325/1325 1328/1328/1328
f 1324/1324/1324 1328/1328/1328 1327/1327/1327
f 1326/1326/1326 1329/1329/1329 1325/1325/1325
f 1329/1329/1329 1326/1326/1326 1330/1330/1330
f 1328/1328/1328 1325/1325/1325 1331/1331/1331
f 1325/1325/1325 1329/1329/1329 1331/1331/1331
f 1328/1328/1328 1332/1332/1332 1327/1327/1327
f 1328/1328/1328 1331/1331/1331 1332/1332/1332
f 1319/1319/1319 1323/1323/1323 1333/1333/1333
f 1323/1323/1323 1327/1327/1327 1334/1334/1334
f 1323/1323/1323 1334/1334/1334 1333/1333/1333
f 1335/1335/1335 1327/1327/1327 1332/1332/1332
f 1327/1327/1327 1335/1335/1335 1334/1334/1334
f 1334/1334/1334 1335/1335/1335 1336/1336/1336
f 1332/1332/1332 1337/1337/1337 1335/1335/1335
f 1335/1335/1335 1337/1337/1337 1336/1336/1336
f 1332/1332/1332 1331/1331/1331 1338/1338/1338
f 1337/1337/1337 1332/1332/1332 1338/1338/1338
f 1329/1329/1329 1339/1339/1339 1331/1331/1331
f 1331/1331/1331 1339/1339/1339 1338/1338/1338
f 1340/1340/1340 1338/1338/1338 1339/1339/1339
f 1338/1338/1338 1341/1341/1341 1337/1337/1337
f 1341/1341/1341 1338/1338/1338 1340/1340/1340
f 1329/1329/1329 1342/1342/1342 1339/1339/1339
f 1330/1330/1330 1342/1342/1342 1329/1329/1329
f 1337/1337/1337 1341/1341/1341 1343/1343/1343
f 1343/1343/1343 1336/1336/1336 1337/1337/1337
f 1339/1339/1339 1342/1342/1342 1344/1344/1344
f 1339/1339/1339 1344/1344/1344 1340/1340/1340
f 1342/1342/1342 1330/1330/1330 1345/1345/1345
f 1342/1342/1342 1345/1345/1345 1344/1344/1344
f 1304/1304/1304 1345/1345/1345 1330/1330/1330
f 1345/1345/1345 1304/1304/1304 1210/1210/1210
f 1206/1206/1206 1345/1345/1345 1210/1210/1210
f 1345/1345/1345 1206/1206/1206 1344/1344/1344
f 1206/1206/1206 1207/1207/1207 1344/1344/1344
f 1340/1340/1340 1344/1344/1344 1207/1207/1207
f 1207/1207/1207 1346/1346/1346 1340/1340/1340
f 1347/1347/1347 1340/1340/1340 1346/1346/1346
f 1348/1348/1348 1341/1341/1341 1340/1340/1340
f 1348/1348/1348 1340/1340/1340 1347/1347/1347
f 1348/1348/1348 1343/1343/1343 1341/1341/1341
f 1348/1348/1348 1347/1347/1347 1349/1349/1349
f 1348/1348/1348 1349/1349/1349 1343/1343/1343
f 1343/1343/1343 1349/1349/1349 1350/1350/1350
f 1343/1343/1343 1350/1350/1350 1351/1351/1351
f 1351/1351/1351 1336/1336/1336 1343/1343/1343
f 1352/1352/1352 1336/1336/1336 1351/1351/1351
f 1336/1336/1336 1352/1352/1352 1353/1353/1353
f 1353/1353/1353 1354/1354/1354 1336/1336/1336
f 1336/1336/1336 1354/1354/1354 1334/1334/1334
f 1353/1353/1353 1355/1355/1355 1354/1354/1354
f 1334/1334/1334 1354/1354/1354 1333/1333/1333
f 1354/1354/1354 1355/1355/1355 1356/1356/1356
f 1356/1356/1356 1355/1355/1355 1357/1357/1357
f 1358/1358/1358 1333/1333/1333 1354/1354/1354
f 1356/1356/1356 1358/1358/1358 1354/1354/1354
f 1357/1357/1357 1359/1359/1359 1356/1356/1356
f 1357/1357/1357 1360/1360/1360 1359/1359/1359
f 1358/1358/1358 1361/1361/1361 1333/1333/1333
f 1333/1333/1333 1361/1361/1361 1319/1319/1319
f 1319/1319/1319 1361/1361/1361 1287/1287/1287
f 1362/1362/1362 1358/1358/1358 1356/1356/1356
f 1359/1359/1359 1362/1362/1362 1356/1356/1356
f 1360/1360/1360 1363/1363/1363 1359/1359/1359
f 1364/1364/1364 1363/1363/1363 1360/1360/1360
f 1365/1365/1365 1287/1287/1287 1361/1361/1361
f 1286/1286/1286 1287/1287/1287 1365/1365/1365
f 1358/1358/1358 1366/1366/1366 1361/1361/1361
f 1366/1366/1366 1358/1358/1358 1362/1362/1362
f 1361/1361/1361 1366/1366/1366 1365/1365/1365
f 1367/1367/1367 1362/1362/1362 1359/1359/1359
f 1363/1363/1363 1367/1367/1367 1359/1359/1359
f 1367/1367/1367 1366/1366/1366 1362/1362/1362
f 1368/1368/1368 1286/1286/1286 1365/1365/1365
f 1368/1368/1368 1284/1284/1284 1286/1286/1286
f 1369/1369/1369 1365/1365/1365 1366/1366/1366
f 1367/1367/1367 1369/1369/1369 1366/1366/1366
f 1368/1368/1368 1365/1365/1365 1369/1369/1369
f 1367/1367/1367 1363/1363/1363 1370/1370/1370
f 1370/1370/1370 1369/1369/1369 1367/1367/1367
f 1363/1363/1363 1371/1371/1371 1370/1370/1370
f 1372/1372/1372 1284/1284/1284 1368/1368/1368
f 1369/1369/1369 1372/1372/1372 1368/1368/1368
f 1285/1285/1285 1284/1284/1284 1372/1372/1372
f 1370/1370/1370 1373/1373/1373 1369/1369/1369
f 1373/1373/1373 1372/1372/1372 1369/1369/1369
f 1374/1374/1374 1370/1370/1370 1371/1371/1371
f 1374/1374/1374 1373/1373/1373 1370/1370/1370
f 1371/1371/1371 1375/1375/1375 1374/1374/1374
f 1374/1374/1374 1375/1375/1375 1376/1376/1376
f 1372/1372/1372 1377/1377/1377 1285/1285/1285
f 1372/1372/1372 1373/1373/1373 1377/1377/1377
f 1376/1376/1376 1378/1378/1378 1374/1374/1374
f 1379/1379/1379 1378/1378/1378 1376/1376/1376
f 1377/1377/1377 1380/1380/1380 1285/1285/1285
f 1285/1285/1285 1380/1380/1380 1274/1274/1274
f 1373/1373/1373 1381/1381/1381 1377/1377/1377
f 1381/1381/1381 1380/1380/1380 1377/1377/1377
f 1382/1382/1382 1373/1373/1373 1374/1374/1374
f 1382/1382/1382 1374/1374/1374 1378/1378/1378
f 1382/1382/1382 1381/1381/1381 1373/1373/1373
f 1379/1379/1379 1383/1383/1383 1378/1378/1378
f 1379/1379/1379 1384/1384/1384 1383/1383/1383
f 1385/1385/1385 1382/1382/1382 1378/1378/1378
f 1381/1381/1381 1382/1382/1382 1385/1385/1385
f 1378/1378/1378 1383/1383/1383 1385/1385/1385
f 1380/1380/1380 1386/1386/1386 1274/1274/1274
f 1386/1386/1386 1269/1269/1269 1274/1274/1274
f 1381/1381/1381 1387/1387/1387 1380/1380/1380
f 1387/1387/1387 1386/1386/1386 1380/1380/1380
f 1385/1385/1385 1388/1388/1388 1381/1381/1381
f 1388/1388/1388 1387/1387/1387 1381/1381/1381
f 1389/1389/1389 1269/1269/1269 1386/1386/1386
f 1262/1262/1262 1269/1269/1269 1389/1389/1389
f 1390/1390/1390 1386/1386/1386 1387/1387/1387
f 1386/1386/1386 1390/1390/1390 1389/1389/1389
f 1383/1383/1383 1391/1391/1391 1385/1385/1385
f 1385/1385/1385 1391/1391/1391 1388/1388/1388
f 1388/1388/1388 1392/1392/1392 1387/1387/1387
f 1387/1387/1387 1392/1392/1392 1390/1390/1390
f 1389/1389/1389 1393/1393/1393 1262/1262/1262
f 1263/1263/1263 1262/1262/1262 1393/1393/1393
f 1391/1391/1391 1394/1394/1394 1388/1388/1388
f 1394/1394/1394 1392/1392/1392 1388/1388/1388
f 1393/1393/1393 1395/1395/1395 1263/1263/1263
f 1263/1263/1263 1395/1395/1395 1268/1268/1268
f 1396/1396/1396 1268/1268/1268 1395/1395/1395
f 1268/1268/1268 1396/1396/1396 1270/1270/1270
f 1397/1397/1397 1395/1395/1395 1393/1393/1393
f 1395/1395/1395 1397/1397/1397 1396/1396/1396
f 1398/1398/1398 1393/1393/1393 1389/1389/1389
f 1398/1398/1398 1397/1397/1397 1393/1393/1393
f 1390/1390/1390 1399/1399/1399 1389/1389/1389
f 1389/1389/1389 1399/1399/1399 1398/1398/1398
f 1397/1397/1397 1398/1398/1398 1400/1400/1400
f 1400/1400/1400 1398/1398/1398 1399/1399/1399
f 1396/1396/1396 1397/1397/1397 1401/1401/1401
f 1400/1400/1400 1401/1401/1401 1397/1397/1397
f 1270/1270/1270 1396/1396/1396 1402/1402/1402
f 1401/1401/1401 1402/1402/1402 1396/1396/1396
f 1403/1403/1403 1399/1399/1399 1390/1390/1390
f 1403/1403/1403 1390/1390/1390 1392/1392/1392
f 1399/1399/1399 1404/1404/1404 1400/1400/1400
f 1403/1403/1403 1404/1404/1404 1399/1399/1399
f 1401/1401/1401 1400/1400/1400 1405/1405/1405
f 1405/1405/1405 1400/1400/1400 1404/1404/1404
f 1402/1402/1402 1406/1406/1406 1270/1270/1270
f 1270/1270/1270 1406/1406/1406 1271/1271/1271
f 1407/1407/1407 1402/1402/1402 1401/1401/1401
f 1405/1405/1405 1407/1407/1407 1401/1401/1401
f 1408/1408/1408 1271/1271/1271 1406/1406/1406
f 1272/1272/1272 1271/1271/1271 1408/1408/1408
f 1406/1406/1406 1402/1402/1402 1409/1409/1409
f 1402/1402/1402 1407/1407/1407 1409/1409/1409
f 1409/1409/1409 1408/1408/1408 1406/1406/1406
f 1392/1392/1392 1410/1410/1410 1403/1403/1403
f 1411/1411/1411 1404/1404/1404 1403/1403/1403
f 1410/1410/1410 1411/1411/1411 1403/1403/1403
f 1404/1404/1404 1412/1412/1412 1405/1405/1405
f 1412/1412/1412 1404/1404/1404 1411/1411/1411
f 1407/1407/1407 1405/1405/1405 1413/1413/1413
f 1413/1413/1413 1405/1405/1405 1412/1412/1412
f 1414/1414/1414 1409/1409/1409 1407/1407/1407
f 1413/1413/1413 1414/1414/1414 1407/1407/1407
f 1408/1408/1408 1409/1409/1409 1415/1415/1415
f 1409/1409/1409 1414/1414/1414 1415/1415/1415
f 1272/1272/1272 1408/1408/1408 1416/1416/1416
f 1415/1415/1415 1416/1416/1416 1408/1408/1408
f 1417/1417/1417 1410/1410/1410 1392/1392/1392
f 1392/1392/1392 1394/1394/1394 1417/1417/1417
f 1415/1415/1415 1414/1414/1414 1418/1418/1418
f 1418/1418/1418 1416/1416/1416 1415/1415/1415
f 1416/1416/1416 1419/1419/1419 1272/1272/1272
f 1222/1222/1222 1272/1272/1272 1419/1419/1419
f 1420/1420/1420 1417/1417/1417 1394/1394/1394
f 1391/1391/1391 1420/1420/1420 1394/1394/1394
f 1421/1421/1421 1416/1416/1416 1418/1418/1418
f 1419/1419/1419 1416/1416/1416 1421/1421/1421
f 1419/1419/1419 1422/1422/1422 1222/1222/1222
f 1222/1222/1222 1422/1422/1422 1178/1178/1178
f 1423/1423/1423 1420/1420/1420 1391/1391/1391
f 1423/1423/1423 1391/1391/1391 1383/1383/1383
f 1421/1421/1421 1424/1424/1424 1419/1419/1419
f 1422/1422/1422 1419/1419/1419 1424/1424/1424
f 1425/1425/1425 1178/1178/1178 1422/1422/1422
f 1178/1178/1178 1425/1425/1425 1165/1165/1165
f 1159/1159/1159 1165/1165/1165 1425/1425/1425
f 1426/1426/1426 1425/1425/1425 1422/1422/1422
f 1424/1424/1424 1426/1426/1426 1422/1422/1422
f 1425/1425/1425 1427/1427/1427 1159/1159/1159
f 1427/1427/1427 1425/1425/1425 1426/1426/1426
f 1159/1159/1159 1427/1427/1427 1158/1158/1158
f 1158/1158/1158 1427/1427/1427 1428/1428/1428
f 1427/1427/1427 1426/1426/1426 1428/1428/1428
f 1158/1158/1158 1428/1428/1428 1166/1166/1166
f 1424/1424/1424 1429/1429/1429 1426/1426/1426
f 1428/1428/1428 1426/1426/1426 1429/1429/1429
f 1166/1166/1166 1428/1428/1428 1430/1430/1430
f 1429/1429/1429 1430/1430/1430 1428/1428/1428
f 1430/1430/1430 1164/1164/1164 1166/1166/1166
f 1424/1424/1424 1421/1421/1421 1431/1431/1431
f 1431/1431/1431 1429/1429/1429 1424/1424/1424
f 1164/1164/1164 1430/1430/1430 1432/1432/1432
f 1432/1432/1432 1162/1162/1162 1164/1164/1164
f 1433/1433/1433 1430/1430/1430 1429/1429/1429
f 1429/1429/1429 1431/1431/1431 1433/1433/1433
f 1433/1433/1433 1432/1432/1432 1430/1430/1430
f 1421/1421/1421 1434/1434/1434 1431/1431/1431
f 1421/1421/1421 1418/1418/1418 1434/1434/1434
f 1432/1432/1432 1435/1435/1435 1162/1162/1162
f 1162/1162/1162 1435/1435/1435 1163/1163/1163
f 1431/1431/1431 1436/1436/1436 1433/1433/1433
f 1436/1436/1436 1431/1431/1431 1434/1434/1434
f 1433/1433/1433 1437/1437/1437 1432/1432/1432
f 1437/1437/1437 1435/1435/1435 1432/1432/1432
f 1433/1433/1433 1436/1436/1436 1437/1437/1437
f 1438/1438/1438 1434/1434/1434 1418/1418/1418
f 1439/1439/1439 1436/1436/1436 1434/1434/1434
f 1438/1438/1438 1439/1439/1439 1434/1434/1434
f 1440/1440/1440 1437/1437/1437 1436/1436/1436
f 1440/1440/1440 1436/1436/1436 1439/1439/1439
f 1441/1441/1441 1435/1435/1435 1437/1437/1437
f 1440/1440/1440 1441/1441/1441 1437/1437/1437
f 1435/1435/1435 1442/1442/1442 1163/1163/1163
f 1442/1442/1442 1435/1435/1435 1441/1441/1441
f 1443/1443/1443 1163/1163/1163 1442/1442/1442
f 1163/1163/1163 1443/1443/1443 1444/1444/1444
f 1441/1441/1441 1445/1445/1445 1442/1442/1442
f 1442/1442/1442 1445/1445/1445 1443/1443/1443
f 1440/1440/1440 1446/1446/1446 1441/1441/1441
f 1441/1441/1441 1446/1446/1446 1445/1445/1445
f 1447/1447/1447 1440/1440/1440 1439/1439/1439
f 1440/1440/1440 1447/1447/1447 1446/1446/1446
f 1444/1444/1444 1443/1443/1443 1448/1448/1448
f 1448/1448/1448 1449/1449/1449 1444/1444/1444
f 1443/1443/1443 1445/1445/1445 1450/1450/1450
f 1450/1450/1450 1448/1448/1448 1443/1443/1443
f 1445/1445/1445 1446/1446/1446 1451/1451/1451
f 1451/1451/1451 1450/1450/1450 1445/1445/1445
f 1452/1452/1452 1449/1449/1449 1448/1448/1448
f 1449/1449/1449 1452/1452/1452 1453/1453/1453
f 1450/1450/1450 1454/1454/1454 1448/1448/1448
f 1448/1448/1448 1454/1454/1454 1452/1452/1452
f 1455/1455/1455 1453/1453/1453 1452/1452/1452
f 1453/1453/1453 1455/1455/1455 1456/1456/1456
f 1456/1456/1456 1455/1455/1455 1457/1457/1457
f 1457/1457/1457 1458/1458/1458 1456/1456/1456
f 1455/1455/1455 1459/1459/1459 1457/1457/1457
f 1452/1452/1452 1460/1460/1460 1455/1455/1455
f 1459/1459/1459 1455/1455/1455 1460/1460/1460
f 1460/1460/1460 1452/1452/1452 1454/1454/1454
f 1459/1459/1459 1460/1460/1460 1461/1461/1461
f 1461/1461/1461 1460/1460/1460 1454/1454/1454
f 1461/1461/1461 1462/1462/1462 1459/1459/1459
f 1463/1463/1463 1454/1454/1454 1450/1450/1450
f 1450/1450/1450 1451/1451/1451 1463/1463/1463
f 1454/1454/1454 1463/1463/1463 1461/1461/1461
f 1462/1462/1462 1461/1461/1461 1464/1464/1464
f 1464/1464/1464 1465/1465/1465 1462/1462/1462
f 1461/1461/1461 1463/1463/1463 1466/1466/1466
f 1466/1466/1466 1463/1463/1463 1451/1451/1451
f 1466/1466/1466 1464/1464/1464 1461/1461/1461
f 1465/1465/1465 1464/1464/1464 1467/1467/1467
f 1467/1467/1467 1468/1468/1468 1465/1465/1465
f 1451/1451/1451 1469/1469/1469 1466/1466/1466
f 1446/1446/1446 1469/1469/1469 1451/1451/1451
f 1447/1447/1447 1469/1469/1469 1446/1446/1446
f 1464/1464/1464 1466/1466/1466 1470/1470/1470
f 1469/1469/1469 1470/1470/1470 1466/1466/1466
f 1470/1470/1470 1467/1467/1467 1464/1464/1464
f 1471/1471/1471 1468/1468/1468 1467/1467/1467
f 1471/1471/1471 1472/1472/1472 1468/1468/1468
f 1469/1469/1469 1447/1447/1447 1473/1473/1473
f 1473/1473/1473 1470/1470/1470 1469/1469/1469
f 1474/1474/1474 1467/1467/1467 1470/1470/1470
f 1474/1474/1474 1471/1471/1471 1467/1467/1467
f 1471/1471/1471 1475/1475/1475 1472/1472/1472
f 1475/1475/1475 1476/1476/1476 1472/1472/1472
f 1447/1447/1447 1477/1477/1477 1473/1473/1473
f 1447/1447/1447 1439/1439/1439 1477/1477/1477
f 1439/1439/1439 1438/1438/1438 1477/1477/1477
f 1470/1470/1470 1473/1473/1473 1478/1478/1478
f 1473/1473/1473 1477/1477/1477 1478/1478/1478
f 1478/1478/1478 1474/1474/1474 1470/1470/1470
f 1474/1474/1474 1479/1479/1479 1471/1471/1471
f 1471/1471/1471 1479/1479/1479 1475/1475/1475
f 1438/1438/1438 1480/1480/1480 1477/1477/1477
f 1477/1477/1477 1480/1480/1480 1478/1478/1478
f 1474/1474/1474 1478/1478/1478 1481/1481/1481
f 1481/1481/1481 1479/1479/1479 1474/1474/1474
f 1480/1480/1480 1481/1481/1481 1478/1478/1478
f 1480/1480/1480 1438/1438/1438 1482/1482/1482
f 1482/1482/1482 1438/1438/1438 1418/1418/1418
f 1482/1482/1482 1418/1418/1418 1414/1414/1414
f 1482/1482/1482 1483/1483/1483 1480/1480/1480
f 1480/1480/1480 1483/1483/1483 1481/1481/1481
f 1484/1484/1484 1482/1482/1482 1414/1414/1414
f 1482/1482/1482 1484/1484/1484 1483/1483/1483
f 1414/1414/1414 1413/1413/1413 1484/1484/1484
f 1481/1481/1481 1483/1483/1483 1485/1485/1485
f 1484/1484/1484 1485/1485/1485 1483/1483/1483
f 1479/1479/1479 1481/1481/1481 1486/1486/1486
f 1485/1485/1485 1486/1486/1486 1481/1481/1481
f 1413/1413/1413 1487/1487/1487 1484/1484/1484
f 1484/1484/1484 1487/1487/1487 1485/1485/1485
f 1486/1486/1486 1488/1488/1488 1479/1479/1479
f 1479/1479/1479 1488/1488/1488 1475/1475/1475
f 1487/1487/1487 1413/1413/1413 1489/1489/1489
f 1412/1412/1412 1489/1489/1489 1413/1413/1413
f 1489/1489/1489 1412/1412/1412 1490/1490/1490
f 1411/1411/1411 1490/1490/1490 1412/1412/1412
f 1487/1487/1487 1491/1491/1491 1485/1485/1485
f 1485/1485/1485 1492/1492/1492 1486/1486/1486
f 1492/1492/1492 1485/1485/1485 1491/1491/1491
f 1486/1486/1486 1493/1493/1493 1488/1488/1488
f 1493/1493/1493 1486/1486/1486 1492/1492/1492
f 1475/1475/1475 1488/1488/1488 1494/1494/1494
f 1488/1488/1488 1493/1493/1493 1494/1494/1494
f 1489/1489/1489 1495/1495/1495 1487/1487/1487
f 1491/1491/1491 1487/1487/1487 1495/1495/1495
f 1496/1496/1496 1475/1475/1475 1494/1494/1494
f 1496/1496/1496 1476/1476/1476 1475/1475/1475
f 1496/1496/1496 1497/1497/1497 1476/1476/1476
f 1494/1494/1494 1498/1498/1498 1496/1496/1496
f 1498/1498/1498 1494/1494/1494 1493/1493/1493
f 1499/1499/1499 1497/1497/1497 1496/1496/1496
f 1498/1498/1498 1499/1499/1499 1496/1496/1496
f 1499/1499/1499 1500/1500/1500 1497/1497/1497
f 1501/1501/1501 1500/1500/1500 1499/1499/1499
f 1499/1499/1499 1502/1502/1502 1501/1501/1501
f 1502/1502/1502 1499/1499/1499 1498/1498/1498
f 1503/1503/1503 1501/1501/1501 1502/1502/1502
f 1504/1504/1504 1498/1498/1498 1493/1493/1493
f 1498/1498/1498 1504/1504/1504 1502/1502/1502
f 1502/1502/1502 1505/1505/1505 1503/1503/1503
f 1505/1505/1505 1502/1502/1502 1504/1504/1504
f 1505/1505/1505 1506/1506/1506 1503/1503/1503
f 1504/1504/1504 1493/1493/1493 1507/1507/1507
f 1492/1492/1492 1507/1507/1507 1493/1493/1493
f 1508/1508/1508 1506/1506/1506 1505/1505/1505
f 1506/1506/1506 1508/1508/1508 1509/1509/1509
f 1504/1504/1504 1510/1510/1510 1505/1505/1505
f 1507/1507/1507 1510/1510/1510 1504/1504/1504
f 1510/1510/1510 1508/1508/1508 1505/1505/1505
f 1507/1507/1507 1492/1492/1492 1511/1511/1511
f 1511/1511/1511 1492/1492/1492 1491/1491/1491
f 1509/1509/1509 1508/1508/1508 1512/1512/1512
f 1513/1513/1513 1509/1509/1509 1512/1512/1512
f 1510/1510/1510 1507/1507/1507 1514/1514/1514
f 1514/1514/1514 1507/1507/1507 1511/1511/1511
f 1515/1515/1515 1508/1508/1508 1510/1510/1510
f 1514/1514/1514 1515/1515/1515 1510/1510/1510
f 1508/1508/1508 1515/1515/1515 1512/1512/1512
f 1516/1516/1516 1515/1515/1515 1514/1514/1514
f 1511/1511/1511 1516/1516/1516 1514/1514/1514
f 1515/1515/1515 1516/1516/1516 1512/1512/1512
f 1491/1491/1491 1517/1517/1517 1511/1511/1511
f 1517/1517/1517 1491/1491/1491 1495/1495/1495
f 1512/1512/1512 1518/1518/1518 1513/1513/1513
f 1518/1518/1518 1519/1519/1519 1513/1513/1513
f 1516/1516/1516 1511/1511/1511 1520/1520/1520
f 1517/1517/1517 1520/1520/1520 1511/1511/1511
f 1516/1516/1516 1521/1521/1521 1512/1512/1512
f 1518/1518/1518 1512/1512/1512 1521/1521/1521
f 1516/1516/1516 1520/1520/1520 1521/1521/1521
f 1522/1522/1522 1519/1519/1519 1518/1518/1518
f 1522/1522/1522 1523/1523/1523 1519/1519/1519
f 1523/1523/1523 1522/1522/1522 1524/1524/1524
f 1521/1521/1521 1525/1525/1525 1518/1518/1518
f 1525/1525/1525 1522/1522/1522 1518/1518/1518
f 1526/1526/1526 1521/1521/1521 1520/1520/1520
f 1526/1526/1526 1525/1525/1525 1521/1521/1521
f 1520/1520/1520 1517/1517/1517 1527/1527/1527
f 1527/1527/1527 1526/1526/1526 1520/1520/1520
f 1528/1528/1528 1524/1524/1524 1522/1522/1522
f 1524/1524/1524 1528/1528/1528 1529/1529/1529
f 1530/1530/1530 1522/1522/1522 1525/1525/1525
f 1525/1525/1525 1526/1526/1526 1530/1530/1530
f 1522/1522/1522 1530/1530/1530 1528/1528/1528
f 1531/1531/1531 1527/1527/1527 1517/1517/1517
f 1495/1495/1495 1531/1531/1531 1517/1517/1517
f 1529/1529/1529 1528/1528/1528 1532/1532/1532
f 1529/1529/1529 1532/1532/1532 1533/1533/1533
f 1526/1526/1526 1527/1527/1527 1534/1534/1534
f 1527/1527/1527 1531/1531/1531 1534/1534/1534
f 1528/1528/1528 1530/1530/1530 1535/1535/1535
f 1532/1532/1532 1528/1528/1528 1535/1535/1535
f 1530/1530/1530 1526/1526/1526 1536/1536/1536
f 1534/1534/1534 1536/1536/1536 1526/1526/1526
f 1530/1530/1530 1536/1536/1536 1535/1535/1535
f 1531/1531/1531 1495/1495/1495 1537/1537/1537
f 1495/1495/1495 1489/1489/1489 1537/1537/1537
f 1490/1490/1490 1537/1537/1537 1489/1489/1489
f 1537/1537/1537 1538/1538/1538 1531/1531/1531
f 1538/1538/1538 1534/1534/1534 1531/1531/1531
f 1537/1537/1537 1490/1490/1490 1538/1538/1538
f 1533/1533/1533 1532/1532/1532 1539/1539/1539
f 1533/1533/1533 1539/1539/1539 1540/1540/1540
f 1532/1532/1532 1535/1535/1535 1541/1541/1541
f 1532/1532/1532 1541/1541/1541 1539/1539/1539
f 1535/1535/1535 1536/1536/1536 1542/1542/1542
f 1541/1541/1541 1535/1535/1535 1542/1542/1542
f 1536/1536/1536 1534/1534/1534 1543/1543/1543
f 1534/1534/1534 1538/1538/1538 1543/1543/1543
f 1543/1543/1543 1542/1542/1542 1536/1536/1536
f 1538/1538/1538 1490/1490/1490 1544/1544/1544
f 1544/1544/1544 1543/1543/1543 1538/1538/1538
f 1490/1490/1490 1411/1411/1411 1544/1544/1544
f 1540/1540/1540 1539/1539/1539 1545/1545/1545
f 1545/1545/1545 1546/1546/1546 1540/1540/1540
f 1539/1539/1539 1541/1541/1541 1547/1547/1547
f 1545/1545/1545 1539/1539/1539 1547/1547/1547
f 1541/1541/1541 1542/1542/1542 1548/1548/1548
f 1547/1547/1547 1541/1541/1541 1548/1548/1548
f 1542/1542/1542 1543/1543/1543 1549/1549/1549
f 1543/1543/1543 1544/1544/1544 1549/1549/1549
f 1549/1549/1549 1548/1548/1548 1542/1542/1542
f 1550/1550/1550 1544/1544/1544 1411/1411/1411
f 1549/1549/1549 1544/1544/1544 1550/1550/1550
f 1550/1550/1550 1411/1411/1411 1410/1410/1410
f 1550/1550/1550 1551/1551/1551 1549/1549/1549
f 1551/1551/1551 1550/1550/1550 1410/1410/1410
f 1549/1549/1549 1551/1551/1551 1548/1548/1548
f 1410/1410/1410 1417/1417/1417 1551/1551/1551
f 1552/1552/1552 1548/1548/1548 1551/1551/1551
f 1551/1551/1551 1417/1417/1417 1552/1552/1552
f 1547/1547/1547 1548/1548/1548 1552/1552/1552
f 1552/1552/1552 1417/1417/1417 1420/1420/1420
f 1547/1547/1547 1552/1552/1552 1553/1553/1553
f 1553/1553/1553 1552/1552/1552 1420/1420/1420
f 1545/1545/1545 1547/1547/1547 1553/1553/1553
f 1553/1553/1553 1420/1420/1420 1423/1423/1423
f 1554/1554/1554 1545/1545/1545 1553/1553/1553
f 1553/1553/1553 1423/1423/1423 1554/1554/1554
f 1546/1546/1546 1545/1545/1545 1554/1554/1554
f 1555/1555/1555 1546/1546/1546 1554/1554/1554
f 1556/1556/1556 1555/1555/1555 1554/1554/1554
f 1557/1557/1557 1554/1554/1554 1423/1423/1423
f 1554/1554/1554 1557/1557/1557 1556/1556/1556
f 1557/1557/1557 1423/1423/1423 1383/1383/1383
f 1383/1383/1383 1384/1384/1384 1557/1557/1557
f 1558/1558/1558 1556/1556/1556 1557/1557/1557
f 1557/1557/1557 1384/1384/1384 1558/1558/1558
f 1559/1559/1559 1558/1558/1558 1384/1384/1384
f 1560/1560/1560 1558/1558/1558 1559/1559/1559
f 1563/1563/1563 1562/1562/1562 1561/1561/1561
f 1561/1561/1561 1562/1562/1562 1564/1564/1564
f 1565/1565/1565 1564/1564/1564 1562/1562/1562
f 1565/1565/1565 1566/1566/1566 1564/1564/1564
f 1566/1566/1566 1565/1565/1565 1567/1567/1567
f 1568/1568/1568 1567/1567/1567 1565/1565/1565
f 1568/1568/1568 1569/1569/1569 1567/1567/1567
f 1569/1569/1569 1568/1568/1568 1570/1570/1570
f 1570/1570/1570 1571/1571/1571 1569/1569/1569
f 1570/1570/1570 1572/1572/1572 1571/1571/1571
f 1575/1575/1575 1574/1574/1574 1573/1573/1573
f 1576/1576/1576 1575/1575/1575 1573/1573/1573
f 1577/1577/1577 1576/1576/1576 1573/1573/1573
f 1578/1578/1578 1577/1577/1577 1573/1573/1573
f 1578/1578/1578 1573/1573/1573 1579/1579/1579
f 1580/1580/1580 1578/1578/1578 1579/1579/1579
f 1581/1581/1581 1580/1580/1580 1579/1579/1579
f 1581/1581/1581 1579/1579/1579 1582/1582/1582
f 1582/1582/1582 1579/1579/1579 1583/1583/1583
f 1583/1583/1583 1584/1584/1584 1582/1582/1582
f 1582/1582/1582 1584/1584/1584 1585/1585/1585
f 1586/1586/1586 1582/1582/1582 1585/1585/1585
f 1587/1587/1587 1586/1586/1586 1585/1585/1585
f 1585/1585/1585 1588/1588/1588 1587/1587/1587
f 1585/1585/1585 1589/1589/1589 1588/1588/1588
f 1592/1592/1592 1591/1591/1591 1590/1590/1590
f 1590/1590/1590 1593/1593/1593 1592/1592/1592
f 1593/1593/1593 1590/1590/1590 1594/1594/1594
f 1595/1595/1595 1592/1592/1592 1593/1593/1593
f 1595/1595/1595 1593/1593/1593 1594/1594/1594
f 1595/1595/1595 1596/1596/1596 1592/1592/1592
f 1594/1594/1594 1597/1597/1597 1595/1595/1595
f 1597/1597/1597 1594/1594/1594 1598/1598/1598
f 1595/1595/1595 1599/1599/1599 1596/1596/1596
f 1599/1599/1599 1595/1595/1595 1597/1597/1597
f 1596/1596/1596 1599/1599/1599 1600/1600/1600
f 1599/1599/1599 1601/1601/1601 1600/1600/1600
f 1601/1601/1601 1599/1599/1599 1597/1597/1597
f 1600/1600/1600 1601/1601/1601 1602/1602/1602
f 1603/1603/1603 1597/1597/1597 1598/1598/1598
f 1597/1597/1597 1603/1603/1603 1601/1601/1601
f 1601/1601/1601 1604/1604/1604 1602/1602/1602
f 1602/1602/1602 1604/1604/1604 1605/1605/1605
f 1603/1603/1603 1606/1606/1606 1601/1601/1601
f 1601/1601/1601 1606/1606/1606 1604/1604/1604
f 1606/1606/1606 1603/1603/1603 1598/1598/1598
f 1605/1605/1605 1604/1604/1604 1607/1607/1607
f 1607/1607/1607 1604/1604/1604 1606/1606/1606
f 1608/1608/1608 1605/1605/1605 1607/1607/1607
f 1609/1609/1609 1606/1606/1606 1598/1598/1598
f 1609/1609/1609 1607/1607/1607 1606/1606/1606
f 1608/1608/1608 1607/1607/1607 1610/1610/1610
f 1609/1609/1609 1610/1610/1610 1607/1607/1607
f 1610/1610/1610 1611/1611/1611 1608/1608/1608
f 1612/1612/1612 1611/1611/1611 1610/1610/1610
f 1612/1612/1612 1610/1610/1610 1609/1609/1609
f 1613/1613/1613 1611/1611/1611 1612/1612/1612
f 1612/1612/1612 1614/1614/1614 1613/1613/1613
f 1615/1615/1615 1609/1609/1609 1598/1598/1598
f 1615/1615/1615 1612/1612/1612 1609/1609/1609
f 1616/1616/1616 1615/1615/1615 1598/1598/1598
f 1617/1617/1617 1614/1614/1614 1612/1612/1612
f 1617/1617/1617 1612/1612/1612 1615/1615/1615
f 1617/1617/1617 1615/1615/1615 1616/1616/1616
f 1618/1618/1618 1614/1614/1614 1617/1617/1617
f 1619/1619/1619 1617/1617/1617 1616/1616/1616
f 1617/1617/1617 1619/1619/1619 1618/1618/1618
f 1616/1616/1616 1620/1620/1620 1619/1619/1619
f 1618/1618/1618 1619/1619/1619 1620/1620/1620
f 1623/1623/1623 1622/1622/1622 1621/1621/1621
f 1622/1622/1622 1623/1623/1623 1624/1624/1624
f 1624/1624/1624 1623/1623/1623 1625/1625/1625
f 1626/1626/1626 1622/1622/1622 1624/1624/1624
f 1627/1627/1627 1622/1622/1622 1626/1626/1626
f 1628/1628/1628 1622/1622/1622 1627/1627/1627
f 1628/1628/1628 1627/1627/1627 1629/1629/1629
f 1624/1624/1624 1630/1630/1630 1626/1626/1626
f 1626/1626/1626 1631/1631/1631 1627/1627/1627
f 1629/1629/1629 1627/1627/1627 1632/1632/1632
f 1627/1627/1627 1631/1631/1631 1632/1632/1632
f 1632/1632/1632 1633/1633/1633 1629/1629/1629
f 1633/1633/1633 1632/1632/1632 1634/1634/1634
f 1631/1631/1631 1635/1635/1635 1632/1632/1632
f 1632/1632/1632 1636/1636/1636 1634/1634/1634
f 1632/1632/1632 1635/1635/1635 1636/1636/1636
f 1635/1635/1635 1637/1637/1637 1636/1636/1636
f 1630/1630/1630 1624/1624/1624 1638/1638/1638
f 1638/1638/1638 1624/1624/1624 1625/1625/1625
f 1639/1639/1639 1630/1630/1630 1638/1638/1638
f 1640/1640/1640 1638/1638/1638 1625/1625/1625
f 1640/1640/1640 1639/1639/1639 1638/1638/1638
f 1641/1641/1641 1640/1640/1640 1625/1625/1625
f 1640/1640/1640 1641/1641/1641 1642/1642/1642
f 1640/1640/1640 1643/1643/1643 1639/1639/1639
f 1643/1643/1643 1640/1640/1640 1642/1642/1642
f 1644/1644/1644 1639/1639/1639 1643/1643/1643
f 1642/1642/1642 1645/1645/1645 1643/1643/1643
f 1643/1643/1643 1646/1646/1646 1644/1644/1644
f 1646/1646/1646 1643/1643/1643 1645/1645/1645
f 1644/1644/1644 1646/1646/1646 1647/1647/1647
f 1645/1645/1645 1648/1648/1648 1646/1646/1646
f 1647/1647/1647 1646/1646/1646 1648/1648/1648
f 1637/1637/1637 1650/1650/1650 1649/1649/1649
f 1636/1636/1636 1637/1637/1637 1649/1649/1649
f 1649/1649/1649 1650/1650/1650 1651/1651/1651
f 1652/1652/1652 1651/1651/1651 1650/1650/1650
f 1636/1636/1636 1649/1649/1649 1653/1653/1653
f 1654/1654/1654 1636/1636/1636 1653/1653/1653
f 1654/1654/1654 1655/1655/1655 1636/1636/1636
f 1653/1653/1653 1649/1649/1649 1656/1656/1656
f 1651/1651/1651 1656/1656/1656 1649/1649/1649
f 1657/1657/1657 1653/1653/1653 1656/1656/1656
f 1658/1658/1658 1656/1656/1656 1651/1651/1651
f 1651/1651/1651 1659/1659/1659 1658/1658/1658
f 1659/1659/1659 1660/1660/1660 1658/1658/1658
f 1661/1661/1661 1659/1659/1659 1651/1651/1651
f 1651/1651/1651 1662/1662/1662 1661/1661/1661
f 1659/1659/1659 1661/1661/1661 1663/1663/1663
f 1666/1666/1666 1665/1665/1665 1664/1664/1664
f 1664/1664/1664 1667/1667/1667 1666/1666/1666
f 1670/1670/1670 1669/1669/1669 1668/1668/1668
f 1670/1670/1670 1671/1671/1671 1669/1669/1669
f 1674/1674/1674 1673/1673/1673 1672/1672/1672
f 1675/1675/1675 1674/1674/1674 1672/1672/1672
f 1675/1675/1675 1676/1676/1676 1674/1674/1674
f 1675/1675/1675 1677/1677/1677 1676/1676/1676
f 1680/1680/1680 1679/1679/1679 1678/1678/1678
f 1679/1679/1679 1681/1681/1681 1678/1678/1678
f 1681/1681/1681 1682/1682/1682 1678/1678/1678
f 1682/1682/1682 1683/1683/1683 1678/1678/1678
f 1684/1684/1684 1683/1683/1683 1682/1682/1682
f 1685/1685/1685 1684/1684/1684 1682/1682/1682
f 1682/1682/1682 1686/1686/1686 1685/1685/1685
f 1686/1686/1686 1682/1682/1682 1681/1681/1681
f 1687/1687/1687 1685/1685/1685 1686/1686/1686
f 1688/1688/1688 1681/1681/1681 1679/1679/1679
f 1681/1681/1681 1688/1688/1688 1686/1686/1686
f 1679/1679/1679 1689/1689/1689 1688/1688/1688
f 1686/1686/1686 1690/1690/1690 1687/1687/1687
f 1690/1690/1690 1686/1686/1686 1688/1688/1688
f 1691/1691/1691 1688/1688/1688 1689/1689/1689
f 1688/1688/1688 1691/1691/1691 1690/1690/1690
f 1689/1689/1689 1692/1692/1692 1691/1691/1691
f 1693/1693/1693 1691/1691/1691 1692/1692/1692
f 1694/1694/1694 1691/1691/1691 1693/1693/1693
f 1690/1690/1690 1691/1691/1691 1694/1694/1694
f 1694/1694/1694 1693/1693/1693 1695/1695/1695
f 1695/1695/1695 1696/1696/1696 1694/1694/1694
f 1687/1687/1687 1690/1690/1690 1697/1697/1697
f 1694/1694/1694 1697/1697/1697 1690/1690/1690
f 1698/1698/1698 1687/1687/1687 1697/1697/1697
f 1699/1699/1699 1694/1694/1694 1696/1696/1696
f 1697/1697/1697 1694/1694/1694 1699/1699/1699
f 1699/1699/1699 1696/1696/1696 1700/1700/1700
f 1700/1700/1700 1701/1701/1701 1699/1699/1699
f 1698/1698/1698 1697/1697/1697 1702/1702/1702
f 1699/1699/1699 1702/1702/1702 1697/1697/1697
f 1703/1703/1703 1698/1698/1698 1702/1702/1702
f 1704/1704/1704 1699/1699/1699 1701/1701/1701
f 1702/1702/1702 1699/1699/1699 1704/1704/1704
f 1701/1701/1701 1705/1705/1705 1704/1704/1704
f 1703/1703/1703 1702/1702/1702 1706/1706/1706
f 1704/1704/1704 1706/1706/1706 1702/1702/1702
f 1707/1707/1707 1703/1703/1703 1706/1706/1706
f 1708/1708/1708 1704/1704/1704 1705/1705/1705
f 1706/1706/1706 1704/1704/1704 1708/1708/1708
f 1705/1705/1705 1709/1709/1709 1708/1708/1708
f 1706/1706/1706 1710/1710/1710 1707/1707/1707
f 1708/1708/1708 1710/1710/1710 1706/1706/1706
f 1711/1711/1711 1707/1707/1707 1710/1710/1710
f 1712/1712/1712 1708/1708/1708 1709/1709/1709
f 1712/1712/1712 1709/1709/1709 1713/1713/1713
f 1712/1712/1712 1713/1713/1713 1714/1714/1714
f 1708/1708/1708 1715/1715/1715 1710/1710/1710
f 1710/1710/1710 1715/1715/1715 1711/1711/1711
f 1712/1712/1712 1715/1715/1715 1708/1708/1708
f 1711/1711/1711 1715/1715/1715 1716/1716/1716
f 1716/1716/1716 1715/1715/1715 1712/1712/1712
f 1716/1716/1716 1717/1717/1717 1711/1711/1711
f 1717/1717/1717 1716/1716/1716 1718/1718/1718
f 1714/1714/1714 1719/1719/1719 1712/1712/1712
f 1719/1719/1719 1716/1716/1716 1712/1712/1712
f 1719/1719/1719 1718/1718/1718 1716/1716/1716
f 1719/1719/1719 1714/1714/1714 1720/1720/1720
f 1719/1719/1719 1720/1720/1720 1718/1718/1718
f 1723/1723/1723 1722/1722/1722 1721/1721/1721
f 1721/1721/1721 1724/1724/1724 1723/1723/1723
f 1724/1724/1724 1725/1725/1725 1723/1723/1723
f 1725/1725/1725 1726/1726/1726 1723/1723/1723
f 1727/1727/1727 1724/1724/1724 1721/1721/1721
f 1725/1725/1725 1724/1724/1724 1727/1727/1727
f 1721/1721/1721 1728/1728/1728 1727/1727/1727
f 1727/1727/1727 1728/1728/1728 1729/1729/1729
f 1729/1729/1729 1730/1730/1730 1727/1727/1727
f 1727/1727/1727 1730/1730/1730 1725/1725/1725
f 1730/1730/1730 1729/1729/1729 1731/1731/1731
f 1725/1725/1725 1732/1732/1732 1726/1726/1726
f 1732/1732/1732 1725/1725/1725 1730/1730/1730
f 1732/1732/1732 1733/1733/1733 1726/1726/1726
f 1734/1734/1734 1733/1733/1733 1732/1732/1732
f 1731/1731/1731 1735/1735/1735 1730/1730/1730
f 1730/1730/1730 1735/1735/1735 1732/1732/1732
f 1735/1735/1735 1731/1731/1731 1736/1736/1736
f 1732/1732/1732 1737/1737/1737 1734/1734/1734
f 1737/1737/1737 1732/1732/1732 1735/1735/1735
f 1738/1738/1738 1734/1734/1734 1737/1737/1737
f 1736/1736/1736 1739/1739/1739 1735/1735/1735
f 1735/1735/1735 1739/1739/1739 1737/1737/1737
f 1737/1737/1737 1740/1740/1740 1738/1738/1738
f 1740/1740/1740 1737/1737/1737 1739/1739/1739
f 1741/1741/1741 1738/1738/1738 1740/1740/1740
f 1739/1739/1739 1736/1736/1736 1742/1742/1742
f 1739/1739/1739 1742/1742/1742 1740/1740/1740
f 1736/1736/1736 1743/1743/1743 1742/1742/1742
f 1740/1740/1740 1744/1744/1744 1741/1741/1741
f 1740/1740/1740 1742/1742/1742 1744/1744/1744
f 1745/1745/1745 1741/1741/1741 1744/1744/1744
f 1742/1742/1742 1743/1743/1743 1746/1746/1746
f 1742/1742/1742 1746/1746/1746 1744/1744/1744
f 1743/1743/1743 1747/1747/1747 1746/1746/1746
f 1744/1744/1744 1748/1748/1748 1745/1745/1745
f 1744/1744/1744 1746/1746/1746 1748/1748/1748
f 1749/1749/1749 1745/1745/1745 1748/1748/1748
f 1750/1750/1750 1746/1746/1746 1747/1747/1747
f 1748/1748/1748 1746/1746/1746 1750/1750/1750
f 1747/1747/1747 1751/1751/1751 1750/1750/1750
f 1750/1750/1750 1751/1751/1751 1752/1752/1752
f 1748/1748/1748 1750/1750/1750 1752/1752/1752
f 1751/1751/1751 1753/1753/1753 1752/1752/1752
f 1748/1748/1748 1754/1754/1754 1749/1749/1749
f 1752/1752/1752 1754/1754/1754 1748/1748/1748
f 1755/1755/1755 1749/1749/1749 1754/1754/1754
f 1754/1754/1754 1756/1756/1756 1755/1755/1755
f 1756/1756/1756 1754/1754/1754 1752/1752/1752
f 1756/1756/1756 1757/1757/1757 1755/1755/1755
f 1752/1752/1752 1753/1753/1753 1758/1758/1758
f 1752/1752/1752 1758/1758/1758 1756/1756/1756
f 1753/1753/1753 1759/1759/1759 1758/1758/1758
f 1756/1756/1756 1758/1758/1758 1759/1759/1759
f 1756/1756/1756 1759/1759/1759 1760/1760/1760
f 1756/1756/1756 1760/1760/1760 1757/1757/1757
f 1760/1760/1760 1761/1761/1761 1757/1757/1757
f 1764/1764/1764 1763/1763/1763 1762/1762/1762
f 1763/1763/1763 1764/1764/1764 1765/1765/1765
f 1765/1765/1765 1766/1766/1766 1763/1763/1763
f 1767/1767/1767 1766/1766/1766 1765/1765/1765
f 1765/1765/1765 1768/1768/1768 1767/1767/1767
f 1769/1769/1769 1767/1767/1767 1768/1768/1768
f 1767/1767/1767 1769/1769/1769 1770/1770/1770
f 1771/1771/1771 1770/1770/1770 1769/1769/1769
f 1770/1770/1770 1771/1771/1771 1772/1772/1772
f 1772/1772/1772 1771/1771/1771 1773/1773/1773
f 1773/1773/1773 1774/1774/1774 1772/1772/1772
f 1774/1774/1774 1773/1773/1773 1775/1775/1775
f 1778/1778/1778 1777/1777/1777 1776/1776/1776
f 1779/1779/1779 1777/1777/1777 1778/1778/1778
f 1780/1780/1780 1779/1779/1779 1778/1778/1778
f 1781/1781/1781 1777/1777/1777 1779/1779/1779
f 1782/1782/1782 1779/1779/1779 1780/1780/1780
f 1783/1783/1783 1782/1782/1782 1780/1780/1780
f 1779/1779/1779 1784/1784/1784 1781/1781/1781
f 1784/1784/1784 1779/1779/1779 1782/1782/1782
f 1784/1784/1784 1785/1785/1785 1781/1781/1781
f 1786/1786/1786 1782/1782/1782 1783/1783/1783
f 1782/1782/1782 1786/1786/1786 1784/1784/1784
f 1787/1787/1787 1786/1786/1786 1783/1783/1783
f 1788/1788/1788 1785/1785/1785 1784/1784/1784
f 1786/1786/1786 1788/1788/1788 1784/1784/1784
f 1789/1789/1789 1786/1786/1786 1787/1787/1787
f 1789/1789/1789 1788/1788/1788 1786/1786/1786
f 1790/1790/1790 1789/1789/1789 1787/1787/1787
f 1789/1789/1789 1790/1790/1790 1791/1791/1791
f 1791/1791/1791 1792/1792/1792 1789/1789/1789
f 1788/1788/1788 1789/1789/1789 1792/1792/1792
f 1792/1792/1792 1791/1791/1791 1793/1793/1793
f 1785/1785/1785 1788/1788/1788 1794/1794/1794
f 1792/1792/1792 1794/1794/1794 1788/1788/1788
f 1794/1794/1794 1795/1795/1795 1785/1785/1785
f 1793/1793/1793 1796/1796/1796 1792/1792/1792
f 1792/1792/1792 1796/1796/1796 1794/1794/1794
f 1794/1794/1794 1797/1797/1797 1795/1795/1795
f 1796/1796/1796 1797/1797/1797 1794/1794/1794
f 1797/1797/1797 1798/1798/1798 1795/1795/1795
f 1799/1799/1799 1796/1796/1796 1793/1793/1793
f 1797/1797/1797 1796/1796/1796 1799/1799/1799
f 1793/1793/1793 1800/1800/1800 1799/1799/1799
f 1799/1799/1799 1800/1800/1800 1801/1801/1801
f 1802/1802/1802 1799/1799/1799 1801/1801/1801
f 1798/1798/1798 1797/1797/1797 1803/1803/1803
f 1799/1799/1799 1803/1803/1803 1797/1797/1797
f 1803/1803/1803 1799/1799/1799 1802/1802/1802
f 1803/1803/1803 1804/1804/1804 1798/1798/1798
f 1804/1804/1804 1803/1803/1803 1802/1802/1802
f 1802/1802/1802 1805/1805/1805 1804/1804/1804
f 1808/1808/1808 1807/1807/1807 1806/1806/1806
f 1809/1809/1809 1808/1808/1808 1806/1806/1806
f 1809/1809/1809 1806/1806/1806 1810/1810/1810
f 1811/1811/1811 1808/1808/1808 1809/1809/1809
f 1812/1812/1812 1809/1809/1809 1810/1810/1810
f 1812/1812/1812 1810/1810/1810 1813/1813/1813
f 1814/1814/1814 1811/1811/1811 1809/1809/1809
f 1814/1814/1814 1809/1809/1809 1812/1812/1812
f 1815/1815/1815 1811/1811/1811 1814/1814/1814
f 1816/1816/1816 1812/1812/1812 1813/1813/1813
f 1816/1816/1816 1813/1813/1813 1817/1817/1817
f 1815/1815/1815 1814/1814/1814 1818/1818/1818
f 1819/1819/1819 1815/1815/1815 1818/1818/1818
f 1820/1820/1820 1814/1814/1814 1812/1812/1812
f 1818/1818/1818 1814/1814/1814 1820/1820/1820
f 1820/1820/1820 1812/1812/1812 1816/1816/1816
f 1821/1821/1821 1819/1819/1819 1818/1818/1818
f 1821/1821/1821 1818/1818/1818 1820/1820/1820
f 1822/1822/1822 1819/1819/1819 1821/1821/1821
f 1823/1823/1823 1816/1816/1816 1817/1817/1817
f 1823/1823/1823 1817/1817/1817 1824/1824/1824
f 1825/1825/1825 1820/1820/1820 1816/1816/1816
f 1825/1825/1825 1821/1821/1821 1820/1820/1820
f 1825/1825/1825 1816/1816/1816 1823/1823/1823
f 1826/1826/1826 1822/1822/1822 1821/1821/1821
f 1826/1826/1826 1821/1821/1821 1825/1825/1825
f 1827/1827/1827 1823/1823/1823 1824/1824/1824
f 1827/1827/1827 1824/1824/1824 1828/1828/1828
f 1829/1829/1829 1825/1825/1825 1823/1823/1823
f 1829/1829/1829 1826/1826/1826 1825/1825/1825
f 1829/1829/1829 1823/1823/1823 1827/1827/1827
f 1822/1822/1822 1826/1826/1826 1830/1830/1830
f 1830/1830/1830 1831/1831/1831 1822/1822/1822
f 1826/1826/1826 1829/1829/1829 1832/1832/1832
f 1832/1832/1832 1829/1829/1829 1827/1827/1827
f 1832/1832/1832 1830/1830/1830 1826/1826/1826
f 1828/1828/1828 1833/1833/1833 1827/1827/1827
f 1832/1832/1832 1827/1827/1827 1833/1833/1833
f 1831/1831/1831 1830/1830/1830 1834/1834/1834
f 1834/1834/1834 1835/1835/1835 1831/1831/1831
f 1830/1830/1830 1832/1832/1832 1836/1836/1836
f 1833/1833/1833 1836/1836/1836 1832/1832/1832
f 1836/1836/1836 1834/1834/1834 1830/1830/1830
f 1837/1837/1837 1833/1833/1833 1828/1828/1828
f 1828/1828/1828 1838/1838/1838 1837/1837/1837
f 1839/1839/1839 1836/1836/1836 1833/1833/1833
f 1834/1834/1834 1836/1836/1836 1839/1839/1839
f 1833/1833/1833 1837/1837/1837 1839/1839/1839
f 1840/1840/1840 1835/1835/1835 1834/1834/1834
f 1839/1839/1839 1840/1840/1840 1834/1834/1834
f 1840/1840/1840 1841/1841/1841 1835/1835/1835
f 1839/1839/1839 1842/1842/1842 1840/1840/1840
f 1841/1841/1841 1840/1840/1840 1842/1842/1842
f 1842/1842/1842 1839/1839/1839 1837/1837/1837
f 1842/1842/1842 1843/1843/1843 1841/1841/1841
f 1844/1844/1844 1837/1837/1837 1838/1838/1838
f 1837/1837/1837 1844/1844/1844 1842/1842/1842
f 1844/1844/1844 1843/1843/1843 1842/1842/1842
f 1838/1838/1838 1845/1845/1845 1844/1844/1844
f 1846/1846/1846 1843/1843/1843 1844/1844/1844
f 1844/1844/1844 1845/1845/1845 1847/1847/1847
f 1847/1847/1847 1846/1846/1846 1844/1844/1844
f 1850/1850/1850 1849/1849/1849 1848/1848/1848
f 1848/1848/1848 1851/1851/1851 1850/1850/1850
f 1850/1850/1850 1851/1851/1851 1852/1852/1852
f 1852/1852/1852 1853/1853/1853 1850/1850/1850
f 1854/1854/1854 1853/1853/1853 1852/1852/1852
f 1848/1848/1848 1855/1855/1855 1851/1851/1851
f 1856/1856/1856 1855/1855/1855 1848/1848/1848
f 1855/1855/1855 1856/1856/1856 1857/1857/1857
f 1857/1857/1857 1858/1858/1858 1855/1855/1855
f 1859/1859/1859 1855/1855/1855 1858/1858/1858
f 1855/1855/1855 1860/1860/1860 1851/1851/1851
f 1855/1855/1855 1859/1859/1859 1860/1860/1860
f 1851/1851/1851 1860/1860/1860 1852/1852/1852
f 1860/1860/1860 1859/1859/1859 1861/1861/1861
f 1861/1861/1861 1862/1862/1862 1860/1860/1860
f 1852/1852/1852 1860/1860/1860 1862/1862/1862
f 1862/1862/1862 1861/1861/1861 1863/1863/1863
f 1852/1852/1852 1864/1864/1864 1854/1854/1854
f 1862/1862/1862 1864/1864/1864 1852/1852/1852
f 1854/1854/1854 1864/1864/1864 1865/1865/1865
f 1863/1863/1863 1866/1866/1866 1862/1862/1862
f 1864/1864/1864 1862/1862/1862 1866/1866/1866
f 1867/1867/1867 1866/1866/1866 1863/1863/1863
f 1868/1868/1868 1865/1865/1865 1864/1864/1864
f 1866/1866/1866 1868/1868/1868 1864/1864/1864
f 1865/1865/1865 1868/1868/1868 1869/1869/1869
f 1870/1870/1870 1869/1869/1869 1868/1868/1868
f 1870/1870/1870 1868/1868/1868 1866/1866/1866
f 1871/1871/1871 1869/1869/1869 1870/1870/1870
f 1870/1870/1870 1872/1872/1872 1871/1871/1871
f 1873/1873/1873 1872/1872/1872 1870/1870/1870
f 1866/1866/1866 1874/1874/1874 1870/1870/1870
f 1870/1870/1870 1874/1874/1874 1873/1873/1873
f 1866/1866/1866 1867/1867/1867 1874/1874/1874
f 1875/1875/1875 1873/1873/1873 1874/1874/1874
f 1874/1874/1874 1867/1867/1867 1875/1875/1875
f 1876/1876/1876 1875/1875/1875 1867/1867/1867
f 1879/1879/1879 1878/1878/1878 1877/1877/1877
f 1877/1877/1877 1880/1880/1880 1879/1879/1879
f 1881/1881/1881 1879/1879/1879 1880/1880/1880
f 1880/1880/1880 1882/1882/1882 1881/1881/1881
f 1883/1883/1883 1881/1881/1881 1882/1882/1882
f 1884/1884/1884 1883/1883/1883 1882/1882/1882
f 1885/1885/1885 1883/1883/1883 1884/1884/1884
f 1886/1886/1886 1885/1885/1885 1884/1884/1884
f 1885/1885/1885 1886/1886/1886 1887/1887/1887
f 1888/1888/1888 1887/1887/1887 1886/1886/1886
f 1887/1887/1887 1888/1888/1888 1889/1889/1889
f 1888/1888/1888 1890/1890/1890 1889/1889/1889
f 1893/1893/1893 1892/1892/1892 1891/1891/1891
f 1894/1894/1894 1892/1892/1892 1893/1893/1893
f 1891/1891/1891 1895/1895/1895 1893/1893/1893
f 1896/1896/1896 1893/1893/1893 1895/1895/1895
f 1895/1895/1895 1891/1891/1891 1897/1897/1897
f 1897/1897/1897 1898/1898/1898 1895/1895/1895
f 1893/1893/1893 1899/1899/1899 1894/1894/1894
f 1899/1899/1899 1893/1893/1893 1896/1896/1896
f 1900/1900/1900 1894/1894/1894 1899/1899/1899
f 1901/1901/1901 1895/1895/1895 1898/1898/1898
f 1895/1895/1895 1901/1901/1901 1896/1896/1896
f 1898/1898/1898 1902/1902/1902 1901/1901/1901
f 1901/1901/1901 1902/1902/1902 1903/1903/1903
f 1899/1899/1899 1904/1904/1904 1900/1900/1900
f 1905/1905/1905 1900/1900/1900 1904/1904/1904
f 1903/1903/1903 1906/1906/1906 1901/1901/1901
f 1896/1896/1896 1901/1901/1901 1906/1906/1906
f 1896/1896/1896 1907/1907/1907 1899/1899/1899
f 1904/1904/1904 1899/1899/1899 1907/1907/1907
f 1908/1908/1908 1906/1906/1906 1903/1903/1903
f 1903/1903/1903 1909/1909/1909 1908/1908/1908
f 1908/1908/1908 1909/1909/1909 1910/1910/1910
f 1910/1910/1910 1911/1911/1911 1908/1908/1908
f 1911/1911/1911 1910/1910/1910 1912/1912/1912
f 1912/1912/1912 1913/1913/1913 1911/1911/1911
f 1906/1906/1906 1908/1908/1908 1914/1914/1914
f 1914/1914/1914 1908/1908/1908 1911/1911/1911
f 1915/1915/1915 1911/1911/1911 1913/1913/1913
f 1911/1911/1911 1915/1915/1915 1914/1914/1914
f 1913/1913/1913 1916/1916/1916 1915/1915/1915
f 1917/1917/1917 1915/1915/1915 1916/1916/1916
f 1914/1914/1914 1915/1915/1915 1917/1917/1917
f 1916/1916/1916 1918/1918/1918 1917/1917/1917
f 1914/1914/1914 1919/1919/1919 1906/1906/1906
f 1906/1906/1906 1919/1919/1919 1896/1896/1896
f 1920/1920/1920 1917/1917/1917 1918/1918/1918
f 1918/1918/1918 1921/1921/1921 1920/1920/1920
f 1917/1917/1917 1922/1922/1922 1914/1914/1914
f 1919/1919/1919 1914/1914/1914 1922/1922/1922
f 1920/1920/1920 1922/1922/1922 1917/1917/1917
f 1923/1923/1923 1896/1896/1896 1919/1919/1919
f 1922/1922/1922 1923/1923/1923 1919/1919/1919
f 1923/1923/1923 1907/1907/1907 1896/1896/1896
f 1924/1924/1924 1920/1920/1920 1921/1921/1921
f 1925/1925/1925 1924/1924/1924 1921/1921/1921
f 1922/1922/1922 1920/1920/1920 1926/1926/1926
f 1926/1926/1926 1923/1923/1923 1922/1922/1922
f 1926/1926/1926 1920/1920/1920 1924/1924/1924
f 1927/1927/1927 1907/1907/1907 1923/1923/1923
f 1926/1926/1926 1927/1927/1927 1923/1923/1923
f 1928/1928/1928 1924/1924/1924 1925/1925/1925
f 1929/1929/1929 1928/1928/1928 1925/1925/1925
f 1928/1928/1928 1929/1929/1929 1930/1930/1930
f 1924/1924/1924 1931/1931/1931 1926/1926/1926
f 1931/1931/1931 1927/1927/1927 1926/1926/1926
f 1927/1927/1927 1932/1932/1932 1907/1907/1907
f 1907/1907/1907 1932/1932/1932 1904/1904/1904
f 1930/1930/1930 1933/1933/1933 1928/1928/1928
f 1933/1933/1933 1930/1930/1930 1905/1905/1905
f 1928/1928/1928 1934/1934/1934 1924/1924/1924
f 1934/1934/1934 1931/1931/1931 1924/1924/1924
f 1934/1934/1934 1928/1928/1928 1933/1933/1933
f 1931/1931/1931 1935/1935/1935 1927/1927/1927
f 1935/1935/1935 1932/1932/1932 1927/1927/1927
f 1935/1935/1935 1931/1931/1931 1934/1934/1934
f 1904/1904/1904 1936/1936/1936 1905/1905/1905
f 1905/1905/1905 1936/1936/1936 1933/1933/1933
f 1904/1904/1904 1932/1932/1932 1937/1937/1937
f 1935/1935/1935 1937/1937/1937 1932/1932/1932
f 1937/1937/1937 1936/1936/1936 1904/1904/1904
f 1938/1938/1938 1933/1933/1933 1936/1936/1936
f 1933/1933/1933 1938/1938/1938 1934/1934/1934
f 1936/1936/1936 1937/1937/1937 1938/1938/1938
f 1939/1939/1939 1937/1937/1937 1935/1935/1935
f 1934/1934/1934 1939/1939/1939 1935/1935/1935
f 1939/1939/1939 1938/1938/1938 1937/1937/1937
f 1938/1938/1938 1939/1939/1939 1934/1934/1934
f 1942/1942/1942 1941/1941/1941 1940/1940/1940
f 1943/1943/1943 1940/1940/1940 1941/1941/1941
f 1940/1940/1940 1944/1944/1944 1942/1942/1942
f 1944/1944/1944 1940/1940/1940 1945/1945/1945
f 1946/1946/1946 1942/1942/1942 1944/1944/1944
f 1944/1944/1944 1947/1947/1947 1946/1946/1946
f 1948/1948/1948 1940/1940/1940 1943/1943/1943
f 1948/1948/1948 1945/1945/1945 1940/1940/1940
f 1948/1948/1948 1943/1943/1943 1949/1949/1949
f 1947/1947/1947 1944/1944/1944 1950/1950/1950
f 1945/1945/1945 1950/1950/1950 1944/1944/1944
f 1950/1950/1950 1951/1951/1951 1947/1947/1947
f 1952/1952/1952 1951/1951/1951 1950/1950/1950
f 1949/1949/1949 1953/1953/1953 1948/1948/1948
f 1953/1953/1953 1949/1949/1949 1954/1954/1954
f 1950/1950/1950 1955/1955/1955 1952/1952/1952
f 1955/1955/1955 1950/1950/1950 1945/1945/1945
f 1956/1956/1956 1945/1945/1945 1948/1948/1948
f 1956/1956/1956 1948/1948/1948 1953/1953/1953
f 1952/1952/1952 1955/1955/1955 1957/1957/1957
f 1957/1957/1957 1958/1958/1958 1952/1952/1952
f 1959/1959/1959 1958/1958/1958 1957/1957/1957
f 1957/1957/1957 1960/1960/1960 1959/1959/1959
f 1961/1961/1961 1959/1959/1959 1960/1960/1960
f 1960/1960/1960 1962/1962/1962 1961/1961/1961
f 1963/1963/1963 1957/1957/1957 1955/1955/1955
f 1960/1960/1960 1957/1957/1957 1963/1963/1963
f 1962/1962/1962 1960/1960/1960 1964/1964/1964
f 1963/1963/1963 1964/1964/1964 1960/1960/1960
f 1964/1964/1964 1965/1965/1965 1962/1962/1962
f 1965/1965/1965 1964/1964/1964 1966/1966/1966
f 1966/1966/1966 1964/1964/1964 1963/1963/1963
f 1966/1966/1966 1967/1967/1967 1965/1965/1965
f 1955/1955/1955 1968/1968/1968 1963/1963/1963
f 1945/1945/1945 1968/1968/1968 1955/1955/1955
f 1967/1967/1967 1966/1966/1966 1969/1969/1969
f 1969/1969/1969 1970/1970/1970 1967/1967/1967
f 1963/1963/1963 1971/1971/1971 1966/1966/1966
f 1963/1963/1963 1968/1968/1968 1971/1971/1971
f 1969/1969/1969 1966/1966/1966 1971/1971/1971
f 1968/1968/1968 1945/1945/1945 1972/1972/1972
f 1972/1972/1972 1971/1971/1971 1968/1968/1968
f 1956/1956/1956 1972/1972/1972 1945/1945/1945
f 1970/1970/1970 1969/1969/1969 1973/1973/1973
f 1973/1973/1973 1974/1974/1974 1970/1970/1970
f 1971/1971/1971 1975/1975/1975 1969/1969/1969
f 1971/1971/1971 1972/1972/1972 1975/1975/1975
f 1973/1973/1973 1969/1969/1969 1975/1975/1975
f 1976/1976/1976 1972/1972/1972 1956/1956/1956
f 1976/1976/1976 1975/1975/1975 1972/1972/1972
f 1974/1974/1974 1973/1973/1973 1977/1977/1977
f 1977/1977/1977 1978/1978/1978 1974/1974/1974
f 1979/1979/1979 1978/1978/1978 1977/1977/1977
f 1975/1975/1975 1980/1980/1980 1973/1973/1973
f 1980/1980/1980 1975/1975/1975 1976/1976/1976
f 1981/1981/1981 1976/1976/1976 1956/1956/1956
f 1953/1953/1953 1981/1981/1981 1956/1956/1956
f 1982/1982/1982 1977/1977/1977 1973/1973/1973
f 1973/1973/1973 1980/1980/1980 1982/1982/1982
f 1977/1977/1977 1983/1983/1983 1979/1979/1979
f 1977/1977/1977 1982/1982/1982 1983/1983/1983
f 1979/1979/1979 1983/1983/1983 1954/1954/1954
f 1976/1976/1976 1984/1984/1984 1980/1980/1980
f 1984/1984/1984 1976/1976/1976 1981/1981/1981
f 1982/1982/1982 1980/1980/1980 1984/1984/1984
f 1954/1954/1954 1985/1985/1985 1953/1953/1953
f 1983/1983/1983 1985/1985/1985 1954/1954/1954
f 1986/1986/1986 1981/1981/1981 1953/1953/1953
f 1981/1981/1981 1986/1986/1986 1984/1984/1984
f 1985/1985/1985 1986/1986/1986 1953/1953/1953
f 1983/1983/1983 1987/1987/1987 1985/1985/1985
f 1982/1982/1982 1987/1987/1987 1983/1983/1983
f 1987/1987/1987 1986/1986/1986 1985/1985/1985
f 1988/1988/1988 1984/1984/1984 1986/1986/1986
f 1984/1984/1984 1988/1988/1988 1982/1982/1982
f 1986/1986/1986 1987/1987/1987 1988/1988/1988
f 1988/1988/1988 1987/1987/1987 1982/1982/1982
g Mai_S004_Face_1
f 1991/1991/1991 1990/1990/1990 1989/1989/1989
f 1993/1993/1993 1992/1992/1992 1991/1991/1991
f 1995/1995/1995 1991/1991/1991 1994/1994/1994
f 1998/1998/1998 1997/1997/1997 1996/1996/1996
f 2001/2001/2001 2000/2000/2000 1999/1999/1999
f 2004/2004/2004 2003/2003/2003 2002/2002/2002
f 2007/2007/2007 2006/2006/2006 2005/2005/2005
f 2009/2009/2009 2008/2008/2008 2007/2007/2007
f 2012/2012/2012 2011/2011/2011 2010/2010/2010
f 2015/2015/2015 2014/2014/2014 2013/2013/2013
f 2017/2017/2017 2014/2014/2014 2016/2016/2016
f 2020/2020/2020 2019/2019/2019 2018/2018/2018
f 2023/2023/2023 2022/2022/2022 2021/2021/2021
f 2026/2026/2026 2025/2025/2025 2024/2024/2024
f 2029/2029/2029 2028/2028/2028 2027/2027/2027
f 2027/2027/2027 2030/2030/2030 2029/2029/2029
f 2031/2031/2031 2029/2029/2029 2030/2030/2030
f 2032/2032/2032 2030/2030/2030 2027/2027/2027
f 2032/2032/2032 2033/2033/2033 2030/2030/2030
f 2031/2031/2031 2030/2030/2030 2033/2033/2033
f 2034/2034/2034 2033/2033/2033 2032/2032/2032
f 2034/2034/2034 2035/2035/2035 2033/2033/2033
f 2031/2031/2031 2033/2033/2033 2035/2035/2035
f 2036/2036/2036 2035/2035/2035 2034/2034/2034
f 2031/2031/2031 2035/2035/2035 2036/2036/2036
f 2034/2034/2034 2037/2037/2037 2036/2036/2036
f 2038/2038/2038 2036/2036/2036 2037/2037/2037
f 2031/2031/2031 2036/2036/2036 2038/2038/2038
f 2037/2037/2037 2039/2039/2039 2038/2038/2038
f 2040/2040/2040 2038/2038/2038 2039/2039/2039
f 2031/2031/2031 2038/2038/2038 2040/2040/2040
f 2039/2039/2039 2041/2041/2041 2040/2040/2040
f 2031/2031/2031 2040/2040/2040 2042/2042/2042
f 2042/2042/2042 2040/2040/2040 2041/2041/2041
f 2041/2041/2041 2043/2043/2043 2042/2042/2042
f 2031/2031/2031 2042/2042/2042 2044/2044/2044
f 2044/2044/2044 2042/2042/2042 2043/2043/2043
f 2031/2031/2031 2044/2044/2044 2045/2045/2045
f 2043/2043/2043 2046/2046/2046 2044/2044/2044
f 2047/2047/2047 2045/2045/2045 2044/2044/2044
f 2044/2044/2044 2048/2048/2048 2047/2047/2047
f 2045/2045/2045 2047/2047/2047 2049/2049/2049
f 2049/2049/2049 2050/2050/2050 2045/2045/2045
f 2031/2031/2031 2045/2045/2045 2050/2050/2050
f 2050/2050/2050 2049/2049/2049 2051/2051/2051
f 2051/2051/2051 2052/2052/2052 2050/2050/2050
f 2031/2031/2031 2050/2050/2050 2052/2052/2052
f 2052/2052/2052 2051/2051/2051 2053/2053/2053
f 2053/2053/2053 2054/2054/2054 2052/2052/2052
f 2031/2031/2031 2052/2052/2052 2054/2054/2054
f 2054/2054/2054 2053/2053/2053 2055/2055/2055
f 2054/2054/2054 2055/2055/2055 2056/2056/2056
f 2031/2031/2031 2054/2054/2054 2056/2056/2056
f 2056/2056/2056 2055/2055/2055 2057/2057/2057
f 2057/2057/2057 2058/2058/2058 2056/2056/2056
f 2031/2031/2031 2056/2056/2056 2058/2058/2058
f 2058/2058/2058 2057/2057/2057 2059/2059/2059
f 2031/2031/2031 2058/2058/2058 2060/2060/2060
f 2059/2059/2059 2060/2060/2060 2058/2058/2058
f 2031/2031/2031 2060/2060/2060 2061/2061/2061
f 2061/2061/2061 2060/2060/2060 2059/2059/2059
f 2031/2031/2031 2061/2061/2061 2062/2062/2062
f 2059/2059/2059 2063/2063/2063 2061/2061/2061
f 2062/2062/2062 2061/2061/2061 2063/2063/2063
f 2063/2063/2063 2064/2064/2064 2062/2062/2062
f 2065/2065/2065 2062/2062/2062 2064/2064/2064
f 2031/2031/2031 2062/2062/2062 2065/2065/2065
f 2064/2064/2064 2066/2066/2066 2065/2065/2065
f 2067/2067/2067 2065/2065/2065 2066/2066/2066
f 2031/2031/2031 2065/2065/2065 2067/2067/2067
f 2066/2066/2066 2068/2068/2068 2067/2067/2067
f 2031/2031/2031 2067/2067/2067 2069/2069/2069
f 2067/2067/2067 2070/2070/2070 2069/2069/2069
f 2070/2070/2070 2067/2067/2067 2071/2071/2071
f 2072/2072/2072 2069/2069/2069 2070/2070/2070
f 2031/2031/2031 2069/2069/2069 2072/2072/2072
f 2070/2070/2070 2073/2073/2073 2072/2072/2072
f 2074/2074/2074 2072/2072/2072 2073/2073/2073
f 2031/2031/2031 2072/2072/2072 2074/2074/2074
f 2073/2073/2073 2075/2075/2075 2074/2074/2074
f 2031/2031/2031 2074/2074/2074 2076/2076/2076
f 2076/2076/2076 2074/2074/2074 2075/2075/2075
f 2031/2031/2031 2076/2076/2076 2029/2029/2029
f 2075/2075/2075 2077/2077/2077 2076/2076/2076
f 2029/2029/2029 2076/2076/2076 2077/2077/2077
f 2077/2077/2077 2078/2078/2078 2029/2029/2029
f 2081/2081/2081 2080/2080/2080 2079/2079/2079
f 2082/2082/2082 2081/2081/2081 2079/2079/2079
f 2079/2079/2079 2083/2083/2083 2082/2082/2082
f 2084/2084/2084 2081/2081/2081 2082/2082/2082
f 2085/2085/2085 2084/2084/2084 2082/2082/2082
f 2082/2082/2082 2083/2083/2083 2085/2085/2085
f 2086/2086/2086 2084/2084/2084 2085/2085/2085
f 2085/2085/2085 2087/2087/2087 2086/2086/2086
f 2085/2085/2085 2083/2083/2083 2087/2087/2087
f 2086/2086/2086 2087/2087/2087 2088/2088/2088
f 2087/2087/2087 2083/2083/2083 2088/2088/2088
f 2088/2088/2088 2089/2089/2089 2086/2086/2086
f 2089/2089/2089 2088/2088/2088 2090/2090/2090
f 2088/2088/2088 2083/2083/2083 2090/2090/2090
f 2090/2090/2090 2091/2091/2091 2089/2089/2089
f 2091/2091/2091 2090/2090/2090 2092/2092/2092
f 2090/2090/2090 2083/2083/2083 2092/2092/2092
f 2092/2092/2092 2093/2093/2093 2091/2091/2091
f 2092/2092/2092 2083/2083/2083 2094/2094/2094
f 2093/2093/2093 2092/2092/2092 2094/2094/2094
f 2094/2094/2094 2095/2095/2095 2093/2093/2093
f 2094/2094/2094 2083/2083/2083 2096/2096/2096
f 2095/2095/2095 2094/2094/2094 2096/2096/2096
f 2096/2096/2096 2083/2083/2083 2097/2097/2097
f 2096/2096/2096 2098/2098/2098 2095/2095/2095
f 2097/2097/2097 2099/2099/2099 2096/2096/2096
f 2100/2100/2100 2096/2096/2096 2099/2099/2099
f 2099/2099/2099 2097/2097/2097 2101/2101/2101
f 2102/2102/2102 2101/2101/2101 2097/2097/2097
f 2097/2097/2097 2083/2083/2083 2102/2102/2102
f 2103/2103/2103 2101/2101/2101 2102/2102/2102
f 2104/2104/2104 2103/2103/2103 2102/2102/2102
f 2102/2102/2102 2083/2083/2083 2104/2104/2104
f 2105/2105/2105 2103/2103/2103 2104/2104/2104
f 2106/2106/2106 2105/2105/2105 2104/2104/2104
f 2104/2104/2104 2083/2083/2083 2106/2106/2106
f 2105/2105/2105 2106/2106/2106 2107/2107/2107
f 2108/2108/2108 2107/2107/2107 2106/2106/2106
f 2106/2106/2106 2083/2083/2083 2108/2108/2108
f 2107/2107/2107 2108/2108/2108 2109/2109/2109
f 2110/2110/2110 2109/2109/2109 2108/2108/2108
f 2108/2108/2108 2083/2083/2083 2110/2110/2110
f 2109/2109/2109 2110/2110/2110 2111/2111/2111
f 2110/2110/2110 2083/2083/2083 2112/2112/2112
f 2112/2112/2112 2111/2111/2111 2110/2110/2110
f 2112/2112/2112 2083/2083/2083 2113/2113/2113
f 2111/2111/2111 2112/2112/2112 2113/2113/2113
f 2113/2113/2113 2083/2083/2083 2114/2114/2114
f 2113/2113/2113 2115/2115/2115 2111/2111/2111
f 2115/2115/2115 2113/2113/2113 2114/2114/2114
f 2114/2114/2114 2116/2116/2116 2115/2115/2115
f 2116/2116/2116 2114/2114/2114 2117/2117/2117
f 2114/2114/2114 2083/2083/2083 2117/2117/2117
f 2117/2117/2117 2118/2118/2118 2116/2116/2116
f 2118/2118/2118 2117/2117/2117 2119/2119/2119
f 2117/2117/2117 2083/2083/2083 2119/2119/2119
f 2119/2119/2119 2120/2120/2120 2118/2118/2118
f 2119/2119/2119 2083/2083/2083 2121/2121/2121
f 2119/2119/2119 2121/2121/2121 2122/2122/2122
f 2123/2123/2123 2119/2119/2119 2122/2122/2122
f 2122/2122/2122 2121/2121/2121 2124/2124/2124
f 2121/2121/2121 2083/2083/2083 2124/2124/2124
f 2124/2124/2124 2125/2125/2125 2122/2122/2122
f 2125/2125/2125 2124/2124/2124 2126/2126/2126
f 2124/2124/2124 2083/2083/2083 2126/2126/2126
f 2126/2126/2126 2127/2127/2127 2125/2125/2125
f 2126/2126/2126 2083/2083/2083 2128/2128/2128
f 2127/2127/2127 2126/2126/2126 2128/2128/2128
f 2128/2128/2128 2083/2083/2083 2079/2079/2079
f 2128/2128/2128 2129/2129/2129 2127/2127/2127
f 2129/2129/2129 2128/2128/2128 2079/2079/2079
f 2079/2079/2079 2130/2130/2130 2129/2129/2129
f 2133/2133/2133 2132/2132/2132 2131/2131/2131
f 2131/2131/2131 2132/2132/2132 2134/2134/2134
