g Mai_S004_Hair
v -0.0767015 -0.025839299 1.648703
v -0.0768969 -0.0263399 1.6479157
v -0.0736415 -0.0268377 1.6351297
v -0.0336821 -0.039037798 1.5990033
v -0.033833798 -0.0391555 1.5990524
v -0.045181196 -0.036156 1.603221
v 0.046784 -0.009896399 1.561484
v 0.0467 -0.0096764 1.5616801
v 0.047373798 -0.010329 1.5622925
v -0.0762321 -0.02533 1.648843
v -0.075572595 -0.024894 1.6483108
v -0.0691411 -0.0246718 1.6363897
v -0.0461161 -0.0357061 1.6020947
v -0.033631697 -0.038884398 1.5989802
v -0.0338051 -0.0387237 1.5990105
v 0.047108795 -0.0093149 1.561231
v 0.0467525 -0.0093106 1.5610899
v 0.0472446 -0.0083425995 1.5609907
v -0.0762321 -0.02533 1.648843
v -0.0767015 -0.025839299 1.648703
v -0.0732008 -0.026290098 1.6352019
v -0.033631697 -0.038884398 1.5989802
v -0.0336821 -0.039037798 1.5990033
v -0.0455519 -0.035779 1.6027522
v -0.109697394 0.1433205 1.5332452
v -0.113271795 0.1559301 1.5214672
v -0.1138471 0.15570119 1.521123
v -0.13355404 0.124742545 1.5860618
v -0.13527253 0.13091417 1.5866528
v -0.14470407 0.14971521 1.5669715
v -0.06716078 0.23565295 1.4045383
v -0.066663474 0.23427765 1.4044787
v -0.0690695 0.23536305 1.395473
v 0.14311351 0.13960592 1.5675868
v 0.13304597 0.124076195 1.5856634
v 0.1354649 0.13052143 1.5866528
v 0.14470406 0.14949168 1.5669715
v 0.1354649 0.13052143 1.5866528
v 0.13304597 0.124076195 1.5856634
v 0.14550705 0.15029985 1.5682329
v 0.15387532 0.1716071 1.5515698
v 0.1354649 0.13052143 1.5866528
v 0.15460043 0.17259741 1.552836
v 0.15924144 0.19030455 1.536211
v 0.1599176 0.19153814 1.5373213
v 0.1607283 0.20371757 1.5200651
v 0.16134003 0.20515497 1.5208596
v 0.15877274 0.21300663 1.5014801
v 0.17371349 0.18296917 1.5374004
v 0.16481797 0.16287851 1.5527775
v 0.15301064 0.14007436 1.5682188
v 0.1592923 0.21416195 1.501865
v 0.15713565 0.21560739 1.4848322
v 0.15668114 0.21447799 1.4849243
v 0.15578048 0.21017891 1.4666847
v 0.15538242 0.20910764 1.4672037
v 0.15510982 0.19848564 1.4500947
v 0.15547706 0.19947024 1.4492615
v 0.1563316 0.18343645 1.4323246
v 0.15675308 0.18437523 1.4313226
v 0.15946117 0.17091747 1.4187467
v 0.15995952 0.1718783 1.4177029
v 0.1649905 0.15883566 1.4061731
v 0.17129737 0.18014792 1.4316374
v 0.17307079 0.19482473 1.449262
v 0.1745761 0.20529026 1.4666215
v 0.17671214 0.21014367 1.4849161
v 0.16554691 0.15986733 1.4051518
v 0.17464171 0.15032424 1.3951052
v 0.18938395 0.17855678 1.4492631
v 0.17204662 0.16783029 1.4177035
v 0.1752628 0.15150538 1.3943962
v 0.18649867 0.15032573 1.3850468
v 0.17830318 0.20809303 1.5020163
v 0.19287376 0.1871851 1.4666367
v 0.18448867 0.16600786 1.4321005
v 0.17490642 0.15705408 1.40526
v 0.17805927 0.19829556 1.52086
v 0.19357948 0.183804 1.5208609
v 0.1955355 0.19204596 1.485016
v 0.20048892 0.1693243 1.4851763
v 0.19625518 0.19170348 1.5021199
v 0.1825183 0.15589704 1.4177052
v 0.18611813 0.16986868 1.5374957
v 0.20194176 0.16950613 1.5021085
v 0.1975188 0.1654519 1.4668254
v 0.19214973 0.15751274 1.4492667
v 0.18671271 0.14749539 1.4327558
v 0.19946612 0.16362384 1.5208644
v 0.17466192 0.14912339 1.5528935
v 0.19180907 0.15066925 1.5376889
v 0.19096534 0.15723972 1.4499022
v 0.19630313 0.16514301 1.467223
v 0.18546931 0.14719468 1.4333602
v 0.19922917 0.16896448 1.4852548
v 0.20066188 0.16909772 1.5017768
v 0.19826484 0.16317257 1.5200377
v 0.19077487 0.15023644 1.5365428
v 0.18227783 0.13970646 1.4181722
v 0.17904678 0.13265091 1.5520697
v 0.18359913 0.13999794 1.4177083
v 0.18142608 0.13472775 1.4049573
v 0.17995617 0.13307866 1.5533425
v 0.16563179 0.10915352 1.5667437
v 0.18246384 0.14842808 1.4052116
v 0.18277954 0.13493627 1.404837
v 0.18424179 0.13532789 1.3941075
v 0.16114315 0.1255158 1.5681322
v 0.16658539 0.10954817 1.5679575
v 0.15230274 0.088380545 1.5856854
v 0.18097706 0.14967434 1.3943962
v 0.18548942 0.13538991 1.3943989
v 0.19154727 0.14373893 1.3847885
v 0.18591106 0.14517176 1.3943968
v 0.14113101 0.12203194 1.5868325
v 0.14837968 0.106063314 1.5866549
v 0.15343232 0.08877688 1.586658
v 0.14312053 0.076760024 1.6077679
v 0.19249026 0.14370719 1.3855432
v 0.20004512 0.15726453 1.3785577
v 0.19980568 0.15710188 1.3773571
v 0.19193561 0.14866377 1.3855426
v 0.18979953 0.15021788 1.3855424
v 0.18688606 0.15121865 1.3855422
v 0.19980568 0.15710188 1.3773571
v 0.14453799 0.07730635 1.6079968
v 0.13707195 0.070529394 1.6291474
v 0.13573541 0.07012513 1.6286424
v 0.12820183 0.064852744 1.6528825
v 0.14021143 0.094468504 1.6080406
v 0.1334988 0.08787812 1.6293036
v 0.12948795 0.0654504 1.6532551
v 0.1203024 0.0612793 1.6851991
v 0.13321231 0.11404554 1.6082287
v 0.12645535 0.08286004 1.6534219
v 0.1216786 0.061571997 1.6855259
v 0.11440497 0.0585167 1.7155367
v 0.12721214 0.11095091 1.6295403
v 0.1298209 0.12072142 1.6083132
v 0.120655246 0.108202666 1.653771
v 0.12561361 0.11493137 1.6295991
v 0.11856049 0.079144 1.6858844
v 0.11577851 0.058840312 1.7158864
v 0.10808754 0.056116514 1.7454648
v 0.11347248 0.100868076 1.6864024
v 0.1121715 0.07611073 1.7165678
v 0.1094653 0.056452923 1.7459087
v 0.10102114 0.054439977 1.7676692
v 0.107087836 0.093560494 1.7173331
v 0.10548687 0.072448805 1.747093
v 0.1023632 0.054721426 1.7682217
v 0.09126675 0.051171254 1.7904152
v 0.10040566 0.0876144 1.7482343
v 0.09899761 0.069630094 1.769562
v 0.092531346 0.051388185 1.7911224
v 0.079146795 0.0465773 1.8105791
v 0.09434088 0.08442171 1.7708558
v 0.0891528 0.06580908 1.7927995
v 0.08028924 0.046698704 1.8114781
v 0.063421085 0.040107 1.8277795
v 0.08460586 0.07966314 1.7944131
v 0.07792348 0.06071427 1.8122174
v 0.06435683 0.040092487 1.8289083
v 0.04475873 0.032018337 1.8403767
v 0.073991194 0.07398783 1.81323
v 0.062362984 0.052712508 1.8303798
v 0.045381688 0.031933382 1.8417087
v 0.018173903 0.023275346 1.8491018
v 0.059294116 0.065646276 1.8306298
v 0.06752225 0.08427374 1.8143208
v 0.07741139 0.092319734 1.7958153
v 0.044204015 0.04508418 1.8428226
v 0.042286385 0.058664035 1.8424765
v 0.047766484 0.07823448 1.8315176
v 0.08623025 0.098945156 1.7720748
v 0.05891526 0.09372452 1.8144555
v 0.091619015 0.10412395 1.7493188
v 0.067085065 0.10412411 1.7969493
v 0.09806951 0.111804575 1.7180765
v 0.07569299 0.112565175 1.7731308
v 0.08086395 0.11828853 1.7502432
v 0.104255386 0.12113348 1.6869056
v 0.08659654 0.12724191 1.718644
v 0.110781394 0.13054815 1.6541264
v 0.091835484 0.13729317 1.6871033
v 0.114611216 0.1373174 1.6298938
v 0.09750239 0.1481887 1.6542889
v 0.11808267 0.14387405 1.6082977
v 0.1354649 0.13052143 1.5866528
v 0.10043262 0.1551994 1.6301806
v 0.07148221 0.1364206 1.7192428
v 0.07533679 0.1454349 1.6873752
v 0.07899257 0.1548526 1.6544871
v 0.081246145 0.16145764 1.630411
v 0.07557097 0.16744992 1.6304634
v 0.069688775 0.16259779 1.6544938
v 0.08268444 0.16669078 1.6085452
v 0.10283958 0.16179217 1.6083921
v 0.066215396 0.12830539 1.7511777
v 0.061425894 0.15468103 1.687497
v 0.12253024 0.15161154 1.5866547
v 0.06158429 0.122881636 1.7741877
v 0.054639753 0.14820062 1.7197183
v 0.14402635 0.14036004 1.5686948
v 0.14311351 0.13960592 1.5675868
v 0.15213645 0.15192251 1.552836
v 0.15128613 0.15116851 1.5516775
v 0.12949541 0.16055652 1.5688134
v 0.10658782 0.17000262 1.5866565
v 0.16030216 0.1639098 1.5369117
v 0.15944691 0.16306129 1.5358617
v 0.13695294 0.17156936 1.5528125
v 0.16584338 0.17144963 1.5206332
v 0.16493137 0.17046891 1.5199013
v 0.16675372 0.17514274 1.5019139
v 0.16581516 0.17411497 1.5017393
v 0.16109215 0.17338775 1.485164
v 0.14428371 0.1818361 1.5367044
v 0.08692699 0.17268583 1.5866582
v 0.08681297 0.17289448 1.5866532
v 0.09186613 0.181294 1.5683697
v 0.111410104 0.17829378 1.5689034
v 0.09700544 0.19138081 1.5527254
v 0.09163681 0.17997083 1.5673884
v 0.096749894 0.19007608 1.5517218
v 0.10128307 0.20001227 1.5361902
v 0.117253326 0.18882754 1.5527723
v 0.101508364 0.20152257 1.5368524
v 0.12327736 0.19851542 1.5364861
v 0.103645205 0.20634402 1.5197781
v 0.1035297 0.20492142 1.5191767
v 0.12736687 0.20543577 1.5201108
v 0.10407379 0.20925315 1.5015019
v 0.104042664 0.20779562 1.5012616
v 0.14920479 0.18908758 1.5204169
v 0.12835266 0.20933649 1.5016338
v 0.102653995 0.20851143 1.484261
v 0.10268421 0.20707282 1.4843957
v 0.10184044 0.20362087 1.4668623
v 0.15043075 0.1931968 1.5017778
v 0.1271913 0.20901841 1.4844354
v 0.14718719 0.19336425 1.4846345
v 0.10177246 0.20501186 1.4663943
v 0.10133823 0.19707513 1.4499713
v 0.16202961 0.17429699 1.4848322
v 0.1540374 0.17063014 1.4672911
v 0.1423276 0.19100736 1.4665383
v 0.12462238 0.20595902 1.4664557
v 0.15498993 0.17137872 1.4666449
v 0.14699195 0.16544226 1.4500015
v 0.101308666 0.1984289 1.4492732
v 0.10078396 0.18971044 1.4325978
v 0.13804516 0.18546584 1.4492651
v 0.14800057 0.16610938 1.4492613
v 0.14235237 0.15776883 1.432554
v 0.122322306 0.19927369 1.4492686
v 0.10082733 0.19115469 1.4320202
v 0.10476867 0.18977714 1.4138976
v 0.14350955 0.15841882 1.4320749
v 0.14338058 0.15510234 1.4151756
v 0.13550311 0.17763443 1.4321038
v 0.12038501 0.19053155 1.431995
v 0.104983516 0.191266 1.4136801
v 0.11382362 0.19573902 1.3951541
v 0.14457256 0.1557183 1.4151796
v 0.14813866 0.1603395 1.4002957
v 0.123144984 0.18691589 1.4143678
v 0.11418003 0.19703682 1.3953977
v 0.12634593 0.20300418 1.3826354
v 0.13709565 0.17397802 1.4150888
v 0.14909244 0.16081914 1.4008884
v 0.1298363 0.18925346 1.3974777
v 0.12654373 0.2038358 1.3834339
v 0.15682133 0.17038435 1.3911604
v 0.15648827 0.17023751 1.3899727
v 0.14235649 0.17644748 1.3996124
v 0.1400616 0.20962185 1.378401
v 0.14030246 0.20955884 1.3770841
v 0.14058521 0.19491465 1.3864076
v 0.16362843 0.1832002 1.3865045
v 0.16391712 0.18332435 1.3850863
v 0.15066627 0.183059 1.3891073
v 0.15066357 0.21372832 1.3799456
v 0.15124592 0.21455754 1.3784626
v 0.15959747 0.2189858 1.3837416
v 0.1676781 0.19641264 1.3852043
v 0.16860546 0.19679621 1.3838449
v 0.15951347 0.1934722 1.3831993
v 0.15183082 0.20228812 1.38066
v 0.15903598 0.21765506 1.3850099
v 0.16554904 0.22149585 1.3936045
v 0.16459987 0.22030558 1.394575
v 0.16799003 0.20859993 1.3872648
v 0.16923504 0.20927498 1.3862236
v 0.16554904 0.22149585 1.3936045
v 0.16457199 0.20359002 1.3821638
v 0.15908188 0.20957221 1.3804144
v 0.1662709 0.21272087 1.3855847
v 0.1635048 0.21605848 1.3847015
v 0.06906944 0.23536603 1.395473
v 0.06666345 0.23428144 1.4044787
v 0.06716072 0.23565689 1.4045383
v -0.082144886 0.16519941 1.6085452
v -0.08124615 0.16145405 1.630411
v -0.0736693 0.13639864 1.6086447
v 0.073669314 0.137831 1.6093899
v 0.08268444 0.16669078 1.6085452
v 0.08585594 0.17289448 1.5866532
v 0.028765077 0.114610694 1.8164976
v 0.034303654 0.1263924 1.7997924
v 0.03425526 0.12626779 1.7997115
v 0.028644528 0.11479911 1.8166302
v 0.02045401 0.09622776 1.8333495
v 0.034303654 0.1263924 1.7997924
v 0.021996656 0.116769925 1.816843
v 0.021795811 0.11667131 1.8167212
v 0.022204034 0.13000345 1.8003469
v 0.021851424 0.12984703 1.8002081
v 0.034090005 0.12670979 1.7999438
v 0.022225145 0.14325966 1.7764448
v 0.03955395 0.13816433 1.7758718
v 0.03425526 0.12626779 1.7997115
v 0.039267413 0.1385982 1.7760402
v 0.021757321 0.14302352 1.7763017
v 0.022068564 0.14797044 1.7649261
v 0.02182438 0.12971835 1.8001251
v 0.021795811 0.11667131 1.8167212
v 0.0414542 0.14289312 1.7644119
v 0.039487634 0.13795175 1.7757639
v 0.041136045 0.14336888 1.7645465
v 0.021562101 0.14769241 1.7648147
v 0.021706529 0.14280857 1.7761909
v 0.022347145 0.15160884 1.7531664
v 0.022044444 0.12942947 1.799967
v 0.022005202 0.14239505 1.7760094
v 0.021938886 0.116501845 1.8165939
v 0.02045401 0.09622776 1.8333495
v 0.028557956 0.114540525 1.8163819
v 0.028765077 0.114610694 1.8164976
v 0.033909805 0.12613814 1.7995679
v 0.03901754 0.13774104 1.7756059
v 0.021828536 0.14697899 1.7645772
v 0.021504888 0.14743768 1.7647254
v 0.041384347 0.14264023 1.7643274
v 0.021843717 0.15132375 1.753061
v 0.04088194 0.14238213 1.7641945
v 0.0424653 0.14662105 1.7525785
v 0.021786684 0.15107027 1.7529755
v 0.022110399 0.15061136 1.7528394
v 0.04196893 0.14634523 1.7524548
v 0.04252677 0.14687493 1.7526623
v 0.042198062 0.14734456 1.7527838
v 0.02281628 0.15631875 1.7369636
v 0.04347878 0.15135923 1.7365572
v 0.022591515 0.1553024 1.7366747
v 0.022315098 0.15603289 1.736858
v 0.043419465 0.15110599 1.736484
v 0.04315732 0.15183099 1.7366608
v 0.042924084 0.15082456 1.7363725
v 0.022257963 0.1557715 1.7367843
v 0.024157695 0.16056511 1.7206134
v 0.044829525 0.1554135 1.720241
v 0.023924368 0.15955113 1.7203267
v 0.02365856 0.16029067 1.7204893
v 0.04451188 0.15588748 1.7203329
v 0.04477162 0.15515988 1.720167
v 0.04427404 0.15488206 1.7200444
v 0.023596754 0.16003095 1.7204168
v 0.026307017 0.16493973 1.7044456
v 0.046697274 0.15968299 1.704111
v 0.026065448 0.16394097 1.7041208
v 0.025810774 0.16468042 1.7042947
v 0.046380654 0.16015634 1.7042048
v 0.046641577 0.15943019 1.7040292
v 0.04614372 0.15916024 1.7038815
v 0.025745017 0.16442594 1.7042133
v 0.029115753 0.17008324 1.6885349
v 0.04900004 0.16519627 1.6882201
v 0.028869798 0.16911785 1.6881349
v 0.028622221 0.16983762 1.6883564
v 0.048686 0.16566202 1.6883476
v 0.048941597 0.16494939 1.6881137
v 0.048434734 0.16469623 1.6879406
v 0.02855687 0.16959429 1.688256
v 0.032125946 0.17677525 1.6717916
v 0.051292878 0.17149004 1.6714889
v 0.03187583 0.1758385 1.6713295
v 0.031633 0.17654756 1.6716006
v 0.05098727 0.1719453 1.6716542
v 0.051233694 0.17125358 1.6713651
v 0.05072306 0.1710163 1.6711804
v 0.031564083 0.17631125 1.6714854
v 0.03525948 0.1848964 1.6554887
v 0.053983197 0.17925906 1.655235
v 0.03498397 0.18398513 1.654993
v 0.034756776 0.18468183 1.6552948
v 0.053685315 0.1797185 1.6554158
v 0.05391656 0.17902778 1.6551083
v 0.053407215 0.17880972 1.6549145
v 0.034685552 0.18445072 1.655173
v 0.039416503 0.19763526 1.6318086
v 0.058327325 0.19173254 1.6315329
v 0.039137926 0.19676532 1.6312379
v 0.03891173 0.1974441 1.6315931
v 0.058029994 0.19218165 1.6317364
v 0.058263455 0.19151117 1.6313869
v 0.05775518 0.19131275 1.6311662
v 0.038838148 0.19722414 1.6314462
v 0.04427098 0.21136713 1.6095672
v 0.063171454 0.20559171 1.6094995
v 0.04401512 0.21050446 1.6089859
v 0.0437766 0.21116574 1.6093441
v 0.06286057 0.20603228 1.6097128
v 0.06310818 0.20536807 1.6093512
v 0.062603116 0.2051659 1.6091247
v 0.04371005 0.21094841 1.6092006
v 0.048339732 0.22639674 1.5877644
v 0.06739133 0.2203704 1.5873863
v 0.048087824 0.22557984 1.5871266
v 0.047847807 0.22619605 1.5875484
v 0.06707059 0.2207913 1.5876356
v 0.067331575 0.22015785 1.5872192
v 0.06682983 0.21996212 1.5869877
v 0.04778314 0.22599447 1.58739
v 0.070189185 0.23398368 1.5694898
v 0.0499132 0.24034087 1.5699147
v 0.049654942 0.2395259 1.569273
v 0.070123725 0.2337735 1.5693223
v 0.069870345 0.23439457 1.56976
v 0.049348697 0.23991586 1.5695633
v 0.049724452 0.25274882 1.552941
v 0.06961836 0.23357305 1.5691072
v 0.07175171 0.24619617 1.5532385
v 0.049411755 0.24012068 1.569722
v 0.07167728 0.24598701 1.5530766
v 0.049962815 0.25359342 1.5535551
v 0.04940987 0.25313276 1.5532403
v 0.0711718 0.24578078 1.5528908
v 0.049465545 0.25334677 1.5533928
v 0.072407134 0.2568522 1.536245
v 0.07144127 0.24661525 1.5535161
v 0.0724888 0.25708988 1.5363706
v 0.071886696 0.25660494 1.536132
v 0.047819566 0.2634579 1.536704
v 0.07218017 0.25752938 1.5366162
v 0.048353814 0.26399067 1.5369126
v 0.07060544 0.26526335 1.518314
v 0.048139326 0.2630574 1.5364352
v 0.04786766 0.26369372 1.5368205
v 0.07037644 0.26598114 1.518603
v 0.07009482 0.26497278 1.5183135
v 0.044000886 0.27135366 1.5182157
v 0.044495326 0.2719554 1.5182465
v 0.07068864 0.2655221 1.5183946
v 0.04432469 0.27093095 1.5179955
v 0.044031434 0.27161324 1.518267
v 0.06590584 0.2697437 1.5016869
v 0.0661686 0.26899818 1.5015194
v 0.065692455 0.2686768 1.5016606
v 0.058476407 0.270033 1.4839255
v 0.06623046 0.26927572 1.5015281
v 0.038058475 0.27402732 1.5012828
v 0.038525097 0.27462682 1.5010803
v 0.03836062 0.27357537 1.5011305
v 0.058205336 0.2707841 1.4840914
v 0.038080744 0.27429 1.5012566
v 0.058046546 0.2697097 1.4841511
v 0.028851828 0.27369195 1.4836284
v 0.02929825 0.2742782 1.4833314
v 0.058534577 0.2703129 1.4839201
v 0.029151766 0.27322906 1.4834863
v 0.028877523 0.273956 1.4835862
v 0.0469287 0.26855814 1.466353
v 0.01807282 0.27142352 1.4660612
v 0.046773333 0.26751563 1.4666048
v 0.047224417 0.2680617 1.4662206
v 0.018092377 0.27168423 1.4659792
v 0.01838159 0.27094433 1.4659637
v 0.04717164 0.26779106 1.4662777
v 0.031137513 0.26282397 1.4475296
v 0.006156086 0.26691425 1.4472748
v 0.018498607 0.2719721 1.4656674
v 0.031527195 0.26305482 1.4471638
v 0.006477489 0.26642045 1.4472195
v 0.006194124 0.26717862 1.4471841
v 0.031577762 0.26330757 1.4470776
v 0.01832662 0.25819358 1.4317001
v -0.0016617104 0.26289988 1.4314134
v 0.031316653 0.26381806 1.4471648
v 0.0066215554 0.2674396 1.4468765
v 0.018749516 0.2584241 1.4313666
v -0.0013229864 0.26239154 1.4314088
v -0.0015961126 0.26317316 1.4313334
v 0.018531557 0.25916597 1.4313189
v 0.009889749 0.25626355 1.4162793
v -0.0047851354 0.26052377 1.4160877
v -0.0011176517 0.263426 1.4311115
v 0.018779138 0.25866452 1.4312617
v -0.004450627 0.26000553 1.4161172
v -0.0046959906 0.26080438 1.4160576
v 0.010146241 0.2572755 1.4161301
v 0.010364835 0.25655004 1.4160975
v 0.010403174 0.25679603 1.4160475
v 0.0073058065 0.25812027 1.4027907
v -0.004174711 0.26106474 1.4160125
v 0.007581277 0.25743687 1.4025761
v -0.0026330538 0.2610727 1.4029129
v -0.0031508792 0.26090357 1.4027345
v 0.007059478 0.2571266 1.4024954
v 0.007602812 0.25770015 1.4026318
v -0.0032957697 0.26063883 1.4026816
v 0.008860799 0.2648777 1.3926083
v 0.008877933 0.2650202 1.392838
v -0.0030175396 0.2600765 1.4026356
v 0.0035908162 0.26711518 1.3924022
v 0.0033593213 0.2675835 1.3927149
v 0.0034781238 0.26772428 1.3929324
v 0.0039245957 0.2676725 1.3932638
v 0.008400004 0.26481172 1.3922514
v 0.01629459 0.28167766 1.3852499
v 0.016678188 0.2822885 1.385452
v 0.01674777 0.28241634 1.3858427
v 0.01650932 0.28207782 1.3864655
v 0.008566307 0.2653653 1.3931512
v 8.678436E-07 -0.04113445 1.826244
v 0.0045849797 -0.042965345 1.8245093
v 1.373291E-06 -0.041155703 1.8244346
v 0.004253931 -0.041473303 1.8259289
v -3.902435E-05 -0.040674917 1.8272936
v -4.2409894E-05 -0.035725437 1.8306961
v 0.011007557 -0.04125488 1.8261844
v 0.011143388 -0.042052276 1.8251417
v 0.0041806027 -0.036786728 1.8325869
v 0.019983662 -0.041701764 1.8252
v 0.020410938 -0.04223599 1.8240523
v 0.004664087 -0.027822642 1.8380018
v -4.6043395E-05 -0.027191266 1.8359016
v 0.03749174 -0.043539625 1.8189968
v 0.03703121 -0.04382153 1.8179443
v 0.004961748 -0.017661704 1.8417933
v -4.414558E-05 -0.01654208 1.8391377
v 0.0051579284 -0.006785221 1.8452038
v -4.4422148E-05 -0.0075111864 1.8425589
v -4.4736862E-05 0.006465969 1.8461437
v 0.011507425 -0.01846757 1.8434777
v 0.010954895 -0.028769927 1.8396646
v 0.0055203913 0.007141714 1.8480219
v -4.4851302E-05 0.018209534 1.8486301
v 0.018339567 0.02315466 1.8505614
v 0.011876602 -0.005768385 1.8470473
v 0.010844259 -0.037999988 1.8341925
v 0.022832537 -0.019116992 1.8429562
v 0.012059927 0.008031692 1.849367
v 0.021485338 -0.040050257 1.8335458
v 0.022389479 -0.029863046 1.8394815
v 0.03833536 -0.043042067 1.824694
v 0.023629379 -0.004333372 1.8470635
v 0.023983078 0.010265254 1.8487197
v 0.04124114 -0.031209512 1.8307186
v 0.053710315 -0.045271657 1.8103633
v 0.045698863 0.014958801 1.8403735
v 0.04538148 0.031933382 1.8417087
v 0.04284541 -0.018359294 1.8345822
v 0.045007866 -0.00063915254 1.8387756
v 0.06614324 0.020467767 1.8265054
v 0.06435675 0.040092487 1.8289083
v 0.051361684 -0.04509868 1.8079019
v 0.050727047 -0.045035575 1.8064609
v 0.062252104 -0.045001764 1.7939345
v 0.06071549 -0.044602666 1.7927476
v 0.067892976 -0.043250203 1.7808427
v 0.044945937 -0.0020985699 1.8385926
v 0.065242454 0.0023588943 1.8234969
v 0.07870961 0.0048342515 1.8066678
v 0.06509553 0.000913744 1.8232313
v 0.06200755 -0.017799381 1.8192332
v 0.06480863 -0.045385778 1.7959068
v 0.06963117 -0.043571748 1.7815117
v 0.07347647 -0.041278046 1.769642
v 0.071893975 -0.043422382 1.7823821
v 0.07495092 -0.041610416 1.7702026
v 0.058812685 -0.032067996 1.8156691
v 0.06965082 -0.031573594 1.8000317
v 0.07338496 -0.016699018 1.8028677
v 0.07772341 0.00047343253 1.8059976
v 0.07571254 -0.029896285 1.7855483
v 0.079371944 -0.015378626 1.7882283
v 0.07801657 -0.038325973 1.7602179
v 0.07678821 -0.037969682 1.7598218
v 0.078426346 0.0033781051 1.8064669
v 0.08326806 0.00056892727 1.7912962
v 0.08419106 0.004744701 1.7922333
v 0.0798674 -0.034037642 1.7501736
v 0.07898527 -0.03400839 1.7498934
v 0.08126127 -0.028901165 1.7395132
v 0.08061072 -0.02890037 1.7392378
v 0.080832824 -0.032566287 1.7504562
v 0.08104455 -0.021837644 1.7282633
v 0.08062126 -0.02218784 1.7280171
v 0.07731414 -0.012056599 1.7182424
v 0.08171294 -0.027401758 1.7397014
v 0.081419505 -0.020730764 1.7288216
v 0.084584676 0.006107196 1.7925031
v 0.079543404 -0.037546 1.7607112
v 0.07733314 -0.0102012 1.7176069
v 0.07666013 -0.0104968 1.7167475
v 0.07690962 -0.041160896 1.7709498
v 0.07975719 -0.028254084 1.7734971
v 0.08222522 -0.025772003 1.7623683
v 0.083344474 -0.013859265 1.7754076
v 0.083246805 -0.022579765 1.7520384
v 0.083650894 -0.018290795 1.7413934
v 0.08567146 -0.011839216 1.7634559
v 0.08720276 0.0007270179 1.7773651
v 0.086367264 -0.009495494 1.752849
v 0.08946102 0.0013149774 1.7646338
v 0.08876313 0.0064416924 1.7780207
v 0.08281917 -0.0120009575 1.7296907
v 0.086273365 -0.006293798 1.7423136
v 0.0896961 0.0025610328 1.753475
v 0.09063802 0.008173189 1.7650387
v 0.089190796 0.007835748 1.7781744
v 0.08628833 0.0073737022 1.7929025
v 0.07854626 -0.0023983002 1.7179307
v 0.084660545 -0.0018713853 1.7307523
v 0.089378506 0.00459545 1.7433461
v 0.090882145 0.011783439 1.7438334
v 0.09107007 0.009569529 1.7651472
v 0.091756515 0.010318481 1.7785789
v 0.08757715 0.009145505 1.7931182
v 0.086688556 0.0077877715 1.7315823
v 0.074447066 -0.00041260014 1.7099996
v 0.07385816 -0.00079600076 1.7093397
v 0.06946765 0.010502267 1.7036525
v 0.07949653 0.0041685747 1.7184331
v 0.08178033 0.025422858 1.8088521
v 0.088476755 0.014777615 1.7316546
v 0.08135167 0.011977315 1.7191256
v 0.07302975 0.015793314 1.7092706
v 0.091286734 0.012965638 1.7439084
v 0.08378401 0.018697325 1.719689
v 0.07262943 0.016162412 1.7092962
v 0.06903948 0.010608666 1.7035763
v 0.06876111 0.010605266 1.7037765
v 0.07232681 0.016225113 1.7095643
v 0.07699777 0.023185186 1.7104402
v 0.07685251 0.023421783 1.7106264
v 0.07727779 0.022982385 1.7103723
v 0.07860007 0.031022297 1.7073326
v 0.07857315 0.031335697 1.7075454
v 0.0802879 0.0374855 1.6968852
v 0.080363594 0.0377362 1.6970056
v 0.080493495 0.0371799 1.6967608
v 0.08432725 0.019715505 1.7195424
v 0.0789898 0.030714499 1.7072124
v 0.080537595 0.0422871 1.6838946
v 0.0807516 0.042934697 1.6840789
v 0.0810087 0.0414879 1.6836766
v 0.080495395 0.045125198 1.6699306
v 0.080711804 0.045796096 1.669978
v 0.0790052 0.0451504 1.6559097
v 0.0809629 0.044300396 1.669831
v 0.0788515 0.044465598 1.6559908
v 0.0763644 0.042186297 1.6426195
v 0.0764379 0.042871498 1.6424632
v 0.07275385 0.039292376 1.6298409
v 0.079387 0.0436773 1.6559826
v 0.0727998 0.038614552 1.630034
v 0.06677119 0.035178732 1.6179216
v 0.0769773 0.0414566 1.642632
v 0.088325396 0.0417777 1.6701312
v 0.08668629 0.041930597 1.6560156
v 0.095613696 0.033551197 1.6704581
v 0.0887654 0.038712 1.6843922
v 0.083019696 0.040681098 1.6425179
v 0.089219704 0.0333837 1.697743
v 0.094975695 0.0312641 1.6558111
v 0.0949922 0.033703998 1.6849666
v 0.08962413 0.028429989 1.7094018
v 0.0946329 0.0320111 1.6984721
v 0.1035957 0.034618497 1.6857252
v 0.090751186 0.022048159 1.720798
v 0.094641656 0.02841138 1.711069
v 0.101667605 0.0328799 1.699801
v 0.110036895 0.0387274 1.6867924
v 0.10505089 0.0344351 1.6708272
v 0.104968205 0.0321005 1.6559005
v 0.0891759 0.015934557 1.7317309
v 0.09145224 0.01669548 1.7319186
v 0.09508952 0.023935465 1.7216873
v 0.10050962 0.029813148 1.71307
v 0.09526503 0.019755665 1.7322085
v 0.11259619 0.039467197 1.6710706
v 0.107178494 0.0363066 1.7014571
v 0.1111693 0.047028597 1.7035557
v 0.10033531 0.026394863 1.7226552
v 0.10492305 0.033254433 1.7158331
v 0.09503164 0.015390188 1.7441058
v 0.09557451 0.013481259 1.7654648
v 0.09890172 0.019407548 1.7442843
v 0.09408484 0.013155969 1.7788794
v 0.09971338 0.0235977 1.7319707
v 0.09830075 0.017341396 1.7657503
v 0.09353087 0.029727792 1.7888824
v 0.10207069 0.024429468 1.7445216
v 0.1029935 0.03346696 1.7665375
v 0.10331941 0.028593073 1.7310385
v 0.08028924 0.046698876 1.8114781
v 0.092794485 0.051388178 1.7911224
v 0.0922107 0.05209336 1.790921
v 0.07970637 0.047386426 1.8112346
v 0.06382196 0.04077958 1.8285714
v 0.07915408 0.047411554 1.8108258
v 0.063362606 0.0408164 1.8280566
v 0.091598235 0.052117452 1.79061
v 0.10207415 0.054218043 1.7678747
v 0.1074674 0.037976656 1.7451638
v 0.10332115 0.053444583 1.7682223
v 0.10273869 0.05417627 1.7680811
v 0.10794471 0.05549845 1.7458341
v 0.10919794 0.054642923 1.745974
v 0.10863989 0.055413563 1.7459357
v 0.110523134 0.05726738 1.7240053
v 0.10945355 0.04332279 1.7235698
v 0.11121601 0.05713817 1.7240587
v 0.11227609 0.0586005 1.7044554
v 0.111724615 0.05633438 1.7240453
v 0.104038805 0.031056168 1.7234426
v 0.111607775 0.05563887 1.7240202
v 0.11297439 0.0585161 1.7045224
v 0.113535896 0.057746097 1.7045192
v 0.113437496 0.0569002 1.7044824
v 0.1149845 0.060053598 1.6876223
v 0.1142918 0.0601476 1.6875198
v 0.11843458 0.06100679 1.6710753
v 0.1131925 0.0555132 1.7043852
v 0.11527199 0.057228297 1.6876507
v 0.115534395 0.059275698 1.6876507
v 0.11910518 0.06086099 1.671244
v 0.1229306 0.0604545 1.6547651
v 0.119579084 0.06004259 1.6713614
v 0.1150092 0.055841498 1.687614
v 0.1182513 0.056431696 1.6713614
v 0.12387499 0.0592922 1.6550454
v 0.1235651 0.060184598 1.6549201
v 0.113315396 0.0491274 1.6872545
v 0.1179467 0.0550501 1.671354
v 0.1263241 0.0589085 1.6412733
v 0.12571299 0.059247397 1.6411694
v 0.12195929 0.054998998 1.6550454
v 0.1265414 0.0579879 1.6413897
v 0.116305195 0.047863595 1.6712614
v 0.1271977 0.0572996 1.627648
v 0.1265814 0.057638798 1.627582
v 0.1167111 0.0495166 1.671293
v 0.1274198 0.0563838 1.6277905
v 0.12702969 0.0549973 1.6146961
v 0.1264457 0.0553947 1.6146804
v 0.1239981 0.053526 1.6413897
v 0.121403396 0.053699296 1.655084
v 0.1191989 0.0483154 1.6554036
v 0.1232921 0.052301995 1.6414397
v 0.124673896 0.0513642 1.6277905
v 0.117551 0.044457596 1.6556152
v 0.1198348 0.046379097 1.641926
v 0.1134787 0.038021 1.65586
v 0.11581139 0.0401643 1.6422868
v 0.12389419 0.0501929 1.627848
v 0.127176 0.054068398 1.6148514
v 0.1127651 0.0361156 1.6424435
v 0.118211895 0.0430839 1.6285896
v 0.123539105 0.048916798 1.6148514
v 0.1254901 0.0515737 1.6029893
v 0.1032609 0.029488599 1.6424344
v 0.1104667 0.033971902 1.629206
v 0.1226457 0.0478282 1.6149136
v 0.0926486 0.0285958 1.6422457
v 0.1253861 0.0524831 1.6027238
v 0.1248296 0.0529182 1.6027112
v 0.1218245 0.0462615 1.5894333
v 0.121330895 0.0467626 1.5893661
v 0.1154997 0.0379859 1.5778602
v 0.120569 0.0454074 1.6029893
v 0.1218408 0.0454278 1.5898947
v 0.115913495 0.0374362 1.5780206
v 0.108996496 0.0287206 1.5673819
v 0.10939259 0.028192401 1.5676337
v 0.1042716 0.020036884 1.5579208
v 0.1046543 0.019510485 1.5581956
v 0.1010357 0.01343 1.5489564
v 0.101411596 0.012869199 1.549165
v 0.09933541 0.009843696 1.5393363
v 0.099547915 0.009520254 1.5393803
v 0.09786797 0.009021596 1.5291191
v 0.098012224 0.0088016335 1.529104
v 0.09814429 0.008582568 1.5293505
v 0.09612384 0.0074455887 1.5394512
v 0.09942229 0.009024864 1.5395023
v 0.10117989 0.0120754 1.5496384
v 0.10445719 0.018834485 1.5588377
v 0.1092449 0.027539998 1.5683122
v 0.09689804 0.007321001 1.539563
v 0.095797695 0.0085517 1.5496384
v 0.094862096 0.0087217 1.5495756
v 0.0960659 0.013292399 1.5589137
v 0.0969859 0.0130557 1.5588377
v 0.0996722 0.021029301 1.5682458
v 0.1006132 0.0208936 1.5683122
v 0.105732255 0.030071925 1.5779974
v 0.1158165 0.0367101 1.5786302
v 0.10692543 0.030399919 1.5786158
v 0.11467479 0.038734198 1.5898947
v 0.1196207 0.0443645 1.603045
v 0.113652 0.037761398 1.5899621
v 0.113578595 0.0382903 1.6160755
v 0.1056126 0.030831398 1.6045808
v 0.106007375 0.029716885 1.5785527
v 0.1023188 0.0278656 1.6167393
v 0.0960376 0.020697601 1.5923141
v 0.1005762 0.026763598 1.6293381
v 0.09128279 0.0191371 1.6050426
v 0.096406296 0.0236241 1.6167887
v 0.088422 0.0252053 1.6292039
v 0.0825213 0.0222942 1.6166514
v 0.0778114 0.0371968 1.6294119
v 0.0706137 0.0340214 1.617299
v 0.0771549 0.0375859 1.6294746
v 0.0750734 0.016902 1.6049746
v 0.08087929 0.010844099 1.5927864
v 0.07350229 0.037973166 1.6299801
v 0.06752035 0.03406062 1.6177008
v 0.069300495 0.0341728 1.6174661
v 0.0632127 0.0284583 1.6056733
v 0.0618015 0.029314497 1.6057091
v 0.06699598 0.034608684 1.6180208
v 0.057003003 0.019735899 1.5930985
v 0.058739696 0.029703243 1.6062362
v 0.058411844 0.030465132 1.6060787
v 0.05851807 0.030961778 1.6056849
v 0.049325712 0.024325185 1.5940734
v 0.049675524 0.024677245 1.5935781
v 0.05571599 0.020745296 1.5933386
v 0.049509853 0.023521852 1.5945387
v 0.0416063 0.0139395995 1.5816276
v 0.042018197 0.014247 1.5811424
v 0.0503072 0.010523099 1.5822217
v 0.0417428 0.013207 1.5822215
v 0.0376466 0.0045748 1.5714389
v 0.0380675 0.0049158 1.5709852
v 0.0359841 -0.0053258003 1.5616744
v 0.0364004 -0.0049443 1.5612496
v 0.0368925 -0.0162897 1.5509257
v 0.037805498 0.0038802 1.5720716
v 0.0472545 0.0007954 1.5720716
v 0.051682398 0.0096423 1.5821661
v 0.036454 -0.0166979 1.5513002
v 0.039760597 -0.0253164 1.5409472
v 0.0361678 -0.0059774998 1.5623449
v 0.0459723 -0.0094529 1.5623449
v 0.0668699 0.0093016 1.5927026
v 0.048639596 -8.3499996E-05 1.5720199
v 0.0606651 -0.00030999997 1.5812823
v 0.072895 0.00058409997 1.581453
v 0.039303802 -0.025798198 1.5411886
v 0.0433327 -0.030518798 1.5336454
v 0.0365976 -0.017335 1.5519941
v 0.039387 -0.026511699 1.5418153
v 0.0874487 0.0100390995 1.5812167
v 0.09741769 0.02074395 1.568341
v 0.0814033 0.0006733 1.5711845
v 0.0968847 0.021115698 1.5676823
v 0.10508961 0.030297872 1.5773892
v 0.0963659 0.0215949 1.567658
v 0.08880299 0.0113202995 1.5581622
v 0.089627 0.010231599 1.558838
v 0.08937609 0.0109111 1.5582184
v 0.082590796 -0.0001992 1.5489067
v 0.0832008 -0.0005441 1.5489975
v 0.078074895 -0.0118731 1.5395361
v 0.0678245 -0.0084447 1.571452
v 0.0771191 -0.0090112 1.5616373
v 0.078714594 -0.0121499 1.539653
v 0.0758762 -0.022374898 1.5308863
v 0.0834914 -0.0011866 1.5496386
v 0.0571888 -0.0091715 1.5712601
v 0.0765336 -0.022585 1.5310377
v 0.0753397 -0.0319273 1.5223132
v 0.0653374 -0.0178658 1.5618117
v 0.0741415 -0.0190232 1.5521243
v 0.0790436 -0.0127679 1.5402995
v 0.047373798 -0.010329 1.5622925
v 0.075999 -0.032107998 1.522492
v 0.075908095 -0.041335903 1.5134736
v 0.0559331 -0.0187523 1.5615469
v 0.0768867 -0.023185201 1.5316888
v 0.0726257 -0.0288173 1.5422285
v 0.064139 -0.027613798 1.5522794
v 0.0765448 -0.0415378 1.5137042
v 0.0763511 -0.0327131 1.5231384
v 0.0726148 -0.0370331 1.5334611
v 0.0777088 -0.0529496 1.5032498
v 0.0771307 -0.0526777 1.5029478
v 0.0797029 -0.064059496 1.4899184
v 0.07682429 -0.042161003 1.5143689
v 0.0649696 -0.0369054 1.5423249
v 0.0730211 -0.0437446 1.5243793
v 0.0778381 -0.053639002 1.5038949
v 0.080142 -0.0644511 1.4902698
v 0.073960796 -0.050001603 1.5149742
v 0.066784196 -0.044588998 1.5335833
v 0.075737596 -0.057559296 1.5041977
v 0.0687571 -0.050694898 1.5246867
v 0.0711348 -0.0557592 1.5152322
v 0.07432459 -0.060438097 1.5043266
v 0.0729756 -0.061492097 1.5043658
v 0.068436794 -0.057867095 1.5153106
v 0.064724594 -0.0528 1.5246732
v 0.061488498 -0.0463063 1.5333738
v 0.0705226 -0.057318 1.5041778
v 0.0635307 -0.049518898 1.5149343
v 0.070240796 -0.0570496 1.5031877
v 0.079935595 -0.0644569 1.4899861
v 0.0705207 -0.056729797 1.502623
v 0.064227395 -0.048538398 1.5138556
v 0.0636801 -0.0488742 1.5141505
v 0.0596056 -0.041329097 1.5235716
v 0.058701098 -0.0424474 1.5240742
v 0.0589959 -0.0416859 1.523583
v 0.0547578 -0.0346833 1.533084
v 0.055005696 -0.0339519 1.5325254
v 0.055613898 -0.0336046 1.5324322
v 0.051535 -0.0267409 1.5413663
v 0.0521326 -0.0264105 1.541185
v 0.0584905 -0.0383214 1.5421058
v 0.0513458 -0.027443 1.5419827
v 0.056255396 -0.028726498 1.5519737
v 0.0491604 -0.0189387 1.5515553
v 0.048956297 -0.0181945 1.5509961
v 0.0493471 -0.017661 1.5507461
v 0.046784 -0.009896399 1.561484
v 0.0467525 -0.0093106 1.5610899
v 0.047108795 -0.0093149 1.561231
v 0.0467 -0.0096764 1.5616801
v 0.0472762 -0.0207819 1.5510544
v 0.047305003 -0.0212836 1.5515512
v 0.048588097 -0.029268099 1.5411752
v 0.0466331 -0.0217938 1.5519948
v 0.048542097 -0.029855499 1.541565
v 0.0503831 -0.0339568 1.5342625
v 0.047808297 -0.0304096 1.5418156
v 0.050238296 -0.034603298 1.5345083
v 0.0531911 -0.0372215 1.5269934
v 0.042909198 -0.031835698 1.5342839
v 0.0494448 -0.035131 1.534512
v 0.0529402 -0.0378816 1.5270175
v 0.0583339 -0.038774498 1.5152283
v 0.058249302 -0.0389237 1.5152005
v 0.042875998 -0.031047698 1.5337486
v 0.052116197 -0.0382705 1.5267385
v 0.047868 -0.0358014 1.5267384
v 0.047873802 -0.034938198 1.526334
v 0.0483118 -0.034386598 1.5263879
v 0.0583339 -0.038774498 1.5152283
v 0.0580773 -0.039033 1.5153161
v 0.049934 -0.0374221 1.5267384
v 0.07385816 -0.00079600076 1.7093397
v 0.07503882 -0.015944196 1.7122626
v 0.07666013 -0.0104968 1.7167475
v 0.077937074 -0.029485298 1.7224108
v 0.07888009 -0.0275821 1.7243464
v 0.07731414 -0.012056599 1.7182424
v 0.074674465 -0.0335056 1.7162592
v 0.074214876 -0.016026795 1.7118804
v 0.079323664 -0.026396405 1.7252687
v 0.08062126 -0.02218784 1.7280171
v 0.07571725 -0.04091824 1.7337823
v 0.07628471 -0.039418124 1.7345343
v 0.07831671 -0.034721196 1.7372165
v 0.07302019 -0.045947894 1.730252
v 0.079473116 -0.032119337 1.7382426
v 0.08061072 -0.02890037 1.7392378
v 0.07898527 -0.03400839 1.7498934
v 0.07654128 -0.039209515 1.74872
v 0.07678821 -0.037969682 1.7598218
v 0.07357699 -0.04451054 1.7469276
v 0.07288521 -0.044594932 1.7583823
v 0.07347647 -0.041278046 1.769642
v 0.070210785 -0.049895074 1.7445073
v 0.06842495 -0.05108721 1.7566632
v 0.06833337 -0.04827155 1.7679857
v 0.06947315 -0.051799577 1.7439489
v 0.062022913 -0.050767 1.7790382
v 0.067892976 -0.043250203 1.7808427
v 0.063116945 -0.057560228 1.7543797
v 0.06234227 -0.055841602 1.7664174
v 0.054950424 -0.051517513 1.7909715
v 0.06071549 -0.044602666 1.7927476
v 0.050727047 -0.045035575 1.8064609
v 0.05555632 -0.058652695 1.777178
v 0.055594258 -0.06386933 1.7646506
v 0.045695543 -0.050104797 1.8040211
v 0.03703121 -0.04382153 1.8179443
v 0.047825806 -0.05870052 1.7894083
v 0.03385148 -0.0461832 1.8164442
v 0.020410938 -0.04223599 1.8240523
v 0.038942184 -0.05505629 1.8022456
v 0.047155548 -0.06673657 1.7762618
v 0.062227424 -0.05978263 1.753986
v 0.02856655 -0.049635857 1.8147432
v 0.040164236 -0.06617149 1.788178
v 0.032338466 -0.060771093 1.8011531
v 0.024289913 -0.051564083 1.8140354
v 0.038775705 -0.06723295 1.7880147
v 0.054518174 -0.06616688 1.7644988
v 0.016790103 -0.05380691 1.8136036
v 0.022119125 -0.06580359 1.8001997
v 0.031271856 -0.061490573 1.801022
v 0.011143388 -0.042052276 1.8251417
v 0.007797384 -0.055269107 1.8134387
v 0.0045849797 -0.042965345 1.8245093
v 1.373291E-06 -0.041155703 1.8244346
v 0.045936856 -0.06856234 1.7763585
v 0.029999265 -0.0719377 1.7870947
v 0.037079487 -0.0741085 1.7752197
v 0.012587792 -0.06813285 1.799466
v 0.0008860111 -0.05608962 1.8133732
v -0.005253296 -0.041582372 1.8243573
v 0.0011763959 -0.06961076 1.7990744
v -0.006929588 -0.05547674 1.813418
v -0.010495377 -0.055503253 1.813353
v -0.012682466 -0.041722927 1.8230734
v -0.008653835 -0.06845159 1.798999
v 0.0015812734 -0.07791355 1.7865303
v 0.014047454 -0.076442726 1.7868272
v -0.01818819 -0.05238222 1.8133442
v -0.01586954 -0.06665832 1.7995017
v -0.009443495 -0.076864764 1.7865448
v -0.021241711 -0.051182866 1.813335
v -0.020320376 -0.04299842 1.8203747
v -0.026060602 -0.062881716 1.8002917
v -0.0275531 -0.04782929 1.8145373
v -0.030162448 -0.04478195 1.8145213
v -0.02999445 -0.060424097 1.8006135
v -0.036868114 -0.054840848 1.8015499
v -0.04207157 -0.04762793 1.8025739
v -0.05211758 -0.0498389 1.7887183
v -0.019656457 -0.074482255 1.7868571
v 0.0018100018 -0.08619216 1.7725792
v -0.030002402 -0.07002357 1.787359
v -0.044302035 -0.059750855 1.788045
v -0.059916124 -0.050774872 1.774059
v -0.035908125 -0.06580027 1.7875319
v -0.010261297 -0.085221834 1.7725422
v -0.022451371 -0.08153186 1.772673
v -0.032876108 -0.07636277 1.7730566
v -0.010486907 -0.09053348 1.7607777
v -0.023609964 -0.086584605 1.760466
v -0.050498407 -0.062395524 1.7735971
v -0.042164687 -0.06861056 1.773251
v -0.053654186 -0.06314483 1.765668
v -0.06589669 -0.050860304 1.7574704
v -0.046460874 -0.06875613 1.7631744
v -0.04055626 -0.07514014 1.7618185
v -0.046533182 -0.07196067 1.7466182
v -0.039031543 -0.07160275 1.7731334
v -0.058483038 -0.063076936 1.7533991
v -0.068648554 -0.049127974 1.7419921
v -0.052196674 -0.06816921 1.7498496
v -0.062884495 -0.06026059 1.7371014
v -0.0700576 -0.045609195 1.7239268
v -0.058643825 -0.06402528 1.7342654
v -0.0664664 -0.0531144 1.7203805
v -0.070153594 -0.0414755 1.7077392
v -0.06860799 -0.0443967 1.7053967
v -0.0699152 -0.0392234 1.6971033
v -0.0640536 -0.0554574 1.7181028
v -0.067919895 -0.045212496 1.7041317
v -0.053764608 -0.06719678 1.731305
v -0.0672014 -0.045891598 1.7027724
v -0.0693763 -0.0388335 1.6968452
v -0.0613419 -0.057373 1.7155703
v -0.0663318 -0.0458944 1.7023828
v -0.060449198 -0.0572275 1.7152708
v -0.065742895 -0.0455293 1.7025219
v -0.0695681 -0.0381841 1.6970495
v -0.0599657 -0.0567358 1.7154247
v -0.052483518 -0.06641459 1.7310439
v -0.052893154 -0.066986784 1.730981
v -0.045276202 -0.07121563 1.7461908
v -0.045670133 -0.071799025 1.7462509
v -0.03982342 -0.07425262 1.7608285
v -0.040274777 -0.07477001 1.7609906
v -0.03787915 -0.07847585 1.7467439
v -0.038305856 -0.07903455 1.7468144
v -0.034830168 -0.081568085 1.73518
v -0.038157377 -0.0799287 1.7471085
v -0.035241175 -0.0821428 1.7351817
v -0.030137898 -0.083830796 1.7240987
v -0.03336615 -0.08133866 1.7603474
v -0.03509058 -0.08304469 1.7354499
v -0.030539801 -0.084403895 1.7240015
v -0.022843298 -0.0853533 1.7132945
v -0.030425798 -0.08532059 1.7242353
v -0.0301141 -0.0865872 1.7367545
v -0.032379486 -0.08413605 1.7482752
v -0.0222071 -0.09028579 1.7384152
v -0.02357373 -0.088854074 1.7493501
v -0.010237005 -0.09321548 1.7501714
v -0.026502298 -0.088369705 1.7258117
v -0.0231291 -0.086848 1.7132511
v 0.0020660511 -0.090987176 1.7607658
v -0.0232125 -0.085915096 1.713079
v -0.0176285 -0.0859265 1.7071877
v -0.0173574 -0.085379295 1.7074672
v -0.017589299 -0.0867717 1.7073672
v -0.021101 -0.088548 1.7141697
v -0.0113599 -0.0850575 1.702006
v -0.0112149995 -0.0845699 1.702306
v -0.0114172 -0.085647896 1.7021809
v -0.0063138995 -0.0838144 1.6983522
v -0.0062443 -0.083423994 1.6986217
v -0.0066472 -0.0840729 1.6986005
v -0.0163802 -0.087749995 1.70795
v -0.020196099 -0.091010794 1.7275622
v -0.0217804 -0.0897775 1.737731
v -0.0092645 -0.08624119 1.7031585
v -0.0062443 -0.083423994 1.6986217
v -0.0091544995 -0.085731894 1.7034376
v -0.0108922 -0.08602709 1.7024711
v -0.0166262 -0.090347 1.7160268
v -0.009800199 -0.0865284 1.7030253
v -0.0127854 -0.0885622 1.7095312
v -0.012622699 -0.0879504 1.7097564
v -0.0135234 -0.08891169 1.7092445
v -0.015810698 -0.0899843 1.7163593
v -0.015602999 -0.089324996 1.7165021
v -0.019329399 -0.0906698 1.7277646
v -0.0190722 -0.090013795 1.7278154
v -0.0215158 -0.0891225 1.7377148
v -0.0172798 -0.089384 1.7266607
v -0.0175281 -0.09004019 1.7265775
v -0.010777201 -0.0890234 1.7146558
v -0.0171699 -0.090898395 1.7267857
v -0.0110387 -0.08965299 1.7144704
v -0.00083699997 -0.08769009 1.7010703
v -0.009401 -0.094655894 1.7403159
v -0.010739 -0.090546 1.714616
v -0.0010793 -0.0882859 1.7007781
v 0.0092720995 -0.0856565 1.6917644
v -0.0008245 -0.089200094 1.7008668
v -0.0075664995 -0.0949199 1.7288014
v 0.0022580079 -0.093821876 1.7505543
v 0.009096599 -0.08624759 1.6914172
v 0.020657498 -0.08369059 1.6837603
v 0.0207148 -0.0830782 1.6840936
v -0.0031243 -0.0942622 1.7167609
v 0.0021874 -0.0949151 1.7407374
v 0.0093897 -0.0871255 1.6915537
v 0.003074 -0.0948128 1.729434
v 0.003882 -0.09240019 1.7034024
v 0.0342344 -0.080697805 1.6766478
v 0.0338838 -0.080925904 1.6769485
v 0.0341637 -0.0802106 1.6767917
v 0.026615199 -0.0833255 1.6879891
v 0.026925098 -0.0839449 1.687946
v 0.023338899 -0.085234806 1.6972482
v 0.0209538 -0.08436459 1.6839312
v 0.012381 -0.089208804 1.6934466
v 0.0058195 -0.0939483 1.7179828
v 0.0236798 -0.085853 1.6972336
v 0.0218319 -0.0866473 1.7071724
v 0.022404598 -0.0852452 1.685036
v 0.0102948 -0.09229709 1.7054989
v 0.0162766 -0.089535 1.6950773
v 0.0221532 -0.0872762 1.707148
v 0.0213799 -0.0876406 1.7181022
v 0.023833798 -0.0858609 1.6859667
v 0.026693398 -0.0845872 1.6876731
v 0.0233804 -0.08668359 1.6970167
v 0.025281701 -0.0856367 1.6867843
v 0.0197232 -0.088736296 1.6961809
v 0.021826701 -0.088165395 1.7070435
v 0.0159922 -0.0910375 1.7066356
v 0.0217063 -0.0882672 1.7180882
v 0.014059499 -0.0926151 1.7186517
v 0.0213844 -0.0891634 1.7180504
v 0.021846399 -0.08834779 1.728681
v 0.0215415 -0.08771069 1.7286946
v 0.0132681 -0.0930887 1.7295443
v 0.021496201 -0.0892334 1.7287118
v 0.0231828 -0.08823089 1.7389643
v 0.0229199 -0.0875751 1.7389545
v 0.0136508 -0.0928247 1.7402219
v 0.022780001 -0.08908749 1.739075
v 0.024683818 -0.0869851 1.7495117
v 0.024438806 -0.08632865 1.7494191
v 0.014690429 -0.09138446 1.7502236
v 0.024256816 -0.087811925 1.7497171
v 0.025950214 -0.084475726 1.7606932
v 0.025726788 -0.08383322 1.7605003
v 0.025330758 -0.079484425 1.7718458
v 0.015069287 -0.08897536 1.760845
v 0.02549198 -0.08526455 1.760966
v 0.014819893 -0.08423042 1.7726294
v 0.025657991 -0.0800464 1.7721287
v 0.0248005 -0.07419867 1.7813717
v 0.024535742 -0.07337009 1.7812425
v 0.026791573 -0.0769959 1.7734132
v 0.02547988 -0.08058542 1.7728889
v 0.023980169 -0.07353727 1.7870004
v 0.025018927 -0.07478322 1.7815958
v 0.024224445 -0.072815225 1.7870083
v 0.024993977 -0.07316474 1.7870278
v 0.027723111 -0.07788699 1.7739935
v 0.02711422 -0.07760966 1.7736437
v 0.03148165 -0.07887214 1.7654366
v 0.030731266 -0.078609295 1.7650431
v 0.030420713 -0.07799828 1.7648841
v 0.03564417 -0.07749871 1.7568575
v 0.0353653 -0.076856084 1.7567431
v 0.042912677 -0.073636085 1.7474751
v 0.041934326 -0.07409748 1.7677441
v 0.036406603 -0.07779196 1.7572713
v 0.043236587 -0.07426151 1.7475448
v 0.04673817 -0.072220445 1.7610793
v 0.052253965 -0.06827458 1.7385038
v 0.05186025 -0.067690164 1.7384742
v 0.043987174 -0.074534245 1.7479954
v 0.05291426 -0.06864433 1.7533189
v 0.0603822 -0.060844544 1.7306635
v 0.05989901 -0.06033206 1.7307004
v 0.05299029 -0.06850836 1.7389975
v 0.06003772 -0.062518865 1.7453208
v 0.06683343 -0.055219337 1.737603
v 0.06760064 -0.0514617 1.7236341
v 0.06702159 -0.0510829 1.7237496
v 0.06111647 -0.06105985 1.7311838
v 0.068388745 -0.0516118 1.7241131
v 0.07384035 -0.0334632 1.7158641
v 0.073198974 -0.0332672 1.7160826
v 0.07356076 -0.015987497 1.7121333
v 8.678436E-07 -0.04113445 1.826244
v 1.373291E-06 -0.041155703 1.8244346
v -0.005253296 -0.041582372 1.8243573
v -0.0047854995 -0.04175285 1.8272249
v -3.902435E-05 -0.040674917 1.8272936
v -0.013025073 -0.04357415 1.8270656
v -0.012682466 -0.041722927 1.8230734
v -0.022472972 -0.04612165 1.8241973
v -0.020320376 -0.04299842 1.8203747
v -0.030162448 -0.04478195 1.8145213
v -0.034158908 -0.049296148 1.8176768
v -0.04207157 -0.04762793 1.8025739
v -0.045146413 -0.05137718 1.8042867
v -0.05211758 -0.0498389 1.7887183
v -0.0046463967 -0.041467 1.8285174
v -0.013022088 -0.04338836 1.828269
v -0.022903422 -0.046127036 1.8251808
v -0.034627188 -0.049413357 1.8184314
v -0.0046097753 -0.03644697 1.8325869
v -4.2409894E-05 -0.035725437 1.8306961
v -0.024643926 -0.03973014 1.8304609
v -0.01342514 -0.037719417 1.8331485
v -0.0046490002 -0.02744934 1.8381982
v -4.6043395E-05 -0.027191266 1.8359016
v -4.414558E-05 -0.01654208 1.8391377
v -0.014117527 -0.028026309 1.8395065
v -0.004931974 -0.015831003 1.8421196
v -4.4422148E-05 -0.0075111864 1.8425589
v -0.026022948 -0.032199323 1.8351693
v -0.00524745 -0.0067852493 1.8452038
v -4.4736862E-05 0.006465969 1.8461437
v -0.014714927 -0.014989685 1.8441995
v -0.005610285 0.007141685 1.8480219
v -4.4851302E-05 0.018209534 1.8486301
v -0.018431624 0.02315464 1.8505614
v -0.015197305 -0.005394468 1.8467802
v -0.0265948 -0.028931621 1.8371531
v -0.0384342 -0.041997526 1.8233153
v -0.052420173 -0.043970082 1.8103203
v -0.04085645 -0.035093673 1.8270849
v -0.027597666 -0.014107608 1.8432673
v -0.016002893 0.008672552 1.8489672
v -0.04243786 -0.029968891 1.8296542
v -0.026987666 -0.0040282914 1.8458053
v -0.025355615 0.0102299685 1.8479961
v -0.045801416 0.01495883 1.8403735
v -0.04548408 0.031933393 1.8417087
v -0.045795493 -0.0009423828 1.8387445
v -0.04586642 -0.00874526 1.8374865
v -0.06597623 0.021087913 1.8267536
v -0.06446695 0.040092494 1.8289083
v -0.06615119 0.0033294295 1.824335
v -0.056340866 -0.036491714 1.8138074
v -0.04511455 -0.01596269 1.8349279
v -0.06576375 -0.0064543243 1.8233024
v -0.05912008 -0.030430883 1.8163143
v -0.063774444 -0.015760025 1.8207139
v -0.08091945 -0.0040484904 1.806443
v -0.07854436 -0.014618716 1.8038123
v -0.08114265 0.0073310276 1.80739
v -0.07259553 -0.030350279 1.8001211
v -0.088823184 -0.01348266 1.7844698
v -0.08116785 0.016808653 1.8084251
v -0.09185232 0.012112743 1.786637
v -0.069148146 -0.036222387 1.798164
v -0.08241308 -0.028878571 1.7819922
v -0.09541002 -0.010552637 1.7634534
v -0.09524411 -0.0076183537 1.7659369
v -0.0974144 0.003775082 1.7636791
v -0.08119325 0.026267461 1.8094597
v -0.09316872 0.021350238 1.7877172
v -0.100088574 0.015108922 1.7643095
v -0.10278797 0.02406379 1.7653546
v -0.10238286 0.017544737 1.7445643
v -0.09423147 0.030782947 1.7887968
v -0.10761661 0.025158638 1.7449678
v -0.105404735 0.019844824 1.7240394
v -0.0795574 0.046698663 1.8114781
v -0.09424688 0.040785037 1.7902691
v -0.10446577 0.033880427 1.7663984
v -0.11084155 0.034509562 1.7453728
v -0.11189327 0.026093386 1.7240536
v -0.077752404 0.047389735 1.8112326
v -0.06336221 0.04078057 1.8285732
v -0.08948776 0.05208266 1.7909129
v -0.09011552 0.05138811 1.7911224
v -0.099710226 0.05483949 1.7680273
v -0.10310944 0.043293584 1.767309
v -0.11095188 0.04487346 1.7456406
v -0.10033095 0.05412918 1.7682208
v -0.108210705 0.055233676 1.7459083
v -0.10757988 0.0559485 1.7457602
v -0.11518275 0.035115197 1.7240742
v -0.11900616 0.04581683 1.7240615
v -0.11369469 0.056517515 1.7240489
v -0.11308112 0.057248753 1.723963
v -0.117561795 0.0579351 1.7052615
v -0.116964 0.0586801 1.7052274
v -0.12326569 0.046964303 1.704857
v -0.1175815 0.035993397 1.704452
v -0.1145304 0.027239699 1.7044151
v -0.12081179 0.0602097 1.6839759
v -0.12018699 0.060943298 1.6839967
v -0.1271722 0.0484308 1.6838186
v -0.120008096 0.036652 1.6836613
v -0.123134 0.0636249 1.6627138
v -0.122451 0.0643116 1.6627858
v -0.1240586 0.069037296 1.6419566
v -0.1301848 0.050519098 1.6622187
v -0.124822594 0.0684364 1.6418506
v -0.12603259 0.0759926 1.6217927
v -0.116669394 0.0276881 1.6833932
v -0.12214189 0.0374132 1.6617239
v -0.1330927 0.0552254 1.641126
v -0.127622 0.0754927 1.6216987
v -0.1294627 0.0829381 1.6079432
v -0.118444405 0.0277035 1.6617584
v -0.1248859 0.042014398 1.6404018
v -0.121629395 0.0377551 1.6609962
v -0.13636799 0.061420497 1.6210818
v -0.131874 0.082513794 1.6078287
v -0.1329684 0.0908838 1.598191
v -0.12748289 0.0473485 1.6204648
v -0.1394603 0.068746 1.6038377
v -0.1231898 0.035998598 1.6373982
v -0.1239992 0.0417202 1.6402131
v -0.1313337 0.0549781 1.5998466
v -0.126593 0.0470942 1.6202377
v -0.1338465 0.0905506 1.5980312
v -0.1421329 0.0781755 1.5905806
v -0.1347106 0.06575339 1.5831088
v -0.1354878 0.1032509 1.587252
v -0.1345854 0.1034677 1.587467
v -0.1439693 0.091420494 1.5788847
v -0.13609299 0.1170889 1.579023
v -0.1351817 0.117212996 1.5792719
v -0.13044019 0.054797903 1.5995681
v -0.1367392 0.0795869 1.5705149
v -0.1438908 0.105721794 1.5707784
v -0.13589889 0.13308759 1.5726708
v -0.1349903 0.13318759 1.5729403
v -0.1373752 0.094419 1.5625024
v -0.1435177 0.1223822 1.5648144
v -0.1358096 0.14813879 1.563814
v -0.1349084 0.1483255 1.5640625
v -0.1371084 0.1116767 1.5569583
v -0.14269869 0.13854289 1.5570496
v -0.13618639 0.1589521 1.5531006
v -0.13528919 0.1592165 1.5532829
v -0.1357504 0.165846 1.5434433
v -0.13684739 0.1288338 1.5503389
v -0.1416881 0.1507794 1.5475755
v -0.1366466 0.1655365 1.5433469
v -0.1363852 0.1699027 1.5290868
v -0.14083889 0.158724 1.5388343
v -0.1370498 0.14260669 1.54205
v -0.13728529 0.16959049 1.5291094
v -0.1373591 0.1519118 1.534322
v -0.1364307 0.1517665 1.534163
v -0.1361154 0.1425067 1.5418911
v -0.135906 0.1287552 1.5502139
v -0.1377554 0.16867389 1.4981887
v -0.1375265 0.1687845 1.497513
v -0.13938859 0.1647294 1.5260322
v -0.1377785 0.15986809 1.5229552
v -0.136852 0.159669 1.5228535
v -0.1368223 0.1687911 1.497567
v -0.1362643 0.1600126 1.523043
v -0.1358468 0.1520648 1.5344263
v -0.1355433 0.142749 1.5422276
v -0.1353526 0.1289286 1.5506177
v -0.1356306 0.1117512 1.5573212
v -0.1361607 0.11162309 1.5568722
v -0.1358773 0.094553 1.5627393
v -0.13643649 0.0943768 1.5623466
v -0.1352309 0.0797857 1.5705855
v -0.1358157 0.07952429 1.5702888
v -0.13320969 0.06598859 1.5830004
v -0.13380499 0.0656476 1.5828326
v -0.129839 0.0551655 1.5996182
v -0.1259781 0.0474423 1.6202452
v -0.1233749 0.0420511 1.6402097
v -0.1186597 0.0380729 1.6609617
v -0.12227939 0.0371974 1.6372792
v -0.1229176 0.0368985 1.6373296
v -0.124042995 0.0357098 1.6205592
v -0.1233948 0.0359871 1.6205112
v -0.1250315 0.0370579 1.6046695
v -0.1256912 0.0368067 1.604699
v -0.1263772 0.040332798 1.5943342
v -0.1241106 0.0349199 1.620561
v -0.1270423 0.0400947 1.5943208
v -0.1275006 0.044574898 1.5848804
v -0.1200358 0.0267537 1.6375796
v -0.1270961 0.0393857 1.5940542
v -0.1281758 0.044385098 1.5847938
v -0.12572339 0.0360628 1.6045614
v -0.1211117 0.0263676 1.6202657
v -0.11145219 0.0235743 1.6198775
v -0.109972 0.023736801 1.6377684
v -0.122409 0.027595 1.6034509
v -0.108141296 0.0237013 1.6618516
v -0.123184495 0.0307463 1.5920254
v -0.1286775 0.0540915 1.5750308
v -0.12801279 0.054227397 1.5752281
v -0.1281668 0.0694959 1.5659719
v -0.1275418 0.0695379 1.5662988
v -0.128723 0.053629696 1.5744267
v -0.1282524 0.0437633 1.5843661
v -0.123711094 0.0349993 1.5814328
v -0.112996794 0.024544401 1.6021502
v -0.1262015 0.087585 1.5615937
v -0.125642 0.0875515 1.5620238
v -0.1235948 0.0449051 1.5703088
v -0.1136602 0.0272562 1.5898591
v -0.1235066 0.107274994 1.5594466
v -0.1229539 0.107260905 1.5598866
v -0.1139695 0.031077899 1.5785711
v -0.120796 0.1243276 1.5558167
v -0.1202023 0.1243931 1.5561941
v -0.1188847 0.1354409 1.5498899
v -0.118260495 0.1355541 1.550201
v -0.1207083 0.124040894 1.5551006
v -0.1233369 0.107133195 1.5587072
v -0.117653795 0.1422165 1.5446594
v -0.11701259 0.1423654 1.544916
v -0.1153651 0.1484491 1.5369889
v -0.11601909 0.14829099 1.5367727
v -0.113271795 0.1559301 1.5214672
v -0.1138471 0.15570119 1.521123
v -0.11767399 0.14166379 1.5441172
v -0.11395449 0.1552138 1.5216135
v -0.109697394 0.1433205 1.5332452
v -0.12603389 0.0874522 1.5608592
v -0.118860595 0.1350113 1.5492463
v -0.115949295 0.1476761 1.5363955
v -0.11406729 0.1376348 1.5398088
v -0.114742294 0.1298231 1.5440919
v -0.11605939 0.117305696 1.5491502
v -0.1136024 0.1455406 1.5338502
v -0.11038979 0.1431046 1.5331982
v -0.1081457 0.1338136 1.538905
v -0.1184484 0.099220596 1.5523919
v -0.107268795 0.1254168 1.5430806
v -0.1074318 0.1340552 1.5390846
v -0.106821805 0.11223529 1.5478671
v -0.1065456 0.1255694 1.5432998
v -0.1060943 0.1122832 1.5481006
v -0.106486194 0.1258674 1.5439379
v -0.107381 0.13443579 1.5396777
v -0.1096664 0.1437378 1.5338145
v -0.113271795 0.1559301 1.5214672
v -0.1060233 0.112458095 1.548781
v -0.107257 0.0939072 1.551638
v -0.107315995 0.0938653 1.550935
v -0.10803469 0.0939184 1.5506997
v -0.109680206 0.073570594 1.5530467
v -0.10964099 0.0736135 1.5537509
v -0.120995395 0.0789233 1.5550172
v -0.110389896 0.0736347 1.5528114
v -0.1115094 0.0551164 1.5576115
v -0.11148189 0.0553446 1.5582795
v -0.1281149 0.069222294 1.5652641
v -0.1227443 0.0602666 1.5602516
v -0.112215996 0.0551023 1.5573803
v -0.1127444 0.0406887 1.5671381
v -0.11270759 0.041136596 1.5676832
v -0.1134548 0.040592298 1.5669594
v -0.1132565 0.0312242 1.5786572
v -0.1132094 0.0318381 1.5790039
v -0.1129438 0.0274056 1.589864
v -0.1128771 0.028089698 1.5900282
v -0.112219 0.0254199 1.6021626
v -0.1122811 0.024718 1.6021105
v -0.1106229 0.024516698 1.6197793
v -0.110716395 0.0238168 1.6198041
v -0.1090114 0.0248857 1.6376624
v -0.1091596 0.0241955 1.6376904
v -0.10715339 0.0248602 1.6618043
v -0.1073137 0.0241722 1.6618118
v -0.1069539 0.024047501 1.6831629
v -0.106821604 0.024741001 1.68319
v -0.10776249 0.023543 1.683159
v -0.10710769 0.0222738 1.7043948
v -0.104985654 0.02032769 1.7233329
v -0.106328696 0.022823 1.7043929
v -0.10431799 0.023521198 1.7044439
v -0.102984205 0.020788468 1.723319
v 0.049752988 -0.011819734 1.8108289
v 0.06275807 0.0024703406 1.8000219
v 0.05360791 0.009314575 1.8147978
v 0.058026835 -0.01329772 1.7964215
v 0.04747757 -0.026085138 1.8081701
v 0.06840365 0.0011581472 1.786625
v 0.05421439 -0.027703186 1.7943851
v 0.04363236 -0.036213387 1.8051823
v 0.06477585 -0.01411114 1.7843978
v 0.072134666 0.0013220471 1.7746444
v 0.04950246 -0.03772055 1.7918491
v 0.061674576 -0.02841622 1.782206
v 0.06876722 -0.013081193 1.7729264
v 0.04143029 -0.047103666 1.789121
v 0.03606927 -0.044495787 1.8012805
v 0.071834244 -0.011127927 1.7622043
v 0.07490413 0.0018110895 1.7634361
v 0.03314381 -0.05516563 1.7878107
v 0.028032875 -0.05124269 1.7998123
v 0.07393892 -0.00883383 1.7523669
v 0.07656476 0.0030410546 1.7526926
v 0.026401991 -0.06036044 1.7859596
v 0.02009849 -0.054305606 1.7988358
v 0.022407237 -0.06583197 1.7860589
v 0.03300365 -0.06677503 1.774386
v 0.040925063 -0.059472084 1.7761012
v 0.075726196 -0.0057265013 1.7424431
v 0.0779022 0.0050991676 1.743333
v 0.013009452 -0.062316336 1.7862587
v 0.011722839 -0.054214988 1.7981415
v 0.049157627 -0.05004091 1.7773813
v 0.07658372 -0.0014750337 1.731383
v 0.0779434 0.0082424935 1.7322028
v 0.0014348174 -0.060923688 1.7859607
v 0.0010835296 -0.05371639 1.7977589
v -0.008071817 -0.053846147 1.7976925
v -0.008801716 -0.0612238 1.7859635
v -0.014805314 -0.05426564 1.7981818
v 0.0017367576 -0.07281601 1.7716877
v -0.01828417 -0.06236702 1.7862979
v -0.02222646 -0.054489434 1.7988557
v 0.056973405 -0.039672785 1.780078
v 0.06571047 -0.02694377 1.771477
v 0.062483463 -0.03823783 1.7698752
v 0.06900254 -0.024637321 1.7612951
v 0.014390895 -0.07418432 1.7717779
v 0.0019473349 -0.07709965 1.7601413
v 0.054970726 -0.04852667 1.7668655
v 0.06632996 -0.035252307 1.7600653
v 0.071431115 -0.021696026 1.7518054
v -0.009931257 -0.072857134 1.771643
v 0.06046995 -0.045120247 1.7573373
v 0.06927737 -0.031463474 1.750358
v 0.073754855 -0.01763411 1.7416209
v 0.06556438 -0.039995305 1.747902
v 0.072029874 -0.027209733 1.7399392
v 0.07530787 -0.0115919085 1.7303532
v 0.070564575 -0.032293674 1.738078
v 0.07390986 -0.021366496 1.7288775
v 0.054982875 -0.054736923 1.754272
v 0.06228202 -0.0480793 1.7445234
v 0.06895128 -0.03863087 1.7346002
v 0.07330354 -0.025551118 1.7260367
v 0.072807446 -0.0104028 1.7186334
v 0.07381549 -0.0021771002 1.7189463
v 0.0480229 -0.058321152 1.764914
v 0.07266691 -0.028949598 1.7231146
v 0.074529216 0.0044332524 1.719553
v 0.075913474 0.012435212 1.7202524
v 0.072184116 0.015980111 1.7100372
v 0.06868197 0.010498366 1.7042212
v 0.07232681 0.016225113 1.7095643
v 0.06876111 0.010605266 1.7037765
v 0.07228965 -0.0005957005 1.7105609
v 0.073198006 -0.015852496 1.7130061
v 0.07286521 -0.032952 1.7169127
v 0.07356076 -0.015987497 1.7121333
v 0.073198974 -0.0332672 1.7160826
v 0.067152195 -0.04465759 1.7306097
v 0.06674357 -0.050539598 1.7244706
v 0.06702159 -0.0510829 1.7237496
v 0.061614282 -0.051902197 1.7368274
v 0.05975939 -0.05960695 1.7312987
v 0.05989901 -0.06033206 1.7307004
v 0.0552903 -0.058240365 1.7438145
v 0.051897988 -0.06685186 1.7389249
v 0.05186025 -0.067690164 1.7384742
v 0.047947362 -0.06353991 1.7521809
v 0.043092616 -0.07276367 1.7478323
v 0.042912677 -0.073636085 1.7474751
v 0.03563591 -0.075973965 1.7569956
v 0.0353653 -0.076856084 1.7567431
v 0.030420713 -0.07799828 1.7648841
v 0.04131234 -0.06636381 1.7611125
v 0.030497769 -0.07721882 1.7652917
v 0.026791573 -0.0769959 1.7734132
v 0.03705134 -0.067560904 1.7678392
v 0.026771106 -0.0757284 1.773355
v 0.024535742 -0.07337009 1.7812425
v 0.024532408 -0.07901907 1.7720731
v 0.025330758 -0.079484425 1.7718458
v 0.014589348 -0.078427956 1.7602804
v 0.024858868 -0.08344752 1.7604171
v 0.025726788 -0.08383322 1.7605003
v 0.024438806 -0.08632865 1.7494191
v 0.023563692 -0.08595307 1.7494605
v 0.0229199 -0.0875751 1.7389545
v 0.014141738 -0.080614574 1.7499089
v 0.0220369 -0.087230794 1.7390546
v 0.0215415 -0.08771069 1.7286946
v 0.0021112815 -0.079324104 1.7501657
v 0.0130701 -0.0820222 1.7401204
v 0.0206329 -0.08743 1.7287576
v 0.0126486 -0.0824426 1.7295579
v 0.0204605 -0.087390095 1.7180915
v 0.0213799 -0.0876406 1.7181022
v 0.0134331 -0.08230589 1.7187408
v 0.0209173 -0.0863857 1.7071168
v 0.0218319 -0.0866473 1.7071724
v 0.0153308 -0.08132599 1.7067556
v 0.0224603 -0.0850413 1.6970757
v 0.023338899 -0.085234806 1.6972482
v 0.025905399 -0.0832212 1.6877831
v 0.026615199 -0.0833255 1.6879891
v 0.0188046 -0.080415495 1.6967921
v 0.0337887 -0.0802791 1.6771383
v 0.0341637 -0.0802106 1.6767917
v 0.0207148 -0.0830782 1.6840936
v 0.023491899 -0.080150604 1.6866027
v 0.021072099 -0.082992 1.6847405
v 0.0092720995 -0.0856565 1.6917644
v 0.0160951 -0.07994609 1.6963922
v 0.010016399 -0.080294594 1.7061638
v 0.0130786 -0.0810848 1.6951643
v 0.0098528 -0.0855247 1.6924896
v 0.0056041996 -0.0809646 1.7187514
v 0.0041818 -0.08285499 1.7040051
v -0.0001393 -0.087513395 1.7016953
v -0.00083699997 -0.08769009 1.7010703
v -0.010777201 -0.0890234 1.7146558
v 0.0028968 -0.0815157 1.729481
v -0.0027856 -0.0839774 1.7171143
v -0.0100028 -0.088763796 1.7151468
v 0.002030596 -0.080733284 1.7406167
v -0.0071771997 -0.0842325 1.7289386
v -0.0164698 -0.0890406 1.7270275
v -0.0172798 -0.089384 1.7266607
v -0.0215158 -0.0891225 1.7377148
v -0.0214601 -0.0884311 1.7383684
v -0.0090189 -0.082956195 1.7402167
v -0.009859128 -0.08115431 1.7498101
v -0.0194683 -0.0891536 1.7277083
v -0.0190722 -0.090013795 1.7278154
v -0.015602999 -0.089324996 1.7165021
v -0.010146265 -0.07754031 1.7601516
v -0.021782974 -0.07400399 1.7718365
v -0.022861673 -0.079416804 1.7599024
v -0.025810204 -0.06125966 1.786783
v -0.02787842 -0.05449438 1.7992802
v -0.029751796 -0.07251632 1.7722437
v -0.032646883 -0.059522986 1.7877903
v -0.034237467 -0.047887016 1.8001776
v -0.022787234 -0.08462868 1.7490768
v -0.030144833 -0.07749853 1.7598721
v -0.02914657 -0.0802673 1.7481874
v -0.0412932 -0.05226156 1.7876123
v -0.041475646 -0.04055279 1.8027761
v -0.049297426 -0.043715533 1.7895769
v -0.036904 -0.067864016 1.7724277
v -0.03927212 -0.0736813 1.7613597
v -0.040977187 -0.06569048 1.772594
v -0.049228705 -0.0580031 1.7729101
v -0.05872122 -0.047761783 1.7738982
v -0.045247246 -0.065714225 1.7627474
v -0.05234892 -0.058659315 1.7651285
v -0.06475747 -0.04911397 1.7572725
v -0.05708058 -0.05831685 1.7530752
v -0.06757395 -0.047371443 1.7419233
v -0.0510907 -0.06470552 1.7496487
v -0.06166033 -0.05546918 1.7374243
v -0.0690494 -0.043816898 1.7240162
v -0.0647854 -0.0489754 1.7205915
v -0.0692343 -0.0397362 1.7078782
v -0.05737556 -0.06050045 1.7343975
v -0.045413688 -0.07031108 1.7464573
v -0.0668056 -0.0420536 1.7058824
v -0.0625962 -0.0526259 1.7184759
v -0.070204 -0.037435 1.6973454
v -0.0707582 -0.0364157 1.6965812
v -0.070131995 -0.0370471 1.6962385
v -0.0695681 -0.0381841 1.6970495
v -0.0657421 -0.043910198 1.7041497
v -0.065523796 -0.044885997 1.7031901
v -0.065742895 -0.0455293 1.7025219
v -0.0599657 -0.0567358 1.7154247
v -0.0599764 -0.055976298 1.7160003
v -0.052483518 -0.06641459 1.7310439
v -0.052604597 -0.065577075 1.7314821
v -0.045276202 -0.07121563 1.7461908
v -0.03982342 -0.07425262 1.7608285
v -0.03694917 -0.07834749 1.7469074
v -0.03787915 -0.07847585 1.7467439
v -0.034830168 -0.081568085 1.73518
v -0.033928156 -0.08141719 1.7354481
v -0.030137898 -0.083830796 1.7240987
v -0.02693069 -0.082623795 1.7369659
v -0.029291898 -0.0836972 1.7245159
v -0.022843298 -0.0853533 1.7132945
v -0.0233992 -0.0843858 1.7263403
v -0.0220841 -0.0852577 1.7138624
v -0.0160385 -0.08848039 1.7164315
v -0.012622699 -0.0879504 1.7097564
v -0.0168317 -0.085292995 1.7081059
v -0.0173574 -0.085379295 1.7074672
v -0.018204799 -0.084713295 1.7151289
v -0.0130739 -0.08725099 1.7098287
v -0.0091544995 -0.085731894 1.7034376
v -0.0110516995 -0.0845276 1.7028489
v -0.0112149995 -0.0845699 1.702306
v -0.0143631 -0.0846031 1.7090944
v -0.0095345 -0.0853469 1.7036352
v -0.0065431 -0.0834884 1.699004
v -0.0062443 -0.083423994 1.6986217
v -0.010025299 -0.08413769 1.7033842
v -0.041475646 -0.04055279 1.8027761
v -0.047687683 -0.03424203 1.8068812
v -0.049297426 -0.043715533 1.7895769
v -0.05719633 -0.035834104 1.7940091
v -0.05872122 -0.047761783 1.7738982
v -0.06352688 -0.025487278 1.7980632
v -0.052994374 -0.02567197 1.8119038
v -0.06998281 -0.014704666 1.8014706
v -0.057768524 -0.015425553 1.8169138
v -0.07372218 -0.0035239027 1.8044087
v -0.060107663 -0.0057565593 1.8211346
v -0.056909278 0.0037913322 1.8217621
v -0.07215 0.0074863336 1.8061604
v -0.053044993 0.021837015 1.8233068
v -0.08619715 -0.00027406236 1.7848779
v -0.08366038 -0.012866042 1.7834823
v -0.074742265 -0.025680294 1.7810043
v -0.067361 -0.038082622 1.7777913
v -0.066394776 0.026396789 1.8083216
v -0.063162595 0.040200062 1.827453
v -0.09373573 -0.009408095 1.7631876
v -0.07358489 -0.03758536 1.7599322
v -0.06475747 -0.04911397 1.7572725
v -0.08143767 -0.02312159 1.7612256
v -0.076725975 -0.03600663 1.743624
v -0.06757395 -0.047371443 1.7419233
v -0.0690494 -0.043816898 1.7240162
v -0.08423025 0.0116936015 1.7858167
v -0.084718436 -0.020451454 1.7438272
v -0.07741949 -0.033062603 1.7243977
v -0.0692343 -0.0397362 1.7078782
v -0.09397276 0.003387168 1.7635876
v -0.09715261 -0.0058056125 1.7442594
v -0.0867197 -0.0167487 1.7243054
v -0.077446 -0.029732 1.7058439
v -0.0707582 -0.0364157 1.6965812
v -0.07901135 0.030952482 1.7879101
v -0.092995346 0.016160155 1.7639822
v -0.099031515 0.006896356 1.7443695
v -0.10016387 -0.0016111269 1.7239397
v -0.087550096 -0.013119499 1.7055331
v -0.0768402 -0.026672399 1.687868
v -0.077990666 0.04677879 1.8103094
v -0.0704013 -0.034610398 1.6880085
v -0.070131995 -0.0370471 1.6962385
v -0.0698575 -0.0353841 1.6878909
v -0.0686401 -0.0324406 1.6726022
v -0.069247395 -0.0317074 1.6726458
v -0.066754095 -0.030134799 1.658593
v -0.077190414 0.047417954 1.81082
v -0.0628956 0.040818624 1.8280597
v -0.077752404 0.047389735 1.8112326
v -0.06336221 0.04078057 1.8285732
v -0.08948776 0.05208266 1.7909129
v -0.08887251 0.05209622 1.79059
v -0.099710226 0.05483949 1.7680273
v -0.088378906 0.051426027 1.7902077
v -0.099062815 0.054857578 1.7677652
v -0.088288106 0.034093242 1.7657223
v -0.106901795 0.05596652 1.7455592
v -0.10757988 0.0559485 1.7457602
v -0.11308112 0.057248753 1.723963
v -0.0985024 0.05417984 1.7674776
v -0.098770894 0.019184878 1.7444803
v -0.09597984 0.035511926 1.7450002
v -0.10629338 0.055284794 1.7453384
v -0.112391315 0.05728541 1.7238129
v -0.116268896 0.058734596 1.7051125
v -0.116964 0.0586801 1.7052274
v -0.111742824 0.056621596 1.7236218
v -0.10233934 0.03608405 1.7238439
v -0.119485795 0.060988102 1.6839148
v -0.12018699 0.060943298 1.6839967
v -0.115594395 0.0580895 1.7049354
v -0.1217459 0.064311095 1.662718
v -0.122451 0.0643116 1.6627858
v -0.1240586 0.069037296 1.6419566
v -0.10108192 0.028618 1.7239224
v -0.1075835 0.036980297 1.7043067
v -0.118827894 0.0603363 1.6837454
v -0.123359405 0.0689642 1.6418675
v -0.12603259 0.0759926 1.6217927
v -0.105079696 0.0306146 1.7044342
v -0.11274939 0.0375969 1.683536
v -0.1211404 0.063622594 1.6625282
v -0.1253596 0.0758532 1.6216274
v -0.1294627 0.0829381 1.6079432
v -0.1082421 0.0315517 1.6833844
v -0.11700169 0.0383125 1.6616247
v -0.1228462 0.0682275 1.641605
v -0.1288142 0.08278149 1.6077143
v -0.1329684 0.0908838 1.598191
v -0.1117965 0.0319808 1.6617268
v -0.12311849 0.0429505 1.640393
v -0.1263663 0.0750954 1.6212374
v -0.1257422 0.048333 1.6204883
v -0.1323397 0.09073459 1.5979053
v -0.1300336 0.0820676 1.6071856
v -0.13396849 0.1033104 1.5871607
v -0.1345854 0.1034677 1.587467
v -0.1296309 0.056016795 1.599993
v -0.13206649 0.0901255 1.5972247
v -0.13457151 0.1170699 1.5789452
v -0.1351817 0.117212996 1.5792719
v -0.13302459 0.066715896 1.5835878
v -0.1337416 0.10280389 1.5863857
v -0.1343769 0.13303 1.572627
v -0.1349903 0.13318759 1.5729403
v -0.1350831 0.080321796 1.5713577
v -0.13428609 0.1481264 1.5637933
v -0.1349084 0.1483255 1.5640625
v -0.13528919 0.1592165 1.5532829
v -0.1346636 0.1589765 1.5530589
v -0.1357504 0.165846 1.5434433
v -0.13404809 0.1475763 1.5630518
v -0.1341631 0.1326433 1.5717822
v -0.1343663 0.1166842 1.5780983
v -0.1357919 0.094912596 1.5636152
v -0.1356075 0.11203849 1.5582297
v -0.135281 0.129328 1.5514802
v -0.1356306 0.1117512 1.5573212
v -0.1358773 0.094553 1.5627393
v -0.1352309 0.0797857 1.5705855
v -0.13320969 0.06598859 1.5830004
v -0.129839 0.0551655 1.5996182
v -0.1259781 0.0474423 1.6202452
v -0.1233749 0.0420511 1.6402097
v -0.1186597 0.0380729 1.6609617
v -0.1353526 0.1289286 1.5506177
v -0.1354304 0.14329569 1.5430003
v -0.1355433 0.142749 1.5422276
v -0.1358468 0.1520648 1.5344263
v -0.11960539 0.0368318 1.6372602
v -0.12227939 0.0371974 1.6372792
v -0.1344156 0.15827249 1.552466
v -0.13570629 0.1527576 1.5350653
v -0.1227797 0.035489198 1.6204646
v -0.1233948 0.0359871 1.6205112
v -0.1250315 0.0370579 1.6046695
v -0.1348759 0.1647352 1.542875
v -0.1361146 0.1608472 1.5234776
v -0.1362643 0.1600126 1.523043
v -0.13553429 0.1686643 1.5288345
v -0.1366975 0.1686856 1.4982703
v -0.1368223 0.1687911 1.497567
v -0.1357663 0.1695749 1.5289928
v -0.1375265 0.1687845 1.497513
v -0.1363852 0.1699027 1.5290868
v -0.1351249 0.1655633 1.5432758
v 0.07727779 0.022982385 1.7103723
v 0.07699777 0.023185186 1.7104402
v 0.07262943 0.016162412 1.7092962
v 0.0789898 0.030714499 1.7072124
v 0.07860007 0.031022297 1.7073326
v 0.080493495 0.0371799 1.6967608
v 0.079935595 -0.0644569 1.4899861
v 0.080142 -0.0644511 1.4902698
v 0.0777088 -0.0529496 1.5032498
v 0.0797029 -0.064059496 1.4899184
v 0.0705207 -0.056729797 1.502623
v -0.088823184 -0.01348266 1.7844698
v -0.09524411 -0.0076183537 1.7659369
v -0.097278886 -0.008371985 1.7634544
v -0.0974144 0.003775082 1.7636791
v -0.10593123 -0.0029952195 1.7467738
v -0.10698255 0.007654619 1.7468951
v -0.100088574 0.015108922 1.7643095
v -0.1157304 0.0037029765 1.7300171
v -0.10845301 0.016271641 1.7471981
v -0.11700305 0.012376302 1.7300932
v -0.1259521 0.0106348 1.7132571
v -0.117631584 0.019200835 1.7302712
v -0.12692629 0.017088799 1.7132864
v -0.13341309 0.0162229 1.699171
v -0.12743579 0.0221214 1.7133427
v -0.1341306 0.0207865 1.698918
v -0.1370056 0.018205 1.6876289
v -0.1345246 0.024263998 1.6987495
v -0.137481 0.0212687 1.6874466
v -0.1377485 0.024165 1.6873237
v -0.13918379 0.0207148 1.6754922
v -0.1386901 0.0175416 1.6760712
v -0.1388341 0.0190388 1.6757308
v -0.1371902 0.0159506 1.6681322
v -0.136833 0.014922399 1.6683987
v -0.1370617 0.014405499 1.6686895
v -0.1342156 0.012775 1.6643764
v -0.1345304 0.011836999 1.6650668
v -0.1340797 0.0121009005 1.6646372
v -0.12863976 0.00842835 1.6600943
v 0.07685251 0.023421783 1.7106264
v 0.072184116 0.015980111 1.7100372
v 0.07232681 0.016225113 1.7095643
v 0.076879464 0.023647182 1.7109017
v 0.07857315 0.031335697 1.7075454
v 0.08006097 0.021440381 1.720687
v 0.075913474 0.012435212 1.7202524
v 0.078909665 0.031587098 1.7078348
v 0.08336292 0.018052118 1.732466
v 0.0779434 0.0082424935 1.7322028
v 0.08070719 0.0378864 1.6971087
v 0.080363594 0.0377362 1.6970056
v 0.08275521 0.0152161615 1.7442095
v 0.0779022 0.0050991676 1.743333
v 0.07656476 0.0030410546 1.7526926
v 0.07810876 0.012090534 1.7645338
v 0.07490413 0.0018110895 1.7634361
v 0.072134666 0.0013220471 1.7746444
v 0.0816146 0.0433203 1.684201
v 0.0807516 0.042934697 1.6840789
v 0.08607402 0.022088995 1.7444888
v 0.07451241 0.010324377 1.7763782
v 0.06840365 0.0011581472 1.786625
v 0.070509605 0.009249828 1.7877662
v 0.06275807 0.0024703406 1.8000219
v 0.077847295 0.019324197 1.7795308
v 0.06456851 0.010244388 1.8009347
v 0.05360791 0.009314575 1.8147978
v 0.073000915 0.016606765 1.7883334
v 0.070428304 0.03294568 1.8048145
v 0.057669 0.028707923 1.8202047
v 0.08249206 0.023875928 1.7655832
v 0.0802567 0.036647633 1.7880605
v 0.078727044 0.046769466 1.8103192
v 0.06305802 0.040196743 1.8274499
v 0.08940043 0.040526688 1.7660884
v 0.09106127 0.05145624 1.7902398
v 0.07915408 0.047411554 1.8108258
v 0.063362606 0.0408164 1.8280566
v 0.091598235 0.052117452 1.79061
v 0.10207415 0.054218043 1.7678747
v 0.101440884 0.053562805 1.7676345
v 0.10794471 0.05549845 1.7458341
v 0.08909055 0.030767152 1.7445643
v 0.10723102 0.054883588 1.7456828
v 0.110523134 0.05726738 1.7240053
v 0.0959582 0.045220993 1.7449981
v 0.10068878 0.050376363 1.723504
v 0.10976814 0.05669881 1.7238941
v 0.11227609 0.0586005 1.7044554
v 0.088538036 0.028352646 1.7326521
v 0.092339754 0.035809353 1.7320344
v 0.1115592 0.057985 1.704331
v 0.1142918 0.0601476 1.6875198
v 0.08468978 0.02639167 1.7216895
v 0.08952165 0.03344159 1.7226923
v 0.08557638 0.034478072 1.7099285
v 0.09351271 0.03971175 1.7233372
v 0.09079216 0.03852965 1.7117175
v 0.086503096 0.040308397 1.6981277
v 0.09468523 0.043217152 1.7147468
v 0.09154587 0.04410128 1.6989027
v 0.087053694 0.0440954 1.684685
v 0.09670616 0.047924936 1.7007403
v 0.10321123 0.054275777 1.7034118
v 0.09198519 0.04719622 1.685169
v 0.11033226 0.05751578 1.704281
v 0.105838574 0.05679426 1.6869825
v 0.09845609 0.051270418 1.6862004
v 0.11184938 0.058860227 1.687361
v 0.09998084 0.05279003 1.6707313
v 0.0925107 0.048440147 1.6703303
v 0.10844808 0.05763683 1.6709344
v 0.1135741 0.059542097 1.6873568
v 0.1152408 0.0577388 1.6709422
v 0.11768369 0.06045539 1.670875
v 0.11843458 0.06100679 1.6710753
v 0.1220823 0.060055498 1.6545942
v 0.1229306 0.0604545 1.6547651
v 0.10069532 0.052232664 1.6556507
v 0.08732879 0.046009 1.6701463
v 0.11092684 0.05759302 1.65509
v 0.11898072 0.0559139 1.6546301
v 0.1248121 0.0589468 1.6410902
v 0.12571299 0.059247397 1.6411694
v 0.091981314 0.047140766 1.6554197
v 0.08157469 0.046200097 1.6699628
v 0.080711804 0.045796096 1.669978
v 0.1002521 0.051251497 1.6422851
v 0.112380646 0.057019956 1.6417654
v 0.121515475 0.054529592 1.6411194
v 0.1256755 0.0573434 1.6275991
v 0.1265814 0.057638798 1.627582
v 0.08615969 0.045192298 1.6555822
v 0.0798207 0.0456152 1.6557451
v 0.0790052 0.0451504 1.6559097
v 0.0764379 0.042871498 1.6424632
v 0.11239147 0.055372503 1.6285602
v 0.122106016 0.052865863 1.6276822
v 0.12552209 0.055191897 1.6147993
v 0.1264457 0.0553947 1.6146804
v 0.0771824 0.0433936 1.642178
v 0.07275385 0.039292376 1.6298409
v 0.12105758 0.050693624 1.6148686
v 0.1239128 0.0528026 1.6029443
v 0.1248296 0.0529182 1.6027112
v 0.120438494 0.046839196 1.5896914
v 0.121330895 0.0467626 1.5893661
v 0.1154997 0.0379859 1.5778602
v 0.118260905 0.046997514 1.6029307
v 0.10970162 0.052357167 1.616116
v 0.114639595 0.0382593 1.5781664
v 0.108996496 0.0287206 1.5673819
v 0.11267724 0.039971527 1.5897492
v 0.10564635 0.031903323 1.5782781
v 0.1081211 0.0290312 1.5675956
v 0.1042716 0.020036884 1.5579208
v 0.10342714 0.04690622 1.6045222
v 0.098532595 0.0499092 1.6291556
v 0.1033736 0.020324683 1.5580597
v 0.1010357 0.01343 1.5489564
v 0.09524535 0.038889237 1.5920677
v 0.0939876 0.0463207 1.6166265
v 0.08993055 0.045038342 1.6416727
v 0.08606037 0.04195644 1.6285084
v 0.0837489 0.0433344 1.6419255
v 0.0872891 0.0402924 1.6045808
v 0.078069 0.039616 1.6288977
v 0.08050411 0.039244503 1.6157455
v 0.073362164 0.03988322 1.6294062
v 0.06677119 0.035178732 1.6179216
v 0.06696357 0.03582835 1.6174711
v 0.05851807 0.030961778 1.6056849
v 0.0700529 0.0364911 1.6166388
v 0.07341668 0.033939198 1.6038116
v 0.0781432 0.031967 1.5919336
v 0.06345617 0.030602818 1.6047543
v 0.05912779 0.031126363 1.6050951
v 0.06572173 0.02635653 1.5913461
v 0.088077106 0.029838828 1.5807629
v 0.050508093 0.02452795 1.5931488
v 0.049675524 0.024677245 1.5935781
v 0.057328343 0.022782985 1.5931848
v 0.0711118 0.021223 1.5803704
v 0.042909797 0.014079 1.5808508
v 0.042018197 0.014247 1.5811424
v 0.0599619 0.016680274 1.5798913
v 0.051297497 0.0116908 1.5808258
v 0.038996898 0.0048446 1.5707866
v 0.0380675 0.0049158 1.5709852
v 0.0483219 0.0019224 1.5706576
v 0.037346397 -0.0048967 1.5611439
v 0.0472446 -0.0083425995 1.5609907
v 0.0364004 -0.0049443 1.5612496
v 0.0378386 -0.0161753 1.5509379
v 0.0368925 -0.0162897 1.5509257
v 0.039760597 -0.0253164 1.5409472
v 0.0567481 0.0075619076 1.5698727
v 0.0406775 -0.025141 1.5411394
v 0.0433327 -0.030518798 1.5336454
v 0.055700596 -0.0024473048 1.5602949
v 0.066713996 0.011463099 1.5702456
v 0.0465508 -0.020359399 1.5506033
v 0.044195797 -0.030330399 1.5340029
v 0.0483118 -0.034386598 1.5263879
v 0.064604 0.0010327 1.5605166
v 0.082948446 0.020605106 1.5700064
v 0.047108795 -0.0093149 1.561231
v 0.0472762 -0.0207819 1.5510544
v 0.048588097 -0.029268099 1.5411752
v 0.047941897 -0.0287589 1.5406942
v 0.0503831 -0.0339568 1.5342625
v 0.049864702 -0.0333162 1.5337838
v 0.0531911 -0.0372215 1.5269934
v 0.0491051 -0.034237698 1.5268947
v 0.0528403 -0.036408998 1.5266397
v 0.0583153 -0.038609598 1.5153939
v 0.0583339 -0.038774498 1.5152283
v 0.0467525 -0.0093106 1.5610899
v 0.0502528 -0.0174012 1.5508894
v 0.0493471 -0.017661 1.5507461
v 0.0521326 -0.0264105 1.541185
v 0.056104295 -0.013199406 1.550796
v 0.0530332 -0.026491499 1.5414855
v 0.055613898 -0.0336046 1.5324322
v 0.063566096 -0.0099618 1.550965
v 0.0581075 -0.023725903 1.5410469
v 0.06425399 -0.0208933 1.5410275
v 0.056477197 -0.0336948 1.5328255
v 0.060865596 -0.031528905 1.5324209
v 0.060430698 -0.0414439 1.5240347
v 0.0596056 -0.041329097 1.5235716
v 0.064227395 -0.048538398 1.5138556
v 0.065713696 -0.0291346 1.5323747
v 0.0641921 -0.0386362 1.5238919
v 0.065244295 -0.048505995 1.5139842
v 0.0705207 -0.056729797 1.502623
v 0.067154795 -0.0367295 1.5236738
v 0.0689789 -0.044915203 1.5149167
v 0.070300676 -0.033384535 1.5236579
v 0.07215322 -0.022911562 1.5326772
v 0.07365161 -0.012512739 1.5409143
v 0.076226555 -0.00045996188 1.550765
v 0.07925587 0.01043602 1.56009
v 0.073578 -0.053148597 1.503348
v 0.0750224 -0.0415981 1.5137084
v 0.0744848 -0.032205 1.5226301
v 0.0750262 -0.0225896 1.53126
v 0.0772338 -0.011983 1.5399699
v 0.081765495 -0.0002088 1.5493832
v 0.088005506 0.011391399 1.5586787
v 0.0714513 -0.0563143 1.5023171
v 0.079532295 -0.0637963 1.4900471
v 0.0797029 -0.064059496 1.4899184
v 0.0771307 -0.0526777 1.5029478
v 0.076202996 -0.0528809 1.5030278
v 0.075908095 -0.041335903 1.5134736
v 0.0753397 -0.0319273 1.5223132
v 0.0758762 -0.022374898 1.5308863
v 0.078074895 -0.0118731 1.5395361
v 0.082590796 -0.0001992 1.5489067
v 0.08880299 0.0113202995 1.5581622
v 0.0963659 0.0215949 1.567658
v 0.096076496 0.0222654 1.56827
v 0.10508961 0.030297872 1.5773892
v 0.0995059 0.022360498 1.5675234
v 0.099873304 0.0222231 1.5683922
v 0.105732255 0.030071925 1.5779974
v 0.0996722 0.021029301 1.5682458
v 0.0956876 0.0138337 1.5586622
v 0.0960659 0.013292399 1.5589137
v 0.0959154 0.0145878 1.5581259
v 0.094490096 0.00929 1.549381
v 0.094862096 0.0087217 1.5495756
v 0.09612384 0.0074455887 1.5394512
v 0.1001168 0.0136645995 1.5490516
v 0.09933541 0.009843696 1.5393363
v 0.09474459 0.010160299 1.5490878
v 0.095803514 0.007934046 1.5393912
v 0.098012224 0.0088016335 1.529104
v 0.09786797 0.009021596 1.5291191
v 0.09773591 0.009205002 1.5293933
v 0.09599086 0.008703676 1.5393939
v 0.09882097 0.009941 1.5393803
v -0.033631697 -0.038884398 1.5989802
v -0.0461161 -0.0357061 1.6020947
v -0.046561196 -0.0356961 1.6013336
v -0.051819 -0.034144297 1.6050744
v -0.0527238 -0.0340238 1.6045016
v -0.060258195 -0.0312805 1.6126177
v -0.0610305 -0.0313337 1.6120415
v -0.067586094 -0.028333299 1.6234955
v -0.0684044 -0.0284497 1.623034
v -0.0732008 -0.026290098 1.6352019
v -0.056881096 -0.0317948 1.6137228
v -0.0511634 -0.0342613 1.6056509
v -0.0504662 -0.034284 1.6062862
v -0.0455519 -0.035779 1.6027522
v -0.0338051 -0.0387237 1.5990105
v -0.033631697 -0.038884398 1.5989802
v -0.0560948 -0.031997498 1.6142213
v -0.060603198 -0.029945098 1.6236407
v -0.0598148 -0.0303267 1.6240472
v -0.0634005 -0.0292788 1.635496
v -0.0626548 -0.0298313 1.6357127
v -0.0722941 -0.026222898 1.6354874
v -0.075572595 -0.024894 1.6483108
v -0.0762321 -0.02533 1.648843
v -0.0659626 -0.028744098 1.6479173
v -0.0652293 -0.029339299 1.6480447
v -0.0674598 -0.029495398 1.6585566
v -0.0761217 -0.0244156 1.6588238
v -0.077 -0.024987 1.6726402
v -0.086617894 -0.010546499 1.688282
v -0.0854501 -0.0087449 1.6732469
v -0.1013172 0.0022518 1.704741
v -0.1005788 0.0047473 1.6877551
v -0.10064139 0.009770647 1.7239703
v -0.102996595 0.0118426 1.7045882
v -0.09983484 0.021151742 1.7240007
v -0.103587195 0.0242486 1.7045615
v -0.105709694 0.0255063 1.6832325
v -0.1076877 0.025649099 1.6618292
v -0.10431799 0.023521198 1.7044439
v -0.106821604 0.024741001 1.68319
v -0.102984205 0.020788468 1.723319
v -0.10715339 0.0248602 1.6618043
v -0.1033706 0.0214331 1.7044353
v -0.1052034 0.0222239 1.704505
v -0.1049499 0.023958199 1.6875063
v -0.1095626 0.025641799 1.6376942
v -0.1090114 0.0248857 1.6376624
v -0.1106229 0.024516698 1.6197793
v -0.102492794 0.0139616 1.6876158
v -0.1044068 0.0231757 1.6874763
v -0.1153341 0.031225098 1.6374725
v -0.1112685 0.024948 1.6198322
v -0.09880129 0.0063506 1.6725316
v -0.1034288 0.023890099 1.6723683
v -0.1039913 0.0246577 1.6723228
v -0.1011152 0.0151204 1.67245
v -0.1021972 0.0231727 1.6585039
v -0.1027826 0.023913499 1.6583735
v -0.117037795 0.030143 1.6201336
v -0.0837535 -0.0079334 1.6596786
v -0.096562594 0.0070991996 1.658788
v -0.0817716 -0.007707 1.6493261
v -0.094027795 0.0073944 1.6482179
v -0.099379994 0.015136 1.6586457
v -0.1006713 0.022274999 1.648211
v -0.1012742 0.022986399 1.6480141
v -0.09734959 0.014834699 1.6482147
v -0.097913794 0.0208097 1.6366035
v -0.0984908 0.021516098 1.636328
v -0.09479419 0.0138062 1.636339
v -0.093873195 0.017917499 1.6238258
v -0.09436499 0.0186529 1.6234715
v -0.089715794 0.0142164 1.6127894
v -0.09007049 0.014979399 1.6123414
v -0.091377296 0.0116749 1.6235408
v -0.083952196 0.0098092 1.6038136
v -0.08410169 0.0105661 1.6032538
v -0.0916744 0.0068027 1.6360741
v -0.0876655 0.009163699 1.6125262
v -0.076384 0.0053018997 1.5979147
v -0.0763101 0.005974 1.5972433
v -0.0690431 0.0029618999 1.5963576
v -0.088881396 0.0054321 1.6232561
v -0.0825796 0.0066996003 1.6044718
v -0.0693374 0.0023108 1.5969105
v -0.061964996 0.000793 1.5966613
v -0.0687458 0.0017474 1.5976328
v -0.0747114 0.0023901 1.6001099
v -0.0756488 0.0042375 1.59876
v -0.0749136 0.0031731997 1.5996056
v -0.0810553 0.002685 1.6053891
v -0.0856153 0.0041112 1.6122636
v -0.081207104 0.0035896997 1.6051304
v -0.08555839 0.0031709997 1.6124088
v -0.0888742 0.0044863997 1.6233726
v -0.0916667 0.0058530997 1.6361549
v -0.0943451 0.0069403998 1.6474425
v -0.0894347 0.0030337 1.6357789
v -0.0901663 0.0033967998 1.6352879
v -0.0766679 -0.0096101 1.6374
v -0.0830955 -0.0009067 1.6257867
v -0.083721705 -0.00058249995 1.6251456
v -0.0692489 -0.023724899 1.6363959
v -0.0691411 -0.0246718 1.6363897
v -0.061631497 -0.023611099 1.625836
v -0.0727331 -0.0051576 1.6161729
v -0.0731598 -0.0048519997 1.6153777
v -0.0700851 -0.0113529 1.6273566
v -0.0617733 -0.0226688 1.6258223
v -0.0559933 -0.0229324 1.6191146
v -0.0606176 -0.0090122 1.6119943
v -0.0607403 -0.0087651005 1.6112355
v -0.062344898 -0.0134017 1.6194319
v -0.056108397 -0.0219879 1.6191676
v -0.0492465 -0.021481099 1.6150622
v -0.0472629 -0.0127735995 1.6109211
v -0.047074698 -0.0126299 1.6103888
v -0.053530898 -0.0148139 1.6152295
v -0.049461298 -0.02071 1.6152407
v -0.0343605 -0.0163677 1.6109697
v -0.0338745 -0.016400699 1.6107953
v -0.041718796 -0.0192934 1.6125766
v -0.0420346 -0.0188257 1.6127981
v -0.043697298 -0.015799599 1.6128082
v -0.046561196 -0.0356961 1.6013336
v -0.0336821 -0.039037798 1.5990033
v -0.033631697 -0.038884398 1.5989802
v -0.0470548 -0.035953198 1.6008983
v -0.0527238 -0.0340238 1.6045016
v -0.033833798 -0.0391555 1.5990524
v -0.053152997 -0.034463797 1.6041747
v -0.0610305 -0.0313337 1.6120415
v -0.047526497 -0.036781497 1.6008711
v -0.061474 -0.0318538 1.611876
v -0.061522797 -0.0327635 1.6121353
v -0.0684044 -0.0284497 1.623034
v -0.0688038 -0.0290163 1.6229054
v -0.0736415 -0.0268377 1.6351297
v -0.0732008 -0.026290098 1.6352019
v -0.0767015 -0.025839299 1.648703
v -0.0687211 -0.0299369 1.6231365
v -0.0533559 -0.0353708 1.6043088
v -0.052647 -0.0374339 1.6059893
v -0.0463411 -0.0388613 1.6021094
v -0.0451473 -0.0370572 1.6033475
v -0.045181196 -0.036156 1.603221
v -0.050465297 -0.035706602 1.6068319
v -0.073543 -0.0277722 1.6352884
v -0.0768969 -0.0263399 1.6479157
v -0.0714034 -0.0311243 1.6479247
v -0.0733421 -0.0315495 1.6584283
v -0.0685844 -0.0317267 1.6354951
v -0.0646483 -0.0331155 1.6236188
v -0.0593622 -0.0351989 1.6136738
v -0.0562052 -0.033477698 1.6145657
v -0.060096595 -0.031816497 1.6241539
v -0.0631917 -0.0312571 1.6357021
v -0.065820694 -0.030739 1.6479334
v -0.050241496 -0.0347856 1.6067305
v -0.055859398 -0.032590598 1.6145253
v -0.059639 -0.030987 1.6242367
v -0.06742109 -0.0314863 1.6583694
v -0.0625822 -0.030529799 1.6357902
v -0.0651796 -0.030043999 1.6480529
v -0.0504662 -0.034284 1.6062862
v -0.0455519 -0.035779 1.6027522
v -0.0336821 -0.039037798 1.5990033
v -0.0560948 -0.031997498 1.6142213
v -0.0598148 -0.0303267 1.6240472
v -0.0626548 -0.0298313 1.6357127
v -0.0652293 -0.029339299 1.6480447
v -0.066754095 -0.030134799 1.658593
v -0.066741 -0.0308386 1.658531
v -0.0686401 -0.0324406 1.6726022
v -0.069505095 -0.0336665 1.6723361
v -0.0687316 -0.0331334 1.6724963
v -0.0698575 -0.0353841 1.6878909
v -0.0753276 -0.032777097 1.6723275
v -0.070830695 -0.036526 1.6876266
v -0.07000899 -0.0360603 1.6877536
v -0.0702006 -0.0377234 1.696033
v -0.070131995 -0.0370471 1.6962385
v -0.0695681 -0.0381841 1.6970495
v -0.0693763 -0.0388335 1.6968452
v -0.0699152 -0.0392234 1.6971033
v -0.0708824 -0.038372 1.6961839
v -0.0788953 -0.0269546 1.6584868
v -0.076565996 -0.035182 1.6875993
v -0.0707673 -0.040971197 1.7077689
v -0.070153594 -0.0414755 1.7077392
v -0.0807148 -0.0283021 1.6723187
v -0.0900134 -0.0159733 1.6581969
v -0.076717 -0.0386294 1.706707
v -0.0702791 -0.0446644 1.7242438
v -0.0700576 -0.045609195 1.7239268
v -0.068648554 -0.049127974 1.7419921
v -0.07621417 -0.0419725 1.7242275
v -0.06907504 -0.048143633 1.7421507
v -0.06589669 -0.050860304 1.7574704
v -0.07445389 -0.04527448 1.7425615
v -0.06636842 -0.050146632 1.757979
v -0.059916124 -0.050774872 1.774059
v -0.07056267 -0.047727507 1.7587155
v -0.06078275 -0.051395778 1.774642
v -0.0536637 -0.051950864 1.7898401
v -0.061676435 -0.05165547 1.7750758
v -0.054376125 -0.05224572 1.7903876
v -0.06381484 -0.05037385 1.7757514
v -0.045843277 -0.051620826 1.8048624
v -0.0636146 -0.044291757 1.7950932
v -0.072664134 -0.043149885 1.7784775
v -0.078711376 -0.03482316 1.7806698
v -0.07893693 -0.04172346 1.7602103
v -0.085103 -0.03336249 1.7612792
v -0.08885347 -0.027330766 1.7619706
v -0.08201641 -0.039870273 1.7431352
v -0.08802901 -0.030803297 1.7436957
v -0.08261467 -0.036968403 1.7242101
v -0.091633536 -0.024592895 1.744004
v -0.0825915 -0.0336784 1.7055964
v -0.08975879 -0.027477099 1.7242352
v -0.081949994 -0.030644098 1.6875722
v -0.09073249 -0.023949398 1.7049721
v -0.0930169 -0.0223724 1.7242268
v -0.09877147 -0.007135167 1.7444367
v -0.0911168 -0.020571798 1.6874682
v -0.09924105 -0.005612549 1.7444456
v -0.10054603 -0.0029947157 1.724016
v -0.093462 -0.020041598 1.7047896
v -0.091906294 -0.0173181 1.6721107
v -0.10217716 0.0068424195 1.7443308
v -0.100088574 0.015108922 1.7643095
v -0.10238286 0.017544737 1.7445643
v -0.092741095 -0.018457599 1.6874536
v -0.1012047 0.0006835 1.7046763
v -0.10107541 -0.0014889247 1.7240031
v -0.105473176 0.00975605 1.7239413
v -0.105404735 0.019844824 1.7240394
v -0.100861296 0.0031142 1.6875134
v -0.1018655 0.0021386 1.7046596
v -0.10776559 0.010842499 1.704469
v -0.0990606 0.0046639997 1.6722381
v -0.10156629 0.0045431 1.6874956
v -0.106650196 0.021746399 1.7045044
v -0.104985654 0.02032769 1.7233329
v -0.10773309 0.0128268 1.6872438
v -0.0997996 0.0060662 1.6721838
v -0.096773796 0.0053431997 1.6584189
v -0.0873863 -0.015265999 1.647708
v -0.106496 0.0139785 1.6714758
v -0.0975568 0.0067113 1.6583729
v -0.1063852 0.0234586 1.6873994
v -0.0941918 0.0055777 1.6478465
v -0.1059006 0.0223338 1.704539
v -0.1056488 0.0240583 1.6874783
v -0.1046913 0.0247368 1.6722684
v -0.1052034 0.0222239 1.704505
v -0.102984205 0.020788468 1.723319
v -0.1049499 0.023958199 1.6875063
v -0.1039913 0.0246577 1.6723228
v -0.1027826 0.023913499 1.6583735
v -0.105410606 0.024113199 1.6722169
v -0.103480995 0.023961699 1.658278
v -0.1012742 0.022986399 1.6480141
v -0.104174696 0.023309499 1.6582365
v -0.10463509 0.013946399 1.657745
v -0.102630995 0.0223228 1.6478142
v -0.10196629 0.023003198 1.6478729
v -0.102474004 0.0137852 1.6465858
v -0.099173 0.0215343 1.6361445
v -0.0984908 0.021516098 1.636328
v -0.0998434 0.0208601 1.6360801
v -0.0950126 0.0069107995 1.6477519
v -0.0950311 0.018719899 1.6232458
v -0.09436499 0.0186529 1.6234715
v -0.09007049 0.014979399 1.6123414
v -0.0997009 0.0123459995 1.6346885
v -0.0957557 0.0181046 1.6231768
v -0.0906896 0.0151047 1.6120251
v -0.08410169 0.0105661 1.6032538
v -0.0914626 0.0145664 1.6118803
v -0.0845878 0.0107097 1.6027616
v -0.0763101 0.005974 1.5972433
v -0.096185 0.0102587 1.6217958
v -0.085320994 0.0102114 1.6024122
v -0.0765463 0.0060157 1.5965788
v -0.0690431 0.0029618999 1.5963576
v -0.0922387 0.0077710003 1.6105578
v -0.0902962 0.0040308 1.6230704
v -0.07704239 0.0054149996 1.5960298
v -0.0688953 0.0029280998 1.5956669
v -0.061964996 0.000793 1.5966613
v -0.0866197 0.0052492 1.6022295
v -0.0690143 0.0022421 1.5950909
v -0.062487897 0.00047990002 1.5963844
v -0.0617917 0.0005364 1.5965096
v -0.0684393 0.0011552 1.597586
v -0.069914795 0.0010953 1.5955397
v -0.0868816 0.0026043 1.6119088
v -0.086008 0.0026393 1.6122886
v -0.0787657 0.0025533 1.5965521
v -0.0821068 0.0018703999 1.6046461
v -0.0683185 0.0006032 1.5971684
v -0.075352 0.0012394 1.5993441
v -0.0813805 0.002079 1.6052269
v -0.0748866 0.0017101 1.6000297
v -0.0687458 0.0017474 1.5976328
v -0.061964996 0.000793 1.5966613
v -0.0747114 0.0023901 1.6001099
v -0.0810553 0.002685 1.6053891
v -0.08555839 0.0031709997 1.6124088
v -0.0888742 0.0044863997 1.6233726
v -0.089374304 0.0039915 1.6233084
v -0.0916667 0.0058530997 1.6361549
v -0.0931017 0.0054133 1.6358924
v -0.0921718 0.0053626 1.6360946
v -0.0943451 0.0069403998 1.6474425
v -0.0949877 0.0065427 1.6473566
v -0.0907884 0.003129 1.6350862
v -0.0901663 0.0033967998 1.6352879
v -0.091190696 0.0022723998 1.635198
v -0.0842762 -0.0008797 1.624824
v -0.083721705 -0.00058249995 1.6251456
v -0.0830776 -0.014832701 1.6353283
v -0.0846626 -0.0017495 1.624873
v -0.0735951 -0.0051639 1.6149164
v -0.0731598 -0.0048519997 1.6153777
v -0.0739584 -0.0060436 1.614864
v -0.0765104 -0.015330499 1.62473
v -0.070348196 -0.025210999 1.6356324
v -0.0695302 -0.0251969 1.636121
v -0.0767015 -0.025839299 1.648703
v -0.0762321 -0.02533 1.648843
v -0.0691411 -0.0246718 1.6363897
v -0.061631497 -0.023611099 1.625836
v -0.061034698 -0.009039599 1.6107371
v -0.0607403 -0.0087651005 1.6112355
v -0.0614412 -0.0097763 1.6106284
v -0.06716479 -0.0162867 1.6161962
v -0.0627143 -0.0241962 1.624938
v -0.061963398 -0.0241508 1.6255227
v -0.0559933 -0.0229324 1.6191146
v -0.056266997 -0.0234256 1.6186892
v -0.0492465 -0.021481099 1.6150622
v -0.047204398 -0.012835899 1.6099414
v -0.047074698 -0.0126299 1.6103888
v -0.0476167 -0.0133087 1.6097941
v -0.056898296 -0.0233868 1.6179763
v -0.056659497 -0.0167392 1.6122159
v -0.0494286 -0.0218581 1.6145815
v -0.041718796 -0.0192934 1.6125766
v -0.0499866 -0.0217629 1.6139342
v -0.033893097 -0.0165111 1.6104922
v -0.0338745 -0.016400699 1.6107953
v -0.0417902 -0.0195217 1.6121233
v -0.0343964 -0.0165811 1.6103927
v -0.0451094 -0.0168081 1.6107693
v -0.0422377 -0.019425 1.6116595
v -0.0688953 0.0029280998 1.5956669
v -0.0617917 0.0005364 1.5965096
v -0.061964996 0.000793 1.5966613
v -0.0684393 0.0011552 1.597586
v 0.015226923 0.045610994 1.6631428
v 0.0292078 0.0406954 1.6650958
v 0.03430309 0.06968456 1.6505024
v 0.015832812 0.07314479 1.6509105
v 1.9967555E-08 0.04641671 1.6625732
v -0.0010683698 0.0732867 1.6507492
v -0.0016713706 0.107864626 1.6291847
v 0.03942541 0.10456042 1.628927
v 0.017391127 0.1076502 1.6296749
v -0.0022561855 0.13343729 1.6078082
v 0.018373098 0.13497241 1.6084116
v 0.0420035 0.13846625 1.6084734
v -0.0019903874 0.15642856 1.5858228
v 0.019065533 0.15683001 1.5861306
v 0.040687338 0.16528627 1.5893453
v -0.0013919768 0.17439252 1.5677638
v 0.038951896 0.18194443 1.568687
v 0.019258592 0.17168742 1.5677984
v 0.045714326 0.19826427 1.5683558
v 0.04404411 0.18886697 1.5863955
v 0.037466787 0.19422804 1.5500494
v 0.047700085 0.20756584 1.5516545
v 7.060164E-05 0.19043551 1.5514805
v -0.0011223422 0.18966384 1.5514822
v -0.00081176904 0.20755756 1.535214
v 0.019372301 0.18520191 1.5515611
v 0.0003889799 0.20836085 1.535214
v -0.00068004575 0.22715822 1.517279
v 0.03613144 0.20551117 1.5341522
v 0.049228556 0.21951148 1.5352005
v 0.019553669 0.19833314 1.5352076
v 0.03582454 0.21632461 1.5162574
v 0.05006722 0.2289756 1.517436
v 0.050613694 0.23082013 1.5012555
v 0.019220753 0.21169527 1.5173527
v 0.00039067908 0.22762513 1.5172786
v 6.247759E-06 0.23799515 1.5011461
v -0.0012914052 0.23747246 1.5011488
v -0.0011639606 0.23857339 1.501152
v -0.00088936416 0.23934484 1.5011463
v 0.018715363 0.21807064 1.5011182
v 0.03554802 0.22042343 1.5008299
v 0.019046672 0.22048916 1.4840301
v 0.03606768 0.22096846 1.4842371
v 0.051109426 0.22886379 1.4840938
v 0.036758702 0.21942106 1.4672353
v 0.051333982 0.22583765 1.4668431
v 0.0013286356 0.23718625 1.4840717
v 0.019877654 0.21990429 1.4667299
v 0.03693198 0.21751535 1.448566
v 0.05045321 0.22249709 1.447979
v 0.0035055524 0.23340471 1.467561
v 0.020952046 0.21879333 1.4480908
v 0.037139874 0.21666306 1.4324899
v 0.04915903 0.22064716 1.43214
v 0.0059943446 0.2294364 1.4497015
v 0.022596147 0.2181697 1.4320474
v 0.038247764 0.21871826 1.4164462
v 0.04790371 0.22227022 1.4163809
v 0.009555199 0.22533417 1.4334637
v 0.026368447 0.21952884 1.4163957
v 0.040552348 0.22466493 1.4015651
v 0.047935028 0.22704527 1.4018694
v 0.015725747 0.22414415 1.4171417
v 0.031409882 0.22537701 1.4018648
v 0.044063814 0.23796892 1.3900595
v 0.04880325 0.2393065 1.3906286
v 0.023086226 0.22867626 1.4017304
v 0.0073330253 0.23402591 1.4164109
v -0.00058983796 0.23863985 1.431955
v -0.00529173 0.24608247 1.4482036
v -0.0077685905 0.25205973 1.4666166
v -0.008253955 0.25481337 1.4839673
v -0.009179001 0.2539959 1.501146
v -0.009870401 0.24866155 1.5179722
v -0.00247379 0.23795436 1.5179724
v -0.009377187 0.23794386 1.5361811
v -0.002013996 0.22815238 1.5361814
v -0.00854054 0.22420312 1.5525564
v -0.0022221878 0.21579258 1.5525569
v -0.0075709685 0.21021721 1.5688162
v -0.0026492716 0.20323552 1.5688169
v -0.006558501 0.1988878 1.5866625
v -0.0033823648 0.19339749 1.5866629
v -0.0054396605 0.19004719 1.6085238
v -0.0042146025 0.1862118 1.6085235
v -0.004199019 0.18300292 1.6308202
v -0.0292078 0.0406954 1.6650958
v -0.0152268 0.045610998 1.6631428
v -0.034302916 0.06968393 1.6505024
v -0.017065303 0.07185009 1.6505047
v 1.9967555E-08 0.04641671 1.6625732
v -0.0010683698 0.0732867 1.6507492
v -0.0195879 0.105275646 1.6285267
v -0.039438337 0.10461312 1.6289271
v -0.0016713706 0.107864626 1.6291847
v -0.021539478 0.13073735 1.6052886
v -0.042583864 0.13864808 1.6084733
v -0.0022561855 0.13343729 1.6078082
v -0.023167739 0.14985625 1.5858277
v -0.043606546 0.17080517 1.5865301
v -0.017130595 0.15104318 1.5858254
v -0.0019903874 0.15642856 1.5858228
v -0.0244915 0.16375089 1.56781
v -0.012831838 0.16537516 1.5677813
v -0.0013919768 0.17439252 1.5677638
v -0.010391576 0.17992775 1.5515186
v -0.0011223422 0.18966384 1.5514822
v -0.024996292 0.17594318 1.5515627
v -0.009282687 0.19530387 1.5352113
v -0.00081176904 0.20755756 1.535214
v -0.025354551 0.18769237 1.5352076
v -0.008850815 0.21169189 1.5173141
v -0.00068004575 0.22715822 1.517279
v -0.04664673 0.19162221 1.5683228
v -0.04840589 0.1995718 1.5516545
v -0.044803556 0.1876814 1.5863957
v -0.043365706 0.18133847 1.6086727
v -0.042583864 0.13864808 1.6084733
v -0.049673174 0.21089323 1.5352005
v -0.02591535 0.20010053 1.517353
v -0.050669033 0.21983045 1.5174361
v -0.008732795 0.22056164 1.5011321
v -0.0012914052 0.23747246 1.5011488
v -0.026384523 0.20613143 1.5011182
v -0.05152693 0.22140382 1.5012555
v -0.05139004 0.21942897 1.4840938
v -0.025834136 0.2085841 1.48403
v -0.05079733 0.21670768 1.4668431
v -0.008357479 0.22254156 1.483999
v -0.0017585051 0.23970498 1.4839673
v -0.0012299748 0.23748052 1.4666162
v -0.02510852 0.20793194 1.4667299
v -0.048967667 0.21410166 1.447979
v -0.007990207 0.2215421 1.4666734
v -0.001249535 0.23299317 1.4482034
v -0.024712116 0.20773502 1.4480913
v -0.046816844 0.21322477 1.43214
v -0.008353625 0.21951112 1.4481475
v -0.0029645863 0.22745307 1.4319552
v -0.010015232 0.21759003 1.4320014
v -0.007895127 0.22524543 1.4164109
v -0.024920749 0.2088784 1.4320478
v -0.044516735 0.21620764 1.4163809
v -0.014054337 0.21841928 1.4164034
v -0.025936794 0.21216728 1.4163957
v -0.019370804 0.22489646 1.4018629
v -0.013980178 0.22968915 1.4018608
v -0.028424263 0.22029805 1.4018648
v -0.04324024 0.22270468 1.4018694
v -0.032611847 0.23527224 1.3905624
v -0.042817667 0.23665293 1.3906286
v -0.026813773 0.23840547 1.3905298
v -0.022620354 0.24157068 1.3904969
v -0.03753927 0.2517664 1.3830578
v -0.04279808 0.2535583 1.3831114
v -0.042961616 0.27354348 1.3763047
v -0.034797326 0.25414738 1.3830925
v -0.032055795 0.256528 1.3831269
v -0.0012914052 0.23747246 1.5011488
v -0.0011639606 0.23857339 1.501152
v -0.0017585051 0.23970498 1.4839673
v -0.0013960486 0.2410799 1.4839295
v -0.0012299748 0.23748052 1.4666162
v -0.00087842083 0.23884436 1.4662626
v -0.001249535 0.23299317 1.4482034
v -0.0009372887 0.2343505 1.4475831
v -0.0029645863 0.22745307 1.4319552
v -0.0027187567 0.2288466 1.4312651
v -0.007895127 0.22524543 1.4164109
v -0.027961535 0.24236308 1.4475819
v -0.028447596 0.24850395 1.4663485
v -0.0076646516 0.22673813 1.4159609
v -0.013980178 0.22968915 1.4018608
v -0.02942031 0.25141656 1.4839433
v -0.028331393 0.23499185 1.4317112
v -0.013758678 0.2310951 1.4019759
v -0.022620354 0.24157068 1.3904969
v -0.029902477 0.23118033 1.4162006
v -0.022423381 0.2423999 1.3913581
v -0.032055795 0.256528 1.3831269
v -0.03184843 0.23396274 1.402271
v -0.045344446 0.21737605 1.4162589
v -0.051754415 0.21765186 1.4665653
v -0.04987671 0.21510991 1.4475796
v -0.052385345 0.22036158 1.4840055
v -0.047677364 0.21433696 1.4317843
v -0.048967667 0.21410166 1.447979
v -0.05079733 0.21670768 1.4668431
v -0.046816844 0.21322477 1.43214
v -0.044516735 0.21620764 1.4163809
v -0.05139004 0.21942897 1.4840938
v -0.04324024 0.22270468 1.4018694
v -0.05152693 0.22140382 1.5012555
v -0.044030245 0.22372675 1.4021832
v -0.042817667 0.23665293 1.3906286
v -0.05254434 0.22235927 1.5014247
v -0.050669033 0.21983045 1.5174361
v -0.043397445 0.23716092 1.391576
v -0.0431868 0.25359133 1.3843626
v -0.04279808 0.2535583 1.3831114
v -0.03499132 0.24401085 1.3916835
v -0.043020647 0.27347675 1.3776406
v -0.042961616 0.27354348 1.3763047
v -0.031886406 0.25676414 1.3843637
v -0.038697317 0.25765464 1.3843634
v -0.051583476 0.22086178 1.5179704
v -0.0504253 0.2121422 1.5356877
v -0.049673174 0.21089323 1.5352005
v -0.048232324 0.20100059 1.5523872
v -0.04840589 0.1995718 1.5516545
v -0.02773585 0.23518905 1.5362025
v -0.029187497 0.24620967 1.5179718
v -0.04624188 0.19319609 1.5687228
v -0.04664673 0.19162221 1.5683228
v -0.044803556 0.1876814 1.5863957
v -0.029846858 0.2511532 1.5013254
v -0.0029580742 0.23718275 1.5179724
v -0.026228495 0.22107983 1.5525769
v -0.044383563 0.18843979 1.586471
v -0.043365706 0.18133847 1.6086727
v -0.00247379 0.23795436 1.5179724
v -0.00088936416 0.23934484 1.5011463
v -0.002013996 0.22815238 1.5361814
v -0.0024775765 0.22736551 1.5361829
v -0.0022221878 0.21579258 1.5525569
v -0.002718422 0.21493894 1.552558
v -0.0026492716 0.20323552 1.5688169
v -0.02491637 0.20638788 1.5688248
v -0.0032136934 0.2022584 1.5688174
v -0.0033823648 0.19339749 1.5866629
v -0.02359323 0.19359255 1.5866623
v -0.004088858 0.19218305 1.5866628
v -0.0042146025 0.1862118 1.6085235
v -0.022926295 0.18528216 1.6085219
v -0.042973414 0.17628215 1.6307489
v -0.022741012 0.18038127 1.6308138
v -0.04297946 0.17077169 1.6545397
v -0.004199019 0.18300292 1.6308202
v -0.022662014 0.17436095 1.6545885
v -0.042735495 0.16118577 1.6876708
v -0.022248195 0.1654636 1.687802
v -0.042991605 0.15208942 1.719993
v -0.0029062799 0.1755634 1.6546136
v -0.021835227 0.15708095 1.720252
v -0.042263802 0.14358029 1.7522134
v -0.0010295995 0.16597441 1.6878523
v -2.0232959E-07 0.15798506 1.7203015
v -0.021479703 0.1480276 1.7526257
v -0.039707232 0.13484764 1.7752364
v -0.0005451 0.167134 1.6878523
v -0.0019619793 0.17784971 1.6546136
v -0.020966338 0.13995251 1.7757106
v -0.0357349 0.12285244 1.7989972
v -8.362893E-06 0.14884177 1.7526845
v -0.019865474 0.12725087 1.7995317
v -0.031024322 0.11102222 1.8155318
v -0.0032616013 0.18532701 1.6308199
v -0.0054396605 0.19004719 1.6085238
v -2.1018981E-05 0.14115891 1.7758142
v -0.0045126164 0.19232085 1.6085238
v -0.006558501 0.1988878 1.5866625
v -0.00565216 0.20112054 1.5866624
v -0.0075709685 0.21021721 1.5688162
v -0.0066900533 0.21243617 1.5688162
v -0.00854054 0.22420312 1.5525564
v 0.020120662 0.20136124 1.5866623
v 0.020121662 0.19128773 1.6085219
v 0.020779073 0.18457252 1.6308138
v -0.0076818853 0.22640781 1.5525564
v -0.009377187 0.23794386 1.5361811
v -0.00853388 0.24013984 1.5361811
v -0.009870401 0.24866155 1.5179722
v 0.022123937 0.23105663 1.5525769
v -0.009036843 0.2508431 1.5179724
v -0.009179001 0.2539959 1.501146
v 0.021174908 0.21538144 1.5688248
v 0.04270935 0.1825585 1.6086731
v 0.021580726 0.17679434 1.6545885
v 0.04299895 0.17730223 1.6307489
v 0.042987578 0.17081024 1.6545397
v 0.042735506 0.16118582 1.6876708
v 0.043110795 0.18904257 1.586497
v 0.04404411 0.18886697 1.5863955
v 0.0220546 0.1661131 1.6878021
v 0.04299117 0.15208943 1.719993
v 0.04544758 0.1995711 1.5685877
v 0.045714326 0.19826427 1.5683558
v 0.047700085 0.20756584 1.5516545
v 0.021835204 0.15708095 1.720252
v 0.042245377 0.14358027 1.7522134
v 0.047513034 0.20895821 1.5523874
v 0.049228556 0.21951148 1.5352005
v 0.021462528 0.14802757 1.7526257
v 0.039660957 0.1348477 1.7752364
v 0.020923052 0.13995248 1.7757106
v 0.035665873 0.12285246 1.7989973
v 0.019800091 0.12725091 1.7995317
v 0.030942868 0.11102228 1.8155318
v 0.02300009 0.24595714 1.5362025
v -3.1805037E-05 0.12799916 1.7996145
v 0.018310517 0.11453087 1.8159143
v 0.049590454 0.2207118 1.5356873
v 0.05006722 0.2289756 1.517436
v 0.023705758 0.25754106 1.5179716
v -0.018388804 0.114530824 1.8159143
v 0.050958198 0.22996919 1.5179704
v 0.05158305 0.23176235 1.5014247
v 0.050613694 0.23082013 1.5012555
v -0.008962135 0.2557664 1.501311
v -0.008253955 0.25481337 1.4839673
v 0.02400207 0.26271275 1.5013249
v 0.052075572 0.22979029 1.4840052
v 0.051109426 0.22886379 1.4840938
v 0.051333982 0.22583765 1.4668431
v -0.008643704 0.25619054 1.4839294
v 0.024503049 0.26294944 1.4839433
v -0.008096239 0.25340348 1.4662626
v -0.0077685905 0.25205973 1.4666166
v -0.00529173 0.24608247 1.4482036
v 0.052334994 0.22676581 1.4665653
v 0.05045321 0.22249709 1.447979
v 0.025019668 0.25971434 1.4663485
v -0.005524206 0.24738374 1.4475831
v -0.00058983796 0.23863985 1.431955
v 0.051420536 0.22346279 1.4475795
v 0.04915903 0.22064716 1.43214
v 0.026375333 0.25266525 1.4475819
v -0.0007503715 0.23996313 1.4312651
v 0.0073330253 0.23402591 1.4164109
v 0.05008371 0.22170074 1.4317843
v 0.04790371 0.22227022 1.4163809
v 0.028461665 0.24395992 1.4317112
v 0.007161019 0.23546717 1.4159609
v 0.0164959 0.2356218 1.4018608
v 0.048786867 0.22339183 1.4162587
v 0.047935028 0.22704527 1.4018694
v 0.031943627 0.23826464 1.4162006
v 0.016238676 0.2370669 1.4019755
v 0.027794756 0.24486937 1.3904969
v 0.04872753 0.22808369 1.4021832
v 0.04880325 0.2393065 1.3906286
v 0.035781812 0.23894405 1.402271
v 0.02743143 0.24588715 1.3913581
v 0.038847025 0.2580344 1.3831269
v 0.049281444 0.23995665 1.391576
v 0.040540464 0.24708709 1.3916835
v 0.050015755 0.25515118 1.3843626
v 0.049797762 0.254893 1.3831114
v 0.03846275 0.25853157 1.3843637
v 0.045436915 0.25928828 1.3843634
v 0.050869405 0.2737074 1.3773755
v 0.050960787 0.2735834 1.3765697
v -0.07185747 0.044434614 1.7899767
v -0.09135646 0.05117129 1.7904152
v -0.07925315 0.04657727 1.8105791
v -0.07651329 0.048202753 1.7775255
v -0.10106892 0.05444069 1.7676692
v -0.06950317 0.009797799 1.7652969
v -0.0819057 0.05243098 1.7598248
v -0.10809879 0.05611652 1.7454648
v -0.069283746 0.021271577 1.7377362
v -0.088283844 0.05547836 1.7394154
v -0.095253125 0.05832035 1.714226
v -0.114405 0.0585167 1.7155367
v -0.07600765 0.03906348 1.7247933
v -0.06677493 0.026027404 1.7179767
v -0.07115609 0.0348322 1.7076569
v -0.0660069 0.029050002 1.7060132
v -0.064646 0.031532798 1.6923479
v -0.0764751 0.0456608 1.6776297
v -0.060597 0.0283177 1.681349
v -0.08227298 0.048001535 1.710243
v -0.103950486 0.0605887 1.6833247
v -0.1203024 0.0612793 1.6851991
v -0.0916567 0.0558263 1.6811076
v -0.11204411 0.064097404 1.651771
v -0.12820183 0.06486198 1.6528825
v -0.10055277 0.06513833 1.6514668
v -0.11982825 0.07022641 1.6292535
v -0.1357354 0.07025095 1.6286424
v -0.0576728 0.036056798 1.6718165
v -0.0548829 0.0227269 1.671503
v -0.043488998 0.031884998 1.667768
v -0.052482113 0.06704124 1.6505008
v -0.0292078 0.0406954 1.6650958
v -0.034302916 0.06968393 1.6505024
v -0.039438337 0.10461312 1.6289271
v -0.08381227 0.063615896 1.651219
v -0.06923789 0.066005155 1.6505405
v -0.07936838 0.089630894 1.6291882
v -0.06415544 0.10397616 1.629181
v -0.09181286 0.08250458 1.6291975
v -0.043766297 0.1390802 1.6084752
v -0.042583864 0.13864808 1.6084733
v -0.045267615 0.17087995 1.5886865
v -0.10824904 0.08065912 1.6292083
v -0.09988796 0.09948744 1.6080753
v -0.088197306 0.11156393 1.6081628
v -0.0736693 0.13639864 1.6086447
v -0.05705391 0.16940652 1.586124
v -0.09529221 0.1319783 1.5857549
v -0.10853247 0.11732187 1.58574
v -0.046753652 0.17118885 1.5865034
v -0.11108884 0.07579189 1.6292198
v -0.11957312 0.100903854 1.6080511
v -0.12063238 0.088269524 1.6079419
v -0.12866707 0.080868244 1.6078534
v -0.14312056 0.077073485 1.6077679
v -0.13848901 0.09606485 1.5856628
v -0.15230276 0.08864315 1.5856854
v -0.13169996 0.10418042 1.5856512
v -0.15042631 0.11500599 1.5668489
v -0.16563179 0.108994246 1.5667437
v -0.13355404 0.124742545 1.5860618
v -0.15939164 0.12948836 1.5533725
v -0.17904687 0.13183814 1.5520697
v -0.14215541 0.123045176 1.566921
v -0.11620447 0.12969162 1.5677142
v -0.14470407 0.14971521 1.5669715
v -0.14198568 0.13908069 1.5675924
v -0.15248449 0.14197047 1.5515934
v -0.15387535 0.17162088 1.5515698
v -0.17002298 0.14533931 1.5363488
v -0.19077489 0.14879198 1.5365428
v -0.16092171 0.15899886 1.5362456
v -0.15924144 0.19002786 1.536211
v -0.18000692 0.1613902 1.5200223
v -0.19826491 0.16119626 1.5200377
v -0.16789517 0.17583814 1.5200018
v -0.1607283 0.20312177 1.5200651
v -0.18488497 0.17146516 1.501734
v -0.20066196 0.16669467 1.5017768
v -0.19922926 0.1662362 1.4852548
v -0.17028646 0.18796092 1.5015795
v -0.15877277 0.2119125 1.5014801
v -0.18562865 0.17374687 1.4850792
v -0.19630319 0.1621489 1.467223
v -0.17000698 0.19175822 1.4849641
v -0.15668117 0.21269764 1.4849243
v -0.15538244 0.20637636 1.4672037
v -0.16866724 0.18877131 1.4671066
v -0.1551099 0.19598 1.4500947
v -0.18417381 0.17099573 1.4670522
v -0.19096537 0.15419237 1.4499022
v -0.16759022 0.18121126 1.4500712
v -0.15633163 0.18121946 1.4323246
v -0.18167162 0.16514753 1.449966
v -0.16614814 0.16890644 1.4326092
v -0.15946122 0.16891347 1.4187467
v -0.17764674 0.15490681 1.4328899
v -0.18546928 0.14427485 1.4333602
v -0.16672122 0.15845963 1.4186757
v -0.1649905 0.15695374 1.4061731
v -0.17539354 0.14671575 1.4183949
v -0.18227783 0.13700779 1.4181722
v -0.16934527 0.14709838 1.406136
v -0.17464171 0.14842387 1.3951052
v -0.17501247 0.13887501 1.4056374
v -0.181426 0.13226247 1.4049573
v -0.17754534 0.14347678 1.3945618
v -0.18649864 0.1485268 1.3850468
v -0.1799908 0.13892591 1.3940817
v -0.1842419 0.13305944 1.3941075
v -0.19154733 0.14175582 1.3847885
v -0.18871282 0.14527455 1.3846024
v -0.19980562 0.15550515 1.3773571
v -0.018265877 0.023275366 1.8491018
v -4.4851302E-05 0.018209534 1.8486301
v -4.479408E-05 0.01843237 1.8471745
v -0.018431634 0.02315465 1.8505611
v -4.4898985E-05 0.032763414 1.8506573
v -0.04548408 0.031933393 1.8417087
v -0.04486037 0.032018345 1.8403767
v -0.018231792 0.036632605 1.8510871
v -4.4898985E-05 0.047912158 1.8508028
v -0.06446695 0.040092494 1.8289083
v -0.063529745 0.04010701 1.8277795
v -0.017752914 0.049962178 1.8501714
v -0.01624876 0.07457247 1.8436059
v -0.04430601 0.045084152 1.8428226
v -0.080397554 0.046698663 1.8114781
v -0.07925315 0.04657727 1.8105791
v -0.062472463 0.052712508 1.8303798
v -0.09262306 0.051388185 1.7911224
v -0.09135646 0.05117129 1.7904152
v -0.026251106 0.07211145 1.8432704
v -0.023819407 0.09241997 1.8325651
v -0.04238718 0.058664005 1.8424765
v -0.07803057 0.06071433 1.8122175
v -0.10241193 0.054722093 1.768222
v -0.10106892 0.05444069 1.7676692
v -0.035869777 0.087497726 1.8325176
v -0.031024322 0.11102222 1.8155318
v -0.03445418 0.066308536 1.8428588
v -0.059401352 0.06564628 1.8306298
v -0.047866303 0.078234464 1.8315176
v -0.08924441 0.06580906 1.7927995
v -0.10947651 0.05645293 1.7459087
v -0.10809879 0.05611652 1.7454648
v -0.07409603 0.07398783 1.81323
v -0.067623034 0.08427378 1.8143208
v -0.059010074 0.09372452 1.8144555
v -0.09904436 0.06963007 1.769562
v -0.08469631 0.07966316 1.7944131
v -0.115778536 0.058840312 1.7158864
v -0.114405 0.0585167 1.7155367
v -0.07749851 0.092319794 1.7958153
v -0.10550095 0.072448805 1.747093
v -0.09439526 0.08442174 1.7708558
v -0.1216786 0.061571997 1.6855259
v -0.1203024 0.0612793 1.6851991
v -0.11217169 0.07611073 1.7165678
v -0.10042668 0.08761441 1.7482343
v -0.08628988 0.09894518 1.7720748
v -0.12948795 0.065463 1.6532551
v -0.12820183 0.06486198 1.6528825
v -0.11856049 0.079144 1.6858844
v -0.10708826 0.093560494 1.7173331
v -0.13707194 0.070663266 1.6291473
v -0.1357354 0.07025095 1.6286424
v -0.14312056 0.077073485 1.6077679
v -0.12645534 0.08286004 1.6534219
v -0.06716684 0.10412407 1.7969493
v -0.091642775 0.10412395 1.7493188
v -0.11347248 0.100868076 1.6864024
v -0.075749144 0.11256519 1.7731308
v -0.098070055 0.111804575 1.7180765
v -0.08088646 0.118288554 1.7502432
v -0.1334988 0.08791229 1.6293036
v -0.12065499 0.10820233 1.653771
v -0.104255386 0.12113348 1.6869056
v -0.08659705 0.1272419 1.718644
v -0.14453799 0.07763111 1.6079968
v -0.1534323 0.08904906 1.586658
v -0.15230276 0.08864315 1.5856854
v -0.1402114 0.09462438 1.6080406
v -0.16658531 0.10940419 1.5679575
v -0.16563179 0.108994246 1.5667437
v -0.1272112 0.11094976 1.6295402
v -0.14837977 0.106346756 1.5866549
v -0.17995618 0.1322824 1.5533425
v -0.17904687 0.13183814 1.5520697
v -0.13321051 0.11408219 1.6082287
v -0.12561266 0.11493023 1.6295991
v -0.16114317 0.12558684 1.5681322
v -0.19180912 0.14923654 1.5376889
v -0.19077489 0.14879198 1.5365428
v -0.14112812 0.122213714 1.5868324
v -0.174662 0.14866675 1.5528935
v -0.19946615 0.16164929 1.5208644
v -0.19826491 0.16119626 1.5200377
v -0.110781394 0.13054824 1.6541264
v -0.12981908 0.12073382 1.6083132
v -0.13527253 0.13091417 1.5866528
v -0.15301071 0.14026208 1.5682188
v -0.18611813 0.16890123 1.5374957
v -0.20194173 0.16709188 1.5021085
v -0.20066196 0.16669467 1.5017768
v -0.11461122 0.13731696 1.6298938
v -0.16481797 0.16269755 1.5527776
v -0.19357944 0.18233287 1.5208609
v -0.20048892 0.16658542 1.4851763
v -0.19922926 0.1662362 1.4852548
v -0.19630319 0.1621489 1.467223
v -0.11808266 0.14387241 1.6082977
v -0.145507 0.15050635 1.5682329
v -0.17371356 0.18237454 1.5374004
v -0.15460047 0.17258981 1.552836
v -0.14470407 0.14971521 1.5669715
v -0.15387535 0.17162088 1.5515698
v -0.15924144 0.19002786 1.536211
v -0.15991764 0.19122982 1.5373213
v -0.1607283 0.20312177 1.5200651
v -0.16134003 0.20454581 1.5208596
v -0.15877277 0.2119125 1.5014801
v -0.17805925 0.19731037 1.52086
v -0.17830318 0.20674947 1.5020163
v -0.15929236 0.213113 1.501865
v -0.15713577 0.21385093 1.4848322
v -0.15668117 0.21269764 1.4849243
v -0.19625516 0.18978904 1.5021199
v -0.19553556 0.18959785 1.485016
v -0.17671226 0.2081562 1.4849161
v -0.1557805 0.20746599 1.4666847
v -0.15538244 0.20637636 1.4672037
v -0.1551099 0.19598 1.4500947
v -0.19287382 0.18409467 1.4666367
v -0.17457616 0.20238198 1.4666215
v -0.15547714 0.19698913 1.4492615
v -0.15633163 0.18121946 1.4323246
v -0.1730708 0.19212595 1.449262
v -0.19751889 0.1624638 1.4668254
v -0.19096537 0.15419237 1.4499022
v -0.15675311 0.18218832 1.4313226
v -0.15946122 0.16891347 1.4187467
v -0.17129745 0.17771234 1.4316374
v -0.189384 0.17558642 1.4492631
v -0.19214983 0.15445673 1.4492667
v -0.18546928 0.14427485 1.4333602
v -0.15995951 0.16990787 1.4177029
v -0.1649905 0.15695374 1.4061731
v -0.18448864 0.16325863 1.4321005
v -0.18671271 0.14455624 1.4327558
v -0.18227783 0.13700779 1.4181722
v -0.17204662 0.16563973 1.4177035
v -0.16554691 0.15802065 1.4051518
v -0.18251835 0.1534045 1.4177052
v -0.18359908 0.13727127 1.4177083
v -0.181426 0.13226247 1.4049573
v -0.17526282 0.14963865 1.3943962
v -0.17464171 0.14842387 1.3951052
v -0.18649864 0.1485268 1.3850468
v -0.17490633 0.1550328 1.40526
v -0.18246385 0.1461703 1.4052116
v -0.1827796 0.13244022 1.404837
v -0.1842419 0.13305944 1.3941075
v -0.18097702 0.14771305 1.3943962
v -0.18688606 0.14944455 1.3855422
v -0.18591101 0.14306793 1.3943968
v -0.18548934 0.13309577 1.3943989
v -0.19154733 0.14175582 1.3847885
v -0.20004506 0.15563816 1.3785577
v -0.19980562 0.15550515 1.3773571
v -0.19980562 0.15550515 1.3773571
v -0.18979941 0.14837459 1.3855424
v -0.19249041 0.14169736 1.3855432
v -0.19193573 0.14676124 1.3855426
v -0.13355404 0.124742545 1.5860618
v -0.14311363 0.13962366 1.5675868
v -0.14402644 0.14035033 1.5686948
v -0.15213642 0.15191872 1.552836
v -0.15128617 0.15116681 1.5516777
v -0.122530274 0.15158589 1.5866547
v -0.16030216 0.1639098 1.5369117
v -0.15944692 0.16306128 1.5358616
v -0.12949543 0.16052565 1.5688134
v -0.16584341 0.17144963 1.5206332
v -0.16493137 0.17046891 1.5199013
v -0.16675374 0.17514277 1.5019139
v -0.16581522 0.17411499 1.5017393
v -0.16109218 0.17338777 1.485164
v -0.13695298 0.17154934 1.5528125
v -0.14428376 0.18182935 1.5367044
v -0.14920482 0.1890876 1.5204169
v -0.16202967 0.174297 1.4848322
v -0.15403737 0.17063017 1.4672911
v -0.15498988 0.17137872 1.4666449
v -0.14699197 0.16544226 1.4500015
v -0.14800061 0.16610938 1.4492613
v -0.14235242 0.15776886 1.432554
v -0.14350957 0.15841885 1.4320749
v -0.14338066 0.15510231 1.4151756
v -0.1445726 0.1557183 1.4151796
v -0.14813854 0.16033949 1.4002957
v -0.14718714 0.19336428 1.4846345
v -0.14232762 0.19100738 1.4665383
v -0.13804513 0.18546584 1.4492651
v -0.13550316 0.17763443 1.4321038
v -0.13709569 0.173978 1.4150887
v -0.14909233 0.16081914 1.4008884
v -0.15682131 0.17038435 1.3911604
v -0.15648824 0.17023751 1.3899727
v -0.15043074 0.19319679 1.5017778
v -0.1283527 0.20933655 1.5016338
v -0.12719129 0.20901836 1.4844354
v -0.12736692 0.2054214 1.5201108
v -0.14235653 0.17644748 1.3996124
v -0.16362838 0.18320017 1.3865045
v -0.16391712 0.18332435 1.3850863
v -0.1246224 0.20595902 1.4664557
v -0.10407384 0.2092368 1.5015019
v -0.123277344 0.19848785 1.5364861
v -0.15066624 0.18305904 1.3891073
v -0.1676781 0.19641265 1.3852043
v -0.16860548 0.19679624 1.3838449
v -0.15951347 0.1934722 1.3831993
v -0.14058524 0.19491465 1.3864076
v -0.1679901 0.20859994 1.3872648
v -0.16923505 0.209275 1.3862236
v -0.164572 0.20359 1.3821638
v -0.16459987 0.22030558 1.394575
v -0.16554907 0.2214959 1.3936045
v -0.12983632 0.18925346 1.3974777
v -0.15183082 0.2022881 1.38066
v -0.16627088 0.21272083 1.3855847
v -0.15908183 0.20957224 1.3804144
v -0.16350476 0.2160584 1.3847015
v -0.15903597 0.21765505 1.3850099
v -0.16554907 0.2214959 1.3936045
v -0.1595974 0.21898584 1.3837416
v -0.15066351 0.21372838 1.3799456
v -0.1512458 0.21455754 1.3784626
v -0.14030254 0.20955884 1.3770841
v -0.14006157 0.20962183 1.378401
v -0.1263459 0.20300417 1.3826354
v -0.12654369 0.2038358 1.3834339
v -0.11418006 0.19703682 1.3953977
v -0.1138237 0.19573899 1.3951541
v -0.123145044 0.18691589 1.4143678
v -0.104983486 0.191266 1.4136801
v -0.104768656 0.18977712 1.4138976
v -0.120385006 0.19053157 1.431995
v -0.10082734 0.19115464 1.4320202
v -0.100783944 0.18971048 1.4325978
v -0.10130873 0.19842885 1.4492732
v -0.10133826 0.19707511 1.4499713
v -0.122322336 0.19927369 1.4492686
v -0.10177245 0.20501181 1.4663943
v -0.10184041 0.20362085 1.4668623
v -0.10265399 0.2085094 1.484261
v -0.10268424 0.20707127 1.4843957
v -0.104042575 0.20777984 1.5012616
v -0.10352971 0.20489287 1.5191767
v -0.10364523 0.20631464 1.5197779
v -0.10128309 0.19997345 1.5361902
v -0.10150838 0.2014832 1.5368524
v -0.097005464 0.19133343 1.5527254
v -0.096749924 0.19002925 1.5517218
v -0.09163683 0.17991903 1.5673884
v -0.091866136 0.18124196 1.5683697
v -0.11725328 0.18878849 1.5527723
v -0.11141014 0.17825042 1.5689034
v -0.10658782 0.16996801 1.5866565
v -0.08726031 0.17235546 1.5866582
v -0.08659429 0.17160293 1.5878557
v -0.083998606 0.16540632 1.6085452
v -0.10283962 0.16178852 1.608392
v -0.10043265 0.15519756 1.6301806
v -0.08124615 0.16145405 1.630411
v -0.09750242 0.14818834 1.6542889
v -0.091835484 0.13729317 1.6871033
v -0.07899258 0.15485112 1.6544871
v -0.07559345 0.16750383 1.6304635
v -0.082144886 0.16519941 1.6085452
v -0.07533679 0.14543495 1.6873752
v -0.08063628 0.16955654 1.608551
v -0.08549963 0.17259733 1.5878557
v -0.08564817 0.17544392 1.587081
v -0.09176605 0.18461187 1.5700136
v -0.07148271 0.1364206 1.7192428
v -0.06969504 0.16261348 1.6544939
v -0.07776778 0.17432539 1.6085483
v -0.09328897 0.18628904 1.5707035
v -0.10006649 0.19805431 1.5516629
v -0.06623628 0.1283054 1.7511777
v -0.0614259 0.15468103 1.6874969
v -0.08172891 0.18453734 1.5864239
v -0.061636124 0.12288166 1.7741877
v -0.05464016 0.14820062 1.7197183
v -0.05399349 0.11349787 1.7980142
v -0.04679846 0.1412465 1.7520835
v -0.039707232 0.13484764 1.7752364
v -0.0357349 0.12285244 1.7989972
v -0.042263802 0.14358029 1.7522134
v -0.04672221 0.103269 1.8146957
v -0.046063796 0.15248455 1.7199157
v -0.042991605 0.15208942 1.719993
v -0.042735495 0.16118577 1.6876708
v -0.05153568 0.15022925 1.7197899
v -0.049120896 0.16069183 1.6876044
v -0.04297946 0.17077169 1.6545397
v -0.0559994 0.15813178 1.6875443
v -0.052097395 0.17015813 1.6545037
v -0.042973414 0.17628215 1.6307489
v -0.06134836 0.16719362 1.6544988
v -0.05399679 0.17685694 1.6306691
v -0.06522573 0.17424056 1.6305664
v -0.044351637 0.18135898 1.6086715
v -0.043365706 0.18133847 1.6086727
v -0.055331286 0.1834508 1.6085583
v -0.06822855 0.18137294 1.6085339
v -0.046535797 0.18903522 1.5866345
v -0.045905545 0.1878987 1.5863957
v -0.04859555 0.19712149 1.568355
v -0.07229488 0.19197011 1.5866259
v -0.057377383 0.19418146 1.5866603
v -0.04780984 0.1983501 1.5688962
v -0.05009756 0.2082123 1.5518582
v -0.059805293 0.2078915 1.5693898
v -0.049309094 0.20926745 1.5526332
v -0.05221134 0.22047631 1.5350672
v -0.087777376 0.19767198 1.570564
v -0.07742244 0.2071218 1.570006
v -0.060729392 0.2231363 1.5526689
v -0.051203307 0.2213299 1.5356532
v -0.10128264 0.199241 1.5527401
v -0.095519304 0.21633704 1.5527115
v -0.109119326 0.21167462 1.5362985
v -0.10807436 0.21103922 1.5353602
v -0.052201595 0.23090945 1.517871
v -0.053382356 0.23030111 1.5175298
v -0.05994543 0.23764373 1.535776
v -0.08087528 0.22638807 1.5526876
v -0.11362247 0.22101678 1.5178667
v -0.112495065 0.22033355 1.5172244
v -0.10077753 0.23085962 1.5360548
v -0.05212898 0.2363281 1.5001198
v -0.05339527 0.235962 1.499962
v -0.11491089 0.22438066 1.50041
v -0.1137408 0.22368997 1.5002058
v -0.05782274 0.2486359 1.5178703
v -0.08237856 0.24215864 1.5358592
v -0.05164591 0.23746316 1.4824761
v -0.05294153 0.2373649 1.4823971
v -0.10403886 0.2414826 1.5178678
v -0.07043274 0.2561813 1.5178697
v -0.083042786 0.2539548 1.5178694
v -0.055024583 0.2541168 1.5001767
v -0.08237716 0.25906706 1.500229
v -0.068700634 0.2614522 1.5002027
v -0.05153534 0.23641324 1.4618441
v -0.052798424 0.23667699 1.4617391
v -0.10525814 0.24537377 1.500315
v -0.10398319 0.24370086 1.4826454
v -0.08020942 0.2584507 1.4825735
v -0.06588222 0.261193 1.4825491
v -0.05155531 0.25423935 1.4825245
v -0.11366168 0.22233596 1.4827222
v -0.112536706 0.22166464 1.4829676
v -0.109446734 0.21556643 1.4626281
v -0.10069221 0.23652495 1.4620341
v -0.11049236 0.21623565 1.4620448
v -0.103680745 0.20543939 1.4426423
v -0.048594587 0.25088283 1.4619149
v -0.06277931 0.25647578 1.4619579
v -0.077303685 0.25236753 1.4620004
v -0.096677385 0.2252528 1.4418544
v -0.1047068 0.20610711 1.441853
v -0.09650061 0.19590595 1.422542
v -0.07562757 0.24162662 1.4418561
v -0.061609764 0.24739143 1.4418572
v -0.048167188 0.24341792 1.4418585
v -0.09213715 0.21282731 1.4220579
v -0.09765582 0.19655517 1.4218981
v -0.09357197 0.19464475 1.4043971
v -0.052391395 0.2320384 1.4418596
v -0.05357479 0.23260698 1.4417562
v -0.050161455 0.23765524 1.4219632
v -0.05578226 0.22847982 1.4218769
v -0.056842573 0.22928321 1.4219404
v -0.063109264 0.23052669 1.4050481
v -0.06236826 0.22986001 1.4042732
v -0.06622431 0.2322399 1.3960143
v -0.094860524 0.19516261 1.4041827
v -0.0955597 0.2011522 1.3885399
v -0.06257463 0.23873296 1.4220517
v -0.09100489 0.20880802 1.4045025
v -0.09675155 0.20126909 1.3890176
v -0.075490795 0.23002441 1.4221405
v -0.06716078 0.23565295 1.4045383
v -0.055216465 0.23679441 1.4043696
v -0.07910044 0.22467285 1.4047068
v -0.10570486 0.21510153 1.379308
v -0.105151534 0.21544696 1.3780932
v -0.09396999 0.21328239 1.3899759
v -0.058609333 0.23710875 1.3954144
v -0.11801542 0.2281185 1.3747858
v -0.11803376 0.22875391 1.3733283
v -0.1033529 0.22261578 1.3794149
v -0.086291276 0.22613963 1.3899034
v -0.13193537 0.24012473 1.3722051
v -0.13213372 0.24083802 1.3707225
v -0.11671483 0.23222435 1.3747861
v -0.0989395 0.23125568 1.3795718
v -0.07655268 0.23684666 1.3889279
v -0.066663474 0.23427765 1.4044787
v -0.07580291 0.23586933 1.388518
v -0.09210954 0.2401649 1.378546
v -0.09249739 0.24015129 1.37977
v -0.11172654 0.24230412 1.3747876
v -0.11173761 0.2428703 1.3733364
v -0.13213372 0.24083802 1.3707225
v -0.114817694 0.23670994 1.3747869
v -0.0690695 0.23536305 1.395473
v -0.06877464 0.2361005 1.395477
v -0.072848864 0.23867364 1.3866266
v -0.07245878 0.23958106 1.3866929
v -0.07771809 0.24455121 1.3794034
v -0.06417982 0.24073403 1.3863924
v -0.077589355 0.24577115 1.3794855
v -0.08527294 0.25616506 1.3738148
v -0.06539719 0.23195182 1.3954822
v -0.07078165 0.23676763 1.3864566
v -0.07126586 0.24687584 1.37926
v -0.0699649 0.23703331 1.3860022
v -0.07564449 0.24445911 1.3785152
v -0.076369695 0.24387915 1.3788135
v -0.08463643 0.25600687 1.3734072
v -0.08523189 0.25676262 1.3738804
v -0.089764 0.26444298 1.37211
v -0.08235738 0.25744516 1.3737705
v -0.08431221 0.25637576 1.3732656
v -0.08659429 0.17160293 1.5878557
v -0.091866136 0.18124196 1.5683697
v -0.09163683 0.17991903 1.5673884
v -0.08339825 0.16186179 1.5869582
v -0.083998606 0.16540632 1.6085452
v -0.08124615 0.16145405 1.630411
v -0.101800516 0.14580984 1.5678431
v -0.10933474 0.15888347 1.5516938
v -0.096749924 0.19002925 1.5517218
v -0.1256427 0.14320114 1.5516769
v -0.15128617 0.15116681 1.5516777
v -0.13474414 0.15596816 1.5356915
v -0.15944692 0.16306128 1.5358616
v -0.11683495 0.17116241 1.5355451
v -0.10128309 0.19997345 1.5361902
v -0.12212921 0.18073437 1.519441
v -0.10352971 0.20489287 1.5191767
v -0.14112869 0.16568206 1.519697
v -0.16493137 0.17046891 1.5199013
v -0.12412752 0.18751825 1.5013641
v -0.104042575 0.20777984 1.5012616
v -0.14367017 0.17252563 1.5015516
v -0.16581522 0.17411499 1.5017393
v -0.16109218 0.17338777 1.485164
v -0.14138137 0.17518578 1.4848504
v -0.15403737 0.17063017 1.4672911
v -0.1235489 0.18983695 1.4845653
v -0.10268424 0.20707127 1.4843957
v -0.13729483 0.17548276 1.4670817
v -0.14699197 0.16544226 1.4500015
v -0.12140135 0.18954556 1.466942
v -0.10184041 0.20362085 1.4668623
v -0.13350627 0.17250761 1.4499879
v -0.14235242 0.15776886 1.432554
v -0.11928376 0.18555418 1.4500177
v -0.10133826 0.19707511 1.4499713
v -0.13130914 0.16725045 1.4327016
v -0.117492385 0.17945668 1.4326757
v -0.100783944 0.18971048 1.4325978
v -0.104768656 0.18977712 1.4138976
v -0.1205639 0.17863996 1.4146228
v -0.1138237 0.19573899 1.3951541
v -0.13347043 0.16625687 1.4152268
v -0.14338066 0.15510231 1.4151756
v -0.14813854 0.16033949 1.4002957
v -0.1279529 0.18392274 1.3971263
v -0.1263459 0.20300417 1.3826354
v -0.13972458 0.17135206 1.3990998
v -0.15648824 0.17023751 1.3899727
v -0.13960582 0.19198045 1.3853952
v -0.14030254 0.20955884 1.3770841
v -0.14928117 0.1800933 1.3879479
v -0.16391712 0.18332435 1.3850863
v -0.15924133 0.19185336 1.3817813
v -0.16860548 0.19679624 1.3838449
v -0.15169536 0.20106728 1.3792399
v -0.1512458 0.21455754 1.3784626
v -0.16492438 0.20255528 1.3807863
v -0.16923505 0.209275 1.3862236
v -0.15933229 0.20906316 1.3789505
v -0.1595974 0.21898584 1.3837416
v -0.16675685 0.21144079 1.3844967
v -0.16554907 0.2214959 1.3936045
v -0.16373272 0.2152645 1.3834757
v -0.08527294 0.25616506 1.3738148
v -0.08463643 0.25600687 1.3734072
v -0.089764 0.26444298 1.37211
v -0.07771809 0.24455121 1.3794034
v -0.076369695 0.24387915 1.3788135
v -0.072848864 0.23867364 1.3866266
v -0.07078165 0.23676763 1.3864566
v -0.0690695 0.23536305 1.395473
v -0.06622431 0.2322399 1.3960143
v -0.066663474 0.23427765 1.4044787
v -0.063109264 0.23052669 1.4050481
v -0.061863497 0.22719757 1.4227254
v -0.056842573 0.22928321 1.4219404
v -0.05357479 0.23260698 1.4417562
v -0.061213054 0.23088114 1.4425764
v -0.052798424 0.23667699 1.4617391
v -0.0627058 0.2353453 1.4624683
v -0.05294153 0.2373649 1.4823971
v -0.06478464 0.23841211 1.4826335
v -0.05339527 0.235962 1.499962
v -0.06755062 0.23587216 1.4998617
v -0.053382356 0.23030111 1.5175298
v -0.08138627 0.21819368 1.4827521
v -0.078766175 0.21514447 1.4622946
v -0.07021057 0.22799163 1.5170321
v -0.05221134 0.22047631 1.5350672
v -0.07622985 0.2089171 1.4419491
v -0.08178088 0.21937609 1.500011
v -0.109446734 0.21556643 1.4626281
v -0.112536706 0.22166464 1.4829676
v -0.103680745 0.20543939 1.4426423
v -0.1137408 0.22368997 1.5002058
v -0.09650061 0.19590595 1.422542
v -0.112495065 0.22033355 1.5172244
v -0.0750584 0.20601493 1.4212822
v -0.09357197 0.19464475 1.4043971
v -0.079549246 0.21642457 1.5171105
v -0.10807436 0.21103922 1.5353602
v -0.07695728 0.20876901 1.4022821
v -0.07661411 0.21020691 1.535214
v -0.10006649 0.19805431 1.5516629
v -0.083268285 0.21680023 1.3854114
v -0.0955597 0.2011522 1.3885399
v -0.07580291 0.23586933 1.388518
v -0.105151534 0.21544696 1.3780932
v -0.07149551 0.19749665 1.55176
v -0.05009756 0.2082123 1.5518582
v -0.09176605 0.18461187 1.5700136
v -0.098265216 0.22877952 1.3751166
v -0.09210954 0.2401649 1.378546
v -0.11803376 0.22875391 1.3733283
v -0.11173761 0.2428703 1.3733364
v -0.065443285 0.1852182 1.5680052
v -0.04859555 0.19712149 1.568355
v -0.11488564 0.23575398 1.3733326
v -0.13213372 0.24083802 1.3707225
v -0.08239284 0.16576502 1.586632
v -0.08549963 0.17259733 1.5878557
v -0.082144886 0.16519941 1.6085452
v -0.045905545 0.1878987 1.5863957
v -0.043365706 0.18133847 1.6086727
v -0.042583864 0.13864808 1.6084733
v 0.0717814 0.044434603 1.7899767
v 0.079146795 0.0465773 1.8105791
v 0.09126675 0.051171254 1.7904152
v 0.07645091 0.04820278 1.7775255
v 0.069511764 0.009804787 1.7653005
v 0.10102114 0.054439977 1.7676692
v 0.08187065 0.052430954 1.7598248
v 0.06927923 0.02127158 1.7377362
v 0.10808754 0.056116514 1.7454648
v 0.08827505 0.05547836 1.7394154
v 0.07600634 0.039063476 1.7247933
v 0.066774756 0.026027407 1.7179767
v 0.09525304 0.05832035 1.714226
v 0.11440497 0.0585167 1.7155367
v 0.07115609 0.0348322 1.7076569
v 0.0660069 0.029050002 1.7060132
v 0.064646 0.031532798 1.6923479
v 0.0764751 0.0456608 1.6776297
v 0.060597 0.0283177 1.681349
v 0.08227297 0.048001535 1.710243
v 0.103950486 0.0605887 1.6833247
v 0.1203024 0.0612793 1.6851991
v 0.0916567 0.0558263 1.6811076
v 0.11204411 0.064097404 1.651771
v 0.12820183 0.064852744 1.6528825
v 0.10055277 0.06513833 1.6514668
v 0.11982824 0.07018267 1.6292535
v 0.13573541 0.07012513 1.6286424
v 0.0576728 0.036056798 1.6718165
v 0.0548829 0.0227269 1.671503
v 0.043488998 0.031884998 1.667768
v 0.052482113 0.06704124 1.6505008
v 0.0292078 0.0406954 1.6650958
v 0.03430309 0.06968456 1.6505024
v 0.03942541 0.10456042 1.628927
v 0.08381227 0.063615896 1.651219
v 0.06923789 0.066005155 1.6505405
v 0.07936837 0.0896276 1.6291882
v 0.06415542 0.103969865 1.629181
v 0.09181286 0.082504235 1.6291975
v 0.04296173 0.13889888 1.6084753
v 0.0420035 0.13846625 1.6084734
v 0.073669314 0.137831 1.6093899
v 0.08819731 0.111556776 1.6081628
v 0.040687338 0.16528627 1.5893453
v 0.099887945 0.099481836 1.6080753
v 0.109613776 0.08050571 1.6292093
v 0.043297794 0.16971673 1.5947014
v 0.04404411 0.18886697 1.5863955
v 0.04270935 0.1825585 1.6086731
v 0.04296173 0.13889888 1.6084753
v 0.046885 0.17467268 1.585458
v 0.045184247 0.18886697 1.5863955
v 0.04739319 0.19713083 1.5683547
v 0.057364605 0.16869186 1.5861533
v 0.06544327 0.18522164 1.5680052
v 0.050097577 0.20822357 1.5518582
v 0.08277059 0.16571496 1.586632
v 0.07149553 0.19750701 1.55176
v 0.052211322 0.2204893 1.5350672
v 0.08585594 0.17289448 1.5866532
v 0.09248536 0.18522231 1.5700699
v 0.100491844 0.19807556 1.5516615
v 0.07661404 0.2102189 1.535214
v 0.1080743 0.21105337 1.5353602
v 0.07021051 0.22800276 1.5170321
v 0.053382356 0.23031372 1.5175298
v 0.07954931 0.21643628 1.5171105
v 0.112495035 0.22034763 1.5172244
v 0.081780836 0.21938626 1.500011
v 0.1137408 0.223703 1.5002058
v 0.112536654 0.22167619 1.4829676
v 0.06755062 0.23588175 1.4998617
v 0.053395346 0.23597302 1.499962
v 0.081386335 0.21820208 1.4827518
v 0.10944664 0.21557593 1.4626281
v 0.06478462 0.23842008 1.4826335
v 0.05294155 0.23737425 1.482397
v 0.06270586 0.2353514 1.4624683
v 0.052798424 0.23668419 1.4617391
v 0.07876621 0.21515064 1.4622946
v 0.103680685 0.20544647 1.4426423
v 0.061213035 0.2308855 1.4425764
v 0.05357479 0.23261221 1.4417562
v 0.061863497 0.22720046 1.4227254
v 0.056842517 0.22928657 1.4219404
v 0.06310924 0.23053 1.4050481
v 0.07622984 0.20892122 1.4419491
v 0.09650058 0.19591089 1.4225421
v 0.07505844 0.20601751 1.4212822
v 0.09357197 0.19464819 1.4043971
v 0.06666345 0.23428144 1.4044787
v 0.06622437 0.23224254 1.3960143
v 0.07695724 0.20877056 1.4022821
v 0.083268374 0.216801 1.3854114
v 0.095559694 0.20115444 1.3885399
v 0.10515152 0.21544819 1.3780932
v 0.06906944 0.23536603 1.395473
v 0.07078161 0.23676954 1.3864566
v 0.07284885 0.23867573 1.3866266
v 0.0763697 0.24388038 1.3788135
v 0.077718064 0.24455258 1.3794034
v 0.0846364 0.25600734 1.3734072
v 0.08527294 0.25616553 1.3738148
v 0.089763984 0.2644432 1.37211
v 0.07580299 0.23587145 1.388518
v 0.09826522 0.22877994 1.3751166
v 0.09210956 0.240166 1.378546
v 0.11803375 0.22875434 1.3733283
v 0.111737706 0.24287064 1.3733364
v 0.11488567 0.23575416 1.3733326
v 0.1321337 0.2408381 1.3707225
v -4.479408E-05 0.01843237 1.8471745
v -4.4851302E-05 0.018209534 1.8486301
v 0.018339567 0.023154669 1.8505611
v -4.4898985E-05 0.032763414 1.8506573
v 0.01813979 0.036632605 1.8510871
v -4.4898985E-05 0.047912158 1.8508028
v 0.017661 0.049962178 1.8501714
v 0.01615796 0.074572444 1.8436059
v 0.02615752 0.072111435 1.8432704
v 0.023730125 0.092420004 1.8325651
v 0.034357365 0.066308536 1.8428588
v 0.03577587 0.087497726 1.8325175
v 0.030942868 0.11102228 1.8155318
v 0.04663449 0.103268966 1.8146957
v 0.035665873 0.12285246 1.7989973
v 0.053917836 0.113497905 1.7980142
v 0.039660957 0.1348477 1.7752364
v 0.046779804 0.14124651 1.7520835
v 0.042245377 0.14358027 1.7522134
v 0.046063375 0.15248455 1.7199157
v 0.04299117 0.15208943 1.719993
v 0.042735506 0.16118582 1.6876708
v 0.051535267 0.15022925 1.7197899
v 0.04912089 0.16069204 1.6876043
v 0.042987578 0.17081024 1.6545397
v 0.0559994 0.15813223 1.6875443
v 0.05210634 0.17019388 1.6545036
v 0.04299895 0.17730223 1.6307489
v 0.0613435 0.16718073 1.6544987
v 0.05402528 0.176965 1.6306691
v 0.06520772 0.17419092 1.6305664
v 0.04402682 0.18248293 1.6086714
v 0.04270935 0.1825585 1.6086731
v 0.055356693 0.18354772 1.6085583
v 0.04577455 0.18930408 1.5866615
v 0.045184247 0.18886697 1.5863955
v 0.068228535 0.1813807 1.6085339
v 0.04780984 0.19835955 1.5688962
v 0.04739319 0.19713083 1.5683547
v 0.050097577 0.20822357 1.5518582
v 0.057377424 0.19342853 1.5866603
v 0.049309116 0.2092788 1.5526332
v 0.052211322 0.2204893 1.5350672
v 0.059805293 0.20790246 1.5693898
v 0.07229488 0.19198047 1.5866259
v 0.07772495 0.17422459 1.6085483
v 0.079680145 0.16958117 1.6081431
v 0.08585594 0.17289448 1.5866532
v 0.085659824 0.17604195 1.5870309
v 0.09248536 0.18522231 1.5700699
v 0.081682995 0.18443754 1.5864239
v 0.09348358 0.18583897 1.5711318
v 0.0880614 0.19742516 1.5705792
v 0.101476714 0.19867828 1.5527409
v 0.100491844 0.19807556 1.5516615
v 0.077422395 0.20713426 1.570006
v 0.09551931 0.21635117 1.5527115
v 0.109119415 0.21168886 1.5362985
v 0.1080743 0.21105337 1.5353602
v 0.060729355 0.22314917 1.5526689
v 0.080875255 0.22640218 1.5526876
v 0.10077747 0.2308743 1.5360548
v 0.1136224 0.22103094 1.5178667
v 0.112495035 0.22034763 1.5172244
v 0.05120329 0.22134288 1.5356532
v 0.05994537 0.23765785 1.5357761
v 0.052201517 0.23092219 1.517871
v 0.053382356 0.23031372 1.5175298
v 0.11491092 0.22439371 1.50041
v 0.1137408 0.223703 1.5002058
v 0.05212898 0.23633923 1.5001199
v 0.053395346 0.23597302 1.499962
v 0.10403889 0.24149725 1.5178678
v 0.08237857 0.24217333 1.5358592
v 0.057822797 0.24864978 1.5178703
v 0.051645927 0.23747258 1.4824761
v 0.05294155 0.23737425 1.482397
v 0.08304279 0.25396946 1.5178694
v 0.07043281 0.25619566 1.5178697
v 0.055024605 0.25412947 1.5001767
v 0.082377166 0.25908133 1.500229
v 0.068700634 0.26146594 1.5002027
v 0.051535282 0.23642063 1.4618441
v 0.052798424 0.23668419 1.4617391
v 0.1052581 0.24538814 1.500315
v 0.10398319 0.24371433 1.4826454
v 0.080209464 0.25846404 1.4825735
v 0.06588222 0.26120538 1.4825493
v 0.05155529 0.25425044 1.4825245
v 0.11366165 0.2223476 1.4827222
v 0.112536654 0.22167619 1.4829676
v 0.10944664 0.21557593 1.4626281
v 0.10069221 0.23653664 1.4620341
v 0.1104924 0.21624523 1.4620448
v 0.103680685 0.20544647 1.4426423
v 0.04859461 0.2508918 1.4619149
v 0.06277931 0.2564862 1.4619579
v 0.077303715 0.25237927 1.4620004
v 0.1047068 0.20611429 1.441853
v 0.09650058 0.19591089 1.4225421
v 0.0966774 0.22526222 1.4418544
v 0.07562765 0.24163608 1.4418561
v 0.061609782 0.2473996 1.4418572
v 0.04816723 0.2434246 1.4418585
v 0.097655825 0.19656014 1.4218981
v 0.09357197 0.19464819 1.4043971
v 0.09213722 0.2128341 1.4220579
v 0.05239145 0.23204377 1.4418596
v 0.05357479 0.23261221 1.4417562
v 0.050161455 0.23765974 1.4219632
v 0.055782277 0.2284833 1.4218769
v 0.056842517 0.22928657 1.4219404
v 0.06310924 0.23053 1.4050481
v 0.062368277 0.2298632 1.4042732
v 0.06622437 0.23224254 1.3960143
v 0.06257462 0.23873875 1.4220517
v 0.07549082 0.23003139 1.4221405
v 0.06716072 0.23565689 1.4045383
v 0.05521652 0.23679723 1.4043696
v 0.0653972 0.23195434 1.3954822
v 0.07078161 0.23676954 1.3864566
v 0.058609314 0.23711093 1.3954144
v 0.079100415 0.22467785 1.4047068
v 0.09100486 0.20881292 1.4045025
v 0.09486053 0.19516614 1.4041827
v 0.095559694 0.20115444 1.3885399
v 0.096751556 0.20127133 1.3890176
v 0.09397003 0.21328576 1.3899759
v 0.10570484 0.21510282 1.379308
v 0.10515152 0.21544819 1.3780932
v 0.1180154 0.22811903 1.3747858
v 0.11803375 0.22875434 1.3733283
v 0.10335293 0.22261769 1.3794149
v 0.08629125 0.22614294 1.3899034
v 0.13193534 0.24012484 1.3722051
v 0.1321337 0.2408381 1.3707225
v 0.11671486 0.23222512 1.3747861
v 0.098939516 0.23125759 1.3795718
v 0.076552734 0.23684892 1.3889279
v 0.06666345 0.23428144 1.4044787
v 0.07580299 0.23587145 1.388518
v 0.09210956 0.240166 1.378546
v 0.09249748 0.24015245 1.37977
v 0.111726604 0.24230453 1.3747876
v 0.111737706 0.24287064 1.3733364
v 0.1321337 0.2408381 1.3707225
v 0.11481766 0.2367107 1.3747869
v 0.06877464 0.23610355 1.395477
v 0.06906944 0.23536603 1.395473
v 0.07284885 0.23867573 1.3866266
v 0.0641798 0.24073555 1.3863924
v 0.072458856 0.2395832 1.3866929
v 0.077718064 0.24455258 1.3794034
v 0.06996494 0.23703514 1.3860022
v 0.071265966 0.2468768 1.37926
v 0.077589355 0.24577257 1.3794855
v 0.08527294 0.25616553 1.3738148
v 0.07564451 0.24446028 1.3785152
v 0.0763697 0.24388038 1.3788135
v 0.0846364 0.25600734 1.3734072
v 0.08523193 0.2567632 1.3738804
v 0.089763984 0.2644432 1.37211
v 0.082357444 0.25744557 1.3737705
v 0.084312305 0.25637624 1.3732656
v 0.09163681 0.17997083 1.5673884
v 0.09186613 0.181294 1.5683697
v 0.08681297 0.17289448 1.5866532
v 0.083398275 0.1618739 1.5869582
v 0.08268444 0.16669078 1.6085452
v 0.09529224 0.1319868 1.5857546
v 0.10180045 0.14585063 1.5678431
v 0.10853253 0.117325306 1.5857402
v 0.109334715 0.1589147 1.5516937
v 0.096749894 0.19007608 1.5517218
v 0.11620446 0.12972069 1.5677142
v 0.119573124 0.10086147 1.6080511
v 0.1168349 0.17118108 1.5355451
v 0.10128307 0.20001227 1.5361902
v 0.12564275 0.1432169 1.5516771
v 0.13304597 0.124076195 1.5856634
v 0.13474406 0.15596816 1.5356916
v 0.12212917 0.18074022 1.5194409
v 0.1035297 0.20492142 1.5191767
v 0.14198577 0.13908333 1.5675924
v 0.15128613 0.15116851 1.5516775
v 0.15944691 0.16306129 1.5358617
v 0.14112873 0.16568208 1.519697
v 0.16493137 0.17046891 1.5199013
v 0.12412754 0.18751822 1.5013642
v 0.104042664 0.20779562 1.5012616
v 0.14367008 0.17252564 1.5015516
v 0.16581516 0.17411497 1.5017393
v 0.16109215 0.17338775 1.485164
v 0.1413813 0.17518581 1.4848504
v 0.1540374 0.17063014 1.4672911
v 0.12354885 0.18983692 1.4845653
v 0.10268421 0.20707282 1.4843957
v 0.13729484 0.17548276 1.4670817
v 0.14699195 0.16544226 1.4500015
v 0.12140129 0.18954553 1.466942
v 0.10184044 0.20362087 1.4668623
v 0.13350631 0.17250758 1.4499879
v 0.14235237 0.15776883 1.432554
v 0.11928371 0.18555418 1.4500177
v 0.10133823 0.19707513 1.4499713
v 0.13130917 0.16725044 1.4327016
v 0.11749233 0.17945673 1.4326757
v 0.10078396 0.18971044 1.4325978
v 0.10476867 0.18977714 1.4138976
v 0.12056389 0.17863998 1.4146228
v 0.11382362 0.19573902 1.3951541
v 0.13347049 0.16625687 1.4152268
v 0.14338058 0.15510234 1.4151756
v 0.14813866 0.1603395 1.4002957
v 0.12795292 0.18392274 1.3971263
v 0.12634593 0.20300418 1.3826354
v 0.13972466 0.17135204 1.3990998
v 0.15648827 0.17023751 1.3899727
v 0.13960579 0.1919805 1.3853952
v 0.14030246 0.20955884 1.3770841
v 0.14928123 0.18009336 1.3879479
v 0.16391712 0.18332435 1.3850863
v 0.15924144 0.19185336 1.3817813
v 0.16860546 0.19679621 1.3838449
v 0.15169536 0.20106724 1.3792399
v 0.15124592 0.21455754 1.3784626
v 0.16492431 0.20255527 1.3807863
v 0.16923504 0.20927498 1.3862236
v 0.15933228 0.2090632 1.3789505
v 0.15959747 0.2189858 1.3837416
v 0.16675693 0.21144079 1.3844967
v 0.16554904 0.22149585 1.3936045
v 0.16373275 0.21526454 1.3834757
v 0.07367924 0.07885825 1.8129646
v 0.06072729 0.06675346 1.8290733
v 0.07552452 0.076118894 1.8127245
v 0.08633125 0.08128688 1.7940301
v 0.07592229 0.07592388 1.8129405
v 0.08221931 0.08835817 1.7949088
v 0.08233926 0.088816546 1.7951477
v 0.07373886 0.07931378 1.8132894
v 0.08678226 0.08112186 1.7942069
v 0.09577969 0.08632835 1.7706277
v 0.090618946 0.09615419 1.7716517
v 0.09047376 0.09568499 1.7714779
v 0.0829713 0.08916931 1.7955524
v 0.09129119 0.0965253 1.7719474
v 0.09625179 0.0861781 1.7707549
v 0.10165577 0.089875 1.7480782
v 0.095695004 0.1017109 1.7489811
v 0.096405715 0.102058426 1.749239
v 0.09550774 0.10123432 1.7488165
v 0.087436594 0.081422105 1.7945949
v 0.09694241 0.08650276 1.7710451
v 0.10213928 0.0897414 1.7481909
v 0.106213875 0.09216473 1.7324477
v 0.10283384 0.09009074 1.7484392
v 0.09966521 0.10546215 1.7332171
v 0.10035789 0.10577356 1.7335006
v 0.09949804 0.1050222 1.7330475
v 0.106709115 0.09203316 1.7325796
v 0.10739973 0.09238153 1.7328627
v 0.110868946 0.095031776 1.7187462
v 0.103004165 0.090552986 1.74856
v 0.107573494 0.09285031 1.7330053
v 0.097117305 0.08695701 1.7711897
v 0.10403495 0.109469354 1.7192935
v 0.10471267 0.10975658 1.7196282
v 0.10387601 0.109043926 1.7190925
v 0.11135536 0.094892815 1.7188882
v 0.11203069 0.09522102 1.7192199
v 0.11219397 0.09567541 1.7193975
v 0.116452254 0.09903795 1.7044196
v 0.10944881 0.11450336 1.7048283
v 0.11011404 0.11477029 1.70521
v 0.10929384 0.11408661 1.7045976
v 0.117584534 0.099192776 1.7049474
v 0.1169258 0.09888933 1.7045715
v 0.11773711 0.09962952 1.7051529
v 0.12297119 0.1037174 1.6898685
v 0.11581857 0.12014507 1.6901968
v 0.11646721 0.120391235 1.6906177
v 0.11567196 0.11974081 1.6899449
v 0.12407924 0.10384335 1.690453
v 0.12343662 0.10356089 1.6900353
v 0.124224626 0.104268014 1.6906832
v 0.13278522 0.11079841 1.670789
v 0.12539096 0.12835191 1.6710621
v 0.12602852 0.12858963 1.6715137
v 0.12524734 0.127951 1.6707919
v 0.13387786 0.11089563 1.6714135
v 0.13324441 0.11063373 1.6709657
v 0.13402244 0.11130968 1.6716635
v 0.1419532 0.117400646 1.654025
v 0.13445099 0.13593121 1.654177
v 0.13507494 0.13616626 1.6546481
v 0.13431643 0.13553677 1.6538986
v 0.14303891 0.11749702 1.6546834
v 0.14241473 0.11723812 1.6542106
v 0.14317934 0.11790896 1.6549536
v 0.15242119 0.12583749 1.6362122
v 0.14407726 0.14424895 1.6373789
v 0.14468631 0.14451191 1.6378436
v 0.14396816 0.14386089 1.6371052
v 0.15352055 0.12594676 1.6368735
v 0.15289314 0.12568305 1.6363914
v 0.1536623 0.12635882 1.6371658
v 0.16054697 0.13389748 1.621076
v 0.15152426 0.15295 1.6220207
v 0.15213525 0.15325722 1.6224556
v 0.15143335 0.1525645 1.621745
v 0.16168226 0.13407613 1.6217039
v 0.1610448 0.13377504 1.6212345
v 0.16182049 0.13449867 1.6220137
v 0.16621882 0.1418515 1.6085081
v 0.15632524 0.16151184 1.6088605
v 0.15693556 0.1618732 1.6092666
v 0.15625167 0.16112506 1.6085757
v 0.1673864 0.14212681 1.6091032
v 0.16674781 0.14177924 1.6086402
v 0.16750972 0.14255351 1.6094439
v 0.17009899 0.15053143 1.5975208
v 0.15896438 0.16944732 1.5978173
v 0.15956283 0.16986233 1.5982112
v 0.16102701 0.17784 1.5880511
v 0.15891048 0.16905665 1.5975169
v 0.1604666 0.17737246 1.5876585
v 0.17124462 0.15089674 1.5980885
v 0.17062815 0.1505101 1.5976251
v 0.17296308 0.15972668 1.5874803
v 0.16045128 0.1769908 1.5873486
v 0.17133051 0.15130292 1.5984467
v 0.17408988 0.16019736 1.5880585
v 0.16082254 0.18569538 1.5778953
v 0.17350298 0.15976557 1.5875791
v 0.17461106 0.16959819 1.5779105
v 0.1751408 0.16969123 1.5780048
v 0.17568193 0.17016017 1.5784991
v 0.16083431 0.18532439 1.577562
v 0.17539181 0.17936134 1.5691812
v 0.17414074 0.16059174 1.5884423
v 0.17592792 0.17952232 1.5692871
v 0.15975809 0.19461437 1.5685328
v 0.15980858 0.19424985 1.5681577
v 0.17452785 0.19026764 1.5602669
v 0.16135065 0.18620466 1.5782919
v 0.17642148 0.18002945 1.5698074
v 0.1756861 0.1705283 1.5788922
v 0.17505199 0.19050041 1.5603628
v 0.15687537 0.20390412 1.5589523
v 0.15678072 0.20424575 1.5593365
v 0.16022852 0.19517943 1.5689557
v 0.16184828 0.18630311 1.5783235
v 0.17114791 0.20200795 1.5506575
v 0.15145366 0.21513914 1.5484225
v 0.15717705 0.20485717 1.5597605
v 0.16073507 0.19536354 1.5689903
v 0.1516031 0.2148217 1.5480505
v 0.17163028 0.20228347 1.5507303
v 0.16535343 0.21583155 1.5387203
v 0.17549285 0.19104902 1.560886
v 0.15175839 0.21578234 1.5488557
v 0.14567825 0.22496982 1.5370125
v 0.15765315 0.20510449 1.559784
v 0.14587983 0.22461689 1.5366868
v 0.14589334 0.22569807 1.5373771
v 0.1521932 0.21606739 1.5488894
v 0.13983467 0.231809 1.5240637
v 0.17542063 0.19137736 1.5613266
v 0.17189151 0.20317224 1.5516578
v 0.17638624 0.18038166 1.5702296
v 0.16151996 0.17788342 1.5880973
v 0.16005571 0.16985175 1.5982707
v 0.15741017 0.16181178 1.6093466
v 0.15259281 0.1531481 1.6225703
v 0.14513391 0.14436473 1.6379946
v 0.13553081 0.13599458 1.6548157
v 0.1264933 0.12841593 1.6716741
v 0.11693071 0.12021883 1.690762
v 0.110585764 0.11460537 1.7053388
v 0.10518393 0.10959861 1.7197391
v 0.10083723 0.10562458 1.7335954
v 0.09692848 0.1019293 1.7493318
v 0.09179224 0.09641304 1.7720582
v 0.08346693 0.08905455 1.7957072
v 0.087598845 0.08186846 1.794782
v 0.074772425 0.07955738 1.8140929
v 0.07649021 0.07615591 1.813464
v 0.07660515 0.076560356 1.813721
v 0.06072729 0.06675346 1.8290733
v 0.07552452 0.076118894 1.8127245
v 0.074277095 0.07965797 1.8138452
v 0.07367924 0.07885825 1.8129646
v 0.15091774 0.23157845 1.3928705
v 0.1539478 0.22690368 1.3949652
v 0.15177332 0.24870099 1.3940591
v 0.14646743 0.21936214 1.3981836
v 0.15343124 0.21487904 1.3998376
v 0.15422332 0.22703847 1.3954376
v 0.14622593 0.21966308 1.3984362
v 0.15052944 0.23171107 1.3930827
v 0.14002243 0.2106142 1.40871
v 0.14014292 0.21020739 1.408559
v 0.14635094 0.22007926 1.3990898
v 0.15382296 0.21504691 1.4002031
v 0.15022776 0.20474155 1.4091417
v 0.15066667 0.20494029 1.4094203
v 0.15390314 0.21548143 1.4009241
v 0.14503624 0.1999478 1.4234582
v 0.13263059 0.20644058 1.4241774
v 0.14034729 0.2111525 1.4091653
v 0.1327057 0.20598054 1.424194
v 0.15033227 0.23194474 1.3938062
v 0.15177332 0.24870099 1.3940591
v 0.15091774 0.23157845 1.3928705
v 0.1539478 0.22690368 1.3949652
v 0.15055381 0.2320099 1.3942064
v 0.15408047 0.22721982 1.3962523
v 0.1466981 0.22013013 1.3993893
v 0.15365754 0.22727212 1.3966206
v 0.15359381 0.2157605 1.4013002
v 0.14073603 0.2111901 1.4093902
v 0.15067312 0.20605314 1.4101307
v 0.15088715 0.2055896 1.40991
v 0.13303374 0.20708978 1.4243685
v 0.14562675 0.20145474 1.4238174
v 0.14548591 0.20018026 1.4236435
v 0.14578296 0.20093831 1.4238241
v 0.13345283 0.20718372 1.4245483
v 0.13995904 0.20188624 1.4390695
v 0.1400663 0.20311087 1.4387408
v 0.12604655 0.20849994 1.4405644
v 0.13952278 0.20160638 1.4389998
v 0.12687016 0.20939392 1.4405354
v 0.14023666 0.20265466 1.4389373
v 0.13443227 0.21101467 1.4559857
v 0.12614955 0.20805621 1.4407568
v 0.12642565 0.20920368 1.4404479
v 0.13462853 0.21168208 1.4556634
v 0.13405952 0.21080638 1.4560417
v 0.12058014 0.21605103 1.4567589
v 0.13441044 0.2119995 1.4554656
v 0.13525866 0.22088844 1.4730134
v 0.12078619 0.21558025 1.457031
v 0.12130325 0.21712539 1.4563489
v 0.1354395 0.221562 1.4726634
v 0.13488553 0.22070612 1.4731683
v 0.13521275 0.22192493 1.472535
v 0.1208316 0.2168024 1.4564271
v 0.12045778 0.22367077 1.4727911
v 0.14143722 0.22932144 1.4900782
v 0.12019472 0.22416335 1.4725995
v 0.1208048 0.2252597 1.4720384
v 0.12036248 0.22493155 1.4722356
v 0.124885134 0.23217137 1.4885658
v 0.1246491 0.23054805 1.4891633
v 0.14126042 0.2286027 1.4903507
v 0.14122793 0.22972128 1.490058
v 0.12449207 0.23184562 1.488804
v 0.14090724 0.2284178 1.4905523
v 0.12437548 0.23104386 1.4890991
v 0.13226031 0.23589404 1.5061141
v 0.15079328 0.23202516 1.5079095
v 0.13209571 0.23425226 1.5062631
v 0.13191035 0.2355404 1.5062851
v 0.15015592 0.23102129 1.5081325
v 0.13182591 0.23469791 1.5063615
v 0.1506343 0.232462 1.508035
v 0.15053667 0.23125257 1.5079619
v 0.14007117 0.23141673 1.523835
v 0.13997816 0.23261741 1.5242494
v 0.1403466 0.23296851 1.5241915
v 0.1600643 0.22631162 1.5260017
v 0.15934382 0.22530167 1.5258425
v 0.15975975 0.22557576 1.5257754
v 0.15992358 0.22670262 1.5262734
v 0.1462982 0.22603323 1.537396
v 0.16599219 0.21702032 1.5395029
v 0.1661221 0.21671425 1.5391476
v 0.16578539 0.21608749 1.538735
v 0.17200416 0.20286918 1.5512333
v -0.0624702 0.09672189 1.8140446
v -0.049641307 0.08708444 1.829386
v -0.060435876 0.09890085 1.8140014
v -0.0723459 0.10480146 1.7963928
v -0.06289158 0.096468076 1.8142054
v -0.06835363 0.109248176 1.7968917
v -0.060235113 0.099367805 1.8142
v -0.07277112 0.10455711 1.7964982
v -0.076896735 0.10861858 1.7850664
v -0.06819137 0.10970701 1.797057
v -0.07247822 0.11399702 1.7856086
v -0.07733667 0.10838017 1.7851427
v -0.08019724 0.11180208 1.7731122
v -0.0732491 0.10489261 1.7968551
v -0.077857286 0.10874081 1.785425
v -0.07234297 0.1144691 1.7857382
v -0.075662576 0.117763184 1.7735177
v -0.08065235 0.11157286 1.773159
v -0.08119979 0.11195629 1.773381
v -0.08233892 0.11450772 1.7618693
v -0.06863377 0.11010542 1.7974412
v -0.07282147 0.11487712 1.7860383
v -0.075551525 0.11823959 1.7736291
v -0.07768287 0.12073787 1.7621452
v -0.07605937 0.118638664 1.7738556
v -0.08280257 0.114290655 1.7619002
v -0.0833506 0.1146915 1.7620953
v -0.0842862 0.11725976 1.7505004
v -0.077589706 0.1212236 1.7622577
v -0.07812491 0.12162278 1.7624524
v -0.079418935 0.123764895 1.7507044
v -0.073285446 0.114685304 1.786115
v -0.07651501 0.11843309 1.7738978
v -0.069103576 0.10992357 1.797543
v -0.08474419 0.11704692 1.7505337
v -0.08527504 0.11744688 1.7507313
v -0.08753554 0.12122898 1.7346977
v -0.07933426 0.12425096 1.750825
v -0.079877704 0.12463975 1.7510229
v -0.08230856 0.12841345 1.734752
v -0.07858526 0.1214109 1.7624736
v -0.08799917 0.12101501 1.7347393
v -0.088535525 0.121414915 1.7349629
v -0.09097787 0.12571879 1.7191696
v -0.08221793 0.12889162 1.7348847
v -0.082751 0.12927201 1.7351022
v -0.08033575 0.12442079 1.7510383
v -0.085277334 0.13366705 1.7189877
v -0.083267145 0.11518661 1.7621996
v -0.08518047 0.11793351 1.7508333
v -0.0811236 0.11245089 1.7734878
v -0.07777381 0.10922608 1.785542
v -0.07314821 0.105364636 1.7969918
v -0.088443585 0.121906005 1.7350763
v -0.061123356 0.09962696 1.814876
v -0.0631975 0.09724915 1.814864
v -0.06063068 0.099785544 1.8147032
v -0.049641307 0.08708444 1.829386
v -0.060435876 0.09890085 1.8140014
v -0.06331939 0.09677823 1.8146875
v -0.0624702 0.09672189 1.8140446
v -0.09198367 0.12590681 1.7194515
v -0.09144694 0.12550771 1.7192075
v -0.09445092 0.13099597 1.703377
v -0.09188905 0.12639631 1.7195837
v -0.095444374 0.13119483 1.7036684
v -0.094921604 0.13079388 1.7034107
v -0.08320536 0.12905341 1.7351179
v -0.08570635 0.13452451 1.7193685
v -0.08517873 0.13414063 1.7191355
v -0.088209294 0.13954827 1.702955
v -0.08616596 0.13431357 1.7193799
v -0.09533668 0.13167535 1.7038134
v -0.088619925 0.14040098 1.7033609
v -0.09800194 0.1367737 1.6877339
v -0.09898174 0.1369745 1.6880358
v -0.088101186 0.14001499 1.7031153
v -0.08908256 0.14019802 1.7033682
v -0.09116975 0.14594926 1.6871482
v -0.09847066 0.1365753 1.6877688
v -0.09886572 0.13744839 1.688185
v -0.09156578 0.14680338 1.6875818
v -0.10199768 0.14303681 1.6710299
v -0.102979116 0.14324026 1.6713487
v -0.09203424 0.14660856 1.6875902
v -0.09105315 0.14641243 1.6873196
v -0.09450779 0.15319891 1.6703979
v -0.1024695 0.14284036 1.6710685
v -0.1028606 0.14371394 1.6715045
v -0.09489633 0.15404472 1.6708546
v -0.106079 0.1496927 1.6545372
v -0.107062005 0.14989431 1.6548654
v -0.09536554 0.15385143 1.6708636
v -0.09438774 0.15365782 1.6705785
v -0.09794087 0.16081381 1.6538374
v -0.106553145 0.14949778 1.6545727
v -0.106941566 0.15036488 1.6550332
v -0.0983193 0.16166529 1.6543121
v -0.11208599 0.16028404 1.6301343
v -0.113068186 0.16051458 1.6304775
v -0.09879438 0.16147885 1.6543247
v -0.09781442 0.16127191 1.654024
v -0.10297123 0.17213951 1.6294835
v -0.11257034 0.16010574 1.6301681
v -0.11293212 0.16097896 1.6306604
v -0.103313275 0.17297257 1.6299653
v -0.11722403 0.17097755 1.6085532
v -0.118221164 0.17125583 1.6089102
v -0.103783384 0.17279524 1.6299719
v -0.10282976 0.17258221 1.6296744
v -0.10707481 0.18347903 1.6075662
v -0.11772904 0.17082724 1.608576
v -0.118067235 0.17171192 1.6091256
v -0.107361086 0.18428306 1.6080718
v -0.12112375 0.18377453 1.5870094
v -0.122083955 0.18409745 1.587383
v -0.10782937 0.18412907 1.6080595
v -0.10690844 0.1838931 1.607776
v -0.1099515 0.19704472 1.585686
v -0.12163362 0.18366283 1.5870199
v -0.12189212 0.18451601 1.5876291
v -0.110166244 0.19783354 1.5862483
v -0.12387213 0.19686495 1.5692537
v -0.124813475 0.19726224 1.5696734
v -0.11064653 0.19772394 1.5862257
v -0.10974932 0.19742608 1.5859245
v -0.11106089 0.20969413 1.5678692
v -0.12439974 0.19680792 1.5692626
v -0.11121799 0.21045142 1.5684868
v -0.12458291 0.19764543 1.5699593
v -0.12497641 0.21145184 1.5532483
v -0.11083183 0.21003883 1.568136
v -0.12548183 0.21140936 1.5532303
v -0.11120899 0.2235395 1.5516714
v -0.111704245 0.21038151 1.5684537
v -0.12586124 0.21184291 1.553621
v -0.12511648 0.22481674 1.5371246
v -0.11092966 0.22386749 1.5519384
v -0.12561628 0.21218306 1.5539072
v -0.12561026 0.22478169 1.5370779
v -0.11126147 0.22434323 1.5523208
v -0.11062061 0.23542577 1.5352635
v -0.1259838 0.22524837 1.5373923
v -0.11176825 0.22434136 1.552316
v -0.12427177 0.23466018 1.5208346
v -0.12574127 0.22559726 1.5376505
v -0.11152402 0.23682126 1.5359782
v -0.11038196 0.23597002 1.5356042
v -0.12451462 0.2358817 1.5215056
v -0.1108509 0.23669435 1.5359751
v -0.123620585 0.23456942 1.5208402
v -0.124744974 0.23535472 1.5211868
v -0.10937766 0.24564406 1.5195345
v -0.10858301 0.24503109 1.5194045
v -0.108873755 0.24467598 1.5192076
v -0.12091132 0.24117024 1.5023476
v -0.12107929 0.2421308 1.5025188
v -0.10888374 0.24560888 1.5195996
v -0.12043986 0.24122608 1.5024785
v -0.121295094 0.24171327 1.5023717
v -0.105707586 0.25115952 1.5010417
v -0.10488524 0.25050753 1.5011222
v -0.105163716 0.25009495 1.500999
v -0.1153183 0.24291079 1.4851543
v -0.115433365 0.24385995 1.4851183
v -0.10520637 0.2511361 1.5011474
v -0.114864185 0.2429817 1.4853001
v -0.11566279 0.24344234 1.4850442
v -0.10199636 0.25180802 1.4839866
v -0.10114614 0.25119275 1.4842083
v -0.10141364 0.25074828 1.4841784
v -0.10950774 0.2411746 1.4668126
v -0.10959024 0.24203877 1.4665964
v -0.10148834 0.25181508 1.4840956
v -0.109065376 0.2412774 1.466908
v -0.10983021 0.24164236 1.4666212
v -0.0984087 0.24910325 1.4663007
v -0.09752774 0.24847876 1.4666191
v -0.09780516 0.24802549 1.4667053
v -0.10578034 0.23504369 1.4492168
v -0.10582945 0.23587905 1.4488318
v -0.097876996 0.24910238 1.466385
v -0.095835425 0.24155492 1.4497931
v -0.10531501 0.2351133 1.4492495
v -0.09618248 0.24213594 1.4494882
v -0.10609443 0.23551118 1.4489619
v -0.09611695 0.2411434 1.4499801
v -0.096714 0.24214296 1.4494559
v -0.09668545 0.23229252 1.4325101
v -0.105139576 0.2267474 1.4313579
v -0.10544206 0.2264127 1.4315094
v -0.09619485 0.2323456 1.432432
v -0.09579239 0.23182501 1.4326044
v -0.10517573 0.2258701 1.4316815
v -0.10080797 0.22773643 1.4151592
v -0.096011005 0.23142013 1.4327992
v -0.10911809 0.22232239 1.4144528
v -0.10470177 0.22585556 1.4316409
v -0.100145966 0.22692832 1.4149967
v -0.10036865 0.2278551 1.4150032
v -0.10835502 0.22170348 1.414221
v -0.099967614 0.22736557 1.4149047
v -0.10883775 0.22272287 1.4143543
v -0.108829804 0.22171362 1.4143732
v -0.108125255 0.23018874 1.3982364
v -0.10793449 0.22930576 1.3978174
v -0.11566153 0.22512464 1.3989184
v -0.10853578 0.23000781 1.3984438
v -0.1077649 0.22976801 1.3978609
v -0.11545693 0.22458601 1.3985704
v -0.11536374 0.22552149 1.3989161
v -0.11864308 0.237146 1.3871933
v -0.115021825 0.22462136 1.3983346
v -0.11865384 0.23644783 1.3865231
v -0.12384556 0.23289303 1.388422
v -0.119005784 0.23692119 1.387425
v -0.11843065 0.23686029 1.386649
v -0.123326175 0.23253055 1.3875309
v -0.12374982 0.2324638 1.3878369
v -0.12904644 0.24183993 1.3822867
v -0.12721485 0.24420121 1.3817772
v -0.1342527 0.255893 1.3816977
v -0.12946674 0.24179734 1.382709
v -0.12691063 0.24451041 1.3819569
v -0.12697226 0.24460807 1.3825569
v -0.1342527 0.255893 1.3816977
v -0.12721485 0.24420121 1.3817772
v -0.12904644 0.24183993 1.3822867
v -0.12939091 0.24209444 1.3834889
v -0.1273159 0.24436127 1.3827575
v -0.12890756 0.24237745 1.3837007
v -0.12349013 0.23326561 1.3885332
v 0.07385816 -0.00079600076 1.7093397
v 0.073580585 -0.012060715 1.703431
v 0.07503882 -0.015944196 1.7122626
v 0.07260474 -0.0007436747 1.7011497
v 0.06946765 0.010502267 1.7036525
v 0.071950145 -0.008833478 1.6942477
v 0.06903745 0.008538228 1.6964908
v 0.06903948 0.010608666 1.7035763
v 0.071129665 -0.00069262757 1.6928924
v 0.06945818 -0.006125195 1.686788
v 0.068831354 -0.000641785 1.6859038
v 0.06632299 -0.0035306972 1.6794304
v 0.068340115 0.007021441 1.6898978
v 0.06868956 0.008717147 1.6964345
v 0.06600575 -0.0005866965 1.6790761
v 0.062412538 -0.00051692844 1.6706522
v 0.06846339 0.008714384 1.6965823
v 0.06876111 0.010605266 1.7037765
v 0.067898266 0.0072114873 1.6899602
v 0.06807171 0.007211841 1.6898636
v 0.06651625 0.0051617683 1.6839836
v 0.066827506 0.0050127804 1.6839422
v 0.064908125 0.002659242 1.6781173
v 0.06476629 0.0027470621 1.678121
v 0.066637635 0.0051599503 1.6839188
v 0.06476629 0.0027470621 1.678121
v 0.073580585 -0.012060715 1.703431
v 0.074214876 -0.016026795 1.7118804
v 0.07503882 -0.015944196 1.7122626
v 0.07291172 -0.012127829 1.7031481
v 0.071950145 -0.008833478 1.6942477
v 0.07237982 -0.0120958965 1.7033349
v 0.07356076 -0.015987497 1.7121333
v 0.071431085 -0.008886341 1.6940707
v 0.06945818 -0.006125195 1.686788
v 0.07101931 -0.008864138 1.6941956
v 0.06908771 -0.0061633103 1.6866783
v 0.06632299 -0.0035306972 1.6794304
v 0.07208391 -0.01198621 1.7039801
v 0.073198006 -0.015852496 1.7130061
v 0.07228965 -0.0005957005 1.7105609
v 0.06611779 -0.0035513474 1.6793716
v 0.062412538 -0.00051692844 1.6706522
v 0.070791766 -0.008782953 1.6946144
v 0.07133033 -0.0005809308 1.7020522
v 0.06868197 0.010498366 1.7042212
v 0.06879514 -0.006150574 1.6867648
v 0.068635195 -0.0060979147 1.6870416
v 0.068399094 0.008535059 1.6969113
v 0.06876111 0.010605266 1.7037765
v 0.06846339 0.008714384 1.6965823
v 0.07015172 -0.00056658464 1.6934866
v 0.067850605 0.007023967 1.6901728
v 0.067898266 0.0072114873 1.6899602
v 0.06595369 -0.003541522 1.6794101
v 0.06586144 -0.0035077727 1.6795428
v 0.0681443 -0.0005522792 1.6863067
v 0.06648481 0.0050202976 1.6841263
v 0.06651625 0.0051617683 1.6839836
v 0.06561363 -0.0005366215 1.6792617
v 0.064711705 0.0026582663 1.6782038
v 0.06476629 0.0027470621 1.678121
v 0.0164959 0.2356218 1.4018608
v 0.03221508 0.24073358 1.3899281
v 0.027794756 0.24486937 1.3904969
v 0.041206874 0.25520432 1.3825833
v 0.038847025 0.2580344 1.3831269
v 0.050960787 0.2735834 1.3765697
v 0.037891846 0.23821871 1.3905623
v 0.044455223 0.25316525 1.3830578
v 0.047478292 0.25367406 1.3827204
v 0.049797762 0.254893 1.3831114
v 0.111088835 0.075782515 1.6292198
v 0.120632395 0.088160105 1.6079419
v 0.12866707 0.080661654 1.6078534
v 0.14312053 0.076760024 1.6077679
v 0.13848901 0.09577089 1.5856628
v 0.15230274 0.088380545 1.5856854
v 0.1317 0.10389272 1.5856512
v 0.15042631 0.115004264 1.5668489
v 0.16563179 0.10915352 1.5667437
v 0.14215541 0.12292152 1.566921
v 0.14470406 0.14949168 1.5669715
v 0.15939161 0.12987955 1.5533725
v 0.17904678 0.13265091 1.5520697
v 0.15248443 0.14213218 1.5515933
v 0.15387532 0.1716071 1.5515698
v 0.17002296 0.14631267 1.5363489
v 0.19077487 0.15023644 1.5365428
v 0.16092171 0.15963274 1.5362457
v 0.15924144 0.19030455 1.536211
v 0.18000694 0.16297235 1.5200223
v 0.19826484 0.16317257 1.5200377
v 0.16789517 0.17698921 1.5200018
v 0.1607283 0.20371757 1.5200651
v 0.18488483 0.17354989 1.501734
v 0.20066188 0.16909772 1.5017768
v 0.19922917 0.16896448 1.4852548
v 0.17028645 0.18954222 1.5015795
v 0.15877274 0.21300663 1.5014801
v 0.18562865 0.17629825 1.4850792
v 0.19630313 0.16514301 1.467223
v 0.17000698 0.19392501 1.4849641
v 0.15668114 0.21447799 1.4849243
v 0.15538242 0.20910764 1.4672037
v 0.16866726 0.19174474 1.4671066
v 0.15510982 0.19848564 1.4500947
v 0.18417381 0.17405993 1.4670522
v 0.19096534 0.15723972 1.4499022
v 0.16759017 0.18401207 1.4500712
v 0.1563316 0.18343645 1.4323246
v 0.18167163 0.16814457 1.449966
v 0.16614807 0.1714171 1.4326092
v 0.15946117 0.17091747 1.4187467
v 0.17764667 0.15768088 1.4328899
v 0.18546931 0.14719468 1.4333602
v 0.16672108 0.160725 1.4186757
v 0.1649905 0.15883566 1.4061731
v 0.17539348 0.14924067 1.4183949
v 0.18227783 0.13970646 1.4181722
v 0.1693454 0.14920725 1.406136
v 0.17464171 0.15032424 1.3951052
v 0.17501251 0.14117755 1.4056374
v 0.18142608 0.13472775 1.4049573
v 0.17754535 0.14549969 1.3945618
v 0.18649867 0.15032573 1.3850468
v 0.17999077 0.14105432 1.3940817
v 0.18424179 0.13532789 1.3941075
v 0.19154727 0.14373893 1.3847885
v 0.18871276 0.14716063 1.3846024
v 0.19980568 0.15710188 1.3773571
v -0.016723538 0.093907796 1.8325981
v -0.023819407 0.09241997 1.8325651
v -0.01624876 0.07457247 1.8436059
v -4.45652E-05 0.07523817 1.8438104
v -4.4898985E-05 0.047912158 1.8508028
v 0.01615796 0.074572444 1.8436059
v -4.286766E-05 0.09500396 1.8326193
v 0.016636 0.09390781 1.8325981
v 0.023730125 0.092420004 1.8325651
v -3.820419E-05 0.11513294 1.8159552
v -0.124524 0.0365192 1.6045089
v -0.1263772 0.040332798 1.5943342
v -0.1186765 0.030989498 1.6033436
v -0.1258764 0.039821897 1.5940791
v -0.1275006 0.044574898 1.5848804
v -0.1128938 0.0257078 1.6022384
v -0.112219 0.0254199 1.6021626
v -0.1196346 0.0339435 1.5920503
v -0.1135531 0.028353399 1.5901233
v -0.1128771 0.028089698 1.5900282
v -0.1203462 0.0379326 1.5817477
v -0.11389329 0.0320682 1.5791315
v -0.1132094 0.0318381 1.5790039
v -0.11339329 0.0413396 1.5678688
v -0.11270759 0.041136596 1.5676832
v -0.11148189 0.0553446 1.5582795
v -0.1270184 0.044110797 1.584523
v -0.112168595 0.055493798 1.5585225
v -0.10964099 0.0736135 1.5537509
v -0.1203668 0.047477297 1.5712237
v -0.12749329 0.0538849 1.5747889
v -0.12801279 0.054227397 1.5752281
v -0.1103203 0.073712 1.554054
v -0.107257 0.0939072 1.551638
v -0.119547896 0.062287502 1.5620569
v -0.12696229 0.0693053 1.5658642
v -0.1275418 0.0695379 1.5662988
v -0.1079269 0.093995504 1.5519816
v -0.1060233 0.112458095 1.548781
v -0.117678404 0.0804802 1.5577227
v -0.124986 0.0873935 1.5616641
v -0.125642 0.0875515 1.5620238
v -0.106688604 0.1125634 1.5491452
v -0.106486194 0.1258674 1.5439379
v -0.1151443 0.100513496 1.5556548
v -0.122276396 0.1071047 1.559552
v -0.1229539 0.107260905 1.5598866
v -0.1071551 0.1259869 1.544302
v -0.107381 0.13443579 1.5396777
v -0.1131752 0.118358396 1.5524119
v -0.1195514 0.1241648 1.5558381
v -0.1202023 0.1243931 1.5561941
v -0.108047195 0.1345516 1.5400561
v -0.1096664 0.1437378 1.5338145
v -0.1124694 0.13061519 1.547011
v -0.1176523 0.1352273 1.5498506
v -0.118260495 0.1355541 1.550201
v -0.1123133 0.1382697 1.5422761
v -0.1164309 0.14195059 1.5446165
v -0.11701259 0.1423654 1.544916
v -0.110345095 0.1437665 1.5340734
v -0.1149462 0.1479205 1.5367233
v -0.1153651 0.1484491 1.5369889
v -0.11272439 0.1458631 1.5353477
v -0.1133831 0.15545109 1.5219659
v -0.113271795 0.1559301 1.5214672
v -0.1345304 0.011836999 1.6650668
v -0.12863976 0.00842835 1.6600943
v -0.13505809 0.0117176995 1.6648636
v -0.1370617 0.014405499 1.6686895
v -0.137769 0.0143586 1.6686298
v -0.1386901 0.0175416 1.6760712
v -0.1351201 0.0118998 1.6643577
v -0.134519 0.0127848005 1.6641039
v -0.1342156 0.012775 1.6643764
v -0.1371902 0.0159506 1.6681322
v -0.1382249 0.014900399 1.6681606
v -0.1377617 0.0159566 1.66785
v -0.13918379 0.0207148 1.6754922
v -0.14052759 0.0189785 1.6757829
v -0.1396779 0.0175015 1.67608
v -0.1382497 0.018160699 1.687709
v -0.1370056 0.018205 1.6876289
v -0.1401455 0.020719498 1.6754016
v -0.1390268 0.024183098 1.6874145
v -0.1377485 0.024165 1.6873237
v -0.1395209 0.0210452 1.6878645
v -0.135795 0.0242818 1.6988456
v -0.1345246 0.024263998 1.6987495
v -0.13466239 0.0161736 1.6992624
v -0.13341309 0.0162229 1.699171
v -0.1365109 0.020296799 1.69967
v -0.1286978 0.0221361 1.713453
v -0.12743579 0.0221214 1.7133427
v -0.12719859 0.010579899 1.7133607
v -0.1259521 0.0106348 1.7132571
v -0.1297262 0.0163165 1.7144266
v -0.118886404 0.019217283 1.7304009
v -0.117631584 0.019200835 1.7302712
v -0.116965294 0.0036507042 1.7301344
v -0.1157304 0.0037029765 1.7300171
v -0.12022098 0.011541733 1.7318134
v -0.10970702 0.016276466 1.7473412
v -0.10845301 0.016271641 1.7471981
v -0.10716018 -0.0030460232 1.7468987
v -0.10593123 -0.0029952195 1.7467738
v -0.11106222 0.00698078 1.7483851
v -0.10126397 0.014186864 1.7643697
v -0.100088574 0.015108922 1.7643095
v -0.09185232 0.012112743 1.786637
v -0.09835582 -0.008444275 1.7636398
v -0.097278886 -0.008371985 1.7634544
v -0.10307103 0.0031243835 1.7649786
v -0.091878906 0.010875581 1.7865089
v -0.08114265 0.0073310276 1.80739
v -0.09335504 -0.0010938826 1.7861273
v -0.08091945 -0.0040484904 1.806443
v -0.07854436 -0.014618716 1.8038123
v -0.08928204 -0.012315088 1.7846005
v -0.088823184 -0.01348266 1.7844698
vt 0.56152344 0.92871094
vt 0.5620117 0.92871094
vt 0.5776367 0.93603516
vt 0.62402344 0.99316406
vt 0.62402344 0.99316406
vt 0.61279297 0.9814453
vt 0.7519531 0.48632812
vt 0.7519531 0.48608398
vt 0.75341797 0.48657227
vt 0.28051758 0.07928467
vt 0.28027344 0.0791626
vt 0.27783203 0.07733154
vt 0.26782227 0.076293945
vt 0.265625 0.07836914
vt 0.265625 0.078308105
vt 0.3383789 0.045776367
vt 0.3383789 0.045776367
vt 0.3383789 0.04598999
vt 0.56152344 0.92871094
vt 0.56152344 0.92871094
vt 0.578125 0.9350586
vt 0.62402344 0.99316406
vt 0.62402344 0.99316406
vt 0.6123047 0.9819336
vt 0.76416016 0.66503906
vt 0.7832031 0.65283203
vt 0.7832031 0.65283203
vt 0.4165039 0.56689453
vt 0.41308594 0.5703125
vt 0.4362793 0.5395508
vt 0.34106445 0.25976562
vt 0.34106445 0.25927734
vt 0.34228516 0.24841309
vt 0.42993164 0.5463867
vt 0.41577148 0.5673828
vt 0.41333008 0.5708008
vt 0.4362793 0.5395508
vt 0.41333008 0.5708008
vt 0.41577148 0.5673828
vt 0.4375 0.54052734
vt 0.4580078 0.5083008
vt 0.41333008 0.5708008
vt 0.45922852 0.50927734
vt 0.47558594 0.4819336
vt 0.47705078 0.48291016
vt 0.49023438 0.46020508
vt 0.49169922 0.46118164
vt 0.5053711 0.43969727
vt 0.49243164 0.49926758
vt 0.4711914 0.52490234
vt 0.44628906 0.5546875
vt 0.50683594 0.44091797
vt 0.52197266 0.42626953
vt 0.5214844 0.42529297
vt 0.54248047 0.41577148
vt 0.5415039 0.41430664
vt 0.5654297 0.40795898
vt 0.56591797 0.40942383
vt 0.5942383 0.40551758
vt 0.5942383 0.40722656
vt 0.6176758 0.40673828
vt 0.6176758 0.40844727
vt 0.640625 0.4104004
vt 0.6010742 0.4267578
vt 0.5751953 0.43237305
vt 0.5546875 0.43896484
vt 0.53759766 0.44873047
vt 0.640625 0.41235352
vt 0.66015625 0.41796875
vt 0.59375 0.4584961
vt 0.62402344 0.4248047
vt 0.66015625 0.4194336
vt 0.67529297 0.42041016
vt 0.52441406 0.46118164
vt 0.5751953 0.46777344
vt 0.6171875 0.4494629
vt 0.6455078 0.4248047
vt 0.50878906 0.47875977
vt 0.52685547 0.5019531
vt 0.55810547 0.47753906
vt 0.5751953 0.5019531
vt 0.54345703 0.48754883
vt 0.6381836 0.44262695
vt 0.5073242 0.51953125
vt 0.5576172 0.5131836
vt 0.5942383 0.48999023
vt 0.6152344 0.47802734
vt 0.63671875 0.46704102
vt 0.53759766 0.52783203
vt 0.4831543 0.54541016
vt 0.5161133 0.54589844
vt 0.61572266 0.47973633
vt 0.59521484 0.49145508
vt 0.63720703 0.46875
vt 0.5761719 0.50341797
vt 0.55908203 0.51464844
vt 0.5390625 0.5288086
vt 0.5175781 0.546875
vt 0.6557617 0.45947266
vt 0.49389648 0.56884766
vt 0.65478516 0.45776367
vt 0.67089844 0.45336914
vt 0.49267578 0.5678711
vt 0.4699707 0.5961914
vt 0.65625 0.43774414
vt 0.67041016 0.45166016
vt 0.68066406 0.44628906
vt 0.4580078 0.57470703
vt 0.46850586 0.59521484
vt 0.45043945 0.62158203
vt 0.6645508 0.4260254
vt 0.6791992 0.44506836
vt 0.6855469 0.43237305
vt 0.67089844 0.43359375
vt 0.42211914 0.58251953
vt 0.4362793 0.6015625
vt 0.4489746 0.62060547
vt 0.43188477 0.64501953
vt 0.68408203 0.43188477
vt 0.6904297 0.41455078
vt 0.69189453 0.41479492
vt 0.68115234 0.4260254
vt 0.67822266 0.42382812
vt 0.67529297 0.42163086
vt 0.6899414 0.4128418
vt 0.4309082 0.6435547
vt 0.41333008 0.66308594
vt 0.41455078 0.6640625
vt 0.3942871 0.6850586
vt 0.41748047 0.6245117
vt 0.40039062 0.6459961
vt 0.39331055 0.68359375
vt 0.36743164 0.71191406
vt 0.40161133 0.6040039
vt 0.38061523 0.66748047
vt 0.36645508 0.7104492
vt 0.34204102 0.7363281
vt 0.3828125 0.62353516
vt 0.3955078 0.59716797
vt 0.36157227 0.64453125
vt 0.37963867 0.6196289
vt 0.35302734 0.6948242
vt 0.34106445 0.73535156
vt 0.31640625 0.76123047
vt 0.33618164 0.67529297
vt 0.32739258 0.72021484
vt 0.3154297 0.7597656
vt 0.29589844 0.7788086
vt 0.31298828 0.70458984
vt 0.3022461 0.74609375
vt 0.29492188 0.77734375
vt 0.27392578 0.79785156
vt 0.2890625 0.73291016
vt 0.28271484 0.76464844
vt 0.27270508 0.796875
vt 0.25195312 0.81640625
vt 0.27001953 0.7519531
vt 0.26098633 0.7836914
vt 0.25097656 0.8149414
vt 0.22949219 0.83496094
vt 0.24890137 0.77197266
vt 0.24121094 0.80126953
vt 0.22839355 0.8334961
vt 0.20666504 0.85253906
vt 0.23059082 0.7890625
vt 0.21984863 0.8208008
vt 0.20568848 0.8515625
vt 0.1784668 0.87402344
vt 0.21105957 0.80810547
vt 0.21960449 0.77978516
vt 0.23596191 0.7607422
vt 0.19873047 0.8378906
vt 0.19140625 0.8232422
vt 0.1940918 0.796875
vt 0.25561523 0.7392578
vt 0.2076416 0.7714844
vt 0.27294922 0.7182617
vt 0.22094727 0.7504883
vt 0.29589844 0.68847656
vt 0.23986816 0.7270508
vt 0.25683594 0.7055664
vt 0.31811523 0.65722656
vt 0.27905273 0.6743164
vt 0.34204102 0.62402344
vt 0.3005371 0.64208984
vt 0.359375 0.5991211
vt 0.3232422 0.6074219
vt 0.37475586 0.5751953
vt 0.41333008 0.5708008
vt 0.33911133 0.58203125
vt 0.26171875 0.6635742
vt 0.2824707 0.6308594
vt 0.30371094 0.59716797
vt 0.31835938 0.57128906
vt 0.31054688 0.56591797
vt 0.29248047 0.58935547
vt 0.3305664 0.5473633
vt 0.35327148 0.5576172
vt 0.23925781 0.6948242
vt 0.26660156 0.62060547
vt 0.39086914 0.5498047
vt 0.22253418 0.7167969
vt 0.24194336 0.6508789
vt 0.4284668 0.54541016
vt 0.42993164 0.5463867
vt 0.44482422 0.5205078
vt 0.44628906 0.5214844
vt 0.40673828 0.5253906
vt 0.3684082 0.53125
vt 0.46142578 0.4963379
vt 0.46313477 0.4970703
vt 0.42260742 0.5004883
vt 0.47583008 0.47631836
vt 0.47729492 0.47705078
vt 0.48754883 0.45581055
vt 0.48901367 0.45654297
vt 0.49658203 0.43701172
vt 0.43823242 0.47827148
vt 0.34521484 0.5229492
vt 0.34326172 0.52197266
vt 0.359375 0.49951172
vt 0.38256836 0.50683594
vt 0.37182617 0.47583008
vt 0.35791016 0.49853516
vt 0.37036133 0.47485352
vt 0.38183594 0.45166016
vt 0.39648438 0.48217773
vt 0.38330078 0.45239258
vt 0.4104004 0.45996094
vt 0.39331055 0.43139648
vt 0.3918457 0.43041992
vt 0.42211914 0.44140625
vt 0.40307617 0.4104004
vt 0.40161133 0.40966797
vt 0.45117188 0.45922852
vt 0.4321289 0.4230957
vt 0.41235352 0.39135742
vt 0.41088867 0.390625
vt 0.4230957 0.3720703
vt 0.46191406 0.44018555
vt 0.4404297 0.4074707
vt 0.46850586 0.42260742
vt 0.42456055 0.37280273
vt 0.43701172 0.35424805
vt 0.49487305 0.43652344
vt 0.50341797 0.41455078
vt 0.4753418 0.40283203
vt 0.44921875 0.39013672
vt 0.5019531 0.41381836
vt 0.51123047 0.39257812
vt 0.43847656 0.35498047
vt 0.45141602 0.3359375
vt 0.48486328 0.38305664
vt 0.5097656 0.39135742
vt 0.5239258 0.3720703
vt 0.46044922 0.37231445
vt 0.45288086 0.33691406
vt 0.46728516 0.32104492
vt 0.52246094 0.37109375
vt 0.5361328 0.35595703
vt 0.49829102 0.3630371
vt 0.47460938 0.35205078
vt 0.46850586 0.32226562
vt 0.48388672 0.30615234
vt 0.53466797 0.35498047
vt 0.54296875 0.34155273
vt 0.48999023 0.33447266
vt 0.48510742 0.30737305
vt 0.49902344 0.29541016
vt 0.51220703 0.34521484
vt 0.5415039 0.3408203
vt 0.5048828 0.31811523
vt 0.5 0.296875
vt 0.5473633 0.32739258
vt 0.5488281 0.32788086
vt 0.52441406 0.32958984
vt 0.5151367 0.28979492
vt 0.51416016 0.28833008
vt 0.5185547 0.30664062
vt 0.55078125 0.31274414
vt 0.5527344 0.31298828
vt 0.5341797 0.31713867
vt 0.5283203 0.28295898
vt 0.52734375 0.28149414
vt 0.5395508 0.27246094
vt 0.55371094 0.29760742
vt 0.5551758 0.29785156
vt 0.54248047 0.30371094
vt 0.5307617 0.29638672
vt 0.5410156 0.27368164
vt 0.5527344 0.26098633
vt 0.55371094 0.26245117
vt 0.5541992 0.28198242
vt 0.55615234 0.28198242
vt 0.55566406 0.26220703
vt 0.546875 0.29174805
vt 0.5390625 0.28686523
vt 0.55029297 0.2788086
vt 0.54589844 0.2758789
vt 0.34228516 0.24841309
vt 0.34106445 0.25927734
vt 0.34106445 0.25976562
vt 0.23815918 0.08251953
vt 0.23840332 0.08605957
vt 0.23913574 0.09307861
vt 0.23913574 0.09307861
vt 0.23840332 0.08605957
vt 0.23815918 0.08251953
vt 0.96435547 0.6508789
vt 0.96533203 0.63183594
vt 0.96533203 0.63183594
vt 0.96435547 0.6508789
vt 0.96191406 0.6743164
vt 0.96533203 0.63183594
vt 0.95996094 0.6503906
vt 0.95996094 0.6503906
vt 0.95996094 0.63183594
vt 0.95996094 0.63183594
vt 0.96533203 0.63183594
vt 0.9589844 0.60791016
vt 0.96533203 0.6069336
vt 0.96533203 0.63183594
vt 0.96533203 0.6069336
vt 0.9589844 0.60791016
vt 0.9584961 0.59716797
vt 0.95996094 0.63183594
vt 0.95996094 0.6503906
vt 0.96533203 0.5957031
vt 0.96533203 0.6069336
vt 0.96533203 0.5957031
vt 0.9584961 0.59716797
vt 0.9589844 0.60791016
vt 0.9580078 0.5859375
vt 0.95996094 0.63183594
vt 0.9589844 0.60791016
vt 0.95996094 0.6503906
vt 0.96191406 0.6743164
vt 0.96435547 0.6508789
vt 0.96435547 0.6508789
vt 0.96533203 0.63183594
vt 0.96533203 0.6069336
vt 0.9584961 0.59716797
vt 0.9584961 0.59716797
vt 0.96533203 0.5957031
vt 0.9580078 0.5859375
vt 0.96533203 0.5957031
vt 0.96533203 0.58447266
vt 0.9580078 0.5859375
vt 0.9580078 0.5859375
vt 0.96533203 0.58447266
vt 0.96533203 0.58447266
vt 0.96533203 0.58447266
vt 0.95751953 0.5708008
vt 0.96484375 0.56933594
vt 0.95751953 0.5708008
vt 0.95751953 0.5708008
vt 0.96484375 0.56933594
vt 0.96484375 0.56933594
vt 0.96484375 0.56933594
vt 0.95751953 0.5708008
vt 0.95703125 0.55566406
vt 0.9638672 0.5541992
vt 0.95703125 0.55566406
vt 0.95703125 0.55566406
vt 0.9638672 0.5541992
vt 0.9638672 0.5541992
vt 0.9638672 0.5541992
vt 0.95703125 0.55566406
vt 0.9560547 0.54052734
vt 0.9633789 0.5395508
vt 0.9560547 0.54052734
vt 0.9560547 0.54052734
vt 0.9633789 0.5395508
vt 0.9633789 0.5395508
vt 0.9633789 0.5395508
vt 0.9560547 0.54052734
vt 0.9555664 0.5253906
vt 0.9628906 0.52441406
vt 0.9555664 0.5253906
vt 0.9555664 0.5253906
vt 0.9628906 0.52441406
vt 0.9628906 0.52441406
vt 0.9628906 0.52441406
vt 0.9555664 0.5253906
vt 0.9550781 0.5097656
vt 0.96191406 0.50878906
vt 0.9550781 0.5097656
vt 0.9550781 0.5097656
vt 0.96191406 0.50878906
vt 0.96191406 0.50878906
vt 0.96191406 0.50878906
vt 0.9550781 0.5097656
vt 0.95410156 0.49389648
vt 0.9614258 0.49365234
vt 0.95410156 0.49389648
vt 0.95410156 0.49389648
vt 0.9614258 0.49365234
vt 0.9614258 0.49365234
vt 0.9614258 0.49365234
vt 0.95410156 0.49389648
vt 0.953125 0.47094727
vt 0.9609375 0.47143555
vt 0.953125 0.47094727
vt 0.953125 0.47094727
vt 0.9609375 0.47143555
vt 0.9609375 0.47143555
vt 0.9609375 0.47143555
vt 0.953125 0.47094727
vt 0.95214844 0.4489746
vt 0.9604492 0.45117188
vt 0.95214844 0.4489746
vt 0.95214844 0.4489746
vt 0.9604492 0.45117188
vt 0.9604492 0.45117188
vt 0.9604492 0.45117188
vt 0.95214844 0.4489746
vt 0.95166016 0.4255371
vt 0.9604492 0.4296875
vt 0.95166016 0.4255371
vt 0.95166016 0.4255371
vt 0.9604492 0.4296875
vt 0.9604492 0.4296875
vt 0.9604492 0.4296875
vt 0.95166016 0.4255371
vt 0.9604492 0.40771484
vt 0.9511719 0.4013672
vt 0.9511719 0.4013672
vt 0.9604492 0.40771484
vt 0.9604492 0.40771484
vt 0.9511719 0.4013672
vt 0.9506836 0.3774414
vt 0.9604492 0.40771484
vt 0.9614258 0.38916016
vt 0.9511719 0.4013672
vt 0.9614258 0.38916016
vt 0.9506836 0.3774414
vt 0.9506836 0.3774414
vt 0.9614258 0.38916016
vt 0.9506836 0.3774414
vt 0.96191406 0.36791992
vt 0.9614258 0.38916016
vt 0.96191406 0.36791992
vt 0.96191406 0.36791992
vt 0.9501953 0.3557129
vt 0.96191406 0.36791992
vt 0.9501953 0.3557129
vt 0.9628906 0.34814453
vt 0.9501953 0.3557129
vt 0.9501953 0.3557129
vt 0.9628906 0.34814453
vt 0.9628906 0.34814453
vt 0.9501953 0.33642578
vt 0.9501953 0.33642578
vt 0.9628906 0.34814453
vt 0.9501953 0.33642578
vt 0.9501953 0.33642578
vt 0.9638672 0.33251953
vt 0.9638672 0.33251953
vt 0.9638672 0.33251953
vt 0.9658203 0.31640625
vt 0.9638672 0.33251953
vt 0.9501953 0.32299805
vt 0.9501953 0.32299805
vt 0.9501953 0.32299805
vt 0.9658203 0.31640625
vt 0.9501953 0.32299805
vt 0.9658203 0.31640625
vt 0.9511719 0.31054688
vt 0.9511719 0.31054688
vt 0.9658203 0.31640625
vt 0.9511719 0.31054688
vt 0.9511719 0.31054688
vt 0.9667969 0.30004883
vt 0.95214844 0.29760742
vt 0.9667969 0.30004883
vt 0.9667969 0.30004883
vt 0.95214844 0.29760742
vt 0.95214844 0.29760742
vt 0.9667969 0.30004883
vt 0.96728516 0.28198242
vt 0.95410156 0.28173828
vt 0.95214844 0.29760742
vt 0.96728516 0.28198242
vt 0.95410156 0.28173828
vt 0.95410156 0.28173828
vt 0.96728516 0.28198242
vt 0.96728516 0.26708984
vt 0.95654297 0.26586914
vt 0.96728516 0.28198242
vt 0.95410156 0.28173828
vt 0.96728516 0.26708984
vt 0.95654297 0.26586914
vt 0.95654297 0.26586914
vt 0.96728516 0.26708984
vt 0.96728516 0.25317383
vt 0.95947266 0.25048828
vt 0.95654297 0.26586914
vt 0.96728516 0.26708984
vt 0.95947266 0.25048828
vt 0.95947266 0.25048828
vt 0.96728516 0.25317383
vt 0.96728516 0.25317383
vt 0.96728516 0.25317383
vt 0.96777344 0.24121094
vt 0.95947266 0.25048828
vt 0.96777344 0.24121094
vt 0.9614258 0.23718262
vt 0.9614258 0.23718262
vt 0.96777344 0.24121094
vt 0.96777344 0.24121094
vt 0.9614258 0.23718262
vt 0.96728516 0.22973633
vt 0.96728516 0.22973633
vt 0.9614258 0.23718262
vt 0.9633789 0.22595215
vt 0.9633789 0.22595215
vt 0.9633789 0.22595215
vt 0.9633789 0.22595215
vt 0.96728516 0.22973633
vt 0.9663086 0.21606445
vt 0.9663086 0.21606445
vt 0.9663086 0.21606445
vt 0.9663086 0.21606445
vt 0.96728516 0.22973633
vt 0.8564453 0.9663086
vt 0.85302734 0.95947266
vt 0.8540039 0.9663086
vt 0.85595703 0.95996094
vt 0.85839844 0.9663086
vt 0.8671875 0.96728516
vt 0.85546875 0.9501953
vt 0.8540039 0.94970703
vt 0.8676758 0.9604492
vt 0.8540039 0.93652344
vt 0.8520508 0.9355469
vt 0.8833008 0.9614258
vt 0.8823242 0.96875
vt 0.8491211 0.9086914
vt 0.84765625 0.9091797
vt 0.89941406 0.9614258
vt 0.89990234 0.96972656
vt 0.9165039 0.9604492
vt 0.91503906 0.96875
vt 0.93652344 0.9667969
vt 0.89941406 0.95166016
vt 0.8833008 0.95214844
vt 0.9375 0.9584961
vt 0.95458984 0.96533203
vt 0.9604492 0.9375
vt 0.91845703 0.9506836
vt 0.86816406 0.9506836
vt 0.8984375 0.9355469
vt 0.93896484 0.94873047
vt 0.86621094 0.9355469
vt 0.8823242 0.93603516
vt 0.8574219 0.91015625
vt 0.9199219 0.93408203
vt 0.94091797 0.93115234
vt 0.87646484 0.90722656
vt 0.84716797 0.88183594
vt 0.9428711 0.89697266
vt 0.96777344 0.89404297
vt 0.8955078 0.90478516
vt 0.92089844 0.9008789
vt 0.9433594 0.86035156
vt 0.9716797 0.8574219
vt 0.84277344 0.8833008
vt 0.84033203 0.8828125
vt 0.8354492 0.85839844
vt 0.8330078 0.8588867
vt 0.82910156 0.8383789
vt 0.9189453 0.9008789
vt 0.9169922 0.8647461
vt 0.9116211 0.83447266
vt 0.91552734 0.8647461
vt 0.8886719 0.87109375
vt 0.83984375 0.8574219
vt 0.83154297 0.8378906
vt 0.8256836 0.8203125
vt 0.83496094 0.8364258
vt 0.828125 0.8198242
vt 0.86816406 0.87597656
vt 0.86035156 0.8510742
vt 0.88183594 0.84375
vt 0.9057617 0.8359375
vt 0.8544922 0.8300781
vt 0.875 0.8227539
vt 0.82666016 0.8041992
vt 0.82470703 0.8041992
vt 0.90966797 0.83447266
vt 0.89746094 0.8154297
vt 0.9033203 0.81396484
vt 0.8256836 0.7885742
vt 0.82421875 0.7885742
vt 0.82470703 0.77246094
vt 0.82373047 0.77197266
vt 0.828125 0.78759766
vt 0.82470703 0.75390625
vt 0.82373047 0.75390625
vt 0.82666016 0.734375
vt 0.82666016 0.7714844
vt 0.82666016 0.75390625
vt 0.90527344 0.81347656
vt 0.82910156 0.80371094
vt 0.828125 0.7324219
vt 0.82666016 0.7314453
vt 0.8310547 0.81933594
vt 0.8496094 0.8129883
vt 0.84521484 0.7973633
vt 0.8691406 0.8046875
vt 0.84228516 0.78222656
vt 0.83984375 0.76660156
vt 0.86376953 0.78808594
vt 0.88916016 0.796875
vt 0.859375 0.7734375
vt 0.88183594 0.77978516
vt 0.89697266 0.79345703
vt 0.8378906 0.7480469
vt 0.85546875 0.75878906
vt 0.8754883 0.7651367
vt 0.8911133 0.7753906
vt 0.8989258 0.79248047
vt 0.90771484 0.8120117
vt 0.8378906 0.7265625
vt 0.8515625 0.7416992
vt 0.87060547 0.75146484
vt 0.8803711 0.74658203
vt 0.8930664 0.77441406
vt 0.9038086 0.79052734
vt 0.91064453 0.81103516
vt 0.8642578 0.7348633
vt 0.8310547 0.71484375
vt 0.82958984 0.71435547
vt 0.8359375 0.6923828
vt 0.8461914 0.7216797
vt 0.9404297 0.8261719
vt 0.87402344 0.7290039
vt 0.8564453 0.7163086
vt 0.8466797 0.7001953
vt 0.8828125 0.7451172
vt 0.86621094 0.7114258
vt 0.8461914 0.69921875
vt 0.8354492 0.69140625
vt 0.8354492 0.69140625
vt 0.8466797 0.69873047
vt 0.85791016 0.6982422
vt 0.85791016 0.6982422
vt 0.85791016 0.6977539
vt 0.86328125 0.6879883
vt 0.86328125 0.6879883
vt 0.86083984 0.671875
vt 0.86083984 0.671875
vt 0.86083984 0.671875
vt 0.86865234 0.7104492
vt 0.86328125 0.6875
vt 0.85302734 0.65527344
vt 0.8520508 0.65527344
vt 0.8544922 0.65478516
vt 0.8461914 0.63720703
vt 0.84521484 0.6376953
vt 0.83691406 0.62060547
vt 0.84716797 0.63671875
vt 0.8378906 0.6201172
vt 0.8300781 0.60302734
vt 0.82910156 0.6035156
vt 0.82373047 0.5859375
vt 0.83935547 0.6196289
vt 0.82421875 0.5854492
vt 0.8100586 0.5727539
vt 0.8310547 0.60253906
vt 0.85791016 0.63427734
vt 0.8496094 0.6166992
vt 0.8725586 0.6298828
vt 0.86621094 0.65283203
vt 0.83984375 0.60058594
vt 0.87402344 0.671875
vt 0.8666992 0.6088867
vt 0.8774414 0.6513672
vt 0.8774414 0.6899414
vt 0.88134766 0.6713867
vt 0.88964844 0.64941406
vt 0.87890625 0.7089844
vt 0.88427734 0.69091797
vt 0.89160156 0.67089844
vt 0.9003906 0.6479492
vt 0.8857422 0.6269531
vt 0.8798828 0.60546875
vt 0.87646484 0.72802734
vt 0.8803711 0.7270508
vt 0.8857422 0.7080078
vt 0.8935547 0.69140625
vt 0.88720703 0.7246094
vt 0.8984375 0.6245117
vt 0.9008789 0.67041016
vt 0.91748047 0.6689453
vt 0.89453125 0.70654297
vt 0.90234375 0.6923828
vt 0.88916016 0.7426758
vt 0.9008789 0.7709961
vt 0.89697266 0.7397461
vt 0.9086914 0.7885742
vt 0.8955078 0.7207031
vt 0.90722656 0.7685547
vt 0.93603516 0.79345703
vt 0.90527344 0.7363281
vt 0.9296875 0.7602539
vt 0.9033203 0.7163086
vt 0.9711914 0.82177734
vt 0.9667969 0.78759766
vt 0.96777344 0.78759766
vt 0.97216797 0.82177734
vt 0.97314453 0.8569336
vt 0.97314453 0.82177734
vt 0.9741211 0.8564453
vt 0.96875 0.7871094
vt 0.95947266 0.7529297
vt 0.9243164 0.7294922
vt 0.95751953 0.75341797
vt 0.9584961 0.7529297
vt 0.94970703 0.72216797
vt 0.9472656 0.72265625
vt 0.94873047 0.72265625
vt 0.94091797 0.6923828
vt 0.92041016 0.6977539
vt 0.9399414 0.6928711
vt 0.9345703 0.6660156
vt 0.93896484 0.6928711
vt 0.90283203 0.70410156
vt 0.9379883 0.6928711
vt 0.93359375 0.6660156
vt 0.9326172 0.6660156
vt 0.93115234 0.6665039
vt 0.93115234 0.64208984
vt 0.9321289 0.64208984
vt 0.93115234 0.61865234
vt 0.9296875 0.6665039
vt 0.9272461 0.6430664
vt 0.9301758 0.6425781
vt 0.9296875 0.61865234
vt 0.9291992 0.59521484
vt 0.92871094 0.6191406
vt 0.92529297 0.6435547
vt 0.92333984 0.6201172
vt 0.9267578 0.59521484
vt 0.92822266 0.59521484
vt 0.91552734 0.64501953
vt 0.9213867 0.62060547
vt 0.9248047 0.5756836
vt 0.92578125 0.5756836
vt 0.92041016 0.5966797
vt 0.92333984 0.5761719
vt 0.9111328 0.6220703
vt 0.9213867 0.5571289
vt 0.9223633 0.5566406
vt 0.91308594 0.62158203
vt 0.9199219 0.5571289
vt 0.91503906 0.5395508
vt 0.9160156 0.5395508
vt 0.9160156 0.57714844
vt 0.91845703 0.59716797
vt 0.91015625 0.5986328
vt 0.9140625 0.5776367
vt 0.9116211 0.55810547
vt 0.90478516 0.60009766
vt 0.90527344 0.5800781
vt 0.89404297 0.60253906
vt 0.89501953 0.58203125
vt 0.90966797 0.55859375
vt 0.9140625 0.54003906
vt 0.8881836 0.5834961
vt 0.89697266 0.56152344
vt 0.90478516 0.5410156
vt 0.90771484 0.5239258
vt 0.8725586 0.5864258
vt 0.8808594 0.5654297
vt 0.90283203 0.5410156
vt 0.85839844 0.58984375
vt 0.9091797 0.5234375
vt 0.90966797 0.5229492
vt 0.8979492 0.5053711
vt 0.8989258 0.5048828
vt 0.8833008 0.48999023
vt 0.8964844 0.52490234
vt 0.89697266 0.50634766
vt 0.8823242 0.49047852
vt 0.86816406 0.47436523
vt 0.8676758 0.47509766
vt 0.8569336 0.45898438
vt 0.85595703 0.45947266
vt 0.8486328 0.44506836
vt 0.84765625 0.44555664
vt 0.84375 0.43115234
vt 0.8432617 0.43139648
vt 0.84228516 0.4165039
vt 0.8417969 0.41674805
vt 0.8417969 0.4169922
vt 0.83740234 0.43115234
vt 0.84277344 0.43139648
vt 0.8466797 0.44604492
vt 0.85498047 0.46044922
vt 0.8666992 0.47583008
vt 0.8383789 0.43139648
vt 0.83740234 0.44580078
vt 0.8359375 0.44580078
vt 0.84033203 0.46020508
vt 0.8417969 0.4597168
vt 0.85058594 0.47558594
vt 0.8515625 0.47509766
vt 0.8642578 0.49169922
vt 0.88134766 0.49145508
vt 0.86572266 0.49194336
vt 0.8828125 0.5073242
vt 0.89453125 0.5253906
vt 0.8803711 0.5078125
vt 0.8847656 0.54541016
vt 0.8671875 0.53027344
vt 0.8642578 0.49267578
vt 0.86328125 0.5493164
vt 0.8457031 0.51416016
vt 0.86376953 0.5678711
vt 0.8408203 0.53466797
vt 0.85302734 0.55078125
vt 0.84765625 0.57177734
vt 0.8334961 0.55566406
vt 0.82910156 0.5834961
vt 0.8149414 0.5698242
vt 0.82910156 0.5834961
vt 0.8178711 0.54003906
vt 0.8198242 0.5175781
vt 0.82470703 0.58496094
vt 0.81103516 0.57128906
vt 0.81347656 0.5708008
vt 0.80029297 0.55615234
vt 0.79833984 0.5571289
vt 0.8105469 0.5722656
vt 0.7861328 0.5385742
vt 0.7944336 0.5595703
vt 0.79345703 0.5605469
vt 0.79248047 0.56103516
vt 0.77490234 0.5473633
vt 0.77441406 0.54833984
vt 0.7841797 0.54003906
vt 0.7763672 0.5463867
vt 0.7578125 0.5292969
vt 0.7573242 0.52978516
vt 0.7705078 0.52246094
vt 0.75927734 0.5283203
vt 0.74658203 0.5126953
vt 0.74560547 0.5131836
vt 0.73779297 0.49560547
vt 0.7368164 0.4958496
vt 0.72998047 0.47509766
vt 0.7480469 0.51220703
vt 0.7602539 0.5053711
vt 0.7729492 0.5209961
vt 0.73095703 0.47509766
vt 0.72558594 0.4560547
vt 0.73876953 0.4951172
vt 0.75146484 0.48706055
vt 0.80029297 0.5229492
vt 0.76220703 0.50390625
vt 0.7841797 0.5053711
vt 0.80126953 0.5004883
vt 0.7265625 0.45581055
vt 0.7241211 0.44213867
vt 0.7319336 0.47485352
vt 0.72802734 0.45581055
vt 0.8256836 0.49804688
vt 0.8461914 0.47875977
vt 0.8100586 0.48266602
vt 0.8466797 0.47753906
vt 0.8642578 0.49072266
vt 0.84716797 0.47680664
vt 0.8300781 0.46240234
vt 0.8286133 0.46435547
vt 0.82958984 0.4633789
vt 0.8129883 0.4482422
vt 0.8125 0.4489746
vt 0.79785156 0.4326172
vt 0.7866211 0.48486328
vt 0.79589844 0.46704102
vt 0.796875 0.4333496
vt 0.78515625 0.41796875
vt 0.81152344 0.44995117
vt 0.77246094 0.4897461
vt 0.78466797 0.41870117
vt 0.77441406 0.4033203
vt 0.7753906 0.46826172
vt 0.7832031 0.45117188
vt 0.7963867 0.4345703
vt 0.75341797 0.48657227
vt 0.7734375 0.40405273
vt 0.7631836 0.38867188
vt 0.7626953 0.47265625
vt 0.7836914 0.41967773
vt 0.77197266 0.43432617
vt 0.76464844 0.45166016
vt 0.76220703 0.3894043
vt 0.77246094 0.4050293
vt 0.7631836 0.4194336
vt 0.7475586 0.37280273
vt 0.74853516 0.3720703
vt 0.7319336 0.35375977
vt 0.76123047 0.39013672
vt 0.75634766 0.43432617
vt 0.75634766 0.40478516
vt 0.74658203 0.37353516
vt 0.7319336 0.35327148
vt 0.7495117 0.39038086
vt 0.75 0.4189453
vt 0.7402344 0.37426758
vt 0.7451172 0.40478516
vt 0.74072266 0.390625
vt 0.73583984 0.37451172
vt 0.73339844 0.37524414
vt 0.7363281 0.3918457
vt 0.7392578 0.40625
vt 0.74316406 0.42114258
vt 0.72753906 0.3791504
vt 0.7260742 0.40063477
vt 0.7265625 0.37841797
vt 0.7319336 0.35351562
vt 0.72558594 0.3779297
vt 0.7241211 0.39990234
vt 0.72509766 0.40039062
vt 0.7260742 0.41870117
vt 0.7285156 0.41870117
vt 0.7270508 0.41870117
vt 0.7319336 0.4362793
vt 0.73095703 0.4362793
vt 0.72998047 0.43652344
vt 0.7363281 0.45239258
vt 0.73535156 0.45263672
vt 0.7475586 0.43701172
vt 0.73779297 0.45239258
vt 0.75390625 0.45532227
vt 0.7446289 0.46923828
vt 0.74365234 0.46948242
vt 0.7426758 0.4699707
vt 0.7519531 0.48632812
vt 0.7524414 0.48657227
vt 0.7529297 0.48583984
vt 0.7519531 0.48608398
vt 0.74658203 0.4645996
vt 0.74560547 0.46484375
vt 0.7402344 0.44677734
vt 0.7441406 0.46533203
vt 0.7392578 0.44702148
vt 0.7368164 0.4350586
vt 0.73828125 0.44750977
vt 0.73583984 0.43530273
vt 0.73291016 0.42333984
vt 0.7265625 0.44213867
vt 0.734375 0.43554688
vt 0.7319336 0.42358398
vt 0.7260742 0.40625
vt 0.72558594 0.40625
vt 0.72509766 0.44213867
vt 0.73095703 0.42382812
vt 0.72558594 0.4284668
vt 0.7241211 0.4284668
vt 0.72314453 0.4284668
vt 0.72558594 0.40625
vt 0.7260742 0.40625
vt 0.7285156 0.4260254
vt 0.9848633 0.14880371
vt 0.9663086 0.14807129
vt 0.96435547 0.15930176
vt 0.92822266 0.16003418
vt 0.93066406 0.16491699
vt 0.9609375 0.16186523
vt 0.9238281 0.14526367
vt 0.9663086 0.1463623
vt 0.9321289 0.1673584
vt 0.9379883 0.17529297
vt 0.9008789 0.17163086
vt 0.9033203 0.17407227
vt 0.91015625 0.18261719
vt 0.8935547 0.16113281
vt 0.9145508 0.18664551
vt 0.9194336 0.1907959
vt 0.9033203 0.2055664
vt 0.89453125 0.19909668
vt 0.8886719 0.21972656
vt 0.8857422 0.19128418
vt 0.8769531 0.21105957
vt 0.8730469 0.23376465
vt 0.87646484 0.1821289
vt 0.8652344 0.2019043
vt 0.8598633 0.22387695
vt 0.87353516 0.17956543
vt 0.8413086 0.23901367
vt 0.85546875 0.24975586
vt 0.85253906 0.19152832
vt 0.84521484 0.21362305
vt 0.8222656 0.25634766
vt 0.8359375 0.26660156
vt 0.8120117 0.2866211
vt 0.8256836 0.22790527
vt 0.82910156 0.20263672
vt 0.80126953 0.27734375
vt 0.78466797 0.30493164
vt 0.80615234 0.24621582
vt 0.7783203 0.30004883
vt 0.75341797 0.3166504
vt 0.7871094 0.26904297
vt 0.8066406 0.21765137
vt 0.8491211 0.18884277
vt 0.7675781 0.2939453
vt 0.7885742 0.23596191
vt 0.7729492 0.26098633
vt 0.75927734 0.29077148
vt 0.78515625 0.234375
vt 0.8251953 0.20043945
vt 0.7451172 0.28808594
vt 0.7524414 0.25317383
vt 0.7705078 0.25976562
vt 0.7368164 0.31933594
vt 0.7285156 0.28759766
vt 0.7246094 0.31860352
vt 0.7163086 0.32226562
vt 0.8027344 0.21606445
vt 0.7675781 0.22692871
vt 0.78564453 0.2076416
vt 0.734375 0.25170898
vt 0.71533203 0.2878418
vt 0.7060547 0.3227539
vt 0.7128906 0.25195312
vt 0.7011719 0.2902832
vt 0.69433594 0.29052734
vt 0.69140625 0.32202148
vt 0.6948242 0.25512695
vt 0.7109375 0.22473145
vt 0.734375 0.22351074
vt 0.6796875 0.29589844
vt 0.6816406 0.2590332
vt 0.6904297 0.22814941
vt 0.6738281 0.29760742
vt 0.67626953 0.31762695
vt 0.66308594 0.26611328
vt 0.6621094 0.30395508
vt 0.6557617 0.30859375
vt 0.65527344 0.27001953
vt 0.64160156 0.2788086
vt 0.62939453 0.29003906
vt 0.60498047 0.2685547
vt 0.671875 0.23303223
vt 0.70703125 0.19567871
vt 0.65234375 0.24035645
vt 0.62353516 0.25512695
vt 0.58251953 0.24682617
vt 0.640625 0.24597168
vt 0.6850586 0.19921875
vt 0.66259766 0.20532227
vt 0.6425781 0.21276855
vt 0.68115234 0.1763916
vt 0.65722656 0.18188477
vt 0.60595703 0.23181152
vt 0.6230469 0.22265625
vt 0.5961914 0.21984863
vt 0.5605469 0.22265625
vt 0.609375 0.20788574
vt 0.6220703 0.1973877
vt 0.59765625 0.17871094
vt 0.6298828 0.21862793
vt 0.57958984 0.20263672
vt 0.5415039 0.20031738
vt 0.58935547 0.1899414
vt 0.5571289 0.18115234
vt 0.51904297 0.17419434
vt 0.56347656 0.17163086
vt 0.5292969 0.16125488
vt 0.49902344 0.15039062
vt 0.5024414 0.14379883
vt 0.4873047 0.1340332
vt 0.53271484 0.15454102
vt 0.50341797 0.14086914
vt 0.5698242 0.1616211
vt 0.50390625 0.13781738
vt 0.4873047 0.1328125
vt 0.53564453 0.14746094
vt 0.50439453 0.13623047
vt 0.5366211 0.14587402
vt 0.5048828 0.13513184
vt 0.4868164 0.13183594
vt 0.5371094 0.14477539
vt 0.57128906 0.15893555
vt 0.5708008 0.16015625
vt 0.5991211 0.17590332
vt 0.59814453 0.17712402
vt 0.62109375 0.19506836
vt 0.62109375 0.19567871
vt 0.61865234 0.16796875
vt 0.6201172 0.16796875
vt 0.6196289 0.14501953
vt 0.6220703 0.16796875
vt 0.62109375 0.14501953
vt 0.62158203 0.12219238
vt 0.6376953 0.18823242
vt 0.6230469 0.1451416
vt 0.6225586 0.12237549
vt 0.6254883 0.09802246
vt 0.6245117 0.122680664
vt 0.63427734 0.14343262
vt 0.6352539 0.16552734
vt 0.6513672 0.14050293
vt 0.65283203 0.16149902
vt 0.67822266 0.15722656
vt 0.63378906 0.12219238
vt 0.62841797 0.09875488
vt 0.70410156 0.17297363
vt 0.6269531 0.09832764
vt 0.6308594 0.083862305
vt 0.6298828 0.083496094
vt 0.6323242 0.08453369
vt 0.63378906 0.09875488
vt 0.6357422 0.06958008
vt 0.6347656 0.06921387
vt 0.63671875 0.070251465
vt 0.63964844 0.05859375
vt 0.63916016 0.05834961
vt 0.63964844 0.059387207
vt 0.6352539 0.08459473
vt 0.64697266 0.12017822
vt 0.6513672 0.1385498
vt 0.64160156 0.06982422
vt 0.640625 0.058563232
vt 0.6425781 0.06970215
vt 0.6381836 0.0703125
vt 0.6430664 0.09814453
vt 0.640625 0.0703125
vt 0.6430664 0.083862305
vt 0.64453125 0.0836792
vt 0.64160156 0.08428955
vt 0.64501953 0.09790039
vt 0.6459961 0.09765625
vt 0.6484375 0.11975098
vt 0.64990234 0.1194458
vt 0.6513672 0.1381836
vt 0.65478516 0.11633301
vt 0.6557617 0.11682129
vt 0.66308594 0.092163086
vt 0.65771484 0.117492676
vt 0.6645508 0.0927124
vt 0.6777344 0.063964844
vt 0.6767578 0.13952637
vt 0.6660156 0.09338379
vt 0.67871094 0.06463623
vt 0.69384766 0.04336548
vt 0.6801758 0.06542969
vt 0.6772461 0.118774414
vt 0.7011719 0.15429688
vt 0.6948242 0.044189453
vt 0.7138672 0.026245117
vt 0.7128906 0.025314331
vt 0.6816406 0.09613037
vt 0.6982422 0.13708496
vt 0.69628906 0.04522705
vt 0.69677734 0.116882324
vt 0.6904297 0.070129395
vt 0.7363281 0.008308411
vt 0.73583984 0.008956909
vt 0.7363281 0.008178711
vt 0.72998047 0.033081055
vt 0.7290039 0.03277588
vt 0.72802734 0.051361084
vt 0.71484375 0.027145386
vt 0.7026367 0.048950195
vt 0.69873047 0.095703125
vt 0.7270508 0.05130005
vt 0.7290039 0.07006836
vt 0.71777344 0.029159546
vt 0.703125 0.071899414
vt 0.7104492 0.050750732
vt 0.72753906 0.07019043
vt 0.7314453 0.09039307
vt 0.7211914 0.030731201
vt 0.72753906 0.032440186
vt 0.72509766 0.051116943
vt 0.7241211 0.03164673
vt 0.71728516 0.0513916
vt 0.7260742 0.070251465
vt 0.7138672 0.071899414
vt 0.73046875 0.09057617
vt 0.7138672 0.09442139
vt 0.7285156 0.09075928
vt 0.7338867 0.11010742
vt 0.73535156 0.10986328
vt 0.7158203 0.11425781
vt 0.7324219 0.11035156
vt 0.7392578 0.12902832
vt 0.7402344 0.12866211
vt 0.7192383 0.13342285
vt 0.7373047 0.12927246
vt 0.7446289 0.14855957
vt 0.74609375 0.14819336
vt 0.7241211 0.15124512
vt 0.7426758 0.14892578
vt 0.7495117 0.16967773
vt 0.75097656 0.1694336
vt 0.75390625 0.1920166
vt 0.72802734 0.17089844
vt 0.7480469 0.17016602
vt 0.73095703 0.19396973
vt 0.7529297 0.19238281
vt 0.7583008 0.21179199
vt 0.7583008 0.21179199
vt 0.76708984 0.19763184
vt 0.75146484 0.19396973
vt 0.7548828 0.22363281
vt 0.7583008 0.21276855
vt 0.7558594 0.22436523
vt 0.7573242 0.22399902
vt 0.76904297 0.19958496
vt 0.7680664 0.19836426
vt 0.7792969 0.18493652
vt 0.7783203 0.18383789
vt 0.77734375 0.1829834
vt 0.7919922 0.17175293
vt 0.7915039 0.1706543
vt 0.8120117 0.15905762
vt 0.79785156 0.19641113
vt 0.79296875 0.1730957
vt 0.8125 0.16027832
vt 0.8105469 0.18786621
vt 0.83691406 0.1517334
vt 0.8364258 0.1505127
vt 0.8129883 0.16174316
vt 0.8276367 0.17871094
vt 0.86083984 0.14624023
vt 0.86083984 0.14501953
vt 0.83740234 0.15332031
vt 0.8486328 0.17114258
vt 0.87060547 0.16516113
vt 0.8857422 0.14331055
vt 0.8857422 0.14208984
vt 0.8613281 0.14794922
vt 0.8857422 0.14501953
vt 0.92333984 0.14355469
vt 0.92333984 0.14233398
vt 0.9663086 0.14501953
vt 0.28125 0.9511719
vt 0.2824707 0.953125
vt 0.28881836 0.9501953
vt 0.2866211 0.9472656
vt 0.28051758 0.9501953
vt 0.29663086 0.9423828
vt 0.29858398 0.9477539
vt 0.30932617 0.93847656
vt 0.30981445 0.9453125
vt 0.32592773 0.9423828
vt 0.3269043 0.93408203
vt 0.34887695 0.93847656
vt 0.34936523 0.9316406
vt 0.37158203 0.93359375
vt 0.2854004 0.9458008
vt 0.29541016 0.94140625
vt 0.3088379 0.9370117
vt 0.32666016 0.93310547
vt 0.27978516 0.9394531
vt 0.27514648 0.94384766
vt 0.30371094 0.9277344
vt 0.28955078 0.93359375
vt 0.27124023 0.92822266
vt 0.26635742 0.93310547
vt 0.25708008 0.92041016
vt 0.28100586 0.92089844
vt 0.2619629 0.91503906
vt 0.25 0.9091797
vt 0.29785156 0.91748047
vt 0.2553711 0.9038086
vt 0.24035645 0.89208984
vt 0.27148438 0.9057617
vt 0.24621582 0.88671875
vt 0.23242188 0.8779297
vt 0.24975586 0.859375
vt 0.26513672 0.89453125
vt 0.29541016 0.9135742
vt 0.3227539 0.9213867
vt 0.3466797 0.9160156
vt 0.3190918 0.9116211
vt 0.2849121 0.8959961
vt 0.2565918 0.8779297
vt 0.31640625 0.90478516
vt 0.27734375 0.8852539
vt 0.26635742 0.8701172
vt 0.2890625 0.8520508
vt 0.27856445 0.83203125
vt 0.29882812 0.8701172
vt 0.30395508 0.87890625
vt 0.31518555 0.83203125
vt 0.3022461 0.8100586
vt 0.32666016 0.85253906
vt 0.34423828 0.90478516
vt 0.3083496 0.88720703
vt 0.33203125 0.8642578
vt 0.34228516 0.8955078
vt 0.33666992 0.87597656
vt 0.35888672 0.8515625
vt 0.3647461 0.8666992
vt 0.35205078 0.83740234
vt 0.36816406 0.88916016
vt 0.3947754 0.86376953
vt 0.34594727 0.8261719
vt 0.37719727 0.8198242
vt 0.36889648 0.8984375
vt 0.39404297 0.8857422
vt 0.42358398 0.86376953
vt 0.42089844 0.859375
vt 0.42749023 0.84521484
vt 0.3400879 0.8149414
vt 0.37182617 0.80908203
vt 0.4038086 0.8051758
vt 0.39916992 0.7944336
vt 0.4267578 0.7949219
vt 0.36669922 0.79785156
vt 0.42358398 0.7836914
vt 0.45092773 0.78466797
vt 0.3269043 0.7915039
vt 0.36035156 0.7866211
vt 0.39404297 0.78271484
vt 0.4194336 0.7714844
vt 0.44848633 0.7734375
vt 0.32470703 0.79003906
vt 0.3010254 0.80908203
vt 0.35107422 0.7734375
vt 0.35180664 0.77441406
vt 0.3798828 0.7583008
vt 0.38793945 0.77197266
vt 0.41455078 0.75927734
vt 0.3803711 0.7597656
vt 0.40820312 0.7470703
vt 0.4074707 0.74609375
vt 0.4453125 0.76171875
vt 0.44140625 0.7480469
vt 0.43432617 0.7348633
vt 0.43359375 0.73339844
vt 0.4567871 0.7241211
vt 0.4560547 0.72314453
vt 0.46435547 0.73779297
vt 0.46899414 0.7529297
vt 0.47216797 0.76416016
vt 0.4814453 0.71191406
vt 0.4807129 0.7109375
vt 0.48950195 0.7270508
vt 0.4946289 0.74365234
vt 0.5053711 0.6982422
vt 0.50439453 0.6972656
vt 0.5253906 0.6801758
vt 0.51464844 0.71484375
vt 0.5263672 0.68115234
vt 0.5444336 0.6611328
vt 0.4975586 0.7548828
vt 0.52246094 0.73339844
vt 0.5371094 0.6982422
vt 0.54589844 0.6621094
vt 0.5571289 0.6459961
vt 0.52441406 0.7470703
vt 0.54541016 0.7163086
vt 0.5239258 0.73291016
vt 0.5576172 0.6801758
vt 0.5600586 0.64746094
vt 0.56689453 0.6323242
vt 0.56640625 0.69921875
vt 0.57421875 0.66259766
vt 0.5546875 0.7314453
vt 0.5463867 0.71728516
vt 0.58691406 0.6791992
vt 0.56689453 0.7001953
vt 0.5678711 0.6333008
vt 0.5859375 0.64501953
vt 0.6015625 0.6582031
vt 0.5756836 0.61279297
vt 0.57470703 0.61279297
vt 0.59375 0.62402344
vt 0.5805664 0.59277344
vt 0.57910156 0.59277344
vt 0.58740234 0.6801758
vt 0.61083984 0.63623047
vt 0.59765625 0.6040039
vt 0.58251953 0.5708008
vt 0.5810547 0.5708008
vt 0.6142578 0.6147461
vt 0.5991211 0.58154297
vt 0.58740234 0.5493164
vt 0.5864258 0.5488281
vt 0.6147461 0.5917969
vt 0.6020508 0.55908203
vt 0.5957031 0.5317383
vt 0.59472656 0.53125
vt 0.6040039 0.51904297
vt 0.61621094 0.5678711
vt 0.60791016 0.54003906
vt 0.6044922 0.51953125
vt 0.6191406 0.5073242
vt 0.6142578 0.5263672
vt 0.6196289 0.5473633
vt 0.6196289 0.5083008
vt 0.62402344 0.53271484
vt 0.625 0.5332031
vt 0.62060547 0.54785156
vt 0.6171875 0.5683594
vt 0.6557617 0.49267578
vt 0.6567383 0.49194336
vt 0.62597656 0.5126953
vt 0.6323242 0.51660156
vt 0.6333008 0.5175781
vt 0.65722656 0.49267578
vt 0.63427734 0.5180664
vt 0.62597656 0.5332031
vt 0.62158203 0.54833984
vt 0.61816406 0.5683594
vt 0.6171875 0.5917969
vt 0.61621094 0.5917969
vt 0.61621094 0.6152344
vt 0.61572266 0.6152344
vt 0.6123047 0.63671875
vt 0.6118164 0.63623047
vt 0.6035156 0.6591797
vt 0.60253906 0.6586914
vt 0.5883789 0.68066406
vt 0.5678711 0.7006836
vt 0.546875 0.71777344
vt 0.52441406 0.73291016
vt 0.5546875 0.7294922
vt 0.5546875 0.73046875
vt 0.57666016 0.72998047
vt 0.57666016 0.7290039
vt 0.59765625 0.72753906
vt 0.59765625 0.7285156
vt 0.6118164 0.7246094
vt 0.57666016 0.73095703
vt 0.6123047 0.72558594
vt 0.6254883 0.72216797
vt 0.55566406 0.7441406
vt 0.6123047 0.7265625
vt 0.62597656 0.72265625
vt 0.59814453 0.7294922
vt 0.5776367 0.7426758
vt 0.578125 0.7553711
vt 0.55566406 0.7573242
vt 0.5986328 0.74121094
vt 0.5258789 0.76123047
vt 0.61279297 0.7392578
vt 0.6425781 0.7163086
vt 0.64208984 0.71533203
vt 0.6635742 0.7055664
vt 0.66259766 0.70458984
vt 0.6430664 0.7167969
vt 0.62646484 0.7236328
vt 0.6269531 0.7368164
vt 0.60058594 0.75390625
vt 0.68359375 0.6923828
vt 0.68310547 0.69140625
vt 0.64404297 0.73095703
vt 0.61621094 0.7519531
vt 0.70410156 0.6767578
vt 0.7036133 0.67626953
vt 0.6308594 0.75
vt 0.72314453 0.6645508
vt 0.72265625 0.6640625
vt 0.73779297 0.6582031
vt 0.73779297 0.65722656
vt 0.7236328 0.66552734
vt 0.7050781 0.6777344
vt 0.74853516 0.65478516
vt 0.7480469 0.6538086
vt 0.76123047 0.65234375
vt 0.76123047 0.6533203
vt 0.7832031 0.65283203
vt 0.7832031 0.65283203
vt 0.74853516 0.6557617
vt 0.78222656 0.6533203
vt 0.76416016 0.66503906
vt 0.6845703 0.6928711
vt 0.73828125 0.6591797
vt 0.76123047 0.6542969
vt 0.75146484 0.6640625
vt 0.74072266 0.6694336
vt 0.72558594 0.67822266
vt 0.7631836 0.6591797
vt 0.7631836 0.6640625
vt 0.7524414 0.67333984
vt 0.7055664 0.69189453
vt 0.7426758 0.68066406
vt 0.7529297 0.6738281
vt 0.7285156 0.69140625
vt 0.74316406 0.68115234
vt 0.7294922 0.6923828
vt 0.7441406 0.6821289
vt 0.75341797 0.6743164
vt 0.76464844 0.66552734
vt 0.7832031 0.65283203
vt 0.72998047 0.6933594
vt 0.7109375 0.7080078
vt 0.7104492 0.70703125
vt 0.70996094 0.70654297
vt 0.6894531 0.72265625
vt 0.6899414 0.7236328
vt 0.6845703 0.70751953
vt 0.68896484 0.72216797
vt 0.6694336 0.7363281
vt 0.6699219 0.7373047
vt 0.6640625 0.7060547
vt 0.6645508 0.7207031
vt 0.6689453 0.73583984
vt 0.64941406 0.74560547
vt 0.64941406 0.74658203
vt 0.6489258 0.7446289
vt 0.63134766 0.75097656
vt 0.63134766 0.7519531
vt 0.61621094 0.7529297
vt 0.6166992 0.75390625
vt 0.6010742 0.7553711
vt 0.60058594 0.7548828
vt 0.5786133 0.7573242
vt 0.5786133 0.75634766
vt 0.55615234 0.75927734
vt 0.55615234 0.7583008
vt 0.5263672 0.7631836
vt 0.5263672 0.7626953
vt 0.5 0.7685547
vt 0.5 0.76904297
vt 0.5 0.76708984
vt 0.47436523 0.7753906
vt 0.45166016 0.78515625
vt 0.47436523 0.7763672
vt 0.47509766 0.7788086
vt 0.45239258 0.78759766
vt 0.3935547 0.07531738
vt 0.39868164 0.07489014
vt 0.39697266 0.07891846
vt 0.39575195 0.07220459
vt 0.39111328 0.07293701
vt 0.40039062 0.07208252
vt 0.3930664 0.070007324
vt 0.38916016 0.07104492
vt 0.39770508 0.06970215
vt 0.4020996 0.06970215
vt 0.39111328 0.06829834
vt 0.39501953 0.06750488
vt 0.39941406 0.06762695
vt 0.38867188 0.066589355
vt 0.38720703 0.0692749
vt 0.4013672 0.06573486
vt 0.4038086 0.06756592
vt 0.38623047 0.06530762
vt 0.38500977 0.06817627
vt 0.40307617 0.064086914
vt 0.40527344 0.06555176
vt 0.38427734 0.06439209
vt 0.38330078 0.06768799
vt 0.3828125 0.06365967
vt 0.3857422 0.06121826
vt 0.38793945 0.062438965
vt 0.40478516 0.062469482
vt 0.40673828 0.063964844
vt 0.38085938 0.06506348
vt 0.38183594 0.06817627
vt 0.39038086 0.06390381
vt 0.40698242 0.060791016
vt 0.4086914 0.06210327
vt 0.37841797 0.066345215
vt 0.3798828 0.06921387
vt 0.37817383 0.070129395
vt 0.37646484 0.06744385
vt 0.37670898 0.07092285
vt 0.37670898 0.062561035
vt 0.37451172 0.06842041
vt 0.37548828 0.07183838
vt 0.39282227 0.06567383
vt 0.39697266 0.06561279
vt 0.3947754 0.06390381
vt 0.39868164 0.06384277
vt 0.3791504 0.06109619
vt 0.37524414 0.060028076
vt 0.39257812 0.0619812
vt 0.39672852 0.062286377
vt 0.40039062 0.062347412
vt 0.37426758 0.06384277
vt 0.3947754 0.06048584
vt 0.39868164 0.06085205
vt 0.4025879 0.06085205
vt 0.39697266 0.059265137
vt 0.4008789 0.059326172
vt 0.4050293 0.05935669
vt 0.39990234 0.05831909
vt 0.4033203 0.057891846
vt 0.39282227 0.058654785
vt 0.39575195 0.057556152
vt 0.39892578 0.05682373
vt 0.4025879 0.056793213
vt 0.40649414 0.05706787
vt 0.40820312 0.05810547
vt 0.39013672 0.060333252
vt 0.40234375 0.055786133
vt 0.40942383 0.059020996
vt 0.41088867 0.060150146
vt 0.4128418 0.05831909
vt 0.41308594 0.056365967
vt 0.41308594 0.058288574
vt 0.41308594 0.056274414
vt 0.40942383 0.056518555
vt 0.40722656 0.05569458
vt 0.40234375 0.05407715
vt 0.40722656 0.055480957
vt 0.40234375 0.053863525
vt 0.39819336 0.055267334
vt 0.39770508 0.053344727
vt 0.39770508 0.053131104
vt 0.39575195 0.055541992
vt 0.3947754 0.053527832
vt 0.3947754 0.05331421
vt 0.39331055 0.056121826
vt 0.3918457 0.054107666
vt 0.3918457 0.053894043
vt 0.390625 0.057159424
vt 0.38891602 0.055114746
vt 0.38891602 0.05493164
vt 0.3864746 0.056549072
vt 0.3864746 0.056396484
vt 0.38476562 0.057891846
vt 0.38842773 0.05859375
vt 0.38476562 0.05807495
vt 0.38354492 0.059661865
vt 0.3869629 0.059814453
vt 0.38378906 0.05984497
vt 0.38256836 0.061553955
vt 0.38134766 0.059509277
vt 0.38134766 0.059387207
vt 0.37768555 0.058563232
vt 0.3798828 0.05706787
vt 0.38012695 0.0569458
vt 0.3786621 0.054870605
vt 0.37841797 0.054992676
vt 0.37719727 0.052978516
vt 0.37646484 0.056488037
vt 0.37695312 0.053100586
vt 0.37573242 0.051116943
vt 0.37402344 0.057922363
vt 0.375 0.054595947
vt 0.37548828 0.051239014
vt 0.3737793 0.052490234
vt 0.37451172 0.0491333
vt 0.37451172 0.049041748
vt 0.37280273 0.050201416
vt 0.37329102 0.046905518
vt 0.37353516 0.046813965
vt 0.37182617 0.047576904
vt 0.37231445 0.04473877
vt 0.3725586 0.044677734
vt 0.37182617 0.04257202
vt 0.37182617 0.042510986
vt 0.37109375 0.045196533
vt 0.3713379 0.039489746
vt 0.3713379 0.039367676
vt 0.3696289 0.04248047
vt 0.3708496 0.042633057
vt 0.36987305 0.04257202
vt 0.36816406 0.04534912
vt 0.37060547 0.045440674
vt 0.37060547 0.048065186
vt 0.36987305 0.045562744
vt 0.3684082 0.045410156
vt 0.37109375 0.051086426
vt 0.36914062 0.048339844
vt 0.36767578 0.048431396
vt 0.36743164 0.04840088
vt 0.36694336 0.052215576
vt 0.37182617 0.053588867
vt 0.36914062 0.051757812
vt 0.3671875 0.052215576
vt 0.37304688 0.05596924
vt 0.3696289 0.054595947
vt 0.36743164 0.05529785
vt 0.3671875 0.05529785
vt 0.36767578 0.057922363
vt 0.36767578 0.05807495
vt 0.37060547 0.05709839
vt 0.37158203 0.059143066
vt 0.36645508 0.05593872
vt 0.36645508 0.055847168
vt 0.36523438 0.053497314
vt 0.37280273 0.06137085
vt 0.37182617 0.06512451
vt 0.3701172 0.062683105
vt 0.37304688 0.06951904
vt 0.37451172 0.072509766
vt 0.37036133 0.06628418
vt 0.3720703 0.07067871
vt 0.37329102 0.07434082
vt 0.36865234 0.06036377
vt 0.36865234 0.06378174
vt 0.3671875 0.061401367
vt 0.37036133 0.07269287
vt 0.37231445 0.07659912
vt 0.36914062 0.07507324
vt 0.36914062 0.06768799
vt 0.3671875 0.06555176
vt 0.3684082 0.068481445
vt 0.36694336 0.07055664
vt 0.36523438 0.07330322
vt 0.36621094 0.06762695
vt 0.36523438 0.06976318
vt 0.36157227 0.0715332
vt 0.3623047 0.06878662
vt 0.35839844 0.070129395
vt 0.3630371 0.066711426
vt 0.35888672 0.06762695
vt 0.3544922 0.068481445
vt 0.35473633 0.06677246
vt 0.35107422 0.06695557
vt 0.35913086 0.06604004
vt 0.3635254 0.0647583
vt 0.35107422 0.066101074
vt 0.35498047 0.06567383
vt 0.3486328 0.06604004
vt 0.34838867 0.06616211
vt 0.34838867 0.06591797
vt 0.34887695 0.06585693
vt 0.35107422 0.06549072
vt 0.35107422 0.06518555
vt 0.35083008 0.06500244
vt 0.35498047 0.064331055
vt 0.35498047 0.064575195
vt 0.35961914 0.06414795
vt 0.35961914 0.064331055
vt 0.3635254 0.064575195
vt 0.36694336 0.06542969
vt 0.36572266 0.06237793
vt 0.36547852 0.062469482
vt 0.36450195 0.059906006
vt 0.36450195 0.059814453
vt 0.3635254 0.057250977
vt 0.3659668 0.059020996
vt 0.36376953 0.05722046
vt 0.3630371 0.054351807
vt 0.36499023 0.05657959
vt 0.36328125 0.05432129
vt 0.36499023 0.053588867
vt 0.36450195 0.052001953
vt 0.3630371 0.052581787
vt 0.36279297 0.05255127
vt 0.36401367 0.053894043
vt 0.3642578 0.052093506
vt 0.3635254 0.05050659
vt 0.3630371 0.05078125
vt 0.36279297 0.050720215
vt 0.3635254 0.05227661
vt 0.3635254 0.050598145
vt 0.3630371 0.04940796
vt 0.36279297 0.049316406
vt 0.36328125 0.05065918
vt 0.29858398 0.11254883
vt 0.30078125 0.111572266
vt 0.29663086 0.109558105
vt 0.29907227 0.10827637
vt 0.29418945 0.105895996
vt 0.3017578 0.107055664
vt 0.3034668 0.11077881
vt 0.30444336 0.10559082
vt 0.30615234 0.10986328
vt 0.3071289 0.10443115
vt 0.3088379 0.10913086
vt 0.3112793 0.10852051
vt 0.3095703 0.103637695
vt 0.3154297 0.1071167
vt 0.30541992 0.099365234
vt 0.30273438 0.10070801
vt 0.2998047 0.1027832
vt 0.296875 0.10437012
vt 0.31420898 0.10247803
vt 0.31958008 0.10437012
vt 0.3010254 0.09588623
vt 0.29467773 0.10064697
vt 0.29174805 0.10241699
vt 0.29760742 0.09838867
vt 0.2927246 0.09729004
vt 0.29003906 0.09918213
vt 0.28808594 0.09539795
vt 0.30786133 0.09838867
vt 0.29589844 0.09472656
vt 0.29052734 0.093444824
vt 0.28637695 0.09197998
vt 0.3034668 0.09448242
vt 0.2993164 0.091918945
vt 0.2939453 0.09063721
vt 0.28833008 0.08972168
vt 0.2854004 0.08947754
vt 0.31225586 0.09698486
vt 0.3059082 0.09313965
vt 0.3017578 0.090148926
vt 0.29736328 0.08758545
vt 0.29174805 0.08679199
vt 0.2861328 0.08618164
vt 0.31835938 0.09899902
vt 0.2841797 0.087768555
vt 0.28515625 0.089538574
vt 0.2841797 0.087890625
vt 0.28222656 0.08496094
vt 0.28222656 0.08477783
vt 0.2800293 0.082458496
vt 0.31860352 0.09918213
vt 0.31982422 0.10449219
vt 0.31884766 0.099121094
vt 0.31982422 0.10449219
vt 0.31713867 0.093933105
vt 0.31689453 0.09399414
vt 0.31469727 0.08874512
vt 0.3166504 0.094055176
vt 0.31445312 0.08880615
vt 0.3100586 0.09173584
vt 0.31201172 0.084106445
vt 0.31225586 0.08404541
vt 0.30981445 0.07952881
vt 0.31445312 0.08886719
vt 0.30419922 0.08868408
vt 0.3076172 0.08703613
vt 0.31176758 0.08416748
vt 0.30981445 0.079589844
vt 0.30810547 0.07562256
vt 0.30810547 0.07556152
vt 0.3095703 0.07965088
vt 0.30517578 0.08251953
vt 0.30639648 0.07098389
vt 0.30664062 0.07098389
vt 0.30786133 0.075683594
vt 0.30517578 0.06628418
vt 0.30541992 0.066223145
vt 0.3046875 0.061431885
vt 0.3034668 0.08337402
vt 0.30322266 0.078125
vt 0.30615234 0.07110596
vt 0.30444336 0.061462402
vt 0.3046875 0.05657959
vt 0.30200195 0.07897949
vt 0.30126953 0.07348633
vt 0.30517578 0.066345215
vt 0.30444336 0.05657959
vt 0.30517578 0.053009033
vt 0.2998047 0.07434082
vt 0.29956055 0.06854248
vt 0.30419922 0.06149292
vt 0.30517578 0.052978516
vt 0.30615234 0.050231934
vt 0.29785156 0.06958008
vt 0.29882812 0.06323242
vt 0.30419922 0.056518555
vt 0.29833984 0.058410645
vt 0.3059082 0.0501709
vt 0.3046875 0.052856445
vt 0.30810547 0.046966553
vt 0.3083496 0.047088623
vt 0.29858398 0.053222656
vt 0.3059082 0.050109863
vt 0.31054688 0.044281006
vt 0.31079102 0.044403076
vt 0.2998047 0.048736572
vt 0.30786133 0.046844482
vt 0.3137207 0.041900635
vt 0.31396484 0.042022705
vt 0.30200195 0.045043945
vt 0.3166504 0.039031982
vt 0.3166504 0.039123535
vt 0.31835938 0.03604126
vt 0.31835938 0.035980225
vt 0.31933594 0.033447266
vt 0.31640625 0.038879395
vt 0.3137207 0.041748047
vt 0.31054688 0.044128418
vt 0.3046875 0.0423584
vt 0.30810547 0.040039062
vt 0.31152344 0.03744507
vt 0.30810547 0.039855957
vt 0.30444336 0.042175293
vt 0.3017578 0.044921875
vt 0.29956055 0.04864502
vt 0.29833984 0.05319214
vt 0.2980957 0.058410645
vt 0.29858398 0.06329346
vt 0.29956055 0.068237305
vt 0.31152344 0.03729248
vt 0.31420898 0.034698486
vt 0.31396484 0.0345459
vt 0.31567383 0.03225708
vt 0.29663086 0.06365967
vt 0.29711914 0.06323242
vt 0.31811523 0.035888672
vt 0.31591797 0.032348633
vt 0.29467773 0.060150146
vt 0.29492188 0.060058594
vt 0.2932129 0.056732178
vt 0.3190918 0.033355713
vt 0.31689453 0.029281616
vt 0.3166504 0.02923584
vt 0.3190918 0.030014038
vt 0.31713867 0.02319336
vt 0.31713867 0.023025513
vt 0.31933594 0.02998352
vt 0.3173828 0.022964478
vt 0.31933594 0.029968262
vt 0.3190918 0.033416748
vt 0.85791016 0.6977539
vt 0.85791016 0.6982422
vt 0.8461914 0.69921875
vt 0.86328125 0.6875
vt 0.86328125 0.6879883
vt 0.86083984 0.671875
vt 0.7319336 0.35351562
vt 0.7319336 0.35327148
vt 0.7475586 0.37280273
vt 0.7319336 0.35375977
vt 0.72558594 0.3779297
vt 0.28344727 0.12573242
vt 0.27856445 0.12030029
vt 0.2783203 0.11907959
vt 0.27416992 0.120666504
vt 0.27416992 0.113342285
vt 0.2705078 0.11450195
vt 0.27001953 0.12182617
vt 0.26953125 0.10748291
vt 0.26733398 0.11541748
vt 0.26635742 0.10839844
vt 0.26464844 0.101623535
vt 0.26416016 0.109191895
vt 0.26245117 0.10229492
vt 0.2607422 0.09686279
vt 0.2607422 0.10284424
vt 0.2590332 0.097229004
vt 0.25854492 0.09289551
vt 0.2578125 0.097595215
vt 0.25756836 0.09320068
vt 0.25634766 0.09350586
vt 0.25610352 0.08905029
vt 0.25732422 0.08880615
vt 0.25683594 0.08886719
vt 0.25683594 0.085876465
vt 0.25708008 0.085754395
vt 0.25732422 0.08581543
vt 0.25732422 0.083862305
vt 0.2578125 0.083984375
vt 0.25756836 0.08380127
vt 0.25805664 0.08093262
vt 0.3425293 0.091430664
vt 0.34472656 0.09082031
vt 0.34472656 0.09057617
vt 0.3425293 0.0914917
vt 0.34033203 0.09069824
vt 0.34301758 0.09423828
vt 0.34570312 0.093811035
vt 0.34033203 0.09082031
vt 0.34375 0.09753418
vt 0.3466797 0.09698486
vt 0.33813477 0.088256836
vt 0.33813477 0.0881958
vt 0.3449707 0.1005249
vt 0.3479004 0.09979248
vt 0.3491211 0.10205078
vt 0.34716797 0.10571289
vt 0.35009766 0.10479736
vt 0.35107422 0.107666016
vt 0.33642578 0.08496094
vt 0.33666992 0.08483887
vt 0.34301758 0.10095215
vt 0.3486328 0.10870361
vt 0.35205078 0.110839844
vt 0.35009766 0.111694336
vt 0.35327148 0.11456299
vt 0.34643555 0.11004639
vt 0.35107422 0.11541748
vt 0.35351562 0.119628906
vt 0.3479004 0.11230469
vt 0.34521484 0.11810303
vt 0.3486328 0.12249756
vt 0.34399414 0.10662842
vt 0.34228516 0.113586426
vt 0.34106445 0.12017822
vt 0.34545898 0.124938965
vt 0.33935547 0.107788086
vt 0.33740234 0.11480713
vt 0.3408203 0.12036133
vt 0.34521484 0.12512207
vt 0.3371582 0.114990234
vt 0.33422852 0.108947754
vt 0.33447266 0.10882568
vt 0.3322754 0.103271484
vt 0.34057617 0.10144043
vt 0.33251953 0.103149414
vt 0.3305664 0.09765625
vt 0.33642578 0.10235596
vt 0.3334961 0.09692383
vt 0.33081055 0.097595215
vt 0.32885742 0.0927124
vt 0.3408203 0.09814453
vt 0.3383789 0.09838867
vt 0.32910156 0.09265137
vt 0.3269043 0.08850098
vt 0.34106445 0.0949707
vt 0.3388672 0.09564209
vt 0.33862305 0.092041016
vt 0.33691406 0.096191406
vt 0.3371582 0.09289551
vt 0.33666992 0.08905029
vt 0.33569336 0.094055176
vt 0.33496094 0.089660645
vt 0.33496094 0.08557129
vt 0.3334961 0.09057617
vt 0.33129883 0.091796875
vt 0.3334961 0.086120605
vt 0.3293457 0.0925293
vt 0.3293457 0.087768555
vt 0.33154297 0.08691406
vt 0.32763672 0.088256836
vt 0.33007812 0.08300781
vt 0.3322754 0.08227539
vt 0.32739258 0.08380127
vt 0.32714844 0.088378906
vt 0.3256836 0.084228516
vt 0.32470703 0.08453369
vt 0.3244629 0.08465576
vt 0.32226562 0.08074951
vt 0.32202148 0.08087158
vt 0.32885742 0.07910156
vt 0.33374023 0.08178711
vt 0.3256836 0.079833984
vt 0.32373047 0.080200195
vt 0.32055664 0.07739258
vt 0.3203125 0.07751465
vt 0.33129883 0.078308105
vt 0.33520508 0.08129883
vt 0.33544922 0.08123779
vt 0.328125 0.07562256
vt 0.3244629 0.07647705
vt 0.32202148 0.07684326
vt 0.31958008 0.07385254
vt 0.31933594 0.07397461
vt 0.3330078 0.07788086
vt 0.3347168 0.07745361
vt 0.33496094 0.07745361
vt 0.3347168 0.07366943
vt 0.32373047 0.07312012
vt 0.32104492 0.07336426
vt 0.31884766 0.07043457
vt 0.31860352 0.070495605
vt 0.33447266 0.07373047
vt 0.33496094 0.070007324
vt 0.32055664 0.069885254
vt 0.31860352 0.06719971
vt 0.31835938 0.06719971
vt 0.31884766 0.06323242
vt 0.31860352 0.06317139
vt 0.31982422 0.059173584
vt 0.32055664 0.06640625
vt 0.32348633 0.06964111
vt 0.32006836 0.05923462
vt 0.32104492 0.055236816
vt 0.32128906 0.06210327
vt 0.3227539 0.058013916
vt 0.32128906 0.05529785
vt 0.32177734 0.05166626
vt 0.3244629 0.06604004
vt 0.32763672 0.07208252
vt 0.32202148 0.051696777
vt 0.32202148 0.048583984
vt 0.32617188 0.061767578
vt 0.32788086 0.06842041
vt 0.3310547 0.074523926
vt 0.33129883 0.07067871
vt 0.33276367 0.07409668
vt 0.32910156 0.06451416
vt 0.3334961 0.070129395
vt 0.3317871 0.06689453
vt 0.3347168 0.070007324
vt 0.33569336 0.066345215
vt 0.33544922 0.066223145
vt 0.33691406 0.062438965
vt 0.33447266 0.066223145
vt 0.33276367 0.06298828
vt 0.33081055 0.06011963
vt 0.33569336 0.06237793
vt 0.33666992 0.062316895
vt 0.33422852 0.058746338
vt 0.32763672 0.057678223
vt 0.33862305 0.058441162
vt 0.3388672 0.058532715
vt 0.33666992 0.05834961
vt 0.3322754 0.05569458
vt 0.3400879 0.053955078
vt 0.34033203 0.054016113
vt 0.33520508 0.05456543
vt 0.33789062 0.053710938
vt 0.34106445 0.050231934
vt 0.3413086 0.05026245
vt 0.3383789 0.049804688
vt 0.3413086 0.046539307
vt 0.3383789 0.04598999
vt 0.34155273 0.046539307
vt 0.3408203 0.04248047
vt 0.34106445 0.04244995
vt 0.34033203 0.038848877
vt 0.3359375 0.050842285
vt 0.3400879 0.038909912
vt 0.3395996 0.03640747
vt 0.3359375 0.04711914
vt 0.3330078 0.051818848
vt 0.3383789 0.04168701
vt 0.33935547 0.036468506
vt 0.33862305 0.0340271
vt 0.3334961 0.047943115
vt 0.32861328 0.053741455
vt 0.3383789 0.045776367
vt 0.33813477 0.04171753
vt 0.33789062 0.038208008
vt 0.33813477 0.03817749
vt 0.33740234 0.035949707
vt 0.33764648 0.03591919
vt 0.33691406 0.03375244
vt 0.3383789 0.03414917
vt 0.3371582 0.033721924
vt 0.33666992 0.030349731
vt 0.33666992 0.030303955
vt 0.3383789 0.045776367
vt 0.33740234 0.042388916
vt 0.33764648 0.042297363
vt 0.33666992 0.038848877
vt 0.33569336 0.043273926
vt 0.33642578 0.038909912
vt 0.33569336 0.035858154
vt 0.33374023 0.044006348
vt 0.33496094 0.03942871
vt 0.33325195 0.040039062
vt 0.33544922 0.035949707
vt 0.33422852 0.036346436
vt 0.33422852 0.03286743
vt 0.33447266 0.03274536
vt 0.33276367 0.029632568
vt 0.33276367 0.036865234
vt 0.3330078 0.033416748
vt 0.33251953 0.029678345
vt 0.33081055 0.026031494
vt 0.3322754 0.03378296
vt 0.33154297 0.030593872
vt 0.3310547 0.034484863
vt 0.33081055 0.038208008
vt 0.33032227 0.041778564
vt 0.32983398 0.04598999
vt 0.3293457 0.049865723
vt 0.33007812 0.026901245
vt 0.32983398 0.031082153
vt 0.33007812 0.034576416
vt 0.32983398 0.03805542
vt 0.3293457 0.041748047
vt 0.32836914 0.04586792
vt 0.3269043 0.049957275
vt 0.3305664 0.026062012
vt 0.328125 0.022415161
vt 0.328125 0.022354126
vt 0.32910156 0.026947021
vt 0.3293457 0.026916504
vt 0.3293457 0.031097412
vt 0.32958984 0.034576416
vt 0.32958984 0.038024902
vt 0.32910156 0.04171753
vt 0.328125 0.045776367
vt 0.32666016 0.049835205
vt 0.32470703 0.053771973
vt 0.32495117 0.054016113
vt 0.32299805 0.057525635
vt 0.32373047 0.05392456
vt 0.3239746 0.054107666
vt 0.32299805 0.05770874
vt 0.32421875 0.05392456
vt 0.3244629 0.05053711
vt 0.32470703 0.05053711
vt 0.32421875 0.05053711
vt 0.32421875 0.04776001
vt 0.3244629 0.047698975
vt 0.32299805 0.04525757
vt 0.32250977 0.048583984
vt 0.32177734 0.045806885
vt 0.3239746 0.047821045
vt 0.32299805 0.04534912
vt 0.32128906 0.043060303
vt 0.32104492 0.043121338
vt 0.32128906 0.043182373
vt 0.3227539 0.04547119
vt 0.32202148 0.045776367
vt 0.265625 0.07836914
vt 0.26782227 0.076293945
vt 0.26782227 0.07611084
vt 0.2692871 0.075683594
vt 0.2692871 0.07543945
vt 0.27197266 0.07543945
vt 0.27197266 0.07519531
vt 0.27514648 0.07611084
vt 0.27514648 0.0758667
vt 0.27783203 0.07727051
vt 0.27172852 0.076171875
vt 0.2692871 0.0758667
vt 0.2692871 0.07611084
vt 0.2680664 0.07647705
vt 0.265625 0.078308105
vt 0.265625 0.07836914
vt 0.27148438 0.07635498
vt 0.27392578 0.07720947
vt 0.27368164 0.07739258
vt 0.27612305 0.07879639
vt 0.27612305 0.07897949
vt 0.27783203 0.07745361
vt 0.28027344 0.0791626
vt 0.28051758 0.07928467
vt 0.27856445 0.08062744
vt 0.2783203 0.08074951
vt 0.28027344 0.08227539
vt 0.28198242 0.08087158
vt 0.2841797 0.08331299
vt 0.28955078 0.08343506
vt 0.28735352 0.08062744
vt 0.29541016 0.083618164
vt 0.2932129 0.0803833
vt 0.29956055 0.0859375
vt 0.29711914 0.08215332
vt 0.3017578 0.08428955
vt 0.3005371 0.079711914
vt 0.29858398 0.07507324
vt 0.29638672 0.070495605
vt 0.30029297 0.079711914
vt 0.29833984 0.07513428
vt 0.30151367 0.08392334
vt 0.29638672 0.070617676
vt 0.29882812 0.08068848
vt 0.29907227 0.0803833
vt 0.29638672 0.07733154
vt 0.29370117 0.06561279
vt 0.29370117 0.06567383
vt 0.2915039 0.06210327
vt 0.29467773 0.07891846
vt 0.29638672 0.07745361
vt 0.29541016 0.064575195
vt 0.29174805 0.06201172
vt 0.29101562 0.07763672
vt 0.2939453 0.07476807
vt 0.29418945 0.074645996
vt 0.29248047 0.07623291
vt 0.29174805 0.0725708
vt 0.29174805 0.072387695
vt 0.2932129 0.061065674
vt 0.2854004 0.07824707
vt 0.28881836 0.07525635
vt 0.28344727 0.07647705
vt 0.28686523 0.07354736
vt 0.2902832 0.073913574
vt 0.28979492 0.07098389
vt 0.28979492 0.07086182
vt 0.28833008 0.072265625
vt 0.28759766 0.06939697
vt 0.28759766 0.06921387
vt 0.2861328 0.07055664
vt 0.28466797 0.067871094
vt 0.2849121 0.06768799
vt 0.28198242 0.06677246
vt 0.28222656 0.066589355
vt 0.28344727 0.06890869
vt 0.27954102 0.066223145
vt 0.27954102 0.065979004
vt 0.2849121 0.07171631
vt 0.28100586 0.06762695
vt 0.2770996 0.066101074
vt 0.27685547 0.06591797
vt 0.27514648 0.06640625
vt 0.2824707 0.06994629
vt 0.27905273 0.066833496
vt 0.27539062 0.066589355
vt 0.27368164 0.0670166
vt 0.27514648 0.066833496
vt 0.27661133 0.06695557
vt 0.27685547 0.06640625
vt 0.27661133 0.06677246
vt 0.2783203 0.06768799
vt 0.28027344 0.068481445
vt 0.27856445 0.06750488
vt 0.2800293 0.06866455
vt 0.28222656 0.07006836
vt 0.28466797 0.07183838
vt 0.28686523 0.07342529
vt 0.28393555 0.07208252
vt 0.2841797 0.071899414
vt 0.28100586 0.07489014
vt 0.28125 0.07122803
vt 0.28125 0.07098389
vt 0.27807617 0.07714844
vt 0.27783203 0.07733154
vt 0.27563477 0.075683594
vt 0.27783203 0.070617676
vt 0.27807617 0.07043457
vt 0.2783203 0.07366943
vt 0.27563477 0.07550049
vt 0.27392578 0.07476807
vt 0.27490234 0.07104492
vt 0.27490234 0.07086182
vt 0.27563477 0.07293701
vt 0.27392578 0.07458496
vt 0.2722168 0.07409668
vt 0.27172852 0.071777344
vt 0.27172852 0.07165527
vt 0.2734375 0.07269287
vt 0.2722168 0.073913574
vt 0.26879883 0.0725708
vt 0.2685547 0.0725708
vt 0.2705078 0.07336426
vt 0.2705078 0.07330322
vt 0.2709961 0.072631836
vt 0.6201172 0.97558594
vt 0.62402344 0.99316406
vt 0.62402344 0.99316406
vt 0.6196289 0.9760742
vt 0.6152344 0.96777344
vt 0.62402344 0.99316406
vt 0.6142578 0.9682617
vt 0.60546875 0.95654297
vt 0.61816406 0.9760742
vt 0.6044922 0.95703125
vt 0.6035156 0.9580078
vt 0.59228516 0.9448242
vt 0.5917969 0.9453125
vt 0.5776367 0.93603516
vt 0.578125 0.9350586
vt 0.56152344 0.92871094
vt 0.5913086 0.94628906
vt 0.61328125 0.9692383
vt 0.61035156 0.9711914
vt 0.61621094 0.9785156
vt 0.61376953 0.98095703
vt 0.61279297 0.9814453
vt 0.60839844 0.9741211
vt 0.57714844 0.9370117
vt 0.5620117 0.92871094
vt 0.5600586 0.9379883
vt 0.546875 0.93359375
vt 0.5751953 0.9448242
vt 0.58935547 0.9526367
vt 0.6010742 0.96191406
vt 0.5986328 0.9658203
vt 0.58740234 0.9584961
vt 0.57373047 0.95166016
vt 0.55908203 0.9453125
vt 0.6074219 0.97509766
vt 0.59814453 0.9667969
vt 0.58691406 0.95947266
vt 0.54589844 0.94140625
vt 0.5732422 0.9526367
vt 0.55859375 0.94628906
vt 0.6069336 0.9760742
vt 0.6123047 0.9819336
vt 0.62402344 0.99316406
vt 0.59765625 0.96777344
vt 0.5864258 0.9604492
vt 0.5727539 0.9536133
vt 0.55810547 0.9472656
vt 0.54541016 0.9433594
vt 0.54589844 0.9423828
vt 0.52783203 0.93896484
vt 0.5283203 0.9370117
vt 0.52783203 0.9379883
vt 0.5083008 0.93603516
vt 0.5292969 0.9296875
vt 0.5083008 0.93359375
vt 0.5083008 0.9350586
vt 0.4975586 0.93408203
vt 0.49780273 0.9350586
vt 0.49609375 0.9350586
vt 0.49560547 0.9345703
vt 0.49536133 0.93408203
vt 0.4970703 0.93310547
vt 0.5488281 0.9248047
vt 0.50927734 0.92626953
vt 0.4819336 0.9316406
vt 0.48168945 0.9326172
vt 0.5307617 0.92089844
vt 0.5527344 0.90527344
vt 0.48461914 0.9238281
vt 0.46020508 0.93066406
vt 0.46020508 0.9321289
vt 0.4362793 0.93066406
vt 0.46166992 0.9223633
vt 0.43652344 0.9291992
vt 0.41577148 0.9296875
vt 0.43774414 0.921875
vt 0.41552734 0.92871094
vt 0.3930664 0.9301758
vt 0.41625977 0.9223633
vt 0.39257812 0.9291992
vt 0.37109375 0.9301758
vt 0.39257812 0.9277344
vt 0.3708496 0.92871094
vt 0.39282227 0.9243164
vt 0.34936523 0.93066406
vt 0.3701172 0.9116211
vt 0.3935547 0.9091797
vt 0.39379883 0.8955078
vt 0.41796875 0.9091797
vt 0.41967773 0.8955078
vt 0.4206543 0.88671875
vt 0.4399414 0.91015625
vt 0.4423828 0.8964844
vt 0.46411133 0.91259766
vt 0.4440918 0.8876953
vt 0.4880371 0.9145508
vt 0.4675293 0.89746094
vt 0.51123047 0.91748047
vt 0.49267578 0.8989258
vt 0.46923828 0.8901367
vt 0.44873047 0.8642578
vt 0.5151367 0.9003906
vt 0.44921875 0.8623047
vt 0.47558594 0.8647461
vt 0.49414062 0.8935547
vt 0.53515625 0.9013672
vt 0.453125 0.8461914
vt 0.43017578 0.8305664
vt 0.4555664 0.8330078
vt 0.5161133 0.89746094
vt 0.5004883 0.86621094
vt 0.47607422 0.86279297
vt 0.47973633 0.84765625
vt 0.48242188 0.83496094
vt 0.5229492 0.86865234
vt 0.50097656 0.8642578
vt 0.50439453 0.8515625
vt 0.54248047 0.8725586
vt 0.5234375 0.8666992
vt 0.5073242 0.8378906
vt 0.48364258 0.8339844
vt 0.5263672 0.8540039
vt 0.54296875 0.87060547
vt 0.5600586 0.8774414
vt 0.5654297 0.9091797
vt 0.54589844 0.85791016
vt 0.5600586 0.8754883
vt 0.5292969 0.8408203
vt 0.5732422 0.88183594
vt 0.5078125 0.83691406
vt 0.5292969 0.83984375
vt 0.5488281 0.84375
vt 0.5078125 0.8359375
vt 0.48388672 0.83154297
vt 0.52978516 0.8388672
vt 0.5488281 0.8432617
vt 0.56591797 0.8486328
vt 0.54833984 0.84521484
vt 0.5654297 0.8496094
vt 0.5786133 0.8535156
vt 0.5654297 0.8510742
vt 0.5629883 0.86279297
vt 0.5776367 0.85546875
vt 0.578125 0.8544922
vt 0.57666016 0.8666992
vt 0.59277344 0.8598633
vt 0.59277344 0.8588867
vt 0.59228516 0.86083984
vt 0.57373047 0.8798828
vt 0.6088867 0.8666992
vt 0.609375 0.86572266
vt 0.62353516 0.8730469
vt 0.5913086 0.87158203
vt 0.60791016 0.8676758
vt 0.6230469 0.87353516
vt 0.63623047 0.88183594
vt 0.6225586 0.8745117
vt 0.6357422 0.8823242
vt 0.6464844 0.89208984
vt 0.6074219 0.8779297
vt 0.6347656 0.8833008
vt 0.6459961 0.8925781
vt 0.65283203 0.9013672
vt 0.62109375 0.8833008
vt 0.60546875 0.8886719
vt 0.6455078 0.8935547
vt 0.65185547 0.90185547
vt 0.6557617 0.91015625
vt 0.6323242 0.88916016
vt 0.6513672 0.90283203
vt 0.6557617 0.91015625
vt 0.65625 0.91064453
vt 0.6484375 0.9067383
vt 0.64941406 0.9033203
vt 0.6201172 0.8930664
vt 0.6201172 0.89404297
vt 0.64160156 0.8955078
vt 0.6308594 0.8964844
vt 0.64941406 0.90625
vt 0.6411133 0.9013672
vt 0.6303711 0.8979492
vt 0.640625 0.90234375
vt 0.64746094 0.90722656
vt 0.6557617 0.91015625
vt 0.6401367 0.9033203
vt 0.6303711 0.8984375
vt 0.6196289 0.89501953
vt 0.60498047 0.890625
vt 0.60546875 0.88964844
vt 0.5888672 0.88623047
vt 0.58935547 0.88378906
vt 0.5888672 0.8852539
vt 0.57470703 0.8803711
vt 0.57470703 0.8803711
vt 0.5883789 0.890625
vt 0.5888672 0.8901367
vt 0.58740234 0.89160156
vt 0.5996094 0.90234375
vt 0.60058594 0.90185547
vt 0.5810547 0.91503906
vt 0.5986328 0.90283203
vt 0.6118164 0.91748047
vt 0.61279297 0.91748047
vt 0.61083984 0.91845703
vt 0.5942383 0.92285156
vt 0.5786133 0.9355469
vt 0.578125 0.9370117
vt 0.56152344 0.92871094
vt 0.56152344 0.92871094
vt 0.578125 0.9375
vt 0.59277344 0.9453125
vt 0.6196289 0.93359375
vt 0.62060547 0.93359375
vt 0.61865234 0.93408203
vt 0.60595703 0.93310547
vt 0.59375 0.9433594
vt 0.5932617 0.9448242
vt 0.60302734 0.9506836
vt 0.6035156 0.9501953
vt 0.6118164 0.95654297
vt 0.6254883 0.9511719
vt 0.62646484 0.9506836
vt 0.625 0.9511719
vt 0.6044922 0.94921875
vt 0.6142578 0.94384766
vt 0.6123047 0.9560547
vt 0.62109375 0.96240234
vt 0.61279297 0.9550781
vt 0.6303711 0.96777344
vt 0.6303711 0.9682617
vt 0.62109375 0.96191406
vt 0.6303711 0.96777344
vt 0.6225586 0.9560547
vt 0.62158203 0.9614258
vt 0.65185547 0.90185547
vt 0.65625 0.91064453
vt 0.6557617 0.91015625
vt 0.6484375 0.9067383
vt 0.13220215 0.17199707
vt 0.13793945 0.17199707
vt 0.14038086 0.15979004
vt 0.13293457 0.15979004
vt 0.12597656 0.17199707
vt 0.1262207 0.15979004
vt 0.12646484 0.14331055
vt 0.14294434 0.14331055
vt 0.13415527 0.14331055
vt 0.12658691 0.12768555
vt 0.13500977 0.12768555
vt 0.1451416 0.12768555
vt 0.1270752 0.11279297
vt 0.13586426 0.11279297
vt 0.14746094 0.11279297
vt 0.12780762 0.10107422
vt 0.14624023 0.10180664
vt 0.13659668 0.10107422
vt 0.15136719 0.10107422
vt 0.15246582 0.10559082
vt 0.14587402 0.092163086
vt 0.15209961 0.092163086
vt 0.12890625 0.092163086
vt 0.1282959 0.092163086
vt 0.12890625 0.08319092
vt 0.1373291 0.092163086
vt 0.12939453 0.08319092
vt 0.12866211 0.07385254
vt 0.14611816 0.08319092
vt 0.15332031 0.08319092
vt 0.1381836 0.08319092
vt 0.14660645 0.07385254
vt 0.15466309 0.07385254
vt 0.15527344 0.064453125
vt 0.13891602 0.07385254
vt 0.12915039 0.07385254
vt 0.12854004 0.064453125
vt 0.1282959 0.06549072
vt 0.12805176 0.06512451
vt 0.12780762 0.064453125
vt 0.13964844 0.064453125
vt 0.14733887 0.064453125
vt 0.14099121 0.057891846
vt 0.14855957 0.057891846
vt 0.15600586 0.057891846
vt 0.15026855 0.051605225
vt 0.15722656 0.051605225
vt 0.13061523 0.057891846
vt 0.14282227 0.051605225
vt 0.15209961 0.04449463
vt 0.15844727 0.04449463
vt 0.13366699 0.051605225
vt 0.1451416 0.04449463
vt 0.15393066 0.038238525
vt 0.15942383 0.038238525
vt 0.13708496 0.04449463
vt 0.14746094 0.038238525
vt 0.15576172 0.03225708
vt 0.16027832 0.03225708
vt 0.14111328 0.038238525
vt 0.15063477 0.03225708
vt 0.15759277 0.026641846
vt 0.16101074 0.026641846
vt 0.14562988 0.03225708
vt 0.15368652 0.026641846
vt 0.1595459 0.02130127
vt 0.16174316 0.02130127
vt 0.15002441 0.026641846
vt 0.140625 0.03225708
vt 0.13439941 0.038238525
vt 0.12890625 0.04449463
vt 0.124694824 0.051605225
vt 0.12231445 0.057891846
vt 0.12097168 0.064453125
vt 0.1217041 0.07385254
vt 0.12792969 0.07385254
vt 0.122802734 0.08319092
vt 0.12756348 0.08319092
vt 0.12359619 0.092163086
vt 0.12756348 0.092163086
vt 0.12432861 0.10107422
vt 0.1270752 0.10107422
vt 0.124572754 0.11279297
vt 0.12658691 0.11279297
vt 0.12475586 0.12768555
vt 0.12609863 0.12768555
vt 0.12548828 0.14331055
vt 0.097351074 0.17199707
vt 0.103027344 0.17199707
vt 0.09576416 0.15979004
vt 0.10266113 0.15979004
vt 0.10888672 0.17199707
vt 0.109069824 0.15979004
vt 0.10205078 0.14331055
vt 0.094177246 0.14331055
vt 0.109313965 0.14331055
vt 0.10144043 0.12768555
vt 0.09240723 0.12768555
vt 0.109436035 0.12768555
vt 0.10083008 0.11279297
vt 0.09008789 0.11279297
vt 0.103393555 0.11279297
vt 0.10992432 0.11279297
vt 0.100097656 0.10107422
vt 0.10510254 0.10107422
vt 0.1105957 0.10107422
vt 0.1060791 0.092163086
vt 0.11102295 0.092163086
vt 0.099609375 0.092163086
vt 0.10687256 0.08319092
vt 0.11224365 0.08319092
vt 0.099243164 0.08319092
vt 0.10784912 0.07385254
vt 0.11444092 0.07385254
vt 0.087646484 0.10107422
vt 0.08721924 0.092163086
vt 0.08477783 0.10559082
vt 0.08477783 0.10559082
vt 0.09008789 0.11279297
vt 0.08630371 0.08319092
vt 0.09875488 0.07385254
vt 0.085510254 0.07385254
vt 0.10827637 0.064453125
vt 0.115600586 0.064453125
vt 0.09814453 0.064453125
vt 0.0847168 0.064453125
vt 0.084350586 0.057891846
vt 0.097229004 0.057891846
vt 0.0836792 0.051605225
vt 0.10723877 0.057891846
vt 0.114868164 0.057891846
vt 0.11303711 0.051605225
vt 0.0960083 0.051605225
vt 0.08325195 0.04449463
vt 0.10571289 0.051605225
vt 0.11004639 0.04449463
vt 0.09460449 0.04449463
vt 0.08319092 0.038238525
vt 0.103515625 0.04449463
vt 0.10601807 0.038238525
vt 0.10089111 0.038238525
vt 0.101501465 0.03225708
vt 0.093322754 0.038238525
vt 0.08343506 0.03225708
vt 0.097717285 0.03225708
vt 0.09197998 0.03225708
vt 0.09472656 0.026641846
vt 0.09753418 0.026641846
vt 0.0904541 0.026641846
vt 0.08380127 0.026641846
vt 0.08874512 0.02130127
vt 0.08416748 0.02130127
vt 0.091430664 0.02130127
vt 0.09350586 0.02130127
vt 0.08685303 0.015792847
vt 0.08453369 0.015792847
vt 0.08514404 0.008308411
vt 0.0881958 0.015792847
vt 0.08947754 0.015792847
vt 0.15686035 0.3046875
vt 0.15771484 0.30639648
vt 0.16625977 0.28393555
vt 0.16784668 0.28466797
vt 0.17712402 0.26293945
vt 0.17883301 0.26367188
vt 0.19140625 0.24169922
vt 0.19311523 0.24255371
vt 0.20678711 0.22375488
vt 0.20825195 0.22485352
vt 0.22387695 0.21020508
vt 0.22705078 0.265625
vt 0.21533203 0.2854004
vt 0.22521973 0.21142578
vt 0.23962402 0.19921875
vt 0.20727539 0.30200195
vt 0.2401123 0.24658203
vt 0.24072266 0.2006836
vt 0.25683594 0.1899414
vt 0.25341797 0.22802734
vt 0.2578125 0.19140625
vt 0.27416992 0.17834473
vt 0.26464844 0.21154785
vt 0.27954102 0.23986816
vt 0.2644043 0.30273438
vt 0.2722168 0.27905273
vt 0.2548828 0.32373047
vt 0.27685547 0.2590332
vt 0.27392578 0.27978516
vt 0.26611328 0.30371094
vt 0.27856445 0.25976562
vt 0.28125 0.24035645
vt 0.25634766 0.32470703
vt 0.28515625 0.22338867
vt 0.2446289 0.34448242
vt 0.28344727 0.22302246
vt 0.28710938 0.20605469
vt 0.24304199 0.34350586
vt 0.23327637 0.36328125
vt 0.2854004 0.20593262
vt 0.28881836 0.1875
vt 0.29077148 0.18774414
vt 0.27441406 0.19677734
vt 0.29370117 0.16601562
vt 0.29418945 0.16540527
vt 0.27490234 0.17993164
vt 0.2836914 0.18188477
vt 0.23144531 0.36254883
vt 0.2208252 0.3876953
vt 0.22229004 0.38867188
vt 0.2097168 0.4140625
vt 0.21142578 0.41503906
vt 0.18640137 0.36035156
vt 0.1940918 0.33520508
vt 0.19885254 0.4375
vt 0.20043945 0.43896484
vt 0.18811035 0.46020508
vt 0.20043945 0.3178711
vt 0.15490723 0.32983398
vt 0.17871094 0.38867188
vt 0.1875 0.45898438
vt 0.17956543 0.48828125
vt 0.1538086 0.32910156
vt 0.15661621 0.3071289
vt 0.14831543 0.35717773
vt 0.14916992 0.3581543
vt 0.14416504 0.38623047
vt 0.1451416 0.38745117
vt 0.14025879 0.41625977
vt 0.17077637 0.41992188
vt 0.14123535 0.41748047
vt 0.13586426 0.44458008
vt 0.16223145 0.45092773
vt 0.1373291 0.44580078
vt 0.1307373 0.4753418
vt 0.15490723 0.48168945
vt 0.17492676 0.5151367
vt 0.14941406 0.5102539
vt 0.17138672 0.5449219
vt 0.124938965 0.5053711
vt 0.14550781 0.5410156
vt 0.16784668 0.58740234
vt 0.14123535 0.5839844
vt 0.16516113 0.62939453
vt 0.120788574 0.5371094
vt 0.13745117 0.6254883
vt 0.16101074 0.67089844
vt 0.1149292 0.5810547
vt 0.11016846 0.6230469
vt 0.13415527 0.66748047
vt 0.15576172 0.70166016
vt 0.113586426 0.5800781
vt 0.11779785 0.53564453
vt 0.13134766 0.6977539
vt 0.14807129 0.73535156
vt 0.107177734 0.66503906
vt 0.12768555 0.73095703
vt 0.14013672 0.7602539
vt 0.120788574 0.50341797
vt 0.12585449 0.47485352
vt 0.105041504 0.6953125
vt 0.123168945 0.47265625
vt 0.1282959 0.44335938
vt 0.12585449 0.44140625
vt 0.13146973 0.4128418
vt 0.12939453 0.41064453
vt 0.13500977 0.38110352
vt 0.09234619 0.43969727
vt 0.09173584 0.4724121
vt 0.09051514 0.5029297
vt 0.13293457 0.3791504
vt 0.1381836 0.3503418
vt 0.13586426 0.34838867
vt 0.13989258 0.3203125
vt 0.093322754 0.37280273
vt 0.1373291 0.3190918
vt 0.13842773 0.29541016
vt 0.09283447 0.40600586
vt 0.06121826 0.47705078
vt 0.088256836 0.53515625
vt 0.061035156 0.5053711
vt 0.060058594 0.5361328
vt 0.05795288 0.57910156
vt 0.059173584 0.44750977
vt 0.0579834 0.44750977
vt 0.08526611 0.57910156
vt 0.05480957 0.62109375
vt 0.05682373 0.41723633
vt 0.055023193 0.41845703
vt 0.050628662 0.3918457
vt 0.08276367 0.62109375
vt 0.05307007 0.66259766
vt 0.05239868 0.39135742
vt 0.046569824 0.36279297
vt 0.08013916 0.6635742
vt 0.053985596 0.69433594
vt 0.07867432 0.69384766
vt 0.056884766 0.7285156
vt 0.077697754 0.7270508
vt 0.061065674 0.75439453
vt 0.09307861 0.34277344
vt 0.10272217 0.7285156
vt 0.07763672 0.7529297
vt 0.04824829 0.3623047
vt 0.042266846 0.33520508
vt 0.09173584 0.3161621
vt 0.12390137 0.75634766
vt 0.044189453 0.33496094
vt 0.037628174 0.31347656
vt 0.035827637 0.31420898
vt 0.13635254 0.29516602
vt 0.13464355 0.27197266
vt 0.08984375 0.29760742
vt 0.03050232 0.29174805
vt 0.028793335 0.29223633
vt 0.02330017 0.2697754
vt 0.13293457 0.2722168
vt 0.086364746 0.28051758
vt 0.12658691 0.24951172
vt 0.12817383 0.24902344
vt 0.11669922 0.22485352
vt 0.025039673 0.2692871
vt 0.01953125 0.24499512
vt 0.08148193 0.2626953
vt 0.11517334 0.22558594
vt 0.10205078 0.20385742
vt 0.021347046 0.24438477
vt 0.017837524 0.22436523
vt 0.07269287 0.2409668
vt 0.10064697 0.20483398
vt 0.08441162 0.18664551
vt 0.019699097 0.22387695
vt 0.017471313 0.20495605
vt 0.06173706 0.21972656
vt 0.08319092 0.18786621
vt 0.06756592 0.17297363
vt 0.01928711 0.20458984
vt 0.015167236 0.18811035
vt 0.049621582 0.19897461
vt 0.066589355 0.17468262
vt 0.05014038 0.16223145
vt 0.017089844 0.18786621
vt 0.015579224 0.17211914
vt 0.039489746 0.18115234
vt 0.04916382 0.16394043
vt 0.034423828 0.14916992
vt 0.017456055 0.17211914
vt 0.031158447 0.16601562
vt 0.017501831 0.15490723
vt 0.015571594 0.15490723
vt 0.033233643 0.1508789
vt 0.024047852 0.15075684
vt 0.01689148 0.13439941
vt 0.016693115 0.13391113
vt 0.2290039 0.15283203
vt 0.22375488 0.15148926
vt 0.22558594 0.1574707
vt 0.22851562 0.14929199
vt 0.22277832 0.1451416
vt 0.23913574 0.14831543
vt 0.22814941 0.14440918
vt 0.22253418 0.13928223
vt 0.23791504 0.14074707
vt 0.22790527 0.13891602
vt 0.2277832 0.13208008
vt 0.22290039 0.13134766
vt 0.23388672 0.13635254
vt 0.23828125 0.13549805
vt 0.23632812 0.13244629
vt 0.23828125 0.13244629
vt 0.23864746 0.12915039
vt 0.23547363 0.12402344
vt 0.24047852 0.1274414
vt 0.23205566 0.13195801
vt 0.22741699 0.12384033
vt 0.22314453 0.12365723
vt 0.23083496 0.1237793
vt 0.22644043 0.11553955
vt 0.22216797 0.115722656
vt 0.22937012 0.11529541
vt 0.22375488 0.109802246
vt 0.21972656 0.11022949
vt 0.24121094 0.12451172
vt 0.24316406 0.12768555
vt 0.24499512 0.124694824
vt 0.24206543 0.1149292
vt 0.24853516 0.12243652
vt 0.24682617 0.11444092
vt 0.24645996 0.10424805
vt 0.23388672 0.115600586
vt 0.2376709 0.11505127
vt 0.23547363 0.10644531
vt 0.2401123 0.10369873
vt 0.23181152 0.10772705
vt 0.24694824 0.093688965
vt 0.24719238 0.09375
vt 0.2487793 0.08300781
vt 0.22741699 0.10803223
vt 0.22998047 0.10015869
vt 0.23376465 0.09790039
vt 0.23913574 0.09307861
vt 0.24560547 0.08258057
vt 0.2319336 0.08905029
vt 0.22753906 0.09161377
vt 0.24853516 0.08276367
vt 0.22631836 0.10888672
vt 0.22436523 0.09991455
vt 0.22265625 0.10284424
vt 0.22033691 0.10430908
vt 0.21643066 0.105651855
vt 0.21606445 0.09790039
vt 0.21228027 0.09979248
vt 0.21826172 0.0960083
vt 0.21130371 0.09124756
vt 0.20727539 0.09295654
vt 0.2208252 0.09039307
vt 0.20776367 0.08618164
vt 0.20214844 0.08605957
vt 0.21411133 0.08917236
vt 0.2253418 0.08496094
vt 0.21691895 0.0814209
vt 0.21826172 0.08251953
vt 0.21032715 0.08239746
vt 0.21325684 0.074035645
vt 0.20361328 0.080078125
vt 0.1977539 0.080200195
vt 0.20703125 0.076293945
vt 0.2109375 0.06793213
vt 0.19970703 0.07421875
vt 0.19445801 0.07543945
vt 0.20397949 0.0703125
vt 0.2088623 0.06317139
vt 0.19628906 0.0692749
vt 0.19189453 0.0715332
vt 0.18981934 0.068481445
vt 0.20117188 0.06488037
vt 0.20666504 0.058807373
vt 0.19335938 0.06561279
vt 0.18676758 0.06524658
vt 0.19873047 0.06085205
vt 0.2043457 0.055541992
vt 0.2006836 0.05279541
vt 0.19555664 0.057373047
vt 0.19616699 0.050598145
vt 0.19018555 0.06213379
vt 0.18322754 0.061798096
vt 0.19165039 0.054595947
vt 0.19030762 0.048828125
vt 0.18664551 0.05895996
vt 0.18664551 0.05206299
vt 0.18530273 0.047912598
vt 0.18237305 0.055786133
vt 0.17919922 0.058441162
vt 0.1821289 0.050354004
vt 0.18005371 0.04751587
vt 0.17858887 0.05319214
vt 0.17553711 0.05545044
vt 0.17736816 0.049468994
vt 0.1751709 0.04751587
vt 0.17480469 0.051239014
vt 0.17248535 0.05291748
vt 0.17370605 0.04852295
vt 0.17163086 0.04611206
vt 0.17236328 0.049468994
vt 0.17053223 0.05078125
vt 0.1694336 0.047546387
vt 0.1706543 0.046783447
vt 0.16931152 0.04296875
vt 0.1784668 0.87402344
vt 0.1583252 0.8847656
vt 0.15930176 0.88623047
vt 0.1772461 0.8725586
vt 0.15246582 0.8676758
vt 0.20568848 0.8515625
vt 0.20666504 0.85253906
vt 0.17138672 0.8569336
vt 0.14660645 0.8496094
vt 0.22839355 0.8334961
vt 0.22949219 0.83496094
vt 0.16589355 0.8417969
vt 0.15698242 0.8120117
vt 0.19873047 0.8378906
vt 0.25097656 0.8149414
vt 0.25195312 0.81640625
vt 0.21984863 0.8208008
vt 0.27270508 0.796875
vt 0.27392578 0.79785156
vt 0.16906738 0.8125
vt 0.16308594 0.78515625
vt 0.19140625 0.8232422
vt 0.24121094 0.80126953
vt 0.29492188 0.77734375
vt 0.29589844 0.7788086
vt 0.17785645 0.7890625
vt 0.17260742 0.7548828
vt 0.18005371 0.81689453
vt 0.21105957 0.80810547
vt 0.1940918 0.796875
vt 0.26098633 0.7836914
vt 0.3154297 0.7597656
vt 0.31640625 0.76123047
vt 0.23059082 0.7890625
vt 0.21960449 0.77978516
vt 0.2076416 0.7714844
vt 0.28271484 0.76464844
vt 0.24890137 0.77197266
vt 0.34106445 0.73535156
vt 0.34204102 0.7363281
vt 0.23596191 0.7607422
vt 0.3022461 0.74609375
vt 0.27001953 0.7519531
vt 0.36645508 0.7104492
vt 0.36743164 0.71191406
vt 0.32739258 0.72021484
vt 0.2890625 0.73291016
vt 0.25561523 0.7392578
vt 0.39331055 0.68359375
vt 0.3942871 0.6850586
vt 0.35302734 0.6948242
vt 0.31298828 0.70458984
vt 0.41333008 0.66308594
vt 0.41455078 0.6640625
vt 0.43188477 0.64501953
vt 0.38061523 0.66748047
vt 0.22094727 0.7504883
vt 0.27294922 0.7182617
vt 0.33618164 0.67529297
vt 0.23986816 0.7270508
vt 0.29589844 0.68847656
vt 0.25683594 0.7055664
vt 0.40039062 0.6459961
vt 0.36157227 0.64453125
vt 0.31811523 0.65722656
vt 0.27905273 0.6743164
vt 0.4309082 0.6435547
vt 0.4489746 0.62060547
vt 0.45043945 0.62158203
vt 0.41748047 0.6245117
vt 0.46850586 0.59521484
vt 0.4699707 0.5961914
vt 0.3828125 0.62353516
vt 0.4362793 0.6015625
vt 0.49267578 0.5678711
vt 0.49389648 0.56884766
vt 0.40161133 0.6040039
vt 0.37963867 0.6196289
vt 0.4580078 0.57470703
vt 0.5161133 0.54589844
vt 0.5175781 0.546875
vt 0.42211914 0.58251953
vt 0.4831543 0.54541016
vt 0.53759766 0.52783203
vt 0.5390625 0.5288086
vt 0.34204102 0.62402344
vt 0.3955078 0.59716797
vt 0.41308594 0.5703125
vt 0.44628906 0.5546875
vt 0.5073242 0.51953125
vt 0.5576172 0.5131836
vt 0.55908203 0.51464844
vt 0.359375 0.5991211
vt 0.4711914 0.52490234
vt 0.52685547 0.5019531
vt 0.5751953 0.5019531
vt 0.5761719 0.50341797
vt 0.59521484 0.49145508
vt 0.37475586 0.5751953
vt 0.4375 0.54052734
vt 0.49243164 0.49926758
vt 0.45922852 0.50927734
vt 0.4362793 0.5395508
vt 0.4580078 0.5083008
vt 0.47558594 0.4819336
vt 0.47705078 0.48291016
vt 0.49023438 0.46020508
vt 0.49169922 0.46118164
vt 0.5053711 0.43969727
vt 0.50878906 0.47875977
vt 0.52441406 0.46118164
vt 0.50683594 0.44091797
vt 0.52197266 0.42626953
vt 0.5214844 0.42529297
vt 0.54345703 0.48754883
vt 0.55810547 0.47753906
vt 0.53759766 0.44873047
vt 0.54248047 0.41577148
vt 0.5415039 0.41430664
vt 0.5654297 0.40795898
vt 0.5751953 0.46777344
vt 0.5546875 0.43896484
vt 0.56591797 0.40942383
vt 0.5942383 0.40551758
vt 0.5751953 0.43237305
vt 0.5942383 0.48999023
vt 0.61572266 0.47973633
vt 0.5942383 0.40722656
vt 0.6176758 0.40673828
vt 0.6010742 0.4267578
vt 0.59375 0.4584961
vt 0.6152344 0.47802734
vt 0.63720703 0.46875
vt 0.6176758 0.40844727
vt 0.640625 0.4104004
vt 0.6171875 0.4494629
vt 0.63671875 0.46704102
vt 0.6557617 0.45947266
vt 0.62402344 0.4248047
vt 0.640625 0.41235352
vt 0.6381836 0.44262695
vt 0.65478516 0.45776367
vt 0.67089844 0.45336914
vt 0.66015625 0.4194336
vt 0.66015625 0.41796875
vt 0.67529297 0.42041016
vt 0.6455078 0.4248047
vt 0.65625 0.43774414
vt 0.67041016 0.45166016
vt 0.68066406 0.44628906
vt 0.6645508 0.4260254
vt 0.67529297 0.42163086
vt 0.67089844 0.43359375
vt 0.6791992 0.44506836
vt 0.6855469 0.43237305
vt 0.6904297 0.41455078
vt 0.6899414 0.4128418
vt 0.69189453 0.41479492
vt 0.67822266 0.42382812
vt 0.68408203 0.43188477
vt 0.68115234 0.4260254
vt 0.4165039 0.56689453
vt 0.42993164 0.5463867
vt 0.4284668 0.54541016
vt 0.44482422 0.5205078
vt 0.44628906 0.5214844
vt 0.39086914 0.5498047
vt 0.46142578 0.4963379
vt 0.46313477 0.4970703
vt 0.40673828 0.5253906
vt 0.47583008 0.47631836
vt 0.47729492 0.47705078
vt 0.48754883 0.45581055
vt 0.48901367 0.45654297
vt 0.49658203 0.43701172
vt 0.42260742 0.5004883
vt 0.43823242 0.47827148
vt 0.45117188 0.45922852
vt 0.49487305 0.43652344
vt 0.50341797 0.41455078
vt 0.5019531 0.41381836
vt 0.51123047 0.39257812
vt 0.5097656 0.39135742
vt 0.5239258 0.3720703
vt 0.52246094 0.37109375
vt 0.5361328 0.35595703
vt 0.53466797 0.35498047
vt 0.54296875 0.34155273
vt 0.46850586 0.42260742
vt 0.4753418 0.40283203
vt 0.48486328 0.38305664
vt 0.49829102 0.3630371
vt 0.51220703 0.34521484
vt 0.5415039 0.3408203
vt 0.5473633 0.32739258
vt 0.5488281 0.32788086
vt 0.46191406 0.44018555
vt 0.4321289 0.4230957
vt 0.4404297 0.4074707
vt 0.42211914 0.44140625
vt 0.52441406 0.32958984
vt 0.55078125 0.31274414
vt 0.5527344 0.31298828
vt 0.44921875 0.39013672
vt 0.40307617 0.4104004
vt 0.4104004 0.45996094
vt 0.5341797 0.31713867
vt 0.55371094 0.29760742
vt 0.5551758 0.29785156
vt 0.54248047 0.30371094
vt 0.5185547 0.30664062
vt 0.5541992 0.28198242
vt 0.55615234 0.28198242
vt 0.546875 0.29174805
vt 0.55371094 0.26245117
vt 0.55566406 0.26220703
vt 0.5048828 0.31811523
vt 0.5307617 0.29638672
vt 0.55029297 0.2788086
vt 0.5390625 0.28686523
vt 0.54589844 0.2758789
vt 0.5410156 0.27368164
vt 0.5527344 0.26098633
vt 0.5395508 0.27246094
vt 0.5283203 0.28295898
vt 0.52734375 0.28149414
vt 0.51416016 0.28833008
vt 0.5151367 0.28979492
vt 0.49902344 0.29541016
vt 0.5 0.296875
vt 0.48510742 0.30737305
vt 0.48388672 0.30615234
vt 0.48999023 0.33447266
vt 0.46850586 0.32226562
vt 0.46728516 0.32104492
vt 0.47460938 0.35205078
vt 0.45288086 0.33691406
vt 0.45141602 0.3359375
vt 0.43847656 0.35498047
vt 0.43701172 0.35424805
vt 0.46044922 0.37231445
vt 0.42456055 0.37280273
vt 0.4230957 0.3720703
vt 0.41235352 0.39135742
vt 0.41088867 0.390625
vt 0.40161133 0.40966797
vt 0.3918457 0.43041992
vt 0.39331055 0.43139648
vt 0.38183594 0.45166016
vt 0.38330078 0.45239258
vt 0.37182617 0.47583008
vt 0.37036133 0.47485352
vt 0.35791016 0.49853516
vt 0.359375 0.49951172
vt 0.39648438 0.48217773
vt 0.38256836 0.50683594
vt 0.3684082 0.53125
vt 0.34521484 0.5229492
vt 0.34326172 0.52197266
vt 0.3305664 0.5473633
vt 0.35327148 0.5576172
vt 0.33911133 0.58203125
vt 0.31835938 0.57128906
vt 0.3232422 0.6074219
vt 0.3005371 0.64208984
vt 0.30371094 0.59716797
vt 0.31054688 0.56591797
vt 0.3305664 0.5473633
vt 0.2824707 0.6308594
vt 0.32641602 0.5444336
vt 0.34326172 0.52197266
vt 0.34179688 0.5205078
vt 0.35498047 0.4951172
vt 0.26171875 0.6635742
vt 0.29248047 0.58935547
vt 0.32177734 0.54003906
vt 0.35327148 0.4946289
vt 0.37036133 0.46533203
vt 0.23925781 0.6948242
vt 0.26660156 0.62060547
vt 0.3330078 0.51123047
vt 0.22253418 0.7167969
vt 0.24194336 0.6508789
vt 0.2043457 0.7416992
vt 0.2163086 0.68066406
vt 0.19714355 0.7026367
vt 0.18261719 0.7314453
vt 0.2109375 0.6777344
vt 0.19177246 0.76220703
vt 0.2322998 0.6455078
vt 0.22851562 0.64404297
vt 0.24584961 0.6098633
vt 0.23828125 0.6489258
vt 0.25317383 0.61328125
vt 0.26367188 0.5756836
vt 0.26049805 0.6171875
vt 0.2734375 0.57958984
vt 0.2734375 0.55126953
vt 0.28320312 0.58447266
vt 0.28564453 0.5546875
vt 0.2980957 0.55908203
vt 0.28149414 0.52734375
vt 0.2800293 0.52734375
vt 0.2944336 0.5292969
vt 0.30932617 0.5336914
vt 0.2878418 0.50146484
vt 0.28686523 0.50146484
vt 0.28833008 0.47729492
vt 0.31982422 0.50439453
vt 0.3017578 0.5004883
vt 0.28955078 0.47729492
vt 0.28759766 0.45141602
vt 0.3059082 0.47143555
vt 0.28930664 0.45214844
vt 0.2866211 0.42407227
vt 0.34301758 0.48413086
vt 0.32788086 0.47436523
vt 0.30737305 0.44189453
vt 0.28833008 0.42456055
vt 0.36865234 0.4650879
vt 0.35424805 0.4489746
vt 0.38134766 0.4362793
vt 0.38305664 0.43652344
vt 0.28686523 0.39746094
vt 0.28515625 0.39697266
vt 0.30688477 0.4140625
vt 0.33325195 0.44018555
vt 0.39135742 0.40844727
vt 0.39282227 0.4086914
vt 0.3623047 0.42089844
vt 0.2861328 0.37182617
vt 0.28442383 0.37158203
vt 0.39770508 0.38476562
vt 0.39941406 0.38500977
vt 0.3059082 0.38891602
vt 0.33642578 0.41235352
vt 0.28637695 0.3479004
vt 0.2849121 0.34765625
vt 0.36791992 0.3959961
vt 0.32348633 0.3869629
vt 0.3388672 0.38867188
vt 0.30566406 0.36743164
vt 0.34033203 0.3701172
vt 0.3239746 0.36791992
vt 0.2902832 0.32104492
vt 0.28881836 0.32104492
vt 0.37231445 0.37695312
vt 0.37524414 0.35888672
vt 0.34106445 0.35327148
vt 0.32373047 0.35083008
vt 0.3046875 0.34814453
vt 0.40234375 0.36132812
vt 0.4038086 0.3618164
vt 0.40649414 0.33398438
vt 0.3786621 0.33496094
vt 0.4050293 0.33325195
vt 0.40795898 0.30371094
vt 0.3059082 0.3256836
vt 0.32421875 0.32958984
vt 0.34301758 0.33154297
vt 0.38232422 0.3076172
vt 0.40625 0.30322266
vt 0.40722656 0.27319336
vt 0.34814453 0.30664062
vt 0.32763672 0.3059082
vt 0.30932617 0.30200195
vt 0.38598633 0.2775879
vt 0.40551758 0.27294922
vt 0.40576172 0.25073242
vt 0.29736328 0.29541016
vt 0.2956543 0.29516602
vt 0.3166504 0.2788086
vt 0.30664062 0.2709961
vt 0.30493164 0.27075195
vt 0.31396484 0.25073242
vt 0.31567383 0.25073242
vt 0.31982422 0.2409668
vt 0.40405273 0.25073242
vt 0.40283203 0.23364258
vt 0.33398438 0.28100586
vt 0.38745117 0.25390625
vt 0.40112305 0.23413086
vt 0.3552246 0.27954102
vt 0.34106445 0.25976562
vt 0.32470703 0.25927734
vt 0.36254883 0.25708008
vt 0.39233398 0.21838379
vt 0.39379883 0.21777344
vt 0.38623047 0.23583984
vt 0.32836914 0.24926758
vt 0.38623047 0.1998291
vt 0.3876953 0.19921875
vt 0.38354492 0.21850586
vt 0.36767578 0.23815918
vt 0.38134766 0.17956543
vt 0.38305664 0.17907715
vt 0.38134766 0.19970703
vt 0.37231445 0.21972656
vt 0.34985352 0.24072266
vt 0.34106445 0.25927734
vt 0.34838867 0.24023438
vt 0.35791016 0.22131348
vt 0.359375 0.2220459
vt 0.3684082 0.20056152
vt 0.36694336 0.19970703
vt 0.3798828 0.17858887
vt 0.37597656 0.1998291
vt 0.34228516 0.24841309
vt 0.34155273 0.24841309
vt 0.3449707 0.23791504
vt 0.34375 0.2376709
vt 0.3479004 0.22851562
vt 0.33325195 0.23864746
vt 0.34692383 0.22741699
vt 0.35205078 0.21447754
vt 0.32104492 0.24145508
vt 0.32714844 0.2310791
vt 0.3388672 0.22839355
vt 0.328125 0.23168945
vt 0.33544922 0.22302246
vt 0.3347168 0.22229004
vt 0.34594727 0.21142578
vt 0.35180664 0.21386719
vt 0.35473633 0.20471191
vt 0.34814453 0.21411133
vt 0.34643555 0.21179199
vt 0.23815918 0.08251953
vt 0.23620605 0.07495117
vt 0.23596191 0.07501221
vt 0.23754883 0.08312988
vt 0.23815918 0.08251953
vt 0.23840332 0.08605957
vt 0.23010254 0.082092285
vt 0.22802734 0.07550049
vt 0.234375 0.06939697
vt 0.22253418 0.078308105
vt 0.21520996 0.076293945
vt 0.21972656 0.072021484
vt 0.21252441 0.07067871
vt 0.22570801 0.06933594
vt 0.23278809 0.06414795
vt 0.22387695 0.063964844
vt 0.2310791 0.059814453
vt 0.21740723 0.06652832
vt 0.21069336 0.06628418
vt 0.22229004 0.058746338
vt 0.22973633 0.055541992
vt 0.21569824 0.061187744
vt 0.20947266 0.062042236
vt 0.20935059 0.058258057
vt 0.21496582 0.05657959
vt 0.20947266 0.053649902
vt 0.2211914 0.054382324
vt 0.22839355 0.051635742
vt 0.2142334 0.051757812
vt 0.2088623 0.048736572
vt 0.2199707 0.04989624
vt 0.22644043 0.047546387
vt 0.2130127 0.04711914
vt 0.20715332 0.04373169
vt 0.21826172 0.045562744
vt 0.22399902 0.04345703
vt 0.21105957 0.042510986
vt 0.21606445 0.04095459
vt 0.22143555 0.0390625
vt 0.21875 0.03491211
vt 0.21350098 0.036743164
vt 0.21582031 0.03074646
vt 0.20874023 0.03842163
vt 0.20483398 0.03967285
vt 0.20324707 0.036224365
vt 0.21105957 0.03262329
vt 0.21276855 0.027664185
vt 0.20666504 0.034576416
vt 0.2019043 0.03302002
vt 0.20837402 0.029388428
vt 0.20959473 0.025314331
vt 0.20471191 0.03137207
vt 0.2010498 0.029525757
vt 0.203125 0.028015137
vt 0.2006836 0.025909424
vt 0.20593262 0.026504517
vt 0.20690918 0.023162842
vt 0.20239258 0.025100708
vt 0.20080566 0.022247314
vt 0.2043457 0.02406311
vt 0.20422363 0.020645142
vt 0.2019043 0.022125244
vt 0.20153809 0.017791748
vt 0.20300293 0.021499634
vt 0.24938965 0.017196655
vt 0.24963379 0.01737976
vt 0.25024414 0.014770508
vt 0.2487793 0.01927185
vt 0.24926758 0.019561768
vt 0.24816895 0.021148682
vt 0.24890137 0.021560669
vt 0.2475586 0.023544312
vt 0.24841309 0.024124146
vt 0.24682617 0.026153564
vt 0.2479248 0.026672363
vt 0.24682617 0.03111267
vt 0.24841309 0.031066895
vt 0.24938965 0.036254883
vt 0.24719238 0.036621094
vt 0.25024414 0.041503906
vt 0.24731445 0.041931152
vt 0.25073242 0.046936035
vt 0.24719238 0.046875
vt 0.25048828 0.05166626
vt 0.24633789 0.05117798
vt 0.24975586 0.056671143
vt 0.23999023 0.04714966
vt 0.2401123 0.04144287
vt 0.24499512 0.05596924
vt 0.24926758 0.062072754
vt 0.23986816 0.035583496
vt 0.24023438 0.052001953
vt 0.23095703 0.04257202
vt 0.23071289 0.047821045
vt 0.23168945 0.036590576
vt 0.23071289 0.051940918
vt 0.23278809 0.030090332
vt 0.23132324 0.056243896
vt 0.23962402 0.030029297
vt 0.23339844 0.024932861
vt 0.2409668 0.057006836
vt 0.23278809 0.061706543
vt 0.23950195 0.025299072
vt 0.24169922 0.062561035
vt 0.23461914 0.06781006
vt 0.23950195 0.02104187
vt 0.23425293 0.0206604
vt 0.24499512 0.021438599
vt 0.2355957 0.016281128
vt 0.24279785 0.06890869
vt 0.24926758 0.067871094
vt 0.23657227 0.07470703
vt 0.23937988 0.01637268
vt 0.24316406 0.016601562
vt 0.23669434 0.011772156
vt 0.24084473 0.011688232
vt 0.24401855 0.07513428
vt 0.24963379 0.07366943
vt 0.23876953 0.011726379
vt 0.23754883 0.0071487427
vt 0.23876953 0.08239746
vt 0.23815918 0.08251953
vt 0.23815918 0.08251953
vt 0.2512207 0.07885742
vt 0.2512207 0.07885742
vt 0.2487793 0.08300781
vt 0.2290039 0.15283203
vt 0.22558594 0.1574707
vt 0.22375488 0.15148926
vt 0.22851562 0.14929199
vt 0.23913574 0.14831543
vt 0.22277832 0.1451416
vt 0.22814941 0.14440918
vt 0.23791504 0.14074707
vt 0.22253418 0.13928223
vt 0.22790527 0.13891602
vt 0.23388672 0.13635254
vt 0.23828125 0.13549805
vt 0.2277832 0.13208008
vt 0.22290039 0.13134766
vt 0.23632812 0.13244629
vt 0.23828125 0.13244629
vt 0.23864746 0.12915039
vt 0.23547363 0.12402344
vt 0.24047852 0.1274414
vt 0.23205566 0.13195801
vt 0.22741699 0.12384033
vt 0.22314453 0.12365723
vt 0.23083496 0.1237793
vt 0.22644043 0.11553955
vt 0.22216797 0.115722656
vt 0.22937012 0.11529541
vt 0.22375488 0.109802246
vt 0.21972656 0.11022949
vt 0.24121094 0.12451172
vt 0.24316406 0.12768555
vt 0.24499512 0.124694824
vt 0.24206543 0.1149292
vt 0.24853516 0.12243652
vt 0.24682617 0.11444092
vt 0.24645996 0.10424805
vt 0.23388672 0.115600586
vt 0.2376709 0.11505127
vt 0.23547363 0.10644531
vt 0.2401123 0.10369873
vt 0.23181152 0.10772705
vt 0.24694824 0.093688965
vt 0.24719238 0.09375
vt 0.23913574 0.09307861
vt 0.23376465 0.09790039
vt 0.2487793 0.08300781
vt 0.22998047 0.10015869
vt 0.22717285 0.10797119
vt 0.24853516 0.08276367
vt 0.2512207 0.07885742
vt 0.2512207 0.07885742
vt 0.24853516 0.08276367
vt 0.24853516 0.08276367
vt 0.2512207 0.07885742
vt 0.24963379 0.07366943
vt 0.24523926 0.08251953
vt 0.24401855 0.07513428
vt 0.24926758 0.067871094
vt 0.23876953 0.08239746
vt 0.24279785 0.06890869
vt 0.24926758 0.062072754
vt 0.23815918 0.08251953
vt 0.23657227 0.07470703
vt 0.23461914 0.06781006
vt 0.24169922 0.062561035
vt 0.23278809 0.061706543
vt 0.24499512 0.05596924
vt 0.24975586 0.056671143
vt 0.2409668 0.057006836
vt 0.23132324 0.056243896
vt 0.24023438 0.052001953
vt 0.23071289 0.051940918
vt 0.23071289 0.047821045
vt 0.24633789 0.05117798
vt 0.25048828 0.05166626
vt 0.23999023 0.04714966
vt 0.23095703 0.04257202
vt 0.24719238 0.046875
vt 0.25073242 0.046936035
vt 0.24731445 0.041931152
vt 0.25024414 0.041503906
vt 0.2401123 0.04144287
vt 0.23168945 0.036590576
vt 0.24719238 0.036621094
vt 0.24938965 0.036254883
vt 0.24682617 0.03111267
vt 0.24841309 0.031066895
vt 0.2479248 0.026672363
vt 0.23986816 0.035583496
vt 0.23278809 0.030090332
vt 0.23962402 0.030029297
vt 0.23339844 0.024932861
vt 0.24682617 0.026153564
vt 0.24841309 0.024124146
vt 0.23950195 0.025299072
vt 0.23950195 0.02104187
vt 0.23425293 0.0206604
vt 0.2355957 0.016281128
vt 0.2475586 0.023544312
vt 0.24890137 0.021560669
vt 0.24816895 0.021148682
vt 0.24926758 0.019561768
vt 0.2487793 0.01927185
vt 0.24963379 0.01737976
vt 0.24938965 0.017196655
vt 0.25024414 0.014770508
vt 0.24499512 0.021438599
vt 0.23937988 0.01637268
vt 0.24316406 0.016601562
vt 0.23669434 0.011772156
vt 0.24084473 0.011688232
vt 0.23876953 0.011726379
vt 0.23754883 0.0071487427
vt 0.15930176 0.88623047
vt 0.1583252 0.8847656
vt 0.1772461 0.8725586
vt 0.15246582 0.8676758
vt 0.17138672 0.8569336
vt 0.14660645 0.8496094
vt 0.16589355 0.8417969
vt 0.15698242 0.8120117
vt 0.16906738 0.8125
vt 0.16308594 0.78515625
vt 0.18005371 0.81689453
vt 0.17785645 0.7890625
vt 0.17260742 0.7548828
vt 0.19177246 0.76220703
vt 0.18261719 0.7314453
vt 0.2043457 0.7416992
vt 0.19714355 0.7026367
vt 0.2163086 0.68066406
vt 0.2109375 0.6777344
vt 0.2322998 0.6455078
vt 0.22851562 0.64404297
vt 0.24584961 0.6098633
vt 0.23828125 0.6489258
vt 0.25317383 0.61328125
vt 0.26367188 0.5756836
vt 0.26049805 0.6171875
vt 0.2734375 0.57958984
vt 0.2734375 0.55126953
vt 0.28320312 0.58447266
vt 0.28564453 0.5546875
vt 0.2980957 0.55908203
vt 0.28149414 0.52734375
vt 0.2800293 0.52734375
vt 0.2944336 0.5292969
vt 0.2878418 0.50146484
vt 0.28686523 0.50146484
vt 0.30932617 0.5336914
vt 0.28955078 0.47729492
vt 0.28833008 0.47729492
vt 0.28759766 0.45141602
vt 0.3017578 0.5004883
vt 0.28930664 0.45214844
vt 0.2866211 0.42407227
vt 0.3059082 0.47143555
vt 0.31982422 0.50439453
vt 0.32177734 0.54003906
vt 0.32666016 0.5439453
vt 0.34326172 0.52197266
vt 0.3413086 0.51953125
vt 0.35498047 0.4951172
vt 0.3330078 0.51123047
vt 0.35327148 0.4946289
vt 0.34301758 0.48413086
vt 0.36865234 0.4650879
vt 0.37036133 0.46533203
vt 0.32788086 0.47436523
vt 0.35424805 0.4489746
vt 0.38134766 0.4362793
vt 0.38305664 0.43652344
vt 0.30737305 0.44189453
vt 0.33325195 0.44018555
vt 0.3623047 0.42089844
vt 0.39135742 0.40844727
vt 0.39282227 0.4086914
vt 0.28833008 0.42456055
vt 0.30688477 0.4140625
vt 0.28686523 0.39746094
vt 0.28515625 0.39697266
vt 0.39770508 0.38476562
vt 0.39941406 0.38500977
vt 0.2861328 0.37182617
vt 0.28442383 0.37158203
vt 0.36791992 0.3959961
vt 0.33642578 0.41235352
vt 0.3059082 0.38891602
vt 0.28637695 0.3479004
vt 0.2849121 0.34765625
vt 0.3388672 0.38867188
vt 0.32348633 0.3869629
vt 0.30566406 0.36743164
vt 0.34033203 0.3701172
vt 0.3239746 0.36791992
vt 0.2902832 0.32104492
vt 0.28881836 0.32104492
vt 0.37231445 0.37695312
vt 0.37524414 0.35888672
vt 0.34106445 0.35327148
vt 0.32373047 0.35083008
vt 0.3046875 0.34814453
vt 0.40234375 0.36132812
vt 0.4038086 0.3618164
vt 0.40649414 0.33398438
vt 0.3786621 0.33496094
vt 0.4050293 0.33325195
vt 0.40795898 0.30371094
vt 0.3059082 0.3256836
vt 0.32421875 0.32958984
vt 0.34301758 0.33154297
vt 0.40625 0.30322266
vt 0.40722656 0.27319336
vt 0.38232422 0.3076172
vt 0.34814453 0.30664062
vt 0.32763672 0.3059082
vt 0.30932617 0.30200195
vt 0.40551758 0.27294922
vt 0.40576172 0.25073242
vt 0.38598633 0.2775879
vt 0.29736328 0.29541016
vt 0.2956543 0.29516602
vt 0.3166504 0.2788086
vt 0.30664062 0.2709961
vt 0.30493164 0.27075195
vt 0.31396484 0.25073242
vt 0.31567383 0.25073242
vt 0.31982422 0.2409668
vt 0.33398438 0.28100586
vt 0.3552246 0.27954102
vt 0.34106445 0.25976562
vt 0.32470703 0.25927734
vt 0.32104492 0.24145508
vt 0.32714844 0.2310791
vt 0.32836914 0.24926758
vt 0.36254883 0.25708008
vt 0.38745117 0.25390625
vt 0.40405273 0.25073242
vt 0.40283203 0.23364258
vt 0.40112305 0.23413086
vt 0.38623047 0.23583984
vt 0.39233398 0.21838379
vt 0.39379883 0.21777344
vt 0.38623047 0.1998291
vt 0.3876953 0.19921875
vt 0.38354492 0.21850586
vt 0.36767578 0.23815918
vt 0.38134766 0.17956543
vt 0.38305664 0.17907715
vt 0.38134766 0.19970703
vt 0.37231445 0.21972656
vt 0.34985352 0.24072266
vt 0.34106445 0.25927734
vt 0.34838867 0.24023438
vt 0.35791016 0.22131348
vt 0.359375 0.2220459
vt 0.3684082 0.20056152
vt 0.36694336 0.19970703
vt 0.3798828 0.17858887
vt 0.37597656 0.1998291
vt 0.34155273 0.24841309
vt 0.34228516 0.24841309
vt 0.3449707 0.23791504
vt 0.33325195 0.23864746
vt 0.34375 0.2376709
vt 0.3479004 0.22851562
vt 0.328125 0.23168945
vt 0.3388672 0.22839355
vt 0.34692383 0.22741699
vt 0.35205078 0.21447754
vt 0.33544922 0.22302246
vt 0.3347168 0.22229004
vt 0.34594727 0.21142578
vt 0.35180664 0.21386719
vt 0.35473633 0.20471191
vt 0.34814453 0.21411133
vt 0.34643555 0.21179199
vt 0.23596191 0.07501221
vt 0.23620605 0.07495117
vt 0.23815918 0.08251953
vt 0.23754883 0.08312988
vt 0.23840332 0.08605957
vt 0.2319336 0.08905029
vt 0.23010254 0.082092285
vt 0.22753906 0.09161377
vt 0.22802734 0.07550049
vt 0.234375 0.06939697
vt 0.2253418 0.08496094
vt 0.22436523 0.09991455
vt 0.22570801 0.06933594
vt 0.23278809 0.06414795
vt 0.22253418 0.078308105
vt 0.2208252 0.0904541
vt 0.21972656 0.072021484
vt 0.22387695 0.063964844
vt 0.2310791 0.059814453
vt 0.21826172 0.08251953
vt 0.21520996 0.076293945
vt 0.21252441 0.07067871
vt 0.21740723 0.06652832
vt 0.21069336 0.06628418
vt 0.22229004 0.058746338
vt 0.22973633 0.055541992
vt 0.21569824 0.061187744
vt 0.20947266 0.062042236
vt 0.20935059 0.058258057
vt 0.21496582 0.05657959
vt 0.20947266 0.053649902
vt 0.2211914 0.054382324
vt 0.22839355 0.051635742
vt 0.2142334 0.051757812
vt 0.2088623 0.048736572
vt 0.2199707 0.04989624
vt 0.22644043 0.047546387
vt 0.2130127 0.04711914
vt 0.20715332 0.04373169
vt 0.21826172 0.045562744
vt 0.22399902 0.04345703
vt 0.21105957 0.042510986
vt 0.21606445 0.04095459
vt 0.22143555 0.0390625
vt 0.21875 0.03491211
vt 0.21350098 0.036743164
vt 0.21582031 0.03074646
vt 0.20874023 0.03842163
vt 0.20483398 0.03967285
vt 0.20324707 0.036224365
vt 0.21105957 0.03262329
vt 0.21276855 0.027664185
vt 0.20666504 0.034576416
vt 0.2019043 0.03302002
vt 0.20837402 0.029388428
vt 0.20959473 0.025314331
vt 0.20471191 0.03137207
vt 0.2010498 0.029525757
vt 0.203125 0.028015137
vt 0.2006836 0.025909424
vt 0.20593262 0.026504517
vt 0.20690918 0.023162842
vt 0.20239258 0.025100708
vt 0.20080566 0.022247314
vt 0.2043457 0.02406311
vt 0.20422363 0.020645142
vt 0.2019043 0.022125244
vt 0.20153809 0.017791748
vt 0.20300293 0.021499634
vt 0.9770508 0.6455078
vt 0.97509766 0.66552734
vt 0.9736328 0.6464844
vt 0.97216797 0.62841797
vt 0.9736328 0.6464844
vt 0.9765625 0.6274414
vt 0.9765625 0.6274414
vt 0.9770508 0.6455078
vt 0.97216797 0.62841797
vt 0.9707031 0.60791016
vt 0.97558594 0.6064453
vt 0.97558594 0.6064453
vt 0.9765625 0.6274414
vt 0.97558594 0.6064453
vt 0.9707031 0.60791016
vt 0.9692383 0.5888672
vt 0.9746094 0.58691406
vt 0.9746094 0.58691406
vt 0.9746094 0.58691406
vt 0.97216797 0.62841797
vt 0.9707031 0.60791016
vt 0.9692383 0.5888672
vt 0.96875 0.5756836
vt 0.9692383 0.5888672
vt 0.9746094 0.57373047
vt 0.9746094 0.57373047
vt 0.9746094 0.57373047
vt 0.96875 0.5756836
vt 0.96875 0.5756836
vt 0.9682617 0.5644531
vt 0.9692383 0.5888672
vt 0.96875 0.5756836
vt 0.9707031 0.60791016
vt 0.9746094 0.5620117
vt 0.9746094 0.5620117
vt 0.9746094 0.5620117
vt 0.9682617 0.5644531
vt 0.9682617 0.5644531
vt 0.9682617 0.5644531
vt 0.9682617 0.55322266
vt 0.9746094 0.55029297
vt 0.9746094 0.55029297
vt 0.9746094 0.55029297
vt 0.9682617 0.55322266
vt 0.9682617 0.55322266
vt 0.9682617 0.55322266
vt 0.96777344 0.5415039
vt 0.9741211 0.5385742
vt 0.9741211 0.5385742
vt 0.9741211 0.5385742
vt 0.96777344 0.5415039
vt 0.96777344 0.5415039
vt 0.96777344 0.5415039
vt 0.96777344 0.53027344
vt 0.9741211 0.52734375
vt 0.9741211 0.52734375
vt 0.9741211 0.52734375
vt 0.96777344 0.53027344
vt 0.96777344 0.53027344
vt 0.96777344 0.53027344
vt 0.96728516 0.5078125
vt 0.9741211 0.50390625
vt 0.9741211 0.50390625
vt 0.9741211 0.50390625
vt 0.96728516 0.5078125
vt 0.96728516 0.5078125
vt 0.96728516 0.5078125
vt 0.9663086 0.48486328
vt 0.9741211 0.4807129
vt 0.9741211 0.4807129
vt 0.9741211 0.4807129
vt 0.9663086 0.48486328
vt 0.9663086 0.48486328
vt 0.9663086 0.48486328
vt 0.9663086 0.47509766
vt 0.9741211 0.47070312
vt 0.9741211 0.47070312
vt 0.9741211 0.47070312
vt 0.9663086 0.47509766
vt 0.9663086 0.47509766
vt 0.9663086 0.47509766
vt 0.9663086 0.4650879
vt 0.9741211 0.46044922
vt 0.9741211 0.46044922
vt 0.9741211 0.46044922
vt 0.9663086 0.4650879
vt 0.9663086 0.4650879
vt 0.9663086 0.4650879
vt 0.9663086 0.45361328
vt 0.9741211 0.44970703
vt 0.9741211 0.44970703
vt 0.9741211 0.43896484
vt 0.9741211 0.44970703
vt 0.9741211 0.43896484
vt 0.9663086 0.45361328
vt 0.9663086 0.45361328
vt 0.9667969 0.4423828
vt 0.9741211 0.43896484
vt 0.9663086 0.45361328
vt 0.9667969 0.4423828
vt 0.9746094 0.42822266
vt 0.9667969 0.4423828
vt 0.9667969 0.43139648
vt 0.9667969 0.43139648
vt 0.9667969 0.43139648
vt 0.9746094 0.42822266
vt 0.9667969 0.42089844
vt 0.9667969 0.4423828
vt 0.9667969 0.42089844
vt 0.9746094 0.4177246
vt 0.9746094 0.4177246
vt 0.9667969 0.41015625
vt 0.9746094 0.42822266
vt 0.9667969 0.42089844
vt 0.9667969 0.43139648
vt 0.9667969 0.41015625
vt 0.9746094 0.40722656
vt 0.9746094 0.40722656
vt 0.9746094 0.4177246
vt 0.9746094 0.42822266
vt 0.96728516 0.39941406
vt 0.9746094 0.39648438
vt 0.9746094 0.40722656
vt 0.9746094 0.4177246
vt 0.9746094 0.39648438
vt 0.96728516 0.39941406
vt 0.96728516 0.37817383
vt 0.9667969 0.41015625
vt 0.9746094 0.39648438
vt 0.9746094 0.37670898
vt 0.9746094 0.40722656
vt 0.9746094 0.37670898
vt 0.9746094 0.37670898
vt 0.9746094 0.39648438
vt 0.9746094 0.36035156
vt 0.9667969 0.41015625
vt 0.96728516 0.39941406
vt 0.9667969 0.42089844
vt 0.9741211 0.43896484
vt 0.9741211 0.44970703
vt 0.9741211 0.46044922
vt 0.9741211 0.47070312
vt 0.9741211 0.4807129
vt 0.9741211 0.50390625
vt 0.9741211 0.52734375
vt 0.9741211 0.5385742
vt 0.9746094 0.55029297
vt 0.9746094 0.5620117
vt 0.9746094 0.57373047
vt 0.9746094 0.58691406
vt 0.97558594 0.6064453
vt 0.9765625 0.6274414
vt 0.97216797 0.62841797
vt 0.9770508 0.6455078
vt 0.9736328 0.6464844
vt 0.9736328 0.6464844
vt 0.97509766 0.66552734
vt 0.9736328 0.6464844
vt 0.9770508 0.6455078
vt 0.9770508 0.6455078
vt 0.97802734 0.23071289
vt 0.97509766 0.23254395
vt 0.9785156 0.21887207
vt 0.97802734 0.24182129
vt 0.9736328 0.24279785
vt 0.97509766 0.23254395
vt 0.97802734 0.24182129
vt 0.97802734 0.23071289
vt 0.97802734 0.25341797
vt 0.97802734 0.25341797
vt 0.97802734 0.24182129
vt 0.9736328 0.24279785
vt 0.97265625 0.2529297
vt 0.97265625 0.2529297
vt 0.9736328 0.24279785
vt 0.97265625 0.26586914
vt 0.9785156 0.2685547
vt 0.97802734 0.25341797
vt 0.9785156 0.2685547
vt 0.97802734 0.23071289
vt 0.9785156 0.21887207
vt 0.97802734 0.23071289
vt 0.97509766 0.23254395
vt 0.97802734 0.23071289
vt 0.97509766 0.23254395
vt 0.97802734 0.24182129
vt 0.97509766 0.23254395
vt 0.9736328 0.24279785
vt 0.97802734 0.25341797
vt 0.97265625 0.2529297
vt 0.97265625 0.2529297
vt 0.9785156 0.2685547
vt 0.97265625 0.26586914
vt 0.97265625 0.26586914
vt 0.97265625 0.26586914
vt 0.9785156 0.2685547
vt 0.97265625 0.2788086
vt 0.97265625 0.2788086
vt 0.9790039 0.28393555
vt 0.97265625 0.2788086
vt 0.9790039 0.28393555
vt 0.97265625 0.2788086
vt 0.97216797 0.29589844
vt 0.9790039 0.28393555
vt 0.9790039 0.28393555
vt 0.97216797 0.29589844
vt 0.97216797 0.29589844
vt 0.9790039 0.30126953
vt 0.97216797 0.29589844
vt 0.9707031 0.3125
vt 0.9790039 0.30126953
vt 0.9790039 0.30126953
vt 0.9707031 0.3125
vt 0.9707031 0.3125
vt 0.9707031 0.3125
vt 0.9790039 0.30126953
vt 0.97802734 0.31689453
vt 0.96875 0.32885742
vt 0.97802734 0.31689453
vt 0.97802734 0.31689453
vt 0.97802734 0.31689453
vt 0.9765625 0.33129883
vt 0.9765625 0.33129883
vt 0.96875 0.32885742
vt 0.96875 0.32885742
vt 0.9765625 0.33129883
vt 0.96875 0.32885742
vt 0.9765625 0.33129883
vt 0.97509766 0.34448242
vt 0.96728516 0.34350586
vt 0.97509766 0.34448242
vt 0.97509766 0.34448242
vt 0.96728516 0.34350586
vt 0.97509766 0.34448242
vt 0.96728516 0.34350586
vt 0.96728516 0.34350586
vt 0.9746094 0.36035156
vt 0.9746094 0.36035156
vt 0.9746094 0.36035156
vt 0.9667969 0.36035156
vt 0.9667969 0.36035156
vt 0.9667969 0.36035156
vt 0.9667969 0.36035156
vt 0.9746094 0.37670898
vt 0.96728516 0.37817383
vt 0.96728516 0.37817383
vt 0.96728516 0.37817383
vt 0.96728516 0.39941406
vt 0.9814453 0.6455078
vt 0.984375 0.66552734
vt 0.98535156 0.64501953
vt 0.98046875 0.6274414
vt 0.9814453 0.6455078
vt 0.98535156 0.6274414
vt 0.98535156 0.64501953
vt 0.98046875 0.6274414
vt 0.97998047 0.6171875
vt 0.98535156 0.6274414
vt 0.98535156 0.6166992
vt 0.97998047 0.6171875
vt 0.9794922 0.6064453
vt 0.98046875 0.6274414
vt 0.97998047 0.6171875
vt 0.98535156 0.6166992
vt 0.9848633 0.60595703
vt 0.9794922 0.6064453
vt 0.9794922 0.6064453
vt 0.9794922 0.5966797
vt 0.98535156 0.6274414
vt 0.98535156 0.6166992
vt 0.9848633 0.60595703
vt 0.984375 0.5957031
vt 0.9848633 0.60595703
vt 0.9794922 0.5966797
vt 0.9794922 0.5966797
vt 0.9790039 0.58691406
vt 0.984375 0.5957031
vt 0.984375 0.5957031
vt 0.984375 0.5859375
vt 0.98535156 0.6166992
vt 0.9848633 0.60595703
vt 0.98535156 0.6274414
vt 0.9790039 0.58691406
vt 0.9790039 0.58691406
vt 0.9785156 0.57373047
vt 0.984375 0.5859375
vt 0.984375 0.5859375
vt 0.984375 0.5722656
vt 0.984375 0.5957031
vt 0.9785156 0.57373047
vt 0.9785156 0.57373047
vt 0.9785156 0.5600586
vt 0.984375 0.5722656
vt 0.984375 0.5722656
vt 0.984375 0.5859375
vt 0.984375 0.55859375
vt 0.9794922 0.5966797
vt 0.9790039 0.58691406
vt 0.9794922 0.6064453
vt 0.97998047 0.6171875
vt 0.98046875 0.6274414
vt 0.9785156 0.57373047
vt 0.98535156 0.64501953
vt 0.9814453 0.6455078
vt 0.98535156 0.64501953
vt 0.984375 0.66552734
vt 0.98535156 0.64501953
vt 0.9814453 0.6455078
vt 0.9814453 0.6455078
vt 0.9785156 0.5600586
vt 0.9785156 0.5600586
vt 0.9785156 0.54589844
vt 0.9785156 0.5600586
vt 0.9785156 0.54589844
vt 0.9785156 0.54589844
vt 0.984375 0.5722656
vt 0.984375 0.55859375
vt 0.984375 0.55859375
vt 0.984375 0.5444336
vt 0.984375 0.55859375
vt 0.9785156 0.54589844
vt 0.984375 0.5444336
vt 0.9785156 0.53222656
vt 0.9785156 0.53222656
vt 0.984375 0.5444336
vt 0.984375 0.5444336
vt 0.984375 0.53027344
vt 0.9785156 0.53222656
vt 0.9785156 0.53222656
vt 0.984375 0.53027344
vt 0.97802734 0.5175781
vt 0.97802734 0.5175781
vt 0.984375 0.53027344
vt 0.984375 0.53027344
vt 0.984375 0.515625
vt 0.97802734 0.5175781
vt 0.97802734 0.5175781
vt 0.984375 0.515625
vt 0.97802734 0.5029297
vt 0.97802734 0.5029297
vt 0.984375 0.515625
vt 0.984375 0.515625
vt 0.984375 0.50097656
vt 0.97802734 0.5029297
vt 0.97802734 0.5029297
vt 0.984375 0.50097656
vt 0.97802734 0.4807129
vt 0.97802734 0.4807129
vt 0.984375 0.50097656
vt 0.984375 0.50097656
vt 0.9848633 0.4790039
vt 0.97802734 0.4807129
vt 0.97802734 0.4807129
vt 0.9848633 0.4790039
vt 0.9785156 0.46044922
vt 0.9785156 0.46044922
vt 0.9848633 0.4790039
vt 0.9848633 0.4790039
vt 0.98535156 0.4584961
vt 0.9785156 0.46044922
vt 0.9785156 0.46044922
vt 0.98535156 0.4584961
vt 0.9785156 0.4387207
vt 0.9785156 0.4387207
vt 0.98535156 0.4584961
vt 0.98535156 0.4584961
vt 0.9863281 0.43676758
vt 0.9785156 0.4387207
vt 0.9785156 0.4387207
vt 0.9863281 0.43676758
vt 0.9790039 0.4177246
vt 0.9790039 0.4177246
vt 0.9863281 0.43676758
vt 0.9863281 0.43676758
vt 0.9868164 0.4165039
vt 0.9790039 0.4177246
vt 0.9868164 0.4165039
vt 0.9790039 0.4177246
vt 0.9790039 0.39648438
vt 0.9868164 0.4165039
vt 0.9790039 0.39648438
vt 0.9873047 0.39624023
vt 0.9868164 0.4165039
vt 0.9790039 0.39648438
vt 0.9790039 0.37670898
vt 0.9873047 0.39624023
vt 0.9790039 0.39648438
vt 0.9790039 0.37670898
vt 0.9873047 0.39624023
vt 0.98779297 0.3774414
vt 0.9790039 0.37670898
vt 0.9873047 0.39624023
vt 0.9790039 0.36035156
vt 0.9790039 0.37670898
vt 0.98779297 0.3774414
vt 0.98779297 0.3774414
vt 0.9790039 0.36035156
vt 0.98779297 0.3774414
vt 0.9790039 0.36035156
vt 0.9790039 0.36035156
vt 0.98779297 0.36157227
vt 0.98779297 0.36157227
vt 0.98779297 0.36157227
vt 0.9794922 0.34448242
vt 0.9794922 0.34448242
vt 0.98779297 0.36157227
vt 0.9794922 0.34448242
vt 0.9794922 0.34448242
vt 0.98828125 0.3466797
vt 0.98828125 0.3466797
vt 0.98828125 0.3466797
vt 0.98046875 0.33129883
vt 0.98046875 0.33129883
vt 0.98828125 0.3466797
vt 0.98046875 0.33129883
vt 0.98046875 0.33129883
vt 0.98876953 0.33398438
vt 0.98876953 0.33398438
vt 0.98876953 0.33398438
vt 0.9819336 0.31689453
vt 0.9819336 0.31689453
vt 0.98876953 0.33398438
vt 0.9819336 0.31689453
vt 0.9819336 0.31689453
vt 0.9897461 0.32006836
vt 0.9897461 0.32006836
vt 0.9897461 0.32006836
vt 0.98291016 0.30126953
vt 0.98291016 0.30126953
vt 0.9897461 0.32006836
vt 0.9897461 0.3046875
vt 0.98291016 0.30126953
vt 0.9897461 0.3046875
vt 0.98291016 0.30126953
vt 0.9897461 0.3046875
vt 0.9897461 0.3046875
vt 0.9897461 0.28710938
vt 0.98291016 0.28393555
vt 0.98291016 0.28393555
vt 0.9897461 0.28710938
vt 0.9897461 0.28710938
vt 0.98291016 0.28393555
vt 0.98876953 0.27026367
vt 0.9897461 0.28710938
vt 0.9824219 0.26757812
vt 0.98291016 0.28393555
vt 0.98876953 0.27026367
vt 0.98876953 0.27026367
vt 0.9824219 0.26757812
vt 0.98876953 0.27026367
vt 0.9824219 0.26757812
vt 0.9824219 0.26757812
vt 0.98828125 0.25439453
vt 0.98828125 0.25439453
vt 0.9824219 0.25341797
vt 0.98828125 0.25439453
vt 0.98828125 0.25439453
vt 0.9824219 0.25341797
vt 0.9824219 0.25341797
vt 0.9868164 0.24194336
vt 0.9824219 0.25341797
vt 0.9868164 0.24194336
vt 0.9819336 0.24182129
vt 0.9868164 0.24194336
vt 0.9868164 0.24194336
vt 0.9819336 0.24182129
vt 0.9819336 0.24182129
vt 0.9824219 0.23071289
vt 0.98583984 0.23095703
vt 0.984375 0.21948242
vt 0.9824219 0.23071289
vt 0.98583984 0.23095703
vt 0.98583984 0.23095703
vt 0.984375 0.21948242
vt 0.98583984 0.23095703
vt 0.9824219 0.23071289
vt 0.9824219 0.23071289
vt 0.98583984 0.23095703
vt 0.9824219 0.23071289
vt 0.9819336 0.24182129
vt 0.69921875 0.082458496
vt 0.68408203 0.066345215
vt 0.67529297 0.078063965
vt 0.7026367 0.06970215
vt 0.7211914 0.08654785
vt 0.6933594 0.054992676
vt 0.7207031 0.07305908
vt 0.7216797 0.08660889
vt 0.7060547 0.05734253
vt 0.7006836 0.04776001
vt 0.7089844 0.049346924
vt 0.7080078 0.041931152
vt 0.71972656 0.059906006
vt 0.7211914 0.07312012
vt 0.71240234 0.042755127
vt 0.7167969 0.035064697
vt 0.7211914 0.07318115
vt 0.72216797 0.08666992
vt 0.72021484 0.060028076
vt 0.72021484 0.05999756
vt 0.7192383 0.051239014
vt 0.7192383 0.05114746
vt 0.7182617 0.043792725
vt 0.7182617 0.043823242
vt 0.7192383 0.051208496
vt 0.7182617 0.043823242
vt 0.68408203 0.066345215
vt 0.67578125 0.078125
vt 0.67529297 0.078063965
vt 0.6845703 0.06640625
vt 0.6933594 0.054992676
vt 0.6850586 0.066467285
vt 0.6767578 0.07824707
vt 0.69384766 0.05505371
vt 0.7006836 0.04776001
vt 0.69384766 0.055114746
vt 0.7011719 0.047821045
vt 0.7080078 0.041931152
vt 0.6855469 0.06652832
vt 0.6772461 0.078308105
vt 0.7006836 0.08276367
vt 0.7080078 0.041931152
vt 0.7167969 0.035064697
vt 0.69433594 0.05517578
vt 0.7036133 0.06994629
vt 0.7216797 0.08666992
vt 0.7011719 0.047851562
vt 0.70166016 0.04788208
vt 0.7211914 0.07312012
vt 0.72216797 0.08666992
vt 0.7211914 0.07318115
vt 0.70703125 0.057495117
vt 0.72021484 0.05996704
vt 0.72021484 0.060028076
vt 0.7084961 0.04196167
vt 0.7084961 0.041992188
vt 0.70996094 0.049438477
vt 0.7192383 0.051208496
vt 0.7192383 0.051239014
vt 0.7128906 0.042816162
vt 0.7182617 0.043792725
vt 0.7182617 0.043823242
vt 0.1463623 0.026641846
vt 0.1541748 0.02130127
vt 0.15197754 0.02130127
vt 0.15820312 0.015792847
vt 0.15698242 0.015792847
vt 0.16235352 0.009727478
vt 0.15673828 0.02130127
vt 0.15966797 0.015792847
vt 0.16101074 0.015792847
vt 0.16210938 0.015792847
vt 0.22631836 0.10888672
vt 0.22265625 0.10284424
vt 0.22033691 0.10430908
vt 0.21643066 0.105651855
vt 0.21606445 0.09790039
vt 0.21228027 0.09979248
vt 0.21826172 0.0960083
vt 0.21130371 0.09124756
vt 0.20727539 0.09295654
vt 0.21411133 0.08917236
vt 0.21691895 0.0814209
vt 0.20776367 0.08618164
vt 0.20214844 0.08605957
vt 0.21032715 0.08239746
vt 0.21325684 0.074035645
vt 0.20361328 0.080078125
vt 0.1977539 0.080200195
vt 0.20703125 0.076293945
vt 0.2109375 0.06793213
vt 0.19970703 0.07421875
vt 0.19445801 0.07543945
vt 0.20397949 0.0703125
vt 0.2088623 0.06317139
vt 0.19628906 0.0692749
vt 0.19189453 0.0715332
vt 0.18981934 0.068481445
vt 0.20117188 0.06488037
vt 0.20666504 0.058807373
vt 0.19335938 0.06561279
vt 0.18676758 0.06524658
vt 0.19873047 0.06085205
vt 0.2043457 0.055541992
vt 0.2006836 0.05279541
vt 0.19555664 0.057373047
vt 0.19616699 0.050598145
vt 0.19018555 0.06213379
vt 0.18322754 0.061798096
vt 0.19165039 0.054595947
vt 0.19030762 0.048828125
vt 0.18664551 0.05895996
vt 0.18664551 0.05206299
vt 0.18530273 0.047912598
vt 0.18237305 0.055786133
vt 0.17919922 0.058441162
vt 0.1821289 0.050354004
vt 0.18005371 0.04751587
vt 0.17858887 0.05319214
vt 0.17553711 0.05545044
vt 0.17736816 0.049468994
vt 0.1751709 0.04751587
vt 0.17480469 0.051239014
vt 0.17248535 0.05291748
vt 0.17370605 0.04852295
vt 0.17163086 0.04611206
vt 0.17236328 0.049468994
vt 0.17053223 0.05078125
vt 0.1694336 0.047546387
vt 0.1706543 0.046783447
vt 0.16931152 0.04296875
vt 0.119506836 0.7890625
vt 0.12841797 0.7910156
vt 0.117004395 0.81689453
vt 0.09637451 0.8149414
vt 0.093688965 0.8510742
vt 0.07562256 0.81396484
vt 0.09838867 0.7861328
vt 0.0770874 0.78564453
vt 0.067871094 0.7866211
vt 0.10083008 0.75390625
vt 0.2932129 0.056793213
vt 0.29248047 0.05429077
vt 0.2915039 0.05758667
vt 0.29248047 0.05432129
vt 0.2919922 0.0519104
vt 0.28979492 0.058380127
vt 0.28955078 0.05847168
vt 0.29052734 0.05505371
vt 0.28857422 0.055755615
vt 0.28857422 0.05581665
vt 0.28979492 0.052612305
vt 0.2878418 0.053253174
vt 0.28759766 0.05328369
vt 0.28735352 0.049926758
vt 0.28710938 0.049926758
vt 0.28710938 0.04598999
vt 0.29174805 0.051940918
vt 0.28735352 0.046020508
vt 0.28808594 0.04171753
vt 0.28955078 0.049346924
vt 0.29174805 0.048736572
vt 0.2919922 0.048736572
vt 0.28833008 0.041748047
vt 0.28930664 0.037109375
vt 0.28979492 0.045318604
vt 0.2919922 0.0446167
vt 0.29223633 0.044647217
vt 0.28930664 0.03717041
vt 0.29052734 0.032928467
vt 0.29052734 0.04107666
vt 0.29296875 0.040374756
vt 0.2932129 0.04043579
vt 0.29052734 0.032989502
vt 0.29125977 0.02973938
vt 0.29174805 0.03652954
vt 0.2939453 0.035888672
vt 0.29418945 0.03591919
vt 0.2915039 0.029785156
vt 0.29174805 0.02758789
vt 0.2927246 0.032409668
vt 0.29467773 0.03186035
vt 0.29492188 0.03189087
vt 0.2919922 0.027618408
vt 0.29223633 0.025054932
vt 0.2932129 0.02935791
vt 0.29467773 0.028930664
vt 0.29492188 0.028930664
vt 0.2932129 0.027267456
vt 0.29467773 0.026947021
vt 0.29467773 0.026916504
vt 0.29248047 0.02508545
vt 0.2939453 0.024734497
vt 0.29418945 0.024673462
vt 0.2932129 0.024902344
vt 0.2927246 0.021133423
vt 0.29248047 0.020980835
vt 0.70947266 0.7944336
vt 0.72021484 0.79785156
vt 0.70947266 0.7939453
vt 0.7026367 0.7919922
vt 0.7026367 0.7910156
vt 0.69189453 0.7890625
vt 0.70996094 0.79345703
vt 0.7104492 0.7919922
vt 0.7109375 0.7915039
vt 0.70410156 0.78759766
vt 0.703125 0.79003906
vt 0.7036133 0.7885742
vt 0.6933594 0.7817383
vt 0.6923828 0.78515625
vt 0.6923828 0.78759766
vt 0.6767578 0.7866211
vt 0.67626953 0.7885742
vt 0.6928711 0.7832031
vt 0.6772461 0.7783203
vt 0.6772461 0.77685547
vt 0.6767578 0.78271484
vt 0.6616211 0.77734375
vt 0.6616211 0.7758789
vt 0.66015625 0.7885742
vt 0.66015625 0.79052734
vt 0.66064453 0.78271484
vt 0.6401367 0.7788086
vt 0.63964844 0.77734375
vt 0.6386719 0.7949219
vt 0.6386719 0.7963867
vt 0.63916016 0.7866211
vt 0.6142578 0.7807617
vt 0.61328125 0.7792969
vt 0.6123047 0.8027344
vt 0.6123047 0.8041992
vt 0.61279297 0.7915039
vt 0.5883789 0.7832031
vt 0.5878906 0.7817383
vt 0.5859375 0.8100586
vt 0.5859375 0.81152344
vt 0.58740234 0.79589844
vt 0.56347656 0.7841797
vt 0.5629883 0.78271484
vt 0.53125 0.78515625
vt 0.56103516 0.81591797
vt 0.5605469 0.81689453
vt 0.5629883 0.7993164
vt 0.5317383 0.7866211
vt 0.5004883 0.7895508
vt 0.5317383 0.8027344
vt 0.5004883 0.8051758
vt 0.50146484 0.8198242
vt 0.5307617 0.8183594
vt 0.53027344 0.8203125
vn -0.5226208 -0.8520721 0.028992102
vn -0.6570839 -0.7201459 -0.22277911
vn -0.8966863 0.30541217 -0.32043245
vn 0.38742462 0.8881441 -0.24718882
vn 0.03817055 -0.9884765 -0.14648335
vn 0.49428865 0.39929366 0.772168
vn -0.9734099 -0.22681823 -0.032043274
vn 0.7787051 -0.40324008 0.48064095
vn -0.5964884 -0.57792705 0.5569577
vn 0.4250112 0.8090853 0.40588972
vn 0.7643158 0.6140657 0.19683671
vn 0.80279756 -0.34219983 0.48827788
vn 0.21400279 0.97114253 -0.105284795
vn 0.24524006 0.9628641 -0.11291629
vn 0.221703 0.9698999 -0.10070689
vn 0.9966934 0.063771546 -0.050354425
vn -0.7406201 0.42326853 -0.52184826
vn -0.08777351 0.6752803 -0.7323199
vn 0.4250112 0.8090853 0.40588972
vn -0.5226208 -0.8520721 0.028992102
vn -0.43993512 0.86463517 -0.24261759
vn 0.24524006 0.9628641 -0.11291629
vn 0.38742462 0.8881441 -0.24718882
vn 0.34165376 0.9159326 0.21057127
vn 0.69166315 -0.33581716 -0.6393974
vn 0.5817424 0.7557884 0.3005987
vn -0.23275796 0.31981575 -0.91844517
vn 0.38045445 -0.59123516 -0.71112263
vn -0.72405016 0.4562508 0.51728773
vn 0.9102963 0.11816208 -0.39673468
vn -0.426826 0.9002876 0.08545103
vn 0.8120845 -0.4442123 -0.37841013
vn -0.818722 -0.5559871 0.14343132
vn 0.85154825 -0.51976013 0.068665564
vn -0.3831011 -0.5895771 -0.7110784
vn 0.72361106 0.45526087 0.5187723
vn -0.908704 0.120073296 -0.39979926
vn 0.72361106 0.45526087 0.5187723
vn -0.3831011 -0.5895771 -0.7110784
vn 0.29245794 0.49525163 0.8180428
vn -0.9136907 0.06427591 -0.4012953
vn 0.72361106 0.45526087 0.5187723
vn 0.28613147 0.48375288 0.82711065
vn -0.93196195 -0.041963086 -0.36011958
vn 0.25768346 0.621225 0.7400531
vn -0.9402791 -0.21113366 -0.26701635
vn 0.24071932 0.8001724 0.54934365
vn -0.9189827 -0.37823632 -0.11139183
vn 0.43237886 0.51954126 0.7369704
vn 0.43187788 0.3807771 0.8176125
vn 0.5202797 0.3377288 0.7843777
vn 0.233189 0.93504494 0.2670467
vn 0.21211265 0.9703391 -0.11597527
vn -0.86443377 -0.49668702 0.07782193
vn 0.17205186 0.89688236 -0.40743107
vn -0.8034858 -0.5422695 0.24567115
vn -0.7554793 -0.5422438 0.36772636
vn 0.14038223 0.8003314 -0.5828916
vn -0.7654399 -0.5237723 0.37385055
vn 0.13092968 0.74991333 -0.64845
vn -0.84821105 -0.4812315 0.22125587
vn 0.11948649 0.7424755 -0.6591306
vn -0.90066224 -0.4074152 -0.15106405
vn 0.4469005 0.67063683 -0.5920525
vn 0.44595143 0.7078382 -0.5478069
vn 0.48467284 0.7841362 -0.3875857
vn 0.5187914 0.84379894 -0.13732713
vn 0.08849727 0.77015525 -0.6316875
vn -0.75125897 -0.28551275 -0.5950566
vn 0.79514015 0.41139776 -0.44553787
vn 0.48043385 0.6873694 -0.54470783
vn 0.0665656 0.9121776 -0.40435266
vn -0.6125604 -0.07075339 -0.78725076
vn 0.51345855 0.82702684 0.22888197
vn 0.8258702 0.462907 -0.32195586
vn 0.81045103 0.37671 -0.4486187
vn 0.5098476 0.75351775 -0.4150499
vn 0.47316816 0.7018375 0.5324811
vn 0.75440776 0.45665035 0.47152874
vn 0.8534174 0.5011013 -0.1434443
vn 0.9785123 0.16270389 -0.12665345
vn 0.8450854 0.51284915 0.15105113
vn 0.87564754 0.36134046 -0.32042864
vn 0.61238617 0.3518694 0.70793444
vn 0.9789974 0.18843743 0.07781627
vn 0.9629908 0.12645334 -0.23802981
vn 0.9483798 0.07458095 -0.3082425
vn 0.9632113 0.03032685 -0.26702887
vn 0.91145986 0.18747962 0.36618602
vn 0.52897805 0.2753624 0.802719
vn 0.7715361 0.1571683 0.6164659
vn -0.58481103 -0.6578647 0.47456288
vn -0.5191912 -0.7959533 0.31128582
vn -0.6309738 -0.5991199 0.49287674
vn -0.40548557 -0.9109122 0.07629081
vn -0.18633443 -0.94464105 -0.27006093
vn 0.034901895 -0.84184134 -0.5385953
vn 0.13827015 -0.7512361 -0.64538795
vn -0.6494209 -0.6411243 0.40891582
vn 0.07877181 -0.6679391 -0.7400353
vn 0.9929773 -0.01382844 -0.117494054
vn -0.67252606 -0.72993684 0.12206939
vn 0.66644424 0.13094276 0.73396605
vn -0.099923745 -0.60059124 -0.7932877
vn 0.9347271 0.3456831 -0.082391776
vn 0.99219865 -0.075530685 0.09918172
vn -0.56037223 -0.6456296 -0.51879245
vn 0.5843393 0.25479025 0.7704735
vn 0.6912247 0.1288417 0.71106124
vn -0.21714957 -0.6953173 -0.6851131
vn 0.527372 0.84961253 0.0061034015
vn 0.9249199 -0.13457023 0.3555477
vn -0.25888163 -0.51843095 -0.81499064
vn 0.8872731 0.30459484 0.3463646
vn 0.7062602 0.36133137 0.6087989
vn 0.7544056 0.27362704 0.5966576
vn 0.81768167 0.1456263 0.5569467
vn -0.17213628 -0.8511447 -0.49590504
vn 0.8625838 -0.19828744 0.4654366
vn 0.5532053 0.382284 0.7401506
vn -0.26523045 -0.19515699 -0.94422805
vn 0.6419444 0.27939647 0.7140343
vn 0.38604468 0.6970358 0.6042439
vn 0.02975555 0.9300516 0.36622214
vn -0.26523045 -0.19515699 -0.94422805
vn 0.9071315 0.14042799 0.39672697
vn 0.93829346 0.10947869 0.3280546
vn -0.0104904715 -0.9527254 -0.30365142
vn 0.0679019 -0.9871049 -0.14495912
vn 0.87499905 0.26388255 0.4058851
vn 0.918279 0.22391933 0.32653314
vn 0.9582265 0.08964301 0.2715992
vn 0.060845062 -0.9947404 -0.08239833
vn 0.8551224 0.33911175 0.39213374
vn 0.94041234 0.19836304 0.27618238
vn 0.96976185 0.092551276 0.22582321
vn 0.049494796 -0.9958562 -0.07629255
vn 0.9117327 0.2698004 0.3097602
vn 0.83093536 0.4413599 0.3387447
vn 0.91017956 0.30870193 0.27618188
vn 0.86844987 0.41171736 0.2761949
vn 0.9498777 0.20084763 0.2395675
vn 0.9706487 0.11048306 0.21362281
vn 0.07610292 -0.9940586 -0.077819526
vn 0.912352 0.31165114 0.26549473
vn 0.9471713 0.22468138 0.22887747
vn 0.96009815 0.11520796 0.25483087
vn 0.15411043 -0.98421824 -0.08697321
vn 0.9029553 0.3402772 0.26245597
vn 0.93538964 0.2386636 0.2609325
vn 0.93166757 0.08802632 0.3524868
vn 0.25539303 -0.9627784 -0.088500656
vn 0.8910156 0.36029723 0.27618334
vn 0.90854424 0.21943532 0.35552147
vn 0.8885072 0.049160186 0.4562218
vn 0.30746302 -0.947852 -0.083922915
vn 0.8667993 0.348093 0.35705763
vn 0.8654051 0.18564151 0.46541512
vn 0.81030345 -0.0057701697 0.58598214
vn 0.24023338 -0.95239806 -0.18768531
vn 0.82283276 0.31495193 0.47302392
vn 0.7834406 0.13862449 0.6058086
vn 0.6813545 -0.07790996 0.72779536
vn 0.2654068 -0.9485933 -0.17242381
vn 0.7512776 0.2583575 0.60731655
vn 0.64701736 0.08019182 0.75824654
vn 0.46189108 -0.13773733 0.87617636
vn 0.26591048 -0.9539447 -0.13885616
vn 0.5733147 0.2566924 0.7780869
vn 0.6263078 0.43495846 0.64695424
vn 0.73224646 0.47474897 0.4882914
vn 0.41585317 0.02754878 0.90901446
vn 0.38634777 0.17195907 0.9061819
vn 0.4390749 0.433068 0.78718835
vn 0.7874787 0.4957386 0.36622477
vn 0.51478183 0.54262847 0.66374236
vn 0.81517935 0.49875852 0.29448688
vn 0.6038687 0.6115935 0.51117116
vn 0.8202864 0.4903026 0.2945058
vn 0.6531611 0.6541148 0.38146368
vn 0.6647169 0.680548 0.30823028
vn 0.82300687 0.48197877 0.300593
vn 0.64507127 0.6964748 0.31433395
vn 0.8249944 0.4851169 0.28990674
vn 0.6110116 0.7218272 0.32500824
vn 0.8173702 0.504765 0.27770177
vn 0.5844925 0.7480437 0.3143233
vn 0.78660077 0.52405083 0.32654232
vn 0.72361106 0.45526087 0.5187723
vn 0.5580055 0.77697337 0.29144847
vn 0.5221377 0.79870373 0.29907283
vn 0.48232383 0.8205465 0.30670357
vn 0.44816944 0.8396918 0.30669495
vn 0.4073117 0.86955476 0.27923408
vn 0.60696214 0.7429075 0.28228578
vn 0.5497914 0.77934 0.3005971
vn 0.3341851 0.89631045 0.29145825
vn 0.5152496 0.7911365 0.32957667
vn 0.5326341 0.7882222 0.30823156
vn 0.5375463 0.79070276 0.29297298
vn 0.72197646 0.53189737 0.44253248
vn 0.5052483 0.76950717 0.3906186
vn 0.5425031 0.7895549 0.28686813
vn 0.7267419 0.38454375 0.56918573
vn 0.85154825 -0.51976013 0.068665564
vn 0.6541413 0.431739 0.62104803
vn 0.29724428 -0.82412106 -0.4821518
vn 0.62571955 0.5268213 0.57526904
vn 0.46110702 0.7768723 0.42877704
vn 0.66616863 0.4994834 0.55383724
vn 0.27285364 -0.85737646 -0.4364132
vn 0.56724125 0.54263663 0.6195022
vn 0.73376215 0.5966228 0.3250145
vn 0.21570985 -0.9229177 -0.31889203
vn 0.7858644 0.61839134 -0.0030519005
vn 0.115202 -0.97826344 -0.17242154
vn -0.040051572 -0.9990007 0.019835064
vn 0.5741577 0.609828 0.5463082
vn 0.15658921 0.9084463 0.38756308
vn -0.94909793 0.29792824 -0.10223402
vn -0.073533915 0.8820254 0.46542868
vn 0.3966295 0.7308894 0.5554149
vn 0.032904476 0.838921 0.54325765
vn -0.833787 -0.22296628 -0.50505966
vn -0.80283386 -0.29374295 -0.51881874
vn -0.79378855 -0.3986587 -0.45931587
vn 0.3570469 0.7161918 0.5996556
vn 0.025366088 0.8979213 0.4394245
vn 0.34896216 0.7864286 0.50966215
vn -0.01840513 0.96641225 0.25633672
vn -0.78131884 -0.54529244 -0.3036396
vn 0.34123304 0.8869388 0.31128693
vn -0.05779551 0.994922 0.08240152
vn -0.7379803 -0.66530764 -0.11291919
vn 0.62750256 0.7039854 0.33263358
vn 0.3318056 0.9400045 0.07935103
vn -0.0803973 0.991662 -0.10071121
vn -0.67393726 -0.73544705 0.0701879
vn -0.61642987 -0.7608102 0.2029336
vn 0.6730825 0.73850256 0.039671622
vn 0.32216808 0.9359851 -0.14191419
vn 0.69183064 0.68973255 -0.21363397
vn -0.09737495 0.96001595 -0.26246414
vn -0.5704642 -0.76252615 0.30516306
vn 0.7957486 0.5420704 -0.2700815
vn -0.19978665 -0.95859444 0.20293364
vn 0.705702 0.6231159 -0.33721116
vn 0.31307063 0.90039986 -0.3021041
vn 0.8130273 0.45262495 -0.36621997
vn -0.359509 -0.8658731 0.347875
vn -0.092602044 0.91781884 -0.38604853
vn -0.58900183 -0.7986239 0.12359884
vn 0.72386515 0.5697457 -0.38911325
vn 0.85204846 0.37252083 -0.36775225
vn -0.545982 -0.80805343 0.22125386
vn 0.30886358 0.8572657 -0.41194525
vn -0.01773719 0.96353 -0.2670115
vn -0.5881331 -0.7526425 -0.29602155
vn 0.92600274 0.33425742 -0.17547323
vn -0.65354204 -0.7274506 -0.20904191
vn 0.7873897 0.5729939 -0.22736642
vn 0.36717457 0.8896116 -0.27161384
vn 0.14028987 0.9836504 0.11291857
vn -0.4934782 -0.6270054 -0.60277975
vn 0.9304137 0.32177284 0.17547779
vn -0.5288462 -0.59284186 -0.6073386
vn 0.45193705 0.8811771 0.13885215
vn 0.22705239 0.8563338 0.46383157
vn -0.3138929 -0.46888405 -0.82560223
vn 0.8026168 0.57583183 0.15564051
vn 0.78982735 0.30956042 0.5294761
vn 0.42887214 0.7448279 0.5111751
vn 0.16601972 0.6654139 0.7277786
vn 0.49785155 0.27453855 0.82266176
vn -0.22674814 -0.46760845 -0.854358
vn 0.6616047 0.523218 0.5371425
vn -0.002289191 0.42865098 0.9034673
vn -0.11252259 -0.22065872 -0.96883863
vn 0.27630636 0.55356616 0.78563297
vn 0.15309231 0.21085937 0.9654538
vn 0.18719268 -0.35892904 -0.9144008
vn 0.37867692 0.42121848 0.8241231
vn -0.249294 0.035109144 0.9677912
vn 0.09134985 0.2767195 -0.9565989
vn 0.14169668 0.7571142 -0.6377304
vn -0.24193254 0.044837654 0.9692565
vn 0.6889714 -0.15488504 -0.7080459
vn 0.047279827 0.29854926 0.9532224
vn 0.061918285 0.33029443 0.9418448
vn -0.52121633 -0.25846225 0.81334543
vn 0.7226294 0.65740407 -0.21360387
vn -0.6385015 -0.49160993 0.5921448
vn -0.41453502 -0.2817617 0.86531556
vn 0.9711186 0.12036454 -0.2060122
vn 0.7226294 0.65740407 -0.21360387
vn -0.38480908 0.070017315 0.92033666
vn -0.21265419 -0.05800527 0.9754043
vn -0.7569961 -0.25957966 0.59964615
vn -0.43629417 -0.4958149 0.7508762
vn 0.818722 -0.5559871 0.14343132
vn -0.8120845 -0.4442123 -0.37841013
vn 0.42678693 0.90030587 0.085452765
vn -0.9916192 -0.10642884 0.073241346
vn -0.41468182 0.87399817 0.25331065
vn 0.3201286 -0.48081273 -0.8162945
vn -0.315965 -0.49106666 -0.81180024
vn 0.3341851 0.89631045 0.29145825
vn 0.9687542 -0.2349882 0.07934667
vn 0.88952553 0.13026983 0.43792027
vn 0.6305569 -0.73469615 -0.2502392
vn 0.584038 -0.7244208 -0.3662159
vn 0.24845636 0.70397556 0.665348
vn -0.16901588 -0.6510806 0.7399511
vn 0.925673 0.17738134 0.33416352
vn 0.20298344 0.7157221 0.6682362
vn -0.6781816 0.5519107 0.48524657
vn 0.22112997 0.82291347 0.5233688
vn -0.6926404 0.61024445 0.38451412
vn 0.2639483 0.81118023 0.5218409
vn 0.22227469 0.8687858 0.442499
vn 0.9373076 0.20646802 0.28075835
vn 0.6305426 -0.7347072 -0.25024295
vn 0.26328287 0.8572489 0.44250023
vn -0.70113504 0.6354275 0.3234834
vn 0.20733485 0.9143142 0.34791055
vn -0.92689425 -0.31862065 -0.19836307
vn -0.88886195 -0.32748803 -0.32043093
vn 0.94220334 0.25683016 0.21515366
vn 0.6584095 -0.72478443 -0.20293964
vn 0.24656491 0.9045322 0.34788966
vn -0.7098666 0.6645194 0.23345919
vn -0.9385473 -0.31252325 -0.14648633
vn 0.1932801 0.9368613 0.29143408
vn -0.2646499 -0.8205577 -0.5066019
vn -0.26365796 -0.86333144 -0.43028298
vn -0.2494298 -0.71782 -0.65001476
vn -0.16908534 -0.65107274 0.73994213
vn -0.20865156 -0.7293148 -0.65158606
vn 0.58405375 -0.72441065 -0.36621076
vn -0.22465476 -0.8314824 -0.5081017
vn -0.2242966 -0.8736314 -0.43180907
vn -0.24623792 -0.90694135 -0.34179574
vn -0.9419793 -0.3150024 -0.11596819
vn 0.69048387 -0.7021191 -0.17395616
vn -0.7133604 0.6764525 0.18310855
vn -0.2077476 -0.9153864 -0.34483147
vn 0.7066768 -0.68951046 -0.15869233
vn -0.94066405 -0.31662235 -0.12207127
vn -0.23102018 -0.92875355 -0.2899077
vn -0.19350392 -0.93681073 -0.291448
vn 0.94184726 0.2962108 0.15869117
vn 0.2313113 0.9282015 0.2914398
vn 0.19377951 0.9440076 0.267019
vn 0.9410385 0.30420682 0.14800282
vn -0.23047775 -0.93440396 -0.2716047
vn -0.71299964 0.6850328 0.149538
vn 0.70961684 -0.69226027 -0.13122334
vn 0.23092362 0.9356149 0.26701882
vn -0.19388023 -0.94441503 -0.26550052
vn -0.93907565 -0.31441593 -0.13885035
vn 0.20064476 0.94257265 0.26701775
vn 0.93968624 0.29715964 0.16936953
vn -0.2371927 -0.9336081 -0.26854345
vn -0.70505196 0.70059335 0.10986708
vn 0.2371702 0.9336133 0.26854494
vn 0.70691556 -0.6987145 -0.10985657
vn -0.20037016 -0.9426268 -0.2670331
vn -0.9381697 -0.2965904 -0.17852645
vn 0.20096517 0.92984235 0.30823085
vn 0.9369631 0.28113663 0.20751467
vn -0.23788436 -0.9200674 -0.31126657
vn -0.69465464 0.7118208 0.10375951
vn 0.23782358 0.9205828 0.3097858
vn 0.70400864 -0.6996217 -0.12207139
vn -0.20051259 -0.92993975 -0.30823147
vn -0.93642026 -0.2698508 -0.22427173
vn 0.19906726 0.91081196 0.36165434
vn 0.9381486 0.26112136 0.2273606
vn -0.23705731 -0.90045065 -0.3646815
vn -0.6887031 0.71221143 0.13580464
vn 0.23664348 0.9011811 0.36314264
vn 0.69638824 -0.7005845 -0.15564306
vn -0.19886115 -0.9108508 -0.36166975
vn -0.9359036 -0.24319714 -0.25483245
vn 0.20689566 0.8830854 0.42113447
vn 0.9420506 0.2332715 0.24109168
vn -0.24602874 -0.87224686 -0.42267635
vn -0.6837402 0.70476884 0.18920991
vn 0.24533816 0.8724406 0.42267781
vn 0.6872125 -0.6992773 -0.19685054
vn -0.2069413 -0.8830767 -0.42113036
vn -0.9382729 -0.2161027 -0.2700807
vn 0.21911992 0.8508271 0.477577
vn 0.9427685 0.19970232 0.26703268
vn -0.2584875 -0.83967304 -0.47763312
vn -0.6742135 0.6980788 0.24108516
vn 0.2579788 0.83983785 0.4776184
vn 0.67717427 -0.69729596 -0.23497501
vn -0.21900643 -0.8508493 -0.4775895
vn -0.9431637 -0.19149853 -0.27160752
vn 0.21812105 0.8266142 0.5187795
vn 0.9389799 0.18024293 0.29296634
vn -0.2569796 -0.8144006 -0.5203009
vn -0.6723205 0.69101197 0.2654951
vn 0.2565565 0.8144954 0.5203615
vn 0.6780994 -0.68711025 -0.2608845
vn -0.21787126 -0.8266614 -0.5188092
vn -0.942473 -0.17414172 -0.28534067
vn 0.21149579 0.7988676 0.5630986
vn 0.9353682 0.1787285 0.3051928
vn -0.2500703 -0.7855402 -0.56603134
vn -0.68233764 0.66774684 0.29753926
vn 0.2494517 0.7857348 0.5660342
vn 0.68682027 -0.66583997 -0.29143608
vn -0.2114636 -0.79893667 -0.56301284
vn -0.9388987 -0.16765708 -0.30060014
vn 0.21111621 0.7765567 0.5936243
vn 0.9368628 0.18616137 0.29602712
vn -0.24982062 -0.76619923 -0.59205437
vn -0.6943202 0.62484527 0.35705444
vn 0.24920283 0.7663965 0.5920594
vn 0.6948254 -0.6384135 -0.33112812
vn -0.2113127 -0.77659327 -0.59350646
vn -0.944044 -0.18711127 -0.27160698
vn 0.94421625 0.1947762 0.26555187
vn 0.21643682 0.76198727 0.6103527
vn -0.25401598 -0.7539893 -0.6057854
vn 0.69284976 -0.61474323 -0.376895
vn 0.2530348 0.75314444 0.6072454
vn -0.94883657 -0.22527535 -0.22126962
vn -0.26105866 -0.7884686 -0.5569251
vn -0.21743508 -0.7629301 -0.60881823
vn 0.95314413 0.2126681 0.21514764
vn -0.70109206 0.57430136 0.4226675
vn 0.6800983 -0.6214174 -0.3889817
vn 0.2264501 0.79479265 0.5630496
vn -0.94499755 -0.28514913 -0.16021757
vn -0.22754736 -0.7955575 -0.5615251
vn -0.70834064 0.55606985 0.43478712
vn 0.6679872 -0.64257234 -0.3753584
vn 0.26116076 0.78734463 0.5584653
vn 0.9589897 0.2599777 0.11291768
vn -0.22193468 -0.8688547 -0.44253412
vn -0.929781 -0.36525577 -0.04577618
vn 0.25300542 0.86267877 0.43791962
vn 0.22032519 0.86852264 0.4439879
vn 0.66533357 -0.6605662 -0.34782702
vn -0.25251955 -0.8636017 -0.43637824
vn -0.7171981 0.56647253 0.4058766
vn 0.22848687 0.9408395 0.25022936
vn -0.19952258 -0.9453479 -0.25789154
vn -0.90157324 -0.415047 0.12207264
vn 0.19744557 0.94579333 0.25785694
vn 0.9435201 0.32672966 -0.054931782
vn -0.22831106 -0.9412824 -0.2487198
vn -0.7147537 0.5929412 0.37087446
vn 0.18657918 0.98205596 0.02746476
vn 0.6666604 -0.66928303 -0.32806122
vn -0.15903406 -0.9865357 -0.0381491
vn 0.6535203 -0.68284637 -0.32654557
vn 0.88951266 0.37401968 -0.2624432
vn -0.8475337 -0.404741 0.34332412
vn 0.15741712 0.98679525 0.038144384
vn -0.18637967 -0.9821353 -0.025941037
vn 0.14934699 0.97962475 -0.13427879
vn -0.6891508 0.63974863 0.34028372
vn -0.12244952 -0.9851273 0.120542206
vn -0.7990582 -0.3612403 0.48063648
vn 0.12141668 0.9852561 -0.120534614
vn 0.81459934 0.36581632 -0.45011815
vn -0.14943737 -0.97940123 0.13580014
vn -0.6612424 0.67611897 0.32499483
vn 0.14036903 0.9516868 -0.27310932
vn -0.7779471 -0.31346214 0.54455465
vn -0.11244671 -0.96042264 0.25484106
vn 0.7458956 0.29297933 -0.5981661
vn -0.6531244 0.7062789 0.2731276
vn -0.14021279 -0.95214045 0.27160418
vn 0.6135695 -0.7263457 -0.3097651
vn -0.12943749 -0.93574566 0.32806408
vn -0.8039082 -0.2796265 0.52491957
vn 0.11242317 0.96042526 -0.25484174
vn 0.58597946 -0.76235974 -0.2746555
vn -0.16030012 -0.92486984 0.34484735
vn -0.6592129 0.7257368 0.19683585
vn 0.7271816 0.2206745 -0.6500075
vn -0.17220381 -0.9414349 0.289907
vn -0.8873767 -0.27808976 0.36773464
vn 0.16059001 0.92310643 -0.34940723
vn 0.1302311 0.93456453 -0.33110288
vn 0.5962015 -0.7648163 -0.24413086
vn -0.21066369 -0.9287012 0.3051801
vn -0.6715487 0.73583835 0.086973116
vn 0.21069081 0.92563766 -0.3143315
vn -0.2161058 -0.9692755 0.11748793
vn -0.96216506 -0.26111767 0.077820316
vn 0.17428389 0.9391498 -0.29601148
vn 0.78479034 0.21476741 -0.58135974
vn -0.26812348 -0.95502335 0.1266498
vn -0.6437177 0.7650439 -0.0183107
vn 0.26762018 0.9534671 -0.13885257
vn 0.6518546 -0.72582436 -0.2196925
vn 0.8868028 0.29525915 -0.35553175
vn 0.3175968 0.91419053 0.25176957
vn 0.22133711 0.96694005 -0.12663673
vn 0.7080387 -0.65248847 -0.27007413
vn 0.2516113 0.93367743 0.25483003
vn -0.56232584 0.82280064 0.0823945
vn -0.2420083 -0.93236387 -0.2685696
vn 0.9485411 0.31185305 0.054931913
vn -0.94444185 -0.07953671 -0.3189098
vn 0.79193217 -0.5323497 -0.29907715
vn 0.941587 -0.09365087 0.3234865
vn -0.3199387 -0.9072077 -0.27315423
vn -0.31594053 -0.5491726 -0.77368665
vn -0.8283152 0.34752202 -0.439457
vn -0.6104273 0.75874114 0.22735532
vn 0.17496201 0.6370383 0.7507134
vn -0.1638135 -0.63093585 -0.75834364
vn -0.15440011 -0.2760566 -0.94865865
vn 0.042522095 0.065268144 -0.9969613
vn 0.28554097 0.6054294 0.7429143
vn 0.18120171 0.32970482 0.92653155
vn 0.31709996 0.56340474 0.7629042
vn 0.024771059 -0.9801236 0.19683532
vn -0.01792204 -0.6982861 0.7155943
vn -0.035552073 -0.6630703 0.74771243
vn -0.12740092 -0.8123142 0.56913483
vn 0.08257545 -0.7059781 0.70340335
vn 0.02461191 -0.5767407 0.81655645
vn -0.09243357 -0.91127056 0.40130046
vn 0.083157055 -0.6886716 0.7202891
vn -0.27668044 -0.6362473 0.7201648
vn -0.06531393 -0.9686822 0.2395599
vn 0.13901952 -0.7150529 0.68510795
vn -0.35912865 -0.38851726 0.8485759
vn -0.0009689259 -0.40595472 0.9138927
vn -0.056577675 -0.9882615 0.14190911
vn 0.26603055 -0.8104896 0.52185667
vn -0.347607 -0.29126272 0.891255
vn -0.015226341 -0.31535792 0.94885063
vn -0.3023829 -0.22964358 0.92511
vn -0.015556014 -0.2621635 0.9648981
vn -1.5133688E-05 -0.21532339 0.9765428
vn -0.079718255 -0.29846635 0.95108503
vn -0.11630267 -0.4163867 0.9017182
vn -0.20856662 -0.13637345 0.9684535
vn 3.2578882E-07 -0.11964603 0.9928167
vn 0.19652216 -0.05109362 0.9791672
vn -0.053007104 -0.21109906 0.97602636
vn -0.12938409 -0.7154152 0.68661547
vn 0.2687675 -0.2908371 0.9182472
vn -0.03806111 -0.12483066 0.9914478
vn 0.11560419 -0.7403532 0.662203
vn 0.239948 -0.41203436 0.8790066
vn 0.35015923 -0.69435763 0.6286939
vn 0.2757195 -0.19649868 0.9409395
vn 0.2845782 -0.08489679 0.95488626
vn 0.48976952 -0.39935312 0.77501154
vn 0.5556435 -0.62812084 0.5447242
vn 0.48343608 -0.08251227 0.8714822
vn 0.46601823 -0.04226122 0.88376516
vn 0.5121518 -0.2848427 0.81028706
vn 0.5036082 -0.12821288 0.8543653
vn 0.6797907 -0.09087396 0.7277545
vn 0.667156 -0.020218294 0.74464357
vn -0.067711495 -0.9976477 0.010681248
vn 0.42037356 -0.79883367 0.43029165
vn -0.057459682 -0.9934088 -0.09918352
vn 0.5415924 -0.77333564 0.3295903
vn 0.61790115 -0.7468889 0.2456727
vn 0.51385343 -0.25933436 0.8177411
vn 0.6909205 -0.15319084 0.7065137
vn 0.8171942 -0.18821648 0.5447644
vn 0.69857746 -0.26350427 0.6652482
vn 0.6966893 -0.2865958 0.65763736
vn 0.72221535 -0.5644304 0.39977905
vn 0.0036717136 -0.98897856 -0.14801298
vn 0.6860595 -0.71357244 0.14190388
vn 0.8325594 -0.4710684 0.2914435
vn 0.10628744 -0.9730856 -0.20446864
vn 0.67225134 -0.3885745 0.6301492
vn 0.818779 -0.35634124 0.45013535
vn 0.83990204 -0.28916636 0.45929018
vn 0.8404228 -0.28021097 0.4638657
vn 0.89630127 -0.30812886 0.31890526
vn 0.909953 -0.28245592 0.30365145
vn 0.29768923 -0.9105436 -0.286865
vn 0.76795954 -0.6402365 0.018310864
vn 0.8524318 -0.2633779 0.45165482
vn 0.9114957 -0.2807518 0.3005895
vn 0.91352165 -0.2790174 0.29601952
vn 0.58150387 -0.76577795 -0.27465862
vn 0.8345236 -0.54822683 -0.054932363
vn 0.7955515 -0.54754955 -0.2593982
vn 0.86841345 -0.47464237 -0.14343223
vn 0.96151733 -0.27321035 -0.028992388
vn 0.8655563 -0.31902847 -0.38604802
vn 0.9370806 -0.26879317 -0.22277837
vn 0.9042743 -0.093603164 -0.41656506
vn 0.97282606 -0.21063912 -0.09612869
vn 0.9327714 -0.13518079 -0.33416122
vn 0.77885973 -0.592406 0.20599206
vn 0.94417024 -0.32431564 0.057982475
vn 0.8905631 -0.1173406 -0.43946397
vn 0.9221906 -0.06363306 -0.38146457
vn 0.89994484 -0.38748223 0.19989237
vn 0.9373969 -0.26769143 0.22277421
vn 0.9658939 -0.2422126 0.09155392
vn 0.9394285 -0.27161986 0.2090374
vn 0.97394437 -0.22627303 -0.015258112
vn 0.9748282 -0.1948679 -0.108335435
vn 0.9615848 -0.26136503 0.083922915
vn 0.9410544 -0.26946658 0.20446096
vn 0.9683489 -0.24753504 -0.032043062
vn 0.9627968 -0.2568649 0.083920486
vn 0.9463169 -0.25984854 0.19225787
vn 0.9324844 -0.13336875 -0.33568674
vn 0.96504784 -0.21833147 -0.14496224
vn 0.97277695 -0.22907051 -0.03509627
vn 0.9779309 -0.20418862 0.044251993
vn 0.75920385 -0.64501566 0.086973235
vn 0.69905514 -0.69581854 0.16479772
vn 0.8908373 -0.088789575 -0.4455617
vn 0.9275299 -0.15793505 -0.3387401
vn 0.9570458 -0.2284488 -0.1785341
vn 0.9690475 -0.21099266 -0.12817635
vn 0.72250473 -0.68974596 -0.047302313
vn 0.7233506 -0.6857287 0.08087031
vn 0.8745237 -0.21774876 0.43335176
vn 0.91533226 -0.20540854 -0.34637287
vn 0.8752303 -0.0022347907 -0.48370123
vn 0.9698387 0.114560075 -0.21514882
vn 0.8770854 0.09174254 -0.47149175
vn 0.8659397 -0.101170346 -0.48980907
vn 0.81258947 -0.08396726 0.5767564
vn 0.8983471 -0.26011056 -0.35399833
vn 0.82541186 -0.1690044 -0.53863966
vn 0.75003606 -0.122256346 -0.64999944
vn 0.6711982 -0.716319 -0.19073549
vn 0.78821826 -0.27741417 -0.5493209
vn -0.08797074 0.5221028 -0.84833354
vn 0.10161159 0.833432 -0.5432001
vn -0.66770947 0.7098257 -0.22430232
vn -0.70700586 0.61743206 -0.34484833
vn -0.47167546 0.08811729 -0.8773583
vn -0.886343 0.38559353 -0.2563471
vn 0.662694 -0.30914912 -0.68210226
vn -0.8439926 -0.22527926 -0.48675007
vn -0.91037256 0.40282986 0.09460398
vn -0.96436954 -0.2044946 -0.16784914
vn -0.765436 0.60647887 0.21515372
vn -0.2949719 -0.87132585 -0.3921515
vn 0.3528678 -0.72825474 -0.5874772
vn 0.05497982 -0.8040263 -0.5920464
vn -0.98533523 -0.16303045 -0.05035395
vn -0.707612 0.6820541 0.1846276
vn -0.374125 -0.8916821 -0.2548208
vn -0.981499 -0.18591452 0.045775313
vn -0.71659636 0.69017935 0.10070878
vn -0.7596353 0.6481529 0.05340478
vn -0.3697468 -0.9267036 -0.06714
vn -0.9544343 -0.24356765 0.17242378
vn -0.9025993 -0.32367498 0.28381166
vn -0.8196248 0.5680011 0.07476709
vn -0.8727621 0.43890858 0.21364811
vn -0.310759 -0.94338757 0.115968384
vn -0.80089587 -0.4179955 0.4287721
vn -0.832133 0.44713253 0.32806572
vn -0.23412769 -0.9437587 0.2334601
vn -0.57839316 -0.81561536 -0.015258517
vn -0.610933 -0.77401376 0.1663233
vn -0.38814938 -0.9194706 0.062561676
vn -0.4640592 -0.8622432 -0.20294245
vn -0.5976763 -0.7355796 0.31891328
vn -0.2701751 -0.8971664 -0.3494252
vn -0.44850504 -0.8711421 0.19988656
vn -0.24900247 -0.96387136 -0.09460377
vn 0.012683645 -0.87002176 -0.4928502
vn -0.027847206 -0.9748191 -0.2212518
vn 0.3311146 -0.9434906 -0.013732863
vn 0.28610146 -0.81896544 -0.49743506
vn 0.21543367 -0.9186687 -0.33111364
vn 0.37670353 -0.918656 -0.11901925
vn 0.8128177 -0.5755194 0.09002697
vn 0.33006513 -0.93950796 0.09155231
vn 0.33760145 -0.93121743 0.13732941
vn 0.52738345 -0.75211746 -0.3952038
vn 0.47883993 -0.80927616 -0.34027106
vn 0.4363984 -0.8271876 -0.3540015
vn 0.47883978 -0.8522748 -0.21057124
vn 0.5840383 -0.76439255 -0.27313614
vn 0.7628592 -0.63403904 0.12665045
vn 0.84103453 -0.5405595 0.021362027
vn 0.95241547 -0.29696822 0.06866317
vn 0.6113098 -0.7547435 -0.23803888
vn 0.845623 -0.53281784 -0.032043457
vn 0.6426743 -0.7501642 -0.15563801
vn 0.7534973 -0.65699756 -0.024414038
vn 0.77868676 -0.6190274 -0.10223542
vn 0.91272825 -0.2832071 0.29448387
vn 0.7084816 -0.6794662 -0.19073404
vn 0.91704154 -0.3881405 0.091551565
vn 0.89100206 -0.08718813 0.4455487
vn 0.9136289 -0.40572086 0.025940191
vn 0.9507964 -0.14335854 0.27465332
vn 0.89389867 -0.44525653 -0.051881026
vn 0.8024779 0.010489908 0.5965896
vn 0.88668394 0.007247578 0.46231917
vn 0.3827998 0.85948765 0.33874065
vn 0.26889187 0.8482564 0.45624363
vn 0.20680512 0.8360897 0.50811976
vn -0.4693058 0.8784344 -0.09002738
vn -0.47741625 0.87252927 -0.10376127
vn -0.43611813 0.89522 -0.09155334
vn -0.39577267 0.9150455 -0.0778194
vn 0.9709534 -0.21255402 0.10986528
vn 0.94661963 -0.015878718 0.32196128
vn 0.47112384 0.8510271 0.2319379
vn -0.35248327 0.93580693 -0.004577705
vn 0.984551 -0.06327485 0.16326533
vn 0.5451187 0.8234955 0.1571651
vn -0.32538018 0.9448136 0.038145386
vn 0.9614988 -0.27170303 0.041198917
vn 0.5793653 0.8061046 0.12054614
vn -0.33769625 0.94041866 0.039672874
vn 0.9669376 0.22711924 0.11596765
vn 0.85391617 -0.513599 -0.08392296
vn 0.9840469 -0.16213217 0.0732456
vn 0.56877404 0.8131543 0.123596765
vn 0.96083 0.2480515 0.12359658
vn 0.9831185 -0.15568349 0.096127994
vn 0.56639445 0.8081063 0.16174524
vn -0.3283478 0.94451255 0.00915521
vn -0.23374033 0.97091407 -0.051878717
vn 0.97401875 -0.21267618 0.07782232
vn 0.9648743 -0.2081962 0.16022426
vn 0.9817176 0.020742524 0.18921
vn 0.632221 0.7557091 0.17088084
vn -0.09546326 0.9920168 -0.082397856
vn 0.9562676 -0.16560873 0.24109349
vn 0.9627674 -0.23194161 0.13885976
vn 0.9259055 -0.30507484 0.22277425
vn 0.9317082 -0.28447142 0.22582243
vn 0.7353581 0.66454977 0.13274783
vn 0.9443271 -0.2989765 0.13732894
vn 0.9459806 -0.25878802 0.19531891
vn 0.815184 0.57739025 0.04577543
vn 0.011348876 0.9946955 -0.102235235
vn 0.8925802 -0.39540952 0.21668367
vn 0.91869676 -0.3649323 0.15106565
vn 0.9096345 -0.3851498 0.15564306
vn 0.84659463 0.5293959 -0.05493281
vn 0.05579071 0.9883062 -0.14190869
vn 0.9430764 -0.27455932 0.1876807
vn 0.90520936 -0.41860688 0.073240705
vn 0.87061274 0.4672069 -0.15411438
vn 0.10890863 0.97498024 -0.1937849
vn 0.870258 -0.4683657 0.15259318
vn 0.91582507 -0.36120874 0.1754783
vn 0.9090578 -0.39120382 0.14343506
vn 0.8556351 -0.50511277 0.11291484
vn 0.85125774 -0.51799315 0.08392414
vn 0.87330616 -0.4759933 0.10376292
vn 0.8396116 -0.53863317 0.070190154
vn 0.7052542 -0.70132023 0.10376154
vn 0.8230228 -0.56710374 0.032043528
vn 0.7873735 -0.6146587 0.04730345
vn 0.870573 -0.49198005 0.007629076
vn 0.65193754 -0.7563896 0.05340623
vn 0.76447594 -0.6446451 0.0030518002
vn 0.81501895 -0.578982 0.022888433
vn 0.8067909 -0.5907406 0.010680919
vn 0.35028616 -0.9276192 0.12970029
vn 0.6818692 -0.73145974 -0.0045775836
vn 0.73051023 -0.6828745 0.00610348
vn -0.44002137 -0.8428736 0.30975062
vn 0.88938916 0.34575167 -0.29906973
vn 0.17538273 0.92040175 -0.3494303
vn 0.8881722 0.15707286 -0.43183115
vn 0.2355552 0.7899682 -0.56609535
vn 0.30920178 0.6432722 -0.70042497
vn 0.7548301 -0.6549808 0.03509507
vn 0.72508925 -0.68212557 0.09460588
vn 0.88109857 -0.036835626 -0.471496
vn 0.37881967 0.57349885 -0.7263572
vn 0.9042732 -0.112056635 -0.41198695
vn 0.4320099 0.59356064 -0.67900896
vn 0.93925494 -0.090370744 -0.33110908
vn 0.4754968 0.7002277 -0.5325259
vn 0.9665883 -0.027705368 -0.25483218
vn 0.53719795 0.7886548 -0.29906848
vn 0.9783624 0.09918089 -0.18157732
vn -0.71140015 0.53717387 -0.45315996
vn 0.21038261 -0.87480813 -0.43640563
vn 0.51507753 -0.85240275 -0.09002651
vn -0.52575845 -0.8491422 -0.0503538
vn 0.63915414 -0.76465195 0.08239766
vn 0.62101996 -0.7500971 0.22735126
vn 0.61922234 -0.718214 0.31738368
vn 0.61672497 -0.7236768 0.3097453
vn 0.43182498 -0.89681995 0.09613065
vn 0.47274068 -0.83629656 0.2777125
vn -0.51202434 -0.8203035 0.2548201
vn -0.5445423 -0.6271296 0.55693996
vn 0.4959189 -0.77244145 0.39673513
vn -0.5406328 -0.47730944 0.6927424
vn 0.5042907 -0.76220554 0.40587384
vn 0.5334826 -0.84576154 -0.009155224
vn 0.643826 -0.7338529 0.21667497
vn 0.567148 -0.7720442 0.28686416
vn 0.6757717 -0.72614944 0.12664759
vn 0.7038105 -0.709914 0.025939902
vn 0.70581263 -0.70626557 0.054931507
vn 0.7031515 -0.71087635 -0.01525895
vn 0.6649934 -0.74562615 0.04272438
vn 0.7398565 -0.67140687 0.042724375
vn 0.6542232 -0.75614756 -0.015258852
vn 0.64954466 -0.74917936 0.12969913
vn 0.34046572 -0.9322991 0.12207173
vn 0.40560248 -0.8833274 0.23498814
vn 0.26951015 -0.94266564 0.1968397
vn -0.38471264 -0.84052175 0.3814701
vn -0.31519142 -0.82274014 0.4730255
vn -0.64821833 -0.6174859 0.44556066
vn -0.56122327 -0.619067 0.54934925
vn -0.098418415 -0.94866 0.3005958
vn -0.26482773 -0.7693545 0.5813431
vn 0.34876344 -0.84621865 0.40283754
vn -0.20184495 -0.921749 0.33111537
vn -0.15520729 -0.89996386 0.40740123
vn -0.08897884 -0.9155855 0.3921554
vn -0.5116239 -0.5790282 0.63479704
vn -0.18024309 -0.8138834 0.55236405
vn -0.7455695 -0.34670222 0.5691429
vn -0.4965687 -0.53871244 0.68059427
vn -0.2420508 -0.7756498 0.58290565
vn -0.82154655 0.0538082 0.5675967
vn -0.64835805 0.7546454 0.100708395
vn -0.87139267 0.34588194 0.34790853
vn -0.45133042 0.8470373 -0.28076425
vn -0.22051303 -0.7089179 0.6699324
vn -0.28529727 -0.66551083 0.68971074
vn -0.91890866 0.3611429 0.15869066
vn -0.40455067 0.7817546 -0.47455072
vn -0.22875552 -0.6680739 0.70805955
vn -0.2948659 -0.63479865 0.71420217
vn -0.9652713 0.26049533 0.019836137
vn -0.41971764 0.7094774 -0.5661085
vn -0.98495966 0.14458367 -0.094604954
vn -0.43304557 0.6322887 -0.6424038
vn -0.40303633 0.61361426 -0.6789988
vn -0.3013968 -0.63875186 0.7079237
vn -0.24079524 -0.6606387 0.7110374
vn -0.49268112 -0.53062046 0.6897154
vn -0.9738134 0.063848026 -0.21819906
vn -0.347928 0.65896976 -0.6668621
vn -0.3196128 -0.63318187 0.70493144
vn -0.22015059 -0.6543828 0.72340643
vn -0.24894302 -0.70677096 0.6621951
vn -0.5018312 -0.5583037 0.660653
vn -0.25517675 -0.66667587 0.70030576
vn 0.31374723 -0.7952549 0.5187796
vn -0.9343572 0.024008619 -0.3555278
vn -0.27882558 0.7363341 -0.6164968
vn -0.37185085 -0.675893 0.63631415
vn -0.44484589 -0.7556992 0.48065674
vn 0.6608064 -0.7274926 0.18463287
vn 0.7967269 -0.6029335 0.041200142
vn 0.69532156 -0.6807647 0.23040693
vn 0.69847274 0.123167336 -0.7049577
vn -0.4927516 0.6621677 -0.56456155
vn 0.29365733 0.5261321 -0.7980917
vn 0.0227002 0.6386816 -0.7691362
vn 0.85094506 -0.51875174 0.082395665
vn 0.7047608 0.1521751 -0.6929321
vn -0.060378533 0.641666 -0.764604
vn 0.73220277 0.18817127 -0.65457666
vn -0.08795989 0.64244103 -0.76127034
vn 0.31179473 -0.75622976 0.5752396
vn 0.7328518 -0.6126172 0.2960208
vn 0.7405239 0.2746151 -0.6133602
vn -0.10704048 0.6554501 -0.74761456
vn 0.8965449 -0.42791456 0.11444035
vn -0.26685783 -0.66835463 0.6943262
vn 0.74557775 0.37283656 -0.5523646
vn -0.09065075 0.6747543 -0.7324541
vn 0.32390136 -0.70839417 0.62710893
vn 0.77438504 -0.5400906 0.32959047
vn 0.930906 -0.3352611 0.14496231
vn -0.5964884 -0.57792705 0.5569577
vn 0.76063704 0.43803865 -0.47911742
vn -0.0025273957 0.6840659 -0.7294159
vn -0.30877408 -0.67680216 0.66827947
vn 0.95080537 -0.25317457 0.17852634
vn 0.81409806 -0.4638399 0.34942368
vn 0.363989 -0.6787181 0.637851
vn 0.813913 0.42867643 -0.3921507
vn 0.9505209 -0.22113177 0.21819924
vn 0.85187197 -0.39150828 0.34790137
vn 0.84580535 0.4354434 -0.30822447
vn 0.17500944 0.7172526 -0.6744779
vn -0.25015128 0.56790584 -0.7841602
vn 0.9270327 -0.23594248 0.29144713
vn 0.42278114 -0.6512193 0.6302138
vn 0.87235725 -0.35394964 0.33721292
vn 0.9046903 -0.25438902 0.34179202
vn 0.44278872 -0.8414225 0.3097518
vn 0.8600925 -0.34709838 0.3738496
vn 0.5180575 -0.6231091 0.58596194
vn 0.831308 -0.36448997 0.4196117
vn 0.6366656 -0.5853585 0.5020083
vn 0.71753895 -0.5315262 0.45013076
vn 0.74382377 -0.5035915 0.43945634
vn -0.63228375 -0.7729979 -0.051879685
vn -0.6332758 -0.76936275 0.08392181
vn -0.6247515 -0.7455819 0.23193339
vn -0.58731645 -0.7233095 0.36315677
vn -0.82406884 -0.53005147 -0.19988987
vn -0.8642573 -0.48350722 -0.13885337
vn -0.84805954 -0.44355637 -0.2899186
vn 0.3224288 -0.3388865 -0.8838527
vn -0.6276286 0.386266 -0.6759298
vn -0.30427027 0.68473923 -0.6622324
vn -0.8790045 -0.026512234 -0.4760758
vn -0.031756304 0.7720692 -0.6347446
vn -0.8842975 -0.4648224 -0.044250634
vn -0.78095067 0.2469021 -0.5737207
vn -0.8796222 -0.47266522 0.053405806
vn -0.78026986 0.2785043 -0.56001276
vn -0.0013351216 0.76252127 -0.6469617
vn -0.8720244 0.19924289 -0.44707462
vn -0.14952643 0.72164625 -0.67592055
vn -0.5040098 -0.7082124 0.4943778
vn -0.84486985 -0.49744225 0.19684064
vn -0.40590224 -0.69490254 0.5935939
vn -0.75628906 -0.5421478 0.3662001
vn -0.97940195 -0.045036275 -0.19683406
vn -0.51242065 0.5699231 -0.64234954
vn -0.9734099 -0.22681823 -0.032043274
vn -0.7406201 0.42326853 -0.52184826
vn 0.9966934 0.063771546 -0.050354425
vn 0.7787051 -0.40324008 0.48064095
vn 0.9640057 0.22580248 -0.14037853
vn 0.83353764 -0.34650865 0.4302868
vn 0.91091055 0.38907892 -0.13733038
vn -0.22346611 -0.6992257 0.67907757
vn 0.8426534 -0.3503029 0.4089291
vn 0.94042647 0.31791013 0.120545484
vn -0.27738798 -0.7871486 0.5508657
vn 0.7207162 -0.503891 0.47609043
vn 0.9328242 0.16181257 0.32195622
vn -0.52752405 -0.8132444 0.24566609
vn -0.33550242 -0.8692259 0.363159
vn 0.6417322 -0.63994414 0.42267165
vn 0.47636023 0.8455514 -0.24108884
vn -0.2809151 -0.7198122 -0.634789
vn -0.8597625 0.032948583 -0.50963014
vn -0.29988393 -0.93653524 0.18158022
vn -0.62360966 -0.7784393 -0.07171655
vn -0.76705104 0.08187919 -0.63634
vn -0.26663753 0.7755709 -0.57218355
vn 0.47636023 0.8455514 -0.24108884
vn -0.4646768 -0.844739 -0.26550236
vn -0.4845654 -0.87416804 0.032043684
vn 0.9698387 0.114560075 -0.21514882
vn 0.9446838 -0.044106226 -0.32500327
vn 0.9221906 -0.06363306 -0.38146457
vn 0.9212299 -0.2644244 -0.28533334
vn 0.9377831 -0.25562897 -0.23498222
vn 0.9042743 -0.093603164 -0.41656506
vn 0.8849749 -0.27759477 -0.37384576
vn 0.08681964 -0.48873597 -0.8681011
vn 0.9545906 -0.20921457 -0.21209948
vn 0.9370806 -0.26879317 -0.22277837
vn 0.89959496 -0.4330606 -0.056457143
vn 0.9256311 -0.3763416 -0.039672628
vn 0.9159926 -0.3957937 -0.06561196
vn 0.8633689 -0.48509073 -0.1388562
vn 0.91810554 -0.38921976 -0.074768335
vn 0.86841345 -0.47464237 -0.14343223
vn 0.8345236 -0.54822683 -0.054932363
vn 0.88053495 -0.47386095 0.010681242
vn 0.76795954 -0.6402365 0.018310864
vn 0.84980786 -0.5266596 0.021362018
vn 0.8247773 -0.5572266 0.09612945
vn 0.6860595 -0.71357244 0.14190388
vn 0.8547896 -0.5135604 0.074769065
vn 0.7853165 -0.61007583 0.10528744
vn 0.7575413 -0.61577946 0.21667199
vn 0.8242448 -0.563563 0.054930583
vn 0.6943862 -0.6443172 0.32044196
vn 0.61790115 -0.7468889 0.2456727
vn 0.79255116 -0.5896092 0.15563966
vn 0.7244196 -0.65236866 0.22278096
vn 0.603373 -0.6781391 0.4196051
vn 0.5415924 -0.77333564 0.3295903
vn 0.42037356 -0.79883367 0.43029165
vn 0.6613617 -0.6715182 0.3341617
vn 0.73213595 -0.62856686 0.26245123
vn 0.46420187 -0.716783 0.5203258
vn 0.26603055 -0.8104896 0.52185667
vn 0.56999195 -0.682331 0.45774826
vn 0.3228943 -0.7220359 0.61188513
vn 0.13901952 -0.7150529 0.68510795
vn 0.44084984 -0.69406855 0.56913996
vn 0.6592161 -0.6601221 0.36010122
vn 0.7549315 -0.64778584 0.10223428
vn 0.31655186 -0.6993372 0.64087635
vn 0.56379765 -0.6705587 0.48216522
vn 0.44574037 -0.664593 0.599693
vn 0.22880544 -0.6870124 0.6896826
vn 0.40687183 -0.77774143 0.47913837
vn 0.6593567 -0.72306085 0.20598938
vn 0.13198033 -0.6952958 0.7065019
vn 0.21511318 -0.75988215 0.6134374
vn 0.29262465 -0.73101336 0.6164334
vn 0.083157055 -0.6886716 0.7202891
vn 0.060370013 -0.69582874 0.715666
vn -0.01792204 -0.6982861 0.7155943
vn -0.035552073 -0.6630703 0.74771243
vn 0.53080964 -0.7686058 0.35705197
vn 0.34077173 -0.82454693 0.45166022
vn 0.3751933 -0.8652071 0.33263624
vn 0.114728846 -0.7741097 0.6225685
vn 0.0058016605 -0.68734807 0.726305
vn -0.06664741 -0.69380534 0.717072
vn 0.0028400694 -0.78136784 0.6240643
vn -0.057305187 -0.6945289 0.71717906
vn -0.17328957 -0.6734668 0.71861887
vn -0.07930698 -0.81841284 0.5691316
vn -0.1052182 -0.7827109 0.6134271
vn 0.013945549 -0.84821844 0.52946305
vn 0.15885076 -0.843739 0.51270956
vn -0.23388925 -0.64800876 0.72483134
vn -0.21077147 -0.76235837 0.6118702
vn -0.13809592 -0.8389346 0.52642024
vn -0.28659457 -0.6488547 0.7048767
vn 0.15866807 -0.97570723 0.15106249
vn -0.30502534 -0.72974324 0.6119104
vn -0.4137991 -0.5869585 0.6958807
vn 0.10478631 -0.9896882 0.0976575
vn -0.4116931 -0.6902082 0.59508103
vn -0.5183863 -0.61115366 0.5981361
vn -0.24632874 -0.8979603 0.3646772
vn -0.5242723 -0.7542941 0.39519495
vn -0.26342928 -0.819065 0.5096446
vn 0.032401413 -0.8915992 0.45166472
vn -0.391975 -0.7787526 0.4897959
vn -0.60871434 -0.6436656 0.46385503
vn -0.6889059 -0.6486597 0.3234954
vn -0.5175145 -0.72770566 0.450137
vn -0.15656772 -0.8775613 0.45318094
vn -0.31393543 -0.84555376 0.43183708
vn -0.45909595 -0.7941198 0.39825192
vn -0.17490494 -0.93098265 0.32043654
vn -0.36155793 -0.88461894 0.2944915
vn -0.63369155 -0.6789416 0.3707739
vn -0.57587516 -0.7454382 0.33569273
vn -0.6774519 -0.68236333 0.27466196
vn -0.79988796 -0.5674794 0.19531094
vn -0.59262484 -0.7744941 0.22125678
vn -0.6204188 -0.7583691 0.19989207
vn -0.52881 -0.84781253 0.039672665
vn -0.5889089 -0.72354186 0.36010203
vn -0.7422126 -0.64636636 0.17700566
vn -0.8749382 -0.48093233 0.056456853
vn -0.5893685 -0.80136955 0.10223351
vn -0.81356496 -0.580825 0.027465332
vn -0.9043396 -0.4249657 -0.03967364
vn -0.6327464 -0.77240837 -0.054930203
vn -0.86226445 -0.5006789 -0.07629392
vn -0.8938558 -0.4358179 -0.105282925
vn -0.8860507 -0.4450757 -0.12969853
vn -0.7633683 -0.5909202 -0.2609252
vn -0.71156967 -0.67995596 -0.17699836
vn -0.78419673 -0.5820203 -0.21514627
vn -0.52345973 -0.8416458 -0.1327484
vn -0.62039787 -0.6886316 -0.37535715
vn 0.31881353 -0.48139182 -0.81646794
vn -0.5844616 -0.762418 -0.27771106
vn 0.18681388 -0.65647095 -0.7308532
vn 0.23058838 -0.725476 -0.64847016
vn 0.88460755 -0.02942175 -0.4654072
vn 0.9124599 0.24857096 -0.32500666
vn 0.87291604 -0.09285429 -0.47895268
vn 0.89136475 -0.053311177 -0.4501409
vn 0.3365861 -0.77974117 -0.5279333
vn 0.8854046 -0.1865892 -0.42572668
vn 0.4047447 -0.8275141 -0.38910428
vn 0.4062544 0.4714363 -0.7827549
vn -0.48450682 -0.6411931 -0.59508365
vn -0.4723027 0.81872153 -0.32653496
vn -0.9482936 0.19717374 -0.24872024
vn -0.39398083 0.8556239 -0.33568838
vn -0.669343 -0.7388666 0.07782061
vn -0.9324281 0.112810634 -0.34329528
vn -0.3508352 0.8724269 -0.34027323
vn -0.5188639 -0.81599116 0.25483033
vn -0.6564207 -0.75350565 -0.036621463
vn -0.8636048 0.12550774 -0.48829758
vn -0.3246321 0.8859975 -0.33109277
vn -0.64189744 -0.7398641 -0.20141698
vn -0.5031455 -0.86385673 0.024414584
vn -0.53286994 -0.83800054 0.117493644
vn -0.37584352 -0.9264005 0.022888213
vn -0.38200283 -0.91320205 0.14190106
vn -0.1907297 -0.9661063 0.17395636
vn -0.45767343 -0.8833984 -0.10070914
vn -0.607856 -0.6997198 -0.37537104
vn 0.054079577 -0.9446887 0.3234791
vn -0.7796556 0.1466667 -0.6087908
vn -0.6837064 0.17043185 -0.7095763
vn -0.35642123 0.87766004 -0.3204322
vn -0.5198586 -0.6172978 -0.59050024
vn -0.39294428 -0.8890303 -0.23498932
vn -0.6315003 0.21637271 -0.74457383
vn -0.42555353 0.8288619 -0.36316952
vn -0.4495026 -0.55649066 -0.69876003
vn 0.2141828 -0.45398694 -0.8648824
vn 0.47348514 0.8792726 0.051878985
vn -0.11058008 -0.78555256 -0.60883427
vn -0.282744 -0.8719181 -0.3997682
vn -0.2985846 -0.9529722 -0.051878005
vn -0.4593741 -0.8347314 -0.30364275
vn 0.7320956 -0.6642409 0.15106355
vn 0.47348514 0.8792726 0.051878985
vn 0.87265617 -0.007819991 0.48827258
vn -0.20647424 -0.8416797 -0.49894267
vn -0.21373288 -0.96236426 -0.16784869
vn 0.007992615 -0.924354 -0.38145217
vn 0.68754196 -0.71183735 0.14343558
vn 0.8880493 0.07743729 0.4531798
vn -0.09126522 -0.94889116 -0.3021193
vn 0.65608364 -0.73910147 0.1525887
vn 0.9327253 0.11024429 0.3433213
vn 0.70160395 -0.68740624 0.1876825
vn 0.96269804 0.01640319 0.27008045
vn 0.15582314 0.9626895 -0.22124216
vn -0.64797986 0.7011348 -0.2975436
vn -0.9041279 0.0031471564 -0.4272503
vn -0.5172699 0.8105398 -0.2746946
vn -0.3976906 -0.90474284 -0.15258653
vn -0.84348935 -0.007438451 -0.53709435
vn -0.4594158 0.84419173 -0.27618384
vn -0.19317563 -0.9804223 0.038148727
vn -0.41843978 -0.85759705 -0.2990575
vn -0.75568795 0.049968455 -0.6530229
vn -0.4251528 0.8499122 -0.31127843
vn -0.39460057 -0.80612403 -0.44096977
vn -0.18291906 -0.9797962 -0.08087085
vn 0.06987172 -0.9794469 0.18921351
vn -0.62363535 0.055694923 -0.7797289
vn -0.51905185 0.029269213 -0.8542415
vn -0.43396586 0.78901154 -0.43489575
vn -0.17386962 -0.9678834 -0.18157949
vn 0.078672424 -0.99483854 0.06408469
vn -0.30261812 -0.75054014 -0.5874622
vn 0.086293966 -0.9961283 -0.016784929
vn -0.14848717 -0.945931 -0.28838545
vn 0.53425115 -0.18114413 -0.8256891
vn 0.19694659 -0.91309226 -0.35703576
vn 0.04944947 0.996619 -0.06561473
vn 0.54868376 0.7083728 0.44402042
vn 0.90392834 -0.074482955 0.42114815
vn 0.5256404 0.8087142 0.26397654
vn -0.21884368 -0.7290816 -0.6484963
vn -0.09996767 -0.90359527 -0.4165598
vn 0.10292599 -0.99220943 -0.07019091
vn 0.97186536 -0.01611709 0.23498526
vn 0.56323755 0.8134806 0.14495786
vn -0.07276255 -0.86533076 -0.49589154
vn 0.12730382 -0.98314464 -0.13122584
vn 0.14122844 -0.9649357 -0.2212543
vn 0.99564433 -0.0053406213 0.093079396
vn 0.583248 0.81091565 0.047302622
vn 0.12476735 -0.9415846 -0.31281245
vn 0.62547594 -0.77429885 0.0961317
vn 0.57481104 -0.8182634 0.006103597
vn 0.40925726 -0.90983146 -0.068666525
vn 0.37401077 -0.9240238 -0.079346456
vn 0.5218532 -0.85211223 -0.039673053
vn 0.3295587 -0.9412898 -0.07324322
vn 0.99986887 -0.00858318 0.013733087
vn 0.2989872 -0.95323044 -0.044252016
vn 0.49483362 -0.868504 -0.028991457
vn 0.9968239 -0.040340256 -0.06866426
vn 0.6068565 0.79331005 -0.048830822
vn 0.28320137 -0.959001 -0.010680998
vn 0.47071996 -0.88212305 -0.016784178
vn 0.98743606 -0.096512005 -0.12512228
vn 0.6406205 0.7549166 -0.14037862
vn 0.27617052 -0.95986754 0.04882784
vn 0.43975693 -0.8978251 0.022889106
vn 0.9845799 -0.14410114 -0.09918279
vn 0.6698422 0.71201867 -0.2105729
vn 0.2610396 -0.95193994 0.1602143
vn 0.4084651 -0.9045742 0.12207222
vn 0.99554473 -0.091839224 -0.021362394
vn 0.6800372 0.6929355 -0.23956153
vn 0.7971085 0.54455054 -0.26092649
vn 0.23068297 -0.9259267 0.29907367
vn 0.37480322 -0.8873593 0.2685442
vn 0.19451651 -0.88073057 0.43182978
vn 0.9959331 0.08926491 -0.012207166
vn 0.8336725 -0.511166 -0.20904398
vn -0.24750301 0.50010675 -0.82984066
vn -0.9507237 -0.16260244 -0.26397866
vn 0.3513847 -0.84219795 0.4089395
vn 0.27244768 -0.8245197 0.49592298
vn 0.5763007 -0.76054907 0.29906982
vn 0.29688287 -0.841343 0.4516663
vn 0.19912644 -0.8954013 0.39825287
vn 0.24815014 -0.9238396 0.29144773
vn -0.7305099 -0.6754356 -0.100707375
vn 0.34277493 -0.92792654 0.1464846
vn -0.5404264 -0.7920785 -0.28381503
vn -0.88874143 -0.086735554 -0.45012847
vn -0.41624084 -0.76606053 -0.48979047
vn -0.81538576 0.026655009 -0.578304
vn -0.75201315 0.043823723 -0.65768963
vn 0.4573298 -0.8658319 0.2029398
vn 0.42184266 -0.9058662 0.03814776
vn -0.2903524 -0.72275764 -0.62714976
vn 0.49462336 -0.8647445 0.086975135
vn -0.16807017 -0.6796233 -0.71404797
vn -0.71452945 0.03061656 -0.69893503
vn 0.5140798 -0.8575468 -0.018310608
vn 0.59371483 -0.8036202 0.041199066
vn -0.06645829 -0.6246793 -0.7780482
vn -0.7015866 0.010632266 -0.7125049
vn 0.6134994 -0.7874498 -0.05950934
vn 0.67862386 -0.7344606 0.0061034192
vn 0.7669935 -0.64129907 -0.021362333
vn 0.02975367 -0.48721638 -0.8727743
vn -0.71788925 -0.023363823 -0.69576514
vn 0.70886403 -0.6978968 -0.10223359
vn 0.8180095 -0.5229443 -0.2395616
vn 0.07465096 -0.32779637 -0.9417945
vn -0.74047047 -0.0838084 -0.666843
vn -0.7196403 -0.3652561 -0.59051317
vn 0.024771059 -0.9801236 0.19683532
vn -0.035552073 -0.6630703 0.74771243
vn -0.06664741 -0.69380534 0.717072
vn 0.15864642 -0.9833612 -0.08849916
vn 0.08257545 -0.7059781 0.70340335
vn 0.25572336 -0.9317238 -0.2578691
vn -0.07930698 -0.81841284 0.5691316
vn 0.37932554 -0.8510149 -0.36316073
vn 0.15866807 -0.97570723 0.15106249
vn 0.10478631 -0.9896882 0.0976575
vn 0.49112776 -0.79247075 -0.36164016
vn -0.24632874 -0.8979603 0.3646772
vn 0.5603777 -0.7585031 -0.33264083
vn -0.5242723 -0.7542941 0.39519495
vn 0.21205927 -0.6861436 0.69587207
vn 0.045788046 -0.7092916 0.7034265
vn -0.1420138 -0.7024867 0.69738406
vn -0.3422073 -0.72718465 0.5950602
vn 0.22141193 -0.55397236 0.80255306
vn 0.02461191 -0.5767407 0.81655645
vn -0.20153782 -0.5927877 0.77973413
vn 0.010135333 -0.5857269 0.8104451
vn 0.2490397 -0.4037177 0.88033587
vn -0.0009689259 -0.40595472 0.9138927
vn -0.015226341 -0.31535792 0.94885063
vn -0.0077024642 -0.43803898 0.898923
vn 0.25621814 -0.29994172 0.91890544
vn -0.015556014 -0.2621635 0.9648981
vn -0.23929644 -0.53951377 0.8072559
vn 0.21590286 -0.2278819 0.9494503
vn -1.5133688E-05 -0.21532339 0.9765428
vn -0.0016684815 -0.3157482 0.9488415
vn 0.15259068 -0.14870256 0.97703826
vn 3.2578882E-07 -0.11964603 0.9928167
vn -0.19970612 -0.06650913 0.97759604
vn -0.0026595418 -0.20613237 0.9785205
vn -0.27529916 -0.40584207 0.8714944
vn -0.40721455 -0.619214 0.67137945
vn -0.53930455 -0.66805106 0.512697
vn -0.44216865 -0.5385711 0.71723646
vn -0.26482657 -0.33364955 0.90473473
vn -0.012953057 -0.1453283 0.9892987
vn -0.47478205 -0.42244965 0.77208704
vn -0.2741608 -0.15297969 0.9494383
vn -0.29766566 -0.084451094 0.9509275
vn -0.47731742 -0.06987605 0.87594837
vn -0.463252 -0.046253674 0.88501877
vn -0.5038783 -0.1041688 0.8574704
vn -0.5053308 -0.2252212 0.8330163
vn -0.668431 -0.055726424 0.7416836
vn -0.6673943 0.00343354 0.7446967
vn -0.6679346 -0.09205677 0.7385045
vn -0.5880859 -0.5575205 0.5859401
vn -0.49371243 -0.37231103 0.78589594
vn -0.67216 -0.21170394 0.70949435
vn -0.62732834 -0.43579698 0.6453991
vn -0.64672804 -0.37020436 0.6668519
vn -0.81243306 -0.177377 0.55541855
vn -0.7749002 -0.37389612 0.50963837
vn -0.83266145 -0.05693493 0.5508478
vn -0.74898845 -0.44790062 0.48826343
vn -0.85172474 -0.42037877 0.31280455
vn -0.8210116 -0.09444876 0.5630448
vn -0.9047645 -0.13828486 0.40283808
vn -0.68878365 -0.58233094 0.43181896
vn -0.83878654 -0.44237763 0.31739414
vn -0.93059516 -0.32041067 0.17700192
vn -0.7405292 -0.63455796 -0.22125277
vn -0.7066277 -0.17669566 -0.68516856
vn -0.80393636 -0.037073575 0.59355867
vn -0.89378494 -0.15833403 0.41961735
vn -0.9698841 -0.19795841 0.14190635
vn -0.920844 -0.27059802 0.28075445
vn -0.9442323 -0.30065754 0.13427727
vn -0.8949269 -0.085592166 0.4379267
vn -0.8942403 -0.41734236 0.16173953
vn -0.9332947 -0.34683833 0.09308151
vn -0.7805286 0.10352685 0.61648786
vn -0.8767263 0.102330826 0.46997795
vn -0.9364418 -0.091221765 0.33875558
vn -0.94988817 -0.18103668 0.25482947
vn -0.84294176 -0.5290678 0.09765498
vn -0.19469222 0.89363873 0.40435714
vn -0.14729394 0.8759913 0.45928624
vn -0.31090292 0.8964209 0.31586212
vn -0.8387315 0.3297707 0.43333668
vn -0.41370562 0.8779085 0.24108985
vn -0.9204939 0.1403343 0.36468804
vn -0.9434614 0.11396304 0.31127647
vn -0.8879483 0.27422354 0.36925524
vn -0.895977 0.3121853 0.31585693
vn -0.44946706 0.87432927 0.1831056
vn -0.9341275 -0.31082746 0.17547673
vn -0.9674664 0.06050837 0.24565732
vn -0.87660164 0.40821293 0.2548172
vn -0.47630376 0.86311585 0.16782674
vn -0.86394894 0.46220648 0.19989367
vn -0.49581778 0.8523507 0.16632165
vn -0.98365235 0.0025273208 0.18005969
vn -0.9090113 -0.40203154 0.109859526
vn -0.7894522 -0.61161566 0.051879928
vn -0.8625094 0.47350278 0.17852916
vn -0.4815944 0.8583348 0.17699787
vn -0.9882606 -0.031327184 0.14953129
vn -0.89254385 -0.44279101 0.085449226
vn -0.85156894 0.48949236 0.18769039
vn -0.42380387 0.880938 0.21056682
vn -0.29038665 0.9099735 0.29601318
vn -0.9915421 -0.03447557 0.12512293
vn -0.8196605 0.51530373 0.25023726
vn -0.15029576 0.9001057 0.40892655
vn -0.7374771 -0.6736047 0.04882818
vn -0.89187205 -0.44996533 0.045776155
vn -0.9903881 -0.01649852 0.13732871
vn -0.79098135 0.5043531 0.34637624
vn -0.06952582 0.83965075 0.5386583
vn -0.7025736 -0.70948774 0.054931775
vn -0.82953584 -0.5579196 -0.024414945
vn -0.8269662 -0.028134588 -0.56154734
vn -0.9845442 -0.05001874 0.16784172
vn -0.7962114 0.42838445 0.42724007
vn -0.022218531 0.7179542 0.6957357
vn -0.83148605 -0.55325913 -0.050352637
vn -0.9817015 -0.10752559 0.15716378
vn -0.95610344 -0.2852336 0.06714182
vn 0.0625614 -0.9717997 -0.22735724
vn -0.8455491 -0.52310365 -0.10681424
vn 0.021171696 -0.95058054 -0.30975527
vn -0.81934404 0.33475703 0.46541718
vn -0.98923093 -0.08301605 0.12054255
vn -0.86639833 -0.4445954 -0.22735207
vn -0.824336 0.28905165 0.48674354
vn 0.02069201 0.5837625 0.81166077
vn -0.9965495 -0.018691266 0.08086833
vn -0.8173851 0.24728498 0.5203189
vn 0.043491017 0.4392974 0.8972884
vn 0.044822957 -0.89183384 -0.45013693
vn -0.87073374 -0.33155596 -0.3631713
vn -0.9989825 0.02632164 0.03662141
vn -0.81610274 0.2545493 0.5188266
vn 0.038164727 0.43908525 0.8976345
vn -0.8482787 -0.21209352 -0.4852211
vn -0.998722 0.04863906 0.013733381
vn -0.8297962 0.32777953 0.45166245
vn 0.021836242 0.60235614 0.79792875
vn -0.83112293 -0.17919448 -0.52642554
vn -0.99810755 0.061416134 -0.0030517334
vn -0.8438973 0.39491224 0.36315522
vn 0.0099188285 0.7624146 0.64701277
vn 0.010680808 0.91454417 0.4043449
vn -0.8408213 -0.23049396 -0.48978773
vn -0.99786335 0.064184465 -0.012207446
vn -0.8611045 0.45243987 0.23194218
vn -0.02660673 0.9963696 0.08086921
vn -0.9971154 0.071331516 -0.02593873
vn -0.8609664 -0.29191604 -0.4165597
vn -0.86152333 0.50123614 0.080869146
vn -0.887111 -0.33655286 -0.3158581
vn 0.12541562 -0.7345636 -0.6668488
vn 0.15441294 -0.56309706 -0.81183636
vn 0.19532791 -0.4288058 -0.88202757
vn -0.99243164 0.09498961 -0.07782282
vn -0.0667564 0.5372936 -0.84074914
vn -0.99601066 0.07915443 -0.041198447
vn -0.90436095 -0.37459978 -0.20446587
vn 0.063610986 -0.8997091 -0.43182987
vn 0.96542805 0.15774159 -0.2075246
vn 0.77884966 -0.56313306 -0.27617836
vn 0.8826962 -0.33349055 -0.33110645
vn 0.896363 -0.24299745 -0.37079045
vn 0.91374296 -0.1821573 -0.36317018
vn 0.9208069 -0.14219813 -0.3631727
vn 0.21270818 -0.32840997 -0.9202728
vn 0.90454894 -0.15620993 -0.39672363
vn 0.17607455 -0.38009593 -0.90803343
vn 0.8722403 -0.22978783 -0.43173414
vn 0.11174356 -0.57130325 -0.8130965
vn 0.8456869 -0.3218531 -0.42570436
vn 0.07028383 -0.7566717 -0.65000623
vn 0.8289953 -0.42136383 -0.36772183
vn 0.8185062 -0.49598634 -0.2899055
vn 0.5215689 -0.81134516 -0.26397926
vn 0.3284497 0.8469452 -0.4180962
vn -0.023651367 0.99829274 -0.053406313
vn -0.5327274 0.8462745 -0.0045776786
vn -0.8182642 0.5715928 0.061036017
vn 0.11148514 0.9927804 -0.04425073
vn 0.23622672 0.963003 0.12970059
vn -0.8176644 0.5458009 0.18310188
vn 0.28047305 0.9085095 0.3097506
vn -0.95055676 -0.30354014 0.065614834
vn -0.8006297 0.5200517 0.29755384
vn 0.29315943 0.78463537 0.5462645
vn -0.68110394 -0.72976446 0.05950838
vn -0.9269822 -0.37191346 -0.048828695
vn -0.799646 0.45341885 0.39367193
vn -0.9408028 -0.33757797 0.030517677
vn -0.6633736 -0.74753505 0.03356922
vn -0.24490108 -0.9695432 -0.003051727
vn -0.252629 -0.9669807 0.033569425
vn -0.6663398 -0.74394596 -0.05035458
vn -0.29420802 -0.9553894 0.0259399
vn -0.6796868 -0.7118257 -0.17700274
vn -0.8277779 0.34098154 0.4455505
vn 0.24317348 0.57908666 0.77815515
vn -0.8838678 0.23770398 0.40283313
vn 0.12732866 0.3585709 0.92477804
vn -0.8798771 -0.28129175 -0.38300306
vn -0.91082937 -0.3577134 -0.205988
vn -0.69160485 -0.6161453 -0.3768922
vn -0.28371593 -0.95259404 -0.10986243
vn -0.9285604 0.17365806 0.32805255
vn -0.0041962555 0.1682317 0.9857385
vn -0.6719679 -0.45877114 -0.5813677
vn -0.34590122 -0.9021375 -0.2578762
vn -0.9334444 0.18605946 0.3066977
vn -0.038636886 0.16189332 0.98605156
vn -0.4077908 -0.77726775 -0.4791256
vn -0.90766525 0.26367873 0.326523
vn 0.020016845 0.32036483 0.9470827
vn -0.8706345 0.3624068 0.33265126
vn 0.10303022 0.5162959 0.85019016
vn -0.83439153 -0.045014605 -0.54933083
vn -0.7965828 0.0165001 -0.6043042
vn -0.8449524 0.46253037 0.26855373
vn 0.19024932 0.6801294 0.7079754
vn 0.17013508 0.83398616 0.52490103
vn -0.798099 0.56894 0.19835654
vn 0.5817424 0.7557884 0.3005987
vn -0.23275796 0.31981575 -0.91844517
vn -0.8699587 -0.22068456 -0.44098768
vn -0.6920961 -0.55428725 -0.46235108
vn 0.69166315 -0.33581716 -0.6393974
vn -0.79305565 -0.020312754 -0.6088104
vn -0.86416423 -0.13867067 -0.48372594
vn -0.8714073 -0.31215015 -0.3784332
vn -0.66342473 -0.37858212 -0.6454015
vn -0.6204269 -0.2802174 -0.7324948
vn -0.55349505 -0.1492453 -0.8193711
vn -0.69570553 -0.48208243 -0.53253186
vn -0.41417935 -0.59747505 -0.68664324
vn -0.34998074 -0.483107 -0.80257165
vn -0.5002117 -0.0599033 -0.86382854
vn -0.2820917 -0.37113318 -0.8846945
vn 0.7655209 -0.2080935 -0.60883087
vn -0.21665509 -0.21779889 -0.95164293
vn 0.77204585 -0.2017847 -0.60268396
vn 0.76559275 -0.16793834 -0.62101895
vn 0.87141186 0.23270711 0.4318434
vn 0.84908867 0.3669879 0.37995833
vn 0.8940166 0.39627045 0.20905532
vn 0.5817424 0.7557884 0.3005987
vn 0.8726743 0.09431482 0.47910777
vn 0.85935366 -0.014781913 0.51116806
vn 0.7640833 -0.15125264 -0.6271358
vn -0.18962567 -0.11398525 -0.9752177
vn 0.76830804 -0.18783301 -0.6118998
vn 0.8444539 0 0.53562826
vn -0.5200878 -0.09936404 -0.8483133
vn -0.2418579 -0.15235332 -0.9582761
vn 0.7708894 -0.309052 -0.5569707
vn 0.837118 0.14872243 0.5264173
vn -0.8377305 -0.15578696 -0.5233908
vn -0.609487 -0.27246702 -0.7445048
vn -0.35311162 -0.34877282 -0.8681416
vn 0.7611166 -0.45952138 -0.45775715
vn 0.83534527 0.32821566 0.4409906
vn -0.41938064 -0.5774711 -0.70046204
vn 0.7496024 -0.574862 -0.32807022
vn 0.8429161 0.46084306 0.2776979
vn 0.7363443 -0.64350253 -0.20904893
vn 0.8471648 0.5201675 0.108339444
vn 0.866486 0.49916404 -0.0061033573
vn 0.73957807 -0.65954053 -0.134278
vn 0.90812325 0.41140693 -0.07782278
vn 0.74984556 -0.6571996 -0.07629104
vn 0.9524397 0.29337564 -0.082397915
vn 0.7589276 -0.64858836 -0.057982907
vn 0.99831545 0.0020504186 -0.05798393
vn 0.76732326 -0.64003205 -0.03967269
vn 0.64717245 -0.76047057 -0.05340651
vn 0.7684892 -0.6349239 -0.0793476
vn -0.36545372 -0.9308245 0.0030518055
vn -0.48226723 -0.87593913 -0.012206881
vn 0.47664127 -0.8427291 -0.25024146
vn 0.4545227 -0.88274777 -0.11901895
vn 0.41360444 -0.89932984 -0.14190532
vn 0.9309431 -0.06909119 -0.35856852
vn -0.8071631 0.27886894 -0.52030736
vn -0.8170296 0.29156363 -0.4974468
vn -0.7716025 0.29600272 -0.5630382
vn -0.8194807 0.28463194 -0.49742943
vn -0.8237412 0.33865178 -0.45471472
vn -0.8869322 0.28346366 -0.36469126
vn -0.80703014 0.34305337 -0.4806419
vn -0.7094353 0.5772328 -0.4043562
vn -0.87823886 0.2737046 -0.39215097
vn -0.9279602 0.26905915 -0.25787002
vn -0.6895048 0.5575166 -0.46234018
vn -0.8433319 0.325965 -0.4272449
vn -0.93262684 0.24270518 -0.26702335
vn -0.5862249 0.6555095 -0.47607523
vn -0.59173065 0.6956095 -0.40740934
vn -0.95375216 0.22718489 -0.19683476
vn -0.9464864 0.2636437 -0.18615964
vn -0.49270624 0.6963454 -0.5218656
vn -0.47327158 0.7517031 -0.45929995
vn -0.96857923 0.20735429 -0.13732626
vn -0.9492262 0.29121223 -0.11901686
vn -0.5084675 0.6447995 -0.57069665
vn -0.18565027 0.7899494 -0.5843919
vn -0.086064644 0.72909385 -0.67898095
vn -0.57668656 0.6005284 -0.55389374
vn -0.5875126 0.65212417 -0.47912723
vn -0.9819418 0.17744142 -0.0656122
vn -0.9518055 0.3066987 0.0015258642
vn 0.16987275 0.7820107 -0.5996687
vn 0.12944981 0.8141069 -0.56610304
vn -0.6460131 0.6219807 -0.44250086
vn -0.9857351 0.13814811 0.09613206
vn -0.93627214 0.30774552 0.169373
vn 0.043831132 0.80358166 -0.5935785
vn 0.0395992 0.8454823 -0.5325332
vn -0.059134565 0.84625435 -0.5294872
vn -0.056283295 0.8050722 -0.5905007
vn -0.051402785 0.8458094 -0.5310032
vn 0.046108205 0.84992635 -0.5248802
vn -0.030566221 0.8075491 -0.5890078
vn 0.035905506 0.86411643 -0.5020096
vn -0.73252785 0.52498144 -0.43335587
vn -0.9173828 0.2742993 -0.28838977
vn -0.83303946 0.47667307 -0.2807634
vn -0.94745153 0.2381146 -0.2136284
vn 0.22464703 0.8305443 -0.509637
vn 0.027782703 0.95189244 -0.30517018
vn -0.7487691 0.5989962 -0.28381035
vn -0.89000505 0.41272107 -0.19378413
vn -0.96456313 0.21193399 -0.15716828
vn -0.060369946 0.84994775 -0.5233969
vn -0.8157084 0.53757507 -0.2136186
vn -0.9296556 0.33739117 -0.14801247
vn -0.9793388 0.17873244 -0.09460553
vn -0.87705004 0.44779956 -0.1739509
vn -0.96262157 0.25143173 -0.100706205
vn -0.9882591 0.13324213 0.074769124
vn -0.9314607 0.34275314 -0.122071214
vn -0.984723 0.1698982 0.038147226
vn -0.7843361 0.5696199 -0.24566233
vn -0.8523855 0.47931185 -0.20904331
vn -0.92479336 0.3548204 -0.13733138
vn -0.97799385 0.20854491 -0.0061035207
vn -0.99493706 0.04144975 0.09155424
vn -0.97150695 0.05555743 0.23040745
vn -0.71278536 0.6307683 -0.30670562
vn -0.982479 0.16563001 -0.08544954
vn -0.94926786 0.11429551 0.2929627
vn -0.89837074 0.2814442 0.3372228
vn -0.87831515 0.27992123 0.3875649
vn -0.9622076 -0.03483288 0.27007997
vn -0.70700586 0.61743206 -0.34484833
vn -0.66770947 0.7098257 -0.22430232
vn -0.9882979 -0.11180847 0.10376031
vn -0.99911803 -0.041544486 -0.006103523
vn -0.9797656 0.12583838 -0.15564096
vn -0.7196403 -0.3652561 -0.59051317
vn -0.74047047 -0.0838084 -0.666843
vn -0.9185422 0.34456658 -0.19378892
vn -0.91518563 0.30455327 -0.2639748
vn -0.71788925 -0.023363823 -0.69576514
vn -0.83633083 0.4787957 -0.26703078
vn -0.832931 0.4303413 -0.34789696
vn -0.7015866 0.010632266 -0.7125049
vn -0.782954 0.54463464 -0.3005933
vn -0.78603196 0.49577618 -0.3692691
vn -0.71452945 0.03061656 -0.69893503
vn -0.73171186 0.5999608 -0.32348865
vn -0.74872774 0.5421148 -0.3814687
vn -0.75201315 0.043823723 -0.65768963
vn -0.73400825 0.56394684 -0.37841228
vn -0.81538576 0.026655009 -0.578304
vn -0.88874143 -0.086735554 -0.45012847
vn -0.7098305 0.61503386 -0.34332794
vn -0.7276649 0.5495634 -0.41046783
vn -0.9507237 -0.16260244 -0.26397866
vn -0.67800677 0.62646127 -0.3845169
vn -0.72335315 0.44860286 -0.5248959
vn -0.24750301 0.50010675 -0.82984066
vn 0.4044483 0.7818126 -0.4745425
vn 0.7971085 0.54455054 -0.26092649
vn 0.2648107 0.9220572 -0.28228673
vn 0.43162313 0.86019456 -0.27160025
vn 0.6800372 0.6929355 -0.23956153
vn 0.6698422 0.71201867 -0.2105729
vn 0.45725435 0.8658697 -0.20294864
vn 0.6406205 0.7549166 -0.14037862
vn 0.28438735 0.9382863 -0.19683127
vn 0.48174524 0.8675515 -0.123595335
vn 0.6068565 0.79331005 -0.048830822
vn -0.009783977 0.978505 -0.20599103
vn 0.2996368 0.94716513 -0.11443799
vn 0.51376504 0.8575387 -0.025939785
vn 0.32838482 0.9444208 -0.0152587425
vn 0.5636748 0.822743 0.07324291
vn 0.583248 0.81091565 0.047302622
vn 0.38805676 0.9182134 0.079347074
vn 0.6166051 0.7667628 0.17852984
vn 0.56323755 0.8134806 0.14495786
vn 0.4597484 0.8731953 0.16174522
vn 0.6435968 0.70770615 0.29143646
vn 0.5256404 0.8087142 0.26397654
vn 0.5800792 0.69723946 0.42114753
vn 0.54868376 0.7083728 0.44402042
vn 0.5499782 0.79535604 0.2548191
vn 0.004673157 0.9987204 0.050355647
vn 0.04944947 0.996619 -0.06561473
vn -0.43396586 0.78901154 -0.43489575
vn 0.008702783 0.99321413 -0.11597353
vn -0.4557191 0.7723503 -0.44248736
vn -0.4251528 0.8499122 -0.31127843
vn -0.11477633 0.9922645 -0.047302917
vn -0.12448325 0.99214655 -0.012207513
vn -0.4659759 0.800512 -0.37689105
vn -0.49848866 0.7602557 -0.4165576
vn -0.11236924 0.9936559 -0.004577741
vn -0.46334124 0.85275656 -0.24108349
vn -0.51879305 0.7968083 -0.30975863
vn -0.4594158 0.84419173 -0.27618384
vn -0.5172699 0.8105398 -0.2746946
vn -0.08212915 0.9953489 -0.050353955
vn -0.41777298 0.89485395 -0.15716928
vn -0.4790627 0.84983385 -0.21973033
vn -0.048382517 0.99115247 -0.123596035
vn -0.34654734 0.9267647 -0.14495601
vn -0.423632 0.88519615 -0.19225982
vn -0.64797986 0.7011348 -0.2975436
vn 0.15582314 0.9626895 -0.22124216
vn 0.053832967 0.9830119 -0.17546971
vn -0.27743542 0.94068295 -0.19530804
vn -0.18438494 0.94005686 -0.28687134
vn 0.76010156 0.61779934 0.20141897
vn 0.96269804 0.01640319 0.27008045
vn 0.9327253 0.11024429 0.3433213
vn -0.09902605 0.9288207 -0.3570517
vn -0.006198914 0.8473438 -0.5310085
vn 0.02713145 0.92461497 -0.37993565
vn 0.13055643 0.8118054 -0.5691459
vn 0.3925906 0.7562858 -0.52335876
vn 0.23920977 0.8148821 -0.5279639
vn 0.4258571 0.72010165 -0.54781324
vn 0.55245155 0.6536342 -0.51726174
vn 0.06606779 0.94950694 -0.306711
vn 0.32622883 0.8836765 -0.33569407
vn 0.40454632 0.8920618 -0.20141487
vn 0.5602882 0.6369642 -0.5294843
vn 0.51192635 0.7099069 -0.48369795
vn 0.53542835 0.6869638 -0.49132192
vn 0.4081182 0.77041316 -0.48979908
vn 0.5214978 0.7938458 -0.31280804
vn 0.57429636 0.6776735 -0.45928454
vn 0.5917489 0.6471567 -0.4806469
vn 0.6323265 0.6716651 -0.3860429
vn 0.6609916 0.70242876 -0.26397702
vn 0.6663391 0.6926131 -0.2761869
vn 0.7360476 0.6516949 -0.18310592
vn 0.71018535 0.68100363 -0.17852382
vn 0.7845828 0.61993194 -0.0106810825
vn 0.690554 0.7066711 -0.15411344
vn 0.776638 0.62953115 -0.022888577
vn 0.7870976 0.6097657 0.093076535
vn 0.8187247 0.56824356 0.082396984
vn 0.77238405 0.6230143 0.12359672
vn 0.7437234 0.6678585 -0.028991718
vn 0.73367745 0.65804946 -0.16937621
vn 0.82253367 0.5577017 0.11138775
vn 0.8209111 0.56761885 0.06256014
vn 0.8309984 0.5555964 -0.027466293
vn 0.7761999 0.6185566 0.12207099
vn 0.942751 0.3246533 0.07629364
vn 0.9124599 0.24857096 -0.32500666
vn 0.8752313 0.48003015 0.059509058
vn 0.90804255 0.41699484 -0.03967292
vn 0.88460755 -0.02942175 -0.4654072
vn 0.87291604 -0.09285429 -0.47895268
vn 0.841564 0.5401574 0
vn 0.89136475 -0.053311177 -0.4501409
vn 0.76037854 0.64645994 -0.06256218
vn 0.8854046 -0.1865892 -0.42572668
vn 0.4062544 0.4714363 -0.7827549
vn 0.23317383 0.9483357 -0.21514936
vn -0.4723027 0.81872153 -0.32653496
vn -0.39398083 0.8556239 -0.33568838
vn 0.17409964 0.97135293 -0.1617491
vn -0.3508352 0.8724269 -0.34027323
vn 0.4705208 0.87881416 -0.079346
vn 0.088712946 0.98998016 -0.10986005
vn -0.3246321 0.8859975 -0.33109277
vn 0.46163702 0.88536656 0.05493011
vn -0.02267341 0.9958181 -0.0885002
vn 0.74900323 0.5694294 0.33873942
vn 0.8880493 0.07743729 0.4531798
vn -0.16668223 0.98116255 -0.097658485
vn -0.35642123 0.87766004 -0.3204322
vn 0.4178478 0.8956112 0.15259057
vn 0.72323203 0.49142107 0.4852223
vn 0.87265617 -0.007819991 0.48827258
vn -0.23219138 0.9687734 -0.086977884
vn -0.42555353 0.8288619 -0.36316952
vn 0.35710332 0.8999171 0.25025252
vn 0.70053977 0.44033793 0.56155723
vn 0.2916417 0.8830135 0.36773947
vn 0.47348514 0.8792726 0.051878985
vn 0.31754026 0.894632 0.31432757
vn 0.51192635 0.7099069 -0.48369795
vn 0.5550507 0.68103373 -0.47761056
vn 0.53542835 0.6869638 -0.49132192
vn 0.5865943 0.655186 -0.47606546
vn 0.6323265 0.6716651 -0.3860429
vn 0.6654768 0.57106256 -0.48065388
vn 0.64233726 0.58306736 -0.49742872
vn 0.72834164 0.45969588 -0.50813204
vn 0.70145 0.48044083 -0.52644515
vn 0.8033713 0.14183697 -0.5783397
vn 0.7578725 0.16303392 -0.6317035
vn 0.7190471 -0.10703868 -0.68666875
vn 0.7846858 -0.12412865 -0.60733867
vn 0.76248807 0.2102207 -0.61189795
vn 0.8878657 0.070241064 -0.45470935
vn 0.8092753 0.43600112 -0.3936706
vn 0.7434972 0.57478935 -0.34180275
vn 0.70237035 0.6131078 -0.36162773
vn 0.82225084 0.18379529 -0.5386306
vn 0.7392091 0.4670245 -0.4852401
vn 0.8764924 0.43439585 -0.20751248
vn 0.8063394 0.56386536 -0.17852955
vn 0.7360476 0.6516949 -0.18310592
vn 0.8018335 0.578535 -0.14953318
vn 0.8405845 0.54119664 -0.02288862
vn 0.7845828 0.61993194 -0.0106810825
vn 0.7870976 0.6097657 0.093076535
vn 0.8727747 -0.14726642 -0.46537814
vn 0.817489 0.5757804 -0.0137329
vn 0.8345011 0.5469007 0.06713773
vn 0.77238405 0.6230143 0.12359672
vn 0.94960886 0.01971795 -0.3128168
vn 0.8901637 0.45193642 -0.057983667
vn 0.81013936 0.5835125 0.056457035
vn 0.8241254 0.5559497 0.10833843
vn 0.7761999 0.6185566 0.12207099
vn 0.89328706 0.15711437 -0.4211333
vn 0.924353 -0.14235303 -0.35398728
vn 0.9862823 0.024306584 -0.16326776
vn 0.87870765 0.47727248 0.0091551915
vn 0.7974776 0.59409076 0.10528765
vn 0.82492584 0.55353475 0.114440575
vn 0.78372675 0.45652226 -0.4211411
vn 0.7476804 0.65002424 0.1358032
vn 0.942751 0.3246533 0.07629364
vn 0.9497814 0.2900176 0.11749481
vn 0.9292209 0.335148 0.15564105
vn 0.6612313 0.73778766 0.13580348
vn 0.8830585 0.43583098 0.17395094
vn 0.68845296 0.6680922 -0.28228578
vn 0.7076639 0.6042394 -0.36620566
vn -0.19469222 0.89363873 0.40435714
vn -0.14729394 0.8759913 0.45928624
vn -0.31090292 0.8964209 0.31586212
vn 0.5423597 0.82884634 -0.13733043
vn -0.41370562 0.8779085 0.24108985
vn 0.8302657 0.44722387 -0.33264032
vn 0.44240156 0.8911449 -0.10070619
vn 0.9222514 0.17172416 -0.34635684
vn 0.43030882 0.8990516 -0.08087364
vn -0.44946706 0.87432927 0.1831056
vn -0.47630376 0.86311585 0.16782674
vn 0.8415623 0.45478123 -0.29145676
vn 0.970668 -0.09406982 -0.22125663
vn 0.93348956 0.22872308 -0.2761939
vn 0.8568542 0.45160082 -0.24871182
vn 0.4184674 0.90755355 -0.035094805
vn 0.40739968 0.91316843 0.012206731
vn -0.49581778 0.8523507 0.16632165
vn 0.88442206 0.41951397 -0.20446417
vn 0.9038275 0.37075335 -0.21363021
vn 0.428299 0.9014688 0.0625616
vn -0.4815944 0.8583348 0.17699787
vn 0.91769284 0.35718784 -0.1739449
vn 0.49069792 0.8633708 0.11750045
vn -0.42380387 0.880938 0.21056682
vn -0.29038665 0.9099735 0.29601318
vn 0.9783831 0.09896843 -0.18158121
vn 0.9198928 0.3491797 -0.17852366
vn 0.9513375 0.2735274 -0.1419138
vn 0.70983326 0.69691074 0.10223583
vn -0.15029576 0.9001057 0.40892655
vn 0.9357681 0.31488714 -0.1586953
vn 0.9324341 0.33031455 -0.14648856
vn 0.97642523 0.16397727 -0.14037484
vn 0.97742814 0.15511629 -0.14343369
vn -0.06952582 0.83965075 0.5386583
vn 0.8680412 0.4812517 -0.12207128
vn 0.9461281 0.28719532 -0.1495342
vn 0.98661786 0.05321728 -0.1541203
vn 0.97416455 0.002384152 -0.22582687
vn -0.022218531 0.7179542 0.6957357
vn 0.7996644 0.5897346 -0.11291624
vn 0.9864829 0.026273787 -0.16174352
vn 0.9841403 0.0116353445 -0.1770098
vn 0.98505986 0.021219462 -0.17090012
vn 0.896337 0.38422617 0.22124712
vn 0.9810791 0.03318903 -0.19074154
vn 0.82621706 0.37425297 0.42107034
vn 0.02069201 0.5837625 0.81166077
vn 0.9823446 0.045059487 -0.18157306
vn 0.9887382 0.042723253 -0.14342806
vn 0.84143186 0.24690774 0.4806547
vn 0.043491017 0.4392974 0.8972884
vn 0.98822325 0.03881556 -0.14801413
vn 0.99484634 0.021075636 -0.09917947
vn 0.8371239 0.23412384 0.49437803
vn 0.038164727 0.43908525 0.8976345
vn 0.9936951 0.012778803 -0.1113854
vn 0.82819515 0.3439051 0.44251788
vn 0.021836242 0.60235614 0.79792875
vn 0.0099188285 0.7624146 0.64701277
vn 0.8187201 0.45327625 0.35247403
vn 0.010680808 0.91454417 0.4043449
vn 0.998722 -0.024414903 -0.044252012
vn 0.99874145 -0.028609037 -0.041197013
vn 0.9979746 -0.011538933 -0.06255818
vn 0.9971697 -0.016975537 -0.07324276
vn 0.998073 -0.03404472 -0.05187767
vn 0.99794143 -0.033093046 -0.054932557
vn 0.9208069 -0.14219813 -0.3631727
vn 0.90454894 -0.15620993 -0.39672363
vn 0.8722403 -0.22978783 -0.43173414
vn 0.8456869 -0.3218531 -0.42570436
vn 0.8289953 -0.42136383 -0.36772183
vn 0.8185062 -0.49598634 -0.2899055
vn 0.5215689 -0.81134516 -0.26397926
vn 0.3284497 0.8469452 -0.4180962
vn 0.91374296 -0.1821573 -0.36317018
vn 0.9974377 -0.028514568 -0.065612115
vn 0.896363 -0.24299745 -0.37079045
vn 0.8826962 -0.33349055 -0.33110645
vn 0.65842056 0.7413907 -0.12970045
vn -0.023651367 0.99829274 -0.053406313
vn 0.9984622 -0.014876801 -0.053403895
vn 0.99728346 -0.03347485 -0.065614514
vn 0.670041 0.73684484 -0.09002544
vn 0.11148514 0.9927804 -0.04425073
vn 0.23622672 0.963003 0.12970059
vn 0.9985115 -0.011062783 -0.05340654
vn 0.9972926 -0.050546527 -0.053407654
vn 0.77884966 -0.56313306 -0.27617836
vn 0.99892104 -0.007820463 -0.04577832
vn 0.9987173 -0.024605524 -0.0442518
vn 0.96542805 0.15774159 -0.2075246
vn 0.7118636 0.70194477 0.022889504
vn -0.0667564 0.5372936 -0.84074914
vn -0.02660673 0.9963696 0.08086921
vn 0.82035667 0.53577816 0.19989158
vn 0.662694 -0.30914912 -0.68210226
vn -0.47167546 0.08811729 -0.8773583
vn -0.08797074 0.5221028 -0.84833354
vn 0.05497982 -0.8040263 -0.5920464
vn -0.8439926 -0.22527926 -0.48675007
vn -0.2949719 -0.87132585 -0.3921515
vn 0.3224288 -0.3388865 -0.8838527
vn 0.44278872 -0.8414225 0.3097518
vn 0.84580535 0.4354434 -0.30822447
vn -0.25015128 0.56790584 -0.7841602
vn -0.6276286 0.386266 -0.6759298
vn -0.85172474 -0.42037877 0.31280455
vn -0.7405292 -0.63455796 -0.22125277
vn 0.84444165 -0.15006006 -0.5141987
vn -0.7066277 -0.17669566 -0.68516856
vn 0.8644883 -0.025534116 -0.502004
vn 0.8782264 0.12233087 -0.46233484
vn -0.9698841 -0.19795841 0.14190635
vn 0.8538987 -0.011521291 -0.5203117
vn 0.85572386 0.30063108 -0.42113855
vn 0.87145305 0.11802715 -0.47606626
vn 0.857628 -0.04030413 -0.5126886
vn 0.85488343 0.27819 -0.43793222
vn 0.8809338 0.11400306 -0.45930248
vn 0.8945805 -0.11506518 -0.43184012
vn 0.8554668 0.30763903 -0.41657513
vn 0.92126745 0.1124404 -0.37232172
vn 0.9394647 -0.24195912 -0.24261476
vn 0.86508435 0.38209242 -0.32501462
vn 0.9680351 0.11524682 -0.22276917
vn 0.85164785 0.46297026 -0.24567133
vn 0.8164322 0.53586406 -0.21514669
vn 0.9153719 -0.40094012 0.03662251
vn 0.9889341 0.13305789 -0.06561106
vn 0.77905506 0.6188143 -0.100707814
vn 0.9532585 0.17377706 0.24718347
vn 0.67005473 -0.53971076 0.50964594
vn 0.7450915 0.65482795 0.12664552
vn 0.41834024 -0.52860045 0.73862904
vn 0.8049202 0.20880003 0.5554331
vn 0.37318566 -0.6589343 -0.6530988
vn -0.886343 0.38559353 -0.2563471
vn -0.87831515 0.27992123 0.3875649
vn -0.70700586 0.61743206 -0.34484833
vn -0.837721 0.3951851 0.37689814
vn -0.91037256 0.40282986 0.09460398
vn -0.774922 0.49203324 0.3967357
vn -0.89837074 0.2814442 0.3372228
vn -0.59876776 0.67356014 0.43335202
vn -0.8656373 0.46228677 0.19225788
vn -0.93627214 0.30774552 0.169373
vn -0.38499743 0.8566837 0.34332198
vn -0.765436 0.60647887 0.21515372
vn -0.904575 0.42552456 -0.025940372
vn -0.9518055 0.3066987 0.0015258642
vn -0.9492262 0.29121223 -0.11901686
vn -0.9168401 0.35711846 -0.1785235
vn -0.9464864 0.2636437 -0.18615964
vn -0.9279602 0.26905915 -0.25787002
vn -0.21285571 0.948028 0.23650634
vn -0.707612 0.6820541 0.1846276
vn -0.9160218 0.38905892 -0.09765813
vn -0.9073099 0.33901337 -0.24871393
vn -0.8869322 0.28346366 -0.36469126
vn -0.8843064 0.31139076 -0.3479051
vn -0.8170296 0.29156363 -0.4974468
vn -0.8982696 0.34057045 -0.27771112
vn -0.81798553 0.29661158 -0.49287042
vn -0.7716025 0.29600272 -0.5630382
vn -0.85997814 0.31526175 -0.40130726
vn -0.7796674 0.44307196 -0.44249982
vn -0.74390286 0.4376348 -0.50505865
vn -0.9074336 0.379663 -0.18005618
vn -0.81614727 0.4714209 -0.33416456
vn -0.72151476 0.59138364 -0.36011362
vn -0.6942577 0.5912158 -0.41045126
vn -0.8209416 0.53488046 -0.1998947
vn -0.73853314 0.61641383 -0.2731352
vn -0.4693058 0.8784344 -0.09002738
vn -0.47741625 0.87252927 -0.10376127
vn -0.43611813 0.89522 -0.09155334
vn -0.39577267 0.9150455 -0.0778194
vn -0.71411186 0.6776815 -0.17547621
vn -0.35248327 0.93580693 -0.004577705
vn -0.9091319 0.3942703 -0.1342765
vn -0.6590793 0.7506791 -0.045776024
vn -0.32538018 0.9448136 0.038145386
vn -0.7939389 0.6012955 -0.09002742
vn -0.708399 0.70501345 0.0335698
vn -0.57554513 0.81701666 0.035095382
vn -0.33769625 0.94041866 0.039672874
vn -0.8892255 0.4485229 0.09002884
vn -0.8903639 0.45512414 -0.010681315
vn -0.49666455 0.86778027 0.016784362
vn -0.3283478 0.94451255 0.00915521
vn -0.7371953 0.5855124 0.33722153
vn -0.8232092 0.5313858 0.19988956
vn -0.60930055 0.70171124 0.3692615
vn -0.8356121 0.5334156 0.131226
vn -0.731271 0.6430808 0.22735398
vn -0.49380338 0.8181896 0.29448915
vn -0.7738041 0.62355417 0.111388125
vn -0.6294398 0.7517036 0.19684298
vn -0.36669832 0.91183424 0.18463664
vn -0.6924408 0.7150421 0.0961273
vn -0.59996617 0.797809 0.05951023
vn -0.5405423 0.83470297 0.105285585
vn -0.44975784 0.89126635 0.057984054
vn -0.47196886 0.88142496 0.018310368
vn -0.5796514 0.8134003 0.048828814
vn -0.34455705 0.93873435 -0.0076292725
vn -0.51154315 0.85886604 -0.025939548
vn -0.47837096 0.87815785 0
vn -0.31929573 0.9468243 -0.03967354
vn -0.56457615 0.82225937 -0.07171643
vn -0.28095633 0.9542597 -0.102235295
vn -0.67919886 0.70995444 -0.186155
vn -0.23374033 0.97091407 -0.051878717
vn -0.7245956 0.6562177 -0.21056949
vn -0.09546326 0.9920168 -0.082397856
vn -0.48273632 0.8736364 -0.061033435
vn -0.22316398 0.9741489 0.035095874
vn -0.21094769 0.97577614 -0.05798201
vn -0.22259204 0.967045 -0.12359866
vn -0.7334784 0.6601878 -0.16174483
vn 0.011348876 0.9946955 -0.102235235
vn -0.44183752 0.89511913 -0.059509303
vn -0.065040186 0.9961067 0.05950891
vn -0.71659636 0.69017935 0.10070878
vn -0.46835545 0.8816355 -0.05798414
vn -0.15821764 0.98421097 -0.07934724
vn -0.17327946 0.976497 -0.12817149
vn -0.71239 0.69384116 -0.10528494
vn 0.05579071 0.9883062 -0.14190869
vn -0.14648513 0.985246 -0.08850144
vn -0.030517096 0.9951911 -0.093077146
vn -0.7596353 0.6481529 0.05340478
vn -0.8196248 0.5680011 0.07476709
vn -0.14686683 0.97914404 -0.1403818
vn -0.16832633 0.971858 -0.16479768
vn -0.67719394 0.73183864 -0.0762928
vn 0.10890863 0.97498024 -0.1937849
vn -0.06351584 0.9795839 -0.19073825
vn -0.8727621 0.43890858 0.21364811
vn -0.21524294 0.9459436 -0.24261323
vn -0.64915067 0.7520021 -0.11443821
vn 0.17538273 0.92040175 -0.3494303
vn -0.5997726 0.77320015 -0.20599599
vn 0.2355552 0.7899682 -0.56609535
vn 0.30920178 0.6432722 -0.70042497
vn -0.27941936 0.8984333 -0.33873636
vn -0.17538346 0.95335543 -0.24567038
vn -0.5358814 0.78174406 -0.31891572
vn 0.37881967 0.57349885 -0.7263572
vn -0.30536646 0.85849744 -0.41198722
vn -0.3176756 0.8191281 -0.4776101
vn -0.5062069 0.7617423 -0.40435523
vn 0.4320099 0.59356064 -0.67900896
vn -0.21056825 0.90883845 -0.3601022
vn -0.4456431 0.89257365 -0.06866318
vn -0.49333516 0.76608574 -0.41198686
vn 0.4754968 0.7002277 -0.5325259
vn -0.23708963 0.8576856 -0.45624974
vn -0.4119991 0.89957905 -0.14496265
vn -0.436491 0.8969666 -0.070189506
vn -0.42485613 0.9034987 -0.05645675
vn -0.14190403 0.976067 -0.16479178
vn -0.37965336 0.88666844 -0.263974
vn -0.18596481 0.9686383 -0.16479343
vn -0.39196452 0.9110076 -0.12817526
vn -0.12869729 0.9634416 -0.23498343
vn -0.832133 0.44713253 0.32806572
vn -0.20437346 0.9524872 -0.22583124
vn -0.64835805 0.7546454 0.100708395
vn -0.25071722 0.94719905 -0.19988716
vn -0.3757986 0.8883076 -0.26397932
vn -0.35686833 0.84210247 -0.40436178
vn -0.21195625 0.90294796 -0.3738441
vn -0.015544775 0.88972384 -0.4562344
vn -0.38318697 0.83120006 -0.4028327
vn -0.271696 0.80364424 -0.5294687
vn 0.1316178 0.7549425 -0.6424474
vn -0.45133042 0.8470373 -0.28076425
vn -0.1689465 0.82542026 -0.5386451
vn -0.34908742 0.7803804 -0.5187913
vn 0.16367863 0.6948356 -0.70029473
vn -0.40455067 0.7817546 -0.47455072
vn -0.38217932 0.76159304 -0.5233687
vn -0.15019315 0.76054955 -0.6316695
vn 0.17818923 0.68009907 -0.71113557
vn -0.41971764 0.7094774 -0.5661085
vn -0.14032906 0.7162644 -0.6835738
vn 0.19951518 0.6578351 -0.7262553
vn -0.08777351 0.6752803 -0.7323199
vn -0.43304557 0.6322887 -0.6424038
vn 0.2492443 0.69057727 -0.6789553
vn -0.40303633 0.61361426 -0.6789988
vn -0.347928 0.65896976 -0.6668621
vn -0.37457705 0.7005974 -0.6073346
vn 0.31391135 0.77762556 -0.5447551
vn -0.27882558 0.7363341 -0.6164968
vn -0.35894957 0.6420253 -0.6774649
vn -0.3586733 0.7254289 -0.5874575
vn 0.3351804 0.67610687 -0.6561506
vn 0.36859483 0.859546 -0.3540036
vn -0.26663753 0.7755709 -0.57218355
vn -0.36821666 0.66473883 -0.6500297
vn -0.30898738 0.7467433 -0.58898336
vn 0.9966934 0.063771546 -0.050354425
vn 0.9640057 0.22580248 -0.14037853
vn 0.91091055 0.38907892 -0.13733038
vn 0.40274093 0.76030105 -0.509649
vn 0.94042647 0.31791013 0.120545484
vn 0.49381265 0.82194823 -0.28381354
vn 0.9328242 0.16181257 0.32195622
vn 0.39181915 0.90678215 -0.15564047
vn 0.5728214 0.81944025 -0.01983632
vn 0.4952514 0.8684066 0.024414472
vn 0.47636023 0.8455514 -0.24108884
vn -0.7406201 0.42326853 -0.52184826
vn -0.4111805 0.59953296 -0.6866519
vn -0.51242065 0.5699231 -0.64234954
vn -0.14952643 0.72164625 -0.67592055
vn -0.34310853 0.61555463 -0.70948505
vn -0.32709277 0.637807 -0.6972892
vn -0.0013351216 0.76252127 -0.6469617
vn -0.39368623 0.62468547 -0.6743731
vn -0.3406773 0.6238519 -0.703383
vn -0.42582884 0.6098937 -0.66835576
vn -0.2941916 0.66630656 -0.6851913
vn -0.37043843 0.6337463 -0.6790735
vn -0.32491484 0.6660899 -0.67138267
vn -0.031756304 0.7720692 -0.6347446
vn -0.30427027 0.68473923 -0.6622324
vn -0.4639921 0.61151105 -0.6409099
vn -0.418771 0.6164988 -0.6667533
vn -0.39717114 0.6494439 -0.64844257
vn -0.6276286 0.386266 -0.6759298
vn -0.49775973 0.60230404 -0.62407124
vn -0.44199386 0.60677594 -0.6606544
vn -0.47288764 0.5981549 -0.64698386
vn -0.47800484 0.5990676 -0.64236224
vn -0.44013673 0.6047887 -0.6637096
vn -0.3904401 0.6332303 -0.6682633
vn -0.34355196 0.68075025 -0.6469553
vn -0.41142413 0.6294388 -0.6591941
vn -0.38964605 0.62056327 -0.6804978
vn -0.4003632 0.61363435 -0.68056023
vn -0.37195233 0.6296871 -0.68201596
vn -0.30418813 0.64413506 -0.7018259
vn -0.23748872 0.66823375 -0.70502675
vn -0.19663642 0.7029132 -0.68355477
vn -0.46453038 0.59967864 -0.6516111
vn -0.35562262 0.64062613 -0.6805371
vn -0.25015128 0.56790584 -0.7841602
vn 0.17500944 0.7172526 -0.6744779
vn -0.30676308 0.6730858 -0.67294276
vn -0.0025273957 0.6840659 -0.7294159
vn -0.09065075 0.6747543 -0.7324541
vn -0.10704048 0.6554501 -0.74761456
vn -0.08795989 0.64244103 -0.76127034
vn -0.060378533 0.641666 -0.764604
vn 0.0227002 0.6386816 -0.7691362
vn 0.29365733 0.5261321 -0.7980917
vn -0.16470408 0.75621295 -0.6332571
vn -0.4927516 0.6621677 -0.56456155
vn -0.61386806 0.72346693 -0.3158507
vn -0.90827155 0.038981102 0.41656134
vn 0.5334826 -0.84576154 -0.009155224
vn -0.5406328 -0.47730944 0.6927424
vn -0.9690184 0.025546286 0.24566394
vn -0.5445423 -0.6271296 0.55693996
vn -0.6178001 0.7153268 -0.32654336
vn -0.99696773 -0.07437443 0.022888105
vn -0.51202434 -0.8203035 0.2548201
vn -0.52575845 -0.8491422 -0.0503538
vn -0.45328405 0.82697153 -0.33264354
vn 0.53719795 0.7886548 -0.29906848
vn -0.6037697 0.7489067 -0.27313167
vn -0.9762404 -0.15535975 -0.15105645
vn 0.21038261 -0.87480813 -0.43640563
vn -0.71140015 0.53717387 -0.45315996
vn -0.47464305 0.8764553 -0.08087146
vn -0.5910828 0.7855534 -0.18310407
vn -0.37393606 0.9056576 -0.19989032
vn 0.24524006 0.9628641 -0.11291629
vn 0.21400279 0.97114253 -0.105284795
vn 0.09736964 0.9045792 -0.41503692
vn 0.19779347 0.96991754 -0.14190775
vn -0.01397118 0.925531 -0.37841395
vn 0.18658558 0.9725767 -0.13885438
vn -0.15950266 0.90330005 -0.39825597
vn 0.22377926 0.97164917 -0.0762938
vn -0.29340222 0.891031 -0.3463796
vn -0.43993512 0.86463517 -0.24261759
vn 0.2296909 0.96704304 -0.10986253
vn 0.2163426 0.96786726 -0.12817477
vn 0.43801945 0.8931334 0.10223315
vn 0.34165376 0.9159326 0.21057127
vn 0.221703 0.9698999 -0.10070689
vn 0.24524006 0.9628641 -0.11291629
vn 0.56582004 0.81835526 0.10070892
vn 0.27861226 0.95931214 -0.04577576
vn 0.69679546 0.70516396 0.13122435
vn 0.34294137 0.9393456 0.004577638
vn 0.78970194 0.5946011 0.15106429
vn 0.27809134 0.96034974 -0.019836422
vn 0.7643158 0.6140657 0.19683671
vn 0.4250112 0.8090853 0.40588972
vn 0.41303524 0.90985054 0.039672747
vn 0.8390894 0.52170694 0.15411359
vn 0.536491 0.8369232 0.108337715
vn 0.80004936 0.59007096 0.10833902
vn 0.81176287 0.5735602 0.10986263
vn 0.79754734 0.59045964 0.12359456
vn 0.81242937 0.5701382 0.12206945
vn 0.85470605 0.51391923 0.07324418
vn 0.83263063 0.5387936 0.12817037
vn 0.9946733 0.032990873 -0.09765536
vn 0.99458104 0.09095614 -0.050353706
vn 0.991764 0.050975848 -0.11749719
vn 0.98630655 0.044894975 -0.15869407
vn 0.9525101 0.2839983 -0.109861
vn 0.84126043 0.5317365 -0.097659074
vn 0.41360444 -0.89932984 -0.14190532
vn 0.7684892 -0.6349239 -0.0793476
vn 0.9309431 -0.06909119 -0.35856852
vn 0.99831545 0.0020504186 -0.05798393
vn 0.97500765 0.21027893 -0.071714185
vn 0.14944193 0.9864884 0.0671392
vn 0.48272 0.87189037 0.08239236
vn 0.7354756 0.6706971 -0.096130624
vn 0.9524397 0.29337564 -0.082397915
vn 0.90812325 0.41140693 -0.07782278
vn 0.97966796 0.18959431 0.06561001
vn 0.9691479 0.24219161 0.045777503
vn 0.74501973 0.65661305 -0.11749415
vn 0.66814387 0.74126685 -0.064086884
vn 0.82427 0.54732585 0.14496014
vn 0.95212567 0.29215112 0.090024695
vn 0.55274403 0.8324062 0.039672453
vn 0.95969075 0.25804266 0.11139012
vn 0.92876387 0.35495007 0.10680927
vn 0.5254802 0.8508059 0
vn 0.690378 0.7192511 -0.077821314
vn 0.83163565 0.53845906 0.13580841
vn 0.815083 0.5558636 0.16326456
vn 0.8265615 0.52379537 0.20599663
vn 0.79908854 0.58112496 0.15411471
vn 0.93610245 0.3225004 0.14037722
vn 0.8991019 0.4135745 0.14342907
vn 0.49857903 0.8668389 0.003051746
vn 0.90921986 0.38296622 0.16326667
vn 0.8922869 0.41910586 0.16785216
vn 0.51650494 0.856272 -0.004577592
vn 0.90560925 0.388825 0.16937259
vn 0.89671075 0.39794344 0.1937803
vn 0.58078414 0.81388456 -0.016784567
vn 0.87879324 0.3891628 0.27617854
vn 0.6564245 0.7534266 0.038147576
vn 0.90845335 0.36792073 0.19836059
vn 0.78562504 0.44308832 0.43181723
vn 0.6642268 0.7255235 0.18005171
vn 0.9234128 0.34366325 0.1708929
vn 0.88407093 0.36164534 0.29602548
vn 0.5836016 0.57466686 0.57373106
vn 0.54040426 0.7661112 0.34790343
vn 0.35385585 0.8374155 0.416559
vn 0.9226516 0.32978833 0.19988403
vn 0.77417374 0.42737862 0.4669074
vn 0.34006396 0.70485073 0.6225288
vn 0.25192446 0.7396063 0.6241127
vn 0.32855996 0.46427122 0.8224966
vn 0.5492225 0.2622537 0.79345924
vn 0.5736149 0.5920008 0.56612813
vn 0.53565335 0.5867128 0.6073249
vn 0.75047266 -0.018413162 0.6606449
vn 0.89018214 0.32686228 0.31739083
vn 0.75110734 0.40436926 0.52184606
vn 0.8866478 -0.21591893 0.4089433
vn 0.91800743 -0.29178873 0.26855487
vn 0.8702495 -0.4329491 0.2349912
vn 0.79887927 0.5826075 -0.14953355
vn 0.6802742 0.7187858 0.14343648
vn 0.06017681 0.9574407 -0.2822874
vn 0.7696202 0.56249857 0.302126
vn 0.59443015 0.76997316 0.23193549
vn 0.20752004 0.9542778 -0.21514945
vn 0.8167281 0.3591067 0.45166096
vn 0.80279756 -0.34219983 0.48827788
vn 0.7833454 -0.24280463 0.5722026
vn 0.49671698 0.7868699 0.36620778
vn 0.23102835 0.95809114 -0.1693731
vn 0.67633337 0.628269 0.38451436
vn 0.7353084 0.40732586 0.54167074
vn 0.660148 -0.30799755 0.6850854
vn 0.34436607 0.75803924 0.5538848
vn 0.25940064 0.95859617 -0.11749322
vn 0.5593463 0.64030373 0.5264436
vn 0.6074577 0.36909968 0.7033922
vn 0.47596535 -0.4294274 0.7674954
vn 0.23865545 0.73095083 0.6393391
vn 0.26998627 0.9605206 -0.06713893
vn 0.3721566 0.55208397 0.7461251
vn 0.3846616 0.21828473 0.8968764
vn 0.22479488 0.46870598 0.85427284
vn 0.5975459 0.6686778 0.44250298
vn 0.39509988 -0.5523648 0.73402256
vn 0.2581893 0.1061715 0.9602427
vn 0.24631546 0.47717363 0.843584
vn 0.09736964 0.9045792 -0.41503692
vn 0.38742462 0.8881441 -0.24718882
vn 0.24524006 0.9628641 -0.11291629
vn -0.19592035 0.3888845 -0.9002133
vn -0.01397118 0.925531 -0.37841395
vn 0.03817055 -0.9884765 -0.14648335
vn -0.5149885 0.34241968 -0.7858344
vn -0.15950266 0.90330005 -0.39825597
vn -0.37130675 -0.45312777 -0.81043595
vn -0.71717036 0.22601429 -0.6592301
vn -0.6913076 -0.6246706 -0.36315346
vn -0.29340222 0.891031 -0.3463796
vn -0.8555144 0.18065417 -0.48524135
vn -0.8966863 0.30541217 -0.32043245
vn -0.43993512 0.86463517 -0.24261759
vn -0.5226208 -0.8520721 0.028992102
vn -0.6897419 -0.6959169 -0.19988926
vn -0.625313 -0.5306387 -0.5721943
vn -0.19374102 -0.97895724 0.06408761
vn -0.12216532 -0.9925097 0
vn 0.31210598 -0.4863218 0.8161378
vn 0.49428865 0.39929366 0.772168
vn 0.43101186 -0.63676643 0.63934135
vn -0.69260705 -0.7095586 -0.12969989
vn -0.6570839 -0.7201459 -0.22277911
vn -0.35739058 -0.9313137 -0.07019065
vn -0.383374 -0.9133265 -0.13732798
vn -0.31647685 -0.9485009 -0.013732912
vn -0.25706387 -0.9661233 0.022888267
vn -0.21510108 -0.97486895 0.057983354
vn 0.43482366 -0.78601086 0.4394489
vn 0.33421716 -0.912338 0.23651263
vn 0.22382474 -0.9677058 0.11596544
vn 0.16069384 -0.98662204 0.02746577
vn 0.74453044 0.23716265 0.6240419
vn 0.8836049 0.035213545 0.4669073
vn 0.9362097 -0.16603251 0.30974934
vn 0.07638864 -0.99340993 -0.08544846
vn 0.921397 -0.3140703 0.22888294
vn 0.90465033 -0.39489043 0.16021636
vn 0.43801945 0.8931334 0.10223315
vn 0.34165376 0.9159326 0.21057127
vn 0.38742462 0.8881441 -0.24718882
vn 0.56582004 0.81835526 0.10070892
vn 0.69679546 0.70516396 0.13122435
vn 0.78970194 0.5946011 0.15106429
vn 0.8390894 0.52170694 0.15411359
vn 0.8830585 0.43583098 0.17395094
vn 0.87637264 -0.47714362 0.065612316
vn 0.9292209 0.335148 0.15564105
vn -0.0315663 -0.98802036 -0.15106048
vn 0.8256895 -0.5640734 -0.007629379
vn 0.9497814 0.2900176 0.11749481
vn -0.4199077 -0.8919105 -0.16784863
vn -0.07472151 -0.9799628 -0.18463413
vn 0.8036149 -0.5913505 -0.067138776
vn 0.814184 -0.5478517 -0.19225709
vn 0.942751 0.3246533 0.07629364
vn 0.9124599 0.24857096 -0.32500666
vn 0.31881353 -0.48139182 -0.81646794
vn -0.7633683 -0.5909202 -0.2609252
vn -0.256111 -0.94607526 -0.19836561
vn -0.6758131 -0.7169875 -0.17089637
vn -0.45996004 -0.87073404 -0.1739513
vn -0.3858118 -0.90513897 -0.17852916
vn -0.8938558 -0.4358179 -0.105282925
vn -0.6796767 -0.71746564 -0.15258633
vn -0.8587058 -0.47441497 -0.19379056
vn -0.5073617 -0.8467076 -0.16021949
vn -0.48769855 -0.8611493 -0.14342952
vn -0.9043396 -0.4249657 -0.03967364
vn -0.8749382 -0.48093233 0.056456853
vn -0.52527875 -0.8407512 -0.13122432
vn -0.5431183 -0.83708876 -0.06561288
vn -0.79988796 -0.5674794 0.19531094
vn -0.54210794 -0.83841014 -0.056456666
vn -0.47235724 -0.8813425 0.010681206
vn -0.6889059 -0.6486597 0.3234954
vn -0.5570418 -0.8284578 0.057983465
vn 0.36482438 -0.90936685 -0.1998881
vn 0.5557551 -0.77743727 -0.29449537
vn -0.3443745 -0.9379938 0.03967317
vn -0.49887195 -0.818356 0.28534216
vn -0.55876744 -0.8108756 0.17395319
vn -0.45623907 -0.77805734 0.43182492
vn -0.60920215 -0.7041873 0.364682
vn -0.6614215 -0.7122523 0.23498558
vn -0.7596836 -0.5850928 0.2838085
vn -0.699576 -0.70582265 0.11139047
vn -0.810131 -0.5680454 0.14495575
vn -0.8901801 -0.42534855 0.1632728
vn -0.72449756 -0.6891405 -0.013732743
vn -0.8319645 -0.55461913 0.015258406
vn -0.72638905 -0.68175864 -0.08697215
vn -0.9105406 -0.41104499 0.04424914
vn -0.7126913 -0.6910426 -0.12054621
vn -0.81404203 -0.57820255 -0.05493067
vn -0.69588053 -0.70460653 -0.13885188
vn -0.778384 -0.6201466 -0.097655624
vn -0.9153301 -0.40251923 -0.012206944
vn -0.9283181 -0.36836123 0.050354626
vn -0.7407306 -0.6603346 -0.12359815
vn -0.962858 -0.24235964 0.11902207
vn -0.9323809 -0.36139658 -0.0076291785
vn -0.91856205 -0.39185748 -0.051878918
vn -0.8645298 -0.4816785 -0.1434366
vn -0.9767715 -0.1618952 0.14038348
vn -0.9698841 -0.19795841 0.14190635
vn -0.9442323 -0.30065754 0.13427727
vn -0.9259179 -0.36721057 -0.08850055
vn -0.9330621 -0.35638613 -0.048827454
vn -0.92889035 -0.3683851 0.038147442
vn -0.97835964 -0.18912862 0.083922066
vn -0.9332947 -0.34683833 0.09308151
vn -0.9336471 -0.34669638 -0.09002685
vn -0.865256 -0.5003051 -0.032042988
vn -0.973504 -0.22834381 0.012206947
vn -0.9355533 -0.32539326 -0.13732892
vn -0.80824304 -0.57936007 -0.10528617
vn -0.9890153 0.13722815 0.054929394
vn 0.47664127 -0.8427291 -0.25024146
vn -0.96406186 -0.25623837 -0.070189886
vn -0.7706456 -0.6239264 -0.12969658
vn -0.92957 -0.31169257 -0.19684339
vn -0.82986754 -0.49637565 -0.25481567
vn -0.94712055 -0.299188 -0.11597005
vn -0.7290784 -0.66955763 -0.14190565
vn -0.98462844 0.17315634 -0.022887247
vn -0.9146433 -0.33217922 -0.23040122
vn -0.32530084 0.9400678 0.10223468
vn -0.33369064 0.94099045 0.05645752
vn -0.3578195 0.9332919 -0.030517653
vn 0.14944193 0.9864884 0.0671392
vn 0.9309431 -0.06909119 -0.35856852
vn 0.48272 0.87189037 0.08239236
vn 0.55274403 0.8324062 0.039672453
vn 0.5254802 0.8508059 0
vn -0.982938 0.16288523 -0.08544799
vn -0.38394746 0.91697735 -0.108336896
vn 0.49857903 0.8668389 0.003051746
vn -0.9818817 0.1272889 -0.1403778
vn -0.91989076 -0.36317375 -0.14800647
vn -0.9736988 0.09405586 -0.20751897
vn -0.40101734 0.89880806 -0.17700075
vn -0.89797986 -0.4104257 -0.15869142
vn -0.36525 0.89448106 -0.2578684
vn 0.51650494 0.856272 -0.004577592
vn -0.9545715 0.11554236 -0.27466938
vn -0.69495314 -0.71175 -0.10223546
vn -0.27618277 0.90057427 -0.33569175
vn 0.58078414 0.81388456 -0.016784567
vn 0.6564245 0.7534266 0.038147576
vn -0.9033517 -0.3927129 -0.17243032
vn -0.9210562 0.17799091 -0.34637362
vn -0.13017711 0.9025374 -0.41046318
vn 0.6642268 0.7255235 0.18005171
vn -0.83073694 0.26167357 -0.4913278
vn 0.033854786 0.8787582 -0.47606507
vn 0.54040426 0.7661112 0.34790343
vn -0.9053854 -0.3595579 -0.22582184
vn -0.6324776 0.3000263 -0.71411216
vn 0.18071626 0.84304255 -0.5065777
vn 0.35385585 0.8374155 0.416559
vn -0.87077695 -0.33963618 -0.3555204
vn -0.6588976 -0.7485077 -0.07476851
vn -0.3532762 0.22056521 -0.90914625
vn 0.28795186 0.7897338 -0.541668
vn 0.25192446 0.7396063 0.6241127
vn -0.72635174 -0.3852902 -0.56917894
vn -0.013073197 0.05269536 -0.9985251
vn 0.12992398 -0.7094527 -0.69267356
vn 0.70490164 0.69025886 0.1632675
vn 0.20576133 -0.47454333 0.85584515
vn -0.15260239 -0.7151277 -0.68213266
vn -0.6000568 -0.789622 -0.1281749
vn 0.31423646 -0.91700774 0.2456671
vn -0.46325046 -0.55088466 -0.69420815
vn -0.43591836 -0.88210195 -0.17852528
vn -0.090884976 -0.99580413 -0.01068113
vn -0.24337691 -0.9627893 -0.11749231
vn 0.36964217 -0.8266956 0.42419204
vn 0.34073004 -0.6534698 0.6759291
vn 0.32855996 0.46427122 0.8224966
vn 0.25192446 0.7396063 0.6241127
vn 0.5492225 0.2622537 0.79345924
vn 0.75047266 -0.018413162 0.6606449
vn 0.8866478 -0.21591893 0.4089433
vn 0.91800743 -0.29178873 0.26855487
vn 0.27580336 -0.9441997 0.18005419
vn 0.8702495 -0.4329491 0.2349912
vn -0.6770061 -0.7338088 -0.056456916
vn 0.245382 -0.9558381 0.1617442
vn 0.79887927 0.5826075 -0.14953355
vn -0.8506616 -0.45982936 -0.25481704
vn -0.7495539 0.44528607 -0.48978484
vn 0.06017681 0.9574407 -0.2822874
vn -0.8736399 -0.37142184 -0.31432346
vn -0.49861798 0.5681661 -0.6546506
vn 0.20752004 0.9542778 -0.21514945
vn -0.75835186 -0.5587624 -0.33568892
vn -0.75551564 -0.39805508 -0.52033484
vn -0.29650488 0.54490757 -0.78432167
vn 0.23102835 0.95809114 -0.1693731
vn -0.56581205 -0.3817634 -0.73083067
vn -0.64973795 -0.60104096 -0.46539277
vn -0.55984706 -0.75687355 -0.33721477
vn 0.42318952 -0.88540787 0.19225918
vn -0.5226208 -0.8520721 0.028992102
vn 0.4250112 0.8090853 0.40588972
vn 0.80279756 -0.34219983 0.48827788
vn 0.7833454 -0.24280463 0.5722026
vn -0.023739453 0.5243237 -0.85118806
vn 0.25940064 0.95859617 -0.11749322
vn -0.2706116 -0.30582738 -0.91281927
vn -0.5040414 -0.5686559 -0.65005594
vn -0.48217195 -0.78341025 -0.39214617
vn 0.33178487 -0.9301707 0.15716627
vn 0.660148 -0.30799755 0.6850854
vn 0.3001713 -0.9441686 0.13580427
vn 0.47596535 -0.4294274 0.7674954
vn 0.1372573 0.56782526 -0.81162494
vn 0.26998627 0.9605206 -0.06713893
vn -0.08509314 -0.23327914 -0.9686794
vn -0.38033503 -0.75070393 -0.5401749
vn -0.26100343 -0.45470545 -0.8515399
vn 0.28767824 -0.95578027 0.061035655
vn 0.39509988 -0.5523648 0.73402256
vn -0.19971341 -0.61478156 -0.7629929
vn 0.47600508 0.039418835 -0.87855864
vn 0.5975459 0.6686778 0.44250298
vn 0.31585371 -0.94872934 -0.012206906
vn 0.01068652 -0.2991271 -0.9541535
vn -0.101658225 -0.36201724 -0.92661154
vn -0.059396084 -0.50365114 -0.8618629
vn 0.28795186 0.7897338 -0.541668
vn 0.70490164 0.69025886 0.1632675
vn 0.25192446 0.7396063 0.6241127
vn 0.20576133 -0.47454333 0.85584515
vn -0.030237667 -0.414361 -0.9096101
vn -0.07235154 -0.42629004 -0.90168846
vn -0.07025154 -0.47767234 -0.8757247
vn -0.04407374 -0.4804836 -0.8758955
vn 0.014595648 -0.41132045 -0.9113739
vn 0.034145202 -0.484169 -0.87430793
vn 0.07149822 -0.5837762 -0.80876034
vn -0.032099094 -0.52312464 -0.8516515
vn -0.019636618 -0.55712193 -0.8301985
vn 0.108971484 -0.6670229 -0.73702496
vn 0.07486073 -0.6293974 -0.7734694
vn 0.16740757 -0.58902663 -0.7905835
vn 0.12691244 -0.7187632 -0.6835736
vn 0.16069531 -0.7014846 -0.69433147
vn 0.5426143 -0.5881103 -0.59974664
vn 0.13674834 -0.7434947 -0.654611
vn 0.55922234 -0.65385264 -0.50965405
vn 0.15557228 -0.7517062 -0.6408862
vn 0.92115515 -0.3330235 -0.20141624
vn 0.9988487 -0.04787531 0.0030518128
vn 0.55593127 -0.6727059 -0.48826966
vn 0.8129714 -0.4911493 -0.3128097
vn -0.18068501 -0.715856 -0.67446494
vn 0.6032635 -0.5895633 -0.53711104
vn 0.6939919 -0.51309454 -0.5050834
vn 0.0556492 -0.75915617 -0.64852536
vn -0.32882795 -0.6879734 -0.64696586
vn 0.792133 -0.4714987 -0.387575
vn 0.49324405 -0.71888506 -0.4898108
vn 0.7167734 -0.5952767 -0.363155
vn -0.09200688 -0.76466566 -0.6378253
vn 0.45260885 -0.813051 -0.36618763
vn 0.66310704 -0.7032578 -0.25635433
vn 0.58211493 -0.812138 -0.03967231
vn -0.25704595 -0.82109743 -0.50963354
vn -0.51223207 -0.69688255 -0.50196904
vn -0.67109185 -0.709929 -0.2136272
vn 0.89453936 -0.41427833 -0.16784757
vn 0.3740135 0.9187358 0.12664327
vn -0.8688762 -0.48370352 -0.10528563
vn -0.40207052 -0.8880911 -0.22278571
vn 0.3683695 -0.92122173 -0.12511832
vn -0.42006397 -0.9073392 -0.016784918
vn 0.2673379 -0.9627216 0.041202273
vn 0.49487346 -0.86396635 0.09307187
vn 0.18736912 -0.97711366 0.10070585
vn 0.43144974 -0.8934176 0.12512423
vn -0.77903277 -0.6267584 -0.016784767
vn -0.385308 -0.92086726 0.059509236
vn 0.13603659 -0.98739773 0.08086858
vn 0.39337227 -0.9143402 0.09612588
vn -0.7561709 -0.6532613 0.038146645
vn -0.35092768 -0.93478996 0.05493154
vn 0.10879432 -0.9937644 -0.024414942
vn 0.37616557 -0.9263715 -0.01831
vn -0.7227196 -0.69046724 0.030517891
vn -0.30382293 -0.9519022 -0.039670542
vn 0.108161725 -0.9688544 -0.22276023
vn 0.38030127 -0.90433013 -0.19379866
vn -0.6706962 -0.73795414 -0.07476816
vn -0.25042325 -0.93188727 -0.26243898
vn 0.09274421 -0.83445936 -0.5432092
vn 0.38399294 -0.7947839 -0.46996576
vn -0.5872631 -0.74521923 -0.31586462
vn -0.18979402 -0.7832103 -0.59208107
vn 0.074830845 -0.583194 -0.8088789
vn 0.4192902 -0.5604525 -0.71420497
vn -0.45111185 -0.6364823 -0.6256104
vn -0.7351218 -0.5800246 -0.35095206
vn -0.8091046 -0.57641345 -0.11444343
vn -0.84456515 -0.5353985 0.007629476
vn -0.86513627 -0.5008655 0.025939725
vn -0.88308156 -0.46901858 -0.013732956
vn -0.88864094 -0.4484153 -0.096129864
vn -0.8748392 -0.4478475 -0.1846322
vn -0.8421894 -0.4957144 -0.21209481
vn -0.84998465 -0.44860768 -0.27618363
vn -0.80004674 -0.50622284 -0.3219684
vn -0.8450674 -0.4280023 -0.3204296
vn -0.7864235 -0.4858117 -0.3814776
vn -0.89011127 -0.3808947 -0.2502423
vn -0.837709 -0.44441935 -0.31738788
vn -0.956816 -0.26721966 -0.11444098
vn -0.9079868 -0.37384376 -0.18921071
vn -0.99636465 -0.08506787 0.0045776432
vn -0.23286653 0.9433148 0.23649621
vn -0.24466991 0.9410812 0.23345834
vn 0.062406976 -0.43362957 -0.89892757
vn 0.032268364 -0.42784497 -0.9032759
vn 0.044759996 -0.4857068 -0.872975
vn 0.047608618 -0.49361303 -0.86837745
vn 0.014595648 -0.41132045 -0.9113739
vn 0.034145202 -0.484169 -0.87430793
vn 0.017781004 -0.57976556 -0.8145892
vn -0.015708305 -0.53670436 -0.8436242
vn 0.07149822 -0.5837762 -0.80876034
vn -0.09759512 -0.64618313 -0.75691646
vn -0.3150962 -0.5747919 -0.75520104
vn 0.108971484 -0.6670229 -0.73702496
vn -0.46714562 -0.63382834 -0.61647105
vn -0.8098974 -0.42781276 -0.4013009
vn 0.24377683 -0.7183847 -0.6515338
vn 0.12691244 -0.7187632 -0.6835736
vn -0.50142217 -0.70359313 -0.5035202
vn 0.33030137 -0.7326308 -0.59510756
vn 0.13674834 -0.7434947 -0.654611
vn 0.41923937 -0.6921837 -0.5874692
vn 0.6032635 -0.5895633 -0.53711104
vn -0.4119112 -0.754348 -0.5111637
vn 0.5282906 -0.64087236 -0.5569486
vn 0.6939919 -0.51309454 -0.5050834
vn -0.28762975 -0.7888184 -0.5431709
vn 0.6508205 -0.62235403 -0.43486577
vn 0.792133 -0.4714987 -0.387575
vn -0.7627161 -0.5432236 -0.35095906
vn -0.69798076 -0.6172061 -0.36315218
vn -0.99877435 -0.024986045 0.042724233
vn -0.23919451 0.94323516 0.23042023
vn -0.3150962 -0.5747919 -0.75520104
vn -0.6383593 -0.66053283 -0.3952134
vn -0.17709616 -0.8829059 -0.43487263
vn -0.6038733 -0.7442557 -0.28534254
vn 0.7577249 -0.62313646 -0.19378836
vn 0.89453936 -0.41427833 -0.16784757
vn -0.037431143 -0.98322314 -0.17852509
vn -0.5248264 -0.84643567 -0.090022
vn -0.42339057 -0.9054331 0.030518075
vn 0.059868924 -0.99814916 0.010681513
vn -0.34395617 -0.9367966 0.06408055
vn 0.7852703 -0.619123 -0.0061034923
vn 0.9302197 -0.3669744 0.0045776432
vn 0.92045873 -0.3860448 0.06103475
vn 0.10643415 -0.99205035 0.067141265
vn -0.29035184 -0.9567448 0.018310906
vn 0.76942194 -0.63610363 0.05798366
vn 0.8952334 -0.44307962 0.04730252
vn 0.12294143 -0.9921137 0.024411872
vn -0.24994288 -0.96200836 -0.10985663
vn 0.730085 -0.6824545 0.035095483
vn 0.8460573 -0.52738136 -0.07781975
vn 0.6604884 -0.74613166 -0.08392074
vn 0.74899 -0.5739152 -0.33111224
vn 0.112308815 -0.987917 -0.10680184
vn -0.23017167 -0.9220218 -0.31128252
vn 0.564899 -0.75513786 -0.33264977
vn 0.08446785 -0.938182 -0.33567804
vn 0.42529073 -0.63287556 -0.6469903
vn 0.5912201 -0.4975885 -0.63471615
vn 0.066106565 -0.76228756 -0.64385366
vn -0.19599222 -0.7734778 -0.60275954
vn 0.048350517 -0.51974416 -0.85295266
vn -0.18479453 -0.53817356 -0.8223261
vn 0.28749204 -0.4353396 -0.85312825
vn 0.45191428 -0.30702898 -0.8375599
vn 0.049700078 -0.3506895 -0.935172
vn -0.30186817 -0.3733783 -0.8771912
vn 0.050823398 -0.17907378 -0.982522
vn 0.22700645 -0.29708192 -0.92747533
vn 0.44014135 -0.12038543 -0.8898219
vn 0.89453936 -0.41427833 -0.16784757
vn 0.3740135 0.9187358 0.12664327
vn 0.9302197 -0.3669744 0.0045776432
vn 0.39730385 0.9174384 -0.021362392
vn 0.92045873 -0.3860448 0.06103475
vn 0.36281756 0.9124502 -0.1892037
vn 0.8952334 -0.44307962 0.04730252
vn 0.32107943 0.8949603 -0.30976462
vn 0.8460573 -0.52738136 -0.07781975
vn 0.28131184 0.9061486 -0.31584555
vn 0.74899 -0.5739152 -0.33111224
vn -0.34366858 0.89171666 -0.29450494
vn -0.37011525 0.90445065 -0.21209386
vn 0.26385862 0.96200436 -0.070185885
vn 0.5912201 -0.4975885 -0.63471615
vn -0.35938302 0.9301902 -0.07476616
vn -0.30002674 0.9192714 -0.2548022
vn 0.23573571 0.8964061 0.3753462
vn 0.45191428 -0.30702898 -0.8375599
vn -0.2623191 0.96477723 0.019837253
vn 0.20714192 0.6736106 0.7094653
vn 0.44014135 -0.12038543 -0.8898219
vn -0.20764996 0.8595898 0.46689057
vn -0.72925174 0.6810926 0.06561072
vn -0.8066668 0.569726 -0.1571658
vn -0.7861622 0.5868561 -0.19377506
vn -0.8160519 0.5716273 -0.08544846
vn -0.76034087 0.6341737 -0.1403765
vn -0.29035184 -0.9567448 0.018310906
vn -0.34395617 -0.9367966 0.06408055
vn -0.24994288 -0.96200836 -0.10985663
vn -0.23017167 -0.9220218 -0.31128252
vn -0.42339057 -0.9054331 0.030518075
vn -0.19599222 -0.7734778 -0.60275954
vn -0.5248264 -0.84643567 -0.090022
vn -0.65637654 0.63496614 0.407416
vn -0.18479453 -0.53817356 -0.8223261
vn -0.8042784 0.59184813 0.053405568
vn -0.6038733 -0.7442557 -0.28534254
vn -0.5409623 0.46317777 0.7020158
vn -0.5559032 0.3158064 0.76892
vn -0.30186817 -0.3733783 -0.8771912
vn -0.14358935 0.5974385 0.78895456
vn -0.13534354 0.48321313 0.8649782
vn 0.050823398 -0.17907378 -0.982522
vn 0.2614112 0.5431326 0.7979167
vn -0.108614 0.42215735 0.8999922
vn -0.74848354 0.6029067 0.27618122
vn -0.67050093 0.59205884 0.447096
vn -0.6383593 -0.66053283 -0.3952134
vn -0.59441537 0.6183026 0.5141714
vn -0.69798076 -0.6172061 -0.36315218
vn -0.25524044 0.79037285 0.5569229
vn -0.28639632 0.88598794 0.36469513
vn -0.485282 0.73338276 0.4760789
vn -0.7627161 -0.5432236 -0.35095906
vn -0.99877435 -0.024986045 0.042724233
vn -0.3225372 0.9403362 0.10833894
vn 0.29156095 0.89456135 0.33875072
vn -0.22075473 0.7545573 0.6179893
vn -0.29350132 0.8758786 0.38300613
vn -0.23919451 0.94323516 0.23042023
vn -0.8421894 -0.4957144 -0.21209481
vn -0.8688762 -0.48370352 -0.10528563
vn -0.80004674 -0.50622284 -0.3219684
vn 0.22052762 0.8111548 0.5416599
vn -0.7864235 -0.4858117 -0.3814776
vn 0.16594028 0.7647291 0.6226181
vn -0.837709 -0.44441935 -0.31738788
vn -0.1684513 0.81016827 0.56147254
vn 0.10473835 0.80130816 0.589012
vn -0.9079868 -0.37384376 -0.18921071
vn -0.117728114 0.9042511 0.410451
vn 0.024588162 0.90451056 0.4257418
vn -0.23286653 0.9433148 0.23649621
vn -0.12316054 0.95705706 0.2624373
vn -0.10328716 0.9664932 0.23499498
vn -0.14200222 0.9634026 0.22735615
vn -0.14019275 0.95636255 0.25635245
vn -0.24466991 0.9410812 0.23345834
vn -0.12412642 0.9573423 0.2609373
vn -0.16417849 0.95045185 0.26398262
vn -0.117723644 0.95857275 0.259383
vn -0.18516165 0.948268 0.2578816
vn -0.14989169 0.950228 0.27312854
vn -0.12492844 0.9576576 0.2593934
vn -0.2422833 0.9234517 0.29754928
vn -0.08744798 0.96180785 0.25938106
vn -0.0034887644 0.9645243 0.2639711
vn -0.13098921 0.9466319 0.29449925
vn -0.36835048 0.83788407 0.4028252
vn -0.00596451 0.9570395 0.28989637
vn -0.038318325 0.9505484 0.30820352
vn -0.138115 0.9027424 0.40740708
vn -0.34070453 0.7820636 0.5218208
vn 3.7833829E-07 0.9561247 0.2929598
vn -0.1311173 0.8352216 0.53405356
vn -0.2854291 0.6732416 0.6821114
vn -0.053290095 0.951777 0.3021272
vn -0.99636465 -0.08506787 0.0045776432
vn 3.2597103E-07 0.91459644 0.40436795
vn -0.059248295 0.93509907 0.34939864
vn -0.956816 -0.26721966 -0.11444098
vn -0.088651806 0.8681846 0.48825848
vn -0.89011127 -0.3808947 -0.2502423
vn -0.1307237 0.76915646 0.6255475
vn -0.8450674 -0.4280023 -0.3204296
vn 0.20420657 0.8562133 0.47455084
vn 0.19393773 0.9272008 0.32044792
vn 0.1676448 0.9450284 0.28074303
vn -0.16195674 0.73568684 0.6576739
vn -0.84998465 -0.44860768 -0.27618363
vn -0.19539279 0.79096466 0.5798246
vn -0.8748392 -0.4478475 -0.1846322
vn 0.22636822 0.730863 0.6438918
vn -0.23014238 0.8837544 0.40744644
vn -0.88864094 -0.4484153 -0.096129864
vn 0.20425959 0.76410776 0.61189663
vn 0.21452706 0.9506138 0.22430213
vn 0.14694487 0.94475806 0.2929837
vn 0.21131496 0.94195354 0.26090148
vn 0.202882 0.9385498 0.27921906
vn 0.19293027 0.94243044 0.27313507
vn 0.41536587 0.7989749 0.4348682
vn 0.9988487 -0.04787531 0.0030518128
vn 0.13629463 0.94960433 0.2822684
vn 0.19082636 0.9463118 0.26092
vn 0.49244413 0.68125886 0.5416504
vn 0.92115515 -0.3330235 -0.20141624
vn 0.8129714 -0.4911493 -0.3128097
vn 0.1298646 0.95489943 0.26702473
vn 0.24214503 0.9229931 0.2990811
vn 0.5676591 0.6199234 0.54171765
vn 0.7167734 -0.5952767 -0.363155
vn 0.13096587 0.9461587 0.2960263
vn 0.36841232 0.8378621 0.40281463
vn 0.13806824 0.9027483 0.40740976
vn 0.34081423 0.7820012 0.5218427
vn 0.13114074 0.83521897 0.5340519
vn 0.28549123 0.67318034 0.68214595
vn 0.26098874 0.77519345 0.5752912
vn 9.313879E-07 0.8434887 0.53714705
vn 0.10113666 0.7065737 0.70037496
vn 0.63361573 0.6145424 0.46996668
vn 0.66310704 -0.7032578 -0.25635433
vn 0.3076442 0.8669257 0.39216703
vn -0.10110124 0.7065763 0.7003774
vn 0.7084094 0.6435144 0.2899057
vn 0.76398826 0.6410597 0.073242165
vn 0.58211493 -0.812138 -0.03967231
vn -0.24890739 0.95738375 0.14649746
vn -0.88308156 -0.46901858 -0.013732956
vn 0.36389282 0.92320335 0.12360244
vn 0.7827727 0.6202672 -0.050353795
vn 0.49487346 -0.86396635 0.09307187
vn 0.43144974 -0.8934176 0.12512423
vn -0.24008468 0.96684766 -0.08697624
vn 0.3909172 0.9172583 -0.07629514
vn -0.2191702 0.94014895 -0.26092994
vn -0.86513627 -0.5008655 0.025939725
vn -0.84456515 -0.5353985 0.007629476
vn 0.78154033 0.6105456 -0.12817453
vn 0.39337227 -0.9143402 0.09612588
vn 0.38927928 0.8949037 -0.21819477
vn -0.19289045 0.8940198 -0.40437847
vn -0.8091046 -0.57641345 -0.11444343
vn 0.7667875 0.6170157 -0.17699865
vn 0.37616557 -0.9263715 -0.01831
vn 0.36211038 0.87419605 -0.32350785
vn -0.17167635 0.88694453 -0.42878518
vn -0.7351218 -0.5800246 -0.35095206
vn 0.74550396 0.6525186 -0.13580626
vn 0.38030127 -0.90433013 -0.19379866
vn 0.32396084 0.8933957 -0.31127706
vn -0.17076443 0.95871764 -0.22737592
vn -0.6151137 -0.4717191 -0.6317564
vn 0.72044253 0.6912129 0.056456685
vn 0.38399294 -0.7947839 -0.46996576
vn 0.2963822 0.95189416 -0.07781463
vn -0.17890152 0.9610712 0.21056214
vn -0.5035448 -0.25004393 -0.826995
vn 0.65565586 0.6443071 0.39367968
vn 0.4192902 -0.5604525 -0.71420497
vn 0.24853474 0.8960984 0.3677475
vn -0.18970191 0.7591892 0.6226114
vn -0.5186268 -0.024799848 -0.8546409
vn 0.5390576 0.46786675 0.7003696
vn 0.17101115 0.63978976 0.7492826
vn 0.524457 0.3207478 0.78871155
vn 0.59278685 -0.36336866 -0.718726
vn -0.25203192 0.61046624 0.75087345
vn 0.124170974 0.45166957 0.88350224
vn 0.14635171 0.5039838 0.8512235
vn -0.04966086 -0.17290749 -0.9836854
vn -0.6855124 -0.7220864 0.093080156
vn -0.25529215 -0.9628052 -0.08849874
vn -0.3072764 -0.94791245 -0.08392404
vn -0.78783625 -0.6157921 0.010681232
vn -0.15411043 -0.98421824 -0.08697321
vn -0.95897084 -0.27428374 0.071716584
vn -0.7433849 -0.6685696 -0.019836314
vn -0.07619773 -0.9940514 -0.07781897
vn -0.92552954 -0.37867555 0
vn -0.5051525 -0.86272657 -0.02288779
vn -0.31090406 -0.94973546 -0.036621824
vn -0.049494796 -0.9958562 -0.07629255
vn -0.82101697 -0.57077324 -0.012207013
vn -0.8330493 -0.5230758 -0.18005691
vn -0.7145354 -0.6931733 -0.09460382
vn -0.71210647 -0.68390167 -0.15869093
vn -0.67748654 -0.68711865 -0.26244974
vn -0.5120209 -0.79001325 -0.33721474
vn -0.6701031 -0.49412534 -0.5538972
vn -0.64975667 -0.7599569 -0.016785143
vn -0.18520351 -0.9796141 -0.07781981
vn -0.061035085 -0.99472886 -0.082397364
vn -0.4604365 -0.8767653 -0.13885573
vn -0.020503957 -0.9786587 -0.20446739
vn -0.06942705 -0.9869991 -0.14495759
vn -0.07810538 -0.90574586 -0.41656205
vn 0.19674349 -0.8904002 -0.41046247
vn 0.0061988956 -0.9512922 -0.30822822
vn -0.3439016 -0.62028176 -0.70496964
vn -0.60467273 -0.10796534 -0.78912246
vn -0.105472 -0.4565049 -0.88344723
vn 0.052516308 -0.50088435 -0.8639195
vn 0.062406976 -0.43362957 -0.89892757
vn 0.044759996 -0.4857068 -0.872975
vn -0.015708305 -0.53670436 -0.8436242
vn -0.13093609 -0.7963451 -0.59049994
vn -0.0005722096 -0.62037057 -0.7843086
vn 0.37604937 -0.5144031 -0.77069855
vn 0.188045 -0.49500078 -0.8483003
vn 0.16546056 -0.7049479 -0.6896892
vn 0.056181587 -0.5499881 -0.8332807
vn -0.3150962 -0.5747919 -0.75520104
vn 0.983723 -0.020408796 -0.17852926
vn 0.21154141 -0.70586926 -0.676017
vn 0.19962636 -0.6929219 -0.6928265
vn 0.5906924 -0.4311463 -0.68205225
vn 0.3201286 -0.48081273 -0.8162945
vn 0.10019996 -0.61789185 -0.77985233
vn 0.6936431 -0.3896914 -0.60580516
vn 0.15952952 -0.737669 -0.65604484
vn 0.45673707 -0.504762 -0.73253435
vn 0.5718125 -0.6065733 -0.5523579
vn 0.31214604 -0.6123708 -0.72633797
vn 0.7482564 -0.31957778 -0.5813626
vn 0.3644974 -0.74053437 -0.56457996
vn 0.1681317 -0.8510534 -0.49743333
vn 0.38812497 -0.5990667 -0.7003415
vn 0.21886283 -0.6977862 -0.6820509
vn 0.7962679 -0.17260419 -0.57979745
vn 0.30647936 -0.52132004 -0.79642683
vn 0.10739411 -0.606977 -0.7874296
vn 0.38045445 -0.59123516 -0.71112263
vn 0.2312964 -0.571326 -0.7874569
vn -0.06693633 -0.6760377 -0.73382044
vn 0.78711057 -0.12369833 -0.6042812
vn 0.13419095 -0.7596524 -0.63633406
vn 0.9102963 0.11816208 -0.39673468
vn -0.2763707 -0.8259651 -0.49132574
vn 0.7890421 -0.14657454 -0.5965975
vn 0.913713 0.063896015 -0.4013051
vn 0.23688827 -0.63303715 -0.73698574
vn -0.1235938 -0.76149416 -0.6362792
vn 0.7981524 -0.22609548 -0.5584206
vn 0.9325753 -0.041579183 -0.35857278
vn 0.35591695 -0.7089729 -0.60883546
vn -0.017355788 -0.85100573 -0.5248695
vn 0.8162249 -0.37139282 -0.44254303
vn 0.94303757 -0.20829228 -0.2594116
vn 0.53617716 -0.7870035 -0.30518797
vn 0.20445222 -0.94635445 -0.25022513
vn 0.41257605 -0.9058362 0.09613423
vn 0.8314084 -0.51421815 -0.21057005
vn 0.92287666 -0.37250763 -0.09765689
vn 0.6478972 -0.7598534 0.05340336
vn 0.518609 -0.7926954 0.3204351
vn 0.8037698 -0.59147847 0.06408796
vn 0.8668114 -0.48867217 0.09918406
vn 0.8060031 -0.53498304 0.25328255
vn 0.75352556 -0.60667294 0.25327307
vn 0.76341236 -0.53825104 0.35705385
vn 0.67343616 -0.68754953 0.27158684
vn 0.5870684 -0.65697104 0.47301152
vn 0.7054897 -0.5893385 0.39365524
vn 0.77449965 -0.51900345 0.361643
vn 0.6777007 -0.6006416 0.42420664
vn 0.7024822 -0.5657242 0.43182722
vn 0.8552967 -0.47476214 0.2075296
vn 0.69737196 -0.5514503 0.4577934
vn 0.637955 -0.59675974 0.4867149
vn 0.76329005 -0.54824513 0.34178305
vn 0.9023047 -0.39898995 -0.16325782
vn 0.73302686 -0.56107175 0.3845387
vn 0.66051555 -0.63743657 0.39672893
vn 0.8551042 -0.51834613 0.01068165
vn 0.7513663 -0.2785911 -0.59819365
vn 0.7939798 -0.6007774 0.09307282
vn 0.68418646 -0.721667 0.1052888
vn 0.7528316 -0.3826147 -0.5355843
vn 0.612757 -0.06894232 -0.7872584
vn 0.7038895 -0.4899567 -0.51427805
vn 0.5651305 -0.6314088 -0.53098994
vn 0.26203164 -0.505088 -0.82232934
vn 0.51981765 -0.3124629 -0.7950827
vn 0.2668977 -0.19039594 -0.9447301
vn -0.265838 -0.95396495 -0.13885565
vn -7.4035024E-06 -0.1936421 0.98107225
vn 1.0663597E-05 -0.9911494 -0.13275088
vn -0.20461729 -0.16953322 0.9640489
vn -6.5194513E-07 -0.032235146 0.9994803
vn -0.46181148 -0.1378136 0.8762064
vn -0.26531217 -0.9486197 -0.17242429
vn -0.17070793 -0.0055051697 0.98530626
vn -6.049505E-07 0.17226012 0.9850515
vn -0.6813545 -0.07790996 0.72779536
vn -0.23970637 -0.9525312 -0.18768336
vn -0.14047314 0.14488302 0.9794265
vn -0.064978905 0.3855089 0.92041326
vn -0.41577435 0.027549876 0.9090505
vn -0.8103364 -0.0057220412 0.5859371
vn -0.3072764 -0.94791245 -0.08392404
vn -0.64701486 0.08023919 0.7582437
vn -0.8892787 0.04930371 0.45470038
vn -0.25529215 -0.9628052 -0.08849874
vn -0.2297229 0.37386882 0.8985819
vn -0.21890253 0.56784475 0.7934948
vn -0.38626346 0.17201167 0.9062078
vn -0.7834303 0.13871804 0.60580057
vn -0.93222725 0.08821587 0.3509561
vn -0.15411043 -0.98421824 -0.08697321
vn -0.3296129 0.51191545 0.793283
vn -0.2854291 0.6732416 0.6821114
vn -0.33684316 0.3210097 0.88514936
vn -0.5732296 0.25684008 0.7781009
vn -0.44003618 0.43421736 0.7860175
vn -0.8653822 0.18577965 0.46540275
vn -0.96050227 0.115246914 0.25328574
vn -0.07619773 -0.9940514 -0.07781897
vn -0.751199 0.25855398 0.6073301
vn -0.62614286 0.4352294 0.64693165
vn -0.5146234 0.54280293 0.6637226
vn -0.9091168 0.21953078 0.35399574
vn -0.8235729 0.31532466 0.47148496
vn -0.97128975 0.11071845 0.21056533
vn -0.049494796 -0.9958562 -0.07629255
vn -0.7321359 0.47492987 0.4882813
vn -0.9354229 0.23855238 0.26091516
vn -0.86738396 0.34819335 0.35553682
vn -0.96976185 0.092551276 0.22582321
vn -0.061035085 -0.99472886 -0.082397364
vn -0.94726217 0.22429885 0.22887637
vn -0.8914882 0.3602955 0.27465618
vn -0.7874414 0.49581057 0.36620745
vn -0.9582142 0.0897849 0.27159575
vn -0.06942705 -0.9869991 -0.14495759
vn -0.9498777 0.20084763 0.2395675
vn -0.9030022 0.3401636 0.26244187
vn -0.93823785 0.10991249 0.32806852
vn 0.0061988956 -0.9512922 -0.30822822
vn 0.1681317 -0.8510534 -0.49743333
vn -0.94036573 0.19856404 0.27619663
vn -0.60370743 0.6117657 0.5111557
vn -0.81559503 0.4989702 0.29297334
vn -0.912352 0.31165114 0.26549473
vn -0.65297025 0.65430534 0.38146353
vn -0.8203176 0.49026418 0.29448277
vn -0.66462046 0.68064237 0.3082298
vn -0.91809195 0.22468315 0.32653442
vn -0.90978295 0.30850607 0.27770314
vn -0.82300687 0.48197877 0.300593
vn -0.6454312 0.6968331 0.31279767
vn -0.9070233 0.14114125 0.39672136
vn -0.817693 0.14553295 0.5569544
vn 0.21886283 -0.6977862 -0.6820509
vn -0.8739449 0.26502544 0.40740862
vn -0.6930278 0.12815484 0.70942855
vn 0.10739411 -0.606977 -0.7874296
vn -0.91111 0.2701669 0.3112689
vn -0.75428575 0.27399963 0.5966382
vn -0.6701732 0.12949562 0.7308206
vn -0.06693633 -0.6760377 -0.73382044
vn -0.8537254 0.34084165 0.39367503
vn -0.8684158 0.41179654 0.27618405
vn -0.5884003 0.25443304 0.7674953
vn -0.77569497 0.15468124 0.6118587
vn -0.1235938 -0.76149416 -0.6362792
vn -0.70445037 0.362286 0.6103265
vn -0.53674 0.27390146 0.79805267
vn -0.9145736 0.18405913 0.3601074
vn -0.017355788 -0.85100573 -0.5248695
vn -0.8249944 0.4851169 0.28990674
vn -0.83053714 0.44211394 0.33873785
vn -0.72405016 0.4562508 0.51728773
vn -0.52276105 0.33776352 0.78271115
vn -0.6239758 0.34947222 0.69894445
vn -0.98000264 0.18501413 0.0732427
vn 0.20445222 -0.94635445 -0.25022513
vn -0.8173702 0.504765 0.27770177
vn -0.43996 0.38103166 0.81317276
vn -0.7654383 0.45071787 0.45930114
vn -0.9781985 0.16096696 -0.13121477
vn 0.41257605 -0.9058362 0.09613423
vn 0.518609 -0.7926954 0.3204351
vn -0.7867891 0.5247168 0.32501543
vn -0.3106093 0.48694235 0.81633884
vn -0.44530442 0.5194901 0.72926944
vn -0.29478857 0.48432273 0.82373005
vn 0.9102963 0.11816208 -0.39673468
vn 0.913713 0.063896015 -0.4013051
vn 0.9325753 -0.041579183 -0.35857278
vn -0.2723413 0.62230366 0.7338721
vn 0.94303757 -0.20829228 -0.2594116
vn -0.25827095 0.803997 0.5356165
vn 0.92287666 -0.37250763 -0.09765689
vn -0.49013117 0.7004871 0.51873803
vn -0.52988 0.8234312 0.20294899
vn -0.24833141 0.93858594 0.23955779
vn -0.22038722 0.96241784 -0.15868641
vn 0.8668114 -0.48867217 0.09918406
vn -0.8525636 0.5046719 0.13579984
vn -0.854762 0.49366748 -0.1602321
vn -0.52642584 0.83255386 -0.17242353
vn -0.17900267 0.88843316 -0.4226638
vn 0.8060031 -0.53498304 0.25328255
vn 0.76341236 -0.53825104 0.35705385
vn -0.82562363 0.45906126 -0.3280371
vn -0.48937336 0.77506363 -0.39973754
vn -0.15059066 0.80397666 -0.57527727
vn 0.77449965 -0.51900345 0.361643
vn -0.4558463 0.70742 -0.5401493
vn -0.9626354 0.12626603 -0.23956212
vn 0.5870684 -0.65697104 0.47301152
vn -0.14267711 0.75554013 -0.6393766
vn 0.8552967 -0.47476214 0.2075296
vn -0.4592475 0.6703716 -0.5828324
vn -0.7985716 0.40968043 -0.44095954
vn -0.9488956 0.074385785 -0.30669832
vn 0.637955 -0.59675974 0.4867149
vn -0.13235535 0.74836075 -0.6499525
vn 0.9023047 -0.39898995 -0.16325782
vn -0.8151521 0.373818 -0.44247842
vn -0.9636356 0.030137457 -0.2655148
vn 0.66051555 -0.63743657 0.39672893
vn -0.49551755 0.68739235 -0.5309934
vn -0.10051758 0.77486277 -0.6240864
vn -0.8807056 0.35699385 -0.31130853
vn -0.99297994 -0.013637738 -0.11749436
vn 0.68418646 -0.721667 0.1052888
vn -0.0782009 0.9165718 -0.39214888
vn 0.7513663 -0.2785911 -0.59819365
vn 0.612757 -0.06894232 -0.7872584
vn -0.525694 0.75086886 -0.39980215
vn -0.93767506 0.3397069 -0.073243946
vn -0.9924286 -0.0744846 0.09765971
vn 0.5651305 -0.6314088 -0.53098994
vn -0.5413053 0.84037745 0.02746581
vn -0.039100487 0.9197198 0.39062342
vn -0.88717514 0.2977597 0.3525048
vn -0.9258171 -0.13246393 0.3540001
vn 0.26203164 -0.505088 -0.82232934
vn -0.55398387 0.37208864 0.74474955
vn 0.2668977 -0.19039594 -0.9447301
vn 0.2668977 -0.19039594 -0.9447301
vn -0.3926996 0.67973834 0.61946976
vn -0.86416745 -0.19510998 0.46383917
vn -0.6415847 0.2722539 0.7171101
vn 0.38045445 -0.59123516 -0.71112263
vn -0.86769867 -0.486781 0.10071332
vn -0.7205655 0.39165723 0.5721801
vn -0.6539244 0.4321032 0.62102306
vn -0.29752845 -0.82402027 -0.48214865
vn -0.7213726 0.5327323 0.44251308
vn -0.66606253 0.4995469 0.5539077
vn -0.27285364 -0.85737646 -0.4364132
vn -0.6259434 0.5281845 0.5737735
vn -0.73376215 0.5966228 0.3250145
vn -0.21570985 -0.9229177 -0.31889203
vn -0.7858644 0.61839134 -0.0030519005
vn -0.115202 -0.97826344 -0.17242154
vn 0.040051572 -0.9990007 0.019835064
vn -0.56724125 0.54263663 0.6195022
vn -0.57383233 0.61016774 0.5462708
vn -0.62730265 0.7041658 0.33262867
vn -0.7957486 0.5420704 -0.2700815
vn 0.19978665 -0.95859444 0.20293364
vn -0.8130273 0.45262495 -0.36621997
vn 0.359509 -0.8658731 0.347875
vn -0.85204846 0.37252083 -0.36775225
vn 0.545982 -0.80805343 0.22125386
vn -0.92600274 0.33425742 -0.17547323
vn 0.65354204 -0.7274506 -0.20904191
vn -0.9304137 0.32177284 0.17547779
vn 0.5288462 -0.59284186 -0.6073386
vn -0.69183064 0.68973255 -0.21363397
vn -0.705702 0.6231159 -0.33721116
vn -0.72386515 0.5697457 -0.38911325
vn -0.7873897 0.5729939 -0.22736642
vn -0.8026168 0.57583183 0.15564051
vn -0.78982735 0.30956042 0.5294761
vn -0.49785155 0.27453855 0.82266176
vn 0.22674814 -0.46760845 -0.854358
vn -0.6729889 0.7385044 0.04119756
vn -0.33151034 0.9399787 0.08087479
vn -0.32202512 0.9360375 -0.14189321
vn -0.3407539 0.8871237 0.31128484
vn -0.6616047 0.523218 0.5371425
vn -0.15328462 0.21067104 0.96546435
vn -0.18719268 -0.35892904 -0.9144008
vn -0.31307063 0.90039986 -0.3021041
vn 0.058365803 0.99488896 0.08239878
vn -0.34843868 0.7867048 0.50959396
vn -0.37867692 0.42121848 0.8241231
vn 0.24193254 0.044837654 0.9692565
vn -0.6889714 -0.15488504 -0.7080459
vn -0.047279827 0.29854926 0.9532224
vn -0.27630636 0.55356616 0.78563297
vn 0.41453502 -0.2817617 0.86531556
vn -0.9711186 0.12036454 -0.2060122
vn 0.38480908 0.070017315 0.92033666
vn 0.6442952 -0.48598704 0.5905086
vn -0.7226294 0.65740407 -0.21360387
vn -0.42887214 0.7448279 0.5111751
vn -0.061918285 0.33029443 0.9418448
vn 0.7569961 -0.25957966 0.59964615
vn 0.21265419 -0.05800527 0.9754043
vn 0.43629417 -0.4958149 0.7508762
vn 0.52121633 -0.25846225 0.81334543
vn -0.7226294 0.65740407 -0.21360387
vn -0.14169668 0.7571142 -0.6377304
vn 0.249294 0.035109144 0.9677912
vn -0.09134985 0.2767195 -0.9565989
vn 0.11242845 -0.22066109 -0.96884906
vn 0.002289191 0.42865098 0.9034673
vn 0.3138929 -0.46888405 -0.82560223
vn -0.16601972 0.6654139 0.7277786
vn -0.22705239 0.8563338 0.46383157
vn 0.4935504 -0.6269759 -0.60275143
vn -0.45193705 0.8811771 0.13885215
vn -0.14028987 0.9836504 0.11291857
vn 0.5881331 -0.7526425 -0.29602155
vn -0.36717457 0.8896116 -0.27161384
vn 0.01773719 0.96353 -0.2670115
vn 0.58900183 -0.7986239 0.12359884
vn 0.092602044 0.91781884 -0.38604853
vn 0.5704642 -0.76252615 0.30516306
vn -0.30886358 0.8572657 -0.41194525
vn 0.09737495 0.96001595 -0.26246414
vn 0.6163707 -0.76085496 0.20294553
vn 0.0805868 0.9916468 -0.10070966
vn 0.67388517 -0.7354942 0.0701924
vn 0.7374478 -0.66563886 -0.114436485
vn 0.7811632 -0.5455077 -0.30365327
vn 0.018977107 0.966402 0.25633398
vn 0.79304457 -0.39842954 -0.4607974
vn -0.024889577 0.89793205 0.4394298
vn -0.03252338 0.8389315 0.5432644
vn 0.802755 -0.29393974 -0.5188294
vn 0.8351528 -0.22125779 -0.50355226
vn 0.08058194 0.87982124 0.46842423
vn -0.35666525 0.71638215 0.59965533
vn -0.3954137 0.7303613 0.5569744
vn -0.4568137 0.7768695 0.43335316
vn -0.12503235 0.91003716 0.3952205
vn 0.9408691 0.33625627 -0.041197594
vn 0.38073352 0.90109473 0.2075341
vn -0.51174474 0.79403406 0.32806596
vn -0.5573358 0.7785916 0.28839552
vn -0.41468182 0.87399817 0.25331065
vn -0.58438814 0.7481274 0.3143184
vn -0.6111134 0.7217395 0.3250116
vn -0.44869617 0.8394098 0.30669644
vn -0.62020344 0.7318838 0.28230077
vn -0.9916192 -0.10642884 0.073241346
vn -0.48243475 0.82047766 0.3067135
vn -0.8567053 0.44404092 0.2624572
vn -0.96310955 -0.26435682 0.050353684
vn -0.8482142 0.3151 0.42572838
vn -0.10729146 -0.77516896 -0.6225766
vn -0.5221377 0.79870373 0.29907283
vn -0.55035394 0.7789449 0.30059183
vn -0.6452757 0.6721205 0.36314344
vn -0.81069225 0.22219889 0.5416694
vn -0.0696256 -0.80842 -0.5844736
vn -0.5326341 0.7882222 0.30823156
vn -0.5376546 0.79062647 0.29298005
vn -0.64051557 0.5562071 0.529503
vn -0.5054313 0.7701628 0.38908672
vn -0.5425031 0.7895549 0.28686813
vn -0.46582702 0.7179334 0.51727825
vn -0.5083646 0.8029118 0.3112845
vn -0.36835048 0.83788407 0.4028252
vn -0.34070453 0.7820636 0.5218208
vn -0.2422833 0.9234517 0.29754928
vn -0.40312865 0.6135147 0.6790338
vn -0.24752514 0.9286842 0.27618292
vn -0.18516165 0.948268 0.2578816
vn -0.16417849 0.95045185 0.26398262
vn -0.43186483 0.8576261 0.27923155
vn -0.20500231 0.93807983 0.2792495
vn -0.14019275 0.95636255 0.25635245
vn -0.40868726 0.86591536 0.2883841
vn -0.16721612 0.94464946 0.2822696
vn -0.10328716 0.9664932 0.23499498
vn -0.38715366 0.87110764 0.30213147
vn -0.087837026 0.95619327 0.27924734
vn -0.37338 0.87444633 0.30972758
vn 0.22148876 0.92963284 0.29449186
vn -0.23919451 0.94323516 0.23042023
vn 0.007534312 0.9352085 0.35401732
vn -0.3510258 0.8510064 0.39060083
vn 0.4428969 0.8135035 0.376901
vn 0.9920035 0.025558254 -0.123595126
vn 0.52183276 -0.5782884 -0.6271149
vn -0.29253486 0.76616955 0.57219535
vn 0.11897273 0.8539334 0.5065998
vn 0.64217836 0.6464224 0.41200125
vn 0.39982867 -0.6971372 -0.5950939
vn 0.2508217 0.74636143 0.61646825
vn 0.77128774 0.5184198 0.36926442
vn 0.31517887 -0.74536705 -0.5874438
vn -0.5872417 0.4632706 0.6637224
vn -0.20186616 0.671838 0.71265954
vn 0.36678383 0.7020963 0.61035264
vn 0.8807155 0.3890979 0.27007973
vn -0.81910896 0.21324107 0.5325305
vn -0.58973396 0.47300786 0.65458184
vn -0.8527121 0.28000924 0.44099548
vn -0.07925008 -0.86822224 -0.48980555
vn 0.9558775 0.24109131 0.1678484
vn 0.20638211 -0.8487989 -0.4867719
vn 0.50616705 0.66865927 0.5446922
vn -0.14561114 0.6863844 0.7125124
vn -0.9021766 0.34465817 0.25939962
vn -0.11872592 -0.9528589 -0.27922046
vn -0.6316393 0.55009747 0.5462826
vn 0.98924106 0.08716537 0.11749206
vn 0.05130813 -0.9676064 -0.24719456
vn -0.93087685 0.364874 0.018310456
vn -0.14134562 -0.98903775 -0.042727962
vn 0.7952589 0.5332879 0.28838745
vn -0.17421922 0.75027746 0.63775486
vn 0.99134517 -0.087738104 0.097656325
vn -0.0044349562 -0.9999157 -0.012208052
vn -0.6918587 0.63683426 0.3402553
vn 0.17385559 0.8628883 0.4745504
vn -0.38972762 0.8402936 0.3768543
vn 0.8208212 0.54206437 0.18005233
vn -0.40483353 0.91132843 0.074767835
vn 0.17400104 0.9708581 0.16479792
vn 0.96165377 -0.25959456 0.088502474
vn 0.059797514 -0.9878511 0.14343774
vn -0.7305431 0.68171304 0.0396744
vn -0.7153207 0.66182184 -0.22429466
vn -0.41764262 0.8820185 -0.21821564
vn 0.12661116 0.98618406 -0.10682071
vn 0.8546776 0.51726973 0.044250216
vn -0.913911 0.3599186 -0.18768409
vn -0.10766263 -0.9824097 0.1525777
vn -0.030328931 -0.9546937 0.29604092
vn -0.68846744 0.6158918 -0.38300115
vn -0.88412637 0.3400706 -0.32042548
vn 0.1141445 -0.92650616 0.3585491
vn 0.8595152 0.49916252 -0.109865345
vn 0.044917267 0.94774485 -0.31585136
vn -0.43373394 0.8119636 -0.3906276
vn -0.6921751 0.5592332 -0.45623666
vn -0.87202215 0.2908648 -0.3936688
vn 0.34610605 -0.9201519 0.1831148
vn -0.48775816 0.74520326 -0.4547132
vn -0.08135423 0.90891653 -0.40896472
vn 0.8277369 0.4951449 -0.26397556
vn -0.7785665 0.53023386 -0.33568764
vn -0.9215241 0.24013224 -0.305172
vn 0.5427237 -0.8081252 -0.2288766
vn 0.8964886 -0.440019 0.051879134
vn 0.14476559 -0.97120744 0.18920615
vn 0.78328025 0.51725966 -0.34483975
vn 0.7826699 -0.61320424 -0.10681008
vn -0.0058174306 -0.9981186 0.061035343
vn -0.4403721 -0.89724326 -0.032044403
vn 0.6374151 -0.7244416 -0.26246226
vn -0.6639399 -0.74748075 0.021362042
vn -0.98309064 0.1831135 -0.0015259458
vn 0.4413127 -0.5832041 -0.6819941
vn -0.26012886 0.9300739 -0.25941354
vn -0.8757067 0.47953096 0.056460287
vn -0.9021681 0.09345928 0.42113894
vn -0.6160918 0.7280565 -0.30060703
vn -0.426826 0.9002876 0.08545103
vn 0.73896176 0.5615289 -0.37231806
vn -0.72517127 0.676534 0.12817335
vn -0.6369961 -0.023839677 0.77049834
vn 0.17743297 -0.36421454 -0.9142567
vn -0.7724748 0.34122404 0.5355826
vn 0.7304294 0.60635465 -0.31433547
vn -0.4771527 -0.21745116 0.85149294
vn 0.014695022 -0.23225768 -0.9725433
vn -0.47843385 0.18214244 0.8590257
vn -0.6328908 0.50070477 0.5905455
vn -0.2737425 0.12117567 0.9541391
vn 0.059697006 -0.02612936 -0.9978745
vn -0.23106189 0.08433472 0.969277
vn -0.3993765 0.26606023 0.8773313
vn -0.51269794 0.630382 0.5828887
vn 0.8120845 -0.4442123 -0.37841013
vn 0.7372099 -0.14170144 -0.66063774
vn 0.43047863 0.07918822 -0.8991203
vn -0.32135928 0.40508434 0.85594094
vn -0.19355226 0.3451523 0.91837215
vn 0.17539947 0.19762245 -0.9644586
vn 0.059697006 -0.02612936 -0.9978745
vn -0.21598257 0.112280436 0.96992
vn -0.818722 -0.5559871 0.14343132
vn -0.1824398 0.94796216 0.26092803
vn -0.83431995 -0.5365358 0.12664764
vn -0.17540751 0.80118173 0.57213646
vn -0.83335775 -0.55083525 0.045775782
vn 0.7365835 0.6466027 -0.19836777
vn -0.15628266 0.5448439 0.82384515
vn -0.8321632 -0.55007076 -0.070189334
vn 0.4783588 -0.756714 -0.44559714
vn -0.5412281 -0.80912405 -0.22888944
vn 0.6672115 0.74236345 0.06103707
vn 0.38286677 -0.63299364 -0.6728537
vn 0.29841363 -0.39604074 -0.8683899
vn -0.3821445 -0.7043971 -0.5981558
vn -0.3463349 -0.53075445 -0.77353215
vn -0.11694314 0.34586933 0.93096656
vn -0.29589894 0.54316485 -0.7857581
vn 0.6084549 0.74731237 0.26703352
vn 0.23209043 -0.19765367 -0.9524007
vn 0.9408691 0.33625627 -0.041197594
vn 0.08058194 0.87982124 0.46842423
vn 0.8351528 -0.22125779 -0.50355226
vn 0.81340164 -0.22697805 -0.5355919
vn 0.38073352 0.90109473 0.2075341
vn -0.41468182 0.87399817 0.25331065
vn 0.7115632 -0.37833688 -0.5920633
vn 0.67413205 -0.41598016 -0.6103332
vn 0.802755 -0.29393974 -0.5188294
vn 0.13685216 -0.7434839 -0.6546015
vn -0.29752845 -0.82402027 -0.48214865
vn 0.15688996 -0.7893139 -0.5936068
vn -0.27285364 -0.85737646 -0.4364132
vn 0.6629374 -0.50700265 -0.5508742
vn 0.79304457 -0.39842954 -0.4607974
vn 0.6701172 -0.63397455 -0.38603023
vn 0.7811632 -0.5455077 -0.30365327
vn 0.21449065 -0.87532026 -0.43336838
vn -0.21570985 -0.9229177 -0.31889203
vn 0.66324925 -0.7293357 -0.16783877
vn 0.7374478 -0.66563886 -0.114436485
vn 0.30029467 -0.92996943 -0.21208492
vn -0.115202 -0.97826344 -0.17242154
vn 0.040051572 -0.9990007 0.019835064
vn 0.4020707 -0.91514957 0.028991815
vn 0.19978665 -0.95859444 0.20293364
vn 0.6396834 -0.76708615 0.048824973
vn 0.67388517 -0.7354942 0.0701924
vn 0.4845047 -0.85055363 0.20448387
vn 0.359509 -0.8658731 0.347875
vn 0.61107844 -0.76670885 0.19682676
vn 0.6163707 -0.76085496 0.20294553
vn 0.5521785 -0.7709518 0.31738344
vn 0.545982 -0.80805343 0.22125386
vn 0.5801236 -0.7570312 0.30059993
vn 0.5704642 -0.76252615 0.30516306
vn 0.6460049 -0.74499416 0.16631718
vn 0.6003205 -0.78866565 0.1327476
vn 0.58900183 -0.7986239 0.12359884
vn 0.5881331 -0.7526425 -0.29602155
vn 0.59576815 -0.75417554 -0.27618772
vn 0.4935504 -0.6269759 -0.60275143
vn 0.6808571 -0.6910619 -0.2426251
vn 0.65354204 -0.7274506 -0.20904191
vn 0.5288462 -0.59284186 -0.6073386
vn 0.48798174 -0.6357018 -0.5981281
vn 0.3138929 -0.46888405 -0.82560223
vn 0.55483186 -0.57028097 -0.60575664
vn 0.22674814 -0.46760845 -0.854358
vn 0.29270908 -0.48549664 -0.8237806
vn 0.11242845 -0.22066109 -0.96884906
vn 0.31125358 -0.43382812 -0.8455261
vn -0.18719268 -0.35892904 -0.9144008
vn 0.017448856 -0.30092123 -0.95348936
vn -0.6889714 -0.15488504 -0.7080459
vn 0.06874169 -0.29861158 -0.9518959
vn -0.09134985 0.2767195 -0.9565989
vn -0.37184906 -0.0652166 -0.92599946
vn -0.9711186 0.12036454 -0.2060122
vn -0.22932675 0.04617061 -0.97225386
vn -0.14169668 0.7571142 -0.6377304
vn -0.6783916 0.28436375 -0.67743796
vn -0.7226294 0.65740407 -0.21360387
vn -0.51339954 0.41861522 -0.7491209
vn -0.8321632 -0.55007076 -0.070189334
vn -0.3463349 -0.53075445 -0.77353215
vn -0.29589894 0.54316485 -0.7857581
vn -0.83335775 -0.55083525 0.045775782
vn -0.3821445 -0.7043971 -0.5981558
vn -0.83431995 -0.5365358 0.12664764
vn -0.5412281 -0.80912405 -0.22888944
vn -0.818722 -0.5559871 0.14343132
vn -0.6639399 -0.74748075 0.021362042
vn 0.8120845 -0.4442123 -0.37841013
vn -0.4403721 -0.89724326 -0.032044403
vn 0.78767663 -0.6122506 -0.06866363
vn -0.0058174306 -0.9981186 0.061035343
vn 0.14476559 -0.97120744 0.18920615
vn 0.7066047 -0.6847185 0.1785227
vn 0.059797514 -0.9878511 0.14343774
vn 0.62793016 -0.75134164 0.20295188
vn -0.0044349562 -0.9999157 -0.012208052
vn 0.56636363 -0.8195537 0.08697149
vn 0.05130813 -0.9676064 -0.24719456
vn 0.50375855 -0.8502624 -0.15258186
vn 0.20638211 -0.8487989 -0.4867719
vn 0.32699293 -0.93186796 0.15715498
vn 0.39059922 -0.8757129 0.2838294
vn 0.4201282 -0.80621135 -0.4165521
vn 0.31517887 -0.74536705 -0.5874438
vn 0.50231725 -0.814084 0.29145277
vn 0.25806895 -0.9645636 -0.054932635
vn -0.030328931 -0.9546937 0.29604092
vn -0.10766263 -0.9824097 0.1525777
vn 0.1141445 -0.92650616 0.3585491
vn -0.14134562 -0.98903775 -0.042727962
vn 0.34610605 -0.9201519 0.1831148
vn -0.11872592 -0.9528589 -0.27922046
vn 0.67851216 -0.73296475 0.048826173
vn 0.5427237 -0.8081252 -0.2288766
vn 0.15220392 -0.9439312 -0.2929639
vn -0.07925008 -0.86822224 -0.48980555
vn 0.76340705 -0.563424 -0.31585312
vn 0.14599736 -0.8258243 -0.5447008
vn -0.0696256 -0.80842 -0.5844736
vn 0.6262146 -0.36941612 -0.6865761
vn 0.4413127 -0.5832041 -0.6819941
vn 0.7372099 -0.14170144 -0.66063774
vn 0.17743297 -0.36421454 -0.9142567
vn 0.15706907 -0.7739967 -0.613399
vn 0.39982867 -0.6971372 -0.5950939
vn -0.10729146 -0.77516896 -0.6225766
vn 0.3289514 -0.16767079 -0.9293425
vn 0.43047863 0.07918822 -0.8991203
vn 0.014695022 -0.23225768 -0.9725433
vn 0.17539947 0.19762245 -0.9644586
vn 0.15521033 -0.72040474 -0.6759636
vn 0.52183276 -0.5782884 -0.6271149
vn 0.14172287 -0.058900297 -0.98815244
vn 0.059697006 -0.02612936 -0.9978745
vn -0.04892257 -0.65001214 -0.75834745
vn -0.96310955 -0.26435682 0.050353684
vn -0.9916192 -0.10642884 0.073241346
vn 0.9920035 0.025558254 -0.123595126
vn -0.23919451 0.94323516 0.23042023
vn -0.3150962 -0.5747919 -0.75520104
vn 0.6858996 -0.7215202 0.09460684
vn 0.30746302 -0.947852 -0.083922915
vn 0.25539303 -0.9627784 -0.088500656
vn 0.7882395 -0.6152474 0.012206722
vn 0.9591524 -0.273244 0.07324176
vn 0.15411043 -0.98421824 -0.08697321
vn 0.74358666 -0.6683887 -0.018310715
vn 0.9257311 -0.37817934 0.001525878
vn 0.07610292 -0.9940586 -0.077819526
vn 0.5051525 -0.86272657 -0.02288779
vn 0.82105494 -0.57071877 -0.012206868
vn 0.8330389 -0.5230931 -0.18005466
vn 0.31090406 -0.94973546 -0.036621824
vn 0.049494796 -0.9958562 -0.07629255
vn 0.7145354 -0.6931733 -0.09460382
vn 0.71210647 -0.68390167 -0.15869093
vn 0.67748654 -0.68711865 -0.26244974
vn 0.5120209 -0.79001325 -0.33721474
vn 0.6701031 -0.49412534 -0.5538972
vn 0.6497332 -0.7599771 -0.016784536
vn 0.18511143 -0.97963136 -0.07782117
vn 0.060845062 -0.9947404 -0.08239833
vn 0.4604365 -0.8767653 -0.13885573
vn 0.019455325 -0.9786791 -0.20447163
vn 0.0679019 -0.9871049 -0.14495912
vn 0.07772371 -0.90507597 -0.4180868
vn -0.20064868 -0.8902355 -0.40892655
vn -0.0104904715 -0.9527254 -0.30365142
vn 0.3439016 -0.62028176 -0.70496964
vn 0.6047317 -0.107982695 -0.78907496
vn 0.10551915 -0.45650265 -0.88344276
vn -0.052371103 -0.50095963 -0.8638847
vn -0.07235154 -0.42629004 -0.90168846
vn -0.07025154 -0.47767234 -0.8757247
vn -0.032099094 -0.52312464 -0.8516515
vn 0.12883893 -0.79668427 -0.5905038
vn 0.0005722096 -0.62037057 -0.7843086
vn -0.3807358 -0.506567 -0.7735827
vn -0.1827947 -0.48872426 -0.8530737
vn -0.16404244 -0.70671767 -0.68821526
vn -0.12434476 -0.53620404 -0.8348794
vn 0.16740757 -0.58902663 -0.7905835
vn -0.315965 -0.49106666 -0.81180024
vn -0.6020939 -0.42240995 -0.6775344
vn 0.5426143 -0.5881103 -0.59974664
vn -0.20467488 -0.6929952 -0.69127846
vn -0.21258618 -0.7055686 -0.67600304
vn 0.99494135 -0.061608635 -0.07934734
vn 0.9988487 -0.04787531 0.0030518128
vn 0.21452706 0.9506138 0.22430213
vn -0.12434476 -0.53620404 -0.8348794
vn -0.79582334 -0.32216325 -0.5127145
vn -0.988282 -0.004005389 -0.15258625
vn -0.5205977 -0.5826803 -0.62406874
vn -0.10095508 -0.6254732 -0.7736869
vn -0.15436168 -0.72197586 -0.67448
vn -0.39830166 -0.69408345 -0.5996698
vn 0.06397791 -0.6594206 -0.7490469
vn -0.15258004 -0.7749158 -0.61337173
vn -0.31522182 -0.74535584 -0.587435
vn 0.9687542 -0.2349882 0.07934667
vn 0.10384392 -0.7720114 -0.62706846
vn 0.060173683 -0.8092454 -0.58438087
vn -0.14567068 -0.8258645 -0.54472727
vn 0.07571638 -0.8668285 -0.49282393
vn -0.4201282 -0.80621135 -0.4165521
vn -0.20647344 -0.84878224 -0.4867623
vn -0.15215734 -0.9439381 -0.292966
vn 0.11881993 -0.95284814 -0.2792173
vn -0.25797993 -0.96458733 -0.054933988
vn 0.14134562 -0.98903775 -0.042727962
vn 0.10775689 -0.9823996 0.15257613
vn -0.5039003 -0.85045093 -0.15105563
vn -0.05140325 -0.9676018 -0.24719338
vn -0.32690778 -0.93189704 0.15715988
vn 0.030424213 -0.9546909 0.29604
vn -0.56636363 -0.8195537 0.08697149
vn 0.0043395823 -0.9999161 -0.012208056
vn -0.62793016 -0.75134164 0.20295188
vn -0.059892546 -0.9878455 0.14343692
vn -0.3904532 -0.87579 0.2837926
vn -0.11405036 -0.9265162 0.35855296
vn -0.7066047 -0.6847185 0.1785227
vn -0.14485896 -0.971194 0.18920356
vn -0.78767663 -0.6122506 -0.06866363
vn 0.005722067 -0.9981192 0.061035376
vn 0.4403721 -0.89724326 -0.032044403
vn -0.5023529 -0.8140644 0.29144576
vn -0.3459614 -0.92021155 0.18308872
vn -0.67848635 -0.7329885 0.04882775
vn -0.5426565 -0.8081671 -0.22888848
vn -0.8120845 -0.4442123 -0.37841013
vn 0.6641146 -0.7473256 0.02136306
vn -0.76340705 -0.563424 -0.31585312
vn -0.62615675 -0.36943817 -0.6866172
vn -0.44123596 -0.58322865 -0.6820228
vn -0.17743297 -0.36421454 -0.9142567
vn 0.818722 -0.5559871 0.14343132
vn 0.5412281 -0.80912405 -0.22888944
vn 0.8344342 -0.5363573 0.12665051
vn 0.38218522 -0.7043842 -0.5981448
vn 0.83335775 -0.55083525 0.045775782
vn 0.3463349 -0.53075445 -0.77353215
vn 0.8321632 -0.55007076 -0.070189334
vn 0.29589894 0.54316485 -0.7857581
vn -0.7372298 -0.14151455 -0.66065556
vn -0.3289514 -0.16767079 -0.9293425
vn -0.43047863 0.07918822 -0.8991203
vn -0.014695022 -0.23225768 -0.9725433
vn -0.17549191 0.19761916 -0.9644425
vn -0.14172287 -0.058900297 -0.98815244
vn -0.05960198 -0.026129508 -0.9978802
vn 1.0663597E-05 -0.9911494 -0.13275088
vn -7.4035024E-06 -0.1936421 0.98107225
vn 0.20466462 -0.16948526 0.96404725
vn -6.5194513E-07 -0.032235146 0.9994803
vn 0.1707658 -0.005505114 0.9852963
vn -6.049505E-07 0.17226012 0.9850515
vn 0.14051986 0.14488205 0.9794199
vn 0.06495516 0.38550955 0.9204147
vn 0.22981727 0.37381962 0.8985782
vn 0.21893708 0.56777716 0.7935337
vn 0.3369381 0.32091388 0.88514805
vn 0.329714 0.511829 0.7932969
vn 0.28549123 0.67318034 0.68214595
vn 0.4031922 0.61344343 0.6790605
vn 0.34081423 0.7820012 0.5218427
vn 0.46593362 0.71785533 0.5172908
vn 0.36841232 0.8378621 0.40281463
vn 0.50839996 0.8028923 0.31127697
vn 0.24214503 0.9229931 0.2990811
vn 0.24756987 0.92867315 0.27617967
vn 0.19082636 0.9463118 0.26092
vn 0.19293027 0.94243044 0.27313507
vn 0.4319035 0.85760844 0.27922577
vn 0.20590685 0.9378823 0.27924746
vn 0.202882 0.9385498 0.27921906
vn 0.4094973 0.8655327 0.28838375
vn 0.18000805 0.9409057 0.28686848
vn 0.21131496 0.94195354 0.26090148
vn 0.38992926 0.86987895 0.3021022
vn 0.12289083 0.95050836 0.2853623
vn 0.37902457 0.87200916 0.30974254
vn -0.12063478 0.948485 0.29295656
vn 0.21452706 0.9506138 0.22430213
vn 0.027133087 0.9382612 0.344862
vn -0.35182643 0.8520513 0.38759083
vn -0.988282 -0.004005389 -0.15258625
vn 0.3518053 0.85276306 0.3860417
vn -0.59976584 0.6746293 0.43029788
vn -0.5205977 -0.5826803 -0.62406874
vn -0.39830166 -0.69408345 -0.5996698
vn -0.103045434 0.8586961 0.50201863
vn -0.7624463 0.5281335 0.37383232
vn -0.31522182 -0.74535584 -0.587435
vn -0.24698643 0.7451552 0.6194686
vn 0.28582475 0.76754004 0.57374763
vn 0.6560281 0.65993816 0.3662085
vn 0.8196995 0.5001169 0.27924147
vn 0.9687542 -0.2349882 0.07934667
vn 0.8247169 0.34636584 0.44707134
vn 0.10384392 -0.7720114 -0.62706846
vn 0.63679564 0.5531548 0.53713244
vn 0.79807806 0.2441539 0.55087227
vn 0.5851375 0.4659358 0.6637153
vn 0.8114861 0.23021829 0.5371125
vn 0.060173683 -0.8092454 -0.58438087
vn 0.19905688 0.669594 0.7155559
vn 0.59173363 0.47262403 0.6530527
vn 0.85067207 0.28381166 0.44250208
vn 0.07571638 -0.8668285 -0.49282393
vn -0.36682504 0.70208406 0.6103421
vn 0.14647014 0.6861974 0.7125163
vn 0.63157535 0.54870677 0.5477531
vn 0.9021766 0.34465817 0.25939962
vn 0.11881993 -0.95284814 -0.2792173
vn -0.8807155 0.3890979 0.27007973
vn -0.5062671 0.6685377 0.54474854
vn -0.9558775 0.24109131 0.1678484
vn -0.20647344 -0.84878224 -0.4867623
vn 0.93095434 0.36467624 0.018310104
vn 0.14134562 -0.98903775 -0.042727962
vn -0.98924106 0.08716537 0.11749206
vn -0.05140325 -0.9676018 -0.24719338
vn 0.6918587 0.63683426 0.3402553
vn 0.17421922 0.75027746 0.63775486
vn -0.7952414 0.53330815 0.28839839
vn -0.99134517 -0.087738104 0.097656325
vn 0.0043395823 -0.9999161 -0.012208056
vn 0.38964674 0.8403248 0.37686834
vn -0.17390181 0.86288106 0.47454643
vn -0.8209372 0.5418872 0.18005687
vn 0.40475377 0.9113636 0.074770726
vn -0.17410484 0.9710959 0.16327992
vn -0.96165377 -0.25959456 0.088502474
vn -0.059892546 -0.9878455 0.14343692
vn 0.7305431 0.68171304 0.0396744
vn 0.7150256 0.6616228 -0.22581762
vn 0.41772136 0.88198334 -0.21820696
vn -0.12670499 0.98617214 -0.10681941
vn -0.8546776 0.51726973 0.044250216
vn 0.913911 0.3599186 -0.18768409
vn 0.10775689 -0.9823996 0.15257613
vn 0.030424213 -0.9546909 0.29604
vn 0.68846744 0.6158918 -0.38300115
vn 0.88420457 0.33987328 -0.32041925
vn -0.11405036 -0.9265162 0.35855296
vn -0.8595152 0.49916252 -0.109865345
vn -0.04501244 0.9477408 -0.31585002
vn 0.43373394 0.8119636 -0.3906276
vn 0.8720705 0.29069018 -0.39369062
vn -0.3459614 -0.92021155 0.18308872
vn 0.6921751 0.5592332 -0.45623666
vn 0.48772174 0.74522054 -0.45472375
vn 0.08125949 0.9089236 -0.4089679
vn -0.8277369 0.4951449 -0.26397556
vn 0.9215241 0.24013224 -0.305172
vn -0.5426565 -0.8081671 -0.22888848
vn 0.7785665 0.53023386 -0.33568764
vn -0.8964886 -0.440019 0.051879134
vn -0.14485896 -0.971194 0.18920356
vn -0.78328025 0.51725966 -0.34483975
vn -0.7826699 -0.61320424 -0.10681008
vn 0.005722067 -0.9981192 0.061035376
vn 0.4403721 -0.89724326 -0.032044403
vn -0.6374434 -0.72441953 -0.26245424
vn 0.6641146 -0.7473256 0.02136306
vn 0.26003996 0.9300971 -0.25942004
vn 0.6159175 0.7282103 -0.30059177
vn 0.42678693 0.90030587 0.085452765
vn -0.73896176 0.5615289 -0.37231806
vn -0.4783588 -0.756714 -0.44559714
vn 0.5412281 -0.80912405 -0.22888944
vn -0.73045176 0.60633355 -0.31432453
vn 0.7251486 0.67655736 0.12817778
vn 0.8757067 0.47953096 0.056460287
vn 0.98309064 0.1831135 -0.0015259458
vn -0.44123596 -0.58322865 -0.6820228
vn 0.9021681 0.09345928 0.42113894
vn 0.77252513 0.34105554 0.5356174
vn 0.6369961 -0.023839677 0.77049834
vn -0.17743297 -0.36421454 -0.9142567
vn 0.4771527 -0.21745116 0.85149294
vn -0.014695022 -0.23225768 -0.9725433
vn 0.47843385 0.18214244 0.8590257
vn 0.6328908 0.50070477 0.5905455
vn 0.27383077 0.1211725 0.95411414
vn -0.05960198 -0.026129508 -0.9978802
vn 0.2311522 0.08433288 0.96925575
vn 0.3993765 0.26606023 0.8773313
vn 0.512566 0.63052773 0.5828472
vn -0.8120845 -0.4442123 -0.37841013
vn -0.7372298 -0.14151455 -0.66065556
vn -0.43047863 0.07918822 -0.8991203
vn 0.32116345 0.40526858 0.8559272
vn 0.19355226 0.3451523 0.91837215
vn -0.17549191 0.19761916 -0.9644425
vn -0.05960198 -0.026129508 -0.9978802
vn 0.21598257 0.112280436 0.96992
vn 0.1823476 0.9479786 0.26093253
vn 0.818722 -0.5559871 0.14343132
vn 0.8344342 -0.5363573 0.12665051
vn -0.7365835 0.6466027 -0.19836777
vn 0.17540751 0.80118173 0.57213646
vn 0.83335775 -0.55083525 0.045775782
vn -0.38278535 -0.6330167 -0.67287827
vn -0.667238 0.74233973 0.06103513
vn 0.15628266 0.5448439 0.82384515
vn 0.8321632 -0.55007076 -0.070189334
vn -0.29841363 -0.39604074 -0.8683899
vn 0.38218522 -0.7043842 -0.5981448
vn 0.3463349 -0.53075445 -0.77353215
vn 0.11694314 0.34586933 0.93096656
vn 0.29589894 0.54316485 -0.7857581
vn -0.6084549 0.74731237 0.26703352
vn -0.23209043 -0.19765367 -0.9524007
vn -0.833787 -0.22296628 -0.50505966
vn -0.073533915 0.8820254 0.46542868
vn -0.94909793 0.29792824 -0.10223402
vn -0.81847227 -0.22660103 -0.5279728
vn 0.3341851 0.89631045 0.29145825
vn -0.70051223 -0.38683152 -0.59970325
vn -0.7116616 -0.37814772 -0.5920659
vn -0.17119035 -0.7335912 -0.65767616
vn -0.6743163 -0.4156901 -0.61032724
vn -0.80283386 -0.29374295 -0.51881874
vn -0.1406781 -0.75460684 -0.64091986
vn -0.31825924 -0.6163948 -0.7202559
vn -0.6631618 -0.5067647 -0.550823
vn -0.79378855 -0.3986587 -0.45931587
vn -0.13732976 -0.7433927 -0.6546052
vn -0.3831011 -0.5895771 -0.7110784
vn -0.15716906 -0.7892785 -0.5935802
vn -0.6702507 -0.6338199 -0.38605216
vn -0.78131884 -0.54529244 -0.3036396
vn 0.2683602 -0.8231047 -0.50048125
vn 0.29724428 -0.82412106 -0.4821518
vn 0.27285364 -0.85737646 -0.4364132
vn -0.21458167 -0.8753024 -0.43335956
vn 0.21570985 -0.9229177 -0.31889203
vn -0.6636319 -0.7293371 -0.16631326
vn -0.7379803 -0.66530764 -0.11291919
vn -0.30038142 -0.9299427 -0.21207882
vn 0.115202 -0.97826344 -0.17242154
vn -0.040051572 -0.9990007 0.019835064
vn -0.4020707 -0.91514957 0.028991815
vn -0.19978665 -0.95859444 0.20293364
vn -0.63983345 -0.76696086 0.048829142
vn -0.67393726 -0.73544705 0.0701879
vn -0.4845047 -0.85055363 0.20448387
vn -0.359509 -0.8658731 0.347875
vn -0.61107844 -0.76670885 0.19682676
vn -0.61642987 -0.7608102 0.2029336
vn -0.5521785 -0.7709518 0.31738344
vn -0.545982 -0.80805343 0.22125386
vn -0.58018684 -0.75698936 0.30058333
vn -0.5704642 -0.76252615 0.30516306
vn -0.6460049 -0.74499416 0.16631718
vn -0.6003205 -0.78866565 0.1327476
vn -0.58900183 -0.7986239 0.12359884
vn -0.5881331 -0.7526425 -0.29602155
vn -0.59576815 -0.75417554 -0.27618772
vn -0.4934782 -0.6270054 -0.60277975
vn -0.6808571 -0.6910619 -0.2426251
vn -0.65354204 -0.7274506 -0.20904191
vn -0.5288462 -0.59284186 -0.6073386
vn -0.48798174 -0.6357018 -0.5981281
vn -0.3138929 -0.46888405 -0.82560223
vn -0.55483186 -0.57028097 -0.60575664
vn -0.22674814 -0.46760845 -0.854358
vn -0.29270908 -0.48549664 -0.8237806
vn -0.11252259 -0.22065872 -0.96883863
vn -0.31125358 -0.43382812 -0.8455261
vn 0.18719268 -0.35892904 -0.9144008
vn -0.017448856 -0.30092123 -0.95348936
vn 0.6889714 -0.15488504 -0.7080459
vn -0.06874169 -0.29861158 -0.9518959
vn 0.09134985 0.2767195 -0.9565989
vn 0.37184906 -0.0652166 -0.92599946
vn 0.9711186 0.12036454 -0.2060122
vn 0.22932675 0.04617061 -0.97225386
vn 0.14169668 0.7571142 -0.6377304
vn 0.6783916 0.28436375 -0.67743796
vn 0.7226294 0.65740407 -0.21360387
vn 0.51339954 0.41861522 -0.7491209
vn -0.75099444 -0.31312892 -0.5813412
vn -0.5173829 -0.41071147 0.75075364
vn -0.67705566 -0.43506274 -0.5935621
vn -0.76560384 -0.448891 -0.46081188
vn 0.2088992 -0.95599633 -0.20599054
vn -0.811032 -0.36803535 -0.45472726
vn -0.7340295 0.67862195 -0.02593946
vn -0.75393 0.65546274 -0.04425065
vn 0.18777938 -0.9712266 -0.14648508
vn -0.81351674 -0.46369502 -0.35096622
vn -0.70731544 0.7068386 -0.009154952
vn -0.84682006 -0.4023349 -0.34788284
vn -0.3263619 0.9155681 0.23499584
vn -0.26475018 0.94617665 0.18616438
vn 0.19378676 -0.9737974 -0.11901862
vn -0.8320598 -0.4651906 -0.3021164
vn -0.6882483 0.72534513 0.01373254
vn -0.22888711 0.9572249 0.17700602
vn -0.8606715 -0.4120733 -0.29906547
vn 0.6234207 -0.77391136 0.11138984
vn 0.649802 -0.75641763 0.07476444
vn 0.20046058 -0.97512347 -0.094603665
vn -0.82678545 -0.44558102 -0.3433415
vn 0.66220176 -0.746312 0.06713566
vn -0.66386825 0.74779356 0.009155487
vn -0.20150474 0.9601276 0.19378021
vn -0.8514069 -0.39785722 -0.3417834
vn 0.2103896 -0.9719312 -0.10529016
vn 0.6621066 -0.7453587 0.07781636
vn -0.81104046 -0.42125654 -0.40590173
vn 0.8605075 0.41017872 0.30212653
vn 0.85055524 0.39967227 0.3417861
vn 0.84746885 0.3982703 0.35096616
vn -0.6547744 0.7556704 0.015258362
vn -0.19941849 0.9516964 0.23346555
vn -0.83369035 -0.37774506 -0.40282634
vn 0.21915133 -0.96319765 -0.15563749
vn 0.66098785 -0.74815315 0.057983067
vn 0.83186984 0.38012534 0.40434805
vn -0.7942662 -0.39770535 -0.45931628
vn -0.6481356 0.76133996 0.016785149
vn -0.20331517 0.9428598 0.2639664
vn -0.8159718 -0.35696378 -0.45471635
vn 0.6546221 -0.7544748 0.04730369
vn 0.22201756 -0.955591 -0.19378851
vn 0.81444836 0.35849077 0.45624366
vn -0.7732999 -0.3730607 -0.51267236
vn -0.64094305 0.76749134 0.0122066215
vn -0.21000832 0.9355957 0.28382596
vn -0.7936037 -0.33472112 -0.5080895
vn 0.64362204 -0.76397336 0.045775454
vn 0.22353865 -0.94889486 -0.22277574
vn 0.7922035 0.3356875 0.5096347
vn -0.7600982 -0.3565881 -0.543227
vn -0.6383159 0.76973665 0.007629654
vn -0.2188761 0.93024725 0.29450515
vn -0.77945226 -0.31986824 -0.5386451
vn 0.6367578 -0.7697932 0.044249754
vn 0.22659864 -0.9440656 -0.23956893
vn 0.7781194 0.32053673 0.54017264
vn -0.74405533 -0.34236845 -0.5737294
vn -0.6464287 0.76297283 0.0015259456
vn -0.24090475 0.9223237 0.3021323
vn -0.7635647 -0.30777213 -0.5676664
vn 0.641545 -0.76647806 0.030517977
vn 0.24470809 -0.93210316 -0.26702362
vn 0.76222795 0.3084005 0.56912005
vn -0.7372745 -0.3441759 -0.58135116
vn -0.6831947 0.7298281 0.024413433
vn -0.28696457 0.9005671 0.32654262
vn -0.7565033 -0.31116477 -0.57522094
vn 0.66500884 -0.74683553 0
vn 0.27818528 -0.9122799 -0.3005965
vn 0.7547022 0.31269503 0.576755
vn -0.7414189 -0.36737144 -0.56154794
vn -0.7418594 0.66508895 0.08544877
vn -0.35020548 0.85949117 0.37233174
vn -0.7624934 -0.33685136 -0.55239046
vn 0.7110868 -0.7010729 -0.05340781
vn 0.33150604 -0.87816674 -0.34485784
vn 0.7591143 0.33950338 0.55541235
vn -0.73449284 -0.40472448 -0.5447187
vn -0.79652315 0.58423144 0.15564245
vn -0.41295525 0.8051197 0.4257349
vn -0.7580647 -0.37650514 -0.532524
vn 0.77228725 -0.6218925 -0.12970002
vn 0.404739 -0.8148185 -0.41503865
vn 0.754586 0.37910512 0.5356111
vn -0.7051239 -0.45212233 -0.54624695
vn -0.84322053 0.49589992 0.20751503
vn -0.47506183 0.7448771 0.46848094
vn -0.5346545 0.676377 0.5066151
vn -0.73222464 -0.42647943 -0.5310012
vn -0.88283795 0.400319 0.24564599
vn 0.8262861 -0.52997136 -0.19074008
vn 0.47685868 -0.73789114 -0.47762167
vn -0.65539664 -0.5050903 -0.56155056
vn -0.6860335 -0.48234048 -0.5447071
vn 0.7292279 0.4277514 0.53409314
vn 0.8722575 -0.43298155 -0.22736299
vn -0.91476685 0.28133467 0.28991777
vn 0.543798 -0.65843236 -0.52033705
vn -0.59053624 -0.5581101 -0.58290654
vn 0.60564464 -0.5785576 -0.5463201
vn 0.9106148 -0.3334216 -0.24415313
vn -0.6266044 -0.5403866 -0.5615596
vn -0.5115495 -0.6078703 -0.6072981
vn 0.68318325 0.48292017 0.5477673
vn 0.66105944 -0.48177615 -0.57523227
vn -0.93218625 0.13160275 0.33720824
vn -0.5516879 -0.5950791 -0.5843982
vn -0.43832985 -0.66398007 -0.60580313
vn -0.59064287 0.58396786 0.5568864
vn 0.9410114 -0.21360616 -0.26243046
vn 0.6224066 0.53885955 0.5676623
vn 0.6940325 -0.36942592 -0.61793494
vn -0.48002878 -0.65701205 -0.58129823
vn -0.9314346 -0.023459904 0.3631517
vn -0.64032865 0.46427166 0.6119077
vn 0.5865775 0.5606345 0.5844791
vn -0.36178857 -0.7176649 -0.5950345
vn -0.92855257 -0.12530741 0.34941122
vn -0.68203706 0.34674034 0.6438919
vn 0.50677586 0.6088177 0.6103436
vn -0.40236056 -0.7158374 -0.5706863
vn 0.7024491 -0.2933388 -0.6484733
vn -0.29751527 -0.80443555 -0.5141674
vn 0.95062554 -0.06408712 -0.30365086
vn -0.7271105 0.27924705 0.6271613
vn -0.92943394 -0.17470992 0.32500625
vn 0.43504092 0.66619813 0.6057387
vn -0.33541882 -0.80378443 -0.49135002
vn -0.7794029 0.27483657 0.5630239
vn 0.3614456 0.72155607 0.5905201
vn -0.918039 -0.17548221 0.35554227
vn 0.477773 0.6559127 0.5843898
vn 0.40478185 0.71685684 0.5676865
vn 0.5476644 0.59268314 0.5905848
vn 0.6517494 0.5081242 0.5630565
vn 0.7016759 0.45564115 0.5477611
vn 0.7310994 0.40875196 0.5462741
vn 0.7373696 0.3708782 0.5645665
vn 0.7352432 0.3459744 0.5828543
vn 0.74371475 0.3430549 0.573761
vn 0.759116 0.35638398 0.5447325
vn 0.7722994 0.37298876 0.5142305
vn 0.7932659 0.39796808 0.46081516
vn 0.8097861 0.42220265 0.4074203
vn 0.8259037 0.44604522 0.34485772
vn 0.83172417 0.46378562 0.30518487
vn 0.812593 0.46184573 0.3555154
vn 0.76369685 0.44421825 0.4684414
vn 0.8119849 0.35821182 0.4608305
vn 0.6685198 0.41374797 0.61797553
vn 0.6024429 -0.7875532 0.12970118
vn 0.74613327 0.28289932 0.60270476
vn -0.5173829 -0.41071147 0.75075364
vn -0.67705566 -0.43506274 -0.5935621
vn -0.39878285 0.868472 0.29449752
vn -0.75099444 -0.31312892 -0.5813412
vn 0.12750222 -0.26167995 -0.9566958
vn 0.26888543 -0.26488075 -0.9260339
vn 0.7936485 0.6082541 0.012207042
vn -0.21206965 -0.5303649 -0.8208164
vn -0.124158554 -0.55747384 -0.8208578
vn 0.98520917 -0.012588095 -0.17089294
vn -0.91025454 0.21971989 -0.35094148
vn -0.87346303 0.11539363 -0.4730186
vn -0.8937653 0.32729432 -0.3066954
vn -0.38709384 -0.7289838 -0.56457144
vn -0.84910566 0.51667285 0.10985734
vn 0.9357366 -0.2895328 -0.20141414
vn -0.32714224 -0.7622509 -0.55852616
vn 0.83150786 -0.5529399 -0.053405713
vn 0.9677702 -0.005912668 0.25176522
vn -0.408511 -0.8832 -0.23038341
vn -0.88954973 0.2811313 -0.36009216
vn -0.68439686 0.72903144 0.010681779
vn -0.4596066 -0.8530237 -0.24720903
vn -0.9649688 0.25654933 0.054933988
vn 0.7936485 0.6082541 0.012207042
vn 0.12750222 -0.26167995 -0.9566958
vn 0.26888543 -0.26488075 -0.9260339
vn -0.2742391 0.30398962 0.91235036
vn 0.9319555 0.11654213 0.34333193
vn 0.104593776 0.5726438 0.8131046
vn -0.12210325 0.2993438 0.9463002
vn 0.19040398 0.5455641 0.8161533
vn 0.3177006 0.77064574 0.5524233
vn 0.370974 0.74080366 0.5599895
vn 0.95723826 -0.13695268 0.2548312
vn -0.6268298 0.74708426 -0.22124526
vn 0.44762588 0.8611125 0.24107336
vn 0.7626435 -0.6141584 0.20293927
vn 0.93954676 -0.12073348 0.32043007
vn 0.4027052 0.8870385 0.22581242
vn 0.7651894 -0.4947411 0.41196638
vn 0.41891995 0.897345 -0.13884531
vn -0.92851126 0.101853944 -0.35706103
vn -0.3683347 -0.9157819 0.16022846
vn 0.3705251 0.91462946 -0.16175301
vn 0.9493064 0.0030518186 0.31433734
vn 0.8278204 -0.43393815 0.35554317
vn -0.42088252 -0.8968908 0.13581163
vn -0.69332516 0.58365196 -0.4226708
vn 0.9918846 0.040434487 0.12054054
vn -0.25778243 -0.8739616 0.41199413
vn -0.9857437 -0.011635132 -0.16785108
vn 0.3219704 0.8589056 -0.3982667
vn 0.8605411 -0.5024194 0.08392731
vn -0.31025308 -0.8639018 0.39675772
vn 0.27085865 0.8699903 -0.41201028
vn 0.98340744 -0.03223349 -0.17852391
vn -0.17880978 -0.87488043 0.45012376
vn 0.24328896 0.85756737 -0.4531984
vn -0.8137391 0.4525965 -0.36467108
vn -0.22687449 -0.86286694 0.45165095
vn 0.9224623 -0.068662554 -0.37993276
vn -0.9925817 -0.015830955 0.120544136
vn 0.19436866 0.87074864 -0.451683
vn -0.8878862 0.44785327 -0.10528748
vn 0.16451009 0.92526186 -0.3417995
vn -0.19759591 -0.9153116 0.35094255
vn 0.8043312 -0.5647675 -0.18463188
vn 0.21049741 0.9112334 -0.35404006
vn -0.8778633 0.4539522 0.15258896
vn -0.15468016 -0.92808104 0.33873236
vn -0.94395214 -0.036430564 0.32806578
vn 0.19149007 0.97995627 -0.054929428
vn 0.89027697 -0.025177622 -0.45472312
vn -0.22660278 -0.97145456 0.07019346
vn -0.8459377 0.40017527 0.35248992
vn -0.18854412 -0.98077285 0.05035473
vn -0.9111662 -0.1165423 0.3952138
vn 0.2356414 0.96907645 -0.073238604
vn 0.73337156 -0.5336732 -0.42114025
vn -0.2784591 -0.9276885 -0.24870598
vn -0.81921726 0.32864058 0.469977
vn 0.24262847 0.9335093 0.26399198
vn 0.90692055 0.037764516 -0.4196057
vn -0.24221934 -0.93187696 -0.27006504
vn 0.70724535 -0.43544802 -0.55694616
vn 0.2851719 0.9268563 0.24416056
vn 0.29919016 0.80858594 0.50663
vn 0.34139258 0.8040845 0.4867229
vn 0.92835146 0.0791588 -0.3631767
vn 0.7063851 -0.31914183 -0.6317979
vn 0.9387889 0.05378677 -0.34026808
vn 0.55641866 -0.54688275 -0.6255538
vn 0.49462786 -0.44793606 0.7447796
vn 0.62511754 -0.47081694 -0.6225427
vn 0.62977046 -0.56115234 -0.5371193
vn -0.26822746 -0.9191738 -0.28839818
vn 0.68015194 -0.5021384 -0.5340883
vn 0.89285916 0.39309645 -0.21972203
vn -0.24037835 -0.9345239 -0.26245636
vn 0.70421296 -0.5760355 -0.41505075
vn 0.901925 0.39395738 -0.1769995
vn 0.74105394 -0.5290041 -0.4135139
vn -0.20660923 -0.9541313 -0.21667027
vn 0.7419093 -0.58645076 -0.32503238
vn -0.8335701 -0.51317894 0.20447049
vn -0.8537214 -0.5022956 0.13732783
vn 0.8983472 0.4192287 -0.13122353
vn 0.7770856 -0.5408176 -0.32195386
vn -0.20428199 -0.9592289 -0.19531722
vn -0.8685933 -0.48913205 0.07934448
vn 0.7564853 -0.59139746 -0.27924722
vn 0.3910061 0.87251574 0.29296845
vn 0.30258647 0.92292213 0.2380258
vn 0.89739454 0.43458307 -0.07629284
vn 0.7915 -0.5459771 -0.2746575
vn 0.25530648 0.94330835 0.21210371
vn -0.21505384 -0.9574902 -0.19226098
vn -0.88131166 -0.47045887 0.044251557
vn 0.7551067 -0.58726287 -0.29143798
vn 0.89176995 0.45155928 -0.028991345
vn 0.22598289 0.95075905 0.21210635
vn 0.78941643 -0.54350764 -0.2853439
vn -0.70014423 0.57878846 0.41809332
vn -0.73771685 0.59003997 0.3280649
vn -0.62900966 0.5604233 0.53876954
vn -0.22458613 -0.9549917 -0.19378302
vn -0.8852972 -0.4617698 0.054931715
vn 0.75086236 -0.57919306 -0.31739745
vn 0.88538456 0.46443588 -0.019836279
vn 0.21390754 0.94966173 0.2288801
vn 0.7827781 -0.5379692 -0.31280607
vn -0.7545124 0.5931957 0.28076655
vn -0.23184371 -0.9503589 -0.20752443
vn -0.8836818 -0.46368018 0.06408743
vn 0.7430392 -0.5753761 -0.34181133
vn 0.8862743 0.4627357 -0.019836979
vn 0.21791646 0.94252455 0.25329813
vn -0.75485677 0.5875771 0.29145196
vn 0.7732003 -0.538036 -0.3356765
vn -0.7906606 0.54719704 0.2746475
vn -0.78801745 0.54473627 0.2868639
vn -0.77661526 0.5405692 0.32350224
vn -0.74396354 0.5249039 0.4135144
vn -0.6889622 0.48836255 0.5355681
vn -0.7806638 0.54015154 0.31432542
vn -0.5502834 0.53521496 0.64088464
vn -0.633161 0.44289792 0.63478225
vn 0.44712335 0.83569205 0.31890383
vn 0.49462786 -0.44793606 0.7447796
vn 0.62511754 -0.47081694 -0.6225427
vn -0.803334 -0.5360646 0.2594015
vn 0.55641866 -0.54688275 -0.6255538
vn -0.8872773 -0.45813417 0.05340448
vn -0.245468 -0.9393395 -0.23955542
vn 0.7303133 -0.5785859 -0.36315396
vn -0.77073014 0.5406173 0.33720636
vn -0.89532053 -0.44336867 0.042725135
vn -0.26217142 -0.92689854 -0.2685612
vn -0.7491745 0.5797138 0.32042086
vn 0.23316592 0.9305656 0.28227857
vn 0.89340717 0.4491831 -0.0076294374
vn 0.7593902 -0.54491466 -0.3555201
vn -0.741101 0.57697356 0.3433231
vn -0.75741655 0.54665214 0.3570596
vn 0.25167075 0.9174205 0.30822274
vn 0.71900064 -0.57995 -0.38300925
vn -0.8998621 -0.43343297 0.04882677
vn 0.901187 0.43342805 0.0015258192
vn -0.72921395 0.5799568 0.36317638
vn 0.7460271 -0.5490065 -0.3768758
vn -0.2740805 -0.9202773 -0.27923027
vn -0.7444898 0.55004704 0.3783957
vn 0.26825953 0.90576935 0.3280529
vn 0.71388566 -0.5749421 -0.39976075
vn -0.90101624 -0.43067202 0.051879007
vn -0.7179134 0.5803006 0.38451472
vn 0.906552 0.42209128 0.0015258609
vn 0.7390722 -0.54662734 -0.39366323
vn -0.2816241 -0.9151591 -0.2883953
vn -0.7376691 0.54741055 0.3952037
vn 0.28105134 0.89617896 0.34332702
vn 0.7073217 -0.573334 -0.41350237
vn -0.9058316 -0.42115733 0.04577797
vn -0.71289545 0.5750849 0.40131962
vn 0.9098039 0.41503847 0
vn 0.73070997 -0.54779404 -0.40741226
vn -0.2974531 -0.9036128 -0.3082297
vn -0.72907794 0.548835 0.40893215
vn 0.2953425 0.88860226 0.35093975
vn 0.69180846 -0.58098936 -0.42878005
vn -0.9153874 -0.40090513 0.03661931
vn -0.7059268 0.57393515 0.4150491
vn 0.9156073 0.40206227 -0.0030517064
vn 0.7142097 -0.5579018 -0.42267025
vn -0.32568628 -0.88559955 -0.33112228
vn -0.71164674 0.56000936 0.42420328
vn 0.31301683 0.87629455 0.36623538
vn 0.66403073 -0.5935555 -0.4547032
vn -0.93687487 -0.3496115 0.0061034192
vn -0.68911546 0.58306843 0.43029192
vn 0.92664933 0.37592378 0.0015258198
vn 0.68626136 -0.57372826 -0.44708076
vn -0.377216 -0.8438957 -0.38150796
vn -0.6821856 0.5773733 0.44862312
vn 0.3546514 0.83556217 0.41959295
vn 0.62460464 -0.6094402 -0.48831514
vn -0.96037054 -0.27790663 -0.021362761
vn -0.6604163 0.5975695 0.45470977
vn 0.9494645 0.31280068 0.025939567
vn 0.6474679 -0.59263015 -0.47913966
vn -0.43963394 -0.7816138 -0.44249487
vn -0.64258534 0.59547377 0.48217735
vn 0.41086808 0.77843666 0.4745774
vn 0.55496913 -0.6273564 -0.5462903
vn -0.9809043 -0.18939099 -0.04424845
vn -0.61995685 0.6129953 0.48978594
vn 0.9712279 0.2313628 0.056457862
vn 0.5784026 -0.6139746 -0.53710854
vn -0.5002455 -0.6966241 -0.51426584
vn 0.48843464 0.694794 0.52791375
vn -0.57450646 0.6149432 0.5401734
vn 0.49663326 -0.6644663 -0.5584263
vn 0.9889746 0.13199043 0.06713965
vn -0.5166594 -0.6555032 -0.5507982
vn 0.52269405 -0.6532484 -0.54777503
vn -0.5503342 0.6301522 0.5477594
vn -0.98994154 -0.12283669 -0.07019239
vn 0.4816611 -0.7357943 -0.47603488
vn 0.99371487 0.07896313 0.07934459
vn -0.52546024 0.64714575 0.55235314
vn -0.5384055 -0.67572457 -0.5035035
vn 0.57155246 0.6357365 0.5188129
vn 0.5119103 -0.72304463 -0.4638472
vn -0.9891845 -0.100520685 -0.10681514
vn -0.4973548 0.6612959 0.5615389
vn -0.5502854 -0.7253849 -0.4135247
vn -0.5186279 0.71623677 0.46693677
vn -0.485591 0.732201 0.47758043
vn 0.9919241 0.06065414 0.11139
vn -0.5221174 0.8063972 0.27769968
vn 0.608051 0.64429 0.46385822
vn 0.4929125 -0.81818324 -0.29599547
vn -0.97959113 -0.0980354 -0.17547193
vn -0.48970285 0.8228152 0.28838587
vn 0.98701197 0.011825071 0.16021064
vn 0.52125365 -0.80429083 -0.28532583
vn -0.4997963 -0.80886704 -0.3097383
vn -0.5251714 0.84950554 0.050352372
vn 0.60062134 0.6984678 0.3890973
vn 0.500586 -0.8630794 -0.067138985
vn -0.96039987 -0.10548185 -0.25788692
vn -0.49732256 0.8655225 0.059507053
vn 0.9791286 0.011062522 0.20294008
vn 0.5236785 -0.84994036 -0.057985164
vn -0.45002708 -0.8811719 -0.14495468
vn -0.52698743 0.8346352 -0.16021335
vn 0.58390814 0.77129656 0.25328436
vn 0.49475297 -0.85580426 0.15105796
vn -0.94455606 -0.12856033 -0.3021359
vn -0.500304 0.8520236 -0.15411575
vn 0.97675335 0.07743836 0.19989015
vn 0.5172443 -0.8412848 0.15715683
vn -0.4743289 -0.8778995 0.06560883
vn -0.5246811 0.79589033 -0.30210644
vn 0.5820292 0.8098627 0.07324241
vn 0.48344833 -0.8226919 0.29909137
vn -0.9645216 -0.1367534 -0.22582431
vn -0.49374047 0.81431895 -0.30513123
vn 0.9874977 0.09784381 0.12359219
vn 0.5101951 -0.805822 0.30058596
vn -0.5316506 -0.7980004 0.28380126
vn -0.5047316 0.7651091 -0.39981765
vn 0.6015339 0.7882497 -0.12969024
vn 0.9952194 0.09765281 0.0015258251
vn 0.45748994 -0.79195255 0.40436882
vn 0.5771012 0.74448055 -0.3357125
vn -0.9929041 -0.074007645 -0.09308178
vn 0.49198025 -0.7733979 0.39976376
vn -0.47081584 0.7833262 -0.40587246
vn -0.48968711 0.8233609 -0.2868508
vn -0.5219786 0.8064774 -0.27772734
vn -0.9963804 0.013541923 0.083921775
vn 0.47352192 0.7975005 -0.37385815
vn 0.97978 0.12759836 -0.15410984
vn -0.56808734 -0.7507107 0.3372095
vn -0.51890785 0.8465036 0.1190217
vn 0.5219693 -0.80856127 0.27161863
vn -0.9565292 0.010681083 0.291441
vn 0.47932684 -0.8304771 0.28381947
vn 0.55702746 -0.8195675 -0.13427404
vn 0.37229645 0.91166854 -0.17394176
vn 0.511675 -0.85110676 -0.11749928
vn 0.9228376 0.22048163 -0.31584564
vn -0.54701835 0.82701236 0.12969752
vn -0.5808086 -0.78833556 0.2029492
vn 0.37132755 0.9253627 0.07628713
vn 0.4773786 -0.7035756 -0.5263943
vn -0.88372535 -0.09002232 0.45926636
vn -0.43260303 0.7416052 0.51271474
vn 0.8376163 0.34790215 -0.42114463
vn -0.6147306 -0.78848773 0.019836172
vn -0.46230963 0.71692324 0.5218149
vn 0.44406787 0.8576156 0.25942105
vn 0.4263767 -0.7442523 -0.5140928
vn 0.3223096 -0.5160388 -0.7936123
vn -0.82313585 -0.17509876 0.54017395
vn -0.24964488 0.57843614 0.77658814
vn 0.7516462 0.4434351 -0.48825538
vn 0.25182343 -0.5713464 -0.7811199
vn -0.7219192 -0.68320066 -0.10986141
vn 0.0031463322 -0.3542961 -0.93512803
vn 0.12678607 -0.28219202 -0.9509432
vn -0.74723315 0.64013124 -0.17853482
vn -0.8570467 -0.48388278 -0.17699774
vn 0.72539854 0.48048356 -0.49288186
vn 0.59376717 0.6982916 0.3997867
vn -0.74723315 0.64013124 -0.17853482
vn 0.12678607 -0.28219202 -0.9509432
vn 0.0031463322 -0.3542961 -0.93512803
vn -0.8058526 -0.201034 0.55694425
vn 0.01373054 0.40238106 0.9153693
vn -0.07058461 0.35425845 0.9324799
vn -0.29246187 0.5446697 0.7860032
vn 0.9698387 0.114560075 -0.21514882
vn 0.9844802 -0.0025749262 -0.17547648
vn 0.9446838 -0.044106226 -0.32500327
vn 0.9747174 0.1617843 -0.15411608
vn 0.8770854 0.09174254 -0.47149175
vn 0.97125095 -0.0034629633 -0.23803253
vn 0.9375864 0.31021222 -0.15716243
vn 0.10161159 0.833432 -0.5432001
vn 0.9631146 0.1509307 -0.22277807
vn 0.9357777 -0.009125323 -0.35247228
vn 0.9329831 0.1298142 -0.3356946
vn 0.9158967 -0.009539598 -0.40130082
vn 0.93380797 0.27497935 -0.2288862
vn 0.22182634 0.94120026 -0.2548237
vn 0.91609025 0.123541676 -0.38146582
vn -0.37559095 -0.2381756 -0.8956584
vn -0.66137314 0.73651075 -0.14190674
vn -0.66770947 0.7098257 -0.22430232
vn -0.6987102 0.7095225 -0.09155282
vn 0.314427 0.90043104 -0.30059868
vn -0.7186804 0.69194204 -0.068663724
vn 0.9128901 0.2277874 -0.3387397
vn 0.8992733 0.21123433 -0.3829982
vn 0.34594545 0.819859 -0.45623788
vn 0.33936942 0.84784526 -0.40741494
vn -0.7301925 0.68037117 -0.06256204
vn 0.9844802 -0.0025749262 -0.17547648
vn 0.08681964 -0.48873597 -0.8681011
vn 0.9446838 -0.044106226 -0.32500327
vn 0.057696965 -0.9219474 -0.3829934
vn 0.97125095 -0.0034629633 -0.23803253
vn -0.43230134 -0.85590035 -0.28381395
vn -0.7196403 -0.3652561 -0.59051317
vn 0.05168916 -0.9355369 -0.3494264
vn 0.9357777 -0.009125323 -0.35247228
vn -0.36702263 -0.8967664 -0.2471931
vn 0.04892324 -0.9328018 -0.35705376
vn 0.9158967 -0.009539598 -0.40130082
vn -0.9914596 -0.079001576 0.10376184
vn -0.99911803 -0.041544486 -0.006103523
vn -0.9882979 -0.11180847 0.10376031
vn 0.04725445 -0.9352006 -0.35095128
vn -0.37559095 -0.2381756 -0.8956584
vn -0.9824572 -0.084356904 0.16631776
vn -0.9838861 -0.13477458 0.11749033
vn -0.9622076 -0.03483288 0.27007997
vn -0.3223902 -0.9196477 -0.22430462
vn -0.9568957 -0.08503608 0.27770385
vn -0.9659209 -0.2321641 0.11443996
vn -0.66770947 0.7098257 -0.22430232
vn -0.66137314 0.73651075 -0.14190674
vn -0.9753184 -0.12339671 0.18310465
vn -0.9625343 -0.19716434 0.18615547
vn -0.6987102 0.7095225 -0.09155282
vn -0.300694 -0.93052834 -0.20904574
vn -0.94167536 -0.08730011 0.32500178
vn -0.9501503 -0.10240388 0.29449603
vn -0.9448618 -0.14931703 0.29144564
vn -0.7186804 0.69194204 -0.068663724
vn -0.93594015 -0.096263796 0.33874664
vn -0.93296146 -0.13386346 0.334161
vn -0.7301925 0.68037117 -0.06256204
vn -0.6151137 -0.4717191 -0.6317564
vn -0.30110472 -0.43589032 -0.84813654
vn -0.5035448 -0.25004393 -0.826995
vn -0.22257179 -0.2846172 -0.9324456
vn -0.5186268 -0.024799848 -0.8546409
vn -0.04966086 -0.17290749 -0.9836854
vn -0.12210955 -0.54211587 -0.8313842
vn -0.07414144 -0.3759553 -0.9236669
vn 0.09201241 -0.40143934 -0.911252
vn 0.59278685 -0.36336866 -0.718726
vn -0.5961447 -0.5939989 -0.54016376
vn -0.755862 -0.31823263 -0.5721893
vn -0.36821374 -0.7398607 -0.56304944
vn -0.17213628 -0.8511447 -0.49590504
vn -0.38690016 -0.5980407 -0.70189434
vn -0.21714957 -0.6953173 -0.6851131
vn -0.78800595 -0.18424632 -0.5874521
vn -0.29864514 -0.5189102 -0.800964
vn -0.099923745 -0.60059124 -0.7932877
vn -0.7779465 -0.1293081 -0.614881
vn -0.908704 0.120073296 -0.39979926
vn -0.216621 -0.56691396 -0.7947855
vn 0.07877181 -0.6679391 -0.7400353
vn -0.7864471 -0.14782839 -0.5997064
vn -0.9136907 0.06427591 -0.4012953
vn -0.21899927 -0.630386 -0.74475014
vn 0.13827015 -0.7512361 -0.64538795
vn -0.7931047 -0.22850879 -0.564596
vn -0.93196195 -0.041963086 -0.36011958
vn -0.33566067 -0.7069853 -0.622498
vn 0.034901895 -0.84184134 -0.5385953
vn -0.80752254 -0.37572497 -0.45468444
vn -0.9402791 -0.21113366 -0.26701635
vn -0.51876545 -0.79073584 -0.3249913
vn -0.18633443 -0.94464105 -0.27006093
vn -0.40548557 -0.9109122 0.07629081
vn -0.8223902 -0.52085984 -0.22886555
vn -0.9189827 -0.37823632 -0.11139183
vn -0.64102995 -0.766909 0.030516153
vn -0.5191912 -0.7959533 0.31128582
vn -0.7993437 -0.59946007 0.041197386
vn -0.86443377 -0.49668702 0.07782193
vn -0.8034858 -0.5422695 0.24567115
vn -0.7511866 -0.61327195 0.24416424
vn -0.7554793 -0.5422438 0.36772636
vn -0.6724188 -0.6920667 0.26248178
vn -0.58481103 -0.6578647 0.47456288
vn -0.69843656 -0.5925839 0.4012863
vn -0.7654399 -0.5237723 0.37385055
vn -0.6734808 -0.60214645 0.42876944
vn -0.69227964 -0.56888986 0.44397438
vn -0.84821105 -0.4812315 0.22125587
vn -0.6897089 -0.55342656 0.4669268
vn -0.6309738 -0.5991199 0.49287674
vn -0.7525944 -0.5532885 0.35703418
vn -0.90066224 -0.4074152 -0.15106405
vn -0.7238566 -0.5655429 0.39521238
vn -0.6494209 -0.6411243 0.40891582
vn -0.84916705 -0.5274869 0.025940415
vn -0.75125897 -0.28551275 -0.5950566
vn -0.78584695 -0.6091268 0.106814146
vn -0.67252606 -0.72993684 0.12206939
vn -0.7522775 -0.3920655 -0.5294934
vn -0.6125604 -0.07075339 -0.78725076
vn -0.70171237 -0.50096434 -0.506591
vn -0.56037223 -0.6456296 -0.51879245
vn -0.25888163 -0.51843095 -0.81499064
vn -0.5194644 -0.32058752 -0.7920735
vn -0.26523045 -0.19515699 -0.94422805
vn -0.06955369 0.5795147 0.8119883
vn -0.21890253 0.56784475 0.7934948
vn -0.064978905 0.3855089 0.92041326
vn 1.6294679E-06 0.40269867 0.9153326
vn -6.049505E-07 0.17226012 0.9850515
vn 0.06495516 0.38550955 0.9204147
vn 2.7943827E-07 0.5730525 0.8195186
vn 0.06955369 0.5795147 0.8119883
vn 0.21893708 0.56777716 0.7935337
vn -3.4221712E-06 0.7078216 0.7063913
vn 0.69218236 0.7207929 0.03662139
vn 0.28047305 0.9085095 0.3097506
vn 0.685021 0.7276023 0.03662092
vn 0.70723337 0.6860144 0.17089565
vn 0.29315943 0.78463537 0.5462645
vn 0.6608025 0.74958974 0.038147062
vn 0.866486 0.49916404 -0.0061033573
vn 0.6991321 0.6942684 0.17089684
vn 0.6725324 0.719334 0.17395051
vn 0.8471648 0.5201675 0.108339444
vn 0.7081016 0.599979 0.37231356
vn 0.68293 0.6238972 0.37994593
vn 0.8429161 0.46084306 0.2776979
vn 0.65706575 0.46275935 0.5950784
vn 0.83534527 0.32821566 0.4409906
vn 0.837118 0.14872243 0.5264173
vn 0.71526015 0.59142476 0.37231675
vn 0.5874999 0.2656194 0.7643888
vn 0.8444539 0 0.53562826
vn 0.68114644 0.44300273 0.5829134
vn 0.6882097 0.4339937 0.5813922
vn 0.24317348 0.57908666 0.77815515
vn 0.5007748 0.08963191 0.8609243
vn 0.85935366 -0.014781913 0.51116806
vn 0.60973495 0.25437412 0.75067776
vn 0.6193957 0.2484641 0.7447246
vn 0.12732866 0.3585709 0.92477804
vn 0.4916117 0.06277517 0.8685489
vn 0.8726743 0.09431482 0.47910777
vn 0.5174759 0.08346385 0.8516175
vn 0.52607566 0.07904962 0.84675586
vn -0.0041962555 0.1682317 0.9857385
vn 0.5569506 0.17493533 0.81191355
vn 0.87141186 0.23270711 0.4318434
vn 0.5055317 0.05970998 0.8607394
vn 0.51350915 0.05827528 0.85610294
vn -0.038636886 0.16189332 0.98605156
vn 0.62486625 0.3256896 0.7095551
vn 0.84908867 0.3669879 0.37995833
vn 0.57353425 0.17063908 0.801212
vn 0.5780632 0.17059633 0.79795986
vn 0.020016845 0.32036483 0.9470827
vn 0.65698177 0.4487961 0.6057698
vn 0.8940166 0.39627045 0.20905532
vn 0.6476011 0.31721964 0.69280916
vn 0.64982724 0.31613994 0.69121635
vn 0.10303022 0.5162959 0.85019016
vn 0.69424087 0.43056288 0.576754
vn 0.70137644 0.42498416 0.57224077
vn 0.19024932 0.6801294 0.7079754
vn 0.6491823 0.56325406 0.5111822
vn 0.75013405 0.49551192 0.437912
vn 0.17013508 0.83398616 0.52490103
vn 0.72233474 0.52234316 0.45319974
vn 0.7060243 0.58032656 0.40589482
vn 0.5817424 0.7557884 0.3005987
vn 0.41834024 -0.52860045 0.73862904
vn 0.37318566 -0.6589343 -0.6530988
vn -0.41427633 -0.8805041 0.23040782
vn 0.67005473 -0.53971076 0.50964594
vn -0.54674745 -0.80998826 0.21209948
vn 0.9153719 -0.40094012 0.03662251
vn -0.74290836 -0.17745402 -0.6454434
vn -0.40746918 0.41847128 -0.8116962
vn 0.7450915 0.65482795 0.12664552
vn 0.77905506 0.6188143 -0.100707814
vn -0.93296164 -0.151524 -0.3265318
vn -0.6113671 0.5000079 -0.6133697
vn 0.8164322 0.53586406 -0.21514669
vn -0.9916175 -0.12898277 0.0076292944
vn -0.66546035 -0.73098826 0.15105893
vn -0.7393072 -0.6610563 0.1281771
vn 0.9394647 -0.24195912 -0.24261476
vn -0.81279236 0.5389053 -0.22124586
vn -0.8523133 0.5129425 0.10223563
vn 0.85164785 0.46297026 -0.24567133
vn -0.9756233 -0.11861501 0.18463409
vn -0.8081449 0.4576214 0.3707892
vn 0.86508435 0.38209242 -0.32501462
vn -0.781334 -0.6023796 0.16326664
vn 0.8945805 -0.11506518 -0.43184012
vn -0.9338165 -0.11508201 0.33873737
vn -0.7762862 0.4005646 0.48675242
vn 0.8554668 0.30763903 -0.41657513
vn -0.794965 -0.55993724 0.2334542
vn 0.857628 -0.04030413 -0.5126886
vn -0.89599824 -0.11546885 0.42878214
vn -0.7872594 0.35154876 0.5065927
vn 0.85488343 0.27819 -0.43793222
vn -0.8083639 -0.5190562 0.27772012
vn 0.8538987 -0.011521291 -0.5203117
vn -0.8864055 -0.12007481 0.44706497
vn -0.8279476 0.29397053 0.47758138
vn 0.85572386 0.30063108 -0.42113855
vn -0.8272436 -0.48217535 0.28840038
vn 0.8644883 -0.025534116 -0.502004
vn -0.89751846 -0.12572029 0.42267582
vn -0.87773556 0.20444974 0.43333662
vn -0.9698841 -0.19795841 0.14190635
vn -0.9047645 -0.13828486 0.40283808
vn -0.8499752 -0.43579945 0.29600844
vn 0.84444165 -0.15006006 -0.5141987
vn -0.9115518 -0.12835686 0.39063781
vn -0.88595 0.09130102 0.4547051
vn -0.83266145 -0.05693493 0.5508478
vn -0.89225334 -0.14156407 0.42876986
vn -0.81243306 -0.177377 0.55541855
vn -0.7749002 -0.37389612 0.50963837
vn -0.8495593 -0.37517515 0.37080002
vn -0.85172474 -0.42037877 0.31280455
g Mai_S004_Hair_0
f 3/3/3 2/2/2 1/1/1
f 6/6/6 5/5/5 4/4/4
f 9/9/9 8/8/8 7/7/7
f 12/12/12 11/11/11 10/10/10
f 15/15/15 14/14/14 13/13/13
f 18/18/18 17/17/17 16/16/16
f 21/21/21 20/20/20 19/19/19
f 24/24/24 23/23/23 22/22/22
f 27/27/27 26/26/26 25/25/25
f 30/30/30 29/29/29 28/28/28
f 33/33/33 32/32/32 31/31/31
f 36/36/36 35/35/35 34/34/34
f 39/39/39 38/38/38 37/37/37
f 41/41/41 37/37/37 40/40/40
f 42/42/42 40/40/40 37/37/37
f 40/40/40 43/43/43 41/41/41
f 44/44/44 41/41/41 43/43/43
f 43/43/43 45/45/45 44/44/44
f 44/44/44 45/45/45 46/46/46
f 45/45/45 47/47/47 46/46/46
f 46/46/46 47/47/47 48/48/48
f 49/49/49 45/45/45 43/43/43
f 47/47/47 45/45/45 49/49/49
f 50/50/50 43/43/43 40/40/40
f 43/43/43 50/50/50 49/49/49
f 51/51/51 40/40/40 42/42/42
f 40/40/40 51/51/51 50/50/50
f 47/47/47 52/52/52 48/48/48
f 48/48/48 52/52/52 53/53/53
f 53/53/53 54/54/54 48/48/48
f 54/54/54 53/53/53 55/55/55
f 55/55/55 56/56/56 54/54/54
f 57/57/57 56/56/56 55/55/55
f 55/55/55 58/58/58 57/57/57
f 59/59/59 57/57/57 58/58/58
f 58/58/58 60/60/60 59/59/59
f 61/61/61 59/59/59 60/60/60
f 60/60/60 62/62/62 61/61/61
f 63/63/63 61/61/61 62/62/62
f 64/64/64 60/60/60 58/58/58
f 62/62/62 60/60/60 64/64/64
f 65/65/65 58/58/58 55/55/55
f 58/58/58 65/65/65 64/64/64
f 66/66/66 55/55/55 53/53/53
f 55/55/55 66/66/66 65/65/65
f 67/67/67 53/53/53 52/52/52
f 53/53/53 67/67/67 66/66/66
f 62/62/62 68/68/68 63/63/63
f 69/69/69 63/63/63 68/68/68
f 70/70/70 65/65/65 66/66/66
f 65/65/65 70/70/70 64/64/64
f 64/64/64 71/71/71 62/62/62
f 62/62/62 71/71/71 68/68/68
f 68/68/68 72/72/72 69/69/69
f 69/69/69 72/72/72 73/73/73
f 67/67/67 52/52/52 74/74/74
f 74/74/74 52/52/52 47/47/47
f 75/75/75 66/66/66 67/67/67
f 66/66/66 75/75/75 70/70/70
f 76/76/76 64/64/64 70/70/70
f 76/76/76 71/71/71 64/64/64
f 77/77/77 68/68/68 71/71/71
f 77/77/77 72/72/72 68/68/68
f 74/74/74 47/47/47 78/78/78
f 49/49/49 78/78/78 47/47/47
f 78/78/78 49/49/49 79/79/79
f 74/74/74 78/78/78 79/79/79
f 80/80/80 67/67/67 74/74/74
f 67/67/67 80/80/80 75/75/75
f 75/75/75 80/80/80 81/81/81
f 82/82/82 80/80/80 74/74/74
f 79/79/79 82/82/82 74/74/74
f 81/81/81 80/80/80 82/82/82
f 76/76/76 83/83/83 71/71/71
f 71/71/71 83/83/83 77/77/77
f 79/79/79 49/49/49 84/84/84
f 49/49/49 50/50/50 84/84/84
f 85/85/85 82/82/82 79/79/79
f 81/81/81 82/82/82 85/85/85
f 81/81/81 86/86/86 75/75/75
f 86/86/86 70/70/70 75/75/75
f 70/70/70 87/87/87 76/76/76
f 86/86/86 87/87/87 70/70/70
f 88/88/88 83/83/83 76/76/76
f 88/88/88 76/76/76 87/87/87
f 89/89/89 79/79/79 84/84/84
f 85/85/85 79/79/79 89/89/89
f 84/84/84 50/50/50 90/90/90
f 50/50/50 51/51/51 90/90/90
f 89/89/89 84/84/84 91/91/91
f 91/91/91 84/84/84 90/90/90
f 92/92/92 87/87/87 86/86/86
f 86/86/86 93/93/93 92/92/92
f 87/87/87 92/92/92 94/94/94
f 94/94/94 88/88/88 87/87/87
f 93/93/93 86/86/86 81/81/81
f 81/81/81 95/95/95 93/93/93
f 96/96/96 95/95/95 81/81/81
f 81/81/81 85/85/85 96/96/96
f 97/97/97 96/96/96 85/85/85
f 85/85/85 89/89/89 97/97/97
f 97/97/97 89/89/89 98/98/98
f 91/91/91 98/98/98 89/89/89
f 88/88/88 94/94/94 99/99/99
f 98/98/98 91/91/91 100/100/100
f 99/99/99 101/101/101 88/88/88
f 88/88/88 101/101/101 83/83/83
f 101/101/101 99/99/99 102/102/102
f 103/103/103 100/100/100 91/91/91
f 91/91/91 90/90/90 103/103/103
f 104/104/104 100/100/100 103/103/103
f 101/101/101 105/105/105 83/83/83
f 105/105/105 77/77/77 83/83/83
f 102/102/102 106/106/106 101/101/101
f 106/106/106 105/105/105 101/101/101
f 106/106/106 102/102/102 107/107/107
f 103/103/103 90/90/90 108/108/108
f 90/90/90 51/51/51 108/108/108
f 103/103/103 109/109/109 104/104/104
f 103/103/103 108/108/108 109/109/109
f 110/110/110 104/104/104 109/109/109
f 105/105/105 111/111/111 77/77/77
f 77/77/77 111/111/111 72/72/72
f 107/107/107 112/112/112 106/106/106
f 112/112/112 107/107/107 113/113/113
f 114/114/114 105/105/105 106/106/106
f 106/106/106 112/112/112 114/114/114
f 105/105/105 114/114/114 111/111/111
f 51/51/51 115/115/115 108/108/108
f 51/51/51 42/42/42 115/115/115
f 109/109/109 108/108/108 116/116/116
f 108/108/108 115/115/115 116/116/116
f 109/109/109 117/117/117 110/110/110
f 109/109/109 116/116/116 117/117/117
f 118/118/118 110/110/110 117/117/117
f 112/112/112 113/113/113 119/119/119
f 119/119/119 114/114/114 112/112/112
f 120/120/120 119/119/119 113/113/113
f 113/113/113 121/121/121 120/120/120
f 119/119/119 122/122/122 114/114/114
f 119/119/119 120/120/120 122/122/122
f 114/114/114 122/122/122 123/123/123
f 123/123/123 122/122/122 120/120/120
f 111/111/111 114/114/114 123/123/123
f 123/123/123 124/124/124 111/111/111
f 124/124/124 123/123/123 120/120/120
f 72/72/72 111/111/111 124/124/124
f 124/124/124 73/73/73 72/72/72
f 73/73/73 124/124/124 120/120/120
f 120/120/120 125/125/125 73/73/73
f 117/117/117 126/126/126 118/118/118
f 118/118/118 126/126/126 127/127/127
f 127/127/127 128/128/128 118/118/118
f 129/129/129 128/128/128 127/127/127
f 117/117/117 130/130/130 126/126/126
f 117/117/117 116/116/116 130/130/130
f 126/126/126 131/131/131 127/127/127
f 126/126/126 130/130/130 131/131/131
f 127/127/127 132/132/132 129/129/129
f 129/129/129 132/132/132 133/133/133
f 116/116/116 134/134/134 130/130/130
f 115/115/115 134/134/134 116/116/116
f 127/127/127 131/131/131 135/135/135
f 127/127/127 135/135/135 132/132/132
f 132/132/132 136/136/136 133/133/133
f 137/137/137 133/133/133 136/136/136
f 131/131/131 130/130/130 138/138/138
f 130/130/130 134/134/134 138/138/138
f 115/115/115 139/139/139 134/134/134
f 115/115/115 42/42/42 139/139/139
f 131/131/131 138/138/138 140/140/140
f 131/131/131 140/140/140 135/135/135
f 134/134/134 141/141/141 138/138/138
f 134/134/134 139/139/139 141/141/141
f 138/138/138 141/141/141 140/140/140
f 135/135/135 142/142/142 132/132/132
f 132/132/132 142/142/142 136/136/136
f 136/136/136 143/143/143 137/137/137
f 144/144/144 137/137/137 143/143/143
f 135/135/135 140/140/140 145/145/145
f 135/135/135 145/145/145 142/142/142
f 136/136/136 142/142/142 146/146/146
f 136/136/136 146/146/146 143/143/143
f 143/143/143 147/147/147 144/144/144
f 144/144/144 147/147/147 148/148/148
f 142/142/142 145/145/145 149/149/149
f 142/142/142 149/149/149 146/146/146
f 143/143/143 146/146/146 150/150/150
f 150/150/150 147/147/147 143/143/143
f 147/147/147 151/151/151 148/148/148
f 148/148/148 151/151/151 152/152/152
f 146/146/146 149/149/149 153/153/153
f 153/153/153 150/150/150 146/146/146
f 147/147/147 150/150/150 154/154/154
f 154/154/154 151/151/151 147/147/147
f 151/151/151 155/155/155 152/152/152
f 152/152/152 155/155/155 156/156/156
f 150/150/150 153/153/153 157/157/157
f 157/157/157 154/154/154 150/150/150
f 151/151/151 154/154/154 158/158/158
f 158/158/158 155/155/155 151/151/151
f 155/155/155 159/159/159 156/156/156
f 156/156/156 159/159/159 160/160/160
f 154/154/154 157/157/157 161/161/161
f 161/161/161 158/158/158 154/154/154
f 155/155/155 158/158/158 162/162/162
f 162/162/162 159/159/159 155/155/155
f 163/163/163 160/160/160 159/159/159
f 160/160/160 163/163/163 164/164/164
f 158/158/158 161/161/161 165/165/165
f 165/165/165 162/162/162 158/158/158
f 162/162/162 166/166/166 159/159/159
f 159/159/159 166/166/166 163/163/163
f 167/167/167 164/164/164 163/163/163
f 164/164/164 167/167/167 168/168/168
f 162/162/162 165/165/165 169/169/169
f 162/162/162 169/169/169 166/166/166
f 170/170/170 165/165/165 161/161/161
f 165/165/165 170/170/170 169/169/169
f 171/171/171 161/161/161 157/157/157
f 161/161/161 171/171/171 170/170/170
f 163/163/163 166/166/166 172/172/172
f 172/172/172 167/167/167 163/163/163
f 166/166/166 169/169/169 173/173/173
f 166/166/166 173/173/173 172/172/172
f 169/169/169 170/170/170 174/174/174
f 173/173/173 169/169/169 174/174/174
f 157/157/157 175/175/175 171/171/171
f 175/175/175 157/157/157 153/153/153
f 176/176/176 170/170/170 171/171/171
f 170/170/170 176/176/176 174/174/174
f 153/153/153 177/177/177 175/175/175
f 177/177/177 153/153/153 149/149/149
f 178/178/178 171/171/171 175/175/175
f 171/171/171 178/178/178 176/176/176
f 149/149/149 179/179/179 177/177/177
f 145/145/145 179/179/179 149/149/149
f 180/180/180 175/175/175 177/177/177
f 175/175/175 180/180/180 178/178/178
f 179/179/179 181/181/181 177/177/177
f 177/177/177 181/181/181 180/180/180
f 145/145/145 182/182/182 179/179/179
f 140/140/140 182/182/182 145/145/145
f 183/183/183 181/181/181 179/179/179
f 182/182/182 183/183/183 179/179/179
f 140/140/140 184/184/184 182/182/182
f 141/141/141 184/184/184 140/140/140
f 182/182/182 185/185/185 183/183/183
f 184/184/184 185/185/185 182/182/182
f 141/141/141 186/186/186 184/184/184
f 139/139/139 186/186/186 141/141/141
f 184/184/184 187/187/187 185/185/185
f 186/186/186 187/187/187 184/184/184
f 139/139/139 188/188/188 186/186/186
f 189/189/189 188/188/188 139/139/139
f 186/186/186 190/190/190 187/187/187
f 188/188/188 190/190/190 186/186/186
f 183/183/183 191/191/191 181/181/181
f 185/185/185 192/192/192 183/183/183
f 191/191/191 183/183/183 192/192/192
f 187/187/187 193/193/193 185/185/185
f 192/192/192 185/185/185 193/193/193
f 187/187/187 190/190/190 194/194/194
f 194/194/194 193/193/193 187/187/187
f 193/193/193 194/194/194 195/195/195
f 193/193/193 196/196/196 192/192/192
f 195/195/195 196/196/196 193/193/193
f 197/197/197 194/194/194 190/190/190
f 197/197/197 195/195/195 194/194/194
f 188/188/188 198/198/198 190/190/190
f 190/190/190 198/198/198 197/197/197
f 199/199/199 181/181/181 191/191/191
f 181/181/181 199/199/199 180/180/180
f 192/192/192 200/200/200 191/191/191
f 200/200/200 192/192/192 196/196/196
f 201/201/201 198/198/198 188/188/188
f 42/42/42 201/201/201 188/188/188
f 202/202/202 180/180/180 199/199/199
f 178/178/178 180/180/180 202/202/202
f 191/191/191 203/203/203 199/199/199
f 203/203/203 191/191/191 200/200/200
f 204/204/204 201/201/201 42/42/42
f 205/205/205 204/204/204 42/42/42
f 204/204/204 205/205/205 206/206/206
f 207/207/207 206/206/206 205/205/205
f 204/204/204 208/208/208 201/201/201
f 208/208/208 204/204/204 206/206/206
f 201/201/201 209/209/209 198/198/198
f 208/208/208 209/209/209 201/201/201
f 210/210/210 206/206/206 207/207/207
f 207/207/207 211/211/211 210/210/210
f 206/206/206 212/212/212 208/208/208
f 212/212/212 206/206/206 210/210/210
f 213/213/213 210/210/210 211/211/211
f 211/211/211 214/214/214 213/213/213
f 215/215/215 213/213/213 214/214/214
f 214/214/214 216/216/216 215/215/215
f 215/215/215 216/216/216 217/217/217
f 213/213/213 218/218/218 210/210/210
f 210/210/210 218/218/218 212/212/212
f 198/198/198 209/209/209 219/219/219
f 219/219/219 197/197/197 198/198/198
f 219/219/219 220/220/220 197/197/197
f 221/221/221 220/220/220 219/219/219
f 221/221/221 219/219/219 209/209/209
f 209/209/209 222/222/222 221/221/221
f 222/222/222 209/209/209 208/208/208
f 208/208/208 212/212/212 222/222/222
f 223/223/223 221/221/221 222/222/222
f 224/224/224 221/221/221 223/223/223
f 223/223/223 225/225/225 224/224/224
f 225/225/225 223/223/223 226/226/226
f 227/227/227 222/222/222 212/212/212
f 222/222/222 227/227/227 223/223/223
f 223/223/223 228/228/228 226/226/226
f 228/228/228 223/223/223 227/227/227
f 229/229/229 227/227/227 212/212/212
f 227/227/227 229/229/229 228/228/228
f 212/212/212 218/218/218 229/229/229
f 226/226/226 228/228/228 230/230/230
f 230/230/230 228/228/228 229/229/229
f 230/230/230 231/231/231 226/226/226
f 232/232/232 229/229/229 218/218/218
f 229/229/229 232/232/232 230/230/230
f 231/231/231 230/230/230 233/233/233
f 233/233/233 230/230/230 232/232/232
f 233/233/233 234/234/234 231/231/231
f 218/218/218 235/235/235 232/232/232
f 213/213/213 235/235/235 218/218/218
f 215/215/215 235/235/235 213/213/213
f 236/236/236 232/232/232 235/235/235
f 232/232/232 236/236/236 233/233/233
f 234/234/234 233/233/233 237/237/237
f 237/237/237 238/238/238 234/234/234
f 238/238/238 237/237/237 239/239/239
f 215/215/215 240/240/240 235/235/235
f 235/235/235 240/240/240 236/236/236
f 236/236/236 241/241/241 233/233/233
f 241/241/241 237/237/237 233/233/233
f 242/242/242 236/236/236 240/240/240
f 242/242/242 240/240/240 215/215/215
f 242/242/242 241/241/241 236/236/236
f 243/243/243 239/239/239 237/237/237
f 244/244/244 239/239/239 243/243/243
f 215/215/215 245/245/245 242/242/242
f 217/217/217 245/245/245 215/215/215
f 245/245/245 217/217/217 246/246/246
f 242/242/242 247/247/247 241/241/241
f 247/247/247 242/242/242 245/245/245
f 241/241/241 248/248/248 237/237/237
f 248/248/248 243/243/243 237/237/237
f 247/247/247 248/248/248 241/241/241
f 246/246/246 249/249/249 245/245/245
f 245/245/245 249/249/249 247/247/247
f 249/249/249 246/246/246 250/250/250
f 243/243/243 251/251/251 244/244/244
f 252/252/252 244/244/244 251/251/251
f 248/248/248 247/247/247 253/253/253
f 253/253/253 247/247/247 249/249/249
f 250/250/250 254/254/254 249/249/249
f 249/249/249 254/254/254 253/253/253
f 254/254/254 250/250/250 255/255/255
f 248/248/248 256/256/256 243/243/243
f 253/253/253 256/256/256 248/248/248
f 256/256/256 251/251/251 243/243/243
f 251/251/251 257/257/257 252/252/252
f 252/252/252 257/257/257 258/258/258
f 255/255/255 259/259/259 254/254/254
f 259/259/259 255/255/255 260/260/260
f 254/254/254 261/261/261 253/253/253
f 256/256/256 253/253/253 261/261/261
f 259/259/259 261/261/261 254/254/254
f 262/262/262 251/251/251 256/256/256
f 262/262/262 257/257/257 251/251/251
f 261/261/261 262/262/262 256/256/256
f 263/263/263 258/258/258 257/257/257
f 263/263/263 257/257/257 262/262/262
f 258/258/258 263/263/263 264/264/264
f 260/260/260 265/265/265 259/259/259
f 265/265/265 260/260/260 266/266/266
f 267/267/267 262/262/262 261/261/261
f 262/262/262 267/267/267 263/263/263
f 268/268/268 264/264/264 263/263/263
f 267/267/267 268/268/268 263/263/263
f 264/264/264 268/268/268 269/269/269
f 270/270/270 261/261/261 259/259/259
f 259/259/259 265/265/265 270/270/270
f 261/261/261 270/270/270 267/267/267
f 266/266/266 271/271/271 265/265/265
f 270/270/270 265/265/265 271/271/271
f 267/267/267 272/272/272 268/268/268
f 272/272/272 267/267/267 270/270/270
f 268/268/268 273/273/273 269/269/269
f 272/272/272 273/273/273 268/268/268
f 274/274/274 271/271/271 266/266/266
f 266/266/266 275/275/275 274/274/274
f 271/271/271 276/276/276 270/270/270
f 270/270/270 276/276/276 272/272/272
f 271/271/271 274/274/274 276/276/276
f 269/269/269 273/273/273 277/277/277
f 277/277/277 278/278/278 269/269/269
f 272/272/272 279/279/279 273/273/273
f 279/279/279 272/272/272 276/276/276
f 279/279/279 277/277/277 273/273/273
f 280/280/280 274/274/274 275/275/275
f 275/275/275 281/281/281 280/280/280
f 274/274/274 282/282/282 276/276/276
f 276/276/276 282/282/282 279/279/279
f 280/280/280 282/282/282 274/274/274
f 278/278/278 277/277/277 283/283/283
f 283/283/283 284/284/284 278/278/278
f 284/284/284 283/283/283 285/285/285
f 286/286/286 280/280/280 281/281/281
f 281/281/281 287/287/287 286/286/286
f 280/280/280 288/288/288 282/282/282
f 279/279/279 282/282/282 288/288/288
f 286/286/286 288/288/288 280/280/280
f 277/277/277 279/279/279 289/289/289
f 288/288/288 289/289/289 279/279/279
f 283/283/283 277/277/277 289/289/289
f 290/290/290 285/285/285 283/283/283
f 285/285/285 290/290/290 291/291/291
f 290/290/290 292/292/292 291/291/291
f 293/293/293 286/286/286 287/287/287
f 287/287/287 294/294/294 293/293/293
f 292/292/292 293/293/293 294/294/294
f 294/294/294 295/295/295 292/292/292
f 286/286/286 296/296/296 288/288/288
f 296/296/296 289/289/289 288/288/288
f 293/293/293 296/296/296 286/286/286
f 297/297/297 283/283/283 289/289/289
f 290/290/290 283/283/283 297/297/297
f 297/297/297 289/289/289 296/296/296
f 296/296/296 293/293/293 298/298/298
f 293/293/293 292/292/292 298/298/298
f 297/297/297 296/296/296 298/298/298
f 299/299/299 292/292/292 290/290/290
f 298/298/298 292/292/292 299/299/299
f 298/298/298 299/299/299 297/297/297
f 299/299/299 290/290/290 297/297/297
f 302/302/302 301/301/301 300/300/300
f 305/305/305 304/304/304 303/303/303
f 308/308/308 307/307/307 306/306/306
f 311/311/311 310/310/310 309/309/309
f 313/313/313 309/309/309 312/312/312
f 312/312/312 309/309/309 314/314/314
f 313/313/313 312/312/312 315/315/315
f 316/316/316 313/313/313 315/315/315
f 317/317/317 316/316/316 315/315/315
f 317/317/317 315/315/315 312/312/312
f 317/317/317 318/318/318 316/316/316
f 312/312/312 314/314/314 319/319/319
f 312/312/312 319/319/319 317/317/317
f 320/320/320 318/318/318 317/317/317
f 320/320/320 317/317/317 319/319/319
f 319/319/319 314/314/314 321/321/321
f 321/321/321 314/314/314 322/322/322
f 319/319/319 323/323/323 320/320/320
f 321/321/321 323/323/323 319/319/319
f 324/324/324 318/318/318 320/320/320
f 325/325/325 320/320/320 323/323/323
f 325/325/325 324/324/324 320/320/320
f 324/324/324 326/326/326 318/318/318
f 326/326/326 327/327/327 318/318/318
f 323/323/323 321/321/321 328/328/328
f 322/322/322 329/329/329 321/321/321
f 328/328/328 321/321/321 329/329/329
f 323/323/323 330/330/330 325/325/325
f 328/328/328 330/330/330 323/323/323
f 331/331/331 324/324/324 325/325/325
f 324/324/324 332/332/332 326/326/326
f 331/331/331 332/332/332 324/324/324
f 333/333/333 325/325/325 330/330/330
f 333/333/333 331/331/331 325/325/325
f 326/326/326 334/334/334 327/327/327
f 326/326/326 332/332/332 335/335/335
f 335/335/335 334/334/334 326/326/326
f 336/336/336 327/327/327 334/334/334
f 336/336/336 337/337/337 327/327/327
f 336/336/336 338/338/338 337/337/337
f 334/334/334 338/338/338 336/336/336
f 338/338/338 339/339/339 337/337/337
f 339/339/339 338/338/338 322/322/322
f 334/334/334 340/340/340 338/338/338
f 340/340/340 322/322/322 338/338/338
f 335/335/335 340/340/340 334/334/334
f 322/322/322 340/340/340 329/329/329
f 335/335/335 341/341/341 340/340/340
f 341/341/341 329/329/329 340/340/340
f 342/342/342 335/335/335 332/332/332
f 341/341/341 335/335/335 342/342/342
f 331/331/331 343/343/343 332/332/332
f 332/332/332 343/343/343 342/342/342
f 329/329/329 341/341/341 344/344/344
f 329/329/329 344/344/344 328/328/328
f 345/345/345 343/343/343 331/331/331
f 333/333/333 345/345/345 331/331/331
f 346/346/346 344/344/344 341/341/341
f 342/342/342 346/346/346 341/341/341
f 328/328/328 344/344/344 347/347/347
f 344/344/344 346/346/346 347/347/347
f 342/342/342 343/343/343 348/348/348
f 345/345/345 348/348/348 343/343/343
f 349/349/349 346/346/346 342/342/342
f 348/348/348 349/349/349 342/342/342
f 349/349/349 350/350/350 346/346/346
f 350/350/350 347/347/347 346/346/346
f 347/347/347 351/351/351 328/328/328
f 330/330/330 328/328/328 351/351/351
f 330/330/330 352/352/352 333/333/333
f 351/351/351 352/352/352 330/330/330
f 353/353/353 345/345/345 333/333/333
f 353/353/353 333/333/333 352/352/352
f 354/354/354 351/351/351 347/347/347
f 352/352/352 351/351/351 354/354/354
f 355/355/355 349/349/349 348/348/348
f 355/355/355 350/350/350 349/349/349
f 356/356/356 348/348/348 345/345/345
f 353/353/353 356/356/356 345/345/345
f 347/347/347 350/350/350 357/357/357
f 347/347/347 357/357/357 354/354/354
f 352/352/352 358/358/358 353/353/353
f 354/354/354 358/358/358 352/352/352
f 355/355/355 359/359/359 350/350/350
f 359/359/359 357/357/357 350/350/350
f 348/348/348 360/360/360 355/355/355
f 356/356/356 360/360/360 348/348/348
f 361/361/361 356/356/356 353/353/353
f 361/361/361 353/353/353 358/358/358
f 358/358/358 354/354/354 362/362/362
f 362/362/362 354/354/354 357/357/357
f 363/363/363 359/359/359 355/355/355
f 363/363/363 355/355/355 360/360/360
f 364/364/364 360/360/360 356/356/356
f 361/361/361 364/364/364 356/356/356
f 358/358/358 365/365/365 361/361/361
f 362/362/362 365/365/365 358/358/358
f 357/357/357 359/359/359 366/366/366
f 357/357/357 366/366/366 362/362/362
f 363/363/363 367/367/367 359/359/359
f 367/367/367 366/366/366 359/359/359
f 360/360/360 368/368/368 363/363/363
f 364/364/364 368/368/368 360/360/360
f 369/369/369 364/364/364 361/361/361
f 369/369/369 361/361/361 365/365/365
f 365/365/365 362/362/362 370/370/370
f 370/370/370 362/362/362 366/366/366
f 371/371/371 367/367/367 363/363/363
f 371/371/371 363/363/363 368/368/368
f 372/372/372 368/368/368 364/364/364
f 369/369/369 372/372/372 364/364/364
f 365/365/365 373/373/373 369/369/369
f 370/370/370 373/373/373 365/365/365
f 366/366/366 367/367/367 374/374/374
f 366/366/366 374/374/374 370/370/370
f 371/371/371 375/375/375 367/367/367
f 375/375/375 374/374/374 367/367/367
f 368/368/368 376/376/376 371/371/371
f 372/372/372 376/376/376 368/368/368
f 377/377/377 372/372/372 369/369/369
f 377/377/377 369/369/369 373/373/373
f 373/373/373 370/370/370 378/378/378
f 378/378/378 370/370/370 374/374/374
f 379/379/379 375/375/375 371/371/371
f 379/379/379 371/371/371 376/376/376
f 380/380/380 376/376/376 372/372/372
f 377/377/377 380/380/380 372/372/372
f 373/373/373 381/381/381 377/377/377
f 378/378/378 381/381/381 373/373/373
f 374/374/374 375/375/375 382/382/382
f 374/374/374 382/382/382 378/378/378
f 379/379/379 383/383/383 375/375/375
f 383/383/383 382/382/382 375/375/375
f 376/376/376 384/384/384 379/379/379
f 380/380/380 384/384/384 376/376/376
f 385/385/385 380/380/380 377/377/377
f 385/385/385 377/377/377 381/381/381
f 381/381/381 378/378/378 386/386/386
f 386/386/386 378/378/378 382/382/382
f 387/387/387 383/383/383 379/379/379
f 387/387/387 379/379/379 384/384/384
f 388/388/388 384/384/384 380/380/380
f 385/385/385 388/388/388 380/380/380
f 381/381/381 389/389/389 385/385/385
f 386/386/386 389/389/389 381/381/381
f 382/382/382 383/383/383 390/390/390
f 382/382/382 390/390/390 386/386/386
f 387/387/387 391/391/391 383/383/383
f 391/391/391 390/390/390 383/383/383
f 384/384/384 392/392/392 387/387/387
f 388/388/388 392/392/392 384/384/384
f 393/393/393 388/388/388 385/385/385
f 393/393/393 385/385/385 389/389/389
f 389/389/389 386/386/386 394/394/394
f 394/394/394 386/386/386 390/390/390
f 395/395/395 391/391/391 387/387/387
f 395/395/395 387/387/387 392/392/392
f 396/396/396 392/392/392 388/388/388
f 393/393/393 396/396/396 388/388/388
f 389/389/389 397/397/397 393/393/393
f 394/394/394 397/397/397 389/389/389
f 390/390/390 391/391/391 398/398/398
f 390/390/390 398/398/398 394/394/394
f 395/395/395 399/399/399 391/391/391
f 399/399/399 398/398/398 391/391/391
f 392/392/392 400/400/400 395/395/395
f 396/396/396 400/400/400 392/392/392
f 401/401/401 396/396/396 393/393/393
f 401/401/401 393/393/393 397/397/397
f 397/397/397 394/394/394 402/402/402
f 402/402/402 394/394/394 398/398/398
f 399/399/399 395/395/395 403/403/403
f 403/403/403 395/395/395 400/400/400
f 404/404/404 400/400/400 396/396/396
f 401/401/401 404/404/404 396/396/396
f 397/397/397 405/405/405 401/401/401
f 402/402/402 405/405/405 397/397/397
f 398/398/398 399/399/399 406/406/406
f 398/398/398 406/406/406 402/402/402
f 403/403/403 407/407/407 399/399/399
f 407/407/407 406/406/406 399/399/399
f 400/400/400 408/408/408 403/403/403
f 404/404/404 408/408/408 400/400/400
f 409/409/409 404/404/404 401/401/401
f 409/409/409 401/401/401 405/405/405
f 405/405/405 402/402/402 410/410/410
f 410/410/410 402/402/402 406/406/406
f 407/407/407 403/403/403 411/411/411
f 403/403/403 408/408/408 411/411/411
f 408/408/408 404/404/404 412/412/412
f 409/409/409 412/412/412 404/404/404
f 405/405/405 413/413/413 409/409/409
f 405/405/405 410/410/410 413/413/413
f 406/406/406 407/407/407 414/414/414
f 406/406/406 414/414/414 410/410/410
f 411/411/411 415/415/415 407/407/407
f 415/415/415 414/414/414 407/407/407
f 416/416/416 411/411/411 408/408/408
f 412/412/412 416/416/416 408/408/408
f 417/417/417 412/412/412 409/409/409
f 417/417/417 409/409/409 413/413/413
f 413/413/413 410/410/410 418/418/418
f 418/418/418 410/410/410 414/414/414
f 415/415/415 411/411/411 419/419/419
f 411/411/411 416/416/416 419/419/419
f 416/416/416 412/412/412 420/420/420
f 417/417/417 420/420/420 412/412/412
f 413/413/413 421/421/421 417/417/417
f 413/413/413 418/418/418 421/421/421
f 414/414/414 415/415/415 422/422/422
f 414/414/414 422/422/422 418/418/418
f 419/419/419 423/423/423 415/415/415
f 423/423/423 422/422/422 415/415/415
f 424/424/424 419/419/419 416/416/416
f 420/420/420 424/424/424 416/416/416
f 425/425/425 418/418/418 422/422/422
f 421/421/421 418/418/418 425/425/425
f 426/426/426 417/417/417 421/421/421
f 426/426/426 420/420/420 417/417/417
f 419/419/419 424/424/424 427/427/427
f 423/423/423 419/419/419 427/427/427
f 422/422/422 423/423/423 428/428/428
f 422/422/422 428/428/428 425/425/425
f 421/421/421 425/425/425 429/429/429
f 421/421/421 429/429/429 426/426/426
f 430/430/430 424/424/424 420/420/420
f 430/430/430 427/427/427 424/424/424
f 427/427/427 430/430/430 431/431/431
f 427/427/427 432/432/432 423/423/423
f 432/432/432 428/428/428 423/423/423
f 432/432/432 427/427/427 431/431/431
f 433/433/433 425/425/425 428/428/428
f 429/429/429 425/425/425 433/433/433
f 426/426/426 434/434/434 420/420/420
f 420/420/420 434/434/434 430/430/430
f 428/428/428 432/432/432 435/435/435
f 428/428/428 435/435/435 433/433/433
f 436/436/436 426/426/426 429/429/429
f 434/434/434 426/426/426 436/436/436
f 437/437/437 430/430/430 434/434/434
f 437/437/437 431/431/431 430/430/430
f 438/438/438 435/435/435 432/432/432
f 431/431/431 438/438/438 432/432/432
f 434/434/434 439/439/439 437/437/437
f 436/436/436 439/439/439 434/434/434
f 435/435/435 438/438/438 440/440/440
f 433/433/433 435/435/435 440/440/440
f 429/429/429 433/433/433 441/441/441
f 429/429/429 441/441/441 436/436/436
f 441/441/441 433/433/433 442/442/442
f 433/433/433 440/440/440 442/442/442
f 443/443/443 440/440/440 438/438/438
f 443/443/443 438/438/438 431/431/431
f 431/431/431 437/437/437 444/444/444
f 444/444/444 437/437/437 439/439/439
f 445/445/445 436/436/436 441/441/441
f 441/441/441 442/442/442 445/445/445
f 446/446/446 439/439/439 436/436/436
f 445/445/445 446/446/446 436/436/436
f 440/440/440 443/443/443 447/447/447
f 442/442/442 440/440/440 447/447/447
f 431/431/431 448/448/448 443/443/443
f 444/444/444 448/448/448 431/431/431
f 439/439/439 449/449/449 444/444/444
f 439/439/439 446/446/446 449/449/449
f 450/450/450 446/446/446 445/445/445
f 450/450/450 445/445/445 442/442/442
f 451/451/451 447/447/447 443/443/443
f 451/451/451 443/443/443 448/448/448
f 448/448/448 444/444/444 452/452/452
f 452/452/452 444/444/444 449/449/449
f 453/453/453 449/449/449 446/446/446
f 450/450/450 453/453/453 446/446/446
f 442/442/442 454/454/454 450/450/450
f 447/447/447 454/454/454 442/442/442
f 448/448/448 455/455/455 451/451/451
f 452/452/452 455/455/455 448/448/448
f 449/449/449 456/456/456 452/452/452
f 449/449/449 453/453/453 456/456/456
f 450/450/450 457/457/457 453/453/453
f 457/457/457 450/450/450 454/454/454
f 447/447/447 451/451/451 458/458/458
f 454/454/454 447/447/447 458/458/458
f 455/455/455 459/459/459 451/451/451
f 451/451/451 459/459/459 458/458/458
f 458/458/458 459/459/459 460/460/460
f 458/458/458 461/461/461 454/454/454
f 454/454/454 461/461/461 457/457/457
f 461/461/461 458/458/458 460/460/460
f 455/455/455 452/452/452 462/462/462
f 462/462/462 452/452/452 456/456/456
f 463/463/463 453/453/453 457/457/457
f 463/463/463 456/456/456 453/453/453
f 464/464/464 459/459/459 455/455/455
f 462/462/462 464/464/464 455/455/455
f 465/465/465 457/457/457 461/461/461
f 463/463/463 457/457/457 465/465/465
f 456/456/456 463/463/463 466/466/466
f 456/456/456 466/466/466 462/462/462
f 459/459/459 467/467/467 460/460/460
f 467/467/467 459/459/459 464/464/464
f 464/464/464 462/462/462 468/468/468
f 468/468/468 462/462/462 466/466/466
f 469/469/469 466/466/466 463/463/463
f 465/465/465 469/469/469 463/463/463
f 461/461/461 470/470/470 465/465/465
f 460/460/460 470/470/470 461/461/461
f 464/464/464 471/471/471 467/467/467
f 468/468/468 471/471/471 464/464/464
f 466/466/466 472/472/472 468/468/468
f 466/466/466 469/469/469 472/472/472
f 473/473/473 465/465/465 470/470/470
f 469/469/469 465/465/465 473/473/473
f 474/474/474 468/468/468 472/472/472
f 471/471/471 468/468/468 474/474/474
f 475/475/475 467/467/467 471/471/471
f 460/460/460 467/467/467 475/475/475
f 476/476/476 470/470/470 460/460/460
f 470/470/470 476/476/476 473/473/473
f 477/477/477 472/472/472 469/469/469
f 472/472/472 477/477/477 474/474/474
f 474/474/474 478/478/478 471/471/471
f 471/471/471 478/478/478 475/475/475
f 475/475/475 479/479/479 460/460/460
f 460/460/460 479/479/479 476/476/476
f 479/479/479 475/475/475 480/480/480
f 480/480/480 475/475/475 478/478/478
f 478/478/478 474/474/474 481/481/481
f 481/481/481 474/474/474 477/477/477
f 469/469/469 482/482/482 477/477/477
f 473/473/473 482/482/482 469/469/469
f 483/483/483 476/476/476 479/479/479
f 480/480/480 483/483/483 479/479/479
f 478/478/478 484/484/484 480/480/480
f 481/481/481 484/484/484 478/478/478
f 477/477/477 485/485/485 481/481/481
f 485/485/485 477/477/477 482/482/482
f 486/486/486 473/473/473 476/476/476
f 476/476/476 483/483/483 486/486/486
f 483/483/483 480/480/480 487/487/487
f 487/487/487 480/480/480 484/484/484
f 488/488/488 484/484/484 481/481/481
f 488/488/488 481/481/481 485/485/485
f 482/482/482 473/473/473 489/489/489
f 486/486/486 489/489/489 473/473/473
f 482/482/482 490/490/490 485/485/485
f 489/489/489 490/490/490 482/482/482
f 487/487/487 491/491/491 483/483/483
f 491/491/491 486/486/486 483/483/483
f 484/484/484 492/492/492 487/487/487
f 484/484/484 488/488/488 492/492/492
f 485/485/485 493/493/493 488/488/488
f 493/493/493 485/485/485 490/490/490
f 490/490/490 489/489/489 494/494/494
f 494/494/494 489/489/489 486/486/486
f 491/491/491 487/487/487 495/495/495
f 495/495/495 487/487/487 492/492/492
f 492/492/492 488/488/488 496/496/496
f 496/496/496 488/488/488 493/493/493
f 490/490/490 497/497/497 493/493/493
f 494/494/494 497/497/497 490/490/490
f 486/486/486 498/498/498 494/494/494
f 486/486/486 491/491/491 498/498/498
f 492/492/492 499/499/499 495/495/495
f 496/496/496 499/499/499 492/492/492
f 500/500/500 493/493/493 497/497/497
f 493/493/493 500/500/500 496/496/496
f 497/497/497 494/494/494 501/501/501
f 501/501/501 494/494/494 498/498/498
f 502/502/502 498/498/498 491/491/491
f 495/495/495 502/502/502 491/491/491
f 502/502/502 503/503/503 498/498/498
f 498/498/498 503/503/503 501/501/501
f 504/504/504 501/501/501 503/503/503
f 501/501/501 505/505/505 497/497/497
f 497/497/497 505/505/505 500/500/500
f 505/505/505 501/501/501 504/504/504
f 502/502/502 495/495/495 506/506/506
f 506/506/506 503/503/503 502/502/502
f 507/507/507 500/500/500 505/505/505
f 504/504/504 507/507/507 505/505/505
f 508/508/508 496/496/496 500/500/500
f 507/507/507 508/508/508 500/500/500
f 509/509/509 506/506/506 495/495/495
f 509/509/509 495/495/495 499/499/499
f 506/506/506 510/510/510 503/503/503
f 510/510/510 504/504/504 503/503/503
f 511/511/511 499/499/499 496/496/496
f 508/508/508 511/511/511 496/496/496
f 510/510/510 506/506/506 512/512/512
f 506/506/506 509/509/509 512/512/512
f 504/504/504 510/510/510 513/513/513
f 510/510/510 512/512/512 513/513/513
f 499/499/499 514/514/514 509/509/509
f 511/511/511 514/514/514 499/499/499
f 509/509/509 514/514/514 515/515/515
f 514/514/514 511/511/511 515/515/515
f 516/516/516 511/511/511 508/508/508
f 516/516/516 515/515/515 511/511/511
f 508/508/508 507/507/507 517/517/517
f 508/508/508 517/517/517 516/516/516
f 518/518/518 507/507/507 504/504/504
f 507/507/507 518/518/518 517/517/517
f 515/515/515 519/519/519 509/509/509
f 519/519/519 512/512/512 509/509/509
f 515/515/515 520/520/520 519/519/519
f 520/520/520 512/512/512 519/519/519
f 515/515/515 516/516/516 520/520/520
f 512/512/512 520/520/520 521/521/521
f 521/521/521 520/520/520 516/516/516
f 521/521/521 513/513/513 512/512/512
f 516/516/516 522/522/522 521/521/521
f 516/516/516 517/517/517 522/522/522
f 513/513/513 521/521/521 522/522/522
f 523/523/523 522/522/522 517/517/517
f 517/517/517 518/518/518 523/523/523
f 513/513/513 522/522/522 523/523/523
f 504/504/504 524/524/524 518/518/518
f 518/518/518 524/524/524 523/523/523
f 504/504/504 513/513/513 524/524/524
f 523/523/523 524/524/524 513/513/513
f 527/527/527 526/526/526 525/525/525
f 526/526/526 528/528/528 525/525/525
f 529/529/529 525/525/525 528/528/528
f 530/530/530 529/529/529 528/528/528
f 528/528/528 526/526/526 531/531/531
f 526/526/526 532/532/532 531/531/531
f 528/528/528 533/533/533 530/530/530
f 533/533/533 528/528/528 531/531/531
f 531/531/531 532/532/532 534/534/534
f 535/535/535 534/534/534 532/532/532
f 530/530/530 533/533/533 536/536/536
f 536/536/536 537/537/537 530/530/530
f 534/534/534 535/535/535 538/538/538
f 535/535/535 539/539/539 538/538/538
f 537/537/537 536/536/536 540/540/540
f 540/540/540 541/541/541 537/537/537
f 541/541/541 540/540/540 542/542/542
f 542/542/542 543/543/543 541/541/541
f 543/543/543 542/542/542 544/544/544
f 540/540/540 536/536/536 545/545/545
f 542/542/542 540/540/540 545/545/545
f 546/546/546 536/536/536 533/533/533
f 536/536/536 546/546/546 545/545/545
f 547/547/547 544/544/544 542/542/542
f 544/544/544 547/547/547 548/548/548
f 548/548/548 547/547/547 549/549/549
f 545/545/545 550/550/550 542/542/542
f 547/547/547 542/542/542 550/550/550
f 533/533/533 551/551/551 546/546/546
f 531/531/531 551/551/551 533/533/533
f 546/546/546 552/552/552 545/545/545
f 550/550/550 545/545/545 552/552/552
f 550/550/550 553/553/553 547/547/547
f 547/547/547 553/553/553 549/549/549
f 531/531/531 554/554/554 551/551/551
f 531/531/531 534/534/534 554/554/554
f 551/551/551 555/555/555 546/546/546
f 551/551/551 554/554/554 555/555/555
f 546/546/546 555/555/555 552/552/552
f 554/554/554 534/534/534 556/556/556
f 555/555/555 554/554/554 556/556/556
f 538/538/538 556/556/556 534/534/534
f 553/553/553 550/550/550 557/557/557
f 552/552/552 557/557/557 550/550/550
f 553/553/553 558/558/558 549/549/549
f 557/557/557 558/558/558 553/553/553
f 552/552/552 555/555/555 559/559/559
f 556/556/556 559/559/559 555/555/555
f 556/556/556 538/538/538 560/560/560
f 559/559/559 556/556/556 560/560/560
f 561/561/561 549/549/549 558/558/558
f 549/549/549 561/561/561 562/562/562
f 559/559/559 563/563/563 552/552/552
f 557/557/557 552/552/552 563/563/563
f 564/564/564 558/558/558 557/557/557
f 558/558/558 564/564/564 561/561/561
f 562/562/562 561/561/561 565/565/565
f 565/565/565 566/566/566 562/562/562
f 538/538/538 567/567/567 560/560/560
f 567/567/567 538/538/538 539/539/539
f 539/539/539 568/568/568 567/567/567
f 569/569/569 567/567/567 568/568/568
f 568/568/568 570/570/570 569/569/569
f 569/569/569 570/570/570 571/571/571
f 564/564/564 557/557/557 572/572/572
f 563/563/563 572/572/572 557/557/557
f 561/561/561 564/564/564 573/573/573
f 573/573/573 565/565/565 561/561/561
f 565/565/565 573/573/573 574/574/574
f 575/575/575 573/573/573 564/564/564
f 575/575/575 564/564/564 572/572/572
f 574/574/574 573/573/573 575/575/575
f 572/572/572 563/563/563 576/576/576
f 576/576/576 575/575/575 572/572/572
f 569/569/569 577/577/577 567/567/567
f 560/560/560 567/567/567 577/577/577
f 571/571/571 578/578/578 569/569/569
f 578/578/578 571/571/571 579/579/579
f 578/578/578 580/580/580 569/569/569
f 580/580/580 577/577/577 569/569/569
f 579/579/579 581/581/581 578/578/578
f 580/580/580 578/578/578 581/581/581
f 582/582/582 576/576/576 563/563/563
f 563/563/563 559/559/559 582/582/582
f 560/560/560 582/582/582 559/559/559
f 577/577/577 583/583/583 560/560/560
f 560/560/560 583/583/583 582/582/582
f 582/582/582 584/584/584 576/576/576
f 583/583/583 584/584/584 582/582/582
f 585/585/585 575/575/575 576/576/576
f 576/576/576 584/584/584 585/585/585
f 586/586/586 583/583/583 577/577/577
f 577/577/577 580/580/580 586/586/586
f 587/587/587 584/584/584 583/583/583
f 583/583/583 586/586/586 587/587/587
f 581/581/581 579/579/579 588/588/588
f 589/589/589 588/588/588 579/579/579
f 590/590/590 575/575/575 585/585/585
f 575/575/575 590/590/590 574/574/574
f 591/591/591 585/585/585 584/584/584
f 584/584/584 587/587/587 591/591/591
f 592/592/592 590/590/590 585/585/585
f 585/585/585 591/591/591 592/592/592
f 588/588/588 589/589/589 593/593/593
f 594/594/594 593/593/593 589/589/589
f 593/593/593 594/594/594 595/595/595
f 596/596/596 595/595/595 594/594/594
f 588/588/588 593/593/593 597/597/597
f 597/597/597 593/593/593 595/595/595
f 598/598/598 595/595/595 596/596/596
f 599/599/599 598/598/598 596/596/596
f 598/598/598 599/599/599 600/600/600
f 598/598/598 601/601/601 595/595/595
f 595/595/595 601/601/601 597/597/597
f 600/600/600 602/602/602 598/598/598
f 601/601/601 598/598/598 602/602/602
f 590/590/590 592/592/592 603/603/603
f 603/603/603 574/574/574 590/590/590
f 597/597/597 604/604/604 588/588/588
f 588/588/588 604/604/604 581/581/581
f 602/602/602 600/600/600 605/605/605
f 600/600/600 606/606/606 605/605/605
f 604/604/604 607/607/607 581/581/581
f 581/581/581 607/607/607 580/580/580
f 580/580/580 607/607/607 608/608/608
f 607/607/607 604/604/604 608/608/608
f 608/608/608 586/586/586 580/580/580
f 609/609/609 604/604/604 597/597/597
f 609/609/609 608/608/608 604/604/604
f 586/586/586 608/608/608 610/610/610
f 608/608/608 609/609/609 610/610/610
f 610/610/610 587/587/587 586/586/586
f 597/597/597 611/611/611 609/609/609
f 611/611/611 597/597/597 601/601/601
f 612/612/612 601/601/601 602/602/602
f 601/601/601 612/612/612 611/611/611
f 613/613/613 609/609/609 611/611/611
f 609/609/609 613/613/613 610/610/610
f 610/610/610 614/614/614 587/587/587
f 587/587/587 614/614/614 591/591/591
f 611/611/611 615/615/615 613/613/613
f 615/615/615 611/611/611 612/612/612
f 610/610/610 613/613/613 616/616/616
f 616/616/616 614/614/614 610/610/610
f 616/616/616 613/613/613 615/615/615
f 614/614/614 617/617/617 591/591/591
f 617/617/617 614/614/614 616/616/616
f 592/592/592 591/591/591 617/617/617
f 602/602/602 618/618/618 612/612/612
f 605/605/605 618/618/618 602/602/602
f 612/612/612 619/619/619 615/615/615
f 619/619/619 612/612/612 618/618/618
f 615/615/615 620/620/620 616/616/616
f 620/620/620 615/615/615 619/619/619
f 616/616/616 621/621/621 617/617/617
f 621/621/621 616/616/616 620/620/620
f 592/592/592 617/617/617 622/622/622
f 621/621/621 622/622/622 617/617/617
f 622/622/622 603/603/603 592/592/592
f 623/623/623 603/603/603 622/622/622
f 623/623/623 574/574/574 603/603/603
f 618/618/618 605/605/605 624/624/624
f 618/618/618 625/625/625 619/619/619
f 624/624/624 625/625/625 618/618/618
f 619/619/619 626/626/626 620/620/620
f 626/626/626 619/619/619 625/625/625
f 620/620/620 627/627/627 621/621/621
f 626/626/626 627/627/627 620/620/620
f 622/622/622 621/621/621 628/628/628
f 627/627/627 628/628/628 621/621/621
f 622/622/622 629/629/629 623/623/623
f 628/628/628 629/629/629 622/622/622
f 630/630/630 574/574/574 623/623/623
f 630/630/630 623/623/623 629/629/629
f 625/625/625 631/631/631 626/626/626
f 627/627/627 626/626/626 631/631/631
f 624/624/624 605/605/605 632/632/632
f 605/605/605 606/606/606 632/632/632
f 633/633/633 632/632/632 606/606/606
f 632/632/632 633/633/633 634/634/634
f 632/632/632 634/634/634 624/624/624
f 635/635/635 625/625/625 624/624/624
f 631/631/631 625/625/625 635/635/635
f 624/624/624 634/634/634 635/635/635
f 574/574/574 630/630/630 636/636/636
f 574/574/574 636/636/636 565/565/565
f 566/566/566 565/565/565 636/636/636
f 631/631/631 637/637/637 627/627/627
f 635/635/635 638/638/638 631/631/631
f 638/638/638 637/637/637 631/631/631
f 634/634/634 639/639/639 635/635/635
f 639/639/639 638/638/638 635/635/635
f 637/637/637 640/640/640 627/627/627
f 628/628/628 627/627/627 640/640/640
f 638/638/638 641/641/641 637/637/637
f 641/641/641 638/638/638 639/639/639
f 642/642/642 639/639/639 634/634/634
f 634/634/634 643/643/643 642/642/642
f 643/643/643 644/644/644 642/642/642
f 644/644/644 645/645/645 642/642/642
f 646/646/646 642/642/642 645/645/645
f 645/645/645 647/647/647 646/646/646
f 648/648/648 639/639/639 642/642/642
f 639/639/639 648/648/648 641/641/641
f 646/646/646 647/647/647 649/649/649
f 647/647/647 650/650/650 649/649/649
f 649/649/649 650/650/650 651/651/651
f 650/650/650 652/652/652 651/651/651
f 649/649/649 651/651/651 653/653/653
f 641/641/641 648/648/648 654/654/654
f 648/648/648 655/655/655 654/654/654
f 651/651/651 652/652/652 656/656/656
f 657/657/657 656/656/656 652/652/652
f 658/658/658 653/653/653 651/651/651
f 651/651/651 656/656/656 658/658/658
f 656/656/656 657/657/657 659/659/659
f 660/660/660 659/659/659 657/657/657
f 661/661/661 659/659/659 660/660/660
f 656/656/656 659/659/659 662/662/662
f 662/662/662 658/658/658 656/656/656
f 661/661/661 663/663/663 659/659/659
f 663/663/663 662/662/662 659/659/659
f 663/663/663 661/661/661 664/664/664
f 665/665/665 664/664/664 661/661/661
f 664/664/664 665/665/665 666/666/666
f 663/663/663 667/667/667 662/662/662
f 664/664/664 667/667/667 663/663/663
f 666/666/666 668/668/668 664/664/664
f 668/668/668 666/666/666 669/669/669
f 664/664/664 670/670/670 667/667/667
f 668/668/668 670/670/670 664/664/664
f 662/662/662 671/671/671 658/658/658
f 667/667/667 672/672/672 662/662/662
f 671/671/671 662/662/662 672/672/672
f 673/673/673 671/671/671 672/672/672
f 674/674/674 658/658/658 671/671/671
f 674/674/674 671/671/671 673/673/673
f 658/658/658 674/674/674 653/653/653
f 672/672/672 667/667/667 675/675/675
f 670/670/670 675/675/675 667/667/667
f 653/653/653 674/674/674 676/676/676
f 653/653/653 676/676/676 655/655/655
f 672/672/672 677/677/677 673/673/673
f 677/677/677 672/672/672 675/675/675
f 673/673/673 678/678/678 674/674/674
f 674/674/674 678/678/678 676/676/676
f 655/655/655 676/676/676 679/679/679
f 655/655/655 679/679/679 654/654/654
f 680/680/680 676/676/676 678/678/678
f 676/676/676 680/680/680 679/679/679
f 681/681/681 678/678/678 673/673/673
f 680/680/680 678/678/678 681/681/681
f 682/682/682 654/654/654 679/679/679
f 683/683/683 679/679/679 680/680/680
f 682/682/682 679/679/679 683/683/683
f 681/681/681 684/684/684 680/680/680
f 680/680/680 684/684/684 683/683/683
f 684/684/684 681/681/681 685/685/685
f 673/673/673 686/686/686 681/681/681
f 685/685/685 681/681/681 686/686/686
f 687/687/687 686/686/686 673/673/673
f 673/673/673 677/677/677 687/687/687
f 688/688/688 654/654/654 682/682/682
f 688/688/688 641/641/641 654/654/654
f 641/641/641 688/688/688 637/637/637
f 640/640/640 637/637/637 688/688/688
f 682/682/682 689/689/689 688/688/688
f 688/688/688 689/689/689 640/640/640
f 683/683/683 690/690/690 682/682/682
f 689/689/689 682/682/682 690/690/690
f 683/683/683 684/684/684 691/691/691
f 690/690/690 683/683/683 691/691/691
f 640/640/640 689/689/689 692/692/692
f 690/690/690 692/692/692 689/689/689
f 693/693/693 686/686/686 687/687/687
f 686/686/686 693/693/693 685/685/685
f 684/684/684 694/694/694 691/691/691
f 685/685/685 694/694/694 684/684/684
f 685/685/685 695/695/695 694/694/694
f 691/691/691 696/696/696 690/690/690
f 692/692/692 690/690/690 696/696/696
f 697/697/697 691/691/691 694/694/694
f 694/694/694 695/695/695 697/697/697
f 691/691/691 697/697/697 696/696/696
f 692/692/692 698/698/698 640/640/640
f 640/640/640 698/698/698 628/628/628
f 698/698/698 699/699/699 628/628/628
f 699/699/699 629/629/629 628/628/628
f 700/700/700 698/698/698 692/692/692
f 700/700/700 699/699/699 698/698/698
f 699/699/699 701/701/701 629/629/629
f 629/629/629 701/701/701 630/630/630
f 696/696/696 702/702/702 692/692/692
f 692/692/692 702/702/702 700/700/700
f 700/700/700 703/703/703 699/699/699
f 701/701/701 699/699/699 703/703/703
f 630/630/630 701/701/701 704/704/704
f 704/704/704 636/636/636 630/630/630
f 702/702/702 705/705/705 700/700/700
f 700/700/700 705/705/705 703/703/703
f 703/703/703 706/706/706 701/701/701
f 701/701/701 706/706/706 704/704/704
f 706/706/706 703/703/703 705/705/705
f 702/702/702 696/696/696 707/707/707
f 702/702/702 707/707/707 705/705/705
f 636/636/636 704/704/704 708/708/708
f 636/636/636 708/708/708 566/566/566
f 709/709/709 704/704/704 706/706/706
f 709/709/709 708/708/708 704/704/704
f 708/708/708 709/709/709 710/710/710
f 566/566/566 708/708/708 711/711/711
f 710/710/710 711/711/711 708/708/708
f 711/711/711 712/712/712 566/566/566
f 711/711/711 713/713/713 712/712/712
f 713/713/713 711/711/711 710/710/710
f 714/714/714 712/712/712 713/713/713
f 710/710/710 715/715/715 713/713/713
f 716/716/716 715/715/715 710/710/710
f 705/705/705 717/717/717 706/706/706
f 705/705/705 707/707/707 717/717/717
f 706/706/706 718/718/718 709/709/709
f 718/718/718 710/710/710 709/709/709
f 718/718/718 706/706/706 717/717/717
f 710/710/710 719/719/719 716/716/716
f 710/710/710 718/718/718 719/719/719
f 720/720/720 716/716/716 719/719/719
f 717/717/717 721/721/721 718/718/718
f 721/721/721 719/719/719 718/718/718
f 719/719/719 722/722/722 720/720/720
f 719/719/719 721/721/721 722/722/722
f 723/723/723 720/720/720 722/722/722
f 717/717/717 707/707/707 724/724/724
f 721/721/721 717/717/717 724/724/724
f 722/722/722 725/725/725 723/723/723
f 726/726/726 723/723/723 725/725/725
f 727/727/727 722/722/722 721/721/721
f 722/722/722 727/727/727 725/725/725
f 707/707/707 728/728/728 724/724/724
f 707/707/707 696/696/696 728/728/728
f 697/697/697 728/728/728 696/696/696
f 724/724/724 728/728/728 697/697/697
f 695/695/695 724/724/724 697/697/697
f 724/724/724 729/729/729 721/721/721
f 729/729/729 727/727/727 721/721/721
f 695/695/695 729/729/729 724/724/724
f 725/725/725 730/730/730 726/726/726
f 731/731/731 725/725/725 727/727/727
f 725/725/725 731/731/731 730/730/730
f 732/732/732 727/727/727 729/729/729
f 731/731/731 727/727/727 732/732/732
f 726/726/726 730/730/730 733/733/733
f 733/733/733 734/734/734 726/726/726
f 735/735/735 734/734/734 733/733/733
f 729/729/729 736/736/736 732/732/732
f 695/695/695 736/736/736 729/729/729
f 737/737/737 731/731/731 732/732/732
f 737/737/737 732/732/732 736/736/736
f 738/738/738 730/730/730 731/731/731
f 730/730/730 738/738/738 733/733/733
f 738/738/738 731/731/731 737/737/737
f 733/733/733 739/739/739 735/735/735
f 740/740/740 735/735/735 739/739/739
f 741/741/741 733/733/733 738/738/738
f 741/741/741 738/738/738 737/737/737
f 739/739/739 733/733/733 741/741/741
f 742/742/742 736/736/736 695/695/695
f 736/736/736 742/742/742 737/737/737
f 737/737/737 743/743/743 741/741/741
f 743/743/743 737/737/737 742/742/742
f 744/744/744 739/739/739 741/741/741
f 744/744/744 741/741/741 743/743/743
f 739/739/739 745/745/745 740/740/740
f 744/744/744 745/745/745 739/739/739
f 695/695/695 746/746/746 742/742/742
f 746/746/746 695/695/695 685/685/685
f 742/742/742 747/747/747 743/743/743
f 747/747/747 742/742/742 746/746/746
f 740/740/740 745/745/745 748/748/748
f 748/748/748 749/749/749 740/740/740
f 743/743/743 750/750/750 744/744/744
f 750/750/750 743/743/743 747/747/747
f 751/751/751 745/745/745 744/744/744
f 751/751/751 748/748/748 745/745/745
f 744/744/744 750/750/750 751/751/751
f 752/752/752 746/746/746 685/685/685
f 685/685/685 693/693/693 752/752/752
f 749/749/749 748/748/748 753/753/753
f 753/753/753 754/754/754 749/749/749
f 746/746/746 755/755/755 747/747/747
f 755/755/755 746/746/746 752/752/752
f 756/756/756 748/748/748 751/751/751
f 756/756/756 753/753/753 748/748/748
f 754/754/754 753/753/753 757/757/757
f 757/757/757 753/753/753 756/756/756
f 757/757/757 758/758/758 754/754/754
f 759/759/759 751/751/751 750/750/750
f 751/751/751 759/759/759 756/756/756
f 747/747/747 760/760/760 750/750/750
f 760/760/760 747/747/747 755/755/755
f 759/759/759 750/750/750 760/760/760
f 761/761/761 755/755/755 752/752/752
f 755/755/755 761/761/761 760/760/760
f 760/760/760 762/762/762 759/759/759
f 762/762/762 760/760/760 761/761/761
f 763/763/763 756/756/756 759/759/759
f 763/763/763 759/759/759 762/762/762
f 752/752/752 764/764/764 761/761/761
f 752/752/752 693/693/693 764/764/764
f 761/761/761 765/765/765 762/762/762
f 761/761/761 764/764/764 765/765/765
f 766/766/766 764/764/764 693/693/693
f 687/687/687 766/766/766 693/693/693
f 764/764/764 766/766/766 767/767/767
f 767/767/767 765/765/765 764/764/764
f 768/768/768 762/762/762 765/765/765
f 762/762/762 768/768/768 763/763/763
f 756/756/756 763/763/763 769/769/769
f 756/756/756 769/769/769 757/757/757
f 766/766/766 687/687/687 770/770/770
f 770/770/770 767/767/767 766/766/766
f 771/771/771 765/765/765 767/767/767
f 765/765/765 771/771/771 768/768/768
f 772/772/772 769/769/769 763/763/763
f 772/772/772 763/763/763 768/768/768
f 773/773/773 757/757/757 769/769/769
f 769/769/769 772/772/772 773/773/773
f 774/774/774 770/770/770 687/687/687
f 677/677/677 774/774/774 687/687/687
f 775/775/775 767/767/767 770/770/770
f 767/767/767 775/775/775 771/771/771
f 775/775/775 770/770/770 774/774/774
f 776/776/776 768/768/768 771/771/771
f 768/768/768 776/776/776 772/772/772
f 777/777/777 774/774/774 677/677/677
f 675/675/675 777/777/777 677/677/677
f 773/773/773 778/778/778 757/757/757
f 758/758/758 757/757/757 778/778/778
f 778/778/778 779/779/779 758/758/758
f 779/779/779 778/778/778 780/780/780
f 780/780/780 778/778/778 773/773/773
f 780/780/780 781/781/781 779/779/779
f 782/782/782 781/781/781 780/780/780
f 783/783/783 773/773/773 772/772/772
f 783/783/783 772/772/772 776/776/776
f 773/773/773 784/784/784 780/780/780
f 773/773/773 783/783/783 784/784/784
f 780/780/780 785/785/785 782/782/782
f 780/780/780 784/784/784 785/785/785
f 782/782/782 785/785/785 786/786/786
f 787/787/787 786/786/786 785/785/785
f 786/786/786 787/787/787 788/788/788
f 789/789/789 788/788/788 787/787/787
f 788/788/788 789/789/789 790/790/790
f 791/791/791 790/790/790 789/789/789
f 792/792/792 790/790/790 791/791/791
f 791/791/791 793/793/793 792/792/792
f 794/794/794 792/792/792 793/793/793
f 793/793/793 795/795/795 794/794/794
f 793/793/793 796/796/796 795/795/795
f 795/795/795 796/796/796 797/797/797
f 798/798/798 793/793/793 791/791/791
f 796/796/796 793/793/793 798/798/798
f 799/799/799 791/791/791 789/789/789
f 798/798/798 791/791/791 799/799/799
f 800/800/800 789/789/789 787/787/787
f 789/789/789 800/800/800 799/799/799
f 801/801/801 787/787/787 785/785/785
f 787/787/787 801/801/801 800/800/800
f 796/796/796 802/802/802 797/797/797
f 796/796/796 798/798/798 802/802/802
f 797/797/797 802/802/802 803/803/803
f 802/802/802 798/798/798 803/803/803
f 799/799/799 803/803/803 798/798/798
f 803/803/803 804/804/804 797/797/797
f 805/805/805 804/804/804 803/803/803
f 803/803/803 799/799/799 806/806/806
f 803/803/803 806/806/806 805/805/805
f 800/800/800 806/806/806 799/799/799
f 807/807/807 805/805/805 806/806/806
f 806/806/806 800/800/800 808/808/808
f 806/806/806 808/808/808 807/807/807
f 801/801/801 808/808/808 800/800/800
f 807/807/807 808/808/808 809/809/809
f 785/785/785 810/810/810 801/801/801
f 784/784/784 810/810/810 785/785/785
f 811/811/811 808/808/808 801/801/801
f 811/811/811 801/801/801 810/810/810
f 811/811/811 809/809/809 808/808/808
f 784/784/784 812/812/812 810/810/810
f 811/811/811 810/810/810 812/812/812
f 812/812/812 784/784/784 783/783/783
f 812/812/812 783/783/783 813/813/813
f 776/776/776 813/813/813 783/783/783
f 812/812/812 814/814/814 811/811/811
f 813/813/813 814/814/814 812/812/812
f 813/813/813 776/776/776 815/815/815
f 771/771/771 815/815/815 776/776/776
f 771/771/771 775/775/775 815/815/815
f 815/815/815 816/816/816 813/813/813
f 813/813/813 816/816/816 814/814/814
f 817/817/817 811/811/811 814/814/814
f 811/811/811 817/817/817 809/809/809
f 818/818/818 815/815/815 775/775/775
f 815/815/815 818/818/818 816/816/816
f 819/819/819 814/814/814 816/816/816
f 819/819/819 817/817/817 814/814/814
f 820/820/820 818/818/818 775/775/775
f 774/774/774 820/820/820 775/775/775
f 777/777/777 820/820/820 774/774/774
f 821/821/821 816/816/816 818/818/818
f 816/816/816 821/821/821 819/819/819
f 820/820/820 822/822/822 818/818/818
f 818/818/818 822/822/822 821/821/821
f 823/823/823 820/820/820 777/777/777
f 823/823/823 822/822/822 820/820/820
f 821/821/821 822/822/822 824/824/824
f 824/824/824 822/822/822 823/823/823
f 825/825/825 823/823/823 777/777/777
f 777/777/777 675/675/675 825/825/825
f 826/826/826 824/824/824 823/823/823
f 823/823/823 825/825/825 826/826/826
f 825/825/825 675/675/675 827/827/827
f 825/825/825 827/827/827 826/826/826
f 675/675/675 670/670/670 827/827/827
f 824/824/824 828/828/828 821/821/821
f 826/826/826 828/828/828 824/824/824
f 829/829/829 819/819/819 821/821/821
f 821/821/821 828/828/828 829/829/829
f 830/830/830 827/827/827 670/670/670
f 668/668/668 830/830/830 670/670/670
f 831/831/831 827/827/827 830/830/830
f 831/831/831 830/830/830 668/668/668
f 832/832/832 826/826/826 827/827/827
f 832/832/832 827/827/827 831/831/831
f 826/826/826 832/832/832 833/833/833
f 828/828/828 826/826/826 833/833/833
f 834/834/834 833/833/833 832/832/832
f 832/832/832 831/831/831 834/834/834
f 668/668/668 835/835/835 831/831/831
f 669/669/669 835/835/835 668/668/668
f 833/833/833 836/836/836 828/828/828
f 833/833/833 834/834/834 836/836/836
f 831/831/831 837/837/837 834/834/834
f 831/831/831 835/835/835 837/837/837
f 835/835/835 669/669/669 838/838/838
f 838/838/838 837/837/837 835/835/835
f 839/839/839 838/838/838 669/669/669
f 838/838/838 839/839/839 840/840/840
f 837/837/837 838/838/838 840/840/840
f 841/841/841 840/840/840 839/839/839
f 842/842/842 834/834/834 837/837/837
f 842/842/842 836/836/836 834/834/834
f 840/840/840 843/843/843 837/837/837
f 837/837/837 843/843/843 842/842/842
f 844/844/844 840/840/840 841/841/841
f 843/843/843 840/840/840 844/844/844
f 841/841/841 845/845/845 844/844/844
f 846/846/846 842/842/842 843/843/843
f 846/846/846 836/836/836 842/842/842
f 843/843/843 844/844/844 847/847/847
f 843/843/843 847/847/847 846/846/846
f 848/848/848 844/844/844 845/845/845
f 847/847/847 844/844/844 848/848/848
f 845/845/845 849/849/849 848/848/848
f 850/850/850 848/848/848 849/849/849
f 849/849/849 851/851/851 850/850/850
f 850/850/850 851/851/851 852/852/852
f 847/847/847 848/848/848 853/853/853
f 853/853/853 848/848/848 850/850/850
f 846/846/846 847/847/847 854/854/854
f 853/853/853 854/854/854 847/847/847
f 836/836/836 846/846/846 855/855/855
f 854/854/854 855/855/855 846/846/846
f 852/852/852 856/856/856 850/850/850
f 856/856/856 852/852/852 857/857/857
f 853/853/853 850/850/850 858/858/858
f 858/858/858 854/854/854 853/853/853
f 858/858/858 850/850/850 856/856/856
f 858/858/858 859/859/859 854/854/854
f 860/860/860 836/836/836 855/855/855
f 860/860/860 828/828/828 836/836/836
f 860/860/860 829/829/829 828/828/828
f 855/855/855 854/854/854 861/861/861
f 859/859/859 861/861/861 854/854/854
f 855/855/855 862/862/862 860/860/860
f 862/862/862 855/855/855 861/861/861
f 829/829/829 860/860/860 863/863/863
f 862/862/862 863/863/863 860/860/860
f 857/857/857 864/864/864 856/856/856
f 864/864/864 857/857/857 865/865/865
f 858/858/858 856/856/856 866/866/866
f 866/866/866 859/859/859 858/858/858
f 867/867/867 866/866/866 856/856/856
f 856/856/856 864/864/864 867/867/867
f 829/829/829 863/863/863 868/868/868
f 829/829/829 868/868/868 819/819/819
f 868/868/868 817/817/817 819/819/819
f 869/869/869 817/817/817 868/868/868
f 809/809/809 817/817/817 869/869/869
f 863/863/863 870/870/870 868/868/868
f 868/868/868 870/870/870 869/869/869
f 809/809/809 869/869/869 871/871/871
f 872/872/872 809/809/809 871/871/871
f 871/871/871 873/873/873 872/872/872
f 874/874/874 873/873/873 871/871/871
f 871/871/871 869/869/869 875/875/875
f 870/870/870 875/875/875 869/869/869
f 871/871/871 876/876/876 874/874/874
f 875/875/875 876/876/876 871/871/871
f 874/874/874 876/876/876 877/877/877
f 876/876/876 878/878/878 877/877/877
f 878/878/878 876/876/876 875/875/875
f 877/877/877 878/878/878 879/879/879
f 863/863/863 880/880/880 870/870/870
f 862/862/862 880/880/880 863/863/863
f 881/881/881 875/875/875 870/870/870
f 881/881/881 870/870/870 880/880/880
f 882/882/882 879/879/879 878/878/878
f 879/879/879 882/882/882 883/883/883
f 875/875/875 884/884/884 878/878/878
f 881/881/881 884/884/884 875/875/875
f 882/882/882 878/878/878 884/884/884
f 885/885/885 880/880/880 862/862/862
f 861/861/861 885/885/885 862/862/862
f 886/886/886 883/883/883 882/882/882
f 883/883/883 886/886/886 887/887/887
f 880/880/880 888/888/888 881/881/881
f 888/888/888 880/880/880 885/885/885
f 889/889/889 884/884/884 881/881/881
f 889/889/889 881/881/881 888/888/888
f 884/884/884 890/890/890 882/882/882
f 886/886/886 882/882/882 890/890/890
f 884/884/884 889/889/889 890/890/890
f 885/885/885 861/861/861 891/891/891
f 861/861/861 859/859/859 891/891/891
f 892/892/892 887/887/887 886/886/886
f 887/887/887 892/892/892 893/893/893
f 885/885/885 894/894/894 888/888/888
f 891/891/891 894/894/894 885/885/885
f 890/890/890 895/895/895 886/886/886
f 892/892/892 886/886/886 895/895/895
f 896/896/896 890/890/890 889/889/889
f 890/890/890 896/896/896 895/895/895
f 888/888/888 897/897/897 889/889/889
f 894/894/894 897/897/897 888/888/888
f 896/896/896 889/889/889 897/897/897
f 898/898/898 893/893/893 892/892/892
f 895/895/895 899/899/899 892/892/892
f 898/898/898 892/892/892 899/899/899
f 900/900/900 895/895/895 896/896/896
f 895/895/895 900/900/900 899/899/899
f 893/893/893 898/898/898 901/901/901
f 901/901/901 902/902/902 893/893/893
f 902/902/902 901/901/901 903/903/903
f 899/899/899 904/904/904 898/898/898
f 901/901/901 898/898/898 904/904/904
f 897/897/897 905/905/905 896/896/896
f 896/896/896 905/905/905 900/900/900
f 906/906/906 899/899/899 900/900/900
f 899/899/899 906/906/906 904/904/904
f 904/904/904 907/907/907 901/901/901
f 901/901/901 907/907/907 908/908/908
f 904/904/904 909/909/909 907/907/907
f 909/909/909 904/904/904 906/906/906
f 910/910/910 906/906/906 900/900/900
f 905/905/905 910/910/910 900/900/900
f 908/908/908 907/907/907 911/911/911
f 911/911/911 907/907/907 909/909/909
f 912/912/912 909/909/909 906/906/906
f 910/910/910 912/912/912 906/906/906
f 909/909/909 913/913/913 911/911/911
f 912/912/912 913/913/913 909/909/909
f 911/911/911 914/914/914 908/908/908
f 914/914/914 911/911/911 913/913/913
f 913/913/913 915/915/915 914/914/914
f 914/914/914 915/915/915 908/908/908
f 916/916/916 913/913/913 912/912/912
f 915/915/915 913/913/913 916/916/916
f 917/917/917 912/912/912 910/910/910
f 916/916/916 912/912/912 917/917/917
f 910/910/910 905/905/905 918/918/918
f 910/910/910 918/918/918 917/917/917
f 908/908/908 915/915/915 919/919/919
f 919/919/919 915/915/915 916/916/916
f 916/916/916 917/917/917 920/920/920
f 919/919/919 916/916/916 920/920/920
f 919/919/919 921/921/921 908/908/908
f 922/922/922 908/908/908 921/921/921
f 922/922/922 921/921/921 923/923/923
f 924/924/924 923/923/923 921/921/921
f 921/921/921 919/919/919 925/925/925
f 921/921/921 925/925/925 924/924/924
f 920/920/920 925/925/925 919/919/919
f 924/924/924 925/925/925 926/926/926
f 920/920/920 917/917/917 927/927/927
f 917/917/917 918/918/918 927/927/927
f 925/925/925 920/920/920 928/928/928
f 925/925/925 928/928/928 926/926/926
f 920/920/920 927/927/927 928/928/928
f 927/927/927 918/918/918 929/929/929
f 929/929/929 928/928/928 927/927/927
f 926/926/926 928/928/928 930/930/930
f 929/929/929 930/930/930 928/928/928
f 930/930/930 931/931/931 926/926/926
f 931/931/931 930/930/930 932/932/932
f 930/930/930 929/929/929 932/932/932
f 932/932/932 933/933/933 931/931/931
f 918/918/918 934/934/934 929/929/929
f 918/918/918 905/905/905 934/934/934
f 934/934/934 905/905/905 897/897/897
f 929/929/929 934/934/934 935/935/935
f 929/929/929 935/935/935 932/932/932
f 897/897/897 936/936/936 934/934/934
f 934/934/934 936/936/936 935/935/935
f 936/936/936 897/897/897 894/894/894
f 935/935/935 936/936/936 937/937/937
f 894/894/894 937/937/937 936/936/936
f 937/937/937 932/932/932 935/935/935
f 937/937/937 894/894/894 891/891/891
f 933/933/933 932/932/932 938/938/938
f 937/937/937 938/938/938 932/932/932
f 938/938/938 939/939/939 933/933/933
f 891/891/891 940/940/940 937/937/937
f 938/938/938 937/937/937 940/940/940
f 940/940/940 939/939/939 938/938/938
f 940/940/940 941/941/941 939/939/939
f 942/942/942 941/941/941 940/940/940
f 940/940/940 943/943/943 942/942/942
f 944/944/944 942/942/942 943/943/943
f 859/859/859 943/943/943 891/891/891
f 943/943/943 945/945/945 944/944/944
f 945/945/945 943/943/943 859/859/859
f 944/944/944 945/945/945 946/946/946
f 859/859/859 947/947/947 945/945/945
f 859/859/859 866/866/866 947/947/947
f 866/866/866 867/867/867 947/947/947
f 948/948/948 946/946/946 945/945/945
f 948/948/948 945/945/945 947/947/947
f 946/946/946 948/948/948 949/949/949
f 867/867/867 950/950/950 947/947/947
f 947/947/947 950/950/950 948/948/948
f 948/948/948 951/951/951 949/949/949
f 952/952/952 949/949/949 951/951/951
f 867/867/867 953/953/953 950/950/950
f 953/953/953 867/867/867 864/864/864
f 948/948/948 950/950/950 954/954/954
f 954/954/954 951/951/951 948/948/948
f 954/954/954 950/950/950 953/953/953
f 951/951/951 955/955/955 952/952/952
f 956/956/956 952/952/952 955/955/955
f 955/955/955 957/957/957 956/956/956
f 864/864/864 958/958/958 953/953/953
f 865/865/865 958/958/958 864/864/864
f 959/959/959 955/955/955 951/951/951
f 951/951/951 954/954/954 959/959/959
f 960/960/960 954/954/954 953/953/953
f 960/960/960 953/953/953 958/958/958
f 958/958/958 865/865/865 961/961/961
f 958/958/958 961/961/961 960/960/960
f 962/962/962 961/961/961 865/865/865
f 961/961/961 962/962/962 957/957/957
f 963/963/963 957/957/957 962/962/962
f 955/955/955 964/964/964 957/957/957
f 957/957/957 964/964/964 961/961/961
f 964/964/964 955/955/955 959/959/959
f 964/964/964 960/960/960 961/961/961
f 960/960/960 965/965/965 954/954/954
f 959/959/959 954/954/954 965/965/965
f 964/964/964 965/965/965 960/960/960
f 959/959/959 965/965/965 964/964/964
f 968/968/968 967/967/967 966/966/966
f 969/969/969 967/967/967 968/968/968
f 970/970/970 969/969/969 968/968/968
f 968/968/968 971/971/971 970/970/970
f 969/969/969 972/972/972 967/967/967
f 973/973/973 967/967/967 972/972/972
f 971/971/971 974/974/974 970/970/970
f 975/975/975 974/974/974 971/971/971
f 976/976/976 969/969/969 970/970/970
f 977/977/977 970/970/970 974/974/974
f 970/970/970 977/977/977 976/976/976
f 978/978/978 974/974/974 975/975/975
f 974/974/974 978/978/978 977/977/977
f 979/979/979 972/972/972 969/969/969
f 969/969/969 976/976/976 979/979/979
f 980/980/980 978/978/978 975/975/975
f 981/981/981 980/980/980 975/975/975
f 982/982/982 980/980/980 981/981/981
f 980/980/980 982/982/982 983/983/983
f 983/983/983 978/978/978 980/980/980
f 983/983/983 982/982/982 984/984/984
f 985/985/985 977/977/977 978/978/978
f 978/978/978 983/983/983 985/985/985
f 984/984/984 986/986/986 983/983/983
f 985/985/985 983/983/983 986/986/986
f 984/984/984 987/987/987 986/986/986
f 988/988/988 976/976/976 977/977/977
f 977/977/977 985/985/985 988/988/988
f 986/986/986 989/989/989 985/985/985
f 988/988/988 985/985/985 989/989/989
f 986/986/986 987/987/987 990/990/990
f 989/989/989 986/986/986 990/990/990
f 976/976/976 988/988/988 991/991/991
f 979/979/979 976/976/976 991/991/991
f 992/992/992 990/990/990 987/987/987
f 987/987/987 993/993/993 992/992/992
f 989/989/989 994/994/994 988/988/988
f 991/991/991 988/988/988 994/994/994
f 990/990/990 995/995/995 989/989/989
f 995/995/995 990/990/990 992/992/992
f 994/994/994 989/989/989 995/995/995
f 996/996/996 992/992/992 993/993/993
f 993/993/993 997/997/997 996/996/996
f 998/998/998 996/996/996 997/997/997
f 992/992/992 999/999/999 995/995/995
f 999/999/999 992/992/992 996/996/996
f 995/995/995 1000/1000/1000 994/994/994
f 1000/1000/1000 995/995/995 999/999/999
f 996/996/996 998/998/998 1001/1001/1001
f 1002/1002/1002 1001/1001/1001 998/998/998
f 996/996/996 1003/1003/1003 999/999/999
f 1003/1003/1003 996/996/996 1001/1001/1001
f 1001/1001/1001 1002/1002/1002 1004/1004/1004
f 1004/1004/1004 1002/1002/1002 1005/1005/1005
f 1004/1004/1004 1006/1006/1006 1001/1001/1001
f 1001/1001/1001 1006/1006/1006 1003/1003/1003
f 1007/1007/1007 999/999/999 1003/1003/1003
f 999/999/999 1007/1007/1007 1000/1000/1000
f 1008/1008/1008 994/994/994 1000/1000/1000
f 994/994/994 1008/1008/1008 991/991/991
f 1009/1009/1009 1004/1004/1004 1005/1005/1005
f 1006/1006/1006 1004/1004/1004 1009/1009/1009
f 1006/1006/1006 1010/1010/1010 1003/1003/1003
f 1003/1003/1003 1010/1010/1010 1007/1007/1007
f 1009/1009/1009 1011/1011/1011 1006/1006/1006
f 1010/1010/1010 1006/1006/1006 1011/1011/1011
f 1009/1009/1009 1005/1005/1005 1012/1012/1012
f 1011/1011/1011 1009/1009/1009 1012/1012/1012
f 1013/1013/1013 1010/1010/1010 1011/1011/1011
f 1007/1007/1007 1010/1010/1010 1013/1013/1013
f 1014/1014/1014 1000/1000/1000 1007/1007/1007
f 1008/1008/1008 1000/1000/1000 1014/1014/1014
f 1012/1012/1012 1005/1005/1005 1015/1015/1015
f 1016/1016/1016 1012/1012/1012 1015/1015/1015
f 1017/1017/1017 1012/1012/1012 1016/1016/1016
f 1012/1012/1012 1017/1017/1017 1011/1011/1011
f 1013/1013/1013 1011/1011/1011 1017/1017/1017
f 1015/1015/1015 1005/1005/1005 1018/1018/1018
f 1015/1015/1015 1018/1018/1018 1019/1019/1019
f 1019/1019/1019 1018/1018/1018 1020/1020/1020
f 1020/1020/1020 1021/1021/1021 1019/1019/1019
f 1013/1013/1013 1022/1022/1022 1007/1007/1007
f 1014/1014/1014 1007/1007/1007 1022/1022/1022
f 1023/1023/1023 1013/1013/1013 1017/1017/1017
f 1023/1023/1023 1017/1017/1017 1016/1016/1016
f 1022/1022/1022 1013/1013/1013 1024/1024/1024
f 1024/1024/1024 1013/1013/1013 1023/1023/1023
f 1025/1025/1025 1015/1015/1015 1019/1019/1019
f 1016/1016/1016 1015/1015/1015 1025/1025/1025
f 1026/1026/1026 1019/1019/1019 1021/1021/1021
f 1021/1021/1021 1027/1027/1027 1026/1026/1026
f 1028/1028/1028 1019/1019/1019 1026/1026/1026
f 1025/1025/1025 1019/1019/1019 1028/1028/1028
f 1029/1029/1029 1026/1026/1026 1027/1027/1027
f 1028/1028/1028 1026/1026/1026 1029/1029/1029
f 1029/1029/1029 1027/1027/1027 1030/1030/1030
f 1030/1030/1030 1027/1027/1027 1031/1031/1031
f 1029/1029/1029 1032/1032/1032 1028/1028/1028
f 1029/1029/1029 1030/1030/1030 1032/1032/1032
f 1025/1025/1025 1028/1028/1028 1033/1033/1033
f 1033/1033/1033 1028/1028/1028 1032/1032/1032
f 1016/1016/1016 1025/1025/1025 1034/1034/1034
f 1033/1033/1033 1034/1034/1034 1025/1025/1025
f 1031/1031/1031 1035/1035/1035 1030/1030/1030
f 1036/1036/1036 1032/1032/1032 1030/1030/1030
f 1036/1036/1036 1030/1030/1030 1035/1035/1035
f 1032/1032/1032 1037/1037/1037 1033/1033/1033
f 1037/1037/1037 1032/1032/1032 1036/1036/1036
f 1038/1038/1038 1035/1035/1035 1031/1031/1031
f 1038/1038/1038 1031/1031/1031 1039/1039/1039
f 1035/1035/1035 1040/1040/1040 1036/1036/1036
f 1035/1035/1035 1038/1038/1038 1040/1040/1040
f 1041/1041/1041 1038/1038/1038 1039/1039/1039
f 1042/1042/1042 1041/1041/1041 1039/1039/1039
f 1038/1038/1038 1041/1041/1041 1043/1043/1043
f 1038/1038/1038 1043/1043/1043 1040/1040/1040
f 1041/1041/1041 1042/1042/1042 1044/1044/1044
f 1044/1044/1044 1043/1043/1043 1041/1041/1041
f 1045/1045/1045 1044/1044/1044 1042/1042/1042
f 1044/1044/1044 1045/1045/1045 1046/1046/1046
f 1036/1036/1036 1040/1040/1040 1047/1047/1047
f 1036/1036/1036 1047/1047/1047 1037/1037/1037
f 1048/1048/1048 1033/1033/1033 1037/1037/1037
f 1034/1034/1034 1033/1033/1033 1048/1048/1048
f 1040/1040/1040 1043/1043/1043 1049/1049/1049
f 1049/1049/1049 1047/1047/1047 1040/1040/1040
f 1046/1046/1046 1050/1050/1050 1044/1044/1044
f 1050/1050/1050 1046/1046/1046 1051/1051/1051
f 1043/1043/1043 1044/1044/1044 1052/1052/1052
f 1052/1052/1052 1049/1049/1049 1043/1043/1043
f 1050/1050/1050 1052/1052/1052 1044/1044/1044
f 1053/1053/1053 1037/1037/1037 1047/1047/1047
f 1037/1037/1037 1053/1053/1053 1048/1048/1048
f 1054/1054/1054 1047/1047/1047 1049/1049/1049
f 1047/1047/1047 1054/1054/1054 1053/1053/1053
f 1055/1055/1055 1049/1049/1049 1052/1052/1052
f 1049/1049/1049 1055/1055/1055 1054/1054/1054
f 1056/1056/1056 1053/1053/1053 1054/1054/1054
f 1048/1048/1048 1053/1053/1053 1056/1056/1056
f 1057/1057/1057 1054/1054/1054 1055/1055/1055
f 1054/1054/1054 1057/1057/1057 1056/1056/1056
f 1051/1051/1051 1058/1058/1058 1050/1050/1050
f 1052/1052/1052 1050/1050/1050 1059/1059/1059
f 1058/1058/1058 1059/1059/1059 1050/1050/1050
f 1060/1060/1060 1058/1058/1058 1051/1051/1051
f 1051/1051/1051 1061/1061/1061 1060/1060/1060
f 1060/1060/1060 1062/1062/1062 1058/1058/1058
f 1059/1059/1059 1058/1058/1058 1062/1062/1062
f 1059/1059/1059 1062/1062/1062 1063/1063/1063
f 1064/1064/1064 1063/1063/1063 1062/1062/1062
f 1052/1052/1052 1059/1059/1059 1065/1065/1065
f 1052/1052/1052 1065/1065/1065 1055/1055/1055
f 1063/1063/1063 1065/1065/1065 1059/1059/1059
f 1055/1055/1055 1065/1065/1065 1063/1063/1063
f 1061/1061/1061 1066/1066/1066 1060/1060/1060
f 1062/1062/1062 1060/1060/1060 1066/1066/1066
f 1067/1067/1067 1066/1066/1066 1061/1061/1061
f 1066/1066/1066 1068/1068/1068 1062/1062/1062
f 1062/1062/1062 1068/1068/1068 1064/1064/1064
f 1066/1066/1066 1067/1067/1067 1069/1069/1069
f 1068/1068/1068 1066/1066/1066 1069/1069/1069
f 1070/1070/1070 1069/1069/1069 1067/1067/1067
f 1069/1069/1069 1071/1071/1071 1068/1068/1068
f 1064/1064/1064 1068/1068/1068 1071/1071/1071
f 1069/1069/1069 1070/1070/1070 1072/1072/1072
f 1072/1072/1072 1071/1071/1071 1069/1069/1069
f 1073/1073/1073 1072/1072/1072 1070/1070/1070
f 1072/1072/1072 1073/1073/1073 1074/1074/1074
f 1075/1075/1075 1074/1074/1074 1073/1073/1073
f 1071/1071/1071 1072/1072/1072 1076/1076/1076
f 1074/1074/1074 1076/1076/1076 1072/1072/1072
f 1077/1077/1077 1074/1074/1074 1075/1075/1075
f 1076/1076/1076 1074/1074/1074 1077/1077/1077
f 1078/1078/1078 1071/1071/1071 1076/1076/1076
f 1071/1071/1071 1078/1078/1078 1064/1064/1064
f 1079/1079/1079 1077/1077/1077 1075/1075/1075
f 1079/1079/1079 1075/1075/1075 1080/1080/1080
f 1077/1077/1077 1081/1081/1081 1076/1076/1076
f 1081/1081/1081 1077/1077/1077 1079/1079/1079
f 1076/1076/1076 1081/1081/1081 1078/1078/1078
f 1080/1080/1080 1082/1082/1082 1079/1079/1079
f 1081/1081/1081 1079/1079/1079 1082/1082/1082
f 1078/1078/1078 1081/1081/1081 1083/1083/1083
f 1082/1082/1082 1083/1083/1083 1081/1081/1081
f 1080/1080/1080 1084/1084/1084 1082/1082/1082
f 1084/1084/1084 1080/1080/1080 1085/1085/1085
f 1082/1082/1082 1084/1084/1084 1086/1086/1086
f 1086/1086/1086 1083/1083/1083 1082/1082/1082
f 1083/1083/1083 1086/1086/1086 1087/1087/1087
f 1083/1083/1083 1088/1088/1088 1078/1078/1078
f 1087/1087/1087 1088/1088/1088 1083/1083/1083
f 1064/1064/1064 1078/1078/1078 1088/1088/1088
f 1088/1088/1088 1087/1087/1087 1089/1089/1089
f 1089/1089/1089 1090/1090/1090 1088/1088/1088
f 1088/1088/1088 1090/1090/1090 1064/1064/1064
f 1091/1091/1091 1090/1090/1090 1089/1089/1089
f 1064/1064/1064 1090/1090/1090 1092/1092/1092
f 1090/1090/1090 1091/1091/1091 1092/1092/1092
f 1092/1092/1092 1091/1091/1091 1093/1093/1093
f 1064/1064/1064 1092/1092/1092 1063/1063/1063
f 1093/1093/1093 1094/1094/1094 1092/1092/1092
f 1094/1094/1094 1093/1093/1093 1095/1095/1095
f 1063/1063/1063 1092/1092/1092 1096/1096/1096
f 1094/1094/1094 1096/1096/1096 1092/1092/1092
f 1095/1095/1095 1097/1097/1097 1094/1094/1094
f 1097/1097/1097 1095/1095/1095 1098/1098/1098
f 1096/1096/1096 1099/1099/1099 1063/1063/1063
f 1063/1063/1063 1099/1099/1099 1055/1055/1055
f 1055/1055/1055 1099/1099/1099 1057/1057/1057
f 1100/1100/1100 1096/1096/1096 1094/1094/1094
f 1094/1094/1094 1097/1097/1097 1100/1100/1100
f 1098/1098/1098 1101/1101/1101 1097/1097/1097
f 1101/1101/1101 1098/1098/1098 1102/1102/1102
f 1103/1103/1103 1100/1100/1100 1097/1097/1097
f 1097/1097/1097 1101/1101/1101 1103/1103/1103
f 1096/1096/1096 1100/1100/1100 1104/1104/1104
f 1104/1104/1104 1100/1100/1100 1103/1103/1103
f 1096/1096/1096 1105/1105/1105 1099/1099/1099
f 1104/1104/1104 1105/1105/1105 1096/1096/1096
f 1105/1105/1105 1104/1104/1104 1106/1106/1106
f 1106/1106/1106 1107/1107/1107 1105/1105/1105
f 1099/1099/1099 1105/1105/1105 1107/1107/1107
f 1107/1107/1107 1057/1057/1057 1099/1099/1099
f 1057/1057/1057 1107/1107/1107 1108/1108/1108
f 1107/1107/1107 1106/1106/1106 1108/1108/1108
f 1108/1108/1108 1056/1056/1056 1057/1057/1057
f 1103/1103/1103 1109/1109/1109 1104/1104/1104
f 1109/1109/1109 1106/1106/1106 1104/1104/1104
f 1110/1110/1110 1103/1103/1103 1101/1101/1101
f 1110/1110/1110 1109/1109/1109 1103/1103/1103
f 1108/1108/1108 1111/1111/1111 1056/1056/1056
f 1056/1056/1056 1111/1111/1111 1048/1048/1048
f 1101/1101/1101 1112/1112/1112 1110/1110/1110
f 1102/1102/1102 1112/1112/1112 1101/1101/1101
f 1112/1112/1112 1102/1102/1102 1113/1113/1113
f 1102/1102/1102 1114/1114/1114 1113/1113/1113
f 1115/1115/1115 1110/1110/1110 1112/1112/1112
f 1112/1112/1112 1113/1113/1113 1115/1115/1115
f 1109/1109/1109 1110/1110/1110 1116/1116/1116
f 1116/1116/1116 1110/1110/1110 1115/1115/1115
f 1113/1113/1113 1114/1114/1114 1117/1117/1117
f 1118/1118/1118 1117/1117/1117 1114/1114/1114
f 1115/1115/1115 1113/1113/1113 1119/1119/1119
f 1117/1117/1117 1119/1119/1119 1113/1113/1113
f 1120/1120/1120 1117/1117/1117 1118/1118/1118
f 1118/1118/1118 1121/1121/1121 1120/1120/1120
f 1120/1120/1120 1122/1122/1122 1117/1117/1117
f 1119/1119/1119 1117/1117/1117 1122/1122/1122
f 1119/1119/1119 1123/1123/1123 1115/1115/1115
f 1115/1115/1115 1123/1123/1123 1116/1116/1116
f 1124/1124/1124 1109/1109/1109 1116/1116/1116
f 1124/1124/1124 1106/1106/1106 1109/1109/1109
f 1124/1124/1124 1125/1125/1125 1106/1106/1106
f 1126/1126/1126 1122/1122/1122 1120/1120/1120
f 1120/1120/1120 1127/1127/1127 1126/1126/1126
f 1127/1127/1127 1128/1128/1128 1126/1126/1126
f 1122/1122/1122 1129/1129/1129 1119/1119/1119
f 1123/1123/1123 1119/1119/1119 1129/1129/1129
f 1130/1130/1130 1116/1116/1116 1123/1123/1123
f 1116/1116/1116 1130/1130/1130 1124/1124/1124
f 1122/1122/1122 1126/1126/1126 1131/1131/1131
f 1122/1122/1122 1131/1131/1131 1129/1129/1129
f 1132/1132/1132 1126/1126/1126 1128/1128/1128
f 1132/1132/1132 1131/1131/1131 1126/1126/1126
f 1128/1128/1128 1133/1133/1133 1132/1132/1132
f 1129/1129/1129 1134/1134/1134 1123/1123/1123
f 1134/1134/1134 1129/1129/1129 1131/1131/1131
f 1123/1123/1123 1134/1134/1134 1130/1130/1130
f 1131/1131/1131 1132/1132/1132 1134/1134/1134
f 1135/1135/1135 1132/1132/1132 1133/1133/1133
f 1134/1134/1134 1132/1132/1132 1135/1135/1135
f 1135/1135/1135 1130/1130/1130 1134/1134/1134
f 1124/1124/1124 1130/1130/1130 1135/1135/1135
f 1133/1133/1133 1136/1136/1136 1135/1135/1135
f 1135/1135/1135 1137/1137/1137 1124/1124/1124
f 1137/1137/1137 1135/1135/1135 1136/1136/1136
f 1136/1136/1136 1138/1138/1138 1137/1137/1137
f 1125/1125/1125 1124/1124/1124 1137/1137/1137
f 1125/1125/1125 1137/1137/1137 1138/1138/1138
f 1138/1138/1138 1139/1139/1139 1125/1125/1125
f 1125/1125/1125 1139/1139/1139 1140/1140/1140
f 1140/1140/1140 1141/1141/1141 1125/1125/1125
f 1141/1141/1141 1140/1140/1140 1142/1142/1142
f 1125/1125/1125 1141/1141/1141 1143/1143/1143
f 1106/1106/1106 1125/1125/1125 1143/1143/1143
f 1142/1142/1142 1144/1144/1144 1141/1141/1141
f 1144/1144/1144 1142/1142/1142 1145/1145/1145
f 1106/1106/1106 1143/1143/1143 1146/1146/1146
f 1106/1106/1106 1146/1146/1146 1108/1108/1108
f 1147/1147/1147 1143/1143/1143 1141/1141/1141
f 1141/1141/1141 1144/1144/1144 1147/1147/1147
f 1145/1145/1145 1148/1148/1148 1144/1144/1144
f 1148/1148/1148 1145/1145/1145 1149/1149/1149
f 1144/1144/1144 1148/1148/1148 1150/1150/1150
f 1150/1150/1150 1147/1147/1147 1144/1144/1144
f 1151/1151/1151 1143/1143/1143 1147/1147/1147
f 1143/1143/1143 1151/1151/1151 1146/1146/1146
f 1108/1108/1108 1146/1146/1146 1152/1152/1152
f 1108/1108/1108 1152/1152/1152 1111/1111/1111
f 1149/1149/1149 1153/1153/1153 1148/1148/1148
f 1153/1153/1153 1150/1150/1150 1148/1148/1148
f 1154/1154/1154 1153/1153/1153 1149/1149/1149
f 1149/1149/1149 1155/1155/1155 1154/1154/1154
f 1156/1156/1156 1147/1147/1147 1150/1150/1150
f 1147/1147/1147 1156/1156/1156 1151/1151/1151
f 1146/1146/1146 1151/1151/1151 1157/1157/1157
f 1146/1146/1146 1157/1157/1157 1152/1152/1152
f 1150/1150/1150 1153/1153/1153 1158/1158/1158
f 1154/1154/1154 1158/1158/1158 1153/1153/1153
f 1151/1151/1151 1159/1159/1159 1157/1157/1157
f 1159/1159/1159 1151/1151/1151 1156/1156/1156
f 1150/1150/1150 1160/1160/1160 1156/1156/1156
f 1160/1160/1160 1150/1150/1150 1158/1158/1158
f 1154/1154/1154 1155/1155/1155 1161/1161/1161
f 1161/1161/1161 1162/1162/1162 1154/1154/1154
f 1155/1155/1155 1163/1163/1163 1161/1161/1161
f 1161/1161/1161 1163/1163/1163 1164/1164/1164
f 1164/1164/1164 1165/1165/1165 1161/1161/1161
f 1165/1165/1165 1162/1162/1162 1161/1161/1161
f 1165/1165/1165 1164/1164/1164 1166/1166/1166
f 1158/1158/1158 1154/1154/1154 1167/1167/1167
f 1167/1167/1167 1154/1154/1154 1162/1162/1162
f 1167/1167/1167 1168/1168/1168 1158/1158/1158
f 1158/1158/1158 1168/1168/1168 1160/1160/1160
f 1160/1160/1160 1169/1169/1169 1156/1156/1156
f 1156/1156/1156 1169/1169/1169 1159/1159/1159
f 1166/1166/1166 1170/1170/1170 1165/1165/1165
f 1170/1170/1170 1166/1166/1166 1171/1171/1171
f 1172/1172/1172 1167/1167/1167 1162/1162/1162
f 1168/1168/1168 1167/1167/1167 1172/1172/1172
f 1173/1173/1173 1160/1160/1160 1168/1168/1168
f 1173/1173/1173 1169/1169/1169 1160/1160/1160
f 1174/1174/1174 1168/1168/1168 1172/1172/1172
f 1168/1168/1168 1174/1174/1174 1173/1173/1173
f 1170/1170/1170 1171/1171/1171 1175/1175/1175
f 1175/1175/1175 1171/1171/1171 1176/1176/1176
f 1177/1177/1177 1172/1172/1172 1162/1162/1162
f 1174/1174/1174 1172/1172/1172 1177/1177/1177
f 1162/1162/1162 1165/1165/1165 1178/1178/1178
f 1165/1165/1165 1170/1170/1170 1179/1179/1179
f 1179/1179/1179 1178/1178/1178 1165/1165/1165
f 1178/1178/1178 1180/1180/1180 1162/1162/1162
f 1162/1162/1162 1180/1180/1180 1177/1177/1177
f 1179/1179/1179 1180/1180/1180 1178/1178/1178
f 1181/1181/1181 1177/1177/1177 1180/1180/1180
f 1177/1177/1177 1181/1181/1181 1174/1174/1174
f 1180/1180/1180 1179/1179/1179 1181/1181/1181
f 1182/1182/1182 1179/1179/1179 1170/1170/1170
f 1170/1170/1170 1175/1175/1175 1182/1182/1182
f 1181/1181/1181 1179/1179/1179 1182/1182/1182
f 1174/1174/1174 1181/1181/1181 1183/1183/1183
f 1182/1182/1182 1183/1183/1183 1181/1181/1181
f 1183/1183/1183 1173/1173/1173 1174/1174/1174
f 1176/1176/1176 1184/1184/1184 1175/1175/1175
f 1184/1184/1184 1182/1182/1182 1175/1175/1175
f 1183/1183/1183 1185/1185/1185 1173/1173/1173
f 1173/1173/1173 1185/1185/1185 1169/1169/1169
f 1183/1183/1183 1182/1182/1182 1186/1186/1186
f 1182/1182/1182 1184/1184/1184 1186/1186/1186
f 1183/1183/1183 1186/1186/1186 1185/1185/1185
f 1187/1187/1187 1184/1184/1184 1176/1176/1176
f 1186/1186/1186 1184/1184/1184 1187/1187/1187
f 1176/1176/1176 1188/1188/1188 1187/1187/1187
f 1169/1169/1169 1185/1185/1185 1189/1189/1189
f 1159/1159/1159 1169/1169/1169 1189/1189/1189
f 1185/1185/1185 1186/1186/1186 1190/1190/1190
f 1186/1186/1186 1187/1187/1187 1190/1190/1190
f 1185/1185/1185 1190/1190/1190 1189/1189/1189
f 1191/1191/1191 1187/1187/1187 1188/1188/1188
f 1190/1190/1190 1187/1187/1187 1191/1191/1191
f 1188/1188/1188 1192/1192/1192 1191/1191/1191
f 1159/1159/1159 1189/1189/1189 1193/1193/1193
f 1157/1157/1157 1159/1159/1159 1193/1193/1193
f 1157/1157/1157 1193/1193/1193 1152/1152/1152
f 1189/1189/1189 1190/1190/1190 1194/1194/1194
f 1190/1190/1190 1191/1191/1191 1194/1194/1194
f 1189/1189/1189 1194/1194/1194 1193/1193/1193
f 1195/1195/1195 1191/1191/1191 1192/1192/1192
f 1194/1194/1194 1191/1191/1191 1195/1195/1195
f 1192/1192/1192 1196/1196/1196 1195/1195/1195
f 1152/1152/1152 1193/1193/1193 1197/1197/1197
f 1197/1197/1197 1193/1193/1193 1194/1194/1194
f 1194/1194/1194 1195/1195/1195 1198/1198/1198
f 1194/1194/1194 1198/1198/1198 1197/1197/1197
f 1199/1199/1199 1195/1195/1195 1196/1196/1196
f 1198/1198/1198 1195/1195/1195 1199/1199/1199
f 1196/1196/1196 1200/1200/1200 1199/1199/1199
f 1199/1199/1199 1200/1200/1200 1201/1201/1201
f 1152/1152/1152 1197/1197/1197 1202/1202/1202
f 1197/1197/1197 1198/1198/1198 1202/1202/1202
f 1202/1202/1202 1111/1111/1111 1152/1152/1152
f 1198/1198/1198 1199/1199/1199 1203/1203/1203
f 1202/1202/1202 1198/1198/1198 1203/1203/1203
f 1111/1111/1111 1202/1202/1202 1204/1204/1204
f 1204/1204/1204 1202/1202/1202 1203/1203/1203
f 1204/1204/1204 1048/1048/1048 1111/1111/1111
f 1048/1048/1048 1204/1204/1204 1034/1034/1034
f 1201/1201/1201 1205/1205/1205 1199/1199/1199
f 1203/1203/1203 1199/1199/1199 1205/1205/1205
f 1206/1206/1206 1205/1205/1205 1201/1201/1201
f 1207/1207/1207 1206/1206/1206 1201/1201/1201
f 1208/1208/1208 1206/1206/1206 1207/1207/1207
f 1203/1203/1203 1205/1205/1205 1209/1209/1209
f 1203/1203/1203 1209/1209/1209 1204/1204/1204
f 1206/1206/1206 1209/1209/1209 1205/1205/1205
f 1210/1210/1210 1034/1034/1034 1204/1204/1204
f 1204/1204/1204 1209/1209/1209 1210/1210/1210
f 1034/1034/1034 1210/1210/1210 1016/1016/1016
f 1209/1209/1209 1211/1211/1211 1210/1210/1210
f 1206/1206/1206 1211/1211/1211 1209/1209/1209
f 1210/1210/1210 1212/1212/1212 1016/1016/1016
f 1211/1211/1211 1212/1212/1212 1210/1210/1210
f 1212/1212/1212 1213/1213/1213 1016/1016/1016
f 1213/1213/1213 1212/1212/1212 1211/1211/1211
f 1213/1213/1213 1023/1023/1023 1016/1016/1016
f 1214/1214/1214 1213/1213/1213 1211/1211/1211
f 1214/1214/1214 1023/1023/1023 1213/1213/1213
f 1214/1214/1214 1211/1211/1211 1206/1206/1206
f 1214/1214/1214 1024/1024/1024 1023/1023/1023
f 1206/1206/1206 1208/1208/1208 1215/1215/1215
f 1206/1206/1206 1215/1215/1215 1214/1214/1214
f 1024/1024/1024 1214/1214/1214 1216/1216/1216
f 1216/1216/1216 1214/1214/1214 1215/1215/1215
f 1215/1215/1215 1208/1208/1208 1217/1217/1217
f 1217/1217/1217 1216/1216/1216 1215/1215/1215
f 1218/1218/1218 1217/1217/1217 1208/1208/1208
f 1217/1217/1217 1218/1218/1218 1219/1219/1219
f 1216/1216/1216 1217/1217/1217 1219/1219/1219
f 1220/1220/1220 1219/1219/1219 1218/1218/1218
f 1219/1219/1219 1220/1220/1220 1221/1221/1221
f 1216/1216/1216 1222/1222/1222 1024/1024/1024
f 1024/1024/1024 1222/1222/1222 1022/1022/1022
f 1222/1222/1222 1014/1014/1014 1022/1022/1022
f 1219/1219/1219 1223/1223/1223 1216/1216/1216
f 1223/1223/1223 1222/1222/1222 1216/1216/1216
f 1221/1221/1221 1224/1224/1224 1219/1219/1219
f 1223/1223/1223 1219/1219/1219 1224/1224/1224
f 1225/1225/1225 1014/1014/1014 1222/1222/1222
f 1225/1225/1225 1222/1222/1222 1223/1223/1223
f 1226/1226/1226 1224/1224/1224 1221/1221/1221
f 1221/1221/1221 1227/1227/1227 1226/1226/1226
f 1223/1223/1223 1224/1224/1224 1228/1228/1228
f 1225/1225/1225 1223/1223/1223 1228/1228/1228
f 1228/1228/1228 1224/1224/1224 1226/1226/1226
f 1225/1225/1225 1229/1229/1229 1014/1014/1014
f 1228/1228/1228 1229/1229/1229 1225/1225/1225
f 1229/1229/1229 1008/1008/1008 1014/1014/1014
f 1230/1230/1230 1226/1226/1226 1227/1227/1227
f 1227/1227/1227 1231/1231/1231 1230/1230/1230
f 1228/1228/1228 1226/1226/1226 1232/1232/1232
f 1232/1232/1232 1229/1229/1229 1228/1228/1228
f 1232/1232/1232 1226/1226/1226 1230/1230/1230
f 1233/1233/1233 1008/1008/1008 1229/1229/1229
f 1233/1233/1233 1229/1229/1229 1232/1232/1232
f 1008/1008/1008 1233/1233/1233 991/991/991
f 1234/1234/1234 991/991/991 1233/1233/1233
f 1234/1234/1234 1233/1233/1233 1232/1232/1232
f 991/991/991 1234/1234/1234 979/979/979
f 1235/1235/1235 1230/1230/1230 1231/1231/1231
f 1231/1231/1231 1236/1236/1236 1235/1235/1235
f 1232/1232/1232 1230/1230/1230 1237/1237/1237
f 1232/1232/1232 1237/1237/1237 1234/1234/1234
f 1237/1237/1237 1230/1230/1230 1235/1235/1235
f 1238/1238/1238 979/979/979 1234/1234/1234
f 1234/1234/1234 1237/1237/1237 1238/1238/1238
f 1237/1237/1237 1235/1235/1235 1238/1238/1238
f 1238/1238/1238 972/972/972 979/979/979
f 1235/1235/1235 1236/1236/1236 1239/1239/1239
f 1238/1238/1238 1235/1235/1235 1239/1239/1239
f 1239/1239/1239 972/972/972 1238/1238/1238
f 1240/1240/1240 1239/1239/1239 1236/1236/1236
f 972/972/972 1239/1239/1239 973/973/973
f 1239/1239/1239 1240/1240/1240 973/973/973
f 1241/1241/1241 973/973/973 1240/1240/1240
f 1244/1244/1244 1243/1243/1243 1242/1242/1242
f 1245/1245/1245 1244/1244/1244 1242/1242/1242
f 1245/1245/1245 1242/1242/1242 1246/1246/1246
f 1244/1244/1244 1245/1245/1245 1247/1247/1247
f 1247/1247/1247 1248/1248/1248 1244/1244/1244
f 1248/1248/1248 1247/1247/1247 1249/1249/1249
f 1249/1249/1249 1250/1250/1250 1248/1248/1248
f 1250/1250/1250 1249/1249/1249 1251/1251/1251
f 1252/1252/1252 1251/1251/1251 1249/1249/1249
f 1251/1251/1251 1252/1252/1252 1253/1253/1253
f 1252/1252/1252 1254/1254/1254 1253/1253/1253
f 1253/1253/1253 1254/1254/1254 1255/1255/1255
f 1256/1256/1256 1245/1245/1245 1246/1246/1246
f 1245/1245/1245 1257/1257/1257 1247/1247/1247
f 1257/1257/1257 1245/1245/1245 1256/1256/1256
f 1247/1247/1247 1258/1258/1258 1249/1249/1249
f 1258/1258/1258 1247/1247/1247 1257/1257/1257
f 1259/1259/1259 1252/1252/1252 1249/1249/1249
f 1249/1249/1249 1258/1258/1258 1259/1259/1259
f 1260/1260/1260 1256/1256/1256 1246/1246/1246
f 1246/1246/1246 1261/1261/1261 1260/1260/1260
f 1262/1262/1262 1258/1258/1258 1257/1257/1257
f 1259/1259/1259 1258/1258/1258 1262/1262/1262
f 1256/1256/1256 1263/1263/1263 1257/1257/1257
f 1263/1263/1263 1256/1256/1256 1260/1260/1260
f 1257/1257/1257 1263/1263/1263 1262/1262/1262
f 1264/1264/1264 1260/1260/1260 1261/1261/1261
f 1261/1261/1261 1265/1265/1265 1264/1264/1264
f 1264/1264/1264 1265/1265/1265 1266/1266/1266
f 1267/1267/1267 1263/1263/1263 1260/1260/1260
f 1260/1260/1260 1264/1264/1264 1267/1267/1267
f 1264/1264/1264 1266/1266/1266 1268/1268/1268
f 1267/1267/1267 1264/1264/1264 1268/1268/1268
f 1268/1268/1268 1266/1266/1266 1269/1269/1269
f 1270/1270/1270 1262/1262/1262 1263/1263/1263
f 1263/1263/1263 1267/1267/1267 1270/1270/1270
f 1271/1271/1271 1268/1268/1268 1269/1269/1269
f 1271/1271/1271 1269/1269/1269 1272/1272/1272
f 1267/1267/1267 1268/1268/1268 1273/1273/1273
f 1273/1273/1273 1268/1268/1268 1271/1271/1271
f 1271/1271/1271 1272/1272/1272 1274/1274/1274
f 1274/1274/1274 1272/1272/1272 1275/1275/1275
f 1274/1274/1274 1275/1275/1275 1276/1276/1276
f 1277/1277/1277 1271/1271/1271 1274/1274/1274
f 1277/1277/1277 1273/1273/1273 1271/1271/1271
f 1278/1278/1278 1267/1267/1267 1273/1273/1273
f 1267/1267/1267 1278/1278/1278 1270/1270/1270
f 1279/1279/1279 1262/1262/1262 1270/1270/1270
f 1262/1262/1262 1279/1279/1279 1259/1259/1259
f 1279/1279/1279 1280/1280/1280 1259/1259/1259
f 1270/1270/1270 1281/1281/1281 1279/1279/1279
f 1281/1281/1281 1270/1270/1270 1278/1278/1278
f 1280/1280/1280 1279/1279/1279 1281/1281/1281
f 1278/1278/1278 1273/1273/1273 1282/1282/1282
f 1282/1282/1282 1273/1273/1273 1277/1277/1277
f 1283/1283/1283 1277/1277/1277 1274/1274/1274
f 1283/1283/1283 1274/1274/1274 1276/1276/1276
f 1278/1278/1278 1284/1284/1284 1281/1281/1281
f 1284/1284/1284 1278/1278/1278 1282/1282/1282
f 1285/1285/1285 1277/1277/1277 1283/1283/1283
f 1285/1285/1285 1282/1282/1282 1277/1277/1277
f 1283/1283/1283 1276/1276/1276 1286/1286/1286
f 1286/1286/1286 1285/1285/1285 1283/1283/1283
f 1287/1287/1287 1286/1286/1286 1276/1276/1276
f 1276/1276/1276 1288/1288/1288 1287/1287/1287
f 1289/1289/1289 1285/1285/1285 1286/1286/1286
f 1287/1287/1287 1289/1289/1289 1286/1286/1286
f 1285/1285/1285 1290/1290/1290 1282/1282/1282
f 1289/1289/1289 1290/1290/1290 1285/1285/1285
f 1291/1291/1291 1287/1287/1287 1288/1288/1288
f 1292/1292/1292 1291/1291/1291 1288/1288/1288
f 1293/1293/1293 1289/1289/1289 1287/1287/1287
f 1291/1291/1291 1293/1293/1293 1287/1287/1287
f 1294/1294/1294 1281/1281/1281 1284/1284/1284
f 1281/1281/1281 1294/1294/1294 1280/1280/1280
f 1282/1282/1282 1295/1295/1295 1284/1284/1284
f 1282/1282/1282 1290/1290/1290 1295/1295/1295
f 1296/1296/1296 1290/1290/1290 1289/1289/1289
f 1293/1293/1293 1296/1296/1296 1289/1289/1289
f 1297/1297/1297 1284/1284/1284 1295/1295/1295
f 1284/1284/1284 1297/1297/1297 1294/1294/1294
f 1298/1298/1298 1295/1295/1295 1290/1290/1290
f 1290/1290/1290 1296/1296/1296 1298/1298/1298
f 1295/1295/1295 1298/1298/1298 1297/1297/1297
f 1298/1298/1298 1296/1296/1296 1299/1299/1299
f 1296/1296/1296 1293/1293/1293 1299/1299/1299
f 1299/1299/1299 1300/1300/1300 1298/1298/1298
f 1297/1297/1297 1298/1298/1298 1300/1300/1300
f 1301/1301/1301 1299/1299/1299 1293/1293/1293
f 1300/1300/1300 1302/1302/1302 1297/1297/1297
f 1294/1294/1294 1297/1297/1297 1302/1302/1302
f 1302/1302/1302 1300/1300/1300 1303/1303/1303
f 1301/1301/1301 1293/1293/1293 1304/1304/1304
f 1304/1304/1304 1293/1293/1293 1291/1291/1291
f 1305/1305/1305 1301/1301/1301 1304/1304/1304
f 1302/1302/1302 1306/1306/1306 1294/1294/1294
f 1280/1280/1280 1294/1294/1294 1306/1306/1306
f 1303/1303/1303 1307/1307/1307 1302/1302/1302
f 1306/1306/1306 1302/1302/1302 1307/1307/1307
f 1307/1307/1307 1303/1303/1303 1308/1308/1308
f 1303/1303/1303 1309/1309/1309 1308/1308/1308
f 1309/1309/1309 1310/1310/1310 1308/1308/1308
f 1311/1311/1311 1304/1304/1304 1291/1291/1291
f 1292/1292/1292 1311/1311/1311 1291/1291/1291
f 1304/1304/1304 1312/1312/1312 1305/1305/1305
f 1304/1304/1304 1311/1311/1311 1312/1312/1312
f 1313/1313/1313 1305/1305/1305 1312/1312/1312
f 1312/1312/1312 1314/1314/1314 1313/1313/1313
f 1315/1315/1315 1313/1313/1313 1314/1314/1314
f 1316/1316/1316 1312/1312/1312 1311/1311/1311
f 1312/1312/1312 1316/1316/1316 1314/1314/1314
f 1314/1314/1314 1317/1317/1317 1315/1315/1315
f 1318/1318/1318 1315/1315/1315 1317/1317/1317
f 1319/1319/1319 1311/1311/1311 1292/1292/1292
f 1311/1311/1311 1320/1320/1320 1316/1316/1316
f 1319/1319/1319 1320/1320/1320 1311/1311/1311
f 1321/1321/1321 1314/1314/1314 1316/1316/1316
f 1321/1321/1321 1316/1316/1316 1320/1320/1320
f 1322/1322/1322 1317/1317/1317 1314/1314/1314
f 1314/1314/1314 1321/1321/1321 1322/1322/1322
f 1317/1317/1317 1323/1323/1323 1318/1318/1318
f 1317/1317/1317 1322/1322/1322 1323/1323/1323
f 1292/1292/1292 1324/1324/1324 1319/1319/1319
f 1292/1292/1292 1325/1325/1325 1324/1324/1324
f 1319/1319/1319 1324/1324/1324 1326/1326/1326
f 1326/1326/1326 1327/1327/1327 1319/1319/1319
f 1327/1327/1327 1320/1320/1320 1319/1319/1319
f 1327/1327/1327 1326/1326/1326 1328/1328/1328
f 1320/1320/1320 1329/1329/1329 1321/1321/1321
f 1329/1329/1329 1320/1320/1320 1327/1327/1327
f 1330/1330/1330 1322/1322/1322 1321/1321/1321
f 1330/1330/1330 1321/1321/1321 1329/1329/1329
f 1327/1327/1327 1331/1331/1331 1329/1329/1329
f 1328/1328/1328 1331/1331/1331 1327/1327/1327
f 1330/1330/1330 1329/1329/1329 1331/1331/1331
f 1332/1332/1332 1331/1331/1331 1328/1328/1328
f 1331/1331/1331 1332/1332/1332 1330/1330/1330
f 1328/1328/1328 1333/1333/1333 1332/1332/1332
f 1334/1334/1334 1322/1322/1322 1330/1330/1330
f 1334/1334/1334 1323/1323/1323 1322/1322/1322
f 1335/1335/1335 1330/1330/1330 1332/1332/1332
f 1330/1330/1330 1335/1335/1335 1334/1334/1334
f 1336/1336/1336 1332/1332/1332 1333/1333/1333
f 1332/1332/1332 1336/1336/1336 1335/1335/1335
f 1333/1333/1333 1337/1337/1337 1336/1336/1336
f 1338/1338/1338 1336/1336/1336 1337/1337/1337
f 1337/1337/1337 1339/1339/1339 1338/1338/1338
f 1340/1340/1340 1335/1335/1335 1336/1336/1336
f 1336/1336/1336 1338/1338/1338 1340/1340/1340
f 1341/1341/1341 1334/1334/1334 1335/1335/1335
f 1335/1335/1335 1340/1340/1340 1341/1341/1341
f 1323/1323/1323 1334/1334/1334 1342/1342/1342
f 1341/1341/1341 1342/1342/1342 1334/1334/1334
f 1343/1343/1343 1338/1338/1338 1339/1339/1339
f 1339/1339/1339 1344/1344/1344 1343/1343/1343
f 1345/1345/1345 1340/1340/1340 1338/1338/1338
f 1338/1338/1338 1343/1343/1343 1345/1345/1345
f 1346/1346/1346 1341/1341/1341 1340/1340/1340
f 1340/1340/1340 1345/1345/1345 1346/1346/1346
f 1347/1347/1347 1343/1343/1343 1344/1344/1344
f 1344/1344/1344 1348/1348/1348 1347/1347/1347
f 1349/1349/1349 1347/1347/1347 1348/1348/1348
f 1345/1345/1345 1343/1343/1343 1350/1350/1350
f 1347/1347/1347 1350/1350/1350 1343/1343/1343
f 1349/1349/1349 1351/1351/1351 1347/1347/1347
f 1352/1352/1352 1351/1351/1351 1349/1349/1349
f 1342/1342/1342 1341/1341/1341 1353/1353/1353
f 1346/1346/1346 1353/1353/1353 1341/1341/1341
f 1354/1354/1354 1346/1346/1346 1345/1345/1345
f 1345/1345/1345 1350/1350/1350 1354/1354/1354
f 1350/1350/1350 1347/1347/1347 1355/1355/1355
f 1351/1351/1351 1355/1355/1355 1347/1347/1347
f 1352/1352/1352 1356/1356/1356 1351/1351/1351
f 1357/1357/1357 1356/1356/1356 1352/1352/1352
f 1353/1353/1353 1346/1346/1346 1358/1358/1358
f 1354/1354/1354 1358/1358/1358 1346/1346/1346
f 1359/1359/1359 1354/1354/1354 1350/1350/1350
f 1350/1350/1350 1355/1355/1355 1359/1359/1359
f 1359/1359/1359 1360/1360/1360 1354/1354/1354
f 1355/1355/1355 1351/1351/1351 1361/1361/1361
f 1356/1356/1356 1361/1361/1361 1351/1351/1351
f 1357/1357/1357 1362/1362/1362 1356/1356/1356
f 1363/1363/1363 1362/1362/1362 1357/1357/1357
f 1364/1364/1364 1359/1359/1359 1355/1355/1355
f 1355/1355/1355 1361/1361/1361 1364/1364/1364
f 1361/1361/1361 1356/1356/1356 1365/1365/1365
f 1362/1362/1362 1365/1365/1365 1356/1356/1356
f 1366/1366/1366 1358/1358/1358 1354/1354/1354
f 1354/1354/1354 1360/1360/1360 1366/1366/1366
f 1359/1359/1359 1367/1367/1367 1360/1360/1360
f 1364/1364/1364 1367/1367/1367 1359/1359/1359
f 1368/1368/1368 1364/1364/1364 1361/1361/1361
f 1361/1361/1361 1365/1365/1365 1368/1368/1368
f 1364/1364/1364 1369/1369/1369 1367/1367/1367
f 1368/1368/1368 1369/1369/1369 1364/1364/1364
f 1363/1363/1363 1370/1370/1370 1362/1362/1362
f 1362/1362/1362 1371/1371/1371 1365/1365/1365
f 1362/1362/1362 1370/1370/1370 1371/1371/1371
f 1365/1365/1365 1372/1372/1372 1368/1368/1368
f 1365/1365/1365 1371/1371/1371 1372/1372/1372
f 1373/1373/1373 1370/1370/1370 1363/1363/1363
f 1363/1363/1363 1374/1374/1374 1373/1373/1373
f 1371/1371/1371 1370/1370/1370 1375/1375/1375
f 1370/1370/1370 1373/1373/1373 1375/1375/1375
f 1376/1376/1376 1373/1373/1373 1374/1374/1374
f 1374/1374/1374 1377/1377/1377 1376/1376/1376
f 1368/1368/1368 1378/1378/1378 1369/1369/1369
f 1372/1372/1372 1378/1378/1378 1368/1368/1368
f 1372/1372/1372 1371/1371/1371 1379/1379/1379
f 1371/1371/1371 1375/1375/1375 1379/1379/1379
f 1375/1375/1375 1373/1373/1373 1380/1380/1380
f 1373/1373/1373 1376/1376/1376 1380/1380/1380
f 1381/1381/1381 1376/1376/1376 1377/1377/1377
f 1377/1377/1377 1382/1382/1382 1381/1381/1381
f 1379/1379/1379 1375/1375/1375 1383/1383/1383
f 1383/1383/1383 1375/1375/1375 1380/1380/1380
f 1380/1380/1380 1376/1376/1376 1384/1384/1384
f 1376/1376/1376 1381/1381/1381 1384/1384/1384
f 1385/1385/1385 1381/1381/1381 1382/1382/1382
f 1382/1382/1382 1386/1386/1386 1385/1385/1385
f 1383/1383/1383 1380/1380/1380 1387/1387/1387
f 1387/1387/1387 1380/1380/1380 1384/1384/1384
f 1384/1384/1384 1381/1381/1381 1388/1388/1388
f 1381/1381/1381 1385/1385/1385 1388/1388/1388
f 1389/1389/1389 1385/1385/1385 1386/1386/1386
f 1386/1386/1386 1390/1390/1390 1389/1389/1389
f 1391/1391/1391 1389/1389/1389 1390/1390/1390
f 1387/1387/1387 1384/1384/1384 1392/1392/1392
f 1392/1392/1392 1384/1384/1384 1388/1388/1388
f 1388/1388/1388 1385/1385/1385 1393/1393/1393
f 1385/1385/1385 1389/1389/1389 1393/1393/1393
f 1391/1391/1391 1394/1394/1394 1389/1389/1389
f 1395/1395/1395 1394/1394/1394 1391/1391/1391
f 1389/1389/1389 1394/1394/1394 1396/1396/1396
f 1389/1389/1389 1396/1396/1396 1393/1393/1393
f 1388/1388/1388 1393/1393/1393 1397/1397/1397
f 1392/1392/1392 1388/1388/1388 1397/1397/1397
f 1395/1395/1395 1398/1398/1398 1394/1394/1394
f 1396/1396/1396 1394/1394/1394 1398/1398/1398
f 1393/1393/1393 1396/1396/1396 1399/1399/1399
f 1397/1397/1397 1393/1393/1393 1399/1399/1399
f 1397/1397/1397 1399/1399/1399 1400/1400/1400
f 1392/1392/1392 1397/1397/1397 1401/1401/1401
f 1400/1400/1400 1401/1401/1401 1397/1397/1397
f 1387/1387/1387 1392/1392/1392 1402/1402/1402
f 1401/1401/1401 1402/1402/1402 1392/1392/1392
f 1403/1403/1403 1398/1398/1398 1395/1395/1395
f 1404/1404/1404 1403/1403/1403 1395/1395/1395
f 1398/1398/1398 1405/1405/1405 1396/1396/1396
f 1399/1399/1399 1396/1396/1396 1405/1405/1405
f 1398/1398/1398 1403/1403/1403 1405/1405/1405
f 1405/1405/1405 1406/1406/1406 1399/1399/1399
f 1405/1405/1405 1403/1403/1403 1406/1406/1406
f 1406/1406/1406 1400/1400/1400 1399/1399/1399
f 1407/1407/1407 1403/1403/1403 1404/1404/1404
f 1403/1403/1403 1407/1407/1407 1406/1406/1406
f 1406/1406/1406 1407/1407/1407 1400/1400/1400
f 1407/1407/1407 1404/1404/1404 1408/1408/1408
f 1408/1408/1408 1409/1409/1409 1407/1407/1407
f 1407/1407/1407 1409/1409/1409 1400/1400/1400
f 1409/1409/1409 1410/1410/1410 1400/1400/1400
f 1400/1400/1400 1410/1410/1410 1411/1411/1411
f 1411/1411/1411 1401/1401/1401 1400/1400/1400
f 1401/1401/1401 1411/1411/1411 1412/1412/1412
f 1412/1412/1412 1402/1402/1402 1401/1401/1401
f 1402/1402/1402 1412/1412/1412 1413/1413/1413
f 1413/1413/1413 1414/1414/1414 1402/1402/1402
f 1402/1402/1402 1414/1414/1414 1387/1387/1387
f 1414/1414/1414 1413/1413/1413 1415/1415/1415
f 1383/1383/1383 1387/1387/1387 1414/1414/1414
f 1415/1415/1415 1416/1416/1416 1414/1414/1414
f 1414/1414/1414 1416/1416/1416 1383/1383/1383
f 1416/1416/1416 1415/1415/1415 1417/1417/1417
f 1379/1379/1379 1383/1383/1383 1416/1416/1416
f 1417/1417/1417 1418/1418/1418 1416/1416/1416
f 1416/1416/1416 1418/1418/1418 1379/1379/1379
f 1372/1372/1372 1379/1379/1379 1418/1418/1418
f 1418/1418/1418 1417/1417/1417 1419/1419/1419
f 1418/1418/1418 1420/1420/1420 1372/1372/1372
f 1419/1419/1419 1420/1420/1420 1418/1418/1418
f 1372/1372/1372 1420/1420/1420 1378/1378/1378
f 1378/1378/1378 1420/1420/1420 1419/1419/1419
f 1419/1419/1419 1421/1421/1421 1378/1378/1378
f 1369/1369/1369 1378/1378/1378 1421/1421/1421
f 1421/1421/1421 1422/1422/1422 1369/1369/1369
f 1367/1367/1367 1369/1369/1369 1422/1422/1422
f 1422/1422/1422 1423/1423/1423 1367/1367/1367
f 1360/1360/1360 1367/1367/1367 1423/1423/1423
f 1423/1423/1423 1424/1424/1424 1360/1360/1360
f 1425/1425/1425 1360/1360/1360 1424/1424/1424
f 1425/1425/1425 1426/1426/1426 1360/1360/1360
f 1360/1360/1360 1426/1426/1426 1366/1366/1366
f 1426/1426/1426 1425/1425/1425 1427/1427/1427
f 1366/1366/1366 1426/1426/1426 1427/1427/1427
f 1428/1428/1428 1427/1427/1427 1425/1425/1425
f 1427/1427/1427 1428/1428/1428 1429/1429/1429
f 1429/1429/1429 1430/1430/1430 1427/1427/1427
f 1430/1430/1430 1429/1429/1429 1431/1431/1431
f 1427/1427/1427 1432/1432/1432 1366/1366/1366
f 1432/1432/1432 1427/1427/1427 1430/1430/1430
f 1431/1431/1431 1433/1433/1433 1430/1430/1430
f 1434/1434/1434 1433/1433/1433 1431/1431/1431
f 1432/1432/1432 1435/1435/1435 1366/1366/1366
f 1366/1366/1366 1435/1435/1435 1358/1358/1358
f 1430/1430/1430 1433/1433/1433 1436/1436/1436
f 1434/1434/1434 1437/1437/1437 1433/1433/1433
f 1437/1437/1437 1436/1436/1436 1433/1433/1433
f 1430/1430/1430 1438/1438/1438 1432/1432/1432
f 1436/1436/1436 1438/1438/1438 1430/1430/1430
f 1432/1432/1432 1439/1439/1439 1435/1435/1435
f 1439/1439/1439 1432/1432/1432 1438/1438/1438
f 1435/1435/1435 1439/1439/1439 1440/1440/1440
f 1358/1358/1358 1435/1435/1435 1441/1441/1441
f 1440/1440/1440 1441/1441/1441 1435/1435/1435
f 1438/1438/1438 1442/1442/1442 1439/1439/1439
f 1440/1440/1440 1439/1439/1439 1442/1442/1442
f 1441/1441/1441 1443/1443/1443 1358/1358/1358
f 1353/1353/1353 1358/1358/1358 1443/1443/1443
f 1444/1444/1444 1442/1442/1442 1438/1438/1438
f 1438/1438/1438 1436/1436/1436 1444/1444/1444
f 1445/1445/1445 1437/1437/1437 1434/1434/1434
f 1434/1434/1434 1446/1446/1446 1445/1445/1445
f 1447/1447/1447 1445/1445/1445 1446/1446/1446
f 1446/1446/1446 1448/1448/1448 1447/1447/1447
f 1437/1437/1437 1445/1445/1445 1449/1449/1449
f 1449/1449/1449 1445/1445/1445 1447/1447/1447
f 1436/1436/1436 1437/1437/1437 1450/1450/1450
f 1449/1449/1449 1450/1450/1450 1437/1437/1437
f 1450/1450/1450 1451/1451/1451 1436/1436/1436
f 1444/1444/1444 1436/1436/1436 1451/1451/1451
f 1442/1442/1442 1444/1444/1444 1452/1452/1452
f 1442/1442/1442 1452/1452/1452 1440/1440/1440
f 1453/1453/1453 1447/1447/1447 1448/1448/1448
f 1448/1448/1448 1454/1454/1454 1453/1453/1453
f 1450/1450/1450 1449/1449/1449 1455/1455/1455
f 1451/1451/1451 1450/1450/1450 1455/1455/1455
f 1444/1444/1444 1451/1451/1451 1456/1456/1456
f 1444/1444/1444 1456/1456/1456 1452/1452/1452
f 1457/1457/1457 1453/1453/1453 1454/1454/1454
f 1454/1454/1454 1458/1458/1458 1457/1457/1457
f 1459/1459/1459 1451/1451/1451 1455/1455/1455
f 1451/1451/1451 1459/1459/1459 1456/1456/1456
f 1460/1460/1460 1457/1457/1457 1458/1458/1458
f 1458/1458/1458 1461/1461/1461 1460/1460/1460
f 1462/1462/1462 1460/1460/1460 1461/1461/1461
f 1461/1461/1461 1463/1463/1463 1462/1462/1462
f 1457/1457/1457 1460/1460/1460 1464/1464/1464
f 1464/1464/1464 1460/1460/1460 1462/1462/1462
f 1453/1453/1453 1457/1457/1457 1465/1465/1465
f 1464/1464/1464 1465/1465/1465 1457/1457/1457
f 1466/1466/1466 1462/1462/1462 1463/1463/1463
f 1463/1463/1463 1467/1467/1467 1466/1466/1466
f 1466/1466/1466 1467/1467/1467 1468/1468/1468
f 1468/1468/1468 1469/1469/1469 1466/1466/1466
f 1470/1470/1470 1469/1469/1469 1468/1468/1468
f 1469/1469/1469 1470/1470/1470 1471/1471/1471
f 1466/1466/1466 1472/1472/1472 1462/1462/1462
f 1469/1469/1469 1472/1472/1472 1466/1466/1466
f 1471/1471/1471 1473/1473/1473 1469/1469/1469
f 1474/1474/1474 1473/1473/1473 1471/1471/1471
f 1465/1465/1465 1475/1475/1475 1453/1453/1453
f 1447/1447/1447 1453/1453/1453 1475/1475/1475
f 1464/1464/1464 1462/1462/1462 1476/1476/1476
f 1476/1476/1476 1462/1462/1462 1472/1472/1472
f 1472/1472/1472 1469/1469/1469 1477/1477/1477
f 1473/1473/1473 1477/1477/1477 1469/1469/1469
f 1476/1476/1476 1472/1472/1472 1478/1478/1478
f 1478/1478/1478 1472/1472/1472 1477/1477/1477
f 1464/1464/1464 1476/1476/1476 1479/1479/1479
f 1478/1478/1478 1479/1479/1479 1476/1476/1476
f 1465/1465/1465 1464/1464/1464 1480/1480/1480
f 1479/1479/1479 1480/1480/1480 1464/1464/1464
f 1477/1477/1477 1473/1473/1473 1481/1481/1481
f 1477/1477/1477 1481/1481/1481 1478/1478/1478
f 1481/1481/1481 1473/1473/1473 1482/1482/1482
f 1481/1481/1481 1482/1482/1482 1478/1478/1478
f 1473/1473/1473 1474/1474/1474 1482/1482/1482
f 1478/1478/1478 1483/1483/1483 1479/1479/1479
f 1482/1482/1482 1483/1483/1483 1478/1478/1478
f 1480/1480/1480 1484/1484/1484 1465/1465/1465
f 1475/1475/1475 1465/1465/1465 1484/1484/1484
f 1479/1479/1479 1485/1485/1485 1480/1480/1480
f 1483/1483/1483 1485/1485/1485 1479/1479/1479
f 1482/1482/1482 1486/1486/1486 1483/1483/1483
f 1482/1482/1482 1474/1474/1474 1486/1486/1486
f 1480/1480/1480 1487/1487/1487 1484/1484/1484
f 1485/1485/1485 1487/1487/1487 1480/1480/1480
f 1483/1483/1483 1488/1488/1488 1485/1485/1485
f 1483/1483/1483 1486/1486/1486 1488/1488/1488
f 1485/1485/1485 1488/1488/1488 1489/1489/1489
f 1485/1485/1485 1489/1489/1489 1487/1487/1487
f 1490/1490/1490 1488/1488/1488 1486/1486/1486
f 1488/1488/1488 1490/1490/1490 1489/1489/1489
f 1490/1490/1490 1486/1486/1486 1491/1491/1491
f 1491/1491/1491 1486/1486/1486 1474/1474/1474
f 1474/1474/1474 1492/1492/1492 1491/1491/1491
f 1492/1492/1492 1474/1474/1474 1493/1493/1493
f 1494/1494/1494 1489/1489/1489 1490/1490/1490
f 1489/1489/1489 1494/1494/1494 1495/1495/1495
f 1496/1496/1496 1487/1487/1487 1489/1489/1489
f 1495/1495/1495 1496/1496/1496 1489/1489/1489
f 1487/1487/1487 1497/1497/1497 1484/1484/1484
f 1487/1487/1487 1496/1496/1496 1497/1497/1497
f 1496/1496/1496 1495/1495/1495 1498/1498/1498
f 1498/1498/1498 1497/1497/1497 1496/1496/1496
f 1499/1499/1499 1498/1498/1498 1495/1495/1495
f 1484/1484/1484 1497/1497/1497 1500/1500/1500
f 1500/1500/1500 1475/1475/1475 1484/1484/1484
f 1497/1497/1497 1498/1498/1498 1501/1501/1501
f 1497/1497/1497 1501/1501/1501 1500/1500/1500
f 1498/1498/1498 1499/1499/1499 1502/1502/1502
f 1502/1502/1502 1501/1501/1501 1498/1498/1498
f 1503/1503/1503 1502/1502/1502 1499/1499/1499
f 1504/1504/1504 1475/1475/1475 1500/1500/1500
f 1475/1475/1475 1504/1504/1504 1447/1447/1447
f 1449/1449/1449 1447/1447/1447 1504/1504/1504
f 1505/1505/1505 1504/1504/1504 1500/1500/1500
f 1449/1449/1449 1504/1504/1504 1505/1505/1505
f 1500/1500/1500 1501/1501/1501 1505/1505/1505
f 1455/1455/1455 1449/1449/1449 1505/1505/1505
f 1501/1501/1501 1506/1506/1506 1505/1505/1505
f 1501/1501/1501 1502/1502/1502 1506/1506/1506
f 1505/1505/1505 1506/1506/1506 1455/1455/1455
f 1502/1502/1502 1503/1503/1503 1507/1507/1507
f 1507/1507/1507 1506/1506/1506 1502/1502/1502
f 1508/1508/1508 1507/1507/1507 1503/1503/1503
f 1506/1506/1506 1509/1509/1509 1455/1455/1455
f 1506/1506/1506 1507/1507/1507 1509/1509/1509
f 1455/1455/1455 1509/1509/1509 1459/1459/1459
f 1459/1459/1459 1509/1509/1509 1507/1507/1507
f 1507/1507/1507 1508/1508/1508 1510/1510/1510
f 1507/1507/1507 1510/1510/1510 1459/1459/1459
f 1508/1508/1508 1511/1511/1511 1510/1510/1510
f 1456/1456/1456 1459/1459/1459 1510/1510/1510
f 1510/1510/1510 1511/1511/1511 1512/1512/1512
f 1510/1510/1510 1512/1512/1512 1456/1456/1456
f 1511/1511/1511 1513/1513/1513 1512/1512/1512
f 1452/1452/1452 1456/1456/1456 1512/1512/1512
f 1514/1514/1514 1512/1512/1512 1513/1513/1513
f 1512/1512/1512 1515/1515/1515 1452/1452/1452
f 1512/1512/1512 1514/1514/1514 1515/1515/1515
f 1515/1515/1515 1514/1514/1514 1516/1516/1516
f 1440/1440/1440 1452/1452/1452 1515/1515/1515
f 1516/1516/1516 1517/1517/1517 1515/1515/1515
f 1515/1515/1515 1517/1517/1517 1440/1440/1440
f 1517/1517/1517 1516/1516/1516 1518/1518/1518
f 1440/1440/1440 1517/1517/1517 1519/1519/1519
f 1518/1518/1518 1519/1519/1519 1517/1517/1517
f 1440/1440/1440 1519/1519/1519 1441/1441/1441
f 1519/1519/1519 1518/1518/1518 1520/1520/1520
f 1443/1443/1443 1441/1441/1441 1519/1519/1519
f 1520/1520/1520 1521/1521/1521 1519/1519/1519
f 1519/1519/1519 1521/1521/1521 1443/1443/1443
f 1522/1522/1522 1521/1521/1521 1520/1520/1520
f 1443/1443/1443 1521/1521/1521 1522/1522/1522
f 1520/1520/1520 1523/1523/1523 1522/1522/1522
f 1443/1443/1443 1522/1522/1522 1524/1524/1524
f 1443/1443/1443 1524/1524/1524 1353/1353/1353
f 1342/1342/1342 1353/1353/1353 1524/1524/1524
f 1524/1524/1524 1525/1525/1525 1342/1342/1342
f 1525/1525/1525 1524/1524/1524 1522/1522/1522
f 1323/1323/1323 1342/1342/1342 1525/1525/1525
f 1525/1525/1525 1318/1318/1318 1323/1323/1323
f 1525/1525/1525 1526/1526/1526 1318/1318/1318
f 1527/1527/1527 1522/1522/1522 1523/1523/1523
f 1522/1522/1522 1527/1527/1527 1525/1525/1525
f 1525/1525/1525 1527/1527/1527 1526/1526/1526
f 1523/1523/1523 1528/1528/1528 1527/1527/1527
f 1526/1526/1526 1527/1527/1527 1528/1528/1528
f 1528/1528/1528 1529/1529/1529 1526/1526/1526
f 1532/1532/1532 1531/1531/1531 1530/1530/1530
f 1531/1531/1531 1533/1533/1533 1530/1530/1530
f 1533/1533/1533 1534/1534/1534 1530/1530/1530
f 1531/1531/1531 1535/1535/1535 1533/1533/1533
f 1533/1533/1533 1536/1536/1536 1534/1534/1534
f 1537/1537/1537 1534/1534/1534 1536/1536/1536
f 1535/1535/1535 1538/1538/1538 1533/1533/1533
f 1533/1533/1533 1538/1538/1538 1536/1536/1536
f 1538/1538/1538 1535/1535/1535 1539/1539/1539
f 1536/1536/1536 1540/1540/1540 1537/1537/1537
f 1538/1538/1538 1541/1541/1541 1536/1536/1536
f 1536/1536/1536 1541/1541/1541 1540/1540/1540
f 1539/1539/1539 1542/1542/1542 1538/1538/1538
f 1541/1541/1541 1538/1538/1538 1542/1542/1542
f 1537/1537/1537 1540/1540/1540 1543/1543/1543
f 1543/1543/1543 1544/1544/1544 1537/1537/1537
f 1545/1545/1545 1542/1542/1542 1539/1539/1539
f 1539/1539/1539 1546/1546/1546 1545/1545/1545
f 1543/1543/1543 1547/1547/1547 1544/1544/1544
f 1548/1548/1548 1544/1544/1544 1547/1547/1547
f 1546/1546/1546 1549/1549/1549 1545/1545/1545
f 1550/1550/1550 1549/1549/1549 1546/1546/1546
f 1547/1547/1547 1551/1551/1551 1548/1548/1548
f 1552/1552/1552 1548/1548/1548 1551/1551/1551
f 1553/1553/1553 1552/1552/1552 1551/1551/1551
f 1554/1554/1554 1551/1551/1551 1547/1547/1547
f 1554/1554/1554 1553/1553/1553 1551/1551/1551
f 1543/1543/1543 1555/1555/1555 1547/1547/1547
f 1547/1547/1547 1555/1555/1555 1554/1554/1554
f 1550/1550/1550 1556/1556/1556 1549/1549/1549
f 1557/1557/1557 1556/1556/1556 1550/1550/1550
f 1553/1553/1553 1558/1558/1558 1552/1552/1552
f 1559/1559/1559 1552/1552/1552 1558/1558/1558
f 1543/1543/1543 1560/1560/1560 1555/1555/1555
f 1540/1540/1540 1560/1560/1560 1543/1543/1543
f 1556/1556/1556 1557/1557/1557 1561/1561/1561
f 1562/1562/1562 1561/1561/1561 1557/1557/1557
f 1558/1558/1558 1563/1563/1563 1559/1559/1559
f 1559/1559/1559 1563/1563/1563 1564/1564/1564
f 1564/1564/1564 1563/1563/1563 1565/1565/1565
f 1563/1563/1563 1566/1566/1566 1565/1565/1565
f 1567/1567/1567 1565/1565/1565 1566/1566/1566
f 1558/1558/1558 1568/1568/1568 1563/1563/1563
f 1568/1568/1568 1566/1566/1566 1563/1563/1563
f 1566/1566/1566 1569/1569/1569 1567/1567/1567
f 1570/1570/1570 1567/1567/1567 1569/1569/1569
f 1540/1540/1540 1571/1571/1571 1560/1560/1560
f 1571/1571/1571 1540/1540/1540 1541/1541/1541
f 1571/1571/1571 1541/1541/1541 1572/1572/1572
f 1542/1542/1542 1572/1572/1572 1541/1541/1541
f 1560/1560/1560 1571/1571/1571 1573/1573/1573
f 1572/1572/1572 1573/1573/1573 1571/1571/1571
f 1542/1542/1542 1574/1574/1574 1572/1572/1572
f 1545/1545/1545 1574/1574/1574 1542/1542/1542
f 1575/1575/1575 1568/1568/1568 1558/1558/1558
f 1576/1576/1576 1568/1568/1568 1575/1575/1575
f 1558/1558/1558 1553/1553/1553 1575/1575/1575
f 1573/1573/1573 1577/1577/1577 1560/1560/1560
f 1555/1555/1555 1560/1560/1560 1577/1577/1577
f 1572/1572/1572 1578/1578/1578 1573/1573/1573
f 1574/1574/1574 1578/1578/1578 1572/1572/1572
f 1579/1579/1579 1574/1574/1574 1545/1545/1545
f 1545/1545/1545 1549/1549/1549 1579/1579/1579
f 1576/1576/1576 1580/1580/1580 1568/1568/1568
f 1568/1568/1568 1580/1580/1580 1566/1566/1566
f 1580/1580/1580 1569/1569/1569 1566/1566/1566
f 1577/1577/1577 1573/1573/1573 1581/1581/1581
f 1578/1578/1578 1581/1581/1581 1573/1573/1573
f 1582/1582/1582 1578/1578/1578 1574/1574/1574
f 1574/1574/1574 1579/1579/1579 1582/1582/1582
f 1583/1583/1583 1579/1579/1579 1549/1549/1549
f 1549/1549/1549 1556/1556/1556 1583/1583/1583
f 1578/1578/1578 1584/1584/1584 1581/1581/1581
f 1578/1578/1578 1582/1582/1582 1584/1584/1584
f 1585/1585/1585 1582/1582/1582 1579/1579/1579
f 1579/1579/1579 1583/1583/1583 1585/1585/1585
f 1556/1556/1556 1586/1586/1586 1583/1583/1583
f 1556/1556/1556 1561/1561/1561 1586/1586/1586
f 1582/1582/1582 1585/1585/1585 1587/1587/1587
f 1584/1584/1584 1582/1582/1582 1587/1587/1587
f 1583/1583/1583 1588/1588/1588 1585/1585/1585
f 1583/1583/1583 1586/1586/1586 1588/1588/1588
f 1585/1585/1585 1588/1588/1588 1587/1587/1587
f 1577/1577/1577 1581/1581/1581 1589/1589/1589
f 1581/1581/1581 1584/1584/1584 1590/1590/1590
f 1581/1581/1581 1590/1590/1590 1589/1589/1589
f 1584/1584/1584 1587/1587/1587 1591/1591/1591
f 1590/1590/1590 1584/1584/1584 1591/1591/1591
f 1587/1587/1587 1588/1588/1588 1592/1592/1592
f 1591/1591/1591 1587/1587/1587 1592/1592/1592
f 1588/1588/1588 1586/1586/1586 1593/1593/1593
f 1588/1588/1588 1593/1593/1593 1592/1592/1592
f 1586/1586/1586 1561/1561/1561 1594/1594/1594
f 1586/1586/1586 1594/1594/1594 1593/1593/1593
f 1589/1589/1589 1595/1595/1595 1577/1577/1577
f 1577/1577/1577 1595/1595/1595 1555/1555/1555
f 1591/1591/1591 1592/1592/1592 1596/1596/1596
f 1592/1592/1592 1593/1593/1593 1596/1596/1596
f 1597/1597/1597 1594/1594/1594 1561/1561/1561
f 1561/1561/1561 1562/1562/1562 1597/1597/1597
f 1598/1598/1598 1597/1597/1597 1562/1562/1562
f 1599/1599/1599 1597/1597/1597 1598/1598/1598
f 1597/1597/1597 1599/1599/1599 1600/1600/1600
f 1594/1594/1594 1597/1597/1597 1600/1600/1600
f 1599/1599/1599 1601/1601/1601 1600/1600/1600
f 1602/1602/1602 1600/1600/1600 1601/1601/1601
f 1603/1603/1603 1594/1594/1594 1600/1600/1600
f 1594/1594/1594 1603/1603/1603 1593/1593/1593
f 1593/1593/1593 1603/1603/1603 1604/1604/1604
f 1593/1593/1593 1604/1604/1604 1596/1596/1596
f 1605/1605/1605 1596/1596/1596 1604/1604/1604
f 1605/1605/1605 1604/1604/1604 1606/1606/1606
f 1606/1606/1606 1607/1607/1607 1605/1605/1605
f 1596/1596/1596 1605/1605/1605 1608/1608/1608
f 1608/1608/1608 1591/1591/1591 1596/1596/1596
f 1609/1609/1609 1605/1605/1605 1607/1607/1607
f 1609/1609/1609 1608/1608/1608 1605/1605/1605
f 1607/1607/1607 1610/1610/1610 1609/1609/1609
f 1611/1611/1611 1591/1591/1591 1608/1608/1608
f 1611/1611/1611 1608/1608/1608 1609/1609/1609
f 1590/1590/1590 1591/1591/1591 1611/1611/1611
f 1612/1612/1612 1609/1609/1609 1610/1610/1610
f 1612/1612/1612 1611/1611/1611 1609/1609/1609
f 1613/1613/1613 1612/1612/1612 1610/1610/1610
f 1614/1614/1614 1590/1590/1590 1611/1611/1611
f 1614/1614/1614 1611/1611/1611 1612/1612/1612
f 1614/1614/1614 1589/1589/1589 1590/1590/1590
f 1615/1615/1615 1612/1612/1612 1613/1613/1613
f 1614/1614/1614 1612/1612/1612 1615/1615/1615
f 1616/1616/1616 1615/1615/1615 1613/1613/1613
f 1617/1617/1617 1589/1589/1589 1614/1614/1614
f 1617/1617/1617 1614/1614/1614 1615/1615/1615
f 1595/1595/1595 1589/1589/1589 1617/1617/1617
f 1618/1618/1618 1615/1615/1615 1616/1616/1616
f 1617/1617/1617 1615/1615/1615 1618/1618/1618
f 1619/1619/1619 1618/1618/1618 1616/1616/1616
f 1620/1620/1620 1618/1618/1618 1619/1619/1619
f 1617/1617/1617 1618/1618/1618 1620/1620/1620
f 1621/1621/1621 1620/1620/1620 1619/1619/1619
f 1620/1620/1620 1621/1621/1621 1622/1622/1622
f 1623/1623/1623 1595/1595/1595 1617/1617/1617
f 1620/1620/1620 1623/1623/1623 1617/1617/1617
f 1620/1620/1620 1622/1622/1622 1624/1624/1624
f 1623/1623/1623 1620/1620/1620 1624/1624/1624
f 1625/1625/1625 1624/1624/1624 1622/1622/1622
f 1626/1626/1626 1595/1595/1595 1623/1623/1623
f 1624/1624/1624 1626/1626/1626 1623/1623/1623
f 1555/1555/1555 1595/1595/1595 1626/1626/1626
f 1554/1554/1554 1555/1555/1555 1626/1626/1626
f 1625/1625/1625 1627/1627/1627 1624/1624/1624
f 1626/1626/1626 1624/1624/1624 1627/1627/1627
f 1626/1626/1626 1627/1627/1627 1554/1554/1554
f 1628/1628/1628 1627/1627/1627 1625/1625/1625
f 1554/1554/1554 1627/1627/1627 1553/1553/1553
f 1627/1627/1627 1628/1628/1628 1553/1553/1553
f 1553/1553/1553 1628/1628/1628 1629/1629/1629
f 1629/1629/1629 1575/1575/1575 1553/1553/1553
f 1630/1630/1630 1629/1629/1629 1628/1628/1628
f 1629/1629/1629 1631/1631/1631 1575/1575/1575
f 1575/1575/1575 1631/1631/1631 1576/1576/1576
f 1632/1632/1632 1629/1629/1629 1630/1630/1630
f 1632/1632/1632 1631/1631/1631 1629/1629/1629
f 1630/1630/1630 1633/1633/1633 1632/1632/1632
f 1634/1634/1634 1632/1632/1632 1633/1633/1633
f 1632/1632/1632 1634/1634/1634 1635/1635/1635
f 1631/1631/1631 1632/1632/1632 1635/1635/1635
f 1635/1635/1635 1634/1634/1634 1636/1636/1636
f 1635/1635/1635 1637/1637/1637 1631/1631/1631
f 1576/1576/1576 1631/1631/1631 1637/1637/1637
f 1636/1636/1636 1638/1638/1638 1635/1635/1635
f 1637/1637/1637 1635/1635/1635 1638/1638/1638
f 1639/1639/1639 1638/1638/1638 1636/1636/1636
f 1637/1637/1637 1640/1640/1640 1576/1576/1576
f 1638/1638/1638 1641/1641/1641 1637/1637/1637
f 1637/1637/1637 1641/1641/1641 1640/1640/1640
f 1638/1638/1638 1639/1639/1639 1642/1642/1642
f 1638/1638/1638 1643/1643/1643 1641/1641/1641
f 1642/1642/1642 1643/1643/1643 1638/1638/1638
f 1644/1644/1644 1642/1642/1642 1639/1639/1639
f 1639/1639/1639 1645/1645/1645 1644/1644/1644
f 1642/1642/1642 1646/1646/1646 1643/1643/1643
f 1644/1644/1644 1646/1646/1646 1642/1642/1642
f 1647/1647/1647 1644/1644/1644 1645/1645/1645
f 1645/1645/1645 1648/1648/1648 1647/1647/1647
f 1647/1647/1647 1649/1649/1649 1644/1644/1644
f 1646/1646/1646 1644/1644/1644 1649/1649/1649
f 1650/1650/1650 1647/1647/1647 1648/1648/1648
f 1649/1649/1649 1647/1647/1647 1650/1650/1650
f 1648/1648/1648 1651/1651/1651 1650/1650/1650
f 1652/1652/1652 1650/1650/1650 1651/1651/1651
f 1651/1651/1651 1653/1653/1653 1652/1652/1652
f 1650/1650/1650 1654/1654/1654 1649/1649/1649
f 1654/1654/1654 1650/1650/1650 1652/1652/1652
f 1652/1652/1652 1653/1653/1653 1655/1655/1655
f 1656/1656/1656 1655/1655/1655 1653/1653/1653
f 1657/1657/1657 1655/1655/1655 1656/1656/1656
f 1652/1652/1652 1658/1658/1658 1654/1654/1654
f 1652/1652/1652 1655/1655/1655 1658/1658/1658
f 1659/1659/1659 1655/1655/1655 1657/1657/1657
f 1658/1658/1658 1655/1655/1655 1659/1659/1659
f 1660/1660/1660 1659/1659/1659 1657/1657/1657
f 1654/1654/1654 1661/1661/1661 1649/1649/1649
f 1658/1658/1658 1661/1661/1661 1654/1654/1654
f 1646/1646/1646 1649/1649/1649 1662/1662/1662
f 1662/1662/1662 1649/1649/1649 1661/1661/1661
f 1658/1658/1658 1663/1663/1663 1661/1661/1661
f 1658/1658/1658 1659/1659/1659 1663/1663/1663
f 1662/1662/1662 1661/1661/1661 1663/1663/1663
f 1660/1660/1660 1664/1664/1664 1659/1659/1659
f 1664/1664/1664 1663/1663/1663 1659/1659/1659
f 1662/1662/1662 1665/1665/1665 1646/1646/1646
f 1643/1643/1643 1646/1646/1646 1665/1665/1665
f 1666/1666/1666 1662/1662/1662 1663/1663/1663
f 1666/1666/1666 1663/1663/1663 1664/1664/1664
f 1665/1665/1665 1662/1662/1662 1666/1666/1666
f 1667/1667/1667 1664/1664/1664 1660/1660/1660
f 1667/1667/1667 1666/1666/1666 1664/1664/1664
f 1668/1668/1668 1667/1667/1667 1660/1660/1660
f 1667/1667/1667 1668/1668/1668 1669/1669/1669
f 1665/1665/1665 1670/1670/1670 1643/1643/1643
f 1641/1641/1641 1643/1643/1643 1670/1670/1670
f 1666/1666/1666 1671/1671/1671 1665/1665/1665
f 1671/1671/1671 1666/1666/1666 1667/1667/1667
f 1670/1670/1670 1665/1665/1665 1671/1671/1671
f 1669/1669/1669 1672/1672/1672 1667/1667/1667
f 1672/1672/1672 1671/1671/1671 1667/1667/1667
f 1670/1670/1670 1673/1673/1673 1641/1641/1641
f 1641/1641/1641 1673/1673/1673 1640/1640/1640
f 1671/1671/1671 1674/1674/1674 1670/1670/1670
f 1671/1671/1671 1672/1672/1672 1674/1674/1674
f 1670/1670/1670 1674/1674/1674 1673/1673/1673
f 1675/1675/1675 1672/1672/1672 1669/1669/1669
f 1675/1675/1675 1674/1674/1674 1672/1672/1672
f 1676/1676/1676 1675/1675/1675 1669/1669/1669
f 1677/1677/1677 1675/1675/1675 1676/1676/1676
f 1675/1675/1675 1677/1677/1677 1678/1678/1678
f 1673/1673/1673 1674/1674/1674 1679/1679/1679
f 1674/1674/1674 1675/1675/1675 1679/1679/1679
f 1640/1640/1640 1673/1673/1673 1679/1679/1679
f 1679/1679/1679 1675/1675/1675 1678/1678/1678
f 1679/1679/1679 1680/1680/1680 1640/1640/1640
f 1680/1680/1680 1679/1679/1679 1678/1678/1678
f 1576/1576/1576 1640/1640/1640 1680/1680/1680
f 1678/1678/1678 1677/1677/1677 1681/1681/1681
f 1677/1677/1677 1682/1682/1682 1681/1681/1681
f 1681/1681/1681 1682/1682/1682 1683/1683/1683
f 1680/1680/1680 1684/1684/1684 1576/1576/1576
f 1576/1576/1576 1684/1684/1684 1580/1580/1580
f 1684/1684/1684 1685/1685/1685 1580/1580/1580
f 1580/1580/1580 1685/1685/1685 1569/1569/1569
f 1680/1680/1680 1686/1686/1686 1684/1684/1684
f 1684/1684/1684 1686/1686/1686 1685/1685/1685
f 1687/1687/1687 1569/1569/1569 1685/1685/1685
f 1569/1569/1569 1687/1687/1687 1570/1570/1570
f 1687/1687/1687 1688/1688/1688 1570/1570/1570
f 1685/1685/1685 1689/1689/1689 1687/1687/1687
f 1689/1689/1689 1685/1685/1685 1686/1686/1686
f 1687/1687/1687 1690/1690/1690 1688/1688/1688
f 1690/1690/1690 1687/1687/1687 1689/1689/1689
f 1691/1691/1691 1688/1688/1688 1690/1690/1690
f 1680/1680/1680 1692/1692/1692 1686/1686/1686
f 1678/1678/1678 1692/1692/1692 1680/1680/1680
f 1686/1686/1686 1693/1693/1693 1689/1689/1689
f 1693/1693/1693 1686/1686/1686 1692/1692/1692
f 1694/1694/1694 1692/1692/1692 1678/1678/1678
f 1692/1692/1692 1694/1694/1694 1693/1693/1693
f 1690/1690/1690 1695/1695/1695 1691/1691/1691
f 1695/1695/1695 1696/1696/1696 1691/1691/1691
f 1697/1697/1697 1696/1696/1696 1695/1695/1695
f 1689/1689/1689 1698/1698/1698 1690/1690/1690
f 1698/1698/1698 1689/1689/1689 1693/1693/1693
f 1693/1693/1693 1699/1699/1699 1698/1698/1698
f 1690/1690/1690 1698/1698/1698 1700/1700/1700
f 1700/1700/1700 1695/1695/1695 1690/1690/1690
f 1700/1700/1700 1698/1698/1698 1699/1699/1699
f 1701/1701/1701 1697/1697/1697 1695/1695/1695
f 1701/1701/1701 1695/1695/1695 1700/1700/1700
f 1697/1697/1697 1701/1701/1701 1702/1702/1702
f 1703/1703/1703 1701/1701/1701 1700/1700/1700
f 1699/1699/1699 1703/1703/1703 1700/1700/1700
f 1704/1704/1704 1702/1702/1702 1701/1701/1701
f 1703/1703/1703 1704/1704/1704 1701/1701/1701
f 1702/1702/1702 1704/1704/1704 1705/1705/1705
f 1706/1706/1706 1705/1705/1705 1704/1704/1704
f 1706/1706/1706 1704/1704/1704 1703/1703/1703
f 1707/1707/1707 1705/1705/1705 1706/1706/1706
f 1703/1703/1703 1708/1708/1708 1706/1706/1706
f 1708/1708/1708 1703/1703/1703 1699/1699/1699
f 1709/1709/1709 1707/1707/1707 1706/1706/1706
f 1709/1709/1709 1706/1706/1706 1708/1708/1708
f 1710/1710/1710 1707/1707/1707 1709/1709/1709
f 1711/1711/1711 1710/1710/1710 1709/1709/1709
f 1712/1712/1712 1710/1710/1710 1711/1711/1711
f 1713/1713/1713 1709/1709/1709 1708/1708/1708
f 1711/1711/1711 1709/1709/1709 1713/1713/1713
f 1699/1699/1699 1714/1714/1714 1708/1708/1708
f 1713/1713/1713 1708/1708/1708 1714/1714/1714
f 1715/1715/1715 1712/1712/1712 1711/1711/1711
f 1713/1713/1713 1716/1716/1716 1711/1711/1711
f 1715/1715/1715 1711/1711/1711 1716/1716/1716
f 1717/1717/1717 1712/1712/1712 1715/1715/1715
f 1717/1717/1717 1718/1718/1718 1712/1712/1712
f 1717/1717/1717 1719/1719/1719 1718/1718/1718
f 1719/1719/1719 1717/1717/1717 1720/1720/1720
f 1721/1721/1721 1717/1717/1717 1715/1715/1715
f 1721/1721/1721 1715/1715/1715 1716/1716/1716
f 1722/1722/1722 1720/1720/1720 1717/1717/1717
f 1722/1722/1722 1717/1717/1717 1721/1721/1721
f 1722/1722/1722 1723/1723/1723 1720/1720/1720
f 1723/1723/1723 1722/1722/1722 1724/1724/1724
f 1725/1725/1725 1722/1722/1722 1721/1721/1721
f 1722/1722/1722 1725/1725/1725 1724/1724/1724
f 1721/1721/1721 1716/1716/1716 1725/1725/1725
f 1724/1724/1724 1725/1725/1725 1726/1726/1726
f 1716/1716/1716 1713/1713/1713 1727/1727/1727
f 1727/1727/1727 1725/1725/1725 1716/1716/1716
f 1725/1725/1725 1727/1727/1727 1726/1726/1726
f 1726/1726/1726 1727/1727/1727 1728/1728/1728
f 1714/1714/1714 1727/1727/1727 1713/1713/1713
f 1727/1727/1727 1714/1714/1714 1728/1728/1728
f 1728/1728/1728 1714/1714/1714 1729/1729/1729
f 1699/1699/1699 1729/1729/1729 1714/1714/1714
f 1730/1730/1730 1729/1729/1729 1699/1699/1699
f 1699/1699/1699 1693/1693/1693 1730/1730/1730
f 1730/1730/1730 1731/1731/1731 1729/1729/1729
f 1731/1731/1731 1730/1730/1730 1732/1732/1732
f 1694/1694/1694 1730/1730/1730 1693/1693/1693
f 1730/1730/1730 1733/1733/1733 1732/1732/1732
f 1733/1733/1733 1730/1730/1730 1694/1694/1694
f 1732/1732/1732 1733/1733/1733 1734/1734/1734
f 1694/1694/1694 1735/1735/1735 1733/1733/1733
f 1678/1678/1678 1735/1735/1735 1694/1694/1694
f 1735/1735/1735 1678/1678/1678 1681/1681/1681
f 1733/1733/1733 1736/1736/1736 1734/1734/1734
f 1736/1736/1736 1733/1733/1733 1735/1735/1735
f 1734/1734/1734 1736/1736/1736 1737/1737/1737
f 1681/1681/1681 1738/1738/1738 1735/1735/1735
f 1735/1735/1735 1738/1738/1738 1736/1736/1736
f 1736/1736/1736 1739/1739/1739 1737/1737/1737
f 1736/1736/1736 1738/1738/1738 1739/1739/1739
f 1740/1740/1740 1738/1738/1738 1681/1681/1681
f 1683/1683/1683 1740/1740/1740 1681/1681/1681
f 1740/1740/1740 1683/1683/1683 1741/1741/1741
f 1737/1737/1737 1739/1739/1739 1742/1742/1742
f 1742/1742/1742 1743/1743/1743 1737/1737/1737
f 1744/1744/1744 1739/1739/1739 1738/1738/1738
f 1738/1738/1738 1740/1740/1740 1744/1744/1744
f 1739/1739/1739 1744/1744/1744 1742/1742/1742
f 1741/1741/1741 1745/1745/1745 1740/1740/1740
f 1745/1745/1745 1744/1744/1744 1740/1740/1740
f 1745/1745/1745 1741/1741/1741 1746/1746/1746
f 1743/1743/1743 1742/1742/1742 1747/1747/1747
f 1743/1743/1743 1747/1747/1747 1748/1748/1748
f 1744/1744/1744 1749/1749/1749 1742/1742/1742
f 1745/1745/1745 1749/1749/1749 1744/1744/1744
f 1742/1742/1742 1749/1749/1749 1747/1747/1747
f 1746/1746/1746 1750/1750/1750 1745/1745/1745
f 1750/1750/1750 1749/1749/1749 1745/1745/1745
f 1748/1748/1748 1747/1747/1747 1751/1751/1751
f 1751/1751/1751 1750/1750/1750 1746/1746/1746
f 1748/1748/1748 1751/1751/1751 1752/1752/1752
f 1752/1752/1752 1751/1751/1751 1746/1746/1746
f 1750/1750/1750 1753/1753/1753 1749/1749/1749
f 1749/1749/1749 1753/1753/1753 1747/1747/1747
f 1753/1753/1753 1750/1750/1750 1751/1751/1751
f 1747/1747/1747 1753/1753/1753 1751/1751/1751
f 1756/1756/1756 1755/1755/1755 1754/1754/1754
f 1755/1755/1755 1756/1756/1756 1757/1757/1757
f 1757/1757/1757 1756/1756/1756 1758/1758/1758
f 1755/1755/1755 1757/1757/1757 1759/1759/1759
f 1759/1759/1759 1760/1760/1760 1755/1755/1755
f 1760/1760/1760 1759/1759/1759 1761/1761/1761
f 1761/1761/1761 1762/1762/1762 1760/1760/1760
f 1762/1762/1762 1761/1761/1761 1763/1763/1763
f 1763/1763/1763 1764/1764/1764 1762/1762/1762
f 1765/1765/1765 1764/1764/1764 1763/1763/1763
f 1763/1763/1763 1766/1766/1766 1765/1765/1765
f 1767/1767/1767 1765/1765/1765 1766/1766/1766
f 1768/1768/1768 1763/1763/1763 1761/1761/1761
f 1766/1766/1766 1763/1763/1763 1768/1768/1768
f 1769/1769/1769 1761/1761/1761 1759/1759/1759
f 1761/1761/1761 1769/1769/1769 1768/1768/1768
f 1757/1757/1757 1770/1770/1770 1759/1759/1759
f 1759/1759/1759 1770/1770/1770 1769/1769/1769
f 1758/1758/1758 1771/1771/1771 1757/1757/1757
f 1771/1771/1771 1770/1770/1770 1757/1757/1757
f 1766/1766/1766 1772/1772/1772 1767/1767/1767
f 1767/1767/1767 1772/1772/1772 1773/1773/1773
f 1774/1774/1774 1769/1769/1769 1770/1770/1770
f 1774/1774/1774 1768/1768/1768 1769/1769/1769
f 1758/1758/1758 1775/1775/1775 1771/1771/1771
f 1776/1776/1776 1775/1775/1775 1758/1758/1758
f 1777/1777/1777 1770/1770/1770 1771/1771/1771
f 1771/1771/1771 1775/1775/1775 1777/1777/1777
f 1770/1770/1770 1777/1777/1777 1774/1774/1774
f 1778/1778/1778 1775/1775/1775 1776/1776/1776
f 1775/1775/1775 1778/1778/1778 1777/1777/1777
f 1776/1776/1776 1779/1779/1779 1778/1778/1778
f 1778/1778/1778 1779/1779/1779 1780/1780/1780
f 1768/1768/1768 1781/1781/1781 1766/1766/1766
f 1772/1772/1772 1766/1766/1766 1781/1781/1781
f 1782/1782/1782 1777/1777/1777 1778/1778/1778
f 1782/1782/1782 1774/1774/1774 1777/1777/1777
f 1780/1780/1780 1783/1783/1783 1778/1778/1778
f 1778/1778/1778 1783/1783/1783 1782/1782/1782
f 1784/1784/1784 1783/1783/1783 1780/1780/1780
f 1785/1785/1785 1768/1768/1768 1774/1774/1774
f 1785/1785/1785 1781/1781/1781 1768/1768/1768
f 1786/1786/1786 1774/1774/1774 1782/1782/1782
f 1786/1786/1786 1785/1785/1785 1774/1774/1774
f 1787/1787/1787 1782/1782/1782 1783/1783/1783
f 1787/1787/1787 1786/1786/1786 1782/1782/1782
f 1784/1784/1784 1788/1788/1788 1783/1783/1783
f 1783/1783/1783 1788/1788/1788 1787/1787/1787
f 1788/1788/1788 1784/1784/1784 1789/1789/1789
f 1781/1781/1781 1790/1790/1790 1772/1772/1772
f 1791/1791/1791 1781/1781/1781 1785/1785/1785
f 1790/1790/1790 1781/1781/1781 1791/1791/1791
f 1792/1792/1792 1785/1785/1785 1786/1786/1786
f 1792/1792/1792 1791/1791/1791 1785/1785/1785
f 1793/1793/1793 1786/1786/1786 1787/1787/1787
f 1793/1793/1793 1792/1792/1792 1786/1786/1786
f 1794/1794/1794 1787/1787/1787 1788/1788/1788
f 1787/1787/1787 1794/1794/1794 1793/1793/1793
f 1795/1795/1795 1788/1788/1788 1789/1789/1789
f 1794/1794/1794 1788/1788/1788 1795/1795/1795
f 1796/1796/1796 1772/1772/1772 1790/1790/1790
f 1796/1796/1796 1773/1773/1773 1772/1772/1772
f 1797/1797/1797 1795/1795/1795 1789/1789/1789
f 1797/1797/1797 1789/1789/1789 1798/1798/1798
f 1798/1798/1798 1799/1799/1799 1797/1797/1797
f 1797/1797/1797 1799/1799/1799 1800/1800/1800
f 1800/1800/1800 1801/1801/1801 1797/1797/1797
f 1801/1801/1801 1795/1795/1795 1797/1797/1797
f 1801/1801/1801 1800/1800/1800 1802/1802/1802
f 1796/1796/1796 1803/1803/1803 1773/1773/1773
f 1804/1804/1804 1773/1773/1773 1803/1803/1803
f 1804/1804/1804 1803/1803/1803 1805/1805/1805
f 1805/1805/1805 1806/1806/1806 1804/1804/1804
f 1807/1807/1807 1805/1805/1805 1803/1803/1803
f 1808/1808/1808 1807/1807/1807 1803/1803/1803
f 1803/1803/1803 1796/1796/1796 1808/1808/1808
f 1807/1807/1807 1808/1808/1808 1809/1809/1809
f 1810/1810/1810 1808/1808/1808 1796/1796/1796
f 1790/1790/1790 1810/1810/1810 1796/1796/1796
f 1811/1811/1811 1809/1809/1809 1808/1808/1808
f 1808/1808/1808 1810/1810/1810 1811/1811/1811
f 1790/1790/1790 1812/1812/1812 1810/1810/1810
f 1791/1791/1791 1812/1812/1812 1790/1790/1790
f 1809/1809/1809 1811/1811/1811 1813/1813/1813
f 1813/1813/1813 1814/1814/1814 1809/1809/1809
f 1814/1814/1814 1813/1813/1813 1815/1815/1815
f 1816/1816/1816 1811/1811/1811 1810/1810/1810
f 1812/1812/1812 1816/1816/1816 1810/1810/1810
f 1811/1811/1811 1816/1816/1816 1813/1813/1813
f 1812/1812/1812 1791/1791/1791 1817/1817/1817
f 1817/1817/1817 1791/1791/1791 1792/1792/1792
f 1816/1816/1816 1812/1812/1812 1818/1818/1818
f 1817/1817/1817 1818/1818/1818 1812/1812/1812
f 1819/1819/1819 1813/1813/1813 1816/1816/1816
f 1818/1818/1818 1819/1819/1819 1816/1816/1816
f 1820/1820/1820 1815/1815/1815 1813/1813/1813
f 1813/1813/1813 1819/1819/1819 1820/1820/1820
f 1815/1815/1815 1820/1820/1820 1821/1821/1821
f 1821/1821/1821 1822/1822/1822 1815/1815/1815
f 1823/1823/1823 1820/1820/1820 1819/1819/1819
f 1820/1820/1820 1823/1823/1823 1821/1821/1821
f 1819/1819/1819 1818/1818/1818 1824/1824/1824
f 1824/1824/1824 1823/1823/1823 1819/1819/1819
f 1822/1822/1822 1821/1821/1821 1825/1825/1825
f 1825/1825/1825 1826/1826/1826 1822/1822/1822
f 1827/1827/1827 1821/1821/1821 1823/1823/1823
f 1821/1821/1821 1827/1827/1827 1825/1825/1825
f 1826/1826/1826 1825/1825/1825 1828/1828/1828
f 1828/1828/1828 1829/1829/1829 1826/1826/1826
f 1829/1829/1829 1828/1828/1828 1830/1830/1830
f 1831/1831/1831 1824/1824/1824 1818/1818/1818
f 1817/1817/1817 1831/1831/1831 1818/1818/1818
f 1832/1832/1832 1823/1823/1823 1824/1824/1824
f 1832/1832/1832 1827/1827/1827 1823/1823/1823
f 1833/1833/1833 1825/1825/1825 1827/1827/1827
f 1825/1825/1825 1833/1833/1833 1828/1828/1828
f 1834/1834/1834 1830/1830/1830 1828/1828/1828
f 1830/1830/1830 1834/1834/1834 1835/1835/1835
f 1836/1836/1836 1824/1824/1824 1831/1831/1831
f 1836/1836/1836 1832/1832/1832 1824/1824/1824
f 1827/1827/1827 1832/1832/1832 1837/1837/1837
f 1837/1837/1837 1833/1833/1833 1827/1827/1827
f 1838/1838/1838 1828/1828/1828 1833/1833/1833
f 1828/1828/1828 1838/1838/1838 1834/1834/1834
f 1839/1839/1839 1835/1835/1835 1834/1834/1834
f 1835/1835/1835 1839/1839/1839 1840/1840/1840
f 1841/1841/1841 1832/1832/1832 1836/1836/1836
f 1841/1841/1841 1837/1837/1837 1832/1832/1832
f 1837/1837/1837 1842/1842/1842 1833/1833/1833
f 1842/1842/1842 1838/1838/1838 1833/1833/1833
f 1843/1843/1843 1834/1834/1834 1838/1838/1838
f 1834/1834/1834 1843/1843/1843 1839/1839/1839
f 1844/1844/1844 1840/1840/1840 1839/1839/1839
f 1845/1845/1845 1840/1840/1840 1844/1844/1844
f 1837/1837/1837 1841/1841/1841 1846/1846/1846
f 1846/1846/1846 1842/1842/1842 1837/1837/1837
f 1838/1838/1838 1842/1842/1842 1847/1847/1847
f 1847/1847/1847 1843/1843/1843 1838/1838/1838
f 1848/1848/1848 1839/1839/1839 1843/1843/1843
f 1839/1839/1839 1848/1848/1848 1844/1844/1844
f 1849/1849/1849 1843/1843/1843 1847/1847/1847
f 1849/1849/1849 1848/1848/1848 1843/1843/1843
f 1844/1844/1844 1850/1850/1850 1845/1845/1845
f 1851/1851/1851 1844/1844/1844 1848/1848/1848
f 1850/1850/1850 1844/1844/1844 1851/1851/1851
f 1845/1845/1845 1850/1850/1850 1852/1852/1852
f 1852/1852/1852 1853/1853/1853 1845/1845/1845
f 1854/1854/1854 1848/1848/1848 1849/1849/1849
f 1854/1854/1854 1851/1851/1851 1848/1848/1848
f 1851/1851/1851 1855/1855/1855 1850/1850/1850
f 1852/1852/1852 1850/1850/1850 1855/1855/1855
f 1853/1853/1853 1852/1852/1852 1856/1856/1856
f 1856/1856/1856 1857/1857/1857 1853/1853/1853
f 1854/1854/1854 1858/1858/1858 1851/1851/1851
f 1855/1855/1855 1851/1851/1851 1858/1858/1858
f 1855/1855/1855 1859/1859/1859 1852/1852/1852
f 1856/1856/1856 1852/1852/1852 1859/1859/1859
f 1857/1857/1857 1856/1856/1856 1860/1860/1860
f 1860/1860/1860 1861/1861/1861 1857/1857/1857
f 1855/1855/1855 1858/1858/1858 1862/1862/1862
f 1862/1862/1862 1859/1859/1859 1855/1855/1855
f 1861/1861/1861 1860/1860/1860 1863/1863/1863
f 1863/1863/1863 1864/1864/1864 1861/1861/1861
f 1864/1864/1864 1863/1863/1863 1865/1865/1865
f 1866/1866/1866 1865/1865/1865 1863/1863/1863
f 1865/1865/1865 1866/1866/1866 1867/1867/1867
f 1868/1868/1868 1863/1863/1863 1860/1860/1860
f 1866/1866/1866 1863/1863/1863 1868/1868/1868
f 1856/1856/1856 1869/1869/1869 1860/1860/1860
f 1860/1860/1860 1869/1869/1869 1868/1868/1868
f 1859/1859/1859 1870/1870/1870 1856/1856/1856
f 1869/1869/1869 1856/1856/1856 1870/1870/1870
f 1870/1870/1870 1859/1859/1859 1871/1871/1871
f 1859/1859/1859 1862/1862/1862 1871/1871/1871
f 1869/1869/1869 1870/1870/1870 1872/1872/1872
f 1871/1871/1871 1872/1872/1872 1870/1870/1870
f 1872/1872/1872 1873/1873/1873 1869/1869/1869
f 1868/1868/1868 1869/1869/1869 1873/1873/1873
f 1874/1874/1874 1872/1872/1872 1871/1871/1871
f 1872/1872/1872 1874/1874/1874 1873/1873/1873
f 1871/1871/1871 1875/1875/1875 1874/1874/1874
f 1875/1875/1875 1871/1871/1871 1862/1862/1862
f 1862/1862/1862 1876/1876/1876 1875/1875/1875
f 1876/1876/1876 1862/1862/1862 1858/1858/1858
f 1858/1858/1858 1877/1877/1877 1876/1876/1876
f 1877/1877/1877 1858/1858/1858 1854/1854/1854
f 1854/1854/1854 1878/1878/1878 1877/1877/1877
f 1878/1878/1878 1854/1854/1854 1849/1849/1849
f 1849/1849/1849 1879/1879/1879 1878/1878/1878
f 1879/1879/1879 1849/1849/1849 1847/1847/1847
f 1847/1847/1847 1880/1880/1880 1879/1879/1879
f 1880/1880/1880 1847/1847/1847 1881/1881/1881
f 1882/1882/1882 1873/1873/1873 1874/1874/1874
f 1847/1847/1847 1842/1842/1842 1881/1881/1881
f 1873/1873/1873 1882/1882/1882 1883/1883/1883
f 1884/1884/1884 1883/1883/1883 1882/1882/1882
f 1868/1868/1868 1873/1873/1873 1883/1883/1883
f 1883/1883/1883 1884/1884/1884 1885/1885/1885
f 1886/1886/1886 1881/1881/1881 1842/1842/1842
f 1886/1886/1886 1887/1887/1887 1881/1881/1881
f 1886/1886/1886 1842/1842/1842 1846/1846/1846
f 1883/1883/1883 1888/1888/1888 1868/1868/1868
f 1868/1868/1868 1888/1888/1888 1866/1866/1866
f 1885/1885/1885 1889/1889/1889 1883/1883/1883
f 1889/1889/1889 1888/1888/1888 1883/1883/1883
f 1890/1890/1890 1887/1887/1887 1886/1886/1886
f 1890/1890/1890 1891/1891/1891 1887/1887/1887
f 1891/1891/1891 1890/1890/1890 1892/1892/1892
f 1866/1866/1866 1888/1888/1888 1893/1893/1893
f 1893/1893/1893 1888/1888/1888 1889/1889/1889
f 1894/1894/1894 1889/1889/1889 1885/1885/1885
f 1895/1895/1895 1894/1894/1894 1885/1885/1885
f 1889/1889/1889 1894/1894/1894 1896/1896/1896
f 1896/1896/1896 1893/1893/1893 1889/1889/1889
f 1897/1897/1897 1894/1894/1894 1895/1895/1895
f 1896/1896/1896 1894/1894/1894 1897/1897/1897
f 1898/1898/1898 1897/1897/1897 1895/1895/1895
f 1899/1899/1899 1896/1896/1896 1897/1897/1897
f 1899/1899/1899 1897/1897/1897 1898/1898/1898
f 1896/1896/1896 1899/1899/1899 1893/1893/1893
f 1898/1898/1898 1900/1900/1900 1899/1899/1899
f 1901/1901/1901 1899/1899/1899 1900/1900/1900
f 1893/1893/1893 1902/1902/1902 1866/1866/1866
f 1902/1902/1902 1893/1893/1893 1899/1899/1899
f 1899/1899/1899 1901/1901/1901 1902/1902/1902
f 1902/1902/1902 1867/1867/1867 1866/1866/1866
f 1867/1867/1867 1902/1902/1902 1901/1901/1901
f 1905/1905/1905 1904/1904/1904 1903/1903/1903
f 1906/1906/1906 1903/1903/1903 1904/1904/1904
f 1907/1907/1907 1906/1906/1906 1904/1904/1904
f 1908/1908/1908 1906/1906/1906 1907/1907/1907
f 1911/1911/1911 1910/1910/1910 1909/1909/1909
f 1909/1909/1909 1912/1912/1912 1911/1911/1911
f 1912/1912/1912 1909/1909/1909 1913/1913/1913
f 1916/1916/1916 1915/1915/1915 1914/1914/1914
f 1916/1916/1916 1917/1917/1917 1915/1915/1915
f 1918/1918/1918 1917/1917/1917 1916/1916/1916
f 1918/1918/1918 1919/1919/1919 1917/1917/1917
f 1920/1920/1920 1917/1917/1917 1919/1919/1919
f 1921/1921/1921 1919/1919/1919 1918/1918/1918
f 1919/1919/1919 1922/1922/1922 1920/1920/1920
f 1923/1923/1923 1919/1919/1919 1921/1921/1921
f 1923/1923/1923 1922/1922/1922 1919/1919/1919
f 1924/1924/1924 1923/1923/1923 1921/1921/1921
f 1925/1925/1925 1922/1922/1922 1923/1923/1923
f 1926/1926/1926 1923/1923/1923 1924/1924/1924
f 1926/1926/1926 1925/1925/1925 1923/1923/1923
f 1927/1927/1927 1926/1926/1926 1924/1924/1924
f 1928/1928/1928 1925/1925/1925 1926/1926/1926
f 1929/1929/1929 1926/1926/1926 1927/1927/1927
f 1929/1929/1929 1928/1928/1928 1926/1926/1926
f 1930/1930/1930 1929/1929/1929 1927/1927/1927
f 1931/1931/1931 1928/1928/1928 1929/1929/1929
f 1930/1930/1930 1932/1932/1932 1929/1929/1929
f 1932/1932/1932 1931/1931/1931 1929/1929/1929
f 1932/1932/1932 1933/1933/1933 1931/1931/1931
f 1933/1933/1933 1932/1932/1932 1934/1934/1934
f 1935/1935/1935 1932/1932/1932 1930/1930/1930
f 1936/1936/1936 1934/1934/1934 1932/1932/1932
f 1935/1935/1935 1936/1936/1936 1932/1932/1932
f 1934/1934/1934 1936/1936/1936 1937/1937/1937
f 1936/1936/1936 1935/1935/1935 1938/1938/1938
f 1938/1938/1938 1937/1937/1937 1936/1936/1936
f 1935/1935/1935 1939/1939/1939 1938/1938/1938
f 1937/1937/1937 1938/1938/1938 1940/1940/1940
f 1938/1938/1938 1939/1939/1939 1941/1941/1941
f 1938/1938/1938 1942/1942/1942 1940/1940/1940
f 1938/1938/1938 1941/1941/1941 1942/1942/1942
f 1943/1943/1943 1940/1940/1940 1942/1942/1942
f 1943/1943/1943 1942/1942/1942 1941/1941/1941
f 1946/1946/1946 1945/1945/1945 1944/1944/1944
f 1947/1947/1947 1944/1944/1944 1945/1945/1945
f 1948/1948/1948 1944/1944/1944 1947/1947/1947
f 1949/1949/1949 1947/1947/1947 1945/1945/1945
f 1945/1945/1945 1950/1950/1950 1949/1949/1949
f 1947/1947/1947 1951/1951/1951 1948/1948/1948
f 1951/1951/1951 1947/1947/1947 1949/1949/1949
f 1952/1952/1952 1949/1949/1949 1950/1950/1950
f 1950/1950/1950 1953/1953/1953 1952/1952/1952
f 1948/1948/1948 1951/1951/1951 1954/1954/1954
f 1954/1954/1954 1955/1955/1955 1948/1948/1948
f 1956/1956/1956 1952/1952/1952 1953/1953/1953
f 1953/1953/1953 1957/1957/1957 1956/1956/1956
f 1957/1957/1957 1958/1958/1958 1956/1956/1956
f 1958/1958/1958 1959/1959/1959 1956/1956/1956
f 1959/1959/1959 1958/1958/1958 1960/1960/1960
f 1959/1959/1959 1960/1960/1960 1961/1961/1961
f 1955/1955/1955 1954/1954/1954 1962/1962/1962
f 1962/1962/1962 1963/1963/1963 1955/1955/1955
f 1956/1956/1956 1964/1964/1964 1952/1952/1952
f 1956/1956/1956 1959/1959/1959 1964/1964/1964
f 1961/1961/1961 1965/1965/1965 1959/1959/1959
f 1965/1965/1965 1961/1961/1961 1966/1966/1966
f 1965/1965/1965 1966/1966/1966 1967/1967/1967
f 1967/1967/1967 1966/1966/1966 1968/1968/1968
f 1965/1965/1965 1969/1969/1969 1959/1959/1959
f 1969/1969/1969 1965/1965/1965 1967/1967/1967
f 1967/1967/1967 1968/1968/1968 1970/1970/1970
f 1970/1970/1970 1968/1968/1968 1971/1971/1971
f 1972/1972/1972 1967/1967/1967 1970/1970/1970
f 1967/1967/1967 1972/1972/1972 1969/1969/1969
f 1973/1973/1973 1970/1970/1970 1971/1971/1971
f 1973/1973/1973 1972/1972/1972 1970/1970/1970
f 1971/1971/1971 1974/1974/1974 1973/1973/1973
f 1964/1964/1964 1959/1959/1959 1975/1975/1975
f 1975/1975/1975 1959/1959/1959 1969/1969/1969
f 1972/1972/1972 1976/1976/1976 1969/1969/1969
f 1976/1976/1976 1972/1972/1972 1973/1973/1973
f 1977/1977/1977 1973/1973/1973 1974/1974/1974
f 1974/1974/1974 1978/1978/1978 1977/1977/1977
f 1975/1975/1975 1969/1969/1969 1979/1979/1979
f 1969/1969/1969 1976/1976/1976 1979/1979/1979
f 1980/1980/1980 1976/1976/1976 1973/1973/1973
f 1973/1973/1973 1977/1977/1977 1980/1980/1980
f 1979/1979/1979 1976/1976/1976 1980/1980/1980
f 1981/1981/1981 1977/1977/1977 1978/1978/1978
f 1978/1978/1978 1982/1982/1982 1981/1981/1981
f 1977/1977/1977 1981/1981/1981 1983/1983/1983
f 1983/1983/1983 1980/1980/1980 1977/1977/1977
f 1980/1980/1980 1983/1983/1983 1984/1984/1984
f 1984/1984/1984 1985/1985/1985 1980/1980/1980
f 1980/1980/1980 1985/1985/1985 1979/1979/1979
f 1985/1985/1985 1984/1984/1984 1986/1986/1986
f 1987/1987/1987 1975/1975/1975 1979/1979/1979
f 1987/1987/1987 1964/1964/1964 1975/1975/1975
f 1986/1986/1986 1988/1988/1988 1985/1985/1985
f 1988/1988/1988 1986/1986/1986 1989/1989/1989
f 1990/1990/1990 1979/1979/1979 1985/1985/1985
f 1979/1979/1979 1990/1990/1990 1987/1987/1987
f 1985/1985/1985 1988/1988/1988 1990/1990/1990
f 1991/1991/1991 1990/1990/1990 1988/1988/1988
f 1989/1989/1989 1992/1992/1992 1988/1988/1988
f 1988/1988/1988 1992/1992/1992 1991/1991/1991
f 1992/1992/1992 1989/1989/1989 1993/1993/1993
f 1987/1987/1987 1994/1994/1994 1964/1964/1964
f 1994/1994/1994 1952/1952/1952 1964/1964/1964
f 1987/1987/1987 1990/1990/1990 1995/1995/1995
f 1990/1990/1990 1991/1991/1991 1995/1995/1995
f 1987/1987/1987 1995/1995/1995 1994/1994/1994
f 1993/1993/1993 1996/1996/1996 1992/1992/1992
f 1996/1996/1996 1993/1993/1993 1997/1997/1997
f 1952/1952/1952 1994/1994/1994 1998/1998/1998
f 1949/1949/1949 1952/1952/1952 1998/1998/1998
f 1995/1995/1995 1999/1999/1999 1994/1994/1994
f 1999/1999/1999 1998/1998/1998 1994/1994/1994
f 1949/1949/1949 1998/1998/1998 2000/2000/2000
f 1998/1998/1998 1999/1999/1999 2000/2000/2000
f 2000/2000/2000 1951/1951/1951 1949/1949/1949
f 1995/1995/1995 2001/2001/2001 1999/1999/1999
f 1995/1995/1995 1991/1991/1991 2001/2001/2001
f 1999/1999/1999 2001/2001/2001 2002/2002/2002
f 1999/1999/1999 2002/2002/2002 2000/2000/2000
f 1951/1951/1951 2000/2000/2000 2003/2003/2003
f 2003/2003/2003 1954/1954/1954 1951/1951/1951
f 1991/1991/1991 2004/2004/2004 2001/2001/2001
f 2001/2001/2001 2004/2004/2004 2002/2002/2002
f 2000/2000/2000 2002/2002/2002 2005/2005/2005
f 2005/2005/2005 2003/2003/2003 2000/2000/2000
f 1954/1954/1954 2003/2003/2003 2006/2006/2006
f 2006/2006/2006 1962/1962/1962 1954/1954/1954
f 2007/2007/2007 2002/2002/2002 2004/2004/2004
f 2002/2002/2002 2007/2007/2007 2005/2005/2005
f 2008/2008/2008 2004/2004/2004 1991/1991/1991
f 2004/2004/2004 2008/2008/2008 2007/2007/2007
f 2009/2009/2009 2003/2003/2003 2005/2005/2005
f 2009/2009/2009 2006/2006/2006 2003/2003/2003
f 2010/2010/2010 2008/2008/2008 1991/1991/1991
f 1991/1991/1991 1992/1992/1992 2010/2010/2010
f 1996/1996/1996 2010/2010/2010 1992/1992/1992
f 2007/2007/2007 2008/2008/2008 2011/2011/2011
f 2008/2008/2008 2010/2010/2010 2011/2011/2011
f 2005/2005/2005 2007/2007/2007 2012/2012/2012
f 2012/2012/2012 2009/2009/2009 2005/2005/2005
f 2011/2011/2011 2012/2012/2012 2007/2007/2007
f 2010/2010/2010 1996/1996/1996 2013/2013/2013
f 2013/2013/2013 2011/2011/2011 2010/2010/2010
f 2009/2009/2009 2012/2012/2012 2014/2014/2014
f 2012/2012/2012 2011/2011/2011 2014/2014/2014
f 2015/2015/2015 2006/2006/2006 2009/2009/2009
f 2014/2014/2014 2015/2015/2015 2009/2009/2009
f 2016/2016/2016 2014/2014/2014 2011/2011/2011
f 2011/2011/2011 2013/2013/2013 2016/2016/2016
f 2017/2017/2017 2013/2013/2013 1996/1996/1996
f 1997/1997/1997 2017/2017/2017 1996/1996/1996
f 2013/2013/2013 2017/2017/2017 2018/2018/2018
f 2018/2018/2018 2016/2016/2016 2013/2013/2013
f 2019/2019/2019 2017/2017/2017 1997/1997/1997
f 2019/2019/2019 2018/2018/2018 2017/2017/2017
f 1997/1997/1997 2020/2020/2020 2019/2019/2019
f 2021/2021/2021 2019/2019/2019 2020/2020/2020
f 2018/2018/2018 2019/2019/2019 2021/2021/2021
f 2020/2020/2020 2022/2022/2022 2021/2021/2021
f 2023/2023/2023 2014/2014/2014 2016/2016/2016
f 2023/2023/2023 2015/2015/2015 2014/2014/2014
f 2015/2015/2015 2024/2024/2024 2006/2006/2006
f 2024/2024/2024 1962/1962/1962 2006/2006/2006
f 2016/2016/2016 2018/2018/2018 2025/2025/2025
f 2016/2016/2016 2025/2025/2025 2023/2023/2023
f 2021/2021/2021 2026/2026/2026 2018/2018/2018
f 2026/2026/2026 2025/2025/2025 2018/2018/2018
f 2027/2027/2027 2021/2021/2021 2022/2022/2022
f 2026/2026/2026 2021/2021/2021 2027/2027/2027
f 2022/2022/2022 2028/2028/2028 2027/2027/2027
f 2023/2023/2023 2029/2029/2029 2015/2015/2015
f 2029/2029/2029 2024/2024/2024 2015/2015/2015
f 2024/2024/2024 2030/2030/2030 1962/1962/1962
f 1963/1963/1963 1962/1962/1962 2030/2030/2030
f 2030/2030/2030 2031/2031/2031 1963/1963/1963
f 2032/2032/2032 2023/2023/2023 2025/2025/2025
f 2023/2023/2023 2032/2032/2032 2029/2029/2029
f 2033/2033/2033 2025/2025/2025 2026/2026/2026
f 2025/2025/2025 2033/2033/2033 2032/2032/2032
f 2027/2027/2027 2034/2034/2034 2026/2026/2026
f 2026/2026/2026 2034/2034/2034 2033/2033/2033
f 2035/2035/2035 2027/2027/2027 2028/2028/2028
f 2035/2035/2035 2034/2034/2034 2027/2027/2027
f 2028/2028/2028 2036/2036/2036 2035/2035/2035
f 2037/2037/2037 2024/2024/2024 2029/2029/2029
f 2037/2037/2037 2030/2030/2030 2024/2024/2024
f 2031/2031/2031 2030/2030/2030 2038/2038/2038
f 2038/2038/2038 2030/2030/2030 2037/2037/2037
f 2038/2038/2038 2039/2039/2039 2031/2031/2031
f 2039/2039/2039 2038/2038/2038 2040/2040/2040
f 2034/2034/2034 2041/2041/2041 2033/2033/2033
f 2033/2033/2033 2041/2041/2041 2032/2032/2032
f 2042/2042/2042 2034/2034/2034 2035/2035/2035
f 2042/2042/2042 2041/2041/2041 2034/2034/2034
f 2043/2043/2043 2035/2035/2035 2036/2036/2036
f 2043/2043/2043 2042/2042/2042 2035/2035/2035
f 2036/2036/2036 2044/2044/2044 2043/2043/2043
f 2045/2045/2045 2040/2040/2040 2038/2038/2038
f 2040/2040/2040 2045/2045/2045 2046/2046/2046
f 2047/2047/2047 2042/2042/2042 2043/2043/2043
f 2041/2041/2041 2042/2042/2042 2047/2047/2047
f 2048/2048/2048 2043/2043/2043 2044/2044/2044
f 2048/2048/2048 2047/2047/2047 2043/2043/2043
f 2044/2044/2044 2049/2049/2049 2048/2048/2048
f 2050/2050/2050 2048/2048/2048 2049/2049/2049
f 2051/2051/2051 2050/2050/2050 2049/2049/2049
f 2050/2050/2050 2051/2051/2051 2052/2052/2052
f 2053/2053/2053 2047/2047/2047 2048/2048/2048
f 2050/2050/2050 2053/2053/2053 2048/2048/2048
f 2047/2047/2047 2054/2054/2054 2041/2041/2041
f 2054/2054/2054 2047/2047/2047 2053/2053/2053
f 2052/2052/2052 2055/2055/2055 2050/2050/2050
f 2055/2055/2055 2052/2052/2052 2056/2056/2056
f 2057/2057/2057 2053/2053/2053 2050/2050/2050
f 2055/2055/2055 2057/2057/2057 2050/2050/2050
f 2058/2058/2058 2057/2057/2057 2055/2055/2055
f 2056/2056/2056 2059/2059/2059 2055/2055/2055
f 2059/2059/2059 2058/2058/2058 2055/2055/2055
f 2059/2059/2059 2056/2056/2056 2060/2060/2060
f 2053/2053/2053 2057/2057/2057 2061/2061/2061
f 2053/2053/2053 2061/2061/2061 2054/2054/2054
f 2041/2041/2041 2054/2054/2054 2062/2062/2062
f 2041/2041/2041 2062/2062/2062 2032/2032/2032
f 2060/2060/2060 2063/2063/2063 2059/2059/2059
f 2063/2063/2063 2060/2060/2060 2064/2064/2064
f 2057/2057/2057 2058/2058/2058 2065/2065/2065
f 2065/2065/2065 2061/2061/2061 2057/2057/2057
f 2054/2054/2054 2061/2061/2061 2066/2066/2066
f 2066/2066/2066 2062/2062/2062 2054/2054/2054
f 2032/2032/2032 2062/2062/2062 2067/2067/2067
f 2067/2067/2067 2029/2029/2029 2032/2032/2032
f 2067/2067/2067 2037/2037/2037 2029/2029/2029
f 2068/2068/2068 2067/2067/2067 2062/2062/2062
f 2062/2062/2062 2066/2066/2066 2068/2068/2068
f 2067/2067/2067 2069/2069/2069 2037/2037/2037
f 2068/2068/2068 2069/2069/2069 2067/2067/2067
f 2069/2069/2069 2038/2038/2038 2037/2037/2037
f 2069/2069/2069 2045/2045/2045 2038/2038/2038
f 2070/2070/2070 2066/2066/2066 2061/2061/2061
f 2061/2061/2061 2065/2065/2065 2070/2070/2070
f 2068/2068/2068 2071/2071/2071 2069/2069/2069
f 2071/2071/2071 2045/2045/2045 2069/2069/2069
f 2072/2072/2072 2068/2068/2068 2066/2066/2066
f 2070/2070/2070 2072/2072/2072 2066/2066/2066
f 2072/2072/2072 2071/2071/2071 2068/2068/2068
f 2073/2073/2073 2045/2045/2045 2071/2071/2071
f 2073/2073/2073 2046/2046/2046 2045/2045/2045
f 2074/2074/2074 2046/2046/2046 2073/2073/2073
f 2073/2073/2073 2075/2075/2075 2074/2074/2074
f 2075/2075/2075 2073/2073/2073 2071/2071/2071
f 2076/2076/2076 2074/2074/2074 2075/2075/2075
f 2072/2072/2072 2077/2077/2077 2071/2071/2071
f 2077/2077/2077 2075/2075/2075 2071/2071/2071
f 2070/2070/2070 2078/2078/2078 2072/2072/2072
f 2078/2078/2078 2077/2077/2077 2072/2072/2072
f 2079/2079/2079 2070/2070/2070 2065/2065/2065
f 2079/2079/2079 2078/2078/2078 2070/2070/2070
f 2075/2075/2075 2077/2077/2077 2080/2080/2080
f 2078/2078/2078 2080/2080/2080 2077/2077/2077
f 2075/2075/2075 2081/2081/2081 2076/2076/2076
f 2080/2080/2080 2081/2081/2081 2075/2075/2075
f 2080/2080/2080 2078/2078/2078 2082/2082/2082
f 2082/2082/2082 2078/2078/2078 2079/2079/2079
f 2083/2083/2083 2079/2079/2079 2065/2065/2065
f 2083/2083/2083 2065/2065/2065 2058/2058/2058
f 2076/2076/2076 2081/2081/2081 2084/2084/2084
f 2084/2084/2084 2085/2085/2085 2076/2076/2076
f 2086/2086/2086 2081/2081/2081 2080/2080/2080
f 2082/2082/2082 2086/2086/2086 2080/2080/2080
f 2086/2086/2086 2084/2084/2084 2081/2081/2081
f 2087/2087/2087 2082/2082/2082 2079/2079/2079
f 2083/2083/2083 2087/2087/2087 2079/2079/2079
f 2085/2085/2085 2084/2084/2084 2088/2088/2088
f 2088/2088/2088 2089/2089/2089 2085/2085/2085
f 2090/2090/2090 2086/2086/2086 2082/2082/2082
f 2090/2090/2090 2082/2082/2082 2087/2087/2087
f 2084/2084/2084 2086/2086/2086 2091/2091/2091
f 2091/2091/2091 2088/2088/2088 2084/2084/2084
f 2091/2091/2091 2086/2086/2086 2090/2090/2090
f 2089/2089/2089 2088/2088/2088 2092/2092/2092
f 2092/2092/2092 2093/2093/2093 2089/2089/2089
f 2091/2091/2091 2094/2094/2094 2088/2088/2088
f 2088/2088/2088 2094/2094/2094 2092/2092/2092
f 2093/2093/2093 2092/2092/2092 2095/2095/2095
f 2092/2092/2092 2094/2094/2094 2095/2095/2095
f 2095/2095/2095 2094/2094/2094 2096/2096/2096
f 2095/2095/2095 2097/2097/2097 2093/2093/2093
f 2097/2097/2097 2095/2095/2095 2098/2098/2098
f 2095/2095/2095 2096/2096/2096 2098/2098/2098
f 2098/2098/2098 2099/2099/2099 2097/2097/2097
f 2099/2099/2099 2098/2098/2098 2100/2100/2100
f 2101/2101/2101 2091/2091/2091 2090/2090/2090
f 2094/2094/2094 2091/2091/2091 2101/2101/2101
f 2102/2102/2102 2100/2100/2100 2098/2098/2098
f 2100/2100/2100 2102/2102/2102 2103/2103/2103
f 2104/2104/2104 2096/2096/2096 2094/2094/2094
f 2101/2101/2101 2104/2104/2104 2094/2094/2094
f 2101/2101/2101 2090/2090/2090 2105/2105/2105
f 2087/2087/2087 2105/2105/2105 2090/2090/2090
f 2098/2098/2098 2096/2096/2096 2106/2106/2106
f 2106/2106/2106 2102/2102/2102 2098/2098/2098
f 2102/2102/2102 2107/2107/2107 2103/2103/2103
f 2103/2103/2103 2107/2107/2107 2108/2108/2108
f 2109/2109/2109 2104/2104/2104 2101/2101/2101
f 2109/2109/2109 2101/2101/2101 2105/2105/2105
f 2110/2110/2110 2105/2105/2105 2087/2087/2087
f 2110/2110/2110 2087/2087/2087 2083/2083/2083
f 2096/2096/2096 2111/2111/2111 2106/2106/2106
f 2111/2111/2111 2112/2112/2112 2106/2106/2106
f 2106/2106/2106 2112/2112/2112 2113/2113/2113
f 2114/2114/2114 2102/2102/2102 2106/2106/2106
f 2113/2113/2113 2114/2114/2114 2106/2106/2106
f 2114/2114/2114 2107/2107/2107 2102/2102/2102
f 2114/2114/2114 2113/2113/2113 2115/2115/2115
f 2115/2115/2115 2116/2116/2116 2114/2114/2114
f 2116/2116/2116 2107/2107/2107 2114/2114/2114
f 2116/2116/2116 2115/2115/2115 2117/2117/2117
f 2107/2107/2107 2116/2116/2116 2118/2118/2118
f 2107/2107/2107 2118/2118/2118 2108/2108/2108
f 2117/2117/2117 2119/2119/2119 2116/2116/2116
f 2119/2119/2119 2118/2118/2118 2116/2116/2116
f 2120/2120/2120 2108/2108/2108 2118/2118/2118
f 2120/2120/2120 2118/2118/2118 2119/2119/2119
f 2120/2120/2120 2119/2119/2119 2117/2117/2117
f 2108/2108/2108 2120/2120/2120 2121/2121/2121
f 2121/2121/2121 2120/2120/2120 2117/2117/2117
f 2123/2123/2123 2122/2122/2122 2096/2096/2096
f 2122/2122/2122 2123/2123/2123 2124/2124/2124
f 2124/2124/2124 2123/2123/2123 2125/2125/2125
f 2123/2123/2123 2096/2096/2096 2126/2126/2126
f 2126/2126/2126 2096/2096/2096 2104/2104/2104
f 2123/2123/2123 2127/2127/2127 2125/2125/2125
f 2125/2125/2125 2127/2127/2127 2128/2128/2128
f 2104/2104/2104 2129/2129/2129 2126/2126/2126
f 2104/2104/2104 2109/2109/2109 2129/2129/2129
f 2130/2130/2130 2123/2123/2123 2126/2126/2126
f 2123/2123/2123 2130/2130/2130 2127/2127/2127
f 2126/2126/2126 2129/2129/2129 2131/2131/2131
f 2131/2131/2131 2130/2130/2130 2126/2126/2126
f 2127/2127/2127 2132/2132/2132 2128/2128/2128
f 2133/2133/2133 2127/2127/2127 2130/2130/2130
f 2127/2127/2127 2133/2133/2133 2132/2132/2132
f 2128/2128/2128 2132/2132/2132 2134/2134/2134
f 2134/2134/2134 2135/2135/2135 2128/2128/2128
f 2135/2135/2135 2134/2134/2134 2136/2136/2136
f 2137/2137/2137 2130/2130/2130 2131/2131/2131
f 2130/2130/2130 2137/2137/2137 2133/2133/2133
f 2138/2138/2138 2132/2132/2132 2133/2133/2133
f 2132/2132/2132 2138/2138/2138 2134/2134/2134
f 2139/2139/2139 2136/2136/2136 2134/2134/2134
f 2136/2136/2136 2139/2139/2139 2140/2140/2140
f 2141/2141/2141 2138/2138/2138 2133/2133/2133
f 2133/2133/2133 2137/2137/2137 2141/2141/2141
f 2142/2142/2142 2134/2134/2134 2138/2138/2138
f 2141/2141/2141 2142/2142/2142 2138/2138/2138
f 2139/2139/2139 2134/2134/2134 2142/2142/2142
f 2143/2143/2143 2141/2141/2141 2137/2137/2137
f 2143/2143/2143 2142/2142/2142 2141/2141/2141
f 2144/2144/2144 2137/2137/2137 2131/2131/2131
f 2143/2143/2143 2137/2137/2137 2144/2144/2144
f 2145/2145/2145 2144/2144/2144 2131/2131/2131
f 2131/2131/2131 2129/2129/2129 2145/2145/2145
f 2146/2146/2146 2145/2145/2145 2129/2129/2129
f 2129/2129/2129 2109/2109/2109 2146/2146/2146
f 2147/2147/2147 2146/2146/2146 2109/2109/2109
f 2147/2147/2147 2109/2109/2109 2105/2105/2105
f 2147/2147/2147 2105/2105/2105 2110/2110/2110
f 2139/2139/2139 2142/2142/2142 2148/2148/2148
f 2143/2143/2143 2149/2149/2149 2142/2142/2142
f 2148/2148/2148 2142/2142/2142 2149/2149/2149
f 2144/2144/2144 2150/2150/2150 2143/2143/2143
f 2143/2143/2143 2150/2150/2150 2149/2149/2149
f 2145/2145/2145 2151/2151/2151 2144/2144/2144
f 2144/2144/2144 2151/2151/2151 2150/2150/2150
f 2146/2146/2146 2152/2152/2152 2145/2145/2145
f 2145/2145/2145 2152/2152/2152 2151/2151/2151
f 2147/2147/2147 2153/2153/2153 2146/2146/2146
f 2146/2146/2146 2153/2153/2153 2152/2152/2152
f 2147/2147/2147 2110/2110/2110 2154/2154/2154
f 2147/2147/2147 2154/2154/2154 2153/2153/2153
f 2148/2148/2148 2155/2155/2155 2139/2139/2139
f 2155/2155/2155 2140/2140/2140 2139/2139/2139
f 2140/2140/2140 2155/2155/2155 2156/2156/2156
f 2156/2156/2156 2155/2155/2155 2148/2148/2148
f 2140/2140/2140 2156/2156/2156 2157/2157/2157
f 2157/2157/2157 2156/2156/2156 2158/2158/2158
f 2156/2156/2156 2148/2148/2148 2159/2159/2159
f 2156/2156/2156 2159/2159/2159 2158/2158/2158
f 2159/2159/2159 2148/2148/2148 2149/2149/2149
f 2158/2158/2158 2159/2159/2159 2149/2149/2149
f 2149/2149/2149 2160/2160/2160 2158/2158/2158
f 2160/2160/2160 2149/2149/2149 2150/2150/2150
f 2150/2150/2150 2161/2161/2161 2160/2160/2160
f 2161/2161/2161 2150/2150/2150 2151/2151/2151
f 2151/2151/2151 2162/2162/2162 2161/2161/2161
f 2162/2162/2162 2151/2151/2151 2152/2152/2152
f 2152/2152/2152 2163/2163/2163 2162/2162/2162
f 2163/2163/2163 2152/2152/2152 2164/2164/2164
f 2152/2152/2152 2153/2153/2153 2164/2164/2164
f 2164/2164/2164 2153/2153/2153 2154/2154/2154
f 2154/2154/2154 2165/2165/2165 2164/2164/2164
f 2165/2165/2165 2154/2154/2154 2166/2166/2166
f 2167/2167/2167 2166/2166/2166 2154/2154/2154
f 2154/2154/2154 2110/2110/2110 2167/2167/2167
f 2110/2110/2110 2083/2083/2083 2167/2167/2167
f 2168/2168/2168 2166/2166/2166 2167/2167/2167
f 2058/2058/2058 2167/2167/2167 2083/2083/2083
f 2058/2058/2058 2168/2168/2168 2167/2167/2167
f 2169/2169/2169 2168/2168/2168 2058/2058/2058
f 2169/2169/2169 2058/2058/2058 2059/2059/2059
f 2063/2063/2063 2169/2169/2169 2059/2059/2059
f 2168/2168/2168 2169/2169/2169 2170/2170/2170
f 2171/2171/2171 2168/2168/2168 2170/2170/2170
f 2171/2171/2171 2170/2170/2170 2172/2172/2172
f 2173/2173/2173 2172/2172/2172 2170/2170/2170
f 2170/2170/2170 2169/2169/2169 2173/2173/2173
f 2172/2172/2172 2173/2173/2173 2174/2174/2174
f 2175/2175/2175 2169/2169/2169 2063/2063/2063
f 2169/2169/2169 2175/2175/2175 2173/2173/2173
f 2174/2174/2174 2173/2173/2173 2176/2176/2176
f 2176/2176/2176 2173/2173/2173 2175/2175/2175
f 2176/2176/2176 2177/2177/2177 2174/2174/2174
f 2178/2178/2178 2177/2177/2177 2176/2176/2176
f 2179/2179/2179 2175/2175/2175 2063/2063/2063
f 2064/2064/2064 2179/2179/2179 2063/2063/2063
f 2179/2179/2179 2064/2064/2064 2180/2180/2180
f 2181/2181/2181 2176/2176/2176 2175/2175/2175
f 2179/2179/2179 2181/2181/2181 2175/2175/2175
f 2176/2176/2176 2182/2182/2182 2178/2178/2178
f 2176/2176/2176 2181/2181/2181 2182/2182/2182
f 2178/2178/2178 2182/2182/2182 2183/2183/2183
f 2184/2184/2184 2183/2183/2183 2182/2182/2182
f 2184/2184/2184 2185/2185/2185 2180/2180/2180
f 2182/2182/2182 2185/2185/2185 2184/2184/2184
f 2186/2186/2186 2182/2182/2182 2181/2181/2181
f 2186/2186/2186 2181/2181/2181 2179/2179/2179
f 2182/2182/2182 2186/2186/2186 2185/2185/2185
f 2180/2180/2180 2187/2187/2187 2179/2179/2179
f 2185/2185/2185 2187/2187/2187 2180/2180/2180
f 2179/2179/2179 2187/2187/2187 2186/2186/2186
f 2185/2185/2185 2186/2186/2186 2187/2187/2187
f 2190/2190/2190 2189/2189/2189 2188/2188/2188
f 2191/2191/2191 2189/2189/2189 2190/2190/2190
f 2192/2192/2192 2191/2191/2191 2190/2190/2190
f 2193/2193/2193 2191/2191/2191 2192/2192/2192
f 2194/2194/2194 2193/2193/2193 2192/2192/2192
f 2195/2195/2195 2193/2193/2193 2194/2194/2194
f 2196/2196/2196 2195/2195/2195 2194/2194/2194
f 2197/2197/2197 2195/2195/2195 2196/2196/2196
f 2193/2193/2193 2198/2198/2198 2191/2191/2191
f 2189/2189/2189 2191/2191/2191 2199/2199/2199
f 2198/2198/2198 2199/2199/2199 2191/2191/2191
f 2199/2199/2199 2200/2200/2200 2189/2189/2189
f 2200/2200/2200 2199/2199/2199 2198/2198/2198
f 2201/2201/2201 2189/2189/2189 2200/2200/2200
f 2189/2189/2189 2201/2201/2201 2202/2202/2202
f 2203/2203/2203 2202/2202/2202 2201/2201/2201
f 2198/2198/2198 2204/2204/2204 2200/2200/2200
f 2198/2198/2198 2193/2193/2193 2205/2205/2205
f 2204/2204/2204 2198/2198/2198 2205/2205/2205
f 2195/2195/2195 2205/2205/2205 2193/2193/2193
f 2204/2204/2204 2205/2205/2205 2206/2206/2206
f 2206/2206/2206 2205/2205/2205 2207/2207/2207
f 2205/2205/2205 2195/2195/2195 2207/2207/2207
f 2206/2206/2206 2207/2207/2207 2208/2208/2208
f 2195/2195/2195 2197/2197/2197 2209/2209/2209
f 2209/2209/2209 2207/2207/2207 2195/2195/2195
f 2210/2210/2210 2209/2209/2209 2197/2197/2197
f 2211/2211/2211 2210/2210/2210 2197/2197/2197
f 2208/2208/2208 2207/2207/2207 2212/2212/2212
f 2212/2212/2212 2207/2207/2207 2209/2209/2209
f 2209/2209/2209 2210/2210/2210 2212/2212/2212
f 2212/2212/2212 2213/2213/2213 2208/2208/2208
f 1802/1802/1802 2213/2213/2213 2212/2212/2212
f 2212/2212/2212 2214/2214/2214 1802/1802/1802
f 2212/2212/2212 2210/2210/2210 2214/2214/2214
f 1802/1802/1802 2214/2214/2214 1801/1801/1801
f 2214/2214/2214 2215/2215/2215 1801/1801/1801
f 2214/2214/2214 2210/2210/2210 2215/2215/2215
f 2216/2216/2216 1801/1801/1801 2215/2215/2215
f 2216/2216/2216 1795/1795/1795 1801/1801/1801
f 1795/1795/1795 2216/2216/2216 2217/2217/2217
f 1795/1795/1795 2217/2217/2217 1794/1794/1794
f 2218/2218/2218 2216/2216/2216 2215/2215/2215
f 2216/2216/2216 2218/2218/2218 2217/2217/2217
f 2219/2219/2219 1794/1794/1794 2217/2217/2217
f 2219/2219/2219 1793/1793/1793 1794/1794/1794
f 2217/2217/2217 2218/2218/2218 2220/2220/2220
f 2217/2217/2217 2220/2220/2220 2219/2219/2219
f 2219/2219/2219 2221/2221/2221 1793/1793/1793
f 1793/1793/1793 2221/2221/2221 1792/1792/1792
f 2221/2221/2221 1817/1817/1817 1792/1792/1792
f 2219/2219/2219 2222/2222/2222 2221/2221/2221
f 2220/2220/2220 2222/2222/2222 2219/2219/2219
f 2221/2221/2221 2223/2223/2223 1817/1817/1817
f 2222/2222/2222 2223/2223/2223 2221/2221/2221
f 2223/2223/2223 1831/1831/1831 1817/1817/1817
f 2224/2224/2224 1831/1831/1831 2223/2223/2223
f 2224/2224/2224 1836/1836/1836 1831/1831/1831
f 2225/2225/2225 1836/1836/1836 2224/2224/2224
f 2225/2225/2225 1841/1841/1841 1836/1836/1836
f 1841/1841/1841 2225/2225/2225 2226/2226/2226
f 2226/2226/2226 1846/1846/1846 1841/1841/1841
f 2225/2225/2225 2224/2224/2224 2227/2227/2227
f 2227/2227/2227 2228/2228/2228 2225/2225/2225
f 2226/2226/2226 2225/2225/2225 2228/2228/2228
f 2229/2229/2229 2227/2227/2227 2224/2224/2224
f 2224/2224/2224 2223/2223/2223 2229/2229/2229
f 2228/2228/2228 2230/2230/2230 2226/2226/2226
f 2231/2231/2231 2229/2229/2229 2223/2223/2223
f 2222/2222/2222 2231/2231/2231 2223/2223/2223
f 2231/2231/2231 2232/2232/2232 2229/2229/2229
f 2233/2233/2233 2232/2232/2232 2231/2231/2231
f 2234/2234/2234 2226/2226/2226 2230/2230/2230
f 2234/2234/2234 1846/1846/1846 2226/2226/2226
f 2230/2230/2230 2235/2235/2235 2234/2234/2234
f 2234/2234/2234 2235/2235/2235 2236/2236/2236
f 2237/2237/2237 2231/2231/2231 2222/2222/2222
f 2237/2237/2237 2222/2222/2222 2220/2220/2220
f 2231/2231/2231 2238/2238/2238 2233/2233/2233
f 2237/2237/2237 2238/2238/2238 2231/2231/2231
f 2234/2234/2234 2239/2239/2239 1846/1846/1846
f 1846/1846/1846 2239/2239/2239 1886/1886/1886
f 1890/1890/1890 1886/1886/1886 2239/2239/2239
f 2236/2236/2236 2240/2240/2240 2234/2234/2234
f 2240/2240/2240 2239/2239/2239 2234/2234/2234
f 2241/2241/2241 2237/2237/2237 2220/2220/2220
f 2218/2218/2218 2241/2241/2241 2220/2220/2220
f 2233/2233/2233 2238/2238/2238 2242/2242/2242
f 2242/2242/2242 2243/2243/2243 2233/2233/2233
f 2244/2244/2244 2238/2238/2238 2237/2237/2237
f 2244/2244/2244 2242/2242/2242 2238/2238/2238
f 2241/2241/2241 2244/2244/2244 2237/2237/2237
f 2243/2243/2243 2242/2242/2242 2245/2245/2245
f 2245/2245/2245 2242/2242/2242 2244/2244/2244
f 2245/2245/2245 2246/2246/2246 2243/2243/2243
f 2239/2239/2239 2247/2247/2247 1890/1890/1890
f 2247/2247/2247 2239/2239/2239 2240/2240/2240
f 2241/2241/2241 2218/2218/2218 2248/2248/2248
f 2215/2215/2215 2248/2248/2248 2218/2218/2218
f 2241/2241/2241 2249/2249/2249 2244/2244/2244
f 2248/2248/2248 2249/2249/2249 2241/2241/2241
f 2215/2215/2215 2250/2250/2250 2248/2248/2248
f 2249/2249/2249 2248/2248/2248 2250/2250/2250
f 2250/2250/2250 2251/2251/2251 2249/2249/2249
f 2250/2250/2250 2215/2215/2215 2210/2210/2210
f 2249/2249/2249 2252/2252/2252 2244/2244/2244
f 2244/2244/2244 2252/2252/2252 2245/2245/2245
f 2252/2252/2252 2249/2249/2249 2251/2251/2251
f 2246/2246/2246 2245/2245/2245 2253/2253/2253
f 2253/2253/2253 2245/2245/2245 2252/2252/2252
f 2253/2253/2253 2254/2254/2254 2246/2246/2246
f 2252/2252/2252 2255/2255/2255 2253/2253/2253
f 2251/2251/2251 2255/2255/2255 2252/2252/2252
f 2254/2254/2254 2253/2253/2253 2256/2256/2256
f 2256/2256/2256 2253/2253/2253 2255/2255/2255
f 2256/2256/2256 2257/2257/2257 2254/2254/2254
f 2255/2255/2255 2258/2258/2258 2256/2256/2256
f 2255/2255/2255 2251/2251/2251 2258/2258/2258
f 2257/2257/2257 2256/2256/2256 2259/2259/2259
f 2259/2259/2259 2256/2256/2256 2258/2258/2258
f 2259/2259/2259 2260/2260/2260 2257/2257/2257
f 2260/2260/2260 2259/2259/2259 2261/2261/2261
f 2261/2261/2261 2262/2262/2262 2260/2260/2260
f 2258/2258/2258 2263/2263/2263 2259/2259/2259
f 2261/2261/2261 2259/2259/2259 2263/2263/2263
f 2262/2262/2262 2261/2261/2261 2264/2264/2264
f 2264/2264/2264 2265/2265/2265 2262/2262/2262
f 2266/2266/2266 2258/2258/2258 2251/2251/2251
f 2258/2258/2258 2266/2266/2266 2263/2263/2263
f 2263/2263/2263 2267/2267/2267 2261/2261/2261
f 2264/2264/2264 2261/2261/2261 2267/2267/2267
f 2265/2265/2265 2264/2264/2264 2268/2268/2268
f 2268/2268/2268 2269/2269/2269 2265/2265/2265
f 2269/2269/2269 2268/2268/2268 2270/2270/2270
f 2271/2271/2271 2263/2263/2263 2266/2266/2266
f 2263/2263/2263 2271/2271/2271 2267/2267/2267
f 2267/2267/2267 2272/2272/2272 2264/2264/2264
f 2264/2264/2264 2272/2272/2272 2268/2268/2268
f 2268/2268/2268 2273/2273/2273 2270/2270/2270
f 2273/2273/2273 2274/2274/2274 2270/2270/2270
f 2273/2273/2273 2275/2275/2275 2274/2274/2274
f 2275/2275/2275 2273/2273/2273 2276/2276/2276
f 2268/2268/2268 2277/2277/2277 2273/2273/2273
f 2272/2272/2272 2277/2277/2277 2268/2268/2268
f 2278/2278/2278 2276/2276/2276 2273/2273/2273
f 2273/2273/2273 2277/2277/2277 2278/2278/2278
f 2278/2278/2278 2277/2277/2277 2272/2272/2272
f 2279/2279/2279 2276/2276/2276 2278/2278/2278
f 2267/2267/2267 2280/2280/2280 2272/2272/2272
f 2280/2280/2280 2267/2267/2267 2271/2271/2271
f 2272/2272/2272 2281/2281/2281 2278/2278/2278
f 2278/2278/2278 2281/2281/2281 2279/2279/2279
f 2281/2281/2281 2272/2272/2272 2280/2280/2280
f 2279/2279/2279 2281/2281/2281 2280/2280/2280
f 2279/2279/2279 2280/2280/2280 2282/2282/2282
f 2282/2282/2282 2280/2280/2280 2271/2271/2271
f 2271/2271/2271 2283/2283/2283 2282/2282/2282
f 2284/2284/2284 2283/2283/2283 2271/2271/2271
f 2271/2271/2271 2266/2266/2266 2284/2284/2284
f 2285/2285/2285 2284/2284/2284 2266/2266/2266
f 2251/2251/2251 2285/2285/2285 2266/2266/2266
f 2286/2286/2286 2285/2285/2285 2251/2251/2251
f 2286/2286/2286 2251/2251/2251 2250/2250/2250
f 2285/2285/2285 2286/2286/2286 2287/2287/2287
f 2250/2250/2250 2288/2288/2288 2286/2286/2286
f 2210/2210/2210 2288/2288/2288 2250/2250/2250
f 2287/2287/2287 2286/2286/2286 2289/2289/2289
f 2288/2288/2288 2289/2289/2289 2286/2286/2286
f 2289/2289/2289 2290/2290/2290 2287/2287/2287
f 2291/2291/2291 2288/2288/2288 2210/2210/2210
f 2210/2210/2210 2292/2292/2292 2291/2291/2291
f 2291/2291/2291 2292/2292/2292 2293/2293/2293
f 2290/2290/2290 2289/2289/2289 2294/2294/2294
f 2294/2294/2294 2295/2295/2295 2290/2290/2290
f 2288/2288/2288 2296/2296/2296 2289/2289/2289
f 2291/2291/2291 2296/2296/2296 2288/2288/2288
f 2296/2296/2296 2294/2294/2294 2289/2289/2289
f 2293/2293/2293 2297/2297/2297 2291/2291/2291
f 2297/2297/2297 2296/2296/2296 2291/2291/2291
f 2297/2297/2297 2293/2293/2293 2298/2298/2298
f 2295/2295/2295 2294/2294/2294 2299/2299/2299
f 2299/2299/2299 2300/2300/2300 2295/2295/2295
f 2296/2296/2296 2301/2301/2301 2294/2294/2294
f 2297/2297/2297 2301/2301/2301 2296/2296/2296
f 2294/2294/2294 2301/2301/2301 2299/2299/2299
f 2298/2298/2298 2302/2302/2302 2297/2297/2297
f 2302/2302/2302 2301/2301/2301 2297/2297/2297
f 2302/2302/2302 2298/2298/2298 2303/2303/2303
f 2304/2304/2304 2300/2300/2300 2299/2299/2299
f 2300/2300/2300 2304/2304/2304 2305/2305/2305
f 2299/2299/2299 2301/2301/2301 2306/2306/2306
f 2302/2302/2302 2306/2306/2306 2301/2301/2301
f 2299/2299/2299 2306/2306/2306 2304/2304/2304
f 2303/2303/2303 2307/2307/2307 2302/2302/2302
f 2302/2302/2302 2307/2307/2307 2306/2306/2306
f 2308/2308/2308 2305/2305/2305 2304/2304/2304
f 2305/2305/2305 2308/2308/2308 2309/2309/2309
f 2309/2309/2309 2308/2308/2308 2310/2310/2310
f 2303/2303/2303 2310/2310/2310 2311/2311/2311
f 2311/2311/2311 2307/2307/2307 2303/2303/2303
f 2308/2308/2308 2311/2311/2311 2310/2310/2310
f 2307/2307/2307 2312/2312/2312 2306/2306/2306
f 2312/2312/2312 2304/2304/2304 2306/2306/2306
f 2307/2307/2307 2311/2311/2311 2312/2312/2312
f 2304/2304/2304 2312/2312/2312 2308/2308/2308
f 2308/2308/2308 2312/2312/2312 2311/2311/2311
f 2315/2315/2315 2314/2314/2314 2313/2313/2313
f 2316/2316/2316 2313/2313/2313 2314/2314/2314
f 2317/2317/2317 2313/2313/2313 2316/2316/2316
f 2314/2314/2314 2318/2318/2318 2316/2316/2316
f 2319/2319/2319 2317/2317/2317 2316/2316/2316
f 2320/2320/2320 2317/2317/2317 2319/2319/2319
f 2318/2318/2318 2321/2321/2321 2316/2316/2316
f 2319/2319/2319 2316/2316/2316 2321/2321/2321
f 2322/2322/2322 2320/2320/2320 2319/2319/2319
f 2319/2319/2319 2323/2323/2323 2322/2322/2322
f 2324/2324/2324 2320/2320/2320 2322/2322/2322
f 2325/2325/2325 2324/2324/2324 2322/2322/2322
f 2325/2325/2325 2322/2322/2322 2323/2323/2323
f 2324/2324/2324 2325/2325/2325 2326/2326/2326
f 2326/2326/2326 2327/2327/2327 2324/2324/2324
f 2327/2327/2327 2326/2326/2326 2328/2328/2328
f 2326/2326/2326 2325/2325/2325 2329/2329/2329
f 2323/2323/2323 2329/2329/2329 2325/2325/2325
f 2321/2321/2321 2330/2330/2330 2319/2319/2319
f 2323/2323/2323 2319/2319/2319 2330/2330/2330
f 2331/2331/2331 2330/2330/2330 2321/2321/2321
f 2323/2323/2323 2330/2330/2330 2331/2331/2331
f 2318/2318/2318 2332/2332/2332 2321/2321/2321
f 2331/2331/2331 2321/2321/2321 2332/2332/2332
f 2333/2333/2333 2332/2332/2332 2318/2318/2318
f 2334/2334/2334 2333/2333/2333 2318/2318/2318
f 2335/2335/2335 2332/2332/2332 2333/2333/2333
f 2335/2335/2335 2331/2331/2331 2332/2332/2332
f 2335/2335/2335 2333/2333/2333 2334/2334/2334
f 2329/2329/2329 2336/2336/2336 2326/2326/2326
f 2326/2326/2326 2336/2336/2336 2337/2337/2337
f 2336/2336/2336 2338/2338/2338 2337/2337/2337
f 2338/2338/2338 2339/2339/2339 2337/2337/2337
f 2329/2329/2329 2340/2340/2340 2336/2336/2336
f 2336/2336/2336 2340/2340/2340 2338/2338/2338
f 2323/2323/2323 2341/2341/2341 2329/2329/2329
f 2341/2341/2341 2340/2340/2340 2329/2329/2329
f 2331/2331/2331 2342/2342/2342 2323/2323/2323
f 2341/2341/2341 2323/2323/2323 2342/2342/2342
f 2343/2343/2343 2331/2331/2331 2335/2335/2335
f 2331/2331/2331 2343/2343/2343 2342/2342/2342
f 2344/2344/2344 2341/2341/2341 2342/2342/2342
f 2342/2342/2342 2343/2343/2343 2344/2344/2344
f 2341/2341/2341 2345/2345/2345 2340/2340/2340
f 2344/2344/2344 2345/2345/2345 2341/2341/2341
f 2340/2340/2340 2346/2346/2346 2338/2338/2338
f 2340/2340/2340 2345/2345/2345 2346/2346/2346
f 2343/2343/2343 2335/2335/2335 2347/2347/2347
f 2334/2334/2334 2347/2347/2347 2335/2335/2335
f 2344/2344/2344 2343/2343/2343 2348/2348/2348
f 2347/2347/2347 2348/2348/2348 2343/2343/2343
f 2345/2345/2345 2344/2344/2344 2349/2349/2349
f 2348/2348/2348 2349/2349/2349 2344/2344/2344
f 2346/2346/2346 2350/2350/2350 2338/2338/2338
f 2338/2338/2338 2350/2350/2350 2339/2339/2339
f 2346/2346/2346 2345/2345/2345 2351/2351/2351
f 2349/2349/2349 2351/2351/2351 2345/2345/2345
f 2350/2350/2350 2346/2346/2346 2352/2352/2352
f 2351/2351/2351 2352/2352/2352 2346/2346/2346
f 2353/2353/2353 2347/2347/2347 2334/2334/2334
f 2334/2334/2334 2354/2354/2354 2353/2353/2353
f 2354/2354/2354 2334/2334/2334 2355/2355/2355
f 2347/2347/2347 2353/2353/2353 2356/2356/2356
f 2347/2347/2347 2356/2356/2356 2348/2348/2348
f 2348/2348/2348 2356/2356/2356 2357/2357/2357
f 2348/2348/2348 2357/2357/2357 2349/2349/2349
f 2349/2349/2349 2357/2357/2357 2358/2358/2358
f 2349/2349/2349 2358/2358/2358 2351/2351/2351
f 2351/2351/2351 2358/2358/2358 2359/2359/2359
f 2359/2359/2359 2352/2352/2352 2351/2351/2351
f 2352/2352/2352 2359/2359/2359 2360/2360/2360
f 2360/2360/2360 2361/2361/2361 2352/2352/2352
f 2352/2352/2352 2361/2361/2361 2350/2350/2350
f 2361/2361/2361 2360/2360/2360 2362/2362/2362
f 2363/2363/2363 2350/2350/2350 2361/2361/2361
f 2350/2350/2350 2363/2363/2363 2339/2339/2339
f 2362/2362/2362 2364/2364/2364 2361/2361/2361
f 2361/2361/2361 2364/2364/2364 2363/2363/2363
f 2364/2364/2364 2362/2362/2362 2365/2365/2365
f 2339/2339/2339 2363/2363/2363 2366/2366/2366
f 2367/2367/2367 2363/2363/2363 2364/2364/2364
f 2363/2363/2363 2367/2367/2367 2366/2366/2366
f 2365/2365/2365 2368/2368/2368 2364/2364/2364
f 2364/2364/2364 2368/2368/2368 2367/2367/2367
f 2369/2369/2369 2368/2368/2368 2365/2365/2365
f 2368/2368/2368 2369/2369/2369 2367/2367/2367
f 2365/2365/2365 2370/2370/2370 2369/2369/2369
f 2371/2371/2371 2369/2369/2369 2370/2370/2370
f 2369/2369/2369 2371/2371/2371 2372/2372/2372
f 2369/2369/2369 2372/2372/2372 2373/2373/2373
f 2367/2367/2367 2369/2369/2369 2374/2374/2374
f 2373/2373/2373 2374/2374/2374 2369/2369/2369
f 2339/2339/2339 2366/2366/2366 2375/2375/2375
f 2337/2337/2337 2339/2339/2339 2375/2375/2375
f 2366/2366/2366 2367/2367/2367 2376/2376/2376
f 2367/2367/2367 2374/2374/2374 2376/2376/2376
f 2374/2374/2374 2373/2373/2373 2377/2377/2377
f 2373/2373/2373 2378/2378/2378 2377/2377/2377
f 2375/2375/2375 2366/2366/2366 2379/2379/2379
f 2379/2379/2379 2366/2366/2366 2376/2376/2376
f 2337/2337/2337 2375/2375/2375 2380/2380/2380
f 2380/2380/2380 2375/2375/2375 2379/2379/2379
f 2374/2374/2374 2377/2377/2377 2381/2381/2381
f 2376/2376/2376 2374/2374/2374 2381/2381/2381
f 2382/2382/2382 2377/2377/2377 2378/2378/2378
f 2378/2378/2378 2383/2383/2383 2382/2382/2382
f 2382/2382/2382 2383/2383/2383 2384/2384/2384
f 2385/2385/2385 2381/2381/2381 2377/2377/2377
f 2377/2377/2377 2382/2382/2382 2385/2385/2385
f 2382/2382/2382 2384/2384/2384 2386/2386/2386
f 2386/2386/2386 2384/2384/2384 2387/2387/2387
f 2388/2388/2388 2385/2385/2385 2382/2382/2382
f 2382/2382/2382 2386/2386/2386 2388/2388/2388
f 2386/2386/2386 2387/2387/2387 2389/2389/2389
f 2389/2389/2389 2387/2387/2387 2390/2390/2390
f 2391/2391/2391 2388/2388/2388 2386/2386/2386
f 2386/2386/2386 2389/2389/2389 2391/2391/2391
f 2389/2389/2389 2390/2390/2390 2392/2392/2392
f 2392/2392/2392 2390/2390/2390 1255/1255/1255
f 1255/1255/1255 2393/2393/2393 2392/2392/2392
f 1254/1254/1254 2393/2393/2393 1255/1255/1255
f 2389/2389/2389 2392/2392/2392 2394/2394/2394
f 2394/2394/2394 2392/2392/2392 2393/2393/2393
f 2395/2395/2395 2393/2393/2393 1254/1254/1254
f 2394/2394/2394 2393/2393/2393 2395/2395/2395
f 2389/2389/2389 2394/2394/2394 2396/2396/2396
f 2396/2396/2396 2391/2391/2391 2389/2389/2389
f 2396/2396/2396 2394/2394/2394 2395/2395/2395
f 1254/1254/1254 2397/2397/2397 2395/2395/2395
f 2397/2397/2397 1254/1254/1254 1252/1252/1252
f 1252/1252/1252 1259/1259/1259 2397/2397/2397
f 1259/1259/1259 1280/1280/1280 2397/2397/2397
f 2397/2397/2397 1280/1280/1280 2395/2395/2395
f 1280/1280/1280 2398/2398/2398 2395/2395/2395
f 2395/2395/2395 2398/2398/2398 2396/2396/2396
f 1306/1306/1306 2398/2398/2398 1280/1280/1280
f 2396/2396/2396 2399/2399/2399 2391/2391/2391
f 2399/2399/2399 2396/2396/2396 2398/2398/2398
f 2398/2398/2398 1306/1306/1306 2400/2400/2400
f 2400/2400/2400 2399/2399/2399 2398/2398/2398
f 1307/1307/1307 2400/2400/2400 1306/1306/1306
f 2401/2401/2401 2391/2391/2391 2399/2399/2399
f 2391/2391/2391 2401/2401/2401 2388/2388/2388
f 2399/2399/2399 2400/2400/2400 2402/2402/2402
f 2402/2402/2402 2401/2401/2401 2399/2399/2399
f 2400/2400/2400 1307/1307/1307 2403/2403/2403
f 2403/2403/2403 2402/2402/2402 2400/2400/2400
f 1308/1308/1308 2403/2403/2403 1307/1307/1307
f 2404/2404/2404 2388/2388/2388 2401/2401/2401
f 2404/2404/2404 2401/2401/2401 2402/2402/2402
f 2388/2388/2388 2404/2404/2404 2385/2385/2385
f 2402/2402/2402 2403/2403/2403 2405/2405/2405
f 2402/2402/2402 2405/2405/2405 2404/2404/2404
f 2406/2406/2406 2385/2385/2385 2404/2404/2404
f 2406/2406/2406 2404/2404/2404 2405/2405/2405
f 2385/2385/2385 2406/2406/2406 2381/2381/2381
f 2407/2407/2407 2405/2405/2405 2403/2403/2403
f 1308/1308/1308 2407/2407/2407 2403/2403/2403
f 2408/2408/2408 2381/2381/2381 2406/2406/2406
f 2381/2381/2381 2408/2408/2408 2376/2376/2376
f 2405/2405/2405 2409/2409/2409 2406/2406/2406
f 2409/2409/2409 2405/2405/2405 2407/2407/2407
f 2406/2406/2406 2409/2409/2409 2408/2408/2408
f 2410/2410/2410 2376/2376/2376 2408/2408/2408
f 2376/2376/2376 2410/2410/2410 2379/2379/2379
f 2411/2411/2411 2408/2408/2408 2409/2409/2409
f 2408/2408/2408 2411/2411/2411 2410/2410/2410
f 2407/2407/2407 2412/2412/2412 2409/2409/2409
f 2409/2409/2409 2412/2412/2412 2411/2411/2411
f 2413/2413/2413 2407/2407/2407 1308/1308/1308
f 2412/2412/2412 2407/2407/2407 2413/2413/2413
f 2410/2410/2410 2414/2414/2414 2379/2379/2379
f 2414/2414/2414 2410/2410/2410 2411/2411/2411
f 1308/1308/1308 2415/2415/2415 2413/2413/2413
f 2415/2415/2415 1308/1308/1308 1310/1310/1310
f 2413/2413/2413 2416/2416/2416 2412/2412/2412
f 2413/2413/2413 2415/2415/2415 2416/2416/2416
f 2417/2417/2417 2411/2411/2411 2412/2412/2412
f 2411/2411/2411 2417/2417/2417 2414/2414/2414
f 2416/2416/2416 2417/2417/2417 2412/2412/2412
f 2418/2418/2418 2379/2379/2379 2414/2414/2414
f 2418/2418/2418 2380/2380/2380 2379/2379/2379
f 1310/1310/1310 2419/2419/2419 2415/2415/2415
f 1310/1310/1310 2420/2420/2420 2419/2419/2419
f 2421/2421/2421 2419/2419/2419 2420/2420/2420
f 2422/2422/2422 2414/2414/2414 2417/2417/2417
f 2414/2414/2414 2422/2422/2422 2418/2418/2418
f 2423/2423/2423 2417/2417/2417 2416/2416/2416
f 2423/2423/2423 2422/2422/2422 2417/2417/2417
f 2424/2424/2424 2416/2416/2416 2415/2415/2415
f 2424/2424/2424 2415/2415/2415 2419/2419/2419
f 2416/2416/2416 2424/2424/2424 2423/2423/2423
f 2425/2425/2425 2419/2419/2419 2421/2421/2421
f 2419/2419/2419 2425/2425/2425 2424/2424/2424
f 2421/2421/2421 2426/2426/2426 2425/2425/2425
f 2427/2427/2427 2418/2418/2418 2422/2422/2422
f 2427/2427/2427 2422/2422/2422 2423/2423/2423
f 2428/2428/2428 2423/2423/2423 2424/2424/2424
f 2428/2428/2428 2424/2424/2424 2425/2425/2425
f 2423/2423/2423 2428/2428/2428 2427/2427/2427
f 2425/2425/2425 2426/2426/2426 2429/2429/2429
f 2425/2425/2425 2429/2429/2429 2428/2428/2428
f 2430/2430/2430 2418/2418/2418 2427/2427/2427
f 2380/2380/2380 2418/2418/2418 2430/2430/2430
f 2431/2431/2431 2427/2427/2427 2428/2428/2428
f 2431/2431/2431 2428/2428/2428 2429/2429/2429
f 2427/2427/2427 2431/2431/2431 2430/2430/2430
f 2432/2432/2432 2429/2429/2429 2426/2426/2426
f 2426/2426/2426 2433/2433/2433 2432/2432/2432
f 2429/2429/2429 2434/2434/2434 2431/2431/2431
f 2429/2429/2429 2432/2432/2432 2434/2434/2434
f 2435/2435/2435 2430/2430/2430 2431/2431/2431
f 2435/2435/2435 2431/2431/2431 2434/2434/2434
f 2430/2430/2430 2436/2436/2436 2380/2380/2380
f 2430/2430/2430 2435/2435/2435 2436/2436/2436
f 2437/2437/2437 2380/2380/2380 2436/2436/2436
f 2380/2380/2380 2437/2437/2437 2337/2337/2337
f 2434/2434/2434 2438/2438/2438 2435/2435/2435
f 2439/2439/2439 2436/2436/2436 2435/2435/2435
f 2439/2439/2439 2435/2435/2435 2438/2438/2438
f 2440/2440/2440 2434/2434/2434 2432/2432/2432
f 2438/2438/2438 2434/2434/2434 2440/2440/2440
f 2436/2436/2436 2441/2441/2441 2437/2437/2437
f 2441/2441/2441 2436/2436/2436 2439/2439/2439
f 2433/2433/2433 2442/2442/2442 2432/2432/2432
f 2443/2443/2443 2432/2432/2432 2442/2442/2442
f 2443/2443/2443 2440/2440/2440 2432/2432/2432
f 2444/2444/2444 2440/2440/2440 2443/2443/2443
f 2445/2445/2445 2442/2442/2442 2433/2433/2433
f 2442/2442/2442 2445/2445/2445 2443/2443/2443
f 2445/2445/2445 2433/2433/2433 2446/2446/2446
f 2447/2447/2447 2443/2443/2443 2445/2445/2445
f 2443/2443/2443 2447/2447/2447 2444/2444/2444
f 2448/2448/2448 2444/2444/2444 2447/2447/2447
f 2444/2444/2444 2448/2448/2448 2449/2449/2449
f 2440/2440/2440 2450/2450/2450 2438/2438/2438
f 2444/2444/2444 2450/2450/2450 2440/2440/2440
f 2449/2449/2449 2451/2451/2451 2444/2444/2444
f 2451/2451/2451 2449/2449/2449 2452/2452/2452
f 2453/2453/2453 2450/2450/2450 2444/2444/2444
f 2450/2450/2450 2453/2453/2453 2438/2438/2438
f 2444/2444/2444 2451/2451/2451 2453/2453/2453
f 2453/2453/2453 2454/2454/2454 2438/2438/2438
f 2438/2438/2438 2454/2454/2454 2439/2439/2439
f 2455/2455/2455 2453/2453/2453 2451/2451/2451
f 2453/2453/2453 2455/2455/2455 2454/2454/2454
f 2452/2452/2452 2456/2456/2456 2451/2451/2451
f 2451/2451/2451 2456/2456/2456 2455/2455/2455
f 2457/2457/2457 2439/2439/2439 2454/2454/2454
f 2455/2455/2455 2457/2457/2457 2454/2454/2454
f 2456/2456/2456 2452/2452/2452 2458/2458/2458
f 2459/2459/2459 2458/2458/2458 2452/2452/2452
f 2460/2460/2460 2455/2455/2455 2456/2456/2456
f 2460/2460/2460 2457/2457/2457 2455/2455/2455
f 2456/2456/2456 2458/2458/2458 2460/2460/2460
f 2461/2461/2461 2439/2439/2439 2457/2457/2457
f 2439/2439/2439 2461/2461/2461 2441/2441/2441
f 2458/2458/2458 2459/2459/2459 2462/2462/2462
f 2459/2459/2459 2463/2463/2463 2462/2462/2462
f 2462/2462/2462 2463/2463/2463 2464/2464/2464
f 2460/2460/2460 2465/2465/2465 2457/2457/2457
f 2461/2461/2461 2457/2457/2457 2465/2465/2465
f 2466/2466/2466 2460/2460/2460 2458/2458/2458
f 2458/2458/2458 2462/2462/2462 2466/2466/2466
f 2466/2466/2466 2465/2465/2465 2460/2460/2460
f 2464/2464/2464 2467/2467/2467 2462/2462/2462
f 2467/2467/2467 2464/2464/2464 2468/2468/2468
f 2469/2469/2469 2466/2466/2466 2462/2462/2462
f 2462/2462/2462 2467/2467/2467 2469/2469/2469
f 2468/2468/2468 2470/2470/2470 2467/2467/2467
f 2470/2470/2470 2468/2468/2468 2471/2471/2471
f 2472/2472/2472 2465/2465/2465 2466/2466/2466
f 2469/2469/2469 2472/2472/2472 2466/2466/2466
f 2473/2473/2473 2469/2469/2469 2467/2467/2467
f 2467/2467/2467 2470/2470/2470 2473/2473/2473
f 2471/2471/2471 2474/2474/2474 2470/2470/2470
f 2474/2474/2474 2471/2471/2471 2475/2475/2475
f 2476/2476/2476 2472/2472/2472 2469/2469/2469
f 2473/2473/2473 2476/2476/2476 2469/2469/2469
f 2465/2465/2465 2472/2472/2472 2477/2477/2477
f 2476/2476/2476 2477/2477/2477 2472/2472/2472
f 2478/2478/2478 2473/2473/2473 2470/2470/2470
f 2470/2470/2470 2474/2474/2474 2478/2478/2478
f 2474/2474/2474 2475/2475/2475 2479/2479/2479
f 2479/2479/2479 2475/2475/2475 2480/2480/2480
f 2473/2473/2473 2481/2481/2481 2476/2476/2476
f 2473/2473/2473 2478/2478/2478 2481/2481/2481
f 2474/2474/2474 2479/2479/2479 2482/2482/2482
f 2482/2482/2482 2478/2478/2478 2474/2474/2474
f 2483/2483/2483 2482/2482/2482 2479/2479/2479
f 2484/2484/2484 2483/2483/2483 2479/2479/2479
f 2485/2485/2485 2483/2483/2483 2484/2484/2484
f 2478/2478/2478 2482/2482/2482 2486/2486/2486
f 2483/2483/2483 2486/2486/2486 2482/2482/2482
f 2487/2487/2487 2477/2477/2477 2476/2476/2476
f 2487/2487/2487 2476/2476/2476 2481/2481/2481
f 2487/2487/2487 2488/2488/2488 2477/2477/2477
f 2478/2478/2478 2489/2489/2489 2481/2481/2481
f 2486/2486/2486 2489/2489/2489 2478/2478/2478
f 2481/2481/2481 2490/2490/2490 2487/2487/2487
f 2489/2489/2489 2490/2490/2490 2481/2481/2481
f 2490/2490/2490 2488/2488/2488 2487/2487/2487
f 2491/2491/2491 2486/2486/2486 2483/2483/2483
f 2485/2485/2485 2491/2491/2491 2483/2483/2483
f 2492/2492/2492 2489/2489/2489 2486/2486/2486
f 2492/2492/2492 2486/2486/2486 2491/2491/2491
f 2490/2490/2490 2489/2489/2489 2492/2492/2492
f 2491/2491/2491 2485/2485/2485 2492/2492/2492
f 2492/2492/2492 2493/2493/2493 2490/2490/2490
f 2488/2488/2488 2490/2490/2490 2493/2493/2493
f 2485/2485/2485 2494/2494/2494 2492/2492/2492
f 2493/2493/2493 2492/2492/2492 2494/2494/2494
f 2485/2485/2485 2495/2495/2495 2494/2494/2494
f 2495/2495/2495 2485/2485/2485 2496/2496/2496
f 2497/2497/2497 2494/2494/2494 2495/2495/2495
f 2494/2494/2494 2497/2497/2497 2498/2498/2498
f 2498/2498/2498 2493/2493/2493 2494/2494/2494
f 2488/2488/2488 2493/2493/2493 2498/2498/2498
f 2498/2498/2498 2499/2499/2499 2488/2488/2488
f 2488/2488/2488 2499/2499/2499 2500/2500/2500
f 2500/2500/2500 2501/2501/2501 2488/2488/2488
f 2501/2501/2501 2477/2477/2477 2488/2488/2488
f 2501/2501/2501 2500/2500/2500 2502/2502/2502
f 2503/2503/2503 2477/2477/2477 2501/2501/2501
f 2477/2477/2477 2503/2503/2503 2465/2465/2465
f 2465/2465/2465 2503/2503/2503 2461/2461/2461
f 2502/2502/2502 2504/2504/2504 2501/2501/2501
f 2501/2501/2501 2504/2504/2504 2503/2503/2503
f 2504/2504/2504 2502/2502/2502 2505/2505/2505
f 2461/2461/2461 2503/2503/2503 2506/2506/2506
f 2504/2504/2504 2506/2506/2506 2503/2503/2503
f 2505/2505/2505 2506/2506/2506 2504/2504/2504
f 2506/2506/2506 2441/2441/2441 2461/2461/2461
f 2506/2506/2506 2505/2505/2505 2507/2507/2507
f 2505/2505/2505 2508/2508/2508 2507/2507/2507
f 2509/2509/2509 2441/2441/2441 2506/2506/2506
f 2506/2506/2506 2507/2507/2507 2509/2509/2509
f 2509/2509/2509 2437/2437/2437 2441/2441/2441
f 2507/2507/2507 2508/2508/2508 2510/2510/2510
f 2509/2509/2509 2507/2507/2507 2510/2510/2510
f 2508/2508/2508 2511/2511/2511 2510/2510/2510
f 2509/2509/2509 2512/2512/2512 2437/2437/2437
f 2512/2512/2512 2337/2337/2337 2437/2437/2437
f 2510/2510/2510 2513/2513/2513 2509/2509/2509
f 2509/2509/2509 2513/2513/2513 2512/2512/2512
f 2510/2510/2510 2511/2511/2511 2514/2514/2514
f 2511/2511/2511 2515/2515/2515 2514/2514/2514
f 2516/2516/2516 2513/2513/2513 2510/2510/2510
f 2510/2510/2510 2514/2514/2514 2516/2516/2516
f 2513/2513/2513 2517/2517/2517 2512/2512/2512
f 2516/2516/2516 2517/2517/2517 2513/2513/2513
f 2512/2512/2512 2518/2518/2518 2337/2337/2337
f 2517/2517/2517 2518/2518/2518 2512/2512/2512
f 2518/2518/2518 2519/2519/2519 2337/2337/2337
f 2519/2519/2519 2520/2520/2520 2337/2337/2337
f 2519/2519/2519 2521/2521/2521 2520/2520/2520
f 2521/2521/2521 2519/2519/2519 2522/2522/2522
f 2523/2523/2523 2522/2522/2522 2519/2519/2519
f 2524/2524/2524 2514/2514/2514 2515/2515/2515
f 2515/2515/2515 2525/2525/2525 2524/2524/2524
f 2526/2526/2526 2516/2516/2516 2514/2514/2514
f 2514/2514/2514 2524/2524/2524 2526/2526/2526
f 2516/2516/2516 2527/2527/2527 2517/2517/2517
f 2516/2516/2516 2526/2526/2526 2527/2527/2527
f 2528/2528/2528 2518/2518/2518 2517/2517/2517
f 2528/2528/2528 2519/2519/2519 2518/2518/2518
f 2527/2527/2527 2528/2528/2528 2517/2517/2517
f 2529/2529/2529 2523/2523/2523 2519/2519/2519
f 2519/2519/2519 2528/2528/2528 2529/2529/2529
f 2530/2530/2530 2523/2523/2523 2529/2529/2529
f 2531/2531/2531 2530/2530/2530 2529/2529/2529
f 2531/2531/2531 2529/2529/2529 2528/2528/2528
f 2532/2532/2532 2530/2530/2530 2531/2531/2531
f 2533/2533/2533 2524/2524/2524 2525/2525/2525
f 2525/2525/2525 2534/2534/2534 2533/2533/2533
f 2535/2535/2535 2526/2526/2526 2524/2524/2524
f 2524/2524/2524 2533/2533/2533 2535/2535/2535
f 2527/2527/2527 2536/2536/2536 2528/2528/2528
f 2528/2528/2528 2536/2536/2536 2531/2531/2531
f 2527/2527/2527 2526/2526/2526 2537/2537/2537
f 2527/2527/2527 2537/2537/2537 2536/2536/2536
f 2537/2537/2537 2526/2526/2526 2535/2535/2535
f 2531/2531/2531 2538/2538/2538 2532/2532/2532
f 2539/2539/2539 2532/2532/2532 2538/2538/2538
f 2531/2531/2531 2536/2536/2536 2540/2540/2540
f 2540/2540/2540 2536/2536/2536 2537/2537/2537
f 2531/2531/2531 2540/2540/2540 2538/2538/2538
f 2533/2533/2533 2534/2534/2534 2541/2541/2541
f 2542/2542/2542 2541/2541/2541 2534/2534/2534
f 2542/2542/2542 2539/2539/2539 2543/2543/2543
f 2538/2538/2538 2543/2543/2543 2539/2539/2539
f 2543/2543/2543 2541/2541/2541 2542/2542/2542
f 2541/2541/2541 2544/2544/2544 2533/2533/2533
f 2544/2544/2544 2535/2535/2535 2533/2533/2533
f 2543/2543/2543 2544/2544/2544 2541/2541/2541
f 2537/2537/2537 2535/2535/2535 2545/2545/2545
f 2540/2540/2540 2537/2537/2537 2545/2545/2545
f 2544/2544/2544 2545/2545/2545 2535/2535/2535
f 2538/2538/2538 2546/2546/2546 2543/2543/2543
f 2538/2538/2538 2540/2540/2540 2546/2546/2546
f 2540/2540/2540 2545/2545/2545 2546/2546/2546
f 2544/2544/2544 2546/2546/2546 2545/2545/2545
f 2543/2543/2543 2546/2546/2546 2544/2544/2544
f 2549/2549/2549 2548/2548/2548 2547/2547/2547
f 2548/2548/2548 2549/2549/2549 2550/2550/2550
f 2553/2553/2553 2552/2552/2552 2551/2551/2551
f 2554/2554/2554 2553/2553/2553 2551/2551/2551
f 2555/2555/2555 2554/2554/2554 2551/2551/2551
f 2556/2556/2556 2554/2554/2554 2555/2555/2555
f 2554/2554/2554 2556/2556/2556 2557/2557/2557
f 2558/2558/2558 2553/2553/2553 2554/2554/2554
f 2557/2557/2557 2559/2559/2559 2554/2554/2554
f 2554/2554/2554 2559/2559/2559 2558/2558/2558
f 2559/2559/2559 2557/2557/2557 2560/2560/2560
f 2559/2559/2559 2561/2561/2561 2558/2558/2558
f 2560/2560/2560 2561/2561/2561 2559/2559/2559
f 2561/2561/2561 2562/2562/2562 2558/2558/2558
f 2563/2563/2563 2561/2561/2561 2560/2560/2560
f 2561/2561/2561 2564/2564/2564 2562/2562/2562
f 2563/2563/2563 2564/2564/2564 2561/2561/2561
f 2564/2564/2564 2565/2565/2565 2562/2562/2562
f 2564/2564/2564 2563/2563/2563 2566/2566/2566
f 2567/2567/2567 2565/2565/2565 2564/2564/2564
f 2566/2566/2566 2568/2568/2568 2564/2564/2564
f 2564/2564/2564 2568/2568/2568 2567/2567/2567
f 2569/2569/2569 2565/2565/2565 2567/2567/2567
f 2569/2569/2569 2570/2570/2570 2565/2565/2565
f 2571/2571/2571 2569/2569/2569 2567/2567/2567
f 2571/2571/2571 2567/2567/2567 2568/2568/2568
f 2572/2572/2572 2569/2569/2569 2571/2571/2571
f 2568/2568/2568 2566/2566/2566 2573/2573/2573
f 2574/2574/2574 2573/2573/2573 2566/2566/2566
f 2575/2575/2575 2573/2573/2573 2574/2574/2574
f 2573/2573/2573 2576/2576/2576 2568/2568/2568
f 2568/2568/2568 2576/2576/2576 2571/2571/2571
f 2577/2577/2577 2573/2573/2573 2575/2575/2575
f 2576/2576/2576 2573/2573/2573 2577/2577/2577
f 2578/2578/2578 2577/2577/2577 2575/2575/2575
f 2579/2579/2579 2572/2572/2572 2571/2571/2571
f 2580/2580/2580 2572/2572/2572 2579/2579/2579
f 2581/2581/2581 2571/2571/2571 2576/2576/2576
f 2577/2577/2577 2581/2581/2581 2576/2576/2576
f 2581/2581/2581 2579/2579/2579 2571/2571/2571
f 2582/2582/2582 2580/2580/2580 2579/2579/2579
f 2583/2583/2583 2580/2580/2580 2582/2582/2582
f 2584/2584/2584 2583/2583/2583 2582/2582/2582
f 2585/2585/2585 2579/2579/2579 2581/2581/2581
f 2577/2577/2577 2585/2585/2585 2581/2581/2581
f 2585/2585/2585 2582/2582/2582 2579/2579/2579
f 2578/2578/2578 2586/2586/2586 2577/2577/2577
f 2586/2586/2586 2585/2585/2585 2577/2577/2577
f 2587/2587/2587 2586/2586/2586 2578/2578/2578
f 2578/2578/2578 2588/2588/2588 2587/2587/2587
f 2588/2588/2588 2589/2589/2589 2587/2587/2587
f 2587/2587/2587 2589/2589/2589 2590/2590/2590
f 2586/2586/2586 2591/2591/2591 2585/2585/2585
f 2591/2591/2591 2582/2582/2582 2585/2585/2585
f 2587/2587/2587 2591/2591/2591 2586/2586/2586
f 2582/2582/2582 2592/2592/2592 2584/2584/2584
f 2591/2591/2591 2592/2592/2592 2582/2582/2582
f 2587/2587/2587 2593/2593/2593 2591/2591/2591
f 2593/2593/2593 2592/2592/2592 2591/2591/2591
f 2592/2592/2592 2594/2594/2594 2584/2584/2584
f 2593/2593/2593 2594/2594/2594 2592/2592/2592
f 2594/2594/2594 2595/2595/2595 2584/2584/2584
f 2595/2595/2595 2594/2594/2594 2596/2596/2596
f 2596/2596/2596 2597/2597/2597 2595/2595/2595
f 2590/2590/2590 2598/2598/2598 2587/2587/2587
f 2598/2598/2598 2593/2593/2593 2587/2587/2587
f 2594/2594/2594 2593/2593/2593 2599/2599/2599
f 2599/2599/2599 2596/2596/2596 2594/2594/2594
f 2597/2597/2597 2596/2596/2596 2600/2600/2600
f 2600/2600/2600 2601/2601/2601 2597/2597/2597
f 2602/2602/2602 2593/2593/2593 2598/2598/2598
f 2602/2602/2602 2599/2599/2599 2593/2593/2593
f 2596/2596/2596 2599/2599/2599 2603/2603/2603
f 2603/2603/2603 2600/2600/2600 2596/2596/2596
f 2601/2601/2601 2600/2600/2600 2604/2604/2604
f 2604/2604/2604 2605/2605/2605 2601/2601/2601
f 2606/2606/2606 2599/2599/2599 2602/2602/2602
f 2606/2606/2606 2603/2603/2603 2599/2599/2599
f 2603/2603/2603 2607/2607/2607 2600/2600/2600
f 2607/2607/2607 2604/2604/2604 2600/2600/2600
f 2605/2605/2605 2604/2604/2604 2608/2608/2608
f 2608/2608/2608 2609/2609/2609 2605/2605/2605
f 2606/2606/2606 2610/2610/2610 2603/2603/2603
f 2610/2610/2610 2607/2607/2607 2603/2603/2603
f 2604/2604/2604 2607/2607/2607 2611/2611/2611
f 2611/2611/2611 2608/2608/2608 2604/2604/2604
f 2612/2612/2612 2609/2609/2609 2608/2608/2608
f 2612/2612/2612 2613/2613/2613 2609/2609/2609
f 2614/2614/2614 2607/2607/2607 2610/2610/2610
f 2614/2614/2614 2611/2611/2611 2607/2607/2607
f 2615/2615/2615 2608/2608/2608 2611/2611/2611
f 2615/2615/2615 2612/2612/2612 2608/2608/2608
f 2616/2616/2616 2613/2613/2613 2612/2612/2612
f 2616/2616/2616 2617/2617/2617 2613/2613/2613
f 2618/2618/2618 2611/2611/2611 2614/2614/2614
f 2618/2618/2618 2615/2615/2615 2611/2611/2611
f 2619/2619/2619 2614/2614/2614 2610/2610/2610
f 2618/2618/2618 2614/2614/2614 2619/2619/2619
f 2610/2610/2610 2620/2620/2620 2619/2619/2619
f 2620/2620/2620 2610/2610/2610 2606/2606/2606
f 2606/2606/2606 2621/2621/2621 2620/2620/2620
f 2621/2621/2621 2606/2606/2606 2602/2602/2602
f 2602/2602/2602 2622/2622/2622 2621/2621/2621
f 2622/2622/2622 2602/2602/2602 2598/2598/2598
f 2622/2622/2622 2598/2598/2598 2623/2623/2623
f 2623/2623/2623 2598/2598/2598 2590/2590/2590
f 2623/2623/2623 2590/2590/2590 2624/2624/2624
f 2624/2624/2624 2590/2590/2590 2625/2625/2625
f 2626/2626/2626 2625/2625/2625 2590/2590/2590
f 2627/2627/2627 2625/2625/2625 2626/2626/2626
f 2628/2628/2628 2627/2627/2627 2626/2626/2626
f 2629/2629/2629 2627/2627/2627 2628/2628/2628
f 2630/2630/2630 2629/2629/2629 2628/2628/2628
f 2629/2629/2629 2630/2630/2630 2631/2631/2631
f 2632/2632/2632 2631/2631/2631 2630/2630/2630
f 2631/2631/2631 2632/2632/2632 2633/2633/2633
f 2634/2634/2634 2633/2633/2633 2632/2632/2632
f 2633/2633/2633 2634/2634/2634 2635/2635/2635
f 2636/2636/2636 2635/2635/2635 2634/2634/2634
f 2635/2635/2635 2636/2636/2636 2637/2637/2637
f 2640/2640/2640 2639/2639/2639 2638/2638/2638
f 2640/2640/2640 2641/2641/2641 2639/2639/2639
f 2641/2641/2641 2642/2642/2642 2639/2639/2639
f 2641/2641/2641 2643/2643/2643 2642/2642/2642
f 2641/2641/2641 2640/2640/2640 2644/2644/2644
f 2644/2644/2644 2643/2643/2643 2641/2641/2641
f 2645/2645/2645 2644/2644/2644 2640/2640/2640
f 2644/2644/2644 2646/2646/2646 2643/2643/2643
f 2647/2647/2647 2644/2644/2644 2645/2645/2645
f 2646/2646/2646 2644/2644/2644 2647/2647/2647
f 2645/2645/2645 2648/2648/2648 2647/2647/2647
f 2647/2647/2647 2649/2649/2649 2646/2646/2646
f 2650/2650/2650 2647/2647/2647 2648/2648/2648
f 2651/2651/2651 2650/2650/2650 2648/2648/2648
f 2647/2647/2647 2652/2652/2652 2649/2649/2649
f 2647/2647/2647 2650/2650/2650 2652/2652/2652
f 2652/2652/2652 2653/2653/2653 2649/2649/2649
f 2654/2654/2654 2652/2652/2652 2650/2650/2650
f 2651/2651/2651 2654/2654/2654 2650/2650/2650
f 2652/2652/2652 2655/2655/2655 2653/2653/2653
f 2654/2654/2654 2655/2655/2655 2652/2652/2652
f 2655/2655/2655 2656/2656/2656 2653/2653/2653
f 2657/2657/2657 2656/2656/2656 2655/2655/2655
f 2657/2657/2657 2658/2658/2658 2656/2656/2656
f 2659/2659/2659 2655/2655/2655 2654/2654/2654
f 2659/2659/2659 2657/2657/2657 2655/2655/2655
f 2660/2660/2660 2658/2658/2658 2657/2657/2657
f 2658/2658/2658 2660/2660/2660 2661/2661/2661
f 2662/2662/2662 2660/2660/2660 2657/2657/2657
f 2662/2662/2662 2657/2657/2657 2659/2659/2659
f 2663/2663/2663 2661/2661/2661 2660/2660/2660
f 2663/2663/2663 2660/2660/2660 2662/2662/2662
f 2661/2661/2661 2663/2663/2663 2664/2664/2664
f 2665/2665/2665 2659/2659/2659 2654/2654/2654
f 2651/2651/2651 2665/2665/2665 2654/2654/2654
f 2665/2665/2665 2666/2666/2666 2659/2659/2659
f 2662/2662/2662 2659/2659/2659 2666/2666/2666
f 2651/2651/2651 2667/2667/2667 2665/2665/2665
f 2668/2668/2668 2667/2667/2667 2651/2651/2651
f 2651/2651/2651 2669/2669/2669 2668/2668/2668
f 2666/2666/2666 2670/2670/2670 2662/2662/2662
f 2671/2671/2671 2662/2662/2662 2670/2670/2670
f 2662/2662/2662 2671/2671/2671 2663/2663/2663
f 2670/2670/2670 2672/2672/2672 2671/2671/2671
f 2673/2673/2673 2664/2664/2664 2663/2663/2663
f 2673/2673/2673 2663/2663/2663 2671/2671/2671
f 2674/2674/2674 2664/2664/2664 2673/2673/2673
f 2675/2675/2675 2671/2671/2671 2672/2672/2672
f 2671/2671/2671 2675/2675/2675 2673/2673/2673
f 2672/2672/2672 2676/2676/2676 2675/2675/2675
f 2675/2675/2675 2676/2676/2676 2677/2677/2677
f 2677/2677/2677 2678/2678/2678 2675/2675/2675
f 2678/2678/2678 2673/2673/2673 2675/2675/2675
f 2677/2677/2677 2679/2679/2679 2678/2678/2678
f 2673/2673/2673 2680/2680/2680 2674/2674/2674
f 2678/2678/2678 2680/2680/2680 2673/2673/2673
f 2680/2680/2680 2681/2681/2681 2674/2674/2674
f 2682/2682/2682 2681/2681/2681 2680/2680/2680
f 2679/2679/2679 2683/2683/2683 2678/2678/2678
f 2680/2680/2680 2678/2678/2678 2683/2683/2683
f 2679/2679/2679 2684/2684/2684 2683/2683/2683
f 2680/2680/2680 2685/2685/2685 2682/2682/2682
f 2683/2683/2683 2685/2685/2685 2680/2680/2680
f 2686/2686/2686 2682/2682/2682 2685/2685/2685
f 2684/2684/2684 2687/2687/2687 2683/2683/2683
f 2685/2685/2685 2683/2683/2683 2687/2687/2687
f 2684/2684/2684 2688/2688/2688 2687/2687/2687
f 2685/2685/2685 2689/2689/2689 2686/2686/2686
f 2687/2687/2687 2689/2689/2689 2685/2685/2685
f 2686/2686/2686 2689/2689/2689 2690/2690/2690
f 2691/2691/2691 2690/2690/2690 2689/2689/2689
f 2687/2687/2687 2691/2691/2691 2689/2689/2689
f 2692/2692/2692 2690/2690/2690 2691/2691/2691
f 2688/2688/2688 2693/2693/2693 2687/2687/2687
f 2693/2693/2693 2691/2691/2691 2687/2687/2687
f 2688/2688/2688 2694/2694/2694 2693/2693/2693
f 2691/2691/2691 2695/2695/2695 2692/2692/2692
f 2695/2695/2695 2691/2691/2691 2693/2693/2693
f 2694/2694/2694 2696/2696/2696 2693/2693/2693
f 2693/2693/2693 2696/2696/2696 2695/2695/2695
f 2692/2692/2692 2695/2695/2695 2697/2697/2697
f 2697/2697/2697 2695/2695/2695 2696/2696/2696
f 2697/2697/2697 2698/2698/2698 2692/2692/2692
f 2699/2699/2699 2696/2696/2696 2694/2694/2694
f 2696/2696/2696 2699/2699/2699 2697/2697/2697
f 2694/2694/2694 2700/2700/2700 2699/2699/2699
f 2701/2701/2701 2699/2699/2699 2700/2700/2700
f 2697/2697/2697 2699/2699/2699 2701/2701/2701
f 2700/2700/2700 2702/2702/2702 2701/2701/2701
f 2698/2698/2698 2697/2697/2697 2703/2703/2703
f 2701/2701/2701 2703/2703/2703 2697/2697/2697
f 2703/2703/2703 2704/2704/2704 2698/2698/2698
f 2705/2705/2705 2701/2701/2701 2702/2702/2702
f 2705/2705/2705 2703/2703/2703 2701/2701/2701
f 2702/2702/2702 2706/2706/2706 2705/2705/2705
f 2705/2705/2705 2706/2706/2706 2707/2707/2707
f 2704/2704/2704 2703/2703/2703 2708/2708/2708
f 2703/2703/2703 2705/2705/2705 2708/2708/2708
f 2707/2707/2707 2708/2708/2708 2705/2705/2705
f 2708/2708/2708 2709/2709/2709 2704/2704/2704
f 2707/2707/2707 2709/2709/2709 2708/2708/2708
f 2712/2712/2712 2711/2711/2711 2710/2710/2710
f 2712/2712/2712 2713/2713/2713 2711/2711/2711
f 2713/2713/2713 2712/2712/2712 2714/2714/2714
f 2714/2714/2714 2715/2715/2715 2713/2713/2713
f 2715/2715/2715 2714/2714/2714 2716/2716/2716
f 2716/2716/2716 2717/2717/2717 2715/2715/2715
f 2717/2717/2717 2716/2716/2716 2718/2718/2718
f 2718/2718/2718 2719/2719/2719 2717/2717/2717
f 2719/2719/2719 2718/2718/2718 2720/2720/2720
f 2715/2715/2715 2717/2717/2717 2721/2721/2721
f 2721/2721/2721 2717/2717/2717 2719/2719/2719
f 2713/2713/2713 2715/2715/2715 2722/2722/2722
f 2721/2721/2721 2722/2722/2722 2715/2715/2715
f 2720/2720/2720 2723/2723/2723 2719/2719/2719
f 2723/2723/2723 2720/2720/2720 2724/2724/2724
f 2711/2711/2711 2713/2713/2713 2725/2725/2725
f 2722/2722/2722 2725/2725/2725 2713/2713/2713
f 2719/2719/2719 2726/2726/2726 2721/2721/2721
f 2726/2726/2726 2719/2719/2719 2723/2723/2723
f 2724/2724/2724 2727/2727/2727 2723/2723/2723
f 2728/2728/2728 2727/2727/2727 2724/2724/2724
f 2723/2723/2723 2729/2729/2729 2726/2726/2726
f 2727/2727/2727 2729/2729/2729 2723/2723/2723
f 2727/2727/2727 2728/2728/2728 2730/2730/2730
f 2731/2731/2731 2730/2730/2730 2728/2728/2728
f 2727/2727/2727 2732/2732/2732 2729/2729/2729
f 2730/2730/2730 2732/2732/2732 2727/2727/2727
f 2726/2726/2726 2729/2729/2729 2733/2733/2733
f 2733/2733/2733 2729/2729/2729 2732/2732/2732
f 2721/2721/2721 2734/2734/2734 2722/2722/2722
f 2721/2721/2721 2726/2726/2726 2735/2735/2735
f 2721/2721/2721 2735/2735/2735 2734/2734/2734
f 2722/2722/2722 2736/2736/2736 2725/2725/2725
f 2722/2722/2722 2734/2734/2734 2736/2736/2736
f 2733/2733/2733 2737/2737/2737 2726/2726/2726
f 2726/2726/2726 2737/2737/2737 2735/2735/2735
f 2735/2735/2735 2738/2738/2738 2734/2734/2734
f 2738/2738/2738 2739/2739/2739 2734/2734/2734
f 2736/2736/2736 2734/2734/2734 2739/2739/2739
f 2740/2740/2740 2738/2738/2738 2735/2735/2735
f 2737/2737/2737 2740/2740/2740 2735/2735/2735
f 2741/2741/2741 2740/2740/2740 2737/2737/2737
f 2737/2737/2737 2733/2733/2733 2741/2741/2741
f 2739/2739/2739 2742/2742/2742 2736/2736/2736
f 2743/2743/2743 2741/2741/2741 2733/2733/2733
f 2736/2736/2736 2742/2742/2742 2744/2744/2744
f 2733/2733/2733 2745/2745/2745 2743/2743/2743
f 2743/2743/2743 2745/2745/2745 2746/2746/2746
f 2732/2732/2732 2745/2745/2745 2733/2733/2733
f 2736/2736/2736 2744/2744/2744 2747/2747/2747
f 2725/2725/2725 2736/2736/2736 2747/2747/2747
f 2747/2747/2747 2744/2744/2744 2748/2748/2748
f 2749/2749/2749 2746/2746/2746 2745/2745/2745
f 2732/2732/2732 2749/2749/2749 2745/2745/2745
f 2746/2746/2746 2749/2749/2749 2750/2750/2750
f 2750/2750/2750 2751/2751/2751 2746/2746/2746
f 2732/2732/2732 2752/2752/2752 2749/2749/2749
f 2749/2749/2749 2752/2752/2752 2750/2750/2750
f 2730/2730/2730 2752/2752/2752 2732/2732/2732
f 2751/2751/2751 2750/2750/2750 2753/2753/2753
f 2753/2753/2753 2754/2754/2754 2751/2751/2751
f 2731/2731/2731 2754/2754/2754 2753/2753/2753
f 2730/2730/2730 2731/2731/2731 2755/2755/2755
f 2730/2730/2730 2755/2755/2755 2752/2752/2752
f 2753/2753/2753 2755/2755/2755 2731/2731/2731
f 2750/2750/2750 2756/2756/2756 2753/2753/2753
f 2752/2752/2752 2756/2756/2756 2750/2750/2750
f 2756/2756/2756 2755/2755/2755 2753/2753/2753
f 2752/2752/2752 2755/2755/2755 2756/2756/2756
f 2747/2747/2747 2748/2748/2748 2757/2757/2757
f 2758/2758/2758 2757/2757/2757 2748/2748/2748
f 2748/2748/2748 2759/2759/2759 2758/2758/2758
f 2760/2760/2760 2758/2758/2758 2759/2759/2759
f 2761/2761/2761 2760/2760/2760 2759/2759/2759
f 2762/2762/2762 2757/2757/2757 2758/2758/2758
f 2762/2762/2762 2758/2758/2758 2760/2760/2760
f 2747/2747/2747 2757/2757/2757 2763/2763/2763
f 2762/2762/2762 2763/2763/2763 2757/2757/2757
f 2764/2764/2764 2760/2760/2760 2761/2761/2761
f 2761/2761/2761 2765/2765/2765 2764/2764/2764
f 2765/2765/2765 2766/2766/2766 2764/2764/2764
f 2763/2763/2763 2767/2767/2767 2747/2747/2747
f 2725/2725/2725 2747/2747/2747 2767/2767/2767
f 2725/2725/2725 2767/2767/2767 2711/2711/2711
f 2767/2767/2767 2763/2763/2763 2768/2768/2768
f 2768/2768/2768 2711/2711/2711 2767/2767/2767
f 2768/2768/2768 2763/2763/2763 2762/2762/2762
f 2760/2760/2760 2769/2769/2769 2762/2762/2762
f 2769/2769/2769 2760/2760/2760 2764/2764/2764
f 2764/2764/2764 2766/2766/2766 2770/2770/2770
f 2771/2771/2771 2770/2770/2770 2766/2766/2766
f 2768/2768/2768 2772/2772/2772 2711/2711/2711
f 2773/2773/2773 2711/2711/2711 2772/2772/2772
f 2772/2772/2772 2768/2768/2768 2774/2774/2774
f 2768/2768/2768 2762/2762/2762 2775/2775/2775
f 2775/2775/2775 2774/2774/2774 2768/2768/2768
f 2775/2775/2775 2762/2762/2762 2769/2769/2769
f 2774/2774/2774 2775/2775/2775 2776/2776/2776
f 2777/2777/2777 2776/2776/2776 2775/2775/2775
f 2775/2775/2775 2769/2769/2769 2777/2777/2777
f 2776/2776/2776 2777/2777/2777 2778/2778/2778
f 2764/2764/2764 2779/2779/2779 2769/2769/2769
f 2779/2779/2779 2764/2764/2764 2770/2770/2770
f 2777/2777/2777 2769/2769/2769 2779/2779/2779
f 2780/2780/2780 2778/2778/2778 2777/2777/2777
f 2777/2777/2777 2779/2779/2779 2780/2780/2780
f 2778/2778/2778 2780/2780/2780 2781/2781/2781
f 2770/2770/2770 2782/2782/2782 2779/2779/2779
f 2780/2780/2780 2779/2779/2779 2782/2782/2782
f 2782/2782/2782 2770/2770/2770 2771/2771/2771
f 2783/2783/2783 2781/2781/2781 2780/2780/2780
f 2780/2780/2780 2782/2782/2782 2783/2783/2783
f 2781/2781/2781 2783/2783/2783 2784/2784/2784
f 2771/2771/2771 2785/2785/2785 2782/2782/2782
f 2783/2783/2783 2782/2782/2782 2785/2785/2785
f 2783/2783/2783 2785/2785/2785 2784/2784/2784
f 2785/2785/2785 2771/2771/2771 2786/2786/2786
f 2784/2784/2784 2785/2785/2785 2787/2787/2787
f 2786/2786/2786 2787/2787/2787 2785/2785/2785
f 2787/2787/2787 2786/2786/2786 2788/2788/2788
f 2787/2787/2787 2789/2789/2789 2784/2784/2784
f 2788/2788/2788 2790/2790/2790 2787/2787/2787
f 2789/2789/2789 2787/2787/2787 2790/2790/2790
f 2790/2790/2790 2788/2788/2788 2791/2791/2791
f 2791/2791/2791 2792/2792/2792 2790/2790/2790
f 2792/2792/2792 2791/2791/2791 2793/2793/2793
f 2790/2790/2790 2794/2794/2794 2789/2789/2789
f 2794/2794/2794 2790/2790/2790 2792/2792/2792
f 2793/2793/2793 2795/2795/2795 2792/2792/2792
f 2795/2795/2795 2793/2793/2793 2796/2796/2796
f 2797/2797/2797 2794/2794/2794 2792/2792/2792
f 2797/2797/2797 2792/2792/2792 2795/2795/2795
f 2797/2797/2797 2795/2795/2795 2798/2798/2798
f 2796/2796/2796 2799/2799/2799 2795/2795/2795
f 2798/2798/2798 2795/2795/2795 2799/2799/2799
f 2799/2799/2799 2796/2796/2796 2800/2800/2800
f 2794/2794/2794 2797/2797/2797 2801/2801/2801
f 2797/2797/2797 2798/2798/2798 2801/2801/2801
f 2789/2789/2789 2794/2794/2794 2802/2802/2802
f 2801/2801/2801 2802/2802/2802 2794/2794/2794
f 2803/2803/2803 2799/2799/2799 2800/2800/2800
f 2803/2803/2803 2800/2800/2800 2804/2804/2804
f 2798/2798/2798 2799/2799/2799 2805/2805/2805
f 2805/2805/2805 2799/2799/2799 2803/2803/2803
f 2803/2803/2803 2804/2804/2804 2806/2806/2806
f 2804/2804/2804 2807/2807/2807 2806/2806/2806
f 2802/2802/2802 2808/2808/2808 2789/2789/2789
f 2809/2809/2809 2789/2789/2789 2808/2808/2808
f 2810/2810/2810 2805/2805/2805 2803/2803/2803
f 2810/2810/2810 2803/2803/2803 2806/2806/2806
f 2808/2808/2808 2811/2811/2811 2809/2809/2809
f 2812/2812/2812 2809/2809/2809 2811/2811/2811
f 2811/2811/2811 2813/2813/2813 2812/2812/2812
f 2812/2812/2812 2813/2813/2813 2814/2814/2814
f 2813/2813/2813 2815/2815/2815 2814/2814/2814
f 2814/2814/2814 2815/2815/2815 2816/2816/2816
f 2817/2817/2817 2813/2813/2813 2811/2811/2811
f 2817/2817/2817 2815/2815/2815 2813/2813/2813
f 2818/2818/2818 2811/2811/2811 2808/2808/2808
f 2817/2817/2817 2811/2811/2811 2818/2818/2818
f 2819/2819/2819 2808/2808/2808 2802/2802/2802
f 2818/2818/2818 2808/2808/2808 2819/2819/2819
f 2820/2820/2820 2816/2816/2816 2815/2815/2815
f 2816/2816/2816 2820/2820/2820 2821/2821/2821
f 2822/2822/2822 2821/2821/2821 2820/2820/2820
f 2821/2821/2821 2822/2822/2822 2823/2823/2823
f 2824/2824/2824 2820/2820/2820 2815/2815/2815
f 2824/2824/2824 2822/2822/2822 2820/2820/2820
f 2822/2822/2822 2825/2825/2825 2823/2823/2823
f 2826/2826/2826 2823/2823/2823 2825/2825/2825
f 2827/2827/2827 2815/2815/2815 2817/2817/2817
f 2815/2815/2815 2827/2827/2827 2824/2824/2824
f 2817/2817/2817 2818/2818/2818 2828/2828/2828
f 2828/2828/2828 2818/2818/2818 2819/2819/2819
f 2829/2829/2829 2819/2819/2819 2802/2802/2802
f 2829/2829/2829 2802/2802/2802 2801/2801/2801
f 2830/2830/2830 2828/2828/2828 2819/2819/2819
f 2830/2830/2830 2819/2819/2819 2829/2829/2829
f 2831/2831/2831 2830/2830/2830 2829/2829/2829
f 2832/2832/2832 2831/2831/2831 2829/2829/2829
f 2828/2828/2828 2833/2833/2833 2817/2817/2817
f 2827/2827/2827 2817/2817/2817 2833/2833/2833
f 2834/2834/2834 2833/2833/2833 2828/2828/2828
f 2835/2835/2835 2829/2829/2829 2801/2801/2801
f 2829/2829/2829 2835/2835/2835 2832/2832/2832
f 2836/2836/2836 2832/2832/2832 2835/2835/2835
f 2835/2835/2835 2801/2801/2801 2798/2798/2798
f 2833/2833/2833 2837/2837/2837 2827/2827/2827
f 2833/2833/2833 2834/2834/2834 2837/2837/2837
f 2837/2837/2837 2834/2834/2834 2838/2838/2838
f 2839/2839/2839 2837/2837/2837 2838/2838/2838
f 2824/2824/2824 2827/2827/2827 2837/2837/2837
f 2835/2835/2835 2840/2840/2840 2836/2836/2836
f 2835/2835/2835 2798/2798/2798 2840/2840/2840
f 2841/2841/2841 2836/2836/2836 2840/2840/2840
f 2837/2837/2837 2839/2839/2839 2842/2842/2842
f 2837/2837/2837 2842/2842/2842 2824/2824/2824
f 2843/2843/2843 2842/2842/2842 2839/2839/2839
f 2840/2840/2840 2798/2798/2798 2844/2844/2844
f 2840/2840/2840 2844/2844/2844 2841/2841/2841
f 2844/2844/2844 2798/2798/2798 2805/2805/2805
f 2845/2845/2845 2841/2841/2841 2844/2844/2844
f 2846/2846/2846 2844/2844/2844 2805/2805/2805
f 2844/2844/2844 2846/2846/2846 2845/2845/2845
f 2845/2845/2845 2846/2846/2846 2847/2847/2847
f 2805/2805/2805 2810/2810/2810 2846/2846/2846
f 2847/2847/2847 2846/2846/2846 2848/2848/2848
f 2848/2848/2848 2846/2846/2846 2810/2810/2810
f 2847/2847/2847 2848/2848/2848 2849/2849/2849
f 2850/2850/2850 2824/2824/2824 2842/2842/2842
f 2822/2822/2822 2824/2824/2824 2850/2850/2850
f 2850/2850/2850 2825/2825/2825 2822/2822/2822
f 2810/2810/2810 2851/2851/2851 2848/2848/2848
f 2851/2851/2851 2810/2810/2810 2806/2806/2806
f 2849/2849/2849 2848/2848/2848 2852/2852/2852
f 2852/2852/2852 2848/2848/2848 2851/2851/2851
f 2842/2842/2842 2853/2853/2853 2850/2850/2850
f 2842/2842/2842 2843/2843/2843 2853/2853/2853
f 2854/2854/2854 2853/2853/2853 2843/2843/2843
f 2825/2825/2825 2850/2850/2850 2855/2855/2855
f 2855/2855/2855 2850/2850/2850 2853/2853/2853
f 2851/2851/2851 2806/2806/2806 2856/2856/2856
f 2856/2856/2856 2806/2806/2806 2807/2807/2807
f 2853/2853/2853 2854/2854/2854 2857/2857/2857
f 2853/2853/2853 2857/2857/2857 2855/2855/2855
f 2858/2858/2858 2857/2857/2857 2854/2854/2854
f 2858/2858/2858 2855/2855/2855 2857/2857/2857
f 2854/2854/2854 2859/2859/2859 2858/2858/2858
f 2855/2855/2855 2860/2860/2860 2825/2825/2825
f 2825/2825/2825 2860/2860/2860 2826/2826/2826
f 2861/2861/2861 2826/2826/2826 2860/2860/2860
f 2860/2860/2860 2855/2855/2855 2862/2862/2862
f 2858/2858/2858 2862/2862/2862 2855/2855/2855
f 2863/2863/2863 2858/2858/2858 2859/2859/2859
f 2859/2859/2859 2864/2864/2864 2863/2863/2863
f 2865/2865/2865 2863/2863/2863 2864/2864/2864
f 2860/2860/2860 2866/2866/2866 2861/2861/2861
f 2862/2862/2862 2866/2866/2866 2860/2860/2860
f 2858/2858/2858 2867/2867/2867 2862/2862/2862
f 2866/2866/2866 2862/2862/2862 2867/2867/2867
f 2867/2867/2867 2858/2858/2858 2863/2863/2863
f 2868/2868/2868 2861/2861/2861 2866/2866/2866
f 2868/2868/2868 2866/2866/2866 2867/2867/2867
f 2868/2868/2868 2869/2869/2869 2861/2861/2861
f 2870/2870/2870 2869/2869/2869 2868/2868/2868
f 2871/2871/2871 2863/2863/2863 2865/2865/2865
f 2872/2872/2872 2871/2871/2871 2865/2865/2865
f 2863/2863/2863 2873/2873/2873 2867/2867/2867
f 2867/2867/2867 2873/2873/2873 2868/2868/2868
f 2871/2871/2871 2873/2873/2873 2863/2863/2863
f 2868/2868/2868 2874/2874/2874 2870/2870/2870
f 2873/2873/2873 2874/2874/2874 2868/2868/2868
f 2875/2875/2875 2870/2870/2870 2874/2874/2874
f 2872/2872/2872 2876/2876/2876 2871/2871/2871
f 2877/2877/2877 2876/2876/2876 2872/2872/2872
f 2871/2871/2871 2878/2878/2878 2873/2873/2873
f 2878/2878/2878 2874/2874/2874 2873/2873/2873
f 2876/2876/2876 2878/2878/2878 2871/2871/2871
f 2874/2874/2874 2879/2879/2879 2875/2875/2875
f 2879/2879/2879 2874/2874/2874 2878/2878/2878
f 2880/2880/2880 2875/2875/2875 2879/2879/2879
f 2877/2877/2877 2881/2881/2881 2876/2876/2876
f 2882/2882/2882 2881/2881/2881 2877/2877/2877
f 2876/2876/2876 2883/2883/2883 2878/2878/2878
f 2878/2878/2878 2883/2883/2883 2879/2879/2879
f 2876/2876/2876 2881/2881/2881 2883/2883/2883
f 2879/2879/2879 2884/2884/2884 2880/2880/2880
f 2883/2883/2883 2884/2884/2884 2879/2879/2879
f 2885/2885/2885 2880/2880/2880 2884/2884/2884
f 2881/2881/2881 2882/2882/2882 2886/2886/2886
f 2886/2886/2886 2882/2882/2882 2887/2887/2887
f 2881/2881/2881 2888/2888/2888 2883/2883/2883
f 2888/2888/2888 2884/2884/2884 2883/2883/2883
f 2886/2886/2886 2888/2888/2888 2881/2881/2881
f 2884/2884/2884 2889/2889/2889 2885/2885/2885
f 2888/2888/2888 2889/2889/2889 2884/2884/2884
f 2890/2890/2890 2885/2885/2885 2889/2889/2889
f 2887/2887/2887 2891/2891/2891 2886/2886/2886
f 2892/2892/2892 2891/2891/2891 2887/2887/2887
f 2886/2886/2886 2893/2893/2893 2888/2888/2888
f 2893/2893/2893 2889/2889/2889 2888/2888/2888
f 2891/2891/2891 2893/2893/2893 2886/2886/2886
f 2889/2889/2889 2894/2894/2894 2890/2890/2890
f 2893/2893/2893 2894/2894/2894 2889/2889/2889
f 2895/2895/2895 2890/2890/2890 2894/2894/2894
f 2891/2891/2891 2892/2892/2892 2896/2896/2896
f 2896/2896/2896 2893/2893/2893 2891/2891/2891
f 2897/2897/2897 2894/2894/2894 2893/2893/2893
f 2897/2897/2897 2893/2893/2893 2896/2896/2896
f 2898/2898/2898 2896/2896/2896 2892/2892/2892
f 2898/2898/2898 2897/2897/2897 2896/2896/2896
f 2892/2892/2892 2899/2899/2899 2898/2898/2898
f 2894/2894/2894 2900/2900/2900 2895/2895/2895
f 2900/2900/2900 2894/2894/2894 2897/2897/2897
f 2897/2897/2897 2898/2898/2898 2901/2901/2901
f 2897/2897/2897 2901/2901/2901 2900/2900/2900
f 2902/2902/2902 2898/2898/2898 2899/2899/2899
f 2902/2902/2902 2901/2901/2901 2898/2898/2898
f 2902/2902/2902 2900/2900/2900 2901/2901/2901
f 2895/2895/2895 2900/2900/2900 2902/2902/2902
f 2899/2899/2899 2903/2903/2903 2902/2902/2902
f 2895/2895/2895 2902/2902/2902 2903/2903/2903
f 2906/2906/2906 2905/2905/2905 2904/2904/2904
f 2907/2907/2907 2904/2904/2904 2905/2905/2905
f 2907/2907/2907 2905/2905/2905 2908/2908/2908
f 2907/2907/2907 2909/2909/2909 2904/2904/2904
f 2908/2908/2908 2910/2910/2910 2907/2907/2907
f 2909/2909/2909 2907/2907/2907 2910/2910/2910
f 2908/2908/2908 2911/2911/2911 2910/2910/2910
f 2910/2910/2910 2912/2912/2912 2909/2909/2909
f 2911/2911/2911 2913/2913/2913 2910/2910/2910
f 2912/2912/2912 2910/2910/2910 2913/2913/2913
f 2913/2913/2913 2911/2911/2911 2914/2914/2914
f 2915/2915/2915 2914/2914/2914 2911/2911/2911
f 2913/2913/2913 2916/2916/2916 2912/2912/2912
f 2913/2913/2913 2914/2914/2914 2916/2916/2916
f 2916/2916/2916 2917/2917/2917 2912/2912/2912
f 2917/2917/2917 2916/2916/2916 2918/2918/2918
f 2917/2917/2917 2918/2918/2918 2919/2919/2919
f 2919/2919/2919 2918/2918/2918 2920/2920/2920
f 2921/2921/2921 2920/2920/2920 2918/2918/2918
f 2920/2920/2920 2921/2921/2921 2922/2922/2922
f 2918/2918/2918 2916/2916/2916 2923/2923/2923
f 2914/2914/2914 2923/2923/2923 2916/2916/2916
f 2921/2921/2921 2918/2918/2918 2923/2923/2923
f 2914/2914/2914 2915/2915/2915 2924/2924/2924
f 2925/2925/2925 2924/2924/2924 2915/2915/2915
f 2923/2923/2923 2914/2914/2914 2926/2926/2926
f 2923/2923/2923 2926/2926/2926 2921/2921/2921
f 2924/2924/2924 2926/2926/2926 2914/2914/2914
f 2924/2924/2924 2925/2925/2925 2927/2927/2927
f 2928/2928/2928 2927/2927/2927 2925/2925/2925
f 2926/2926/2926 2924/2924/2924 2929/2929/2929
f 2927/2927/2927 2929/2929/2929 2924/2924/2924
f 2930/2930/2930 2927/2927/2927 2928/2928/2928
f 2928/2928/2928 2931/2931/2931 2930/2930/2930
f 2932/2932/2932 2922/2922/2922 2921/2921/2921
f 2933/2933/2933 2922/2922/2922 2932/2932/2932
f 2934/2934/2934 2933/2933/2933 2932/2932/2932
f 2934/2934/2934 2932/2932/2932 2935/2935/2935
f 2936/2936/2936 2934/2934/2934 2935/2935/2935
f 2935/2935/2935 2937/2937/2937 2936/2936/2936
f 2937/2937/2937 2935/2935/2935 2938/2938/2938
f 2939/2939/2939 2921/2921/2921 2926/2926/2926
f 2926/2926/2926 2929/2929/2929 2939/2939/2939
f 2932/2932/2932 2921/2921/2921 2940/2940/2940
f 2940/2940/2940 2935/2935/2935 2932/2932/2932
f 2939/2939/2939 2940/2940/2940 2921/2921/2921
f 2935/2935/2935 2940/2940/2940 2941/2941/2941
f 2941/2941/2941 2940/2940/2940 2939/2939/2939
f 2942/2942/2942 2938/2938/2938 2935/2935/2935
f 2941/2941/2941 2942/2942/2942 2935/2935/2935
f 2943/2943/2943 2939/2939/2939 2929/2929/2929
f 2939/2939/2939 2943/2943/2943 2941/2941/2941
f 2938/2938/2938 2942/2942/2942 2944/2944/2944
f 2944/2944/2944 2945/2945/2945 2938/2938/2938
f 2946/2946/2946 2945/2945/2945 2944/2944/2944
f 2929/2929/2929 2947/2947/2947 2943/2943/2943
f 2941/2941/2941 2943/2943/2943 2948/2948/2948
f 2948/2948/2948 2943/2943/2943 2947/2947/2947
f 2942/2942/2942 2941/2941/2941 2949/2949/2949
f 2948/2948/2948 2949/2949/2949 2941/2941/2941
f 2950/2950/2950 2944/2944/2944 2942/2942/2942
f 2942/2942/2942 2949/2949/2949 2950/2950/2950
f 2944/2944/2944 2950/2950/2950 2951/2951/2951
f 2952/2952/2952 2950/2950/2950 2949/2949/2949
f 2949/2949/2949 2948/2948/2948 2953/2953/2953
f 2953/2953/2953 2952/2952/2952 2949/2949/2949
f 2944/2944/2944 2954/2954/2954 2946/2946/2946
f 2954/2954/2954 2944/2944/2944 2951/2951/2951
f 2947/2947/2947 2929/2929/2929 2955/2955/2955
f 2955/2955/2955 2929/2929/2929 2927/2927/2927
f 2927/2927/2927 2930/2930/2930 2955/2955/2955
f 2947/2947/2947 2956/2956/2956 2948/2948/2948
f 2953/2953/2953 2948/2948/2948 2956/2956/2956
f 2957/2957/2957 2947/2947/2947 2955/2955/2955
f 2957/2957/2957 2955/2955/2955 2930/2930/2930
f 2957/2957/2957 2956/2956/2956 2947/2947/2947
f 2930/2930/2930 2958/2958/2958 2957/2957/2957
f 2958/2958/2958 2930/2930/2930 2931/2931/2931
f 2931/2931/2931 2959/2959/2959 2958/2958/2958
f 2960/2960/2960 2958/2958/2958 2959/2959/2959
f 2957/2957/2957 2958/2958/2958 2960/2960/2960
f 2959/2959/2959 2961/2961/2961 2960/2960/2960
f 2962/2962/2962 2956/2956/2956 2957/2957/2957
f 2960/2960/2960 2962/2962/2962 2957/2957/2957
f 2961/2961/2961 2963/2963/2963 2960/2960/2960
f 2962/2962/2962 2960/2960/2960 2963/2963/2963
f 2961/2961/2961 2964/2964/2964 2963/2963/2963
f 2956/2956/2956 2965/2965/2965 2953/2953/2953
f 2962/2962/2962 2965/2965/2965 2956/2956/2956
f 2964/2964/2964 2966/2966/2966 2963/2963/2963
f 2964/2964/2964 2967/2967/2967 2966/2966/2966
f 2963/2963/2963 2968/2968/2968 2962/2962/2962
f 2968/2968/2968 2965/2965/2965 2962/2962/2962
f 2968/2968/2968 2963/2963/2963 2966/2966/2966
f 2969/2969/2969 2953/2953/2953 2965/2965/2965
f 2952/2952/2952 2953/2953/2953 2969/2969/2969
f 2968/2968/2968 2970/2970/2970 2965/2965/2965
f 2965/2965/2965 2971/2971/2971 2969/2969/2969
f 2972/2972/2972 2970/2970/2970 2968/2968/2968
f 2968/2968/2968 2966/2966/2966 2972/2972/2972
f 2972/2972/2972 2973/2973/2973 2970/2970/2970
f 2967/2967/2967 2974/2974/2974 2966/2966/2966
f 2972/2972/2972 2966/2966/2966 2974/2974/2974
f 2967/2967/2967 2975/2975/2975 2974/2974/2974
f 2972/2972/2972 2976/2976/2976 2973/2973/2973
f 2972/2972/2972 2974/2974/2974 2976/2976/2976
f 2977/2977/2977 2973/2973/2973 2976/2976/2976
f 2975/2975/2975 2978/2978/2978 2974/2974/2974
f 2974/2974/2974 2978/2978/2978 2976/2976/2976
f 2975/2975/2975 2979/2979/2979 2978/2978/2978
f 2976/2976/2976 2980/2980/2980 2977/2977/2977
f 2976/2976/2976 2978/2978/2978 2980/2980/2980
f 2981/2981/2981 2977/2977/2977 2980/2980/2980
f 2982/2982/2982 2978/2978/2978 2979/2979/2979
f 2982/2982/2982 2980/2980/2980 2978/2978/2978
f 2979/2979/2979 2983/2983/2983 2982/2982/2982
f 2982/2982/2982 2983/2983/2983 2984/2984/2984
f 2980/2980/2980 2985/2985/2985 2981/2981/2981
f 2982/2982/2982 2985/2985/2985 2980/2980/2980
f 2986/2986/2986 2981/2981/2981 2985/2985/2985
f 2984/2984/2984 2987/2987/2987 2982/2982/2982
f 2987/2987/2987 2985/2985/2985 2982/2982/2982
f 2984/2984/2984 2988/2988/2988 2987/2987/2987
f 2985/2985/2985 2989/2989/2989 2986/2986/2986
f 2987/2987/2987 2989/2989/2989 2985/2985/2985
f 2989/2989/2989 2990/2990/2990 2986/2986/2986
f 2989/2989/2989 2991/2991/2991 2990/2990/2990
f 2992/2992/2992 2991/2991/2991 2989/2989/2989
f 2987/2987/2987 2992/2992/2992 2989/2989/2989
f 2991/2991/2991 2992/2992/2992 2993/2993/2993
f 2988/2988/2988 2994/2994/2994 2987/2987/2987
f 2994/2994/2994 2992/2992/2992 2987/2987/2987
f 2994/2994/2994 2988/2988/2988 2995/2995/2995
f 2996/2996/2996 2993/2993/2993 2992/2992/2992
f 2994/2994/2994 2996/2996/2996 2992/2992/2992
f 2996/2996/2996 2997/2997/2997 2993/2993/2993
f 2995/2995/2995 2998/2998/2998 2994/2994/2994
f 2998/2998/2998 2996/2996/2996 2994/2994/2994
f 2996/2996/2996 2999/2999/2999 2997/2997/2997
f 2998/2998/2998 2999/2999/2999 2996/2996/2996
f 2997/2997/2997 2999/2999/2999 3000/3000/3000
f 2995/2995/2995 3001/3001/3001 2998/2998/2998
f 2998/2998/2998 3001/3001/3001 2999/2999/2999
f 2995/2995/2995 3002/3002/3002 3001/3001/3001
f 3003/3003/3003 3000/3000/3000 2999/2999/2999
f 2999/2999/2999 3001/3001/3001 3003/3003/3003
f 3000/3000/3000 3003/3003/3003 3004/3004/3004
f 3001/3001/3001 3002/3002/3002 3005/3005/3005
f 3005/3005/3005 3003/3003/3003 3001/3001/3001
f 3006/3006/3006 3005/3005/3005 3002/3002/3002
f 3003/3003/3003 3007/3007/3007 3004/3004/3004
f 3005/3005/3005 3007/3007/3007 3003/3003/3003
f 3004/3004/3004 3007/3007/3007 3008/3008/3008
f 3006/3006/3006 3009/3009/3009 3005/3005/3005
f 3005/3005/3005 3009/3009/3009 3007/3007/3007
f 3006/3006/3006 3010/3010/3010 3009/3009/3009
f 3011/3011/3011 3008/3008/3008 3007/3007/3007
f 3007/3007/3007 3009/3009/3009 3011/3011/3011
f 3012/3012/3012 3008/3008/3008 3011/3011/3011
f 3010/3010/3010 3013/3013/3013 3009/3009/3009
f 3013/3013/3013 3011/3011/3011 3009/3009/3009
f 3014/3014/3014 3013/3013/3013 3010/3010/3010
f 3013/3013/3013 3014/3014/3014 3015/3015/3015
f 3011/3011/3011 3016/3016/3016 3012/3012/3012
f 3016/3016/3016 3011/3011/3011 3013/3013/3013
f 3015/3015/3015 3016/3016/3016 3013/3013/3013
f 3017/3017/3017 3012/3012/3012 3016/3016/3016
f 3017/3017/3017 3016/3016/3016 3015/3015/3015
f 3020/3020/3020 3019/3019/3019 3018/3018/3018
f 3021/3021/3021 3018/3018/3018 3019/3019/3019
f 3021/3021/3021 3019/3019/3019 3022/3022/3022
f 3023/3023/3023 3018/3018/3018 3021/3021/3021
f 3018/3018/3018 3023/3023/3023 3024/3024/3024
f 3025/3025/3025 3021/3021/3021 3022/3022/3022
f 3023/3023/3023 3021/3021/3021 3025/3025/3025
f 3025/3025/3025 3022/3022/3022 3026/3026/3026
f 3024/3024/3024 3023/3023/3023 3027/3027/3027
f 3027/3027/3027 3028/3028/3028 3024/3024/3024
f 3029/3029/3029 3025/3025/3025 3026/3026/3026
f 3030/3030/3030 3029/3029/3029 3026/3026/3026
f 3031/3031/3031 3023/3023/3023 3025/3025/3025
f 3027/3027/3027 3023/3023/3023 3031/3031/3031
f 3031/3031/3031 3025/3025/3025 3029/3029/3029
f 3028/3028/3028 3027/3027/3027 3032/3032/3032
f 3032/3032/3032 3033/3033/3033 3028/3028/3028
f 3034/3034/3034 3027/3027/3027 3031/3031/3031
f 3032/3032/3032 3027/3027/3027 3034/3034/3034
f 3033/3033/3033 3032/3032/3032 3035/3035/3035
f 3035/3035/3035 3036/3036/3036 3033/3033/3033
f 3030/3030/3030 3037/3037/3037 3029/3029/3029
f 3037/3037/3037 3030/3030/3030 3038/3038/3038
f 3039/3039/3039 3031/3031/3031 3029/3029/3029
f 3034/3034/3034 3031/3031/3031 3039/3039/3039
f 3034/3034/3034 3040/3040/3040 3032/3032/3032
f 3032/3032/3032 3040/3040/3040 3035/3035/3035
f 3041/3041/3041 3036/3036/3036 3035/3035/3035
f 3041/3041/3041 3042/3042/3042 3036/3036/3036
f 3038/3038/3038 3043/3043/3043 3037/3037/3037
f 3043/3043/3043 3038/3038/3038 3044/3044/3044
f 3037/3037/3037 3045/3045/3045 3029/3029/3029
f 3039/3039/3039 3029/3029/3029 3045/3045/3045
f 3045/3045/3045 3037/3037/3037 3043/3043/3043
f 3046/3046/3046 3034/3034/3034 3039/3039/3039
f 3034/3034/3034 3046/3046/3046 3040/3040/3040
f 3039/3039/3039 3045/3045/3045 3047/3047/3047
f 3043/3043/3043 3047/3047/3047 3045/3045/3045
f 3046/3046/3046 3039/3039/3039 3047/3047/3047
f 3048/3048/3048 3035/3035/3035 3040/3040/3040
f 3041/3041/3041 3035/3035/3035 3048/3048/3048
f 3049/3049/3049 3042/3042/3042 3041/3041/3041
f 3049/3049/3049 3050/3050/3050 3042/3042/3042
f 3051/3051/3051 3040/3040/3040 3046/3046/3046
f 3048/3048/3048 3040/3040/3040 3051/3051/3051
f 3052/3052/3052 3046/3046/3046 3047/3047/3047
f 3052/3052/3052 3051/3051/3051 3046/3046/3046
f 3053/3053/3053 3047/3047/3047 3043/3043/3043
f 3053/3053/3053 3052/3052/3052 3047/3047/3047
f 3048/3048/3048 3054/3054/3054 3041/3041/3041
f 3049/3049/3049 3041/3041/3041 3054/3054/3054
f 3051/3051/3051 3055/3055/3055 3048/3048/3048
f 3055/3055/3055 3051/3051/3051 3052/3052/3052
f 3054/3054/3054 3048/3048/3048 3055/3055/3055
f 3056/3056/3056 3050/3050/3050 3049/3049/3049
f 3056/3056/3056 3057/3057/3057 3050/3050/3050
f 3052/3052/3052 3058/3058/3058 3055/3055/3055
f 3058/3058/3058 3052/3052/3052 3053/3053/3053
f 3054/3054/3054 3059/3059/3059 3049/3049/3049
f 3049/3049/3049 3059/3059/3059 3056/3056/3056
f 3055/3055/3055 3060/3060/3060 3054/3054/3054
f 3060/3060/3060 3055/3055/3055 3058/3058/3058
f 3059/3059/3059 3054/3054/3054 3060/3060/3060
f 3061/3061/3061 3057/3057/3057 3056/3056/3056
f 3061/3061/3061 3062/3062/3062 3057/3057/3057
f 3063/3063/3063 3056/3056/3056 3059/3059/3059
f 3061/3061/3061 3056/3056/3056 3063/3063/3063
f 3060/3060/3060 3064/3064/3064 3059/3059/3059
f 3059/3059/3059 3064/3064/3064 3063/3063/3063
f 3058/3058/3058 3065/3065/3065 3060/3060/3060
f 3064/3064/3064 3060/3060/3060 3065/3065/3065
f 3066/3066/3066 3062/3062/3062 3061/3061/3061
f 3066/3066/3066 3067/3067/3067 3062/3062/3062
f 3063/3063/3063 3068/3068/3068 3061/3061/3061
f 3066/3066/3066 3061/3061/3061 3068/3068/3068
f 3069/3069/3069 3063/3063/3063 3064/3064/3064
f 3063/3063/3063 3069/3069/3069 3068/3068/3068
f 3067/3067/3067 3066/3066/3066 3070/3070/3070
f 3070/3070/3070 3071/3071/3071 3067/3067/3067
f 3071/3071/3071 3070/3070/3070 3072/3072/3072
f 3068/3068/3068 3073/3073/3073 3066/3066/3066
f 3066/3066/3066 3073/3073/3073 3070/3070/3070
f 3065/3065/3065 3058/3058/3058 3074/3074/3074
f 3053/3053/3053 3074/3074/3074 3058/3058/3058
f 3065/3065/3065 3075/3075/3075 3064/3064/3064
f 3064/3064/3064 3075/3075/3075 3069/3069/3069
f 3076/3076/3076 3068/3068/3068 3069/3069/3069
f 3068/3068/3068 3076/3076/3076 3073/3073/3073
f 3074/3074/3074 3077/3077/3077 3065/3065/3065
f 3075/3075/3075 3065/3065/3065 3077/3077/3077
f 3078/3078/3078 3069/3069/3069 3075/3075/3075
f 3069/3069/3069 3078/3078/3078 3076/3076/3076
f 3077/3077/3077 3079/3079/3079 3075/3075/3075
f 3078/3078/3078 3075/3075/3075 3079/3079/3079
f 3080/3080/3080 3070/3070/3070 3073/3073/3073
f 3081/3081/3081 3073/3073/3073 3076/3076/3076
f 3081/3081/3081 3080/3080/3080 3073/3073/3073
f 3082/3082/3082 3076/3076/3076 3078/3078/3078
f 3076/3076/3076 3082/3082/3082 3081/3081/3081
f 3079/3079/3079 3083/3083/3083 3078/3078/3078
f 3078/3078/3078 3083/3083/3083 3082/3082/3082
f 3070/3070/3070 3080/3080/3080 3084/3084/3084
f 3084/3084/3084 3072/3072/3072 3070/3070/3070
f 3072/3072/3072 3084/3084/3084 3085/3085/3085
f 3085/3085/3085 3086/3086/3086 3072/3072/3072
f 3087/3087/3087 3084/3084/3084 3080/3080/3080
f 3084/3084/3084 3087/3087/3087 3085/3085/3085
f 3086/3086/3086 3085/3085/3085 3088/3088/3088
f 3088/3088/3088 3089/3089/3089 3086/3086/3086
f 3090/3090/3090 3080/3080/3080 3081/3081/3081
f 3087/3087/3087 3080/3080/3080 3090/3090/3090
f 3091/3091/3091 3085/3085/3085 3087/3087/3087
f 3085/3085/3085 3091/3091/3091 3088/3088/3088
f 3089/3089/3089 3088/3088/3088 3092/3092/3092
f 3092/3092/3092 3093/3093/3093 3089/3089/3089
f 3090/3090/3090 3094/3094/3094 3087/3087/3087
f 3094/3094/3094 3091/3091/3091 3087/3087/3087
f 3095/3095/3095 3090/3090/3090 3081/3081/3081
f 3090/3090/3090 3095/3095/3095 3094/3094/3094
f 3096/3096/3096 3088/3088/3088 3091/3091/3091
f 3088/3088/3088 3096/3096/3096 3092/3092/3092
f 3093/3093/3093 3092/3092/3092 3097/3097/3097
f 3097/3097/3097 3098/3098/3098 3093/3093/3093
f 3094/3094/3094 3099/3099/3099 3091/3091/3091
f 3099/3099/3099 3096/3096/3096 3091/3091/3091
f 3100/3100/3100 3092/3092/3092 3096/3096/3096
f 3092/3092/3092 3100/3100/3100 3097/3097/3097
f 3101/3101/3101 3098/3098/3098 3097/3097/3097
f 3101/3101/3101 3102/3102/3102 3098/3098/3098
f 3103/3103/3103 3095/3095/3095 3081/3081/3081
f 3103/3103/3103 3081/3081/3081 3082/3082/3082
f 3104/3104/3104 3094/3094/3094 3095/3095/3095
f 3094/3094/3094 3104/3104/3104 3099/3099/3099
f 3105/3105/3105 3099/3099/3099 3104/3104/3104
f 3099/3099/3099 3105/3105/3105 3106/3106/3106
f 3099/3099/3099 3106/3106/3106 3096/3096/3096
f 3106/3106/3106 3100/3100/3100 3096/3096/3096
f 3107/3107/3107 3097/3097/3097 3100/3100/3100
f 3097/3097/3097 3107/3107/3107 3101/3101/3101
f 3108/3108/3108 3102/3102/3102 3101/3101/3101
f 3108/3108/3108 3109/3109/3109 3102/3102/3102
f 3110/3110/3110 3104/3104/3104 3095/3095/3095
f 3110/3110/3110 3095/3095/3095 3103/3103/3103
f 3106/3106/3106 3111/3111/3111 3100/3100/3100
f 3111/3111/3111 3107/3107/3107 3100/3100/3100
f 3112/3112/3112 3101/3101/3101 3107/3107/3107
f 3112/3112/3112 3108/3108/3108 3101/3101/3101
f 3113/3113/3113 3109/3109/3109 3108/3108/3108
f 3109/3109/3109 3113/3113/3113 3114/3114/3114
f 3115/3115/3115 3114/3114/3114 3113/3113/3113
f 3116/3116/3116 3104/3104/3104 3110/3110/3110
f 3116/3116/3116 3105/3105/3105 3104/3104/3104
f 3117/3117/3117 3106/3106/3106 3105/3105/3105
f 3106/3106/3106 3117/3117/3117 3111/3111/3111
f 3111/3111/3111 3118/3118/3118 3107/3107/3107
f 3118/3118/3118 3112/3112/3112 3107/3107/3107
f 3119/3119/3119 3111/3111/3111 3117/3117/3117
f 3111/3111/3111 3119/3119/3119 3118/3118/3118
f 3105/3105/3105 3120/3120/3120 3117/3117/3117
f 3119/3119/3119 3117/3117/3117 3120/3120/3120
f 3120/3120/3120 3121/3121/3121 3119/3119/3119
f 3119/3119/3119 3121/3121/3121 3122/3122/3122
f 3119/3119/3119 3122/3122/3122 3123/3123/3123
f 3119/3119/3119 3123/3123/3123 3118/3118/3118
f 3123/3123/3123 3122/3122/3122 3124/3124/3124
f 3123/3123/3123 3124/3124/3124 3125/3125/3125
f 3118/3118/3118 3123/3123/3123 3125/3125/3125
f 3125/3125/3125 3124/3124/3124 3126/3126/3126
f 3118/3118/3118 3127/3127/3127 3112/3112/3112
f 3125/3125/3125 3127/3127/3127 3118/3118/3118
f 3112/3112/3112 3127/3127/3127 3128/3128/3128
f 3125/3125/3125 3128/3128/3128 3127/3127/3127
f 3126/3126/3126 3129/3129/3129 3125/3125/3125
f 3129/3129/3129 3128/3128/3128 3125/3125/3125
f 3130/3130/3130 3129/3129/3129 3126/3126/3126
f 3126/3126/3126 3131/3131/3131 3130/3130/3130
f 3128/3128/3128 3132/3132/3132 3112/3112/3112
f 3132/3132/3132 3108/3108/3108 3112/3112/3112
f 3108/3108/3108 3132/3132/3132 3133/3133/3133
f 3133/3133/3133 3132/3132/3132 3128/3128/3128
f 3133/3133/3133 3113/3113/3113 3108/3108/3108
f 3129/3129/3129 3134/3134/3134 3128/3128/3128
f 3128/3128/3128 3134/3134/3134 3133/3133/3133
f 3130/3130/3130 3134/3134/3134 3129/3129/3129
f 3135/3135/3135 3130/3130/3130 3131/3131/3131
f 3131/3131/3131 3136/3136/3136 3135/3135/3135
f 3137/3137/3137 3135/3135/3135 3136/3136/3136
f 3133/3133/3133 3138/3138/3138 3113/3113/3113
f 3138/3138/3138 3133/3133/3133 3134/3134/3134
f 3139/3139/3139 3134/3134/3134 3130/3130/3130
f 3130/3130/3130 3135/3135/3135 3139/3139/3139
f 3134/3134/3134 3139/3139/3139 3138/3138/3138
f 3135/3135/3135 3137/3137/3137 3140/3140/3140
f 3141/3141/3141 3140/3140/3140 3137/3137/3137
f 3142/3142/3142 3139/3139/3139 3135/3135/3135
f 3142/3142/3142 3138/3138/3138 3139/3139/3139
f 3135/3135/3135 3140/3140/3140 3142/3142/3142
f 3143/3143/3143 3113/3113/3113 3138/3138/3138
f 3113/3113/3113 3143/3143/3143 3115/3115/3115
f 3144/3144/3144 3115/3115/3115 3143/3143/3143
f 3140/3140/3140 3141/3141/3141 3145/3145/3145
f 3146/3146/3146 3145/3145/3145 3141/3141/3141
f 3147/3147/3147 3142/3142/3142 3140/3140/3140
f 3140/3140/3140 3145/3145/3145 3147/3147/3147
f 3148/3148/3148 3138/3138/3138 3142/3142/3142
f 3138/3138/3138 3148/3148/3148 3143/3143/3143
f 3147/3147/3147 3148/3148/3148 3142/3142/3142
f 3143/3143/3143 3149/3149/3149 3144/3144/3144
f 3149/3149/3149 3143/3143/3143 3148/3148/3148
f 3150/3150/3150 3144/3144/3144 3149/3149/3149
f 3145/3145/3145 3146/3146/3146 3151/3151/3151
f 3145/3145/3145 3151/3151/3151 3147/3147/3147
f 3152/3152/3152 3151/3151/3151 3146/3146/3146
f 3147/3147/3147 3153/3153/3153 3148/3148/3148
f 3153/3153/3153 3149/3149/3149 3148/3148/3148
f 3149/3149/3149 3154/3154/3154 3150/3150/3150
f 3153/3153/3153 3154/3154/3154 3149/3149/3149
f 3155/3155/3155 3150/3150/3150 3154/3154/3154
f 3151/3151/3151 3156/3156/3156 3147/3147/3147
f 3156/3156/3156 3153/3153/3153 3147/3147/3147
f 3151/3151/3151 3152/3152/3152 3157/3157/3157
f 3157/3157/3157 3156/3156/3156 3151/3151/3151
f 3153/3153/3153 3158/3158/3158 3154/3154/3154
f 3158/3158/3158 3153/3153/3153 3156/3156/3156
f 3154/3154/3154 3159/3159/3159 3155/3155/3155
f 3159/3159/3159 3154/3154/3154 3158/3158/3158
f 3160/3160/3160 3155/3155/3155 3159/3159/3159
f 3157/3157/3157 3152/3152/3152 3161/3161/3161
f 3162/3162/3162 3161/3161/3161 3152/3152/3152
f 3163/3163/3163 3161/3161/3161 3162/3162/3162
f 3157/3157/3157 3164/3164/3164 3156/3156/3156
f 3164/3164/3164 3158/3158/3158 3156/3156/3156
f 3161/3161/3161 3164/3164/3164 3157/3157/3157
f 3165/3165/3165 3159/3159/3159 3158/3158/3158
f 3164/3164/3164 3165/3165/3165 3158/3158/3158
f 3159/3159/3159 3166/3166/3166 3160/3160/3160
f 3165/3165/3165 3166/3166/3166 3159/3159/3159
f 3167/3167/3167 3160/3160/3160 3166/3166/3166
f 3168/3168/3168 3164/3164/3164 3161/3161/3161
f 3168/3168/3168 3165/3165/3165 3164/3164/3164
f 3163/3163/3163 3169/3169/3169 3161/3161/3161
f 3169/3169/3169 3168/3168/3168 3161/3161/3161
f 3165/3165/3165 3170/3170/3170 3166/3166/3166
f 3170/3170/3170 3165/3165/3165 3168/3168/3168
f 3166/3166/3166 3171/3171/3171 3167/3167/3167
f 3170/3170/3170 3171/3171/3171 3166/3166/3166
f 3167/3167/3167 3171/3171/3171 3172/3172/3172
f 3173/3173/3173 3169/3169/3169 3163/3163/3163
f 3163/3163/3163 3174/3174/3174 3173/3173/3173
f 3173/3173/3173 3175/3175/3175 3172/3172/3172
f 3168/3168/3168 3169/3169/3169 3176/3176/3176
f 3176/3176/3176 3170/3170/3170 3168/3168/3168
f 3173/3173/3173 3176/3176/3176 3169/3169/3169
f 3171/3171/3171 3177/3177/3177 3172/3172/3172
f 3171/3171/3171 3170/3170/3170 3177/3177/3177
f 3172/3172/3172 3177/3177/3177 3173/3173/3173
f 3178/3178/3178 3176/3176/3176 3173/3173/3173
f 3170/3170/3170 3176/3176/3176 3178/3178/3178
f 3178/3178/3178 3177/3177/3177 3170/3170/3170
f 3173/3173/3173 3177/3177/3177 3178/3178/3178
f 3180/3180/3180 3179/3179/3179 3105/3105/3105
f 3105/3105/3105 3181/3181/3181 3180/3180/3180
f 3180/3180/3180 3181/3181/3181 3182/3182/3182
f 3180/3180/3180 3182/3182/3182 3183/3183/3183
f 3184/3184/3184 3181/3181/3181 3105/3105/3105
f 3184/3184/3184 3105/3105/3105 3116/3116/3116
f 3183/3183/3183 3182/3182/3182 3185/3185/3185
f 3185/3185/3185 3186/3186/3186 3183/3183/3183
f 3187/3187/3187 3182/3182/3182 3181/3181/3181
f 3187/3187/3187 3181/3181/3181 3184/3184/3184
f 3186/3186/3186 3185/3185/3185 3188/3188/3188
f 3188/3188/3188 3189/3189/3189 3186/3186/3186
f 3190/3190/3190 3189/3189/3189 3188/3188/3188
f 3190/3190/3190 3191/3191/3191 3189/3189/3189
f 3192/3192/3192 3191/3191/3191 3190/3190/3190
f 3193/3193/3193 3185/3185/3185 3182/3182/3182
f 3193/3193/3193 3182/3182/3182 3187/3187/3187
f 3194/3194/3194 3188/3188/3188 3185/3185/3185
f 3194/3194/3194 3185/3185/3185 3193/3193/3193
f 3195/3195/3195 3190/3190/3190 3188/3188/3188
f 3195/3195/3195 3188/3188/3188 3194/3194/3194
f 3190/3190/3190 3196/3196/3196 3192/3192/3192
f 3197/3197/3197 3192/3192/3192 3196/3196/3196
f 3196/3196/3196 3198/3198/3198 3197/3197/3197
f 3199/3199/3199 3197/3197/3197 3198/3198/3198
f 3198/3198/3198 3200/3200/3200 3199/3199/3199
f 3201/3201/3201 3199/3199/3199 3200/3200/3200
f 3200/3200/3200 3202/3202/3202 3201/3201/3201
f 3203/3203/3203 3201/3201/3201 3202/3202/3202
f 3202/3202/3202 3204/3204/3204 3203/3203/3203
f 3205/3205/3205 3203/3203/3203 3204/3204/3204
f 3206/3206/3206 3196/3196/3196 3190/3190/3190
f 3207/3207/3207 3198/3198/3198 3196/3196/3196
f 3196/3196/3196 3206/3206/3206 3207/3207/3207
f 3200/3200/3200 3198/3198/3198 3208/3208/3208
f 3207/3207/3207 3208/3208/3208 3198/3198/3198
f 3209/3209/3209 3202/3202/3202 3200/3200/3200
f 3209/3209/3209 3200/3200/3200 3208/3208/3208
f 3210/3210/3210 3204/3204/3204 3202/3202/3202
f 3209/3209/3209 3210/3210/3210 3202/3202/3202
f 3204/3204/3204 3211/3211/3211 3205/3205/3205
f 3211/3211/3211 3204/3204/3204 3210/3210/3210
f 3205/3205/3205 3211/3211/3211 3212/3212/3212
f 3212/3212/3212 3213/3213/3213 3205/3205/3205
f 3190/3190/3190 3214/3214/3214 3206/3206/3206
f 3214/3214/3214 3190/3190/3190 3195/3195/3195
f 3215/3215/3215 3206/3206/3206 3214/3214/3214
f 3215/3215/3215 3214/3214/3214 3195/3195/3195
f 3207/3207/3207 3206/3206/3206 3216/3216/3216
f 3216/3216/3216 3206/3206/3206 3215/3215/3215
f 3195/3195/3195 3217/3217/3217 3215/3215/3215
f 3195/3195/3195 3194/3194/3194 3217/3217/3217
f 3210/3210/3210 3218/3218/3218 3211/3211/3211
f 3212/3212/3212 3211/3211/3211 3218/3218/3218
f 3213/3213/3213 3212/3212/3212 3219/3219/3219
f 3219/3219/3219 3220/3220/3220 3213/3213/3213
f 3216/3216/3216 3221/3221/3221 3207/3207/3207
f 3208/3208/3208 3207/3207/3207 3221/3221/3221
f 3216/3216/3216 3215/3215/3215 3222/3222/3222
f 3222/3222/3222 3215/3215/3215 3217/3217/3217
f 3223/3223/3223 3217/3217/3217 3194/3194/3194
f 3223/3223/3223 3194/3194/3194 3193/3193/3193
f 3218/3218/3218 3224/3224/3224 3212/3212/3212
f 3212/3212/3212 3224/3224/3224 3219/3219/3219
f 3220/3220/3220 3219/3219/3219 3225/3225/3225
f 3225/3225/3225 3226/3226/3226 3220/3220/3220
f 3227/3227/3227 3219/3219/3219 3224/3224/3224
f 3219/3219/3219 3227/3227/3227 3225/3225/3225
f 3228/3228/3228 3224/3224/3224 3218/3218/3218
f 3227/3227/3227 3224/3224/3224 3228/3228/3228
f 3226/3226/3226 3225/3225/3225 3229/3229/3229
f 3229/3229/3229 3230/3230/3230 3226/3226/3226
f 3231/3231/3231 3225/3225/3225 3227/3227/3227
f 3225/3225/3225 3231/3231/3231 3229/3229/3229
f 3230/3230/3230 3229/3229/3229 3232/3232/3232
f 3232/3232/3232 3233/3233/3233 3230/3230/3230
f 3234/3234/3234 3228/3228/3228 3218/3218/3218
f 3218/3218/3218 3210/3210/3210 3234/3234/3234
f 3228/3228/3228 3235/3235/3235 3227/3227/3227
f 3235/3235/3235 3231/3231/3231 3227/3227/3227
f 3236/3236/3236 3229/3229/3229 3231/3231/3231
f 3232/3232/3232 3229/3229/3229 3236/3236/3236
f 3231/3231/3231 3237/3237/3237 3236/3236/3236
f 3235/3235/3235 3237/3237/3237 3231/3231/3231
f 3232/3232/3232 3236/3236/3236 3238/3238/3238
f 3238/3238/3238 3236/3236/3236 3237/3237/3237
f 3232/3232/3232 3238/3238/3238 3239/3239/3239
f 3239/3239/3239 3238/3238/3238 3237/3237/3237
f 3239/3239/3239 3240/3240/3240 3232/3232/3232
f 3239/3239/3239 3241/3241/3241 3240/3240/3240
f 3242/3242/3242 3239/3239/3239 3237/3237/3237
f 3241/3241/3241 3239/3239/3239 3242/3242/3242
f 3242/3242/3242 3237/3237/3237 3235/3235/3235
f 3241/3241/3241 3242/3242/3242 3243/3243/3243
f 3244/3244/3244 3243/3243/3243 3242/3242/3242
f 3245/3245/3245 3242/3242/3242 3235/3235/3235
f 3242/3242/3242 3245/3245/3245 3244/3244/3244
f 3228/3228/3228 3245/3245/3245 3235/3235/3235
f 3246/3246/3246 3244/3244/3244 3245/3245/3245
f 3247/3247/3247 3245/3245/3245 3228/3228/3228
f 3245/3245/3245 3247/3247/3247 3246/3246/3246
f 3228/3228/3228 3234/3234/3234 3247/3247/3247
f 3246/3246/3246 3247/3247/3247 3248/3248/3248
f 3247/3247/3247 3234/3234/3234 3248/3248/3248
f 3248/3248/3248 3249/3249/3249 3246/3246/3246
f 3234/3234/3234 3250/3250/3250 3248/3248/3248
f 3234/3234/3234 3210/3210/3210 3250/3250/3250
f 3250/3250/3250 3210/3210/3210 3209/3209/3209
f 3249/3249/3249 3248/3248/3248 3251/3251/3251
f 3248/3248/3248 3250/3250/3250 3251/3251/3251
f 3249/3249/3249 3251/3251/3251 3252/3252/3252
f 3253/3253/3253 3250/3250/3250 3209/3209/3209
f 3251/3251/3251 3250/3250/3250 3253/3253/3253
f 3252/3252/3252 3251/3251/3251 3254/3254/3254
f 3254/3254/3254 3251/3251/3251 3253/3253/3253
f 3252/3252/3252 3254/3254/3254 3255/3255/3255
f 3255/3255/3255 3254/3254/3254 3256/3256/3256
f 3254/3254/3254 3253/3253/3253 3256/3256/3256
f 3256/3256/3256 3257/3257/3257 3255/3255/3255
f 3258/3258/3258 3253/3253/3253 3209/3209/3209
f 3256/3256/3256 3253/3253/3253 3258/3258/3258
f 3209/3209/3209 3208/3208/3208 3258/3258/3258
f 3221/3221/3221 3258/3258/3258 3208/3208/3208
f 3257/3257/3257 3256/3256/3256 3259/3259/3259
f 3259/3259/3259 3256/3256/3256 3258/3258/3258
f 3258/3258/3258 3221/3221/3221 3259/3259/3259
f 3259/3259/3259 3260/3260/3260 3257/3257/3257
f 3261/3261/3261 3259/3259/3259 3221/3221/3221
f 3261/3261/3261 3260/3260/3260 3259/3259/3259
f 3221/3221/3221 3216/3216/3216 3261/3261/3261
f 3260/3260/3260 3261/3261/3261 3262/3262/3262
f 3263/3263/3263 3262/3262/3262 3261/3261/3261
f 3222/3222/3222 3261/3261/3261 3216/3216/3216
f 3261/3261/3261 3222/3222/3222 3263/3263/3263
f 3264/3264/3264 3263/3263/3263 3222/3222/3222
f 3222/3222/3222 3265/3265/3265 3264/3264/3264
f 3265/3265/3265 3222/3222/3222 3217/3217/3217
f 3266/3266/3266 3264/3264/3264 3265/3265/3265
f 3217/3217/3217 3223/3223/3223 3265/3265/3265
f 3265/3265/3265 3267/3267/3267 3266/3266/3266
f 3267/3267/3267 3265/3265/3265 3223/3223/3223
f 3266/3266/3266 3267/3267/3267 3268/3268/3268
f 3268/3268/3268 3269/3269/3269 3266/3266/3266
f 3270/3270/3270 3269/3269/3269 3268/3268/3268
f 3268/3268/3268 3271/3271/3271 3270/3270/3270
f 3223/3223/3223 3272/3272/3272 3267/3267/3267
f 3268/3268/3268 3267/3267/3267 3272/3272/3272
f 3193/3193/3193 3272/3272/3272 3223/3223/3223
f 3272/3272/3272 3273/3273/3273 3268/3268/3268
f 3273/3273/3273 3272/3272/3272 3193/3193/3193
f 3271/3271/3271 3268/3268/3268 3273/3273/3273
f 3193/3193/3193 3187/3187/3187 3273/3273/3273
f 3274/3274/3274 3273/3273/3273 3187/3187/3187
f 3273/3273/3273 3274/3274/3274 3271/3271/3271
f 3274/3274/3274 3187/3187/3187 3184/3184/3184
f 3275/3275/3275 3271/3271/3271 3274/3274/3274
f 3276/3276/3276 3271/3271/3271 3275/3275/3275
f 3276/3276/3276 3275/3275/3275 3277/3277/3277
f 3274/3274/3274 3184/3184/3184 3278/3278/3278
f 3274/3274/3274 3278/3278/3278 3275/3275/3275
f 3277/3277/3277 3275/3275/3275 3278/3278/3278
f 3116/3116/3116 3278/3278/3278 3184/3184/3184
f 3277/3277/3277 3278/3278/3278 3279/3279/3279
f 3278/3278/3278 3116/3116/3116 3279/3279/3279
f 3110/3110/3110 3279/3279/3279 3116/3116/3116
f 3280/3280/3280 3277/3277/3277 3279/3279/3279
f 3279/3279/3279 3110/3110/3110 3281/3281/3281
f 3280/3280/3280 3279/3279/3279 3281/3281/3281
f 3103/3103/3103 3281/3281/3281 3110/3110/3110
f 3281/3281/3281 3103/3103/3103 3282/3282/3282
f 3082/3082/3082 3282/3282/3282 3103/3103/3103
f 3282/3282/3282 3082/3082/3082 3083/3083/3083
f 3283/3283/3283 3280/3280/3280 3281/3281/3281
f 3283/3283/3283 3281/3281/3281 3282/3282/3282
f 3284/3284/3284 3280/3280/3280 3283/3283/3283
f 3285/3285/3285 3280/3280/3280 3284/3284/3284
f 3286/3286/3286 3282/3282/3282 3083/3083/3083
f 3283/3283/3283 3282/3282/3282 3286/3286/3286
f 3284/3284/3284 3287/3287/3287 3285/3285/3285
f 3288/3288/3288 3285/3285/3285 3287/3287/3287
f 3287/3287/3287 3289/3289/3289 3288/3288/3288
f 3288/3288/3288 3289/3289/3289 3290/3290/3290
f 3286/3286/3286 3083/3083/3083 3291/3291/3291
f 3291/3291/3291 3083/3083/3083 3079/3079/3079
f 3292/3292/3292 3283/3283/3283 3286/3286/3286
f 3283/3283/3283 3292/3292/3292 3284/3284/3284
f 3289/3289/3289 3287/3287/3287 3293/3293/3293
f 3287/3287/3287 3284/3284/3284 3293/3293/3293
f 3289/3289/3289 3294/3294/3294 3290/3290/3290
f 3295/3295/3295 3290/3290/3290 3294/3294/3294
f 3291/3291/3291 3079/3079/3079 3296/3296/3296
f 3296/3296/3296 3079/3079/3079 3077/3077/3077
f 3297/3297/3297 3286/3286/3286 3291/3291/3291
f 3292/3292/3292 3286/3286/3286 3297/3297/3297
f 3293/3293/3293 3298/3298/3298 3289/3289/3289
f 3289/3289/3289 3298/3298/3298 3294/3294/3294
f 3296/3296/3296 3077/3077/3077 3299/3299/3299
f 3077/3077/3077 3074/3074/3074 3299/3299/3299
f 3300/3300/3300 3291/3291/3291 3296/3296/3296
f 3297/3297/3297 3291/3291/3291 3300/3300/3300
f 3299/3299/3299 3074/3074/3074 3301/3301/3301
f 3074/3074/3074 3053/3053/3053 3301/3301/3301
f 3302/3302/3302 3296/3296/3296 3299/3299/3299
f 3300/3300/3300 3296/3296/3296 3302/3302/3302
f 3299/3299/3299 3301/3301/3301 3303/3303/3303
f 3302/3302/3302 3299/3299/3299 3303/3303/3303
f 3304/3304/3304 3303/3303/3303 3301/3301/3301
f 3305/3305/3305 3302/3302/3302 3303/3303/3303
f 3301/3301/3301 3053/3053/3053 3306/3306/3306
f 3301/3301/3301 3306/3306/3306 3304/3304/3304
f 3043/3043/3043 3306/3306/3306 3053/3053/3053
f 3044/3044/3044 3304/3304/3304 3306/3306/3306
f 3044/3044/3044 3306/3306/3306 3043/3043/3043
f 3307/3307/3307 3302/3302/3302 3305/3305/3305
f 3305/3305/3305 3308/3308/3308 3307/3307/3307
f 3309/3309/3309 3307/3307/3307 3308/3308/3308
f 3310/3310/3310 3300/3300/3300 3302/3302/3302
f 3307/3307/3307 3310/3310/3310 3302/3302/3302
f 3309/3309/3309 3311/3311/3311 3307/3307/3307
f 3311/3311/3311 3310/3310/3310 3307/3307/3307
f 3312/3312/3312 3311/3311/3311 3309/3309/3309
f 3313/3313/3313 3300/3300/3300 3310/3310/3310
f 3311/3311/3311 3313/3313/3313 3310/3310/3310
f 3313/3313/3313 3297/3297/3297 3300/3300/3300
f 3312/3312/3312 3314/3314/3314 3311/3311/3311
f 3314/3314/3314 3313/3313/3313 3311/3311/3311
f 3315/3315/3315 3314/3314/3314 3312/3312/3312
f 3316/3316/3316 3297/3297/3297 3313/3313/3313
f 3314/3314/3314 3316/3316/3316 3313/3313/3313
f 3297/3297/3297 3316/3316/3316 3292/3292/3292
f 3315/3315/3315 3317/3317/3317 3314/3314/3314
f 3317/3317/3317 3316/3316/3316 3314/3314/3314
f 3318/3318/3318 3292/3292/3292 3316/3316/3316
f 3318/3318/3318 3316/3316/3316 3317/3317/3317
f 3284/3284/3284 3292/3292/3292 3318/3318/3318
f 3319/3319/3319 3317/3317/3317 3315/3315/3315
f 3315/3315/3315 3320/3320/3320 3319/3319/3319
f 3321/3321/3321 3318/3318/3318 3317/3317/3317
f 3319/3319/3319 3321/3321/3321 3317/3317/3317
f 3284/3284/3284 3318/3318/3318 3322/3322/3322
f 3322/3322/3322 3318/3318/3318 3321/3321/3321
f 3322/3322/3322 3293/3293/3293 3284/3284/3284
f 3323/3323/3323 3319/3319/3319 3320/3320/3320
f 3323/3323/3323 3321/3321/3321 3319/3319/3319
f 3320/3320/3320 3324/3324/3324 3323/3323/3323
f 3323/3323/3323 3324/3324/3324 3325/3325/3325
f 3293/3293/3293 3322/3322/3322 3326/3326/3326
f 3326/3326/3326 3298/3298/3298 3293/3293/3293
f 3327/3327/3327 3322/3322/3322 3321/3321/3321
f 3323/3323/3323 3327/3327/3327 3321/3321/3321
f 3326/3326/3326 3322/3322/3322 3327/3327/3327
f 3325/3325/3325 3328/3328/3328 3323/3323/3323
f 3328/3328/3328 3327/3327/3327 3323/3323/3323
f 3328/3328/3328 3325/3325/3325 3329/3329/3329
f 3330/3330/3330 3327/3327/3327 3328/3328/3328
f 3327/3327/3327 3330/3330/3330 3326/3326/3326
f 3328/3328/3328 3329/3329/3329 3331/3331/3331
f 3331/3331/3331 3330/3330/3330 3328/3328/3328
f 3331/3331/3331 3329/3329/3329 3332/3332/3332
f 3326/3326/3326 3333/3333/3333 3298/3298/3298
f 3298/3298/3298 3333/3333/3333 3294/3294/3294
f 3334/3334/3334 3326/3326/3326 3330/3330/3330
f 3326/3326/3326 3334/3334/3334 3333/3333/3333
f 3330/3330/3330 3331/3331/3331 3335/3335/3335
f 3334/3334/3334 3330/3330/3330 3335/3335/3335
f 3332/3332/3332 3336/3336/3336 3331/3331/3331
f 3336/3336/3336 3335/3335/3335 3331/3331/3331
f 3294/3294/3294 3333/3333/3333 3337/3337/3337
f 3294/3294/3294 3337/3337/3337 3295/3295/3295
f 3334/3334/3334 3338/3338/3338 3333/3333/3333
f 3333/3333/3333 3338/3338/3338 3337/3337/3337
f 3295/3295/3295 3337/3337/3337 3339/3339/3339
f 3338/3338/3338 3339/3339/3339 3337/3337/3337
f 3295/3295/3295 3339/3339/3339 3340/3340/3340
f 3341/3341/3341 3336/3336/3336 3332/3332/3332
f 3332/3332/3332 3342/3342/3342 3341/3341/3341
f 3343/3343/3343 3335/3335/3335 3336/3336/3336
f 3341/3341/3341 3343/3343/3343 3336/3336/3336
f 3334/3334/3334 3335/3335/3335 3344/3344/3344
f 3334/3334/3334 3344/3344/3344 3338/3338/3338
f 3335/3335/3335 3343/3343/3343 3344/3344/3344
f 3345/3345/3345 3340/3340/3340 3339/3339/3339
f 3345/3345/3345 3346/3346/3346 3340/3340/3340
f 3338/3338/3338 3347/3347/3347 3339/3339/3339
f 3344/3344/3344 3347/3347/3347 3338/3338/3338
f 3347/3347/3347 3345/3345/3345 3339/3339/3339
f 3348/3348/3348 3341/3341/3341 3342/3342/3342
f 3342/3342/3342 3349/3349/3349 3348/3348/3348
f 3350/3350/3350 3346/3346/3346 3345/3345/3345
f 3350/3350/3350 3351/3351/3351 3346/3346/3346
f 3352/3352/3352 3343/3343/3343 3341/3341/3341
f 3341/3341/3341 3348/3348/3348 3352/3352/3352
f 3343/3343/3343 3353/3353/3353 3344/3344/3344
f 3347/3347/3347 3344/3344/3344 3353/3353/3353
f 3354/3354/3354 3348/3348/3348 3349/3349/3349
f 3349/3349/3349 3355/3355/3355 3354/3354/3354
f 3347/3347/3347 3356/3356/3356 3345/3345/3345
f 3350/3350/3350 3345/3345/3345 3356/3356/3356
f 3343/3343/3343 3357/3357/3357 3353/3353/3353
f 3352/3352/3352 3357/3357/3357 3343/3343/3343
f 3347/3347/3347 3353/3353/3353 3358/3358/3358
f 3358/3358/3358 3356/3356/3356 3347/3347/3347
f 3357/3357/3357 3358/3358/3358 3353/3353/3353
f 3359/3359/3359 3352/3352/3352 3348/3348/3348
f 3348/3348/3348 3354/3354/3354 3359/3359/3359
f 3356/3356/3356 3358/3358/3358 3360/3360/3360
f 3360/3360/3360 3358/3358/3358 3357/3357/3357
f 3361/3361/3361 3357/3357/3357 3352/3352/3352
f 3352/3352/3352 3359/3359/3359 3361/3361/3361
f 3357/3357/3357 3361/3361/3361 3360/3360/3360
f 3362/3362/3362 3354/3354/3354 3355/3355/3355
f 3355/3355/3355 3363/3363/3363 3362/3362/3362
f 3356/3356/3356 3364/3364/3364 3350/3350/3350
f 3360/3360/3360 3364/3364/3364 3356/3356/3356
f 3364/3364/3364 3365/3365/3365 3350/3350/3350
f 3365/3365/3365 3364/3364/3364 3360/3360/3360
f 3366/3366/3366 3360/3360/3360 3361/3361/3361
f 3360/3360/3360 3366/3366/3366 3365/3365/3365
f 3367/3367/3367 3361/3361/3361 3359/3359/3359
f 3361/3361/3361 3367/3367/3367 3366/3366/3366
f 3354/3354/3354 3368/3368/3368 3359/3359/3359
f 3359/3359/3359 3368/3368/3368 3367/3367/3367
f 3365/3365/3365 3369/3369/3369 3350/3350/3350
f 3369/3369/3369 3351/3351/3351 3350/3350/3350
f 3351/3351/3351 3369/3369/3369 3370/3370/3370
f 3371/3371/3371 3370/3370/3370 3369/3369/3369
f 3372/3372/3372 3365/3365/3365 3366/3366/3366
f 3365/3365/3365 3372/3372/3372 3369/3369/3369
f 3369/3369/3369 3373/3373/3373 3371/3371/3371
f 3373/3373/3373 3369/3369/3369 3372/3372/3372
f 3374/3374/3374 3371/3371/3371 3373/3373/3373
f 3375/3375/3375 3368/3368/3368 3354/3354/3354
f 3354/3354/3354 3362/3362/3362 3375/3375/3375
f 3376/3376/3376 3367/3367/3367 3368/3368/3368
f 3368/3368/3368 3375/3375/3375 3376/3376/3376
f 3377/3377/3377 3366/3366/3366 3367/3367/3367
f 3366/3366/3366 3377/3377/3377 3372/3372/3372
f 3367/3367/3367 3376/3376/3376 3377/3377/3377
f 3378/3378/3378 3373/3373/3373 3372/3372/3372
f 3378/3378/3378 3372/3372/3372 3377/3377/3377
f 3373/3373/3373 3379/3379/3379 3374/3374/3374
f 3379/3379/3379 3373/3373/3373 3378/3378/3378
f 3380/3380/3380 3374/3374/3374 3379/3379/3379
f 3381/3381/3381 3377/3377/3377 3376/3376/3376
f 3377/3377/3377 3381/3381/3381 3378/3378/3378
f 3382/3382/3382 3376/3376/3376 3375/3375/3375
f 3376/3376/3376 3382/3382/3382 3381/3381/3381
f 3383/3383/3383 3375/3375/3375 3362/3362/3362
f 3375/3375/3375 3383/3383/3383 3382/3382/3382
f 3384/3384/3384 3379/3379/3379 3378/3378/3378
f 3384/3384/3384 3378/3378/3378 3381/3381/3381
f 3379/3379/3379 3385/3385/3385 3380/3380/3380
f 3384/3384/3384 3385/3385/3385 3379/3379/3379
f 3386/3386/3386 3380/3380/3380 3385/3385/3385
f 3362/3362/3362 3387/3387/3387 3383/3383/3383
f 3387/3387/3387 3362/3362/3362 3363/3363/3363
f 3363/3363/3363 3388/3388/3388 3387/3387/3387
f 3382/3382/3382 3383/3383/3383 3389/3389/3389
f 3383/3383/3383 3387/3387/3387 3389/3389/3389
f 3390/3390/3390 3387/3387/3387 3388/3388/3388
f 3390/3390/3390 3389/3389/3389 3387/3387/3387
f 3388/3388/3388 3391/3391/3391 3390/3390/3390
f 3390/3390/3390 3391/3391/3391 3392/3392/3392
f 3390/3390/3390 3392/3392/3392 3393/3393/3393
f 3389/3389/3389 3390/3390/3390 3393/3393/3393
f 3394/3394/3394 3393/3393/3393 3392/3392/3392
f 3385/3385/3385 3395/3395/3395 3386/3386/3386
f 3396/3396/3396 3386/3386/3386 3395/3395/3395
f 3389/3389/3389 3397/3397/3397 3382/3382/3382
f 3397/3397/3397 3381/3381/3381 3382/3382/3382
f 3398/3398/3398 3395/3395/3395 3385/3385/3385
f 3384/3384/3384 3398/3398/3398 3385/3385/3385
f 3395/3395/3395 3399/3399/3399 3396/3396/3396
f 3399/3399/3399 3395/3395/3395 3398/3398/3398
f 3381/3381/3381 3400/3400/3400 3384/3384/3384
f 3397/3397/3397 3400/3400/3400 3381/3381/3381
f 3401/3401/3401 3400/3400/3400 3397/3397/3397
f 3402/3402/3402 3397/3397/3397 3389/3389/3389
f 3393/3393/3393 3402/3402/3402 3389/3389/3389
f 3401/3401/3401 3397/3397/3397 3402/3402/3402
f 3400/3400/3400 3403/3403/3403 3384/3384/3384
f 3398/3398/3398 3384/3384/3384 3403/3403/3403
f 3403/3403/3403 3400/3400/3400 3401/3401/3401
f 3396/3396/3396 3399/3399/3399 3404/3404/3404
f 3404/3404/3404 3405/3405/3405 3396/3396/3396
f 3398/3398/3398 3406/3406/3406 3399/3399/3399
f 3406/3406/3406 3398/3398/3398 3403/3403/3403
f 3406/3406/3406 3404/3404/3404 3399/3399/3399
f 3402/3402/3402 3393/3393/3393 3407/3407/3407
f 3407/3407/3407 3401/3401/3401 3402/3402/3402
f 3405/3405/3405 3404/3404/3404 3408/3408/3408
f 3408/3408/3408 3409/3409/3409 3405/3405/3405
f 3406/3406/3406 3410/3410/3410 3404/3404/3404
f 3408/3408/3408 3404/3404/3404 3410/3410/3410
f 3403/3403/3403 3411/3411/3411 3406/3406/3406
f 3410/3410/3410 3406/3406/3406 3411/3411/3411
f 3409/3409/3409 3408/3408/3408 3412/3412/3412
f 3412/3412/3412 3413/3413/3413 3409/3409/3409
f 3410/3410/3410 3414/3414/3414 3408/3408/3408
f 3408/3408/3408 3414/3414/3414 3412/3412/3412
f 3414/3414/3414 3410/3410/3410 3415/3415/3415
f 3411/3411/3411 3415/3415/3415 3410/3410/3410
f 3411/3411/3411 3403/3403/3403 3416/3416/3416
f 3416/3416/3416 3403/3403/3403 3401/3401/3401
f 3416/3416/3416 3401/3401/3401 3417/3417/3417
f 3418/3418/3418 3416/3416/3416 3417/3417/3417
f 3416/3416/3416 3418/3418/3418 3419/3419/3419
f 3416/3416/3416 3420/3420/3420 3411/3411/3411
f 3416/3416/3416 3419/3419/3419 3420/3420/3420
f 3415/3415/3415 3411/3411/3411 3420/3420/3420
f 3421/3421/3421 3420/3420/3420 3419/3419/3419
f 3421/3421/3421 3415/3415/3415 3420/3420/3420
f 3419/3419/3419 3422/3422/3422 3421/3421/3421
f 3412/3412/3412 3421/3421/3421 3422/3422/3422
f 3422/3422/3422 3423/3423/3423 3412/3412/3412
f 3412/3412/3412 3414/3414/3414 3424/3424/3424
f 3415/3415/3415 3424/3424/3424 3414/3414/3414
f 3412/3412/3412 3424/3424/3424 3421/3421/3421
f 3424/3424/3424 3415/3415/3415 3421/3421/3421
f 3401/3401/3401 3426/3426/3426 3425/3425/3425
f 3427/3427/3427 3425/3425/3425 3426/3426/3426
f 3407/3407/3407 3426/3426/3426 3401/3401/3401
f 3426/3426/3426 3428/3428/3428 3427/3427/3427
f 3427/3427/3427 3428/3428/3428 3429/3429/3429
f 3430/3430/3430 3426/3426/3426 3407/3407/3407
f 3430/3430/3430 3428/3428/3428 3426/3426/3426
f 3431/3431/3431 3429/3429/3429 3428/3428/3428
f 3429/3429/3429 3431/3431/3431 3432/3432/3432
f 3407/3407/3407 3433/3433/3433 3430/3430/3430
f 3433/3433/3433 3407/3407/3407 3393/3393/3393
f 3393/3393/3393 3394/3394/3394 3433/3433/3433
f 3434/3434/3434 3433/3433/3433 3394/3394/3394
f 3435/3435/3435 3428/3428/3428 3430/3430/3430
f 3435/3435/3435 3431/3431/3431 3428/3428/3428
f 3436/3436/3436 3430/3430/3430 3433/3433/3433
f 3433/3433/3433 3434/3434/3434 3436/3436/3436
f 3430/3430/3430 3436/3436/3436 3435/3435/3435
f 3436/3436/3436 3434/3434/3434 3437/3437/3437
f 3436/3436/3436 3437/3437/3437 3435/3435/3435
f 3438/3438/3438 3437/3437/3437 3434/3434/3434
f 3439/3439/3439 3437/3437/3437 3438/3438/3438
f 3440/3440/3440 3432/3432/3432 3431/3431/3431
f 3441/3441/3441 3432/3432/3432 3440/3440/3440
f 3442/3442/3442 3431/3431/3431 3435/3435/3435
f 3431/3431/3431 3442/3442/3442 3440/3440/3440
f 3435/3435/3435 3437/3437/3437 3442/3442/3442
f 3440/3440/3440 3442/3442/3442 3441/3441/3441
f 3443/3443/3443 3439/3439/3439 3441/3441/3441
f 3437/3437/3437 3439/3439/3439 3443/3443/3443
f 3437/3437/3437 3443/3443/3443 3442/3442/3442
f 3441/3441/3441 3442/3442/3442 3443/3443/3443
f 3446/3446/3446 3445/3445/3445 3444/3444/3444
f 3446/3446/3446 3444/3444/3444 3447/3447/3447
f 3447/3447/3447 3444/3444/3444 2950/2950/2950
f 3444/3444/3444 3448/3448/3448 2950/2950/2950
f 3448/3448/3448 3449/3449/3449 2950/2950/2950
f 3446/3446/3446 3447/3447/3447 3450/3450/3450
f 3447/3447/3447 2950/2950/2950 2952/2952/2952
f 2952/2952/2952 3450/3450/3450 3447/3447/3447
f 2969/2969/2969 3450/3450/3450 2952/2952/2952
f 3450/3450/3450 3451/3451/3451 3446/3446/3446
f 3452/3452/3452 3446/3446/3446 3451/3451/3451
f 3450/3450/3450 2969/2969/2969 3453/3453/3453
f 3453/3453/3453 3451/3451/3451 3450/3450/3450
f 2971/2971/2971 3453/3453/3453 2969/2969/2969
f 2971/2971/2971 3454/3454/3454 3453/3453/3453
f 3454/3454/3454 3455/3455/3455 3453/3453/3453
f 3451/3451/3451 3453/3453/3453 3455/3455/3455
f 3454/3454/3454 3456/3456/3456 3455/3455/3455
f 3451/3451/3451 3457/3457/3457 3452/3452/3452
f 3455/3455/3455 3457/3457/3457 3451/3451/3451
f 3458/3458/3458 3452/3452/3452 3457/3457/3457
f 3457/3457/3457 3459/3459/3459 3458/3458/3458
f 3459/3459/3459 3457/3457/3457 3455/3455/3455
f 3460/3460/3460 3458/3458/3458 3459/3459/3459
f 3461/3461/3461 3455/3455/3455 3456/3456/3456
f 3455/3455/3455 3461/3461/3461 3459/3459/3459
f 3456/3456/3456 3462/3462/3462 3461/3461/3461
f 3459/3459/3459 3463/3463/3463 3460/3460/3460
f 3463/3463/3463 3459/3459/3459 3461/3461/3461
f 3463/3463/3463 3464/3464/3464 3460/3460/3460
f 3465/3465/3465 3461/3461/3461 3462/3462/3462
f 3461/3461/3461 3465/3465/3465 3463/3463/3463
f 3462/3462/3462 3466/3466/3466 3465/3465/3465
f 3466/3466/3466 3467/3467/3467 3465/3465/3465
f 3467/3467/3467 3468/3468/3468 3465/3465/3465
f 3465/3465/3465 3468/3468/3468 3463/3463/3463
f 3467/3467/3467 3469/3469/3469 3468/3468/3468
f 3463/3463/3463 3470/3470/3470 3464/3464/3464
f 3468/3468/3468 3470/3470/3470 3463/3463/3463
f 3470/3470/3470 3471/3471/3471 3464/3464/3464
f 3472/3472/3472 3468/3468/3468 3469/3469/3469
f 3468/3468/3468 3472/3472/3472 3470/3470/3470
f 3469/3469/3469 3473/3473/3473 3472/3472/3472
f 3471/3471/3471 3470/3470/3470 3474/3474/3474
f 3472/3472/3472 3474/3474/3474 3470/3470/3470
f 3474/3474/3474 3475/3475/3475 3471/3471/3471
f 3476/3476/3476 3472/3472/3472 3473/3473/3473
f 3474/3474/3474 3472/3472/3472 3476/3476/3476
f 3476/3476/3476 3473/3473/3473 3477/3477/3477
f 3475/3475/3475 3474/3474/3474 3478/3478/3478
f 3476/3476/3476 3478/3478/3478 3474/3474/3474
f 3478/3478/3478 3479/3479/3479 3475/3475/3475
f 3477/3477/3477 3480/3480/3480 3476/3476/3476
f 3478/3478/3478 3476/3476/3476 3480/3480/3480
f 3479/3479/3479 3478/3478/3478 3481/3481/3481
f 3480/3480/3480 3481/3481/3481 3478/3478/3478
f 3481/3481/3481 3482/3482/3482 3479/3479/3479
f 3481/3481/3481 3483/3483/3483 3482/3482/3482
f 3484/3484/3484 3483/3483/3483 3481/3481/3481
f 3480/3480/3480 3484/3484/3484 3481/3481/3481
f 3483/3483/3483 3484/3484/3484 3485/3485/3485
f 3480/3480/3480 3477/3477/3477 3486/3486/3486
f 3486/3486/3486 3484/3484/3484 3480/3480/3480
f 3487/3487/3487 3486/3486/3486 3477/3477/3477
f 3486/3486/3486 3487/3487/3487 3488/3488/3488
f 3489/3489/3489 3485/3485/3485 3484/3484/3484
f 3484/3484/3484 3486/3486/3486 3489/3489/3489
f 3490/3490/3490 3485/3485/3485 3489/3489/3489
f 3488/3488/3488 3491/3491/3491 3486/3486/3486
f 3491/3491/3491 3489/3489/3489 3486/3486/3486
f 3491/3491/3491 3488/3488/3488 3492/3492/3492
f 3489/3489/3489 3493/3493/3493 3490/3490/3490
f 3493/3493/3493 3489/3489/3489 3491/3491/3491
f 3490/3490/3490 3493/3493/3493 3494/3494/3494
f 3492/3492/3492 3495/3495/3495 3491/3491/3491
f 3491/3491/3491 3495/3495/3495 3493/3493/3493
f 3495/3495/3495 3492/3492/3492 3496/3496/3496
f 3495/3495/3495 3496/3496/3496 3497/3497/3497
f 3493/3493/3493 3495/3495/3495 3497/3497/3497
f 3497/3497/3497 3496/3496/3496 3498/3498/3498
f 3493/3493/3493 3499/3499/3499 3494/3494/3494
f 3497/3497/3497 3499/3499/3499 3493/3493/3493
f 3500/3500/3500 3494/3494/3494 3499/3499/3499
f 3497/3497/3497 3498/3498/3498 3501/3501/3501
f 3499/3499/3499 3497/3497/3497 3501/3501/3501
f 3502/3502/3502 3501/3501/3501 3498/3498/3498
f 3499/3499/3499 3503/3503/3503 3500/3500/3500
f 3501/3501/3501 3503/3503/3503 3499/3499/3499
f 3500/3500/3500 3503/3503/3503 3504/3504/3504
f 3502/3502/3502 3505/3505/3505 3501/3501/3501
f 3503/3503/3503 3501/3501/3501 3505/3505/3505
f 3506/3506/3506 3505/3505/3505 3502/3502/3502
f 3506/3506/3506 3504/3504/3504 3507/3507/3507
f 3503/3503/3503 3507/3507/3507 3504/3504/3504
f 3506/3506/3506 3507/3507/3507 3505/3505/3505
f 3505/3505/3505 3507/3507/3507 3503/3503/3503
f 3510/3510/3510 3509/3509/3509 3508/3508/3508
f 3511/3511/3511 3508/3508/3508 3509/3509/3509
f 3512/3512/3512 3511/3511/3511 3509/3509/3509
f 3513/3513/3513 3511/3511/3511 3512/3512/3512
f 3514/3514/3514 3513/3513/3513 3512/3512/3512
f 3513/3513/3513 3514/3514/3514 3515/3515/3515
f 3516/3516/3516 3515/3515/3515 3514/3514/3514
f 3515/3515/3515 3516/3516/3516 3517/3517/3517
f 3518/3518/3518 3517/3517/3517 3516/3516/3516
f 3517/3517/3517 3518/3518/3518 3519/3519/3519
f 3520/3520/3520 3519/3519/3519 3518/3518/3518
f 3519/3519/3519 3520/3520/3520 3521/3521/3521
f 3521/3521/3521 3522/3522/3522 3519/3519/3519
f 3522/3522/3522 3521/3521/3521 3523/3523/3523
f 3522/3522/3522 3523/3523/3523 3524/3524/3524
f 3524/3524/3524 3523/3523/3523 3525/3525/3525
f 3524/3524/3524 3525/3525/3525 3526/3526/3526
f 3526/3526/3526 3525/3525/3525 3527/3527/3527
f 3528/3528/3528 3526/3526/3526 3527/3527/3527
f 3528/3528/3528 3527/3527/3527 3529/3529/3529
f 3524/3524/3524 3526/3526/3526 3530/3530/3530
f 3530/3530/3530 3526/3526/3526 3528/3528/3528
f 3522/3522/3522 3524/3524/3524 3531/3531/3531
f 3530/3530/3530 3531/3531/3531 3524/3524/3524
f 3532/3532/3532 3528/3528/3528 3529/3529/3529
f 3532/3532/3532 3529/3529/3529 3533/3533/3533
f 3519/3519/3519 3522/3522/3522 3534/3534/3534
f 3531/3531/3531 3534/3534/3534 3522/3522/3522
f 3535/3535/3535 3530/3530/3530 3528/3528/3528
f 3528/3528/3528 3532/3532/3532 3535/3535/3535
f 3536/3536/3536 3531/3531/3531 3530/3530/3530
f 3537/3537/3537 3536/3536/3536 3530/3530/3530
f 3537/3537/3537 3530/3530/3530 3535/3535/3535
f 3536/3536/3536 3538/3538/3538 3531/3531/3531
f 3538/3538/3538 3534/3534/3534 3531/3531/3531
f 3539/3539/3539 3537/3537/3537 3535/3535/3535
f 3540/3540/3540 3534/3534/3534 3538/3538/3538
f 3535/3535/3535 3541/3541/3541 3539/3539/3539
f 3540/3540/3540 3542/3542/3542 3534/3534/3534
f 3534/3534/3534 3542/3542/3542 3519/3519/3519
f 3540/3540/3540 3543/3543/3543 3542/3542/3542
f 3541/3541/3541 3535/3535/3535 3544/3544/3544
f 3535/3535/3535 3532/3532/3532 3544/3544/3544
f 3541/3541/3541 3544/3544/3544 3545/3545/3545
f 3519/3519/3519 3542/3542/3542 3546/3546/3546
f 3543/3543/3543 3546/3546/3546 3542/3542/3542
f 3546/3546/3546 3517/3517/3517 3519/3519/3519
f 3532/3532/3532 3547/3547/3547 3544/3544/3544
f 3545/3545/3545 3544/3544/3544 3547/3547/3547
f 3547/3547/3547 3532/3532/3532 3533/3533/3533
f 3545/3545/3545 3547/3547/3547 3548/3548/3548
f 3549/3549/3549 3546/3546/3546 3543/3543/3543
f 3517/3517/3517 3546/3546/3546 3549/3549/3549
f 3543/3543/3543 3550/3550/3550 3549/3549/3549
f 3549/3549/3549 3551/3551/3551 3517/3517/3517
f 3549/3549/3549 3550/3550/3550 3552/3552/3552
f 3553/3553/3553 3547/3547/3547 3533/3533/3533
f 3548/3548/3548 3547/3547/3547 3553/3553/3553
f 3533/3533/3533 3554/3554/3554 3553/3553/3553
f 3548/3548/3548 3553/3553/3553 3555/3555/3555
f 3551/3551/3551 3549/3549/3549 3556/3556/3556
f 3549/3549/3549 3552/3552/3552 3556/3556/3556
f 3556/3556/3556 3557/3557/3557 3551/3551/3551
f 3556/3556/3556 3552/3552/3552 3558/3558/3558
f 3557/3557/3557 3556/3556/3556 3559/3559/3559
f 3560/3560/3560 3553/3553/3553 3554/3554/3554
f 3555/3555/3555 3553/3553/3553 3560/3560/3560
f 3554/3554/3554 3561/3561/3561 3560/3560/3560
f 3556/3556/3556 3558/3558/3558 3562/3562/3562
f 3562/3562/3562 3559/3559/3559 3556/3556/3556
f 3558/3558/3558 3563/3563/3563 3562/3562/3562
f 3562/3562/3562 3563/3563/3563 3559/3559/3559
f 3564/3564/3564 3555/3555/3555 3560/3560/3560
f 3555/3555/3555 3564/3564/3564 3565/3565/3565
f 3565/3565/3565 3564/3564/3564 2950/2950/2950
f 2950/2950/2950 3566/3566/3566 3565/3565/3565
f 3564/3564/3564 2951/2951/2951 2950/2950/2950
f 3564/3564/3564 3560/3560/3560 2951/2951/2951
f 2954/2954/2954 2951/2951/2951 3560/3560/3560
f 3560/3560/3560 3561/3561/3561 2954/2954/2954
f 2954/2954/2954 3561/3561/3561 3567/3567/3567
f 2946/2946/2946 2954/2954/2954 3567/3567/3567
f 3567/3567/3567 3568/3568/3568 2946/2946/2946
f 3569/3569/3569 2946/2946/2946 3568/3568/3568
f 3572/3572/3572 3571/3571/3571 3570/3570/3570
f 3572/3572/3572 3570/3570/3570 3573/3573/3573
f 3574/3574/3574 3573/3573/3573 3570/3570/3570
f 3572/3572/3572 3573/3573/3573 3575/3575/3575
f 3576/3576/3576 3573/3573/3573 3574/3574/3574
f 3576/3576/3576 3575/3575/3575 3573/3573/3573
f 3577/3577/3577 3576/3576/3576 3574/3574/3574
f 3578/3578/3578 3575/3575/3575 3576/3576/3576
f 3579/3579/3579 3576/3576/3576 3577/3577/3577
f 3578/3578/3578 3576/3576/3576 3579/3579/3579
f 3577/3577/3577 3580/3580/3580 3579/3579/3579
f 3581/3581/3581 3580/3580/3580 3577/3577/3577
f 3578/3578/3578 3579/3579/3579 3582/3582/3582
f 3579/3579/3579 3580/3580/3580 3582/3582/3582
f 3582/3582/3582 3583/3583/3583 3578/3578/3578
f 3580/3580/3580 3581/3581/3581 3584/3584/3584
f 3584/3584/3584 3581/3581/3581 3585/3585/3585
f 3584/3584/3584 3585/3585/3585 3586/3586/3586
f 3584/3584/3584 3586/3586/3586 3587/3587/3587
f 3587/3587/3587 3586/3586/3586 3588/3588/3588
f 3580/3580/3580 3584/3584/3584 3589/3589/3589
f 3589/3589/3589 3582/3582/3582 3580/3580/3580
f 3587/3587/3587 3589/3589/3589 3584/3584/3584
f 3583/3583/3583 3582/3582/3582 3590/3590/3590
f 3590/3590/3590 3591/3591/3591 3583/3583/3583
f 3582/3582/3582 3589/3589/3589 3592/3592/3592
f 3592/3592/3592 3589/3589/3589 3587/3587/3587
f 3592/3592/3592 3590/3590/3590 3582/3582/3582
f 3591/3591/3591 3590/3590/3590 3593/3593/3593
f 3593/3593/3593 3594/3594/3594 3591/3591/3591
f 3590/3590/3590 3592/3592/3592 3595/3595/3595
f 3595/3595/3595 3593/3593/3593 3590/3590/3590
f 3596/3596/3596 3594/3594/3594 3593/3593/3593
f 3597/3597/3597 3594/3594/3594 3596/3596/3596
f 3588/3588/3588 3598/3598/3598 3587/3587/3587
f 3598/3598/3598 3588/3588/3588 3599/3599/3599
f 3599/3599/3599 3600/3600/3600 3598/3598/3598
f 3601/3601/3601 3598/3598/3598 3600/3600/3600
f 3601/3601/3601 3600/3600/3600 3602/3602/3602
f 3602/3602/3602 3603/3603/3603 3601/3601/3601
f 3601/3601/3601 3603/3603/3603 3604/3604/3604
f 3605/3605/3605 3592/3592/3592 3587/3587/3587
f 3595/3595/3595 3592/3592/3592 3605/3605/3605
f 3587/3587/3587 3598/3598/3598 3606/3606/3606
f 3601/3601/3601 3606/3606/3606 3598/3598/3598
f 3606/3606/3606 3605/3605/3605 3587/3587/3587
f 3607/3607/3607 3606/3606/3606 3601/3601/3601
f 3607/3607/3607 3605/3605/3605 3606/3606/3606
f 3604/3604/3604 3608/3608/3608 3601/3601/3601
f 3608/3608/3608 3607/3607/3607 3601/3601/3601
f 3609/3609/3609 3595/3595/3595 3605/3605/3605
f 3609/3609/3609 3605/3605/3605 3607/3607/3607
f 3610/3610/3610 3608/3608/3608 3604/3604/3604
f 3611/3611/3611 3610/3610/3610 3604/3604/3604
f 3610/3610/3610 3612/3612/3612 3608/3608/3608
f 3612/3612/3612 3613/3613/3613 3608/3608/3608
f 3607/3607/3607 3608/3608/3608 3613/3613/3613
f 3614/3614/3614 3610/3610/3610 3611/3611/3611
f 3615/3615/3615 3609/3609/3609 3607/3607/3607
f 3613/3613/3613 3615/3615/3615 3607/3607/3607
f 3616/3616/3616 3595/3595/3595 3609/3609/3609
f 3615/3615/3615 3616/3616/3616 3609/3609/3609
f 3610/3610/3610 3614/3614/3614 3617/3617/3617
f 3617/3617/3617 3614/3614/3614 3618/3618/3618
f 3618/3618/3618 3619/3619/3619 3617/3617/3617
f 3619/3619/3619 3620/3620/3620 3617/3617/3617
f 3621/3621/3621 3620/3620/3620 3619/3619/3619
f 3619/3619/3619 3622/3622/3622 3621/3621/3621
f 3623/3623/3623 3621/3621/3621 3622/3622/3622
f 3610/3610/3610 3621/3621/3621 3624/3624/3624
f 3624/3624/3624 3612/3612/3612 3610/3610/3610
f 3623/3623/3623 3625/3625/3625 3621/3621/3621
f 3625/3625/3625 3624/3624/3624 3621/3621/3621
f 3625/3625/3625 3623/3623/3623 3626/3626/3626
f 3624/3624/3624 3627/3627/3627 3612/3612/3612
f 3624/3624/3624 3625/3625/3625 3627/3627/3627
f 3626/3626/3626 3628/3628/3628 3625/3625/3625
f 3628/3628/3628 3626/3626/3626 3629/3629/3629
f 3627/3627/3627 3630/3630/3630 3612/3612/3612
f 3627/3627/3627 3631/3631/3631 3630/3630/3630
f 3631/3631/3631 3627/3627/3627 3625/3625/3625
f 3631/3631/3631 3625/3625/3625 3628/3628/3628
f 3628/3628/3628 3632/3632/3632 3631/3631/3631
f 3633/3633/3633 3632/3632/3632 3628/3628/3628
f 3629/3629/3629 3633/3633/3633 3628/3628/3628
f 3633/3633/3633 3634/3634/3634 3632/3632/3632
f 3635/3635/3635 3633/3633/3633 3629/3629/3629
f 3629/3629/3629 3636/3636/3636 3635/3635/3635
f 3637/3637/3637 3634/3634/3634 3633/3633/3633
f 3633/3633/3633 3635/3635/3635 3637/3637/3637
f 3637/3637/3637 3638/3638/3638 3634/3634/3634
f 3637/3637/3637 3639/3639/3639 3638/3638/3638
f 3639/3639/3639 3637/3637/3637 3635/3635/3635
f 3639/3639/3639 3640/3640/3640 3638/3638/3638
f 3641/3641/3641 3640/3640/3640 3639/3639/3639
f 3642/3642/3642 3635/3635/3635 3636/3636/3636
f 3635/3635/3635 3642/3642/3642 3639/3639/3639
f 3636/3636/3636 3643/3643/3643 3642/3642/3642
f 3639/3639/3639 3644/3644/3644 3641/3641/3641
f 3644/3644/3644 3639/3639/3639 3642/3642/3642
f 3645/3645/3645 3641/3641/3641 3644/3644/3644
f 3646/3646/3646 3642/3642/3642 3643/3643/3643
f 3642/3642/3642 3646/3646/3646 3644/3644/3644
f 3643/3643/3643 3647/3647/3647 3646/3646/3646
f 3648/3648/3648 3646/3646/3646 3647/3647/3647
f 3646/3646/3646 3648/3648/3648 3644/3644/3644
f 3647/3647/3647 3649/3649/3649 3648/3648/3648
f 3644/3644/3644 3650/3650/3650 3645/3645/3645
f 3648/3648/3648 3650/3650/3650 3644/3644/3644
f 3651/3651/3651 3645/3645/3645 3650/3650/3650
f 3652/3652/3652 3648/3648/3648 3649/3649/3649
f 3648/3648/3648 3652/3652/3652 3650/3650/3650
f 3649/3649/3649 3653/3653/3653 3652/3652/3652
f 3654/3654/3654 3652/3652/3652 3653/3653/3653
f 3653/3653/3653 3655/3655/3655 3654/3654/3654
f 3654/3654/3654 3655/3655/3655 3656/3656/3656
f 3650/3650/3650 3657/3657/3657 3651/3651/3651
f 3657/3657/3657 3650/3650/3650 3652/3652/3652
f 3652/3652/3652 3654/3654/3654 3657/3657/3657
f 3657/3657/3657 3658/3658/3658 3651/3651/3651
f 3659/3659/3659 3658/3658/3658 3657/3657/3657
f 3654/3654/3654 3659/3659/3659 3657/3657/3657
f 3660/3660/3660 3658/3658/3658 3659/3659/3659
f 3656/3656/3656 3661/3661/3661 3654/3654/3654
f 3662/3662/3662 3661/3661/3661 3656/3656/3656
f 3663/3663/3663 3659/3659/3659 3654/3654/3654
f 3659/3659/3659 3663/3663/3663 3660/3660/3660
f 3654/3654/3654 3661/3661/3661 3663/3663/3663
f 3660/3660/3660 3663/3663/3663 3664/3664/3664
f 3664/3664/3664 3663/3663/3663 3661/3661/3661
f 3664/3664/3664 3665/3665/3665 3660/3660/3660
f 3665/3665/3665 3664/3664/3664 3666/3666/3666
f 3662/3662/3662 3667/3667/3667 3661/3661/3661
f 3668/3668/3668 3667/3667/3667 3662/3662/3662
f 3668/3668/3668 3669/3669/3669 3667/3667/3667
f 3670/3670/3670 3669/3669/3669 3668/3668/3668
f 3670/3670/3670 3671/3671/3671 3669/3669/3669
f 3671/3671/3671 3670/3670/3670 3672/3672/3672
f 3671/3671/3671 3672/3672/3672 3673/3673/3673
f 3672/3672/3672 3674/3674/3674 3673/3673/3673
f 3661/3661/3661 3675/3675/3675 3664/3664/3664
f 3666/3666/3666 3664/3664/3664 3676/3676/3676
f 3676/3676/3676 3664/3664/3664 3675/3675/3675
f 3675/3675/3675 3677/3677/3677 3676/3676/3676
f 3666/3666/3666 3676/3676/3676 3678/3678/3678
f 3676/3676/3676 3677/3677/3677 3679/3679/3679
f 3676/3676/3676 3680/3680/3680 3678/3678/3678
f 3679/3679/3679 3680/3680/3680 3676/3676/3676
f 3681/3681/3681 3678/3678/3678 3680/3680/3680
f 3681/3681/3681 3680/3680/3680 3679/3679/3679
f 168/168/168 3683/3683/3683 3682/3682/3682
f 3683/3683/3683 168/168/168 3684/3684/3684
f 3685/3685/3685 3683/3683/3683 3684/3684/3684
f 3684/3684/3684 168/168/168 167/167/167
f 3684/3684/3684 3686/3686/3686 3685/3685/3685
f 3686/3686/3686 3684/3684/3684 167/167/167
f 3687/3687/3687 3685/3685/3685 3686/3686/3686
f 167/167/167 172/172/172 3686/3686/3686
f 3686/3686/3686 3688/3688/3688 3687/3687/3687
f 3688/3688/3688 3686/3686/3686 172/172/172
f 3688/3688/3688 3689/3689/3689 3687/3687/3687
f 172/172/172 173/173/173 3688/3688/3688
f 3690/3690/3690 3689/3689/3689 3688/3688/3688
f 3689/3689/3689 3690/3690/3690 3691/3691/3691
f 3688/3688/3688 173/173/173 3692/3692/3692
f 3692/3692/3692 3690/3690/3690 3688/3688/3688
f 174/174/174 3692/3692/3692 173/173/173
f 3693/3693/3693 3691/3691/3691 3690/3690/3690
f 3693/3693/3693 3690/3690/3690 3692/3692/3692
f 3692/3692/3692 174/174/174 3693/3693/3693
f 3694/3694/3694 3691/3691/3691 3693/3693/3693
f 176/176/176 3693/3693/3693 174/174/174
f 3695/3695/3695 3694/3694/3694 3693/3693/3693
f 3695/3695/3695 3693/3693/3693 176/176/176
f 3696/3696/3696 3694/3694/3694 3695/3695/3695
f 3697/3697/3697 3695/3695/3695 176/176/176
f 3695/3695/3695 3697/3697/3697 3696/3696/3696
f 176/176/176 178/178/178 3697/3697/3697
f 3698/3698/3698 3696/3696/3696 3697/3697/3697
f 202/202/202 3697/3697/3697 178/178/178
f 3697/3697/3697 202/202/202 3698/3698/3698
f 202/202/202 3699/3699/3699 3698/3698/3698
f 199/199/199 3699/3699/3699 202/202/202
f 3699/3699/3699 3700/3700/3700 3698/3698/3698
f 3699/3699/3699 199/199/199 203/203/203
f 3700/3700/3700 3699/3699/3699 3701/3701/3701
f 3702/3702/3702 3700/3700/3700 3701/3701/3701
f 3702/3702/3702 3701/3701/3701 3703/3703/3703
f 203/203/203 3704/3704/3704 3699/3699/3699
f 3704/3704/3704 3701/3701/3701 3699/3699/3699
f 3705/3705/3705 3703/3703/3703 3701/3701/3701
f 3701/3701/3701 3704/3704/3704 3705/3705/3705
f 3703/3703/3703 3705/3705/3705 3706/3706/3706
f 3704/3704/3704 203/203/203 3707/3707/3707
f 3707/3707/3707 3705/3705/3705 3704/3704/3704
f 200/200/200 3707/3707/3707 203/203/203
f 3708/3708/3708 3706/3706/3706 3705/3705/3705
f 3705/3705/3705 3707/3707/3707 3708/3708/3708
f 3709/3709/3709 3706/3706/3706 3708/3708/3708
f 3710/3710/3710 3707/3707/3707 200/200/200
f 3710/3710/3710 3708/3708/3708 3707/3707/3707
f 200/200/200 196/196/196 3710/3710/3710
f 3708/3708/3708 3711/3711/3711 3709/3709/3709
f 3711/3711/3711 3708/3708/3708 3710/3710/3710
f 3712/3712/3712 3710/3710/3710 196/196/196
f 3710/3710/3710 3712/3712/3712 3711/3711/3711
f 196/196/196 195/195/195 3712/3712/3712
f 3713/3713/3713 3709/3709/3709 3711/3711/3711
f 3714/3714/3714 3709/3709/3709 3713/3713/3713
f 3715/3715/3715 3711/3711/3711 3712/3712/3712
f 3711/3711/3711 3715/3715/3715 3713/3713/3713
f 3714/3714/3714 3713/3713/3713 3716/3716/3716
f 3716/3716/3716 3713/3713/3713 3715/3715/3715
f 3716/3716/3716 3717/3717/3717 3714/3714/3714
f 3712/3712/3712 3718/3718/3718 3715/3715/3715
f 3718/3718/3718 3712/3712/3712 195/195/195
f 3717/3717/3717 3716/3716/3716 3719/3719/3719
f 3719/3719/3719 3720/3720/3720 3717/3717/3717
f 3720/3720/3720 3719/3719/3719 3721/3721/3721
f 3715/3715/3715 3722/3722/3722 3716/3716/3716
f 3722/3722/3722 3715/3715/3715 3718/3718/3718
f 3719/3719/3719 3716/3716/3716 3722/3722/3722
f 3719/3719/3719 3723/3723/3723 3721/3721/3721
f 3724/3724/3724 3721/3721/3721 3723/3723/3723
f 3722/3722/3722 3725/3725/3725 3719/3719/3719
f 3719/3719/3719 3725/3725/3725 3723/3723/3723
f 3718/3718/3718 3726/3726/3726 3722/3722/3722
f 3725/3725/3725 3722/3722/3722 3726/3726/3726
f 195/195/195 3727/3727/3727 3718/3718/3718
f 3726/3726/3726 3718/3718/3718 3727/3727/3727
f 195/195/195 3728/3728/3728 3727/3727/3727
f 3728/3728/3728 195/195/195 197/197/197
f 3729/3729/3729 3728/3728/3728 197/197/197
f 3728/3728/3728 3729/3729/3729 3730/3730/3730
f 3730/3730/3730 3727/3727/3727 3728/3728/3728
f 3731/3731/3731 3730/3730/3730 3729/3729/3729
f 3727/3727/3727 3730/3730/3730 3732/3732/3732
f 3727/3727/3727 3732/3732/3732 3726/3726/3726
f 3731/3731/3731 3733/3733/3733 3730/3730/3730
f 3733/3733/3733 3732/3732/3732 3730/3730/3730
f 3734/3734/3734 3726/3726/3726 3732/3732/3732
f 3732/3732/3732 3733/3733/3733 3734/3734/3734
f 3733/3733/3733 3731/3731/3731 3735/3735/3735
f 3735/3735/3735 3734/3734/3734 3733/3733/3733
f 3736/3736/3736 3735/3735/3735 3731/3731/3731
f 3726/3726/3726 3737/3737/3737 3725/3725/3725
f 3737/3737/3737 3726/3726/3726 3734/3734/3734
f 3734/3734/3734 3735/3735/3735 3738/3738/3738
f 3738/3738/3738 3737/3737/3737 3734/3734/3734
f 3735/3735/3735 3736/3736/3736 3739/3739/3739
f 3739/3739/3739 3738/3738/3738 3735/3735/3735
f 3740/3740/3740 3739/3739/3739 3736/3736/3736
f 3725/3725/3725 3737/3737/3737 3741/3741/3741
f 3725/3725/3725 3741/3741/3741 3723/3723/3723
f 3742/3742/3742 3737/3737/3737 3738/3738/3738
f 3741/3741/3741 3737/3737/3737 3742/3742/3742
f 3743/3743/3743 3738/3738/3738 3739/3739/3739
f 3743/3743/3743 3742/3742/3742 3738/3738/3738
f 3744/3744/3744 3739/3739/3739 3740/3740/3740
f 3744/3744/3744 3743/3743/3743 3739/3739/3739
f 3745/3745/3745 3744/3744/3744 3740/3740/3740
f 3741/3741/3741 3746/3746/3746 3723/3723/3723
f 3723/3723/3723 3746/3746/3746 3724/3724/3724
f 3747/3747/3747 3741/3741/3741 3742/3742/3742
f 3741/3741/3741 3747/3747/3747 3746/3746/3746
f 3748/3748/3748 3724/3724/3724 3746/3746/3746
f 3747/3747/3747 3748/3748/3748 3746/3746/3746
f 3724/3724/3724 3748/3748/3748 3749/3749/3749
f 3750/3750/3750 3744/3744/3744 3745/3745/3745
f 3745/3745/3745 3751/3751/3751 3750/3750/3750
f 3752/3752/3752 3749/3749/3749 3748/3748/3748
f 3752/3752/3752 3753/3753/3753 3749/3749/3749
f 3754/3754/3754 3743/3743/3743 3744/3744/3744
f 3744/3744/3744 3750/3750/3750 3754/3754/3754
f 3755/3755/3755 3742/3742/3742 3743/3743/3743
f 3742/3742/3742 3755/3755/3755 3747/3747/3747
f 3747/3747/3747 3756/3756/3756 3748/3748/3748
f 3752/3752/3752 3748/3748/3748 3756/3756/3756
f 3757/3757/3757 3753/3753/3753 3752/3752/3752
f 3757/3757/3757 3758/3758/3758 3753/3753/3753
f 3759/3759/3759 3755/3755/3755 3743/3743/3743
f 3743/3743/3743 3754/3754/3754 3759/3759/3759
f 3760/3760/3760 3747/3747/3747 3755/3755/3755
f 3759/3759/3759 3760/3760/3760 3755/3755/3755
f 3756/3756/3756 3747/3747/3747 3760/3760/3760
f 3756/3756/3756 3761/3761/3761 3752/3752/3752
f 3757/3757/3757 3752/3752/3752 3761/3761/3761
f 3762/3762/3762 3759/3759/3759 3754/3754/3754
f 3759/3759/3759 3762/3762/3762 3760/3760/3760
f 3756/3756/3756 3760/3760/3760 3763/3763/3763
f 3763/3763/3763 3761/3761/3761 3756/3756/3756
f 3762/3762/3762 3763/3763/3763 3760/3760/3760
f 3764/3764/3764 3758/3758/3758 3757/3757/3757
f 3764/3764/3764 3765/3765/3765 3758/3758/3758
f 3754/3754/3754 3766/3766/3766 3762/3762/3762
f 3766/3766/3766 3754/3754/3754 3750/3750/3750
f 3766/3766/3766 3767/3767/3767 3762/3762/3762
f 3767/3767/3767 3766/3766/3766 3750/3750/3750
f 3762/3762/3762 3768/3768/3768 3763/3763/3763
f 3767/3767/3767 3768/3768/3768 3762/3762/3762
f 3763/3763/3763 3769/3769/3769 3761/3761/3761
f 3769/3769/3769 3763/3763/3763 3768/3768/3768
f 3761/3761/3761 3770/3770/3770 3757/3757/3757
f 3770/3770/3770 3761/3761/3761 3769/3769/3769
f 3750/3750/3750 3771/3771/3771 3767/3767/3767
f 3771/3771/3771 3750/3750/3750 3751/3751/3751
f 3751/3751/3751 3772/3772/3772 3771/3771/3771
f 3771/3771/3771 3772/3772/3772 3773/3773/3773
f 3768/3768/3768 3767/3767/3767 3774/3774/3774
f 3774/3774/3774 3767/3767/3767 3771/3771/3771
f 3773/3773/3773 3775/3775/3775 3771/3771/3771
f 3771/3771/3771 3775/3775/3775 3774/3774/3774
f 3775/3775/3775 3773/3773/3773 3776/3776/3776
f 3770/3770/3770 3777/3777/3777 3757/3757/3757
f 3777/3777/3777 3764/3764/3764 3757/3757/3757
f 3778/3778/3778 3770/3770/3770 3769/3769/3769
f 3777/3777/3777 3770/3770/3770 3778/3778/3778
f 3779/3779/3779 3769/3769/3769 3768/3768/3768
f 3774/3774/3774 3779/3779/3779 3768/3768/3768
f 3778/3778/3778 3769/3769/3769 3779/3779/3779
f 3776/3776/3776 3780/3780/3780 3775/3775/3775
f 3780/3780/3780 3776/3776/3776 3781/3781/3781
f 3775/3775/3775 3782/3782/3782 3774/3774/3774
f 3779/3779/3779 3774/3774/3774 3782/3782/3782
f 3775/3775/3775 3780/3780/3780 3782/3782/3782
f 3778/3778/3778 3779/3779/3779 3783/3783/3783
f 3782/3782/3782 3783/3783/3783 3779/3779/3779
f 3778/3778/3778 3784/3784/3784 3777/3777/3777
f 3783/3783/3783 3784/3784/3784 3778/3778/3778
f 3785/3785/3785 3764/3764/3764 3777/3777/3777
f 3784/3784/3784 3785/3785/3785 3777/3777/3777
f 3781/3781/3781 3786/3786/3786 3780/3780/3780
f 3786/3786/3786 3781/3781/3781 3787/3787/3787
f 3782/3782/3782 3780/3780/3780 3788/3788/3788
f 3783/3783/3783 3782/3782/3782 3788/3788/3788
f 3786/3786/3786 3788/3788/3788 3780/3780/3780
f 3789/3789/3789 3764/3764/3764 3785/3785/3785
f 3765/3765/3765 3764/3764/3764 3789/3789/3789
f 3789/3789/3789 3790/3790/3790 3765/3765/3765
f 3791/3791/3791 3785/3785/3785 3784/3784/3784
f 3791/3791/3791 3789/3789/3789 3785/3785/3785
f 3790/3790/3790 3789/3789/3789 3792/3792/3792
f 3791/3791/3791 3792/3792/3792 3789/3789/3789
f 3792/3792/3792 3793/3793/3793 3790/3790/3790
f 3793/3793/3793 3792/3792/3792 3794/3794/3794
f 3795/3795/3795 3794/3794/3794 3792/3792/3792
f 3795/3795/3795 3792/3792/3792 3791/3791/3791
f 3794/3794/3794 3795/3795/3795 3796/3796/3796
f 3783/3783/3783 3797/3797/3797 3784/3784/3784
f 3784/3784/3784 3797/3797/3797 3791/3791/3791
f 3788/3788/3788 3798/3798/3798 3783/3783/3783
f 3798/3798/3798 3797/3797/3797 3783/3783/3783
f 3799/3799/3799 3797/3797/3797 3798/3798/3798
f 3800/3800/3800 3791/3791/3791 3797/3797/3797
f 3791/3791/3791 3800/3800/3800 3795/3795/3795
f 3797/3797/3797 3799/3799/3799 3800/3800/3800
f 3801/3801/3801 3796/3796/3796 3795/3795/3795
f 3802/3802/3802 3796/3796/3796 3801/3801/3801
f 3803/3803/3803 3795/3795/3795 3800/3800/3800
f 3799/3799/3799 3803/3803/3803 3800/3800/3800
f 3803/3803/3803 3801/3801/3801 3795/3795/3795
f 3804/3804/3804 3798/3798/3798 3788/3788/3788
f 3798/3798/3798 3804/3804/3804 3799/3799/3799
f 3788/3788/3788 3805/3805/3805 3804/3804/3804
f 3805/3805/3805 3788/3788/3788 3786/3786/3786
f 3786/3786/3786 3806/3806/3806 3805/3805/3805
f 3787/3787/3787 3806/3806/3806 3786/3786/3786
f 3806/3806/3806 3787/3787/3787 3807/3807/3807
f 3805/3805/3805 3806/3806/3806 3808/3808/3808
f 3807/3807/3807 3808/3808/3808 3806/3806/3806
f 3808/3808/3808 3809/3809/3809 3805/3805/3805
f 3804/3804/3804 3805/3805/3805 3809/3809/3809
f 3810/3810/3810 3808/3808/3808 3807/3807/3807
f 3810/3810/3810 3809/3809/3809 3808/3808/3808
f 3807/3807/3807 3811/3811/3811 3810/3810/3810
f 3812/3812/3812 3810/3810/3810 3811/3811/3811
f 3811/3811/3811 3813/3813/3813 3812/3812/3812
f 3814/3814/3814 3809/3809/3809 3810/3810/3810
f 3812/3812/3812 3814/3814/3814 3810/3810/3810
f 3809/3809/3809 3815/3815/3815 3804/3804/3804
f 3815/3815/3815 3809/3809/3809 3814/3814/3814
f 3816/3816/3816 3812/3812/3812 3813/3813/3813
f 3813/3813/3813 3817/3817/3817 3816/3816/3816
f 3818/3818/3818 3814/3814/3814 3812/3812/3812
f 3818/3818/3818 3812/3812/3812 3816/3816/3816
f 3819/3819/3819 3814/3814/3814 3818/3818/3818
f 3814/3814/3814 3819/3819/3819 3815/3815/3815
f 3804/3804/3804 3815/3815/3815 3820/3820/3820
f 3804/3804/3804 3820/3820/3820 3799/3799/3799
f 3820/3820/3820 3821/3821/3821 3799/3799/3799
f 3820/3820/3820 3822/3822/3822 3821/3821/3821
f 3822/3822/3822 3820/3820/3820 3823/3823/3823
f 3824/3824/3824 3820/3820/3820 3815/3815/3815
f 3820/3820/3820 3824/3824/3824 3823/3823/3823
f 3815/3815/3815 3819/3819/3819 3824/3824/3824
f 3823/3823/3823 3824/3824/3824 3825/3825/3825
f 3825/3825/3825 3824/3824/3824 3819/3819/3819
f 3825/3825/3825 3826/3826/3826 3823/3823/3823
f 3826/3826/3826 3825/3825/3825 3816/3816/3816
f 3816/3816/3816 3827/3827/3827 3826/3826/3826
f 3818/3818/3818 3816/3816/3816 3828/3828/3828
f 3818/3818/3818 3828/3828/3828 3819/3819/3819
f 3828/3828/3828 3816/3816/3816 3825/3825/3825
f 3819/3819/3819 3828/3828/3828 3825/3825/3825
f 3830/3830/3830 3829/3829/3829 3799/3799/3799
f 3829/3829/3829 3803/3803/3803 3799/3799/3799
f 3829/3829/3829 3830/3830/3830 3831/3831/3831
f 3803/3803/3803 3829/3829/3829 3832/3832/3832
f 3832/3832/3832 3801/3801/3801 3803/3803/3803
f 3831/3831/3831 3833/3833/3833 3829/3829/3829
f 3833/3833/3833 3832/3832/3832 3829/3829/3829
f 3834/3834/3834 3833/3833/3833 3831/3831/3831
f 3832/3832/3832 3835/3835/3835 3801/3801/3801
f 3835/3835/3835 3802/3802/3802 3801/3801/3801
f 3832/3832/3832 3833/3833/3833 3836/3836/3836
f 3835/3835/3835 3832/3832/3832 3836/3836/3836
f 3833/3833/3833 3834/3834/3834 3837/3837/3837
f 3837/3837/3837 3836/3836/3836 3833/3833/3833
f 3838/3838/3838 3837/3837/3837 3834/3834/3834
f 3839/3839/3839 3802/3802/3802 3835/3835/3835
f 3836/3836/3836 3839/3839/3839 3835/3835/3835
f 3802/3802/3802 3839/3839/3839 3840/3840/3840
f 3841/3841/3841 3840/3840/3840 3839/3839/3839
f 3837/3837/3837 3838/3838/3838 3842/3842/3842
f 3838/3838/3838 3843/3843/3843 3842/3842/3842
f 3844/3844/3844 3836/3836/3836 3837/3837/3837
f 3842/3842/3842 3844/3844/3844 3837/3837/3837
f 3839/3839/3839 3836/3836/3836 3844/3844/3844
f 3844/3844/3844 3842/3842/3842 3843/3843/3843
f 3841/3841/3841 3845/3845/3845 3843/3843/3843
f 3839/3839/3839 3845/3845/3845 3841/3841/3841
f 3844/3844/3844 3845/3845/3845 3839/3839/3839
f 3844/3844/3844 3843/3843/3843 3845/3845/3845
f 3848/3848/3848 3847/3847/3847 3846/3846/3846
f 3849/3849/3849 3848/3848/3848 3846/3846/3846
f 3848/3848/3848 3849/3849/3849 3612/3612/3612
f 3612/3612/3612 3850/3850/3850 3848/3848/3848
f 3612/3612/3612 3849/3849/3849 3851/3851/3851
f 3612/3612/3612 3851/3851/3851 3613/3613/3613
f 3849/3849/3849 3846/3846/3846 3852/3852/3852
f 3849/3849/3849 3852/3852/3852 3851/3851/3851
f 3851/3851/3851 3853/3853/3853 3613/3613/3613
f 3615/3615/3615 3613/3613/3613 3853/3853/3853
f 3846/3846/3846 3854/3854/3854 3852/3852/3852
f 3846/3846/3846 3855/3855/3855 3854/3854/3854
f 3856/3856/3856 3851/3851/3851 3852/3852/3852
f 3853/3853/3853 3851/3851/3851 3856/3856/3856
f 3853/3853/3853 3857/3857/3857 3615/3615/3615
f 3857/3857/3857 3616/3616/3616 3615/3615/3615
f 3855/3855/3855 3858/3858/3858 3854/3854/3854
f 3855/3855/3855 3859/3859/3859 3858/3858/3858
f 3860/3860/3860 3852/3852/3852 3854/3854/3854
f 3856/3856/3856 3852/3852/3852 3860/3860/3860
f 3853/3853/3853 3856/3856/3856 3861/3861/3861
f 3861/3861/3861 3857/3857/3857 3853/3853/3853
f 3862/3862/3862 3854/3854/3854 3858/3858/3858
f 3860/3860/3860 3854/3854/3854 3862/3862/3862
f 3859/3859/3859 3863/3863/3863 3858/3858/3858
f 3862/3862/3862 3858/3858/3858 3863/3863/3863
f 3859/3859/3859 3864/3864/3864 3863/3863/3863
f 3856/3856/3856 3860/3860/3860 3865/3865/3865
f 3865/3865/3865 3861/3861/3861 3856/3856/3856
f 3866/3866/3866 3865/3865/3865 3860/3860/3860
f 3860/3860/3860 3862/3862/3862 3866/3866/3866
f 3867/3867/3867 3866/3866/3866 3862/3862/3862
f 3862/3862/3862 3868/3868/3868 3867/3867/3867
f 3863/3863/3863 3868/3868/3868 3862/3862/3862
f 3869/3869/3869 3867/3867/3867 3868/3868/3868
f 3870/3870/3870 3863/3863/3863 3864/3864/3864
f 3868/3868/3868 3863/3863/3863 3870/3870/3870
f 3864/3864/3864 3871/3871/3871 3870/3870/3870
f 3868/3868/3868 3872/3872/3872 3869/3869/3869
f 3870/3870/3870 3872/3872/3872 3868/3868/3868
f 3872/3872/3872 3873/3873/3873 3869/3869/3869
f 3874/3874/3874 3873/3873/3873 3872/3872/3872
f 3872/3872/3872 3875/3875/3875 3874/3874/3874
f 3875/3875/3875 3872/3872/3872 3870/3870/3870
f 3876/3876/3876 3874/3874/3874 3875/3875/3875
f 3877/3877/3877 3870/3870/3870 3871/3871/3871
f 3870/3870/3870 3877/3877/3877 3875/3875/3875
f 3871/3871/3871 3878/3878/3878 3877/3877/3877
f 3875/3875/3875 3879/3879/3879 3876/3876/3876
f 3879/3879/3879 3875/3875/3875 3877/3877/3877
f 3880/3880/3880 3876/3876/3876 3879/3879/3879
f 3881/3881/3881 3877/3877/3877 3878/3878/3878
f 3877/3877/3877 3881/3881/3881 3879/3879/3879
f 3878/3878/3878 3882/3882/3882 3881/3881/3881
f 3879/3879/3879 3883/3883/3883 3880/3880/3880
f 3883/3883/3883 3879/3879/3879 3881/3881/3881
f 3884/3884/3884 3880/3880/3880 3883/3883/3883
f 3885/3885/3885 3881/3881/3881 3882/3882/3882
f 3881/3881/3881 3885/3885/3885 3883/3883/3883
f 3882/3882/3882 3886/3886/3886 3885/3885/3885
f 3883/3883/3883 3887/3887/3887 3884/3884/3884
f 3887/3887/3887 3883/3883/3883 3885/3885/3885
f 3888/3888/3888 3885/3885/3885 3886/3886/3886
f 3885/3885/3885 3888/3888/3888 3887/3887/3887
f 3886/3886/3886 3889/3889/3889 3888/3888/3888
f 3890/3890/3890 3888/3888/3888 3889/3889/3889
f 3890/3890/3890 3891/3891/3891 3888/3888/3888
f 3891/3891/3891 3887/3887/3887 3888/3888/3888
f 3892/3892/3892 3891/3891/3891 3890/3890/3890
f 3893/3893/3893 3884/3884/3884 3887/3887/3887
f 3891/3891/3891 3893/3893/3893 3887/3887/3887
f 3893/3893/3893 3894/3894/3894 3884/3884/3884
f 3895/3895/3895 3894/3894/3894 3893/3893/3893
f 3892/3892/3892 3896/3896/3896 3891/3891/3891
f 3896/3896/3896 3893/3893/3893 3891/3891/3891
f 3896/3896/3896 3892/3892/3892 3897/3897/3897
f 3893/3893/3893 3898/3898/3898 3895/3895/3895
f 3896/3896/3896 3898/3898/3898 3893/3893/3893
f 3895/3895/3895 3898/3898/3898 3899/3899/3899
f 3900/3900/3900 3896/3896/3896 3897/3897/3897
f 3898/3898/3898 3896/3896/3896 3900/3900/3900
f 3900/3900/3900 3897/3897/3897 3901/3901/3901
f 3899/3899/3899 3898/3898/3898 3902/3902/3902
f 3900/3900/3900 3902/3902/3902 3898/3898/3898
f 3899/3899/3899 3902/3902/3902 3903/3903/3903
f 3904/3904/3904 3903/3903/3903 3902/3902/3902
f 3904/3904/3904 3902/3902/3902 3900/3900/3900
f 3903/3903/3903 3904/3904/3904 3905/3905/3905
f 3900/3900/3900 3901/3901/3901 3906/3906/3906
f 3900/3900/3900 3906/3906/3906 3904/3904/3904
f 3906/3906/3906 3901/3901/3901 3907/3907/3907
f 3908/3908/3908 3905/3905/3905 3904/3904/3904
f 3904/3904/3904 3906/3906/3906 3908/3908/3908
f 3905/3905/3905 3908/3908/3908 3909/3909/3909
f 3907/3907/3907 3910/3910/3910 3906/3906/3906
f 3910/3910/3910 3908/3908/3908 3906/3906/3906
f 3910/3910/3910 3907/3907/3907 3911/3911/3911
f 3912/3912/3912 3909/3909/3909 3908/3908/3908
f 3908/3908/3908 3910/3910/3910 3912/3912/3912
f 3912/3912/3912 3913/3913/3913 3909/3909/3909
f 3911/3911/3911 3913/3913/3913 3914/3914/3914
f 3911/3911/3911 3914/3914/3914 3910/3910/3910
f 3914/3914/3914 3913/3913/3913 3912/3912/3912
f 3914/3914/3914 3912/3912/3912 3910/3910/3910
f 3917/3917/3917 3916/3916/3916 3915/3915/3915
f 3918/3918/3918 3917/3917/3917 3915/3915/3915
f 3919/3919/3919 3917/3917/3917 3918/3918/3918
f 3915/3915/3915 3920/3920/3920 3918/3918/3918
f 3921/3921/3921 3920/3920/3920 3915/3915/3915
f 3915/3915/3915 3922/3922/3922 3921/3921/3921
f 3918/3918/3918 3923/3923/3923 3919/3919/3919
f 3924/3924/3924 3918/3918/3918 3920/3920/3920
f 3923/3923/3923 3918/3918/3918 3924/3924/3924
f 3920/3920/3920 3921/3921/3921 3925/3925/3925
f 3920/3920/3920 3926/3926/3926 3924/3924/3924
f 3925/3925/3925 3926/3926/3926 3920/3920/3920
f 3927/3927/3927 3921/3921/3921 3922/3922/3922
f 3928/3928/3928 3925/3925/3925 3921/3921/3921
f 3928/3928/3928 3921/3921/3921 3927/3927/3927
f 3924/3924/3924 3929/3929/3929 3923/3923/3923
f 3930/3930/3930 3924/3924/3924 3926/3926/3926
f 3929/3929/3929 3924/3924/3924 3930/3930/3930
f 3926/3926/3926 3925/3925/3925 3931/3931/3931
f 3932/3932/3932 3925/3925/3925 3928/3928/3928
f 3932/3932/3932 3931/3931/3931 3925/3925/3925
f 3926/3926/3926 3933/3933/3933 3930/3930/3930
f 3931/3931/3931 3933/3933/3933 3926/3926/3926
f 3919/3919/3919 3923/3923/3923 3934/3934/3934
f 3923/3923/3923 3929/3929/3929 3935/3935/3935
f 3935/3935/3935 3934/3934/3934 3923/3923/3923
f 3930/3930/3930 3936/3936/3936 3929/3929/3929
f 3937/3937/3937 3930/3930/3930 3933/3933/3933
f 3936/3936/3936 3930/3930/3930 3937/3937/3937
f 3938/3938/3938 3935/3935/3935 3929/3929/3929
f 3929/3929/3929 3936/3936/3936 3938/3938/3938
f 3933/3933/3933 3931/3931/3931 3939/3939/3939
f 3940/3940/3940 3931/3931/3931 3932/3932/3932
f 3940/3940/3940 3939/3939/3939 3931/3931/3931
f 3933/3933/3933 3941/3941/3941 3937/3937/3937
f 3939/3939/3939 3941/3941/3941 3933/3933/3933
f 3937/3937/3937 3942/3942/3942 3936/3936/3936
f 3943/3943/3943 3938/3938/3938 3936/3936/3936
f 3936/3936/3936 3942/3942/3942 3943/3943/3943
f 3941/3941/3941 3944/3944/3944 3937/3937/3937
f 3942/3942/3942 3937/3937/3937 3944/3944/3944
f 3935/3935/3935 3938/3938/3938 3945/3945/3945
f 3938/3938/3938 3943/3943/3943 3946/3946/3946
f 3946/3946/3946 3945/3945/3945 3938/3938/3938
f 3945/3945/3945 3947/3947/3947 3935/3935/3935
f 3934/3934/3934 3935/3935/3935 3947/3947/3947
f 3941/3941/3941 3939/3939/3939 3948/3948/3948
f 3949/3949/3949 3939/3939/3939 3940/3940/3940
f 3949/3949/3949 3948/3948/3948 3939/3939/3939
f 3950/3950/3950 3944/3944/3944 3941/3941/3941
f 3948/3948/3948 3950/3950/3950 3941/3941/3941
f 3944/3944/3944 3951/3951/3951 3942/3942/3942
f 3952/3952/3952 3943/3943/3943 3942/3942/3942
f 3942/3942/3942 3951/3951/3951 3952/3952/3952
f 3953/3953/3953 3946/3946/3946 3943/3943/3943
f 3943/3943/3943 3952/3952/3952 3953/3953/3953
f 3950/3950/3950 3954/3954/3954 3944/3944/3944
f 3951/3951/3951 3944/3944/3944 3954/3954/3954
f 3950/3950/3950 3948/3948/3948 3955/3955/3955
f 3956/3956/3956 3948/3948/3948 3949/3949/3949
f 3956/3956/3956 3955/3955/3955 3948/3948/3948
f 3957/3957/3957 3954/3954/3954 3950/3950/3950
f 3955/3955/3955 3957/3957/3957 3950/3950/3950
f 3958/3958/3958 3952/3952/3952 3951/3951/3951
f 3954/3954/3954 3959/3959/3959 3951/3951/3951
f 3951/3951/3951 3959/3959/3959 3958/3958/3958
f 3960/3960/3960 3953/3953/3953 3952/3952/3952
f 3952/3952/3952 3958/3958/3958 3960/3960/3960
f 3957/3957/3957 3961/3961/3961 3954/3954/3954
f 3959/3959/3959 3954/3954/3954 3961/3961/3961
f 3957/3957/3957 3955/3955/3955 3962/3962/3962
f 3963/3963/3963 3955/3955/3955 3956/3956/3956
f 3963/3963/3963 3962/3962/3962 3955/3955/3955
f 3964/3964/3964 3961/3961/3961 3957/3957/3957
f 3962/3962/3962 3964/3964/3964 3957/3957/3957
f 3965/3965/3965 3958/3958/3958 3959/3959/3959
f 3961/3961/3961 3966/3966/3966 3959/3959/3959
f 3959/3959/3959 3966/3966/3966 3965/3965/3965
f 3967/3967/3967 3960/3960/3960 3958/3958/3958
f 3958/3958/3958 3965/3965/3965 3967/3967/3967
f 3961/3961/3961 3964/3964/3964 3968/3968/3968
f 3966/3966/3966 3961/3961/3961 3968/3968/3968
f 3964/3964/3964 3962/3962/3962 3969/3969/3969
f 3970/3970/3970 3962/3962/3962 3963/3963/3963
f 3970/3970/3970 3969/3969/3969 3962/3962/3962
f 3971/3971/3971 3968/3968/3968 3964/3964/3964
f 3969/3969/3969 3971/3971/3971 3964/3964/3964
f 3972/3972/3972 3965/3965/3965 3966/3966/3966
f 3968/3968/3968 3973/3973/3973 3966/3966/3966
f 3966/3966/3966 3973/3973/3973 3972/3972/3972
f 3974/3974/3974 3967/3967/3967 3965/3965/3965
f 3965/3965/3965 3972/3972/3972 3974/3974/3974
f 3971/3971/3971 3975/3975/3975 3968/3968/3968
f 3973/3973/3973 3968/3968/3968 3975/3975/3975
f 3971/3971/3971 3969/3969/3969 3976/3976/3976
f 3969/3969/3969 3970/3970/3970 3977/3977/3977
f 3977/3977/3977 3976/3976/3976 3969/3969/3969
f 3978/3978/3978 3975/3975/3975 3971/3971/3971
f 3976/3976/3976 3978/3978/3978 3971/3971/3971
f 3979/3979/3979 3972/3972/3972 3973/3973/3973
f 3975/3975/3975 3980/3980/3980 3973/3973/3973
f 3973/3973/3973 3980/3980/3980 3979/3979/3979
f 3981/3981/3981 3974/3974/3974 3972/3972/3972
f 3972/3972/3972 3979/3979/3979 3981/3981/3981
f 3975/3975/3975 3978/3978/3978 3982/3982/3982
f 3980/3980/3980 3975/3975/3975 3982/3982/3982
f 3978/3978/3978 3976/3976/3976 3983/3983/3983
f 3976/3976/3976 3977/3977/3977 3984/3984/3984
f 3984/3984/3984 3983/3983/3983 3976/3976/3976
f 3985/3985/3985 3982/3982/3982 3978/3978/3978
f 3983/3983/3983 3985/3985/3985 3978/3978/3978
f 3986/3986/3986 3979/3979/3979 3980/3980/3980
f 3982/3982/3982 3987/3987/3987 3980/3980/3980
f 3980/3980/3980 3987/3987/3987 3986/3986/3986
f 3988/3988/3988 3981/3981/3981 3979/3979/3979
f 3979/3979/3979 3986/3986/3986 3988/3988/3988
f 3985/3985/3985 3989/3989/3989 3982/3982/3982
f 3987/3987/3987 3982/3982/3982 3989/3989/3989
f 3985/3985/3985 3983/3983/3983 3990/3990/3990
f 3991/3991/3991 3983/3983/3983 3984/3984/3984
f 3991/3991/3991 3990/3990/3990 3983/3983/3983
f 3985/3985/3985 3992/3992/3992 3989/3989/3989
f 3990/3990/3990 3992/3992/3992 3985/3985/3985
f 3993/3993/3993 3986/3986/3986 3987/3987/3987
f 3989/3989/3989 3994/3994/3994 3987/3987/3987
f 3987/3987/3987 3994/3994/3994 3993/3993/3993
f 3995/3995/3995 3988/3988/3988 3986/3986/3986
f 3986/3986/3986 3993/3993/3993 3995/3995/3995
f 3992/3992/3992 3996/3996/3996 3989/3989/3989
f 3994/3994/3994 3989/3989/3989 3996/3996/3996
f 3992/3992/3992 3990/3990/3990 3997/3997/3997
f 3998/3998/3998 3990/3990/3990 3991/3991/3991
f 3998/3998/3998 3997/3997/3997 3990/3990/3990
f 3999/3999/3999 3996/3996/3996 3992/3992/3992
f 3997/3997/3997 3999/3999/3999 3992/3992/3992
f 4000/4000/4000 3993/3993/3993 3994/3994/3994
f 3996/3996/3996 4001/4001/4001 3994/3994/3994
f 3994/3994/3994 4001/4001/4001 4000/4000/4000
f 4002/4002/4002 3995/3995/3995 3993/3993/3993
f 3993/3993/3993 4000/4000/4000 4002/4002/4002
f 3999/3999/3999 4003/4003/4003 3996/3996/3996
f 4001/4001/4001 3996/3996/3996 4003/4003/4003
f 3999/3999/3999 3997/3997/3997 4004/4004/4004
f 4005/4005/4005 3997/3997/3997 3998/3998/3998
f 4005/4005/4005 4004/4004/4004 3997/3997/3997
f 4004/4004/4004 4005/4005/4005 4006/4006/4006
f 4004/4004/4004 4007/4007/4007 3999/3999/3999
f 3999/3999/3999 4007/4007/4007 4003/4003/4003
f 4006/4006/4006 4008/4008/4008 4004/4004/4004
f 4007/4007/4007 4004/4004/4004 4008/4008/4008
f 4009/4009/4009 4000/4000/4000 4001/4001/4001
f 4003/4003/4003 4010/4010/4010 4001/4001/4001
f 4001/4001/4001 4010/4010/4010 4009/4009/4009
f 4007/4007/4007 4011/4011/4011 4003/4003/4003
f 4010/4010/4010 4003/4003/4003 4011/4011/4011
f 4008/4008/4008 4012/4012/4012 4007/4007/4007
f 4007/4007/4007 4012/4012/4012 4011/4011/4011
f 4000/4000/4000 4009/4009/4009 4013/4013/4013
f 4013/4013/4013 4002/4002/4002 4000/4000/4000
f 4014/4014/4014 4009/4009/4009 4010/4010/4010
f 4013/4013/4013 4009/4009/4009 4014/4014/4014
f 4015/4015/4015 4008/4008/4008 4006/4006/4006
f 4012/4012/4012 4008/4008/4008 4015/4015/4015
f 4011/4011/4011 4016/4016/4016 4010/4010/4010
f 4010/4010/4010 4016/4016/4016 4014/4014/4014
f 4012/4012/4012 4017/4017/4017 4011/4011/4011
f 4016/4016/4016 4011/4011/4011 4018/4018/4018
f 4017/4017/4017 4018/4018/4018 4011/4011/4011
f 4019/4019/4019 4014/4014/4014 4016/4016/4016
f 4016/4016/4016 4018/4018/4018 4019/4019/4019
f 4020/4020/4020 4017/4017/4017 4012/4012/4012
f 4015/4015/4015 4020/4020/4020 4012/4012/4012
f 4018/4018/4018 4017/4017/4017 4021/4021/4021
f 4020/4020/4020 4021/4021/4021 4017/4017/4017
f 4013/4013/4013 4014/4014/4014 4022/4022/4022
f 4022/4022/4022 4014/4014/4014 4019/4019/4019
f 4021/4021/4021 4023/4023/4023 4018/4018/4018
f 4019/4019/4019 4018/4018/4018 4023/4023/4023
f 4020/4020/4020 4015/4015/4015 4024/4024/4024
f 4021/4021/4021 4020/4020/4020 4025/4025/4025
f 4024/4024/4024 4025/4025/4025 4020/4020/4020
f 4023/4023/4023 4021/4021/4021 4026/4026/4026
f 4026/4026/4026 4021/4021/4021 4025/4025/4025
f 4024/4024/4024 4015/4015/4015 4027/4027/4027
f 4006/4006/4006 4027/4027/4027 4015/4015/4015
f 4019/4019/4019 4023/4023/4023 4028/4028/4028
f 4022/4022/4022 4019/4019/4019 4029/4029/4029
f 4029/4029/4029 4019/4019/4019 4028/4028/4028
f 4026/4026/4026 4030/4030/4030 4023/4023/4023
f 4028/4028/4028 4023/4023/4023 4030/4030/4030
f 4025/4025/4025 4031/4031/4031 4026/4026/4026
f 4025/4025/4025 4024/4024/4024 4032/4032/4032
f 4032/4032/4032 4031/4031/4031 4025/4025/4025
f 4027/4027/4027 4033/4033/4033 4024/4024/4024
f 4032/4032/4032 4024/4024/4024 4033/4033/4033
f 4034/4034/4034 4027/4027/4027 4006/4006/4006
f 4033/4033/4033 4027/4027/4027 4034/4034/4034
f 4030/4030/4030 4026/4026/4026 4035/4035/4035
f 4031/4031/4031 4035/4035/4035 4026/4026/4026
f 4031/4031/4031 4032/4032/4032 4036/4036/4036
f 4033/4033/4033 4037/4037/4037 4032/4032/4032
f 4036/4036/4036 4032/4032/4032 4037/4037/4037
f 4034/4034/4034 4038/4038/4038 4033/4033/4033
f 4037/4037/4037 4033/4033/4033 4038/4038/4038
f 4035/4035/4035 4031/4031/4031 4039/4039/4039
f 4036/4036/4036 4039/4039/4039 4031/4031/4031
f 4035/4035/4035 4040/4040/4040 4030/4030/4030
f 4039/4039/4039 4041/4041/4041 4035/4035/4035
f 4040/4040/4040 4035/4035/4035 4041/4041/4041
f 4042/4042/4042 4030/4030/4030 4040/4040/4040
f 4028/4028/4028 4030/4030/4030 4042/4042/4042
f 4037/4037/4037 4043/4043/4043 4036/4036/4036
f 4039/4039/4039 4036/4036/4036 4044/4044/4044
f 4044/4044/4044 4036/4036/4036 4043/4043/4043
f 4038/4038/4038 4045/4045/4045 4037/4037/4037
f 4043/4043/4043 4037/4037/4037 4045/4045/4045
f 4046/4046/4046 4041/4041/4041 4039/4039/4039
f 4044/4044/4044 4046/4046/4046 4039/4039/4039
f 4043/4043/4043 4047/4047/4047 4044/4044/4044
f 4045/4045/4045 4048/4048/4048 4043/4043/4043
f 4047/4047/4047 4043/4043/4043 4048/4048/4048
f 4046/4046/4046 4044/4044/4044 4049/4049/4049
f 4049/4049/4049 4044/4044/4044 4047/4047/4047
f 4050/4050/4050 4045/4045/4045 4038/4038/4038
f 4028/4028/4028 4042/4042/4042 4050/4050/4050
f 4048/4048/4048 4045/4045/4045 4051/4051/4051
f 4050/4050/4050 4051/4051/4051 4045/4045/4045
f 4051/4051/4051 4050/4050/4050 4042/4042/4042
f 4052/4052/4052 4050/4050/4050 4038/4038/4038
f 4050/4050/4050 4052/4052/4052 4028/4028/4028
f 4038/4038/4038 4034/4034/4034 4052/4052/4052
f 4029/4029/4029 4028/4028/4028 4052/4052/4052
f 4029/4029/4029 4052/4052/4052 4034/4034/4034
f 4034/4034/4034 4053/4053/4053 4029/4029/4029
f 4022/4022/4022 4029/4029/4029 4053/4053/4053
f 4034/4034/4034 4006/4006/4006 4053/4053/4053
f 4022/4022/4022 4053/4053/4053 4054/4054/4054
f 4054/4054/4054 4053/4053/4053 4006/4006/4006
f 4022/4022/4022 4054/4054/4054 4013/4013/4013
f 4006/4006/4006 4005/4005/4005 4054/4054/4054
f 4013/4013/4013 4054/4054/4054 4055/4055/4055
f 4055/4055/4055 4054/4054/4054 4005/4005/4005
f 4013/4013/4013 4055/4055/4055 4002/4002/4002
f 4005/4005/4005 3998/3998/3998 4055/4055/4055
f 4055/4055/4055 4056/4056/4056 4002/4002/4002
f 4056/4056/4056 4055/4055/4055 3998/3998/3998
f 3995/3995/3995 4002/4002/4002 4056/4056/4056
f 3998/3998/3998 3991/3991/3991 4056/4056/4056
f 3995/3995/3995 4056/4056/4056 4057/4057/4057
f 4057/4057/4057 4056/4056/4056 3991/3991/3991
f 3995/3995/3995 4057/4057/4057 3988/3988/3988
f 3991/3991/3991 3984/3984/3984 4057/4057/4057
f 4057/4057/4057 4058/4058/4058 3988/3988/3988
f 4058/4058/4058 4057/4057/4057 3984/3984/3984
f 3988/3988/3988 4058/4058/4058 3981/3981/3981
f 3984/3984/3984 3977/3977/3977 4058/4058/4058
f 4058/4058/4058 4059/4059/4059 3981/3981/3981
f 4059/4059/4059 4058/4058/4058 3977/3977/3977
f 3974/3974/3974 3981/3981/3981 4059/4059/4059
f 3977/3977/3977 3970/3970/3970 4059/4059/4059
f 4059/4059/4059 4060/4060/4060 3974/3974/3974
f 4060/4060/4060 4059/4059/4059 3970/3970/3970
f 3974/3974/3974 4060/4060/4060 3967/3967/3967
f 3970/3970/3970 3963/3963/3963 4060/4060/4060
f 4060/4060/4060 4061/4061/4061 3967/3967/3967
f 4061/4061/4061 4060/4060/4060 3963/3963/3963
f 3960/3960/3960 3967/3967/3967 4061/4061/4061
f 3963/3963/3963 3956/3956/3956 4061/4061/4061
f 4061/4061/4061 4062/4062/4062 3960/3960/3960
f 4062/4062/4062 4061/4061/4061 3956/3956/3956
f 3953/3953/3953 3960/3960/3960 4062/4062/4062
f 3956/3956/3956 3949/3949/3949 4062/4062/4062
f 4062/4062/4062 4063/4063/4063 3953/3953/3953
f 4063/4063/4063 4062/4062/4062 3949/3949/3949
f 3946/3946/3946 3953/3953/3953 4063/4063/4063
f 3949/3949/3949 3940/3940/3940 4063/4063/4063
f 3946/3946/3946 4063/4063/4063 4064/4064/4064
f 4064/4064/4064 4063/4063/4063 3940/3940/3940
f 4064/4064/4064 3945/3945/3945 3946/3946/3946
f 3940/3940/3940 3932/3932/3932 4064/4064/4064
f 3945/3945/3945 4064/4064/4064 4065/4065/4065
f 4065/4065/4065 4064/4064/4064 3932/3932/3932
f 3932/3932/3932 3928/3928/3928 4065/4065/4065
f 4065/4065/4065 3947/3947/3947 3945/3945/3945
f 4066/4066/4066 4065/4065/4065 3928/3928/3928
f 3947/3947/3947 4065/4065/4065 4066/4066/4066
f 3928/3928/3928 3927/3927/3927 4066/4066/4066
f 4066/4066/4066 4067/4067/4067 3947/3947/3947
f 3947/3947/3947 4067/4067/4067 3934/3934/3934
f 4068/4068/4068 4066/4066/4066 3927/3927/3927
f 4067/4067/4067 4066/4066/4066 4068/4068/4068
f 4069/4069/4069 3934/3934/3934 4067/4067/4067
f 3934/3934/3934 4069/4069/4069 3919/3919/3919
f 4067/4067/4067 4070/4070/4070 4069/4069/4069
f 4068/4068/4068 4070/4070/4070 4067/4067/4067
f 3919/3919/3919 4069/4069/4069 4071/4071/4071
f 4071/4071/4071 4069/4069/4069 4070/4070/4070
f 4070/4070/4070 4068/4068/4068 4071/4071/4071
f 4072/4072/4072 3919/3919/3919 4071/4071/4071
f 3927/3927/3927 4073/4073/4073 4068/4068/4068
f 4068/4068/4068 4073/4073/4073 4071/4071/4071
f 3927/3927/3927 3922/3922/3922 4073/4073/4073
f 3922/3922/3922 4071/4071/4071 4073/4073/4073
f 4074/4074/4074 4071/4071/4071 3922/3922/3922
f 4077/4077/4077 4076/4076/4076 4075/4075/4075
f 4075/4075/4075 4076/4076/4076 4078/4078/4078
f 4078/4078/4078 4076/4076/4076 4079/4079/4079
f 4079/4079/4079 4076/4076/4076 4080/4080/4080
f 4078/4078/4078 4081/4081/4081 4075/4075/4075
f 4082/4082/4082 4075/4075/4075 4081/4081/4081
f 4081/4081/4081 4078/4078/4078 4083/4083/4083
f 4078/4078/4078 4079/4079/4079 4084/4084/4084
f 4084/4084/4084 4083/4083/4083 4078/4078/4078
f 4082/4082/4082 4081/4081/4081 4085/4085/4085
f 4083/4083/4083 4085/4085/4085 4081/4081/4081
f 4080/4080/4080 4086/4086/4086 4079/4079/4079
f 4079/4079/4079 4087/4087/4087 4084/4084/4084
f 4087/4087/4087 4079/4079/4079 4086/4086/4086
f 4086/4086/4086 4088/4088/4088 4087/4087/4087
f 4080/4080/4080 4089/4089/4089 4086/4086/4086
f 4088/4088/4088 4086/4086/4086 4089/4089/4089
f 4087/4087/4087 4090/4090/4090 4084/4084/4084
f 4087/4087/4087 4088/4088/4088 4090/4090/4090
f 4091/4091/4091 4083/4083/4083 4084/4084/4084
f 4083/4083/4083 4092/4092/4092 4085/4085/4085
f 4092/4092/4092 4083/4083/4083 4091/4091/4091
f 4084/4084/4084 4090/4090/4090 4093/4093/4093
f 4084/4084/4084 4093/4093/4093 4091/4091/4091
f 4085/4085/4085 4094/4094/4094 4082/4082/4082
f 4082/4082/4082 4094/4094/4094 4095/4095/4095
f 4096/4096/4096 4082/4082/4082 4095/4095/4095
f 4097/4097/4097 4095/4095/4095 4080/4080/4080
f 4085/4085/4085 4098/4098/4098 4094/4094/4094
f 4095/4095/4095 4094/4094/4094 4098/4098/4098
f 4080/4080/4080 4095/4095/4095 4099/4099/4099
f 4089/4089/4089 4080/4080/4080 4099/4099/4099
f 4098/4098/4098 4085/4085/4085 4100/4100/4100
f 4100/4100/4100 4085/4085/4085 4092/4092/4092
f 4098/4098/4098 4101/4101/4101 4095/4095/4095
f 4101/4101/4101 4099/4099/4099 4095/4095/4095
f 4100/4100/4100 4101/4101/4101 4098/4098/4098
f 4102/4102/4102 4099/4099/4099 4101/4101/4101
f 4101/4101/4101 4100/4100/4100 4102/4102/4102
f 4099/4099/4099 4102/4102/4102 4089/4089/4089
f 4092/4092/4092 4103/4103/4103 4100/4100/4100
f 4102/4102/4102 4100/4100/4100 4103/4103/4103
f 4104/4104/4104 4089/4089/4089 4102/4102/4102
f 4103/4103/4103 4104/4104/4104 4102/4102/4102
f 4104/4104/4104 4105/4105/4105 4089/4089/4089
f 4089/4089/4089 4105/4105/4105 4088/4088/4088
f 4103/4103/4103 4092/4092/4092 4106/4106/4106
f 4092/4092/4092 4091/4091/4091 4106/4106/4106
f 4104/4104/4104 4103/4103/4103 4107/4107/4107
f 4105/4105/4105 4104/4104/4104 4107/4107/4107
f 4108/4108/4108 4088/4088/4088 4105/4105/4105
f 4108/4108/4108 4090/4090/4090 4088/4088/4088
f 4105/4105/4105 4109/4109/4109 4108/4108/4108
f 4105/4105/4105 4107/4107/4107 4109/4109/4109
f 4110/4110/4110 4107/4107/4107 4103/4103/4103
f 4103/4103/4103 4106/4106/4106 4110/4110/4110
f 4090/4090/4090 4108/4108/4108 4111/4111/4111
f 4111/4111/4111 4108/4108/4108 4109/4109/4109
f 4107/4107/4107 4110/4110/4110 4112/4112/4112
f 4109/4109/4109 4107/4107/4107 4112/4112/4112
f 4113/4113/4113 4106/4106/4106 4091/4091/4091
f 4113/4113/4113 4091/4091/4091 4093/4093/4093
f 4090/4090/4090 4114/4114/4114 4093/4093/4093
f 4111/4111/4111 4114/4114/4114 4090/4090/4090
f 4115/4115/4115 4110/4110/4110 4106/4106/4106
f 4115/4115/4115 4112/4112/4112 4110/4110/4110
f 4109/4109/4109 4116/4116/4116 4111/4111/4111
f 4109/4109/4109 4112/4112/4112 4116/4116/4116
f 4117/4117/4117 4111/4111/4111 4116/4116/4116
f 4114/4114/4114 4111/4111/4111 4117/4117/4117
f 4093/4093/4093 4114/4114/4114 4118/4118/4118
f 4093/4093/4093 4118/4118/4118 4113/4113/4113
f 4106/4106/4106 4113/4113/4113 4119/4119/4119
f 4106/4106/4106 4119/4119/4119 4115/4115/4115
f 4120/4120/4120 4116/4116/4116 4112/4112/4112
f 4116/4116/4116 4120/4120/4120 4117/4117/4117
f 4117/4117/4117 4121/4121/4121 4114/4114/4114
f 4118/4118/4118 4114/4114/4114 4121/4121/4121
f 4113/4113/4113 4118/4118/4118 4122/4122/4122
f 4122/4122/4122 4119/4119/4119 4113/4113/4113
f 4123/4123/4123 4112/4112/4112 4115/4115/4115
f 4112/4112/4112 4123/4123/4123 4120/4120/4120
f 4124/4124/4124 4117/4117/4117 4120/4120/4120
f 4121/4121/4121 4117/4117/4117 4124/4124/4124
f 4118/4118/4118 4121/4121/4121 4125/4125/4125
f 4118/4118/4118 4125/4125/4125 4122/4122/4122
f 4126/4126/4126 4115/4115/4115 4119/4119/4119
f 4115/4115/4115 4126/4126/4126 4123/4123/4123
f 4127/4127/4127 4120/4120/4120 4123/4123/4123
f 4120/4120/4120 4127/4127/4127 4124/4124/4124
f 4125/4125/4125 4121/4121/4121 4128/4128/4128
f 4124/4124/4124 4128/4128/4128 4121/4121/4121
f 4123/4123/4123 4129/4129/4129 4127/4127/4127
f 4123/4123/4123 4126/4126/4126 4129/4129/4129
f 4119/4119/4119 4130/4130/4130 4126/4126/4126
f 4119/4119/4119 4122/4122/4122 4130/4130/4130
f 4122/4122/4122 4125/4125/4125 4131/4131/4131
f 4131/4131/4131 4125/4125/4125 4128/4128/4128
f 4132/4132/4132 4124/4124/4124 4127/4127/4127
f 4132/4132/4132 4127/4127/4127 4129/4129/4129
f 4131/4131/4131 4133/4133/4133 4122/4122/4122
f 4133/4133/4133 4130/4130/4130 4122/4122/4122
f 4134/4134/4134 4126/4126/4126 4130/4130/4130
f 4129/4129/4129 4126/4126/4126 4134/4134/4134
f 4130/4130/4130 4135/4135/4135 4134/4134/4134
f 4130/4130/4130 4133/4133/4133 4135/4135/4135
f 4129/4129/4129 4134/4134/4134 4136/4136/4136
f 4136/4136/4136 4134/4134/4134 4135/4135/4135
f 4137/4137/4137 4131/4131/4131 4128/4128/4128
f 4133/4133/4133 4131/4131/4131 4137/4137/4137
f 4128/4128/4128 4124/4124/4124 4138/4138/4138
f 4124/4124/4124 4132/4132/4132 4138/4138/4138
f 4129/4129/4129 4139/4139/4139 4132/4132/4132
f 4129/4129/4129 4136/4136/4136 4139/4139/4139
f 4135/4135/4135 4140/4140/4140 4136/4136/4136
f 4140/4140/4140 4135/4135/4135 4133/4133/4133
f 4128/4128/4128 4141/4141/4141 4137/4137/4137
f 4138/4138/4138 4141/4141/4141 4128/4128/4128
f 4137/4137/4137 4142/4142/4142 4133/4133/4133
f 4133/4133/4133 4142/4142/4142 4140/4140/4140
f 4143/4143/4143 4136/4136/4136 4140/4140/4140
f 4136/4136/4136 4143/4143/4143 4139/4139/4139
f 4144/4144/4144 4132/4132/4132 4139/4139/4139
f 4144/4144/4144 4138/4138/4138 4132/4132/4132
f 4137/4137/4137 4141/4141/4141 4145/4145/4145
f 4142/4142/4142 4137/4137/4137 4145/4145/4145
f 4146/4146/4146 4140/4140/4140 4142/4142/4142
f 4140/4140/4140 4146/4146/4146 4143/4143/4143
f 4147/4147/4147 4141/4141/4141 4138/4138/4138
f 4147/4147/4147 4145/4145/4145 4141/4141/4141
f 4145/4145/4145 4148/4148/4148 4142/4142/4142
f 4142/4142/4142 4148/4148/4148 4146/4146/4146
f 4139/4139/4139 4143/4143/4143 4149/4149/4149
f 4139/4139/4139 4149/4149/4149 4144/4144/4144
f 4138/4138/4138 4144/4144/4144 4150/4150/4150
f 4150/4150/4150 4147/4147/4147 4138/4138/4138
f 4145/4145/4145 4147/4147/4147 4151/4151/4151
f 4148/4148/4148 4145/4145/4145 4151/4151/4151
f 4152/4152/4152 4143/4143/4143 4146/4146/4146
f 4152/4152/4152 4146/4146/4146 4148/4148/4148
f 4143/4143/4143 4153/4153/4153 4149/4149/4149
f 4143/4143/4143 4152/4152/4152 4153/4153/4153
f 4154/4154/4154 4144/4144/4144 4149/4149/4149
f 4150/4150/4150 4144/4144/4144 4154/4154/4154
f 4155/4155/4155 4147/4147/4147 4150/4150/4150
f 4151/4151/4151 4147/4147/4147 4155/4155/4155
f 4151/4151/4151 4049/4049/4049 4148/4148/4148
f 4148/4148/4148 4049/4049/4049 4152/4152/4152
f 4049/4049/4049 4151/4151/4151 4046/4046/4046
f 4151/4151/4151 4155/4155/4155 4046/4046/4046
f 4047/4047/4047 4152/4152/4152 4049/4049/4049
f 4047/4047/4047 4153/4153/4153 4152/4152/4152
f 4046/4046/4046 4155/4155/4155 4041/4041/4041
f 4156/4156/4156 4155/4155/4155 4150/4150/4150
f 4155/4155/4155 4156/4156/4156 4041/4041/4041
f 4154/4154/4154 4156/4156/4156 4150/4150/4150
f 4157/4157/4157 4149/4149/4149 4153/4153/4153
f 4149/4149/4149 4157/4157/4157 4154/4154/4154
f 4153/4153/4153 4047/4047/4047 4158/4158/4158
f 4153/4153/4153 4158/4158/4158 4157/4157/4157
f 4048/4048/4048 4158/4158/4158 4047/4047/4047
f 4158/4158/4158 4048/4048/4048 4159/4159/4159
f 4159/4159/4159 4157/4157/4157 4158/4158/4158
f 4051/4051/4051 4159/4159/4159 4048/4048/4048
f 4160/4160/4160 4154/4154/4154 4157/4157/4157
f 4160/4160/4160 4156/4156/4156 4154/4154/4154
f 4157/4157/4157 4159/4159/4159 4160/4160/4160
f 4161/4161/4161 4041/4041/4041 4156/4156/4156
f 4160/4160/4160 4161/4161/4161 4156/4156/4156
f 4041/4041/4041 4161/4161/4161 4040/4040/4040
f 4159/4159/4159 4051/4051/4051 4162/4162/4162
f 4162/4162/4162 4160/4160/4160 4159/4159/4159
f 4162/4162/4162 4161/4161/4161 4160/4160/4160
f 4162/4162/4162 4040/4040/4040 4161/4161/4161
f 4042/4042/4042 4162/4162/4162 4051/4051/4051
f 4042/4042/4042 4040/4040/4040 4162/4162/4162
f 4165/4165/4165 4164/4164/4164 4163/4163/4163
f 4165/4165/4165 4163/4163/4163 4166/4166/4166
f 4166/4166/4166 4163/4163/4163 4167/4167/4167
f 4166/4166/4166 4168/4168/4168 4165/4165/4165
f 4169/4169/4169 4165/4165/4165 4168/4168/4168
f 4167/4167/4167 4170/4170/4170 4166/4166/4166
f 4168/4168/4168 4166/4166/4166 4171/4171/4171
f 4171/4171/4171 4166/4166/4166 4170/4170/4170
f 4168/4168/4168 4172/4172/4172 4169/4169/4169
f 4171/4171/4171 4173/4173/4173 4168/4168/4168
f 4172/4172/4172 4168/4168/4168 4173/4173/4173
f 4170/4170/4170 4174/4174/4174 4171/4171/4171
f 4173/4173/4173 4171/4171/4171 4175/4175/4175
f 4175/4175/4175 4171/4171/4171 4174/4174/4174
f 4176/4176/4176 4170/4170/4170 4167/4167/4167
f 4177/4177/4177 4174/4174/4174 4170/4170/4170
f 4177/4177/4177 4170/4170/4170 4176/4176/4176
f 4173/4173/4173 4178/4178/4178 4172/4172/4172
f 4175/4175/4175 4179/4179/4179 4173/4173/4173
f 4178/4178/4178 4173/4173/4173 4179/4179/4179
f 4174/4174/4174 4180/4180/4180 4175/4175/4175
f 4181/4181/4181 4174/4174/4174 4177/4177/4177
f 4181/4181/4181 4180/4180/4180 4174/4174/4174
f 4179/4179/4179 4175/4175/4175 4182/4182/4182
f 4182/4182/4182 4175/4175/4175 4180/4180/4180
f 4169/4169/4169 4172/4172/4172 4183/4183/4183
f 4172/4172/4172 4178/4178/4178 4184/4184/4184
f 4184/4184/4184 4183/4183/4183 4172/4172/4172
f 4179/4179/4179 4185/4185/4185 4178/4178/4178
f 4182/4182/4182 4186/4186/4186 4179/4179/4179
f 4185/4185/4185 4179/4179/4179 4186/4186/4186
f 4187/4187/4187 4184/4184/4184 4178/4178/4178
f 4178/4178/4178 4185/4185/4185 4187/4187/4187
f 4180/4180/4180 4188/4188/4188 4182/4182/4182
f 4189/4189/4189 4180/4180/4180 4181/4181/4181
f 4189/4189/4189 4188/4188/4188 4180/4180/4180
f 4190/4190/4190 4186/4186/4186 4182/4182/4182
f 4190/4190/4190 4182/4182/4182 4188/4188/4188
f 4186/4186/4186 4191/4191/4191 4185/4185/4185
f 4192/4192/4192 4187/4187/4187 4185/4185/4185
f 4185/4185/4185 4191/4191/4191 4192/4192/4192
f 4190/4190/4190 4193/4193/4193 4186/4186/4186
f 4191/4191/4191 4186/4186/4186 4193/4193/4193
f 4194/4194/4194 4184/4184/4184 4187/4187/4187
f 4195/4195/4195 4187/4187/4187 4192/4192/4192
f 4187/4187/4187 4195/4195/4195 4194/4194/4194
f 4184/4184/4184 4194/4194/4194 4196/4196/4196
f 4196/4196/4196 4183/4183/4183 4184/4184/4184
f 4188/4188/4188 4197/4197/4197 4190/4190/4190
f 4198/4198/4198 4188/4188/4188 4189/4189/4189
f 4198/4198/4198 4197/4197/4197 4188/4188/4188
f 4199/4199/4199 4193/4193/4193 4190/4190/4190
f 4199/4199/4199 4190/4190/4190 4197/4197/4197
f 4193/4193/4193 4200/4200/4200 4191/4191/4191
f 4201/4201/4201 4192/4192/4192 4191/4191/4191
f 4191/4191/4191 4200/4200/4200 4201/4201/4201
f 4199/4199/4199 4202/4202/4202 4193/4193/4193
f 4200/4200/4200 4193/4193/4193 4202/4202/4202
f 4203/4203/4203 4192/4192/4192 4201/4201/4201
f 4192/4192/4192 4203/4203/4203 4195/4195/4195
f 4197/4197/4197 4204/4204/4204 4199/4199/4199
f 4205/4205/4205 4197/4197/4197 4198/4198/4198
f 4205/4205/4205 4204/4204/4204 4197/4197/4197
f 4206/4206/4206 4202/4202/4202 4199/4199/4199
f 4206/4206/4206 4199/4199/4199 4204/4204/4204
f 4202/4202/4202 4207/4207/4207 4200/4200/4200
f 4208/4208/4208 4201/4201/4201 4200/4200/4200
f 4200/4200/4200 4207/4207/4207 4208/4208/4208
f 4201/4201/4201 4209/4209/4209 4203/4203/4203
f 4208/4208/4208 4209/4209/4209 4201/4201/4201
f 4206/4206/4206 4210/4210/4210 4202/4202/4202
f 4207/4207/4207 4202/4202/4202 4210/4210/4210
f 4195/4195/4195 4203/4203/4203 4211/4211/4211
f 4203/4203/4203 4209/4209/4209 4212/4212/4212
f 4212/4212/4212 4211/4211/4211 4203/4203/4203
f 4211/4211/4211 4213/4213/4213 4195/4195/4195
f 4194/4194/4194 4195/4195/4195 4213/4213/4213
f 4213/4213/4213 4214/4214/4214 4194/4194/4194
f 4196/4196/4196 4194/4194/4194 4214/4214/4214
f 4213/4213/4213 4211/4211/4211 4189/4189/4189
f 4198/4198/4198 4189/4189/4189 4211/4211/4211
f 4211/4211/4211 4212/4212/4212 4198/4198/4198
f 4189/4189/4189 4181/4181/4181 4213/4213/4213
f 4214/4214/4214 4213/4213/4213 4181/4181/4181
f 4181/4181/4181 4177/4177/4177 4214/4214/4214
f 4205/4205/4205 4198/4198/4198 4212/4212/4212
f 4215/4215/4215 4214/4214/4214 4177/4177/4177
f 4214/4214/4214 4215/4215/4215 4196/4196/4196
f 4177/4177/4177 4176/4176/4176 4215/4215/4215
f 4216/4216/4216 4212/4212/4212 4209/4209/4209
f 4212/4212/4212 4216/4216/4216 4205/4205/4205
f 4217/4217/4217 4196/4196/4196 4215/4215/4215
f 4183/4183/4183 4196/4196/4196 4217/4217/4217
f 4218/4218/4218 4215/4215/4215 4176/4176/4176
f 4215/4215/4215 4218/4218/4218 4217/4217/4217
f 4217/4217/4217 4219/4219/4219 4183/4183/4183
f 4183/4183/4183 4219/4219/4219 4169/4169/4169
f 4220/4220/4220 4219/4219/4219 4217/4217/4217
f 4169/4169/4169 4219/4219/4219 4220/4220/4220
f 4217/4217/4217 4218/4218/4218 4220/4220/4220
f 4221/4221/4221 4169/4169/4169 4220/4220/4220
f 4176/4176/4176 4222/4222/4222 4218/4218/4218
f 4218/4218/4218 4222/4222/4222 4220/4220/4220
f 4167/4167/4167 4222/4222/4222 4176/4176/4176
f 4167/4167/4167 4220/4220/4220 4222/4222/4222
f 4223/4223/4223 4220/4220/4220 4167/4167/4167
f 4224/4224/4224 4205/4205/4205 4216/4216/4216
f 4224/4224/4224 4204/4204/4204 4205/4205/4205
f 4224/4224/4224 4225/4225/4225 4204/4204/4204
f 4204/4204/4204 4225/4225/4225 4206/4206/4206
f 4226/4226/4226 4206/4206/4206 4225/4225/4225
f 4226/4226/4226 4210/4210/4210 4206/4206/4206
f 4216/4216/4216 4227/4227/4227 4224/4224/4224
f 4228/4228/4228 4225/4225/4225 4224/4224/4224
f 4228/4228/4228 4224/4224/4224 4227/4227/4227
f 4225/4225/4225 4229/4229/4229 4226/4226/4226
f 4228/4228/4228 4229/4229/4229 4225/4225/4225
f 4227/4227/4227 4216/4216/4216 4230/4230/4230
f 4209/4209/4209 4230/4230/4230 4216/4216/4216
f 4208/4208/4208 4230/4230/4230 4209/4209/4209
f 4231/4231/4231 4230/4230/4230 4208/4208/4208
f 4231/4231/4231 4208/4208/4208 4207/4207/4207
f 4210/4210/4210 4232/4232/4232 4207/4207/4207
f 4207/4207/4207 4232/4232/4232 4231/4231/4231
f 4233/4233/4233 4210/4210/4210 4226/4226/4226
f 4232/4232/4232 4210/4210/4210 4233/4233/4233
f 4230/4230/4230 4234/4234/4234 4227/4227/4227
f 4231/4231/4231 4234/4234/4234 4230/4230/4230
f 4227/4227/4227 4235/4235/4235 4228/4228/4228
f 4227/4227/4227 4234/4234/4234 4235/4235/4235
f 4236/4236/4236 4231/4231/4231 4232/4232/4232
f 4236/4236/4236 4234/4234/4234 4231/4231/4231
f 4237/4237/4237 4226/4226/4226 4229/4229/4229
f 4237/4237/4237 4233/4233/4233 4226/4226/4226
f 4238/4238/4238 4229/4229/4229 4228/4228/4228
f 4238/4238/4238 4228/4228/4228 4235/4235/4235
f 4233/4233/4233 4239/4239/4239 4232/4232/4232
f 4232/4232/4232 4239/4239/4239 4236/4236/4236
f 4240/4240/4240 4235/4235/4235 4234/4234/4234
f 4236/4236/4236 4240/4240/4240 4234/4234/4234
f 4241/4241/4241 4233/4233/4233 4237/4237/4237
f 4239/4239/4239 4233/4233/4233 4241/4241/4241
f 4229/4229/4229 4242/4242/4242 4237/4237/4237
f 4238/4238/4238 4242/4242/4242 4229/4229/4229
f 4235/4235/4235 4243/4243/4243 4238/4238/4238
f 4235/4235/4235 4240/4240/4240 4243/4243/4243
f 4244/4244/4244 4240/4240/4240 4236/4236/4236
f 4244/4244/4244 4236/4236/4236 4239/4239/4239
f 4245/4245/4245 4241/4241/4241 4237/4237/4237
f 4245/4245/4245 4237/4237/4237 4242/4242/4242
f 4246/4246/4246 4242/4242/4242 4238/4238/4238
f 4246/4246/4246 4238/4238/4238 4243/4243/4243
f 4247/4247/4247 4243/4243/4243 4240/4240/4240
f 4244/4244/4244 4247/4247/4247 4240/4240/4240
f 4241/4241/4241 4248/4248/4248 4239/4239/4239
f 4239/4239/4239 4248/4248/4248 4244/4244/4244
f 4249/4249/4249 4241/4241/4241 4245/4245/4245
f 4248/4248/4248 4241/4241/4241 4249/4249/4249
f 4242/4242/4242 4250/4250/4250 4245/4245/4245
f 4246/4246/4246 4250/4250/4250 4242/4242/4242
f 4243/4243/4243 4251/4251/4251 4246/4246/4246
f 4243/4243/4243 4247/4247/4247 4251/4251/4251
f 4252/4252/4252 4247/4247/4247 4244/4244/4244
f 4252/4252/4252 4244/4244/4244 4248/4248/4248
f 4253/4253/4253 4249/4249/4249 4245/4245/4245
f 4253/4253/4253 4245/4245/4245 4250/4250/4250
f 4254/4254/4254 4250/4250/4250 4246/4246/4246
f 4254/4254/4254 4246/4246/4246 4251/4251/4251
f 4255/4255/4255 4251/4251/4251 4247/4247/4247
f 4252/4252/4252 4255/4255/4255 4247/4247/4247
f 4249/4249/4249 4256/4256/4256 4248/4248/4248
f 4248/4248/4248 4256/4256/4256 4252/4252/4252
f 4257/4257/4257 4249/4249/4249 4253/4253/4253
f 4256/4256/4256 4249/4249/4249 4257/4257/4257
f 4250/4250/4250 4258/4258/4258 4253/4253/4253
f 4254/4254/4254 4258/4258/4258 4250/4250/4250
f 4251/4251/4251 4259/4259/4259 4254/4254/4254
f 4251/4251/4251 4255/4255/4255 4259/4259/4259
f 4260/4260/4260 4255/4255/4255 4252/4252/4252
f 4260/4260/4260 4252/4252/4252 4256/4256/4256
f 4261/4261/4261 4257/4257/4257 4253/4253/4253
f 4261/4261/4261 4253/4253/4253 4258/4258/4258
f 4262/4262/4262 4258/4258/4258 4254/4254/4254
f 4262/4262/4262 4254/4254/4254 4259/4259/4259
f 4263/4263/4263 4259/4259/4259 4255/4255/4255
f 4260/4260/4260 4263/4263/4263 4255/4255/4255
f 4257/4257/4257 4264/4264/4264 4256/4256/4256
f 4256/4256/4256 4264/4264/4264 4260/4260/4260
f 4261/4261/4261 4265/4265/4265 4257/4257/4257
f 4264/4264/4264 4257/4257/4257 4265/4265/4265
f 4258/4258/4258 4266/4266/4266 4261/4261/4261
f 4262/4262/4262 4266/4266/4266 4258/4258/4258
f 4259/4259/4259 4267/4267/4267 4262/4262/4262
f 4267/4267/4267 4259/4259/4259 4263/4263/4263
f 4268/4268/4268 4263/4263/4263 4260/4260/4260
f 4268/4268/4268 4260/4260/4260 4264/4264/4264
f 4269/4269/4269 4265/4265/4265 4261/4261/4261
f 4269/4269/4269 4261/4261/4261 4266/4266/4266
f 4270/4270/4270 4266/4266/4266 4262/4262/4262
f 4270/4270/4270 4262/4262/4262 4267/4267/4267
f 4263/4263/4263 4271/4271/4271 4267/4267/4267
f 4268/4268/4268 4271/4271/4271 4263/4263/4263
f 4265/4265/4265 4272/4272/4272 4264/4264/4264
f 4264/4264/4264 4272/4272/4272 4268/4268/4268
f 4269/4269/4269 4273/4273/4273 4265/4265/4265
f 4272/4272/4272 4265/4265/4265 4273/4273/4273
f 4266/4266/4266 4274/4274/4274 4269/4269/4269
f 4270/4270/4270 4274/4274/4274 4266/4266/4266
f 4267/4267/4267 4275/4275/4275 4270/4270/4270
f 4275/4275/4275 4267/4267/4267 4271/4271/4271
f 4276/4276/4276 4271/4271/4271 4268/4268/4268
f 4276/4276/4276 4268/4268/4268 4272/4272/4272
f 4277/4277/4277 4273/4273/4273 4269/4269/4269
f 4277/4277/4277 4269/4269/4269 4274/4274/4274
f 4274/4274/4274 4270/4270/4270 4278/4278/4278
f 4278/4278/4278 4270/4270/4270 4275/4275/4275
f 4271/4271/4271 4279/4279/4279 4275/4275/4275
f 4276/4276/4276 4279/4279/4279 4271/4271/4271
f 4273/4273/4273 4280/4280/4280 4272/4272/4272
f 4272/4272/4272 4280/4280/4280 4276/4276/4276
f 4277/4277/4277 4281/4281/4281 4273/4273/4273
f 4280/4280/4280 4273/4273/4273 4281/4281/4281
f 4274/4274/4274 4282/4282/4282 4277/4277/4277
f 4278/4278/4278 4282/4282/4282 4274/4274/4274
f 4275/4275/4275 4283/4283/4283 4278/4278/4278
f 4275/4275/4275 4279/4279/4279 4283/4283/4283
f 4284/4284/4284 4279/4279/4279 4276/4276/4276
f 4284/4284/4284 4276/4276/4276 4280/4280/4280
f 4281/4281/4281 4277/4277/4277 4285/4285/4285
f 4285/4285/4285 4277/4277/4277 4282/4282/4282
f 4282/4282/4282 4278/4278/4278 4286/4286/4286
f 4286/4286/4286 4278/4278/4278 4283/4283/4283
f 4279/4279/4279 4287/4287/4287 4283/4283/4283
f 4284/4284/4284 4287/4287/4287 4279/4279/4279
f 4281/4281/4281 4288/4288/4288 4280/4280/4280
f 4280/4280/4280 4288/4288/4288 4284/4284/4284
f 4285/4285/4285 4289/4289/4289 4281/4281/4281
f 4288/4288/4288 4281/4281/4281 4289/4289/4289
f 4282/4282/4282 4290/4290/4290 4285/4285/4285
f 4286/4286/4286 4290/4290/4290 4282/4282/4282
f 4291/4291/4291 4284/4284/4284 4288/4288/4288
f 4291/4291/4291 4287/4287/4287 4284/4284/4284
f 4292/4292/4292 4283/4283/4283 4287/4287/4287
f 4283/4283/4283 4292/4292/4292 4286/4286/4286
f 4293/4293/4293 4285/4285/4285 4290/4290/4290
f 4285/4285/4285 4293/4293/4293 4289/4289/4289
f 4289/4289/4289 4294/4294/4294 4288/4288/4288
f 4288/4288/4288 4294/4294/4294 4291/4291/4291
f 4295/4295/4295 4290/4290/4290 4286/4286/4286
f 4290/4290/4290 4295/4295/4295 4293/4293/4293
f 4293/4293/4293 4296/4296/4296 4289/4289/4289
f 4294/4294/4294 4289/4289/4289 4296/4296/4296
f 4297/4297/4297 4292/4292/4292 4287/4287/4287
f 4291/4291/4291 4297/4297/4297 4287/4287/4287
f 4298/4298/4298 4286/4286/4286 4292/4292/4292
f 4286/4286/4286 4298/4298/4298 4295/4295/4295
f 4299/4299/4299 4293/4293/4293 4295/4295/4295
f 4293/4293/4293 4299/4299/4299 4296/4296/4296
f 4296/4296/4296 4300/4300/4300 4294/4294/4294
f 4291/4291/4291 4294/4294/4294 4300/4300/4300
f 4297/4297/4297 4301/4301/4301 4292/4292/4292
f 4292/4292/4292 4301/4301/4301 4298/4298/4298
f 4302/4302/4302 4295/4295/4295 4298/4298/4298
f 4295/4295/4295 4302/4302/4302 4299/4299/4299
f 4303/4303/4303 4297/4297/4297 4291/4291/4291
f 4291/4291/4291 4300/4300/4300 4303/4303/4303
f 4300/4300/4300 4296/4296/4296 4304/4304/4304
f 4299/4299/4299 4304/4304/4304 4296/4296/4296
f 4298/4298/4298 4305/4305/4305 4302/4302/4302
f 4305/4305/4305 4298/4298/4298 4301/4301/4301
f 4306/4306/4306 4301/4301/4301 4297/4297/4297
f 4303/4303/4303 4306/4306/4306 4297/4297/4297
f 4299/4299/4299 4302/4302/4302 4307/4307/4307
f 4307/4307/4307 4302/4302/4302 4305/4305/4305
f 4306/4306/4306 4308/4308/4308 4301/4301/4301
f 4301/4301/4301 4308/4308/4308 4305/4305/4305
f 4309/4309/4309 4308/4308/4308 4306/4306/4306
f 4309/4309/4309 4306/4306/4306 4303/4303/4303
f 4303/4303/4303 4300/4300/4300 4310/4310/4310
f 4304/4304/4304 4310/4310/4310 4300/4300/4300
f 4305/4305/4305 4308/4308/4308 4311/4311/4311
f 4311/4311/4311 4308/4308/4308 4309/4309/4309
f 4303/4303/4303 4312/4312/4312 4309/4309/4309
f 4303/4303/4303 4310/4310/4310 4312/4312/4312
f 4304/4304/4304 4299/4299/4299 4313/4313/4313
f 4307/4307/4307 4313/4313/4313 4299/4299/4299
f 4305/4305/4305 4314/4314/4314 4307/4307/4307
f 4311/4311/4311 4314/4314/4314 4305/4305/4305
f 4309/4309/4309 4315/4315/4315 4311/4311/4311
f 4315/4315/4315 4309/4309/4309 4312/4312/4312
f 4316/4316/4316 4310/4310/4310 4304/4304/4304
f 4312/4312/4312 4310/4310/4310 4316/4316/4316
f 4313/4313/4313 4317/4317/4317 4304/4304/4304
f 4317/4317/4317 4316/4316/4316 4304/4304/4304
f 4313/4313/4313 4307/4307/4307 4318/4318/4318
f 4318/4318/4318 4307/4307/4307 4314/4314/4314
f 4319/4319/4319 4314/4314/4314 4311/4311/4311
f 4315/4315/4315 4319/4319/4319 4311/4311/4311
f 4312/4312/4312 4320/4320/4320 4315/4315/4315
f 4316/4316/4316 4320/4320/4320 4312/4312/4312
f 4313/4313/4313 4321/4321/4321 4317/4317/4317
f 4318/4318/4318 4321/4321/4321 4313/4313/4313
f 4314/4314/4314 4322/4322/4322 4318/4318/4318
f 4319/4319/4319 4322/4322/4322 4314/4314/4314
f 4323/4323/4323 4319/4319/4319 4315/4315/4315
f 4323/4323/4323 4315/4315/4315 4320/4320/4320
f 4316/4316/4316 4317/4317/4317 4324/4324/4324
f 4320/4320/4320 4316/4316/4316 4324/4324/4324
f 4325/4325/4325 4317/4317/4317 4321/4321/4321
f 4325/4325/4325 4324/4324/4324 4317/4317/4317
f 4321/4321/4321 4318/4318/4318 4326/4326/4326
f 4326/4326/4326 4318/4318/4318 4322/4322/4322
f 4327/4327/4327 4322/4322/4322 4319/4319/4319
f 4327/4327/4327 4319/4319/4319 4323/4323/4323
f 4320/4320/4320 4328/4328/4328 4323/4323/4323
f 4324/4324/4324 4328/4328/4328 4320/4320/4320
f 4329/4329/4329 4325/4325/4325 4321/4321/4321
f 4326/4326/4326 4329/4329/4329 4321/4321/4321
f 4322/4322/4322 4330/4330/4330 4326/4326/4326
f 4327/4327/4327 4330/4330/4330 4322/4322/4322
f 4323/4323/4323 4331/4331/4331 4327/4327/4327
f 4331/4331/4331 4323/4323/4323 4328/4328/4328
f 4324/4324/4324 4325/4325/4325 4332/4332/4332
f 4328/4328/4328 4324/4324/4324 4332/4332/4332
f 4329/4329/4329 4333/4333/4333 4325/4325/4325
f 4333/4333/4333 4332/4332/4332 4325/4325/4325
f 4329/4329/4329 4326/4326/4326 4334/4334/4334
f 4334/4334/4334 4326/4326/4326 4330/4330/4330
f 4335/4335/4335 4330/4330/4330 4327/4327/4327
f 4327/4327/4327 4331/4331/4331 4335/4335/4335
f 4328/4328/4328 4336/4336/4336 4331/4331/4331
f 4332/4332/4332 4336/4336/4336 4328/4328/4328
f 4337/4337/4337 4333/4333/4333 4329/4329/4329
f 4334/4334/4334 4337/4337/4337 4329/4329/4329
f 4330/4330/4330 4338/4338/4338 4334/4334/4334
f 4330/4330/4330 4335/4335/4335 4338/4338/4338
f 4339/4339/4339 4335/4335/4335 4331/4331/4331
f 4339/4339/4339 4331/4331/4331 4336/4336/4336
f 4332/4332/4332 4333/4333/4333 4340/4340/4340
f 4340/4340/4340 4336/4336/4336 4332/4332/4332
f 4341/4341/4341 4333/4333/4333 4337/4337/4337
f 4341/4341/4341 4340/4340/4340 4333/4333/4333
f 4337/4337/4337 4334/4334/4334 4342/4342/4342
f 4342/4342/4342 4334/4334/4334 4338/4338/4338
f 4343/4343/4343 4338/4338/4338 4335/4335/4335
f 4343/4343/4343 4335/4335/4335 4339/4339/4339
f 4336/4336/4336 4340/4340/4340 4344/4344/4344
f 4336/4336/4336 4344/4344/4344 4339/4339/4339
f 4345/4345/4345 4344/4344/4344 4340/4340/4340
f 4340/4340/4340 4341/4341/4341 4345/4345/4345
f 4341/4341/4341 4337/4337/4337 4346/4346/4346
f 4342/4342/4342 4346/4346/4346 4337/4337/4337
f 4347/4347/4347 4339/4339/4339 4344/4344/4344
f 4344/4344/4344 4345/4345/4345 4347/4347/4347
f 4338/4338/4338 4343/4343/4343 4348/4348/4348
f 4338/4338/4338 4348/4348/4348 4342/4342/4342
f 4346/4346/4346 4349/4349/4349 4341/4341/4341
f 4341/4341/4341 4349/4349/4349 4345/4345/4345
f 4339/4339/4339 4350/4350/4350 4343/4343/4343
f 4347/4347/4347 4350/4350/4350 4339/4339/4339
f 4351/4351/4351 4343/4343/4343 4350/4350/4350
f 4351/4351/4351 4350/4350/4350 4347/4347/4347
f 4352/4352/4352 4348/4348/4348 4343/4343/4343
f 4351/4351/4351 4352/4352/4352 4343/4343/4343
f 4353/4353/4353 4342/4342/4342 4348/4348/4348
f 4348/4348/4348 4352/4352/4352 4353/4353/4353
f 4354/4354/4354 4347/4347/4347 4345/4345/4345
f 4347/4347/4347 4354/4354/4354 4351/4351/4351
f 4345/4345/4345 4349/4349/4349 4355/4355/4355
f 4345/4345/4345 4355/4355/4355 4354/4354/4354
f 4342/4342/4342 4353/4353/4353 4356/4356/4356
f 4346/4346/4346 4342/4342/4342 4356/4356/4356
f 4357/4357/4357 4351/4351/4351 4354/4354/4354
f 4357/4357/4357 4352/4352/4352 4351/4351/4351
f 4349/4349/4349 4346/4346/4346 4358/4358/4358
f 4349/4349/4349 4358/4358/4358 4355/4355/4355
f 4359/4359/4359 4353/4353/4353 4352/4352/4352
f 4359/4359/4359 4356/4356/4356 4353/4353/4353
f 4360/4360/4360 4358/4358/4358 4346/4346/4346
f 4356/4356/4356 4360/4360/4360 4346/4346/4346
f 4361/4361/4361 4358/4358/4358 4360/4360/4360
f 4355/4355/4355 4358/4358/4358 4361/4361/4361
f 4362/4362/4362 4354/4354/4354 4355/4355/4355
f 4354/4354/4354 4362/4362/4362 4357/4357/4357
f 4363/4363/4363 4360/4360/4360 4356/4356/4356
f 4360/4360/4360 4363/4363/4363 4361/4361/4361
f 4361/4361/4361 4364/4364/4364 4355/4355/4355
f 4355/4355/4355 4364/4364/4364 4362/4362/4362
f 4357/4357/4357 4365/4365/4365 4352/4352/4352
f 4352/4352/4352 4365/4365/4365 4359/4359/4359
f 4356/4356/4356 4359/4359/4359 4366/4366/4366
f 4356/4356/4356 4366/4366/4366 4363/4363/4363
f 4357/4357/4357 4362/4362/4362 4367/4367/4367
f 4367/4367/4367 4362/4362/4362 4364/4364/4364
f 4364/4364/4364 4361/4361/4361 4368/4368/4368
f 4368/4368/4368 4361/4361/4361 4363/4363/4363
f 4369/4369/4369 4366/4366/4366 4359/4359/4359
f 4369/4369/4369 4359/4359/4359 4365/4365/4365
f 4370/4370/4370 4365/4365/4365 4357/4357/4357
f 4367/4367/4367 4370/4370/4370 4357/4357/4357
f 4364/4364/4364 4371/4371/4371 4367/4367/4367
f 4368/4368/4368 4371/4371/4371 4364/4364/4364
f 4363/4363/4363 4366/4366/4366 4372/4372/4372
f 4369/4369/4369 4372/4372/4372 4366/4366/4366
f 4365/4365/4365 4373/4373/4373 4369/4369/4369
f 4370/4370/4370 4373/4373/4373 4365/4365/4365
f 4370/4370/4370 4367/4367/4367 4374/4374/4374
f 4374/4374/4374 4367/4367/4367 4371/4371/4371
f 4363/4363/4363 4375/4375/4375 4368/4368/4368
f 4372/4372/4372 4375/4375/4375 4363/4363/4363
f 4371/4371/4371 4368/4368/4368 4376/4376/4376
f 4368/4368/4368 4375/4375/4375 4376/4376/4376
f 4377/4377/4377 4369/4369/4369 4373/4373/4373
f 4372/4372/4372 4369/4369/4369 4377/4377/4377
f 4378/4378/4378 4373/4373/4373 4370/4370/4370
f 4370/4370/4370 4374/4374/4374 4378/4378/4378
f 4371/4371/4371 4379/4379/4379 4374/4374/4374
f 4376/4376/4376 4379/4379/4379 4371/4371/4371
f 4375/4375/4375 4372/4372/4372 4380/4380/4380
f 4375/4375/4375 4380/4380/4380 4376/4376/4376
f 4381/4381/4381 4380/4380/4380 4372/4372/4372
f 4377/4377/4377 4381/4381/4381 4372/4372/4372
f 4376/4376/4376 4380/4380/4380 4382/4382/4382
f 4380/4380/4380 4381/4381/4381 4382/4382/4382
f 4382/4382/4382 4383/4383/4383 4376/4376/4376
f 4379/4379/4379 4376/4376/4376 4383/4383/4383
f 4383/4383/4383 4382/4382/4382 4384/4384/4384
f 4385/4385/4385 4382/4382/4382 4381/4381/4381
f 4385/4385/4385 4381/4381/4381 4377/4377/4377
f 4383/4383/4383 4386/4386/4386 4379/4379/4379
f 4387/4387/4387 4374/4374/4374 4379/4379/4379
f 4379/4379/4379 4386/4386/4386 4387/4387/4387
f 4387/4387/4387 4378/4378/4378 4374/4374/4374
f 4386/4386/4386 4388/4388/4388 4387/4387/4387
f 4389/4389/4389 4388/4388/4388 4386/4386/4386
f 4390/4390/4390 4385/4385/4385 4388/4388/4388
f 4377/4377/4377 4391/4391/4391 4385/4385/4385
f 4385/4385/4385 4391/4391/4391 4388/4388/4388
f 4392/4392/4392 4387/4387/4387 4388/4388/4388
f 4378/4378/4378 4387/4387/4387 4392/4392/4392
f 4388/4388/4388 4393/4393/4393 4392/4392/4392
f 4388/4388/4388 4391/4391/4391 4393/4393/4393
f 4378/4378/4378 4392/4392/4392 4393/4393/4393
f 4391/4391/4391 4377/4377/4377 4394/4394/4394
f 4394/4394/4394 4393/4393/4393 4391/4391/4391
f 4393/4393/4393 4394/4394/4394 4378/4378/4378
f 4373/4373/4373 4394/4394/4394 4377/4377/4377
f 4373/4373/4373 4378/4378/4378 4394/4394/4394
f 4397/4397/4397 4396/4396/4396 4395/4395/4395
f 4396/4396/4396 4398/4398/4398 4395/4395/4395
f 4395/4395/4395 4398/4398/4398 4399/4399/4399
f 4396/4396/4396 4400/4400/4400 4398/4398/4398
f 4399/4399/4399 4398/4398/4398 4401/4401/4401
f 4401/4401/4401 4402/4402/4402 4399/4399/4399
f 4400/4400/4400 4403/4403/4403 4398/4398/4398
f 4398/4398/4398 4403/4403/4403 4401/4401/4401
f 4400/4400/4400 4404/4404/4404 4403/4403/4403
f 4404/4404/4404 4405/4405/4405 4403/4403/4403
f 4406/4406/4406 4405/4405/4405 4404/4404/4404
f 4403/4403/4403 4407/4407/4407 4401/4401/4401
f 4403/4403/4403 4405/4405/4405 4407/4407/4407
f 4401/4401/4401 4408/4408/4408 4402/4402/4402
f 4407/4407/4407 4408/4408/4408 4401/4401/4401
f 4406/4406/4406 4409/4409/4409 4405/4405/4405
f 4410/4410/4410 4409/4409/4409 4406/4406/4406
f 4408/4408/4408 4411/4411/4411 4402/4402/4402
f 4412/4412/4412 4402/4402/4402 4411/4411/4411
f 4411/4411/4411 4408/4408/4408 4413/4413/4413
f 4414/4414/4414 4413/4413/4413 4408/4408/4408
f 4408/4408/4408 4407/4407/4407 4414/4414/4414
f 4413/4413/4413 4414/4414/4414 4415/4415/4415
f 4405/4405/4405 4416/4416/4416 4407/4407/4407
f 4405/4405/4405 4409/4409/4409 4416/4416/4416
f 4416/4416/4416 4414/4414/4414 4407/4407/4407
f 4410/4410/4410 4417/4417/4417 4409/4409/4409
f 4409/4409/4409 4417/4417/4417 4416/4416/4416
f 4410/4410/4410 4418/4418/4418 4417/4417/4417
f 4419/4419/4419 4417/4417/4417 4418/4418/4418
f 4417/4417/4417 4419/4419/4419 4416/4416/4416
f 4414/4414/4414 4416/4416/4416 4419/4419/4419
f 4419/4419/4419 4415/4415/4415 4414/4414/4414
f 4420/4420/4420 4415/4415/4415 4419/4419/4419
f 4423/4423/4423 4422/4422/4422 4421/4421/4421
f 4424/4424/4424 4421/4421/4421 4422/4422/4422
f 4421/4421/4421 4424/4424/4424 4425/4425/4425
f 4422/4422/4422 4426/4426/4426 4424/4424/4424
f 4426/4426/4426 4422/4422/4422 4427/4427/4427
f 4428/4428/4428 4425/4425/4425 4424/4424/4424
f 4425/4425/4425 4428/4428/4428 4429/4429/4429
f 4430/4430/4430 4428/4428/4428 4424/4424/4424
f 4430/4430/4430 4424/4424/4424 4426/4426/4426
f 4431/4431/4431 4429/4429/4429 4428/4428/4428
f 4428/4428/4428 4430/4430/4430 4431/4431/4431
f 4429/4429/4429 4431/4431/4431 4432/4432/4432
f 4427/4427/4427 4433/4433/4433 4426/4426/4426
f 4433/4433/4433 4427/4427/4427 4434/4434/4434
f 4435/4435/4435 4433/4433/4433 4434/4434/4434
f 4436/4436/4436 4432/4432/4432 4431/4431/4431
f 4437/4437/4437 4432/4432/4432 4436/4436/4436
f 4438/4438/4438 4426/4426/4426 4433/4433/4433
f 4426/4426/4426 4438/4438/4438 4430/4430/4430
f 4439/4439/4439 4433/4433/4433 4435/4435/4435
f 4439/4439/4439 4438/4438/4438 4433/4433/4433
f 4440/4440/4440 4439/4439/4439 4435/4435/4435
f 4430/4430/4430 4441/4441/4441 4431/4431/4431
f 4431/4431/4431 4441/4441/4441 4436/4436/4436
f 4442/4442/4442 4430/4430/4430 4438/4438/4438
f 4430/4430/4430 4442/4442/4442 4441/4441/4441
f 4439/4439/4439 4440/4440/4440 4443/4443/4443
f 4440/4440/4440 4444/4444/4444 4443/4443/4443
f 4445/4445/4445 4443/4443/4443 4444/4444/4444
f 4446/4446/4446 4438/4438/4438 4439/4439/4439
f 4443/4443/4443 4446/4446/4446 4439/4439/4439
f 4446/4446/4446 4442/4442/4442 4438/4438/4438
f 4443/4443/4443 4445/4445/4445 4447/4447/4447
f 4446/4446/4446 4443/4443/4443 4447/4447/4447
f 4448/4448/4448 4447/4447/4447 4445/4445/4445
f 4449/4449/4449 4436/4436/4436 4441/4441/4441
f 4437/4437/4437 4436/4436/4436 4449/4449/4449
f 4441/4441/4441 4450/4450/4450 4449/4449/4449
f 4450/4450/4450 4441/4441/4441 4442/4442/4442
f 4437/4437/4437 4449/4449/4449 4450/4450/4450
f 4451/4451/4451 4442/4442/4442 4446/4446/4446
f 4447/4447/4447 4451/4451/4451 4446/4446/4446
f 4442/4442/4442 4451/4451/4451 4450/4450/4450
f 4447/4447/4447 4448/4448/4448 4452/4452/4452
f 4451/4451/4451 4447/4447/4447 4452/4452/4452
f 4453/4453/4453 4452/4452/4452 4448/4448/4448
f 4454/4454/4454 4450/4450/4450 4451/4451/4451
f 4437/4437/4437 4450/4450/4450 4454/4454/4454
f 4452/4452/4452 4454/4454/4454 4451/4451/4451
f 4452/4452/4452 4453/4453/4453 4455/4455/4455
f 4455/4455/4455 4454/4454/4454 4452/4452/4452
f 4437/4437/4437 4454/4454/4454 4455/4455/4455
f 4456/4456/4456 4455/4455/4455 4453/4453/4453
f 4437/4437/4437 4455/4455/4455 4456/4456/4456
f 2619/2619/2619 4457/4457/4457 2618/2618/2618
f 4458/4458/4458 2618/2618/2618 4457/4457/4457
f 4457/4457/4457 4459/4459/4459 4458/4458/4458
f 2615/2615/2615 2618/2618/2618 4458/4458/4458
f 4460/4460/4460 4458/4458/4458 4459/4459/4459
f 4459/4459/4459 4461/4461/4461 4460/4460/4460
f 4461/4461/4461 4462/4462/4462 4460/4460/4460
f 4458/4458/4458 4463/4463/4463 2615/2615/2615
f 2612/2612/2612 2615/2615/2615 4463/4463/4463
f 4463/4463/4463 2616/2616/2616 2612/2612/2612
f 4458/4458/4458 4460/4460/4460 4464/4464/4464
f 4464/4464/4464 4463/4463/4463 4458/4458/4458
f 4462/4462/4462 4464/4464/4464 4460/4460/4460
f 4464/4464/4464 2616/2616/2616 4463/4463/4463
f 4464/4464/4464 4462/4462/4462 4465/4465/4465
f 4464/4464/4464 4465/4465/4465 2616/2616/2616
f 4462/4462/4462 4466/4466/4466 4465/4465/4465
f 4465/4465/4465 2617/2617/2617 2616/2616/2616
f 2617/2617/2617 4465/4465/4465 4466/4466/4466
f 3595/3595/3595 3616/3616/3616 4467/4467/4467
f 4467/4467/4467 3593/3593/3593 3595/3595/3595
f 3596/3596/3596 3593/3593/3593 4467/4467/4467
f 4467/4467/4467 3616/3616/3616 4468/4468/4468
f 4468/4468/4468 3596/3596/3596 4467/4467/4467
f 3857/3857/3857 4468/4468/4468 3616/3616/3616
f 3596/3596/3596 4468/4468/4468 4469/4469/4469
f 4469/4469/4469 3597/3597/3597 3596/3596/3596
f 4470/4470/4470 3597/3597/3597 4469/4469/4469
f 4471/4471/4471 4470/4470/4470 4469/4469/4469
f 4469/4469/4469 4468/4468/4468 4471/4471/4471
f 4472/4472/4472 4470/4470/4470 4471/4471/4471
f 4468/4468/4468 3857/3857/3857 4473/4473/4473
f 4473/4473/4473 4471/4471/4471 4468/4468/4468
f 3861/3861/3861 4473/4473/4473 3857/3857/3857
f 4474/4474/4474 4472/4472/4472 4471/4471/4471
f 4471/4471/4471 4473/4473/4473 4474/4474/4474
f 4475/4475/4475 4472/4472/4472 4474/4474/4474
f 4473/4473/4473 3861/3861/3861 4476/4476/4476
f 4476/4476/4476 4474/4474/4474 4473/4473/4473
f 4477/4477/4477 4476/4476/4476 3861/3861/3861
f 4478/4478/4478 4475/4475/4475 4474/4474/4474
f 4474/4474/4474 4476/4476/4476 4478/4478/4478
f 4479/4479/4479 4475/4475/4475 4478/4478/4478
f 4476/4476/4476 4477/4477/4477 4480/4480/4480
f 4480/4480/4480 4478/4478/4478 4476/4476/4476
f 4481/4481/4481 4480/4480/4480 4477/4477/4477
f 4482/4482/4482 4479/4479/4479 4478/4478/4478
f 4478/4478/4478 4480/4480/4480 4482/4482/4482
f 4483/4483/4483 4479/4479/4479 4482/4482/4482
f 4481/4481/4481 4484/4484/4484 4480/4480/4480
f 4484/4484/4484 4482/4482/4482 4480/4480/4480
f 4481/4481/4481 4485/4485/4485 4484/4484/4484
f 4482/4482/4482 4486/4486/4486 4483/4483/4483
f 4486/4486/4486 4482/4482/4482 4484/4484/4484
f 4487/4487/4487 4483/4483/4483 4486/4486/4486
f 4485/4485/4485 4488/4488/4488 4484/4484/4484
f 4486/4486/4486 4484/4484/4484 4488/4488/4488
f 4485/4485/4485 4489/4489/4489 4488/4488/4488
f 4486/4486/4486 4490/4490/4490 4487/4487/4487
f 4486/4486/4486 4488/4488/4488 4490/4490/4490
f 4490/4490/4490 4491/4491/4491 4487/4487/4487
f 4492/4492/4492 4491/4491/4491 4490/4490/4490
f 4489/4489/4489 4493/4493/4493 4488/4488/4488
f 4493/4493/4493 4490/4490/4490 4488/4488/4488
f 4489/4489/4489 4494/4494/4494 4493/4493/4493
f 4490/4490/4490 4495/4495/4495 4492/4492/4492
f 4493/4493/4493 4495/4495/4495 4490/4490/4490
f 4496/4496/4496 4492/4492/4492 4495/4495/4495
f 4497/4497/4497 4493/4493/4493 4494/4494/4494
f 4497/4497/4497 4495/4495/4495 4493/4493/4493
f 4494/4494/4494 4498/4498/4498 4497/4497/4497
f 4499/4499/4499 4497/4497/4497 4498/4498/4498
f 4499/4499/4499 4500/4500/4500 4497/4497/4497
f 4500/4500/4500 4495/4495/4495 4497/4497/4497
f 4501/4501/4501 4500/4500/4500 4499/4499/4499
f 4495/4495/4495 4502/4502/4502 4496/4496/4496
f 4500/4500/4500 4502/4502/4502 4495/4495/4495
f 4503/4503/4503 4496/4496/4496 4502/4502/4502
f 4501/4501/4501 4504/4504/4504 4500/4500/4500
f 4504/4504/4504 4502/4502/4502 4500/4500/4500
f 4505/4505/4505 4504/4504/4504 4501/4501/4501
f 4502/4502/4502 4506/4506/4506 4503/4503/4503
f 4504/4504/4504 4506/4506/4506 4502/4502/4502
f 4504/4504/4504 4505/4505/4505 4507/4507/4507
f 4507/4507/4507 4506/4506/4506 4504/4504/4504
f 4508/4508/4508 4507/4507/4507 4505/4505/4505
f 4509/4509/4509 4503/4503/4503 4506/4506/4506
f 4509/4509/4509 4506/4506/4506 4507/4507/4507
f 4510/4510/4510 4503/4503/4503 4509/4509/4509
f 4508/4508/4508 4511/4511/4511 4507/4507/4507
f 4511/4511/4511 4509/4509/4509 4507/4507/4507
f 4512/4512/4512 4511/4511/4511 4508/4508/4508
f 4513/4513/4513 4510/4510/4510 4509/4509/4509
f 4511/4511/4511 4513/4513/4513 4509/4509/4509
f 4513/4513/4513 4514/4514/4514 4510/4510/4510
f 4511/4511/4511 4512/4512/4512 4515/4515/4515
f 4515/4515/4515 4513/4513/4513 4511/4511/4511
f 4516/4516/4516 4515/4515/4515 4512/4512/4512
f 4517/4517/4517 4514/4514/4514 4513/4513/4513
f 4517/4517/4517 4513/4513/4513 4515/4515/4515
f 4518/4518/4518 4514/4514/4514 4517/4517/4517
f 4516/4516/4516 4519/4519/4519 4515/4515/4515
f 4519/4519/4519 4517/4517/4517 4515/4515/4515
f 4520/4520/4520 4519/4519/4519 4516/4516/4516
f 4521/4521/4521 4518/4518/4518 4517/4517/4517
f 4519/4519/4519 4521/4521/4521 4517/4517/4517
f 4521/4521/4521 4522/4522/4522 4518/4518/4518
f 4522/4522/4522 4521/4521/4521 4523/4523/4523
f 4519/4519/4519 4520/4520/4520 4524/4524/4524
f 4519/4519/4519 4524/4524/4524 4521/4521/4521
f 4524/4524/4524 4523/4523/4523 4521/4521/4521
f 4520/4520/4520 4525/4525/4525 4524/4524/4524
f 4524/4524/4524 4525/4525/4525 4523/4523/4523
f 4526/4526/4526 2856/2856/2856 2807/2807/2807
f 2807/2807/2807 4527/4527/4527 4526/4526/4526
f 4528/4528/4528 4526/4526/4526 4527/4527/4527
f 4526/4526/4526 4528/4528/4528 4529/4529/4529
f 4528/4528/4528 4530/4530/4530 4529/4529/4529
f 4529/4529/4529 4530/4530/4530 4531/4531/4531
f 2856/2856/2856 4526/4526/4526 4532/4532/4532
f 4529/4529/4529 4532/4532/4532 4526/4526/4526
f 4529/4529/4529 4531/4531/4531 4533/4533/4533
f 4529/4529/4529 4533/4533/4533 4532/4532/4532
f 4534/4534/4534 4533/4533/4533 4531/4531/4531
f 4533/4533/4533 4534/4534/4534 2849/2849/2849
f 2849/2849/2849 2852/2852/2852 4533/4533/4533
f 4532/4532/4532 4533/4533/4533 2852/2852/2852
f 4532/4532/4532 4535/4535/4535 2856/2856/2856
f 2852/2852/2852 4535/4535/4535 4532/4532/4532
f 4535/4535/4535 2851/2851/2851 2856/2856/2856
f 2851/2851/2851 4535/4535/4535 2852/2852/2852
f 4536/4536/4536 1890/1890/1890 2247/2247/2247
f 4536/4536/4536 1892/1892/1892 1890/1890/1890
f 1892/1892/1892 4536/4536/4536 4537/4537/4537
f 2247/2247/2247 4538/4538/4538 4536/4536/4536
f 4538/4538/4538 2247/2247/2247 2240/2240/2240
f 4539/4539/4539 4537/4537/4537 4536/4536/4536
f 4539/4539/4539 4536/4536/4536 4538/4538/4538
f 4537/4537/4537 4539/4539/4539 4540/4540/4540
f 2240/2240/2240 4541/4541/4541 4538/4538/4538
f 4541/4541/4541 2240/2240/2240 2236/2236/2236
f 2236/2236/2236 4542/4542/4542 4541/4541/4541
f 4543/4543/4543 4538/4538/4538 4541/4541/4541
f 4538/4538/4538 4543/4543/4543 4539/4539/4539
f 4544/4544/4544 4541/4541/4541 4542/4542/4542
f 4541/4541/4541 4544/4544/4544 4543/4543/4543
f 4542/4542/4542 4545/4545/4545 4544/4544/4544
f 4546/4546/4546 4539/4539/4539 4543/4543/4543
f 4546/4546/4546 4543/4543/4543 4544/4544/4544
f 4547/4547/4547 4544/4544/4544 4545/4545/4545
f 4544/4544/4544 4547/4547/4547 4546/4546/4546
f 4545/4545/4545 4548/4548/4548 4547/4547/4547
f 4549/4549/4549 4547/4547/4547 4548/4548/4548
f 4546/4546/4546 4547/4547/4547 4549/4549/4549
f 4548/4548/4548 4550/4550/4550 4549/4549/4549
f 4549/4549/4549 4550/4550/4550 4551/4551/4551
f 4552/4552/4552 4539/4539/4539 4546/4546/4546
f 4552/4552/4552 4540/4540/4540 4539/4539/4539
f 4551/4551/4551 4553/4553/4553 4549/4549/4549
f 4553/4553/4553 4551/4551/4551 4554/4554/4554
f 4549/4549/4549 4555/4555/4555 4546/4546/4546
f 4552/4552/4552 4546/4546/4546 4555/4555/4555
f 4553/4553/4553 4555/4555/4555 4549/4549/4549
f 4540/4540/4540 4552/4552/4552 4556/4556/4556
f 4555/4555/4555 4556/4556/4556 4552/4552/4552
f 4556/4556/4556 4557/4557/4557 4540/4540/4540
f 4554/4554/4554 4558/4558/4558 4553/4553/4553
f 4558/4558/4558 4554/4554/4554 4559/4559/4559
f 4555/4555/4555 4553/4553/4553 4560/4560/4560
f 4560/4560/4560 4556/4556/4556 4555/4555/4555
f 4560/4560/4560 4553/4553/4553 4558/4558/4558
f 4557/4557/4557 4556/4556/4556 4561/4561/4561
f 4556/4556/4556 4560/4560/4560 4561/4561/4561
f 4561/4561/4561 4562/4562/4562 4557/4557/4557
f 4559/4559/4559 4563/4563/4563 4558/4558/4558
f 4563/4563/4563 4559/4559/4559 4564/4564/4564
f 4558/4558/4558 4565/4565/4565 4560/4560/4560
f 4561/4561/4561 4560/4560/4560 4565/4565/4565
f 4565/4565/4565 4558/4558/4558 4563/4563/4563
f 4562/4562/4562 4561/4561/4561 4566/4566/4566
f 4565/4565/4565 4566/4566/4566 4561/4561/4561
f 4566/4566/4566 4567/4567/4567 4562/4562/4562
f 4564/4564/4564 4568/4568/4568 4563/4563/4563
f 4568/4568/4568 4564/4564/4564 4569/4569/4569
f 4563/4563/4563 4570/4570/4570 4565/4565/4565
f 4566/4566/4566 4565/4565/4565 4570/4570/4570
f 4570/4570/4570 4563/4563/4563 4568/4568/4568
f 4567/4567/4567 4566/4566/4566 4571/4571/4571
f 4570/4570/4570 4571/4571/4571 4566/4566/4566
f 4571/4571/4571 4572/4572/4572 4567/4567/4567
f 4569/4569/4569 4573/4573/4573 4568/4568/4568
f 4573/4573/4573 4569/4569/4569 4574/4574/4574
f 4568/4568/4568 4575/4575/4575 4570/4570/4570
f 4571/4571/4571 4570/4570/4570 4575/4575/4575
f 4573/4573/4573 4575/4575/4575 4568/4568/4568
f 4572/4572/4572 4571/4571/4571 4576/4576/4576
f 4575/4575/4575 4576/4576/4576 4571/4571/4571
f 4576/4576/4576 4577/4577/4577 4572/4572/4572
f 4574/4574/4574 4578/4578/4578 4573/4573/4573
f 4578/4578/4578 4574/4574/4574 4579/4579/4579
f 4575/4575/4575 4573/4573/4573 4580/4580/4580
f 4580/4580/4580 4576/4576/4576 4575/4575/4575
f 4578/4578/4578 4580/4580/4580 4573/4573/4573
f 4577/4577/4577 4576/4576/4576 4581/4581/4581
f 4576/4576/4576 4580/4580/4580 4581/4581/4581
f 4581/4581/4581 4582/4582/4582 4577/4577/4577
f 4580/4580/4580 4578/4578/4578 4583/4583/4583
f 4583/4583/4583 4581/4581/4581 4580/4580/4580
f 4582/4582/4582 4581/4581/4581 4584/4584/4584
f 4581/4581/4581 4583/4583/4583 4584/4584/4584
f 4584/4584/4584 4585/4585/4585 4582/4582/4582
f 4578/4578/4578 4579/4579/4579 4586/4586/4586
f 4586/4586/4586 4583/4583/4583 4578/4578/4578
f 4585/4585/4585 4584/4584/4584 4587/4587/4587
f 4587/4587/4587 4588/4588/4588 4585/4585/4585
f 4589/4589/4589 4584/4584/4584 4583/4583/4583
f 4583/4583/4583 4586/4586/4586 4589/4589/4589
f 4584/4584/4584 4589/4589/4589 4587/4587/4587
f 4590/4590/4590 4586/4586/4586 4579/4579/4579
f 4589/4589/4589 4586/4586/4586 4590/4590/4590
f 4587/4587/4587 4589/4589/4589 4590/4590/4590
f 4588/4588/4588 4587/4587/4587 4590/4590/4590
f 4591/4591/4591 4590/4590/4590 4579/4579/4579
f 4588/4588/4588 4590/4590/4590 4591/4591/4591
f 4594/4594/4594 4593/4593/4593 4592/4592/4592
f 4595/4595/4595 4594/4594/4594 4592/4592/4592
f 4594/4594/4594 4595/4595/4595 4596/4596/4596
f 4597/4597/4597 4596/4596/4596 4595/4595/4595
f 4593/4593/4593 4594/4594/4594 4598/4598/4598
f 4593/4593/4593 4598/4598/4598 4599/4599/4599
f 4593/4593/4593 4599/4599/4599 4600/4600/4600
f 4601/4601/4601 4600/4600/4600 4599/4599/4599
f 4602/4602/4602 4598/4598/4598 4594/4594/4594
f 4598/4598/4598 4602/4602/4602 4599/4599/4599
f 4594/4594/4594 4596/4596/4596 4602/4602/4602
f 4603/4603/4603 4601/4601/4601 4599/4599/4599
f 4599/4599/4599 4602/4602/4602 4603/4603/4603
f 4604/4604/4604 4601/4601/4601 4603/4603/4603
f 4605/4605/4605 4602/4602/4602 4596/4596/4596
f 4605/4605/4605 4603/4603/4603 4602/4602/4602
f 4596/4596/4596 4597/4597/4597 4606/4606/4606
f 4596/4596/4596 4606/4606/4606 4605/4605/4605
f 4606/4606/4606 4597/4597/4597 4607/4607/4607
f 4605/4605/4605 4606/4606/4606 4607/4607/4607
f 4608/4608/4608 4607/4607/4607 4597/4597/4597
f 4609/4609/4609 4604/4604/4604 4603/4603/4603
f 4603/4603/4603 4605/4605/4605 4609/4609/4609
f 4604/4604/4604 4609/4609/4609 4610/4610/4610
f 4610/4610/4610 4611/4611/4611 4604/4604/4604
f 4612/4612/4612 4609/4609/4609 4605/4605/4605
f 4609/4609/4609 4612/4612/4612 4610/4610/4610
f 4605/4605/4605 4607/4607/4607 4612/4612/4612
f 4611/4611/4611 4610/4610/4610 4613/4613/4613
f 4610/4610/4610 4612/4612/4612 4613/4613/4613
f 4613/4613/4613 4614/4614/4614 4611/4611/4611
f 4607/4607/4607 4608/4608/4608 4615/4615/4615
f 4616/4616/4616 4615/4615/4615 4608/4608/4608
f 4612/4612/4612 4607/4607/4607 4617/4617/4617
f 4617/4617/4617 4613/4613/4613 4612/4612/4612
f 4615/4615/4615 4617/4617/4617 4607/4607/4607
f 4614/4614/4614 4613/4613/4613 4618/4618/4618
f 4613/4613/4613 4617/4617/4617 4618/4618/4618
f 4614/4614/4614 4618/4618/4618 4619/4619/4619
f 4615/4615/4615 4616/4616/4616 4620/4620/4620
f 4621/4621/4621 4620/4620/4620 4616/4616/4616
f 4617/4617/4617 4615/4615/4615 4622/4622/4622
f 4622/4622/4622 4618/4618/4618 4617/4617/4617
f 4620/4620/4620 4622/4622/4622 4615/4615/4615
f 4619/4619/4619 4618/4618/4618 4623/4623/4623
f 4618/4618/4618 4622/4622/4622 4623/4623/4623
f 4619/4619/4619 4623/4623/4623 4624/4624/4624
f 4620/4620/4620 4621/4621/4621 4625/4625/4625
f 4626/4626/4626 4625/4625/4625 4621/4621/4621
f 4622/4622/4622 4620/4620/4620 4627/4627/4627
f 4627/4627/4627 4623/4623/4623 4622/4622/4622
f 4625/4625/4625 4627/4627/4627 4620/4620/4620
f 4624/4624/4624 4623/4623/4623 4628/4628/4628
f 4623/4623/4623 4627/4627/4627 4628/4628/4628
f 4624/4624/4624 4628/4628/4628 4629/4629/4629
f 4625/4625/4625 4626/4626/4626 4630/4630/4630
f 4631/4631/4631 4630/4630/4630 4626/4626/4626
f 4627/4627/4627 4625/4625/4625 4632/4632/4632
f 4632/4632/4632 4628/4628/4628 4627/4627/4627
f 4630/4630/4630 4632/4632/4632 4625/4625/4625
f 4629/4629/4629 4628/4628/4628 4633/4633/4633
f 4628/4628/4628 4632/4632/4632 4633/4633/4633
f 4629/4629/4629 4633/4633/4633 4634/4634/4634
f 4635/4635/4635 4634/4634/4634 4633/4633/4633
f 4630/4630/4630 4631/4631/4631 4636/4636/4636
f 4637/4637/4637 4636/4636/4636 4631/4631/4631
f 4632/4632/4632 4630/4630/4630 4638/4638/4638
f 4638/4638/4638 4633/4633/4633 4632/4632/4632
f 4636/4636/4636 4638/4638/4638 4630/4630/4630
f 4633/4633/4633 4639/4639/4639 4635/4635/4635
f 4633/4633/4633 4638/4638/4638 4639/4639/4639
f 4639/4639/4639 4640/4640/4640 4635/4635/4635
f 4641/4641/4641 4639/4639/4639 4638/4638/4638
f 4639/4639/4639 4641/4641/4641 4640/4640/4640
f 4641/4641/4641 4638/4638/4638 4636/4636/4636
f 4642/4642/4642 4640/4640/4640 4641/4641/4641
f 4643/4643/4643 4642/4642/4642 4641/4641/4641
f 4644/4644/4644 4636/4636/4636 4637/4637/4637
f 4636/4636/4636 4644/4644/4644 4641/4641/4641
f 4641/4641/4641 4644/4644/4644 4643/4643/4643
f 4637/4637/4637 4645/4645/4645 4644/4644/4644
f 4645/4645/4645 4643/4643/4643 4644/4644/4644
