g Emma_S005_Face
v -0.014351873 -0.03217064 1.5918876
v -0.016367735 -0.030615486 1.5920994
v -0.018843422 -0.029354576 1.5886015
v -0.014564753 -0.062206764 1.5939726
v -0.012367563 -0.066118404 1.5890983
v -0.012387423 -0.063197285 1.5956271
v -0.011492838 -0.06683193 1.5889994
v -0.012387423 -0.063197285 1.5956271
v -0.012367563 -0.066118404 1.5890983
v 0.014351863 -0.032170635 1.5918876
v 0.018843422 -0.02935459 1.5886015
v 0.016367732 -0.030615492 1.5920994
v 0.014564753 -0.062206764 1.5939729
v 0.012387447 -0.063197285 1.5956275
v 0.0123676015 -0.06611842 1.5890985
v 0.011492844 -0.06683193 1.5889994
v 0.0123676015 -0.06611842 1.5890985
v 0.012387447 -0.063197285 1.5956275
v -0.074227124 0.030245647 1.6621835
v -0.073272906 0.013861971 1.6584865
v -0.07858406 0.017048864 1.664665
v -0.025248451 -0.0597397 1.640071
v -0.026565274 -0.05892761 1.6375914
v -0.014303165 -0.054804936 1.6364741
v -0.068781756 -0.042024326 1.6559863
v -0.07619745 -0.03569403 1.6528517
v -0.06630565 -0.04120265 1.6513705
v -0.025483979 -0.062287815 1.6499271
v -0.024614533 -0.061060317 1.6450965
v -0.017373977 -0.056040533 1.6468807
v -0.06630565 -0.04120265 1.6513705
v -0.06124297 -0.04514728 1.651672
v -0.06109945 -0.044401545 1.6489671
v -0.06652842 -0.034128804 1.6533123
v -0.06109945 -0.044401545 1.6489671
v -0.06124297 -0.04514728 1.651672
v 0.0742271 0.030245647 1.6621835
v 0.07858406 0.017048854 1.664665
v 0.07327288 0.013861971 1.6584865
v 0.025248442 -0.059739698 1.6401198
v 0.01430315 -0.054804936 1.6364528
v 0.026565256 -0.058927607 1.6376585
v 0.068781756 -0.042024326 1.6571931
v 0.06630565 -0.041202646 1.6526841
v 0.07619745 -0.035694037 1.6541528
v 0.025483979 -0.062287815 1.6499554
v 0.017373972 -0.056040525 1.6468767
v 0.024614505 -0.061060317 1.6451304
v 0.06630565 -0.041202646 1.6526841
v 0.061099414 -0.044401545 1.6502289
v 0.06124297 -0.04514728 1.6528715
v 0.0665284 -0.034128807 1.6543956
v 0.06124297 -0.04514728 1.6528715
v 0.061099414 -0.044401545 1.6502289
v -0 -0.030209027 1.5931424
v -0.0046509835 -0.025518615 1.5889974
v -0 -0.024722887 1.5889062
v -0.008788939 -0.031694923 1.5923138
v -0.009915352 -0.027702749 1.5886426
v -0.010964079 -0.034965266 1.5873743
v 1.9073486E-08 -0.040358406 1.5920949
v -0.008952298 -0.040637705 1.5914003
v -0.011047768 -0.041863594 1.5864978
v -0.008384742 -0.046836656 1.589621
v -0 -0.04694422 1.5903077
v -0.010400554 -0.04793135 1.5854021
v -0.0059096813 -0.052689508 1.5877236
v -0.007547264 -0.05399108 1.5840968
v -9.536743E-09 -0.05321593 1.5880353
v -0.004242401 -0.0554737 1.5837132
v 1.9073486E-08 -0.056360863 1.583916
v -0.004242401 -0.0554737 1.5837132
v 1.9073486E-08 -0.056360863 1.583916
v 1.9073486E-08 -0.05321258 1.5814252
v -0.005196762 -0.053228855 1.5813824
v -0.007547264 -0.05399108 1.5840968
v -0 -0.04904237 1.5807832
v -0.005925903 -0.04962395 1.5816793
v -0.010400554 -0.04793135 1.5854021
v -9.536743E-09 -0.040664814 1.5819162
v -0.0076719853 -0.041608784 1.5828412
v -0.011047768 -0.041863594 1.5864978
v -0.010964079 -0.034965266 1.5873743
v -0.0076719853 -0.03471192 1.5834237
v -0 -0.03376793 1.5824986
v -0.0049122144 -0.064346425 1.5953496
v 1.9073486E-08 -0.06508578 1.5954516
v -0 -0.06475384 1.5938007
v -0.0055153654 -0.06418309 1.5937904
v -0 -0.063674964 1.5895076
v -0.010768189 -0.061622575 1.5955659
v -0.0052951337 -0.06327984 1.5893611
v -0 -0.061640587 1.5875611
v -0.004781017 -0.061280344 1.5876799
v -0.010368166 -0.061065186 1.589586
v -0.009565334 -0.059225857 1.5882179
v -0.010816388 -0.061712485 1.5940199
v -0.015300021 -0.055517 1.5901511
v -0.014054384 -0.05431085 1.5889037
v -0.016036024 -0.05590426 1.5943
v -0.016059542 -0.055978965 1.59572
v -0.018194837 -0.047261514 1.5907669
v -0.016602363 -0.046400487 1.5898194
v -0.018785333 -0.04775313 1.594922
v -0.018894544 -0.047910288 1.5964143
v -0.019510197 -0.039409928 1.5921031
v -0.017389799 -0.038922925 1.5911541
v -0.020296106 -0.03998927 1.5962673
v -0.020335069 -0.040243868 1.5977712
v -0.02113648 -0.03239198 1.5983139
v -0.020564226 -0.03266839 1.5998296
v -0.020318922 -0.031895112 1.594145
v -0.018849049 -0.030692773 1.5988318
v -0.018795628 -0.031003704 1.600361
v -0.018115478 -0.030159192 1.5946782
v -0.017986154 -0.03182672 1.593106
v -0.018115478 -0.030159192 1.5946782
v -0.015830835 -0.032139406 1.5939901
v -0.015435219 -0.038800742 1.5921696
v -0.014865765 -0.04576556 1.5908688
v -0.016602363 -0.046400487 1.5898194
v -0.013051672 -0.05298463 1.590144
v -0.014054384 -0.05431085 1.5889037
v -0.008935155 -0.057900842 1.5897589
v -0.009565334 -0.059225857 1.5882179
v -0.013017788 -0.053194292 1.5958714
v -0.014909682 -0.04640974 1.5965573
v -0.015435219 -0.038800742 1.5921696
v -0.015913963 -0.03962356 1.5978541
v -0.008615541 -0.058530636 1.5956416
v -0.016326318 -0.0329051 1.5997086
v -0.018849049 -0.030692773 1.5988318
v -0.018115478 -0.030159192 1.5946782
v -0.018795628 -0.031003704 1.600361
v -0.004392128 -0.06001316 1.5895363
v -0.004781017 -0.061280344 1.5876799
v -0.003705988 -0.061237544 1.5954787
v -9.536743E-09 -0.06038225 1.5894151
v -0 -0.061640587 1.5875611
v -9.536743E-09 -0.061752234 1.5955579
v 1.9073486E-08 -0.06063678 1.5814587
v -0.0050635147 -0.060869154 1.5858399
v 9.536743E-09 -0.061274346 1.5856606
v -0.0057330704 -0.06019612 1.5813789
v -0.005610733 -0.059693217 1.5789095
v -9.536743E-09 -0.059777692 1.5789062
v -0.011104154 -0.05699395 1.5792941
v -0.011123862 -0.057947777 1.5816046
v -0.016815448 -0.0528127 1.582838
v -0.017176824 -0.051960614 1.580353
v -0.010597682 -0.057988916 1.5863578
v -0.01951453 -0.04550406 1.5837255
v -0.019687772 -0.045109276 1.5819783
v -0.014697613 -0.053307176 1.5874351
v -0.020582557 -0.038065687 1.5855299
v -0.020841379 -0.037288256 1.583405
v -0.016863285 -0.04612683 1.5891211
v -0.02120008 -0.030962052 1.5880343
v -0.02168652 -0.029524479 1.5848078
v -0.020587664 -0.02778921 1.5853078
v -0.018843422 -0.029354576 1.5886015
v -0.017757611 -0.03882809 1.5905807
v -0.018417105 -0.03194077 1.5920347
v -0.016367735 -0.030615486 1.5920994
v -0.016216893 -0.032215968 1.5929278
v -0.016367735 -0.030615486 1.5920994
v -0.014351873 -0.03217064 1.5918876
v -0.015802473 -0.038646683 1.5912024
v -0.014133405 -0.038204912 1.5900103
v -0.01357851 -0.044603314 1.5884453
v -0.015387659 -0.045484595 1.5897906
v -0.015387659 -0.045484595 1.5897906
v -0.013889227 -0.051650353 1.588784
v -0.013889227 -0.051650353 1.588784
v -0.00981164 -0.05700308 1.5879911
v -0.0046637724 -0.059427805 1.587486
v -1.9073486E-08 -0.05978486 1.5873475
v 9.536743E-09 -0.061274346 1.5856606
v -0.012124457 -0.05110051 1.5872958
v -0.00981164 -0.05700308 1.5879911
v -0.0084899515 -0.055651043 1.5864887
v -0.004199657 -0.057673454 1.5860014
v -0.0046637724 -0.059427805 1.587486
v -1.9073486E-08 -0.05806876 1.5857942
v -1.9073486E-08 -0.05978486 1.5873475
v -0.0031786251 -0.05553896 1.5793408
v -1.9073486E-08 -0.055720348 1.5794835
v -0.008068256 -0.053362288 1.5795577
v -0.012303004 -0.04913882 1.5801878
v -0.01357851 -0.044603314 1.5884453
v -0.014171381 -0.04321588 1.5812942
v -0.014917016 -0.036393404 1.5833107
v -0.014133405 -0.038204912 1.5900103
v -0.014351873 -0.03217064 1.5918876
v -0.015180773 -0.029672384 1.5851709
v -0.018843422 -0.029354576 1.5886015
v -0.015180773 -0.029672384 1.5851709
v -0.014351873 -0.03217064 1.5918876
v -0.020587664 -0.02778921 1.5853078
v -0.012367563 -0.066118404 1.5890983
v -0.014564753 -0.062206764 1.5939726
v -0.01793719 -0.061658695 1.5895692
v -0.012351012 -0.066089965 1.5889984
v -0.019671587 -0.057283614 1.5797987
v -0.01529438 -0.06130062 1.585787
v -0.022747321 -0.055958804 1.5863508
v -0.012969722 -0.0615283 1.5841458
v -0.012351012 -0.066089965 1.5889984
v -0.011136579 -0.06647782 1.5887161
v -0.015084307 -0.05480097 1.5738759
v -0.0094646355 -0.06225033 1.5831456
v -0.011136579 -0.06647782 1.5887161
v -0.009732251 -0.06697576 1.5883808
v -0.007058182 -0.06748823 1.5880237
v -0.007820463 -0.055852287 1.5725697
v -0.0046006395 -0.06343904 1.5821931
v -0.0039942074 -0.06780519 1.5877228
v -9.536743E-09 -0.06459338 1.581575
v -1.9073486E-08 -0.068056524 1.5874835
v -2.969848E-09 -0.056596585 1.5720204
v 3.378625E-08 -0.03952818 1.5727648
v -0.007653786 -0.03976937 1.5736058
v -0.015084307 -0.05480097 1.5738759
v -0.007210802 -0.019221393 1.5762221
v -1.522188E-08 -0.018968266 1.5753351
v -0.014429638 -0.019473169 1.5779817
v -0.015417091 -0.039989818 1.5746233
v -0.019671587 -0.057283614 1.5797987
v -0.02181332 -0.043994058 1.5815362
v -0.022747321 -0.055958804 1.5863508
v -0.023863468 -0.044535432 1.5879114
v -0.02188394 -0.023801941 1.5855244
v -0.0153919505 -0.017593274 1.5991316
v -0.02360827 -0.02727776 1.5972532
v -0.007210802 -0.019221393 1.5762221
v 1.9073486E-08 -0.015002665 1.5996878
v -1.522188E-08 -0.018968266 1.5753351
v -0.009826083 -0.030028671 1.6154668
v -0 -0.030655378 1.6169059
v -0.007235145 -0.04818923 1.6130271
v -1.9073486E-08 -0.04890677 1.6136551
v -0.0062955474 -0.06545744 1.6039377
v -9.536743E-09 -0.06653173 1.6051666
v -0 -0.06810675 1.5990963
v -0.016538372 -0.029526677 1.612503
v -0.015999446 -0.04707116 1.6101898
v -0.011862249 -0.063451745 1.6024235
v -0.004823513 -0.06706068 1.5982709
v -0.022550412 -0.028141566 1.6058156
v -0.02360827 -0.02727776 1.5972532
v -0.022484211 -0.04595548 1.6041944
v -0.019028172 -0.05899263 1.597691
v -0.023800083 -0.045023974 1.5951906
v -0.023863468 -0.044535432 1.5879114
v -0.02161941 -0.05662358 1.5933404
v -0.022747321 -0.055958804 1.5863508
v -0.0021868704 -0.07123811 1.588313
v -2.8610229E-08 -0.07161483 1.5882317
v -0.0043521593 -0.07068481 1.5884204
v -0.0065775965 -0.06967006 1.5885888
v -0.008134756 -0.065685935 1.5975053
v -0.009014024 -0.06828559 1.588807
v -0.010380649 -0.0675403 1.5889051
v -0.010748214 -0.06412194 1.5964538
v -0.011492838 -0.06683193 1.5889994
v -0.012387423 -0.063197285 1.5956271
v -0.010748214 -0.06412194 1.5964538
v -0.01793719 -0.061658695 1.5895692
v -0.01529438 -0.06130062 1.585787
v -0.012351012 -0.066089965 1.5889984
v -0.014564753 -0.062206764 1.5939726
v -0.012387423 -0.063197285 1.5956271
v -0.016128687 -0.06113381 1.6005243
v -9.536743E-09 -0.061752234 1.5955579
v 1.9073486E-08 -0.06508578 1.5954516
v -0.0049122144 -0.064346425 1.5953496
v -0.003705988 -0.061237544 1.5954787
v -0.008615541 -0.058530636 1.5956416
v -0.010768189 -0.061622575 1.5955659
v -0.016059542 -0.055978965 1.59572
v -0.013017788 -0.053194292 1.5958714
v -0.018894544 -0.047910288 1.5964143
v -0.014909682 -0.04640974 1.5965573
v -0.020335069 -0.040243868 1.5977712
v -0.015913963 -0.03962356 1.5978541
v -0.016326318 -0.0329051 1.5997086
v -0.020564226 -0.03266839 1.5998296
v -0.018795628 -0.031003704 1.600361
v -9.536743E-09 -0.059777692 1.5789062
v -1.9073486E-08 -0.055720348 1.5794835
v -0.0031786251 -0.05553896 1.5793408
v -0.005610733 -0.059693217 1.5789095
v -0.008068256 -0.053362288 1.5795577
v -0.011104154 -0.05699395 1.5792941
v -0.012303004 -0.04913882 1.5801878
v -0.017176824 -0.051960614 1.580353
v -0.019687772 -0.045109276 1.5819783
v -0.014171381 -0.04321588 1.5812942
v -0.020841379 -0.037288256 1.583405
v -0.014917016 -0.036393404 1.5833107
v -0.02168652 -0.029524479 1.5848078
v -0.015180773 -0.029672384 1.5851709
v -0.020587664 -0.02778921 1.5853078
v -0 -0.030209027 1.5931424
v -0 -0.024722887 1.5889062
v 0.0046509933 -0.02551861 1.5889974
v 0.008788994 -0.031694923 1.5923138
v 0.009915352 -0.027702762 1.5886426
v 0.010964088 -0.034965273 1.5873743
v 1.9073486E-08 -0.040358406 1.5920949
v 0.008952318 -0.040637705 1.5914003
v 0.011047782 -0.041863587 1.5864978
v 0.00838477 -0.046836656 1.5896208
v -0 -0.04694422 1.5903077
v 0.010400611 -0.04793135 1.5854021
v 0.0059096906 -0.052689508 1.5877236
v 0.007547283 -0.05399108 1.5840968
v -9.536743E-09 -0.05321593 1.5880353
v 0.00424242 -0.055473708 1.5837132
v 1.9073486E-08 -0.056360863 1.583916
v 0.00424242 -0.055473708 1.5837132
v 1.9073486E-08 -0.05321258 1.5814252
v 1.9073486E-08 -0.056360863 1.583916
v 0.0051968 -0.05322886 1.5813824
v 0.007547283 -0.05399108 1.5840968
v -0 -0.04904237 1.5807832
v 0.0059259413 -0.049623955 1.5816793
v 0.010400611 -0.04793135 1.5854021
v -9.536743E-09 -0.040664814 1.5819162
v 0.0076720235 -0.041608784 1.5828412
v 0.011047782 -0.041863587 1.5864978
v 0.010964088 -0.034965273 1.5873743
v 0.0076720333 -0.034711923 1.5834237
v -0 -0.03376793 1.5824986
v 0.0049121953 -0.06434643 1.5953496
v -0 -0.06475384 1.5938007
v 1.9073486E-08 -0.06508578 1.5954516
v 0.0055154036 -0.06418309 1.5937904
v -0 -0.063674964 1.5895076
v 0.010768223 -0.06162257 1.5955659
v 0.005295105 -0.06327983 1.5893611
v -0 -0.061640587 1.5875611
v 0.004781027 -0.061280355 1.5876799
v 0.010368185 -0.061065197 1.589586
v 0.009565296 -0.059225854 1.5882179
v 0.010816374 -0.061712477 1.5940199
v 0.015300025 -0.055516995 1.5901511
v 0.014054413 -0.054310843 1.5889037
v 0.016036024 -0.055904273 1.5943
v 0.01605953 -0.055978965 1.59572
v 0.018194856 -0.047261514 1.5907669
v 0.016602391 -0.046400484 1.5898194
v 0.018785382 -0.047753118 1.594922
v 0.01889451 -0.04791028 1.5964143
v 0.019510193 -0.039409935 1.5921031
v 0.017389765 -0.038922895 1.5911541
v 0.020296143 -0.039989267 1.5962673
v 0.020335045 -0.04024387 1.5977712
v 0.021136474 -0.03239199 1.5983139
v 0.020564212 -0.0326684 1.5998296
v 0.020318909 -0.031895127 1.594145
v 0.018849049 -0.030692767 1.5988318
v 0.018795623 -0.031003708 1.600361
v 0.018115481 -0.030159196 1.5946782
v 0.017986173 -0.03182673 1.593106
v 0.018115481 -0.030159196 1.5946782
v 0.015830783 -0.032139394 1.59399
v 0.015435237 -0.038800765 1.5921696
v 0.01486577 -0.04576556 1.5908688
v 0.016602391 -0.046400484 1.5898194
v 0.013051643 -0.05298462 1.590144
v 0.014054413 -0.054310843 1.5889037
v 0.008935146 -0.057900842 1.5897589
v 0.009565296 -0.059225854 1.5882179
v 0.013017807 -0.05319429 1.5958714
v 0.014909668 -0.04640973 1.5965573
v 0.015435237 -0.038800765 1.5921696
v 0.015913954 -0.039623566 1.5978541
v 0.008615541 -0.05853064 1.5956416
v 0.016326321 -0.032905106 1.5997086
v 0.018849049 -0.030692767 1.5988318
v 0.018115481 -0.030159196 1.5946782
v 0.018795623 -0.031003708 1.600361
v 0.0043921564 -0.060013156 1.5895363
v 0.004781027 -0.061280355 1.5876799
v 0.0037059498 -0.06123754 1.5954787
v -9.536743E-09 -0.06038225 1.5894151
v -0 -0.061640587 1.5875611
v -9.536743E-09 -0.061752234 1.5955579
v 1.9073486E-08 -0.06063678 1.5814587
v 9.536743E-09 -0.061274346 1.5856606
v 0.005063534 -0.060869154 1.5858399
v 0.005733099 -0.06019612 1.5813789
v 0.0056107617 -0.05969322 1.5789095
v -9.536743E-09 -0.059777692 1.5789062
v 0.011104145 -0.05699393 1.5792941
v 0.011123867 -0.057947762 1.5816046
v 0.01681547 -0.052812696 1.582838
v 0.017176827 -0.05196062 1.580353
v 0.010597686 -0.05798891 1.5863578
v 0.019514512 -0.04550404 1.5837255
v 0.019687785 -0.04510928 1.5819783
v 0.014697637 -0.053307176 1.5874351
v 0.020582581 -0.03806569 1.5855299
v 0.020841388 -0.037288263 1.583405
v 0.016863346 -0.046126835 1.5891211
v 0.021200065 -0.030962061 1.5880343
v 0.021686582 -0.029524468 1.5848078
v 0.020587673 -0.02778921 1.5853078
v 0.018843422 -0.02935459 1.5886015
v 0.017757624 -0.038828097 1.5905807
v 0.01841711 -0.031940773 1.5920347
v 0.016367732 -0.030615492 1.5920994
v 0.016216954 -0.03221597 1.5929278
v 0.016367732 -0.030615492 1.5920994
v 0.014351863 -0.032170635 1.5918876
v 0.015802497 -0.038646687 1.5912024
v 0.014133377 -0.038204916 1.5900103
v 0.013578501 -0.044603307 1.5884453
v 0.015387697 -0.04548458 1.5897906
v 0.015387697 -0.04548458 1.5897906
v 0.013889236 -0.051650353 1.588784
v 0.013889236 -0.051650353 1.588784
v 0.00981164 -0.05700308 1.5879911
v 0.004663744 -0.059427805 1.587486
v -1.9073486E-08 -0.05978486 1.5873475
v 9.536743E-09 -0.061274346 1.5856606
v 0.012124415 -0.05110052 1.5872958
v 0.00981164 -0.05700308 1.5879911
v 0.008489962 -0.055651035 1.5864887
v 0.0041996287 -0.057673454 1.5860014
v 0.004663744 -0.059427805 1.587486
v -1.9073486E-08 -0.05806876 1.5857942
v -1.9073486E-08 -0.05978486 1.5873475
v 0.0031786156 -0.055538964 1.5793408
v -1.9073486E-08 -0.055720348 1.5794835
v 0.008068285 -0.05336229 1.5795577
v 0.012303009 -0.04913882 1.5801878
v 0.013578501 -0.044603307 1.5884453
v 0.014171419 -0.04321588 1.5812942
v 0.014917001 -0.036393393 1.5833107
v 0.014133377 -0.038204916 1.5900103
v 0.014351863 -0.032170635 1.5918876
v 0.015180759 -0.029672384 1.5851709
v 0.018843422 -0.02935459 1.5886015
v 0.014351863 -0.032170635 1.5918876
v 0.015180759 -0.029672384 1.5851709
v 0.020587673 -0.02778921 1.5853078
v 0.017937211 -0.061658695 1.5895693
v 0.014564753 -0.062206764 1.5939729
v 0.0123676015 -0.06611842 1.5890985
v 0.012351007 -0.066089965 1.5889984
v 0.019671584 -0.05728363 1.5797988
v 0.022747288 -0.0559588 1.5863492
v 0.015294408 -0.061300628 1.5857872
v 0.012969703 -0.0615283 1.5841461
v 0.012351007 -0.066089965 1.5889984
v 0.01113656 -0.06647783 1.5887161
v 0.015084259 -0.05480097 1.5738754
v 0.009464664 -0.062250327 1.5831459
v 0.01113656 -0.06647783 1.5887161
v 0.009732265 -0.06697576 1.5883807
v 0.00705821 -0.06748822 1.5880237
v 0.007820457 -0.05585231 1.5725693
v 0.004600687 -0.063439034 1.5821931
v 0.0039942265 -0.06780519 1.5877228
v -9.536743E-09 -0.06459338 1.581575
v -1.9073486E-08 -0.068056524 1.5874835
v -2.969848E-09 -0.056596585 1.5720204
v 3.378625E-08 -0.03952818 1.5727648
v 0.0076538417 -0.039769366 1.5736052
v 0.015084259 -0.05480097 1.5738754
v 0.007210796 -0.019221399 1.5762221
v -1.522188E-08 -0.018968266 1.5753351
v 0.014429657 -0.019473169 1.5779818
v 0.015417122 -0.039989825 1.5746229
v 0.019671584 -0.05728363 1.5797988
v 0.021813326 -0.043994073 1.5815358
v 0.022747288 -0.0559588 1.5863492
v 0.023863459 -0.044535432 1.5879061
v 0.021883916 -0.023801941 1.5855236
v 0.015391998 -0.017593274 1.5991316
v 0.023608275 -0.02727776 1.5972503
v 0.007210796 -0.019221399 1.5762221
v 1.9073486E-08 -0.015002665 1.5996878
v -1.522188E-08 -0.018968266 1.5753351
v 0.009826078 -0.030028658 1.6154557
v -0 -0.030655378 1.6169059
v 0.007235145 -0.04818923 1.6130176
v -1.9073486E-08 -0.04890677 1.6136551
v 0.0062955376 -0.06545744 1.6039377
v -9.536743E-09 -0.06653173 1.6051666
v -0 -0.06810675 1.5990963
v 0.016538372 -0.029526686 1.6125004
v 0.01599948 -0.04707116 1.6101862
v 0.011862268 -0.063451745 1.6024235
v 0.0048235226 -0.06706068 1.5982709
v 0.02255043 -0.028141575 1.6058186
v 0.023608275 -0.02727776 1.5972503
v 0.022484293 -0.04595549 1.6041965
v 0.019028138 -0.058992635 1.5976908
v 0.023800077 -0.04502399 1.5951843
v 0.023863459 -0.044535432 1.5879061
v 0.021619443 -0.05662358 1.5933387
v 0.022747288 -0.0559588 1.5863492
v 0.00218688 -0.07123811 1.588313
v -2.8610229E-08 -0.07161483 1.5882317
v 0.004352188 -0.07068481 1.5884203
v 0.006577625 -0.06967006 1.5885887
v 0.008134775 -0.065685935 1.5975053
v 0.009014024 -0.06828561 1.588807
v 0.010380669 -0.0675403 1.5889051
v 0.010748224 -0.06412193 1.596454
v 0.011492844 -0.06683193 1.5889994
v 0.012387447 -0.063197285 1.5956275
v 0.010748224 -0.06412193 1.596454
v 0.017937211 -0.061658695 1.5895693
v 0.015294408 -0.061300628 1.5857872
v 0.012351007 -0.066089965 1.5889984
v 0.014564753 -0.062206764 1.5939729
v 0.012387447 -0.063197285 1.5956275
v 0.016128663 -0.06113381 1.6005243
v -9.536743E-09 -0.061752234 1.5955579
v 0.0049121953 -0.06434643 1.5953496
v 1.9073486E-08 -0.06508578 1.5954516
v 0.0037059498 -0.06123754 1.5954787
v 0.008615541 -0.05853064 1.5956416
v 0.010768223 -0.06162257 1.5955659
v 0.01605953 -0.055978965 1.59572
v 0.013017807 -0.05319429 1.5958714
v 0.01889451 -0.04791028 1.5964143
v 0.014909668 -0.04640973 1.5965573
v 0.020335045 -0.04024387 1.5977712
v 0.015913954 -0.039623566 1.5978541
v 0.016326321 -0.032905106 1.5997086
v 0.020564212 -0.0326684 1.5998296
v 0.018795623 -0.031003708 1.600361
v -9.536743E-09 -0.059777692 1.5789062
v 0.0031786156 -0.055538964 1.5793408
v -1.9073486E-08 -0.055720348 1.5794835
v 0.0056107617 -0.05969322 1.5789095
v 0.008068285 -0.05336229 1.5795577
v 0.011104145 -0.05699393 1.5792941
v 0.012303009 -0.04913882 1.5801878
v 0.017176827 -0.05196062 1.580353
v 0.019687785 -0.04510928 1.5819783
v 0.014171419 -0.04321588 1.5812942
v 0.020841388 -0.037288263 1.583405
v 0.014917001 -0.036393393 1.5833107
v 0.021686582 -0.029524468 1.5848078
v 0.015180759 -0.029672384 1.5851709
v 0.020587673 -0.02778921 1.5853078
v -0.07477549 -0.036094356 1.6491127
v -0.064670704 -0.042964194 1.6497624
v -0.06317089 -0.043106917 1.6459837
v -0.061156906 -0.042786073 1.6495684
v -0.059806447 -0.0428131 1.6445527
v -0.049532983 -0.050438657 1.6334451
v -0.053732827 -0.050112996 1.633358
v -0.052415345 -0.04927208 1.6341946
v -0.05114965 -0.0517017 1.6325946
v -0.057384852 -0.052112494 1.6290332
v -0.06598523 -0.046014417 1.6594905
v -0.05862989 -0.053065013 1.6633391
v -0.058535337 -0.052489 1.6617849
v -0.051411305 -0.057702854 1.6636108
v -0.05145082 -0.058416575 1.6658691
v -0.043749526 -0.06260341 1.6646601
v -0.043704327 -0.06374194 1.6670842
v -0.037783552 -0.06563203 1.664462
v -0.037724838 -0.06694042 1.6669041
v -0.032808814 -0.067312546 1.6632975
v -0.03261314 -0.068643264 1.6658075
v -0.028520016 -0.06816857 1.6619563
v -0.028255519 -0.06896889 1.663962
v -0.021327691 -0.06835482 1.659572
v -0.0767935 0.025463104 1.6735606
v -0.073272906 0.013861971 1.6584865
v -0.074227124 0.030245647 1.6621835
v -0.08150058 0.003605833 1.6839774
v -0.08154358 0.018101176 1.6946707
v -0.078930594 -0.009293928 1.7078211
v -0.08056794 0.0055377577 1.72215
v -0.06963521 -0.030547332 1.7283753
v -0.06943981 -0.00870944 1.7469897
v -0.054797802 -0.019885607 1.7633413
v -0.055009887 -0.046518892 1.7410874
v -0.02918199 -0.030241312 1.7744932
v -0.029377202 -0.05773021 1.7493081
v -9.536743E-09 -0.034833517 1.7779646
v -1.9073486E-08 -0.06189762 1.7509047
v -0 -0.077703305 1.7206571
v -0.0776438 -0.0042387103 1.6735061
v -0.08129535 -0.0063130376 1.6901863
v -0.077483326 -0.02170825 1.6983488
v -0.07361851 -0.0028720188 1.6575503
v -0.07190077 0.012759657 1.6536229
v -0.0765398 -0.020108514 1.6799649
v -0.07434208 -0.018616084 1.6625668
v -0.06946224 -0.0032175826 1.6425158
v -0.06913449 0.011732406 1.6406589
v -0.06534067 0.010338916 1.6305406
v -0.0695713 -0.018308753 1.6439652
v -0.06491151 -0.0043276693 1.6291242
v -0.0606523 0.00804225 1.6206127
v -0.06744348 -0.018735437 1.637387
v -0.061144546 -0.0052569197 1.6180627
v -0.053646293 0.007063255 1.6149169
v -0.064763136 -0.019330343 1.6287212
v -0.06836031 -0.03291844 1.6456732
v -0.07023612 -0.03294321 1.6510423
v -0.06631072 -0.033444937 1.6383182
v -0.065441914 -0.03905411 1.646012
v -0.0638578 -0.040015202 1.639222
v -0.06336161 -0.041545484 1.645831
v -0.060705297 -0.043188747 1.6418736
v -0.06350141 -0.03400711 1.6285021
v -0.06129601 -0.020261679 1.6177164
v -0.059697237 -0.044652835 1.6389002
v -0.056458883 -0.047021065 1.6380005
v -0.05777784 -0.046810348 1.634313
v -0.05566429 -0.047639947 1.6368357
v -0.059941605 -0.045535803 1.6287897
v -0.054978903 -0.0493053 1.6317964
v -0.05321426 -0.049884625 1.633115
v -0.04959112 -0.053136263 1.6301959
v -0.048947103 -0.052577052 1.6317793
v -0.0435925 -0.054093994 1.6315904
v -0.050130393 -0.0537949 1.627866
v -0.043485522 -0.05609131 1.6301419
v -0.03692788 -0.05548212 1.6331341
v -0.06045381 -0.0345551 1.6174711
v -0.056682203 -0.046014506 1.6178306
v -0.038787294 -0.059634004 1.628085
v -0.037838764 -0.058242414 1.6308656
v -0.0329721 -0.059262197 1.6322321
v -0.032615915 -0.056795835 1.63371
v -0.02842636 -0.060403597 1.6333003
v -0.029112807 -0.058041524 1.635429
v -0.048379794 -0.05512429 1.6188397
v -0.030090442 -0.06225379 1.6290097
v -0.024864998 -0.061529595 1.6346937
v -0.026565274 -0.05892761 1.6375914
v -0.022515234 -0.0641772 1.6308018
v -0.021604752 -0.06258479 1.6367086
v -0.025248451 -0.0597397 1.640071
v -0.03780719 -0.062337596 1.620324
v -0.028940992 -0.0655813 1.6218662
v -0.053565096 -0.046887096 1.6082118
v -0.045448795 -0.0562072 1.6102214
v -0.035996597 -0.0637221 1.6125625
v -0.056988228 -0.035288714 1.6073191
v -0.05715618 -0.021469636 1.6070123
v -0.055851124 -0.0069578644 1.6075768
v -0.021002488 -0.0680015 1.6233006
v -0.027383808 -0.067978 1.6147257
v -0.016099 -0.0660797 1.63312
v -0.017908888 -0.06374599 1.6385231
v -0.019899005 -0.06358 1.6423833
v -0.024614533 -0.061060317 1.6450965
v -0.01800288 -0.065541506 1.6443963
v -0.012864432 -0.0681931 1.6439018
v -0.02018519 -0.067043416 1.6518304
v -0.021987515 -0.06404169 1.6483495
v -0.024871591 -0.064813726 1.6531453
v -0.014774899 -0.07127779 1.6575214
v -0.023522863 -0.06564489 1.6557893
v -0.029275002 -0.065086536 1.6570767
v -0.021327691 -0.06835482 1.659572
v -0.028520016 -0.06816857 1.6619563
v -0.028777217 -0.06484333 1.6589369
v -0.03312753 -0.06396813 1.6609302
v -0.032808814 -0.067312546 1.6632975
v -0.037783552 -0.06563203 1.664462
v -0.037920717 -0.06309251 1.6624982
v -0.043749526 -0.06260341 1.6646601
v -0.04385613 -0.06083515 1.6631389
v -0.051411305 -0.057702854 1.6636108
v -0.05124774 -0.056563623 1.6623584
v -0.058535337 -0.052489 1.6617849
v -0.058323715 -0.050946243 1.660135
v -0.06383333 -0.04624214 1.6581514
v -0.06598523 -0.046014417 1.6594905
v -0.068781756 -0.042024326 1.6559863
v -0.07188184 -0.03374062 1.6590703
v -0.06630565 -0.04120265 1.6513705
v -0.07446665 -0.026379045 1.6658103
v -0.07342423 -0.034699317 1.6691049
v -0.07014014 -0.042579636 1.6697894
v -0.06491032 -0.050863087 1.6708179
v -0.05862989 -0.053065013 1.6633391
v -0.05870367 -0.05720914 1.6722162
v -0.05145082 -0.058416575 1.6658691
v -0.051146753 -0.06281723 1.6735023
v -0.04364913 -0.0642814 1.6682239
v -0.043704327 -0.06374194 1.6670842
v -0.04328144 -0.06750543 1.6740338
v -0.037724838 -0.06694042 1.6669041
v -0.03736604 -0.06793406 1.668797
v -0.03736604 -0.06793406 1.668797
v -0.036059633 -0.07061008 1.6732926
v -0.03261314 -0.068643264 1.6658075
v -0.03159 -0.07010962 1.6686665
v -0.03159 -0.07010962 1.6686665
v -0.029749317 -0.07217964 1.6719308
v -0.025946135 -0.07164836 1.6672363
v -0.02363675 -0.07432783 1.6705106
v -0.028255519 -0.06896889 1.663962
v -0.025946135 -0.07164836 1.6672363
v -0.022482218 -0.07134133 1.6645651
v -0.02363675 -0.07432783 1.6705106
v -0.015829291 -0.0745367 1.6632354
v -0.016746415 -0.0769476 1.6712728
v -0.028561397 -0.0776459 1.6813831
v -0.02917306 -0.07425528 1.6759837
v -0.035727754 -0.07231697 1.6775241
v -0.04186841 -0.0714174 1.6823821
v -0.04283182 -0.06930512 1.6780772
v -0.049743593 -0.0663343 1.6823782
v -0.05084116 -0.064144306 1.6773874
v -0.0582717 -0.0596414 1.6809077
v -0.058477316 -0.058087807 1.6759044
v -0.064527996 -0.05345148 1.6786005
v -0.064597115 -0.051913697 1.6737186
v -0.0581221 -0.060897607 1.6936723
v -0.044575598 -0.0710802 1.6951382
v -0.0688819 -0.045894098 1.6747165
v -0.067668505 -0.0482069 1.690191
v -0.07430053 -0.036114946 1.6862051
v -0.07336182 -0.034551244 1.70501
v -0.0657352 -0.045576707 1.7100325
v -0.0572111 -0.057554703 1.7144513
v -0.0447471 -0.0674768 1.7171011
v -0.028935213 -0.0780249 1.6962609
v -0.029385699 -0.07368 1.7192748
v -0.013221402 -0.08103981 1.6967083
v 9.536743E-09 -0.08288629 1.6971824
v -9.536743E-09 -0.08294249 1.680187
v -0.013453192 -0.0808739 1.6804945
v -0.0077125165 -0.0793794 1.6705856
v -9.536743E-09 -0.0808594 1.6704435
v -9.536743E-09 -0.0771244 1.6574454
v -0.007445602 -0.07510059 1.6581242
v -0.0064312266 -0.0720341 1.6458921
v -1.9073486E-08 -0.07449089 1.6458349
v -9.536743E-09 -0.0736794 1.6378564
v -0.005341358 -0.071536 1.6372305
v -0.010770402 -0.06872199 1.6356807
v -0.004494123 -0.0758914 1.6288792
v -0 -0.0774176 1.6298181
v -0.014938254 -0.07033699 1.6247157
v -0.009288683 -0.072694 1.6268605
v -0.0035402966 -0.082318 1.6212667
v -0 -0.0841525 1.6219325
v -0.0196851 -0.071072794 1.6166093
v -0.0084007075 -0.0771657 1.6201702
v -0.014497575 -0.07327519 1.6180764
v -0.0026702976 -0.0899758 1.6154356
v -0 -0.0926945 1.6153827
v -9.536743E-09 -0.0921679 1.6121019
v -0.008019704 -0.0808241 1.6156512
v -0.0028034877 -0.0895205 1.6122197
v -9.536743E-09 -0.0867292 1.6081448
v -0.013610678 -0.07579699 1.6125888
v -0.018522205 -0.07313649 1.611255
v -0.0037487028 -0.08529951 1.6086221
v -0 -0.0817222 1.6047164
v -0.0058418084 -0.083601505 1.6118094
v -0.008272409 -0.0799781 1.6103437
v -0.004175787 -0.080533504 1.6053314
v -9.536743E-09 -0.077483006 1.6014271
v -0.008199577 -0.078964405 1.6069396
v -0.003927679 -0.0769174 1.6014173
v 9.536743E-09 -0.076159 1.5979439
v -0.012446784 -0.076165505 1.6057123
v -0.0074701975 -0.075782195 1.601125
v -0.003569412 -0.0756591 1.597816
v -0.0032246017 -0.0752731 1.5951325
v -0 -0.075939596 1.5951031
v -0.0030714893 -0.075094 1.5936608
v -0 -0.0756892 1.5936384
v -0.0028756903 -0.074478894 1.5917627
v -0 -0.0749355 1.5916151
v -0.002581625 -0.0729357 1.5898768
v -0 -0.07319719 1.5897926
v -0.0021868704 -0.07123811 1.588313
v -2.8610229E-08 -0.07161483 1.5882317
v -0.0043521593 -0.07068481 1.5884204
v -0.005011101 -0.0723462 1.5900178
v -0.005601492 -0.0739622 1.5918982
v -0.0060963724 -0.074442804 1.5937102
v -0.006416998 -0.074589595 1.5951254
v -0.00733448 -0.07095709 1.5898967
v -0.0065775965 -0.06967006 1.5885888
v -0.008054714 -0.072234 1.5912911
v -0.008799591 -0.0727882 1.592876
v -0.009752469 -0.0695149 1.5897363
v -0.009014024 -0.06828559 1.588807
v -0.010380649 -0.0675403 1.5889051
v -0.010390291 -0.07048051 1.5907322
v -0.011921463 -0.0677997 1.5895748
v -0.011492838 -0.06683193 1.5889994
v -0.013221888 -0.0666095 1.5893601
v -0.0111651085 -0.07094751 1.5920213
v -0.012959013 -0.068187594 1.5899824
v -0.0092901895 -0.0730337 1.5941725
v -0.011810994 -0.07121941 1.5932099
v -0.014259476 -0.068432294 1.5907218
v -0.014371261 -0.0665456 1.5895567
v -0.0102435015 -0.0733653 1.5968035
v -0.013296103 -0.0717894 1.5956765
v -0.015387506 -0.068438 1.5915164
v -0.016009893 -0.06653749 1.5898699
v -0.006988983 -0.0749475 1.5976231
v -0.011283603 -0.0744488 1.6003906
v -0.015012593 -0.0727178 1.5993059
v -0.016692495 -0.0734043 1.604695
v -0.018014807 -0.068605706 1.5935552
v -0.023531202 -0.0697132 1.6027435
v -0.017714996 -0.066379994 1.5902746
v -0.020566305 -0.06908699 1.5971344
v -0.021710008 -0.06575111 1.591643
v -0.025893893 -0.069268905 1.6093538
v -0.026227398 -0.064572096 1.5944308
v -0.030556897 -0.064590305 1.6000911
v -0.033887096 -0.0642414 1.6069685
v -0.04257131 -0.056641005 1.6041104
v -0.038356 -0.057154894 1.5967844
v -0.033206206 -0.057676304 1.590628
v -0.02575591 -0.062415008 1.5891476
v -0.050065182 -0.04749288 1.6014724
v -0.04481899 -0.048281003 1.5938646
v -0.053413305 -0.03602365 1.5999104
v -0.020442706 -0.064507395 1.5888743
v -0.038801696 -0.049820397 1.5863957
v -0.04773385 -0.037152708 1.5914727
v -0.053506956 -0.023007873 1.599096
v -0.017485004 -0.0652178 1.588911
v -0.04074201 -0.039244007 1.5837331
v -0.047428556 -0.02502541 1.5908178
v -0.050239258 -0.009266091 1.5995935
v -0.015315227 -0.0656258 1.588996
v -0.0140918875 -0.065786 1.5890607
v -0.012367563 -0.066118404 1.5890983
v -0.011492838 -0.06683193 1.5889994
v -0.039223775 -0.027882714 1.5831479
v -0.044143002 -0.012211008 1.5914979
v -0.03702536 -0.015882416 1.584386
v -0.030248752 -0.019611072 1.5783162
v -0.032006014 -0.031150904 1.5768791
v -0.023491291 -0.034284998 1.5703143
v -0.032816704 -0.04213883 1.5770396
v -0.034359157 -0.0042299842 1.5873463
v -0.03870827 -0.0013285732 1.5931239
v -0.030787487 -0.051237497 1.5796282
v -0.024201341 -0.045296334 1.5705541
v -0.025251584 -0.05826661 1.5833876
v -0.044350065 0.0021002674 1.6010145
v -0.023010297 -0.052867994 1.5740198
v -0.021495394 -0.0622688 1.5852125
v -0.04966786 0.0051700016 1.6089033
v -0.01959868 -0.058625687 1.5786717
v -0.01759262 -0.0645202 1.5868748
v -0.016960587 -0.062202003 1.582004
v -0.015908908 -0.065227695 1.5875753
v -0.014586 -0.064535685 1.5848213
v -0.014275207 -0.0656795 1.5882045
v -0.0140918875 -0.065786 1.5890607
v -0.013519902 -0.06554809 1.585938
v -0.013209577 -0.0658665 1.5886585
v -0.012367563 -0.066118404 1.5890983
v -0.012351012 -0.066089965 1.5889984
v -0.012381387 -0.0661846 1.5872307
v -0.011627097 -0.06640999 1.5880489
v -0.011136579 -0.06647782 1.5887161
v -0.010046363 -0.066923596 1.5875367
v -0.009732251 -0.06697576 1.5883808
v -0.010450287 -0.0667885 1.5864248
v -0.0072795963 -0.067575894 1.5868762
v -0.007058182 -0.06748823 1.5880237
v -0.0039942074 -0.06780519 1.5877228
v -0.011055493 -0.06608539 1.5848286
v -0.007953997 -0.066539206 1.5837971
v -0.011585502 -0.06483849 1.5832847
v -0.0075267884 -0.0673807 1.5855228
v -0.0040961076 -0.067976594 1.586398
v -1.9073486E-08 -0.068056524 1.5874835
v -0 -0.068215 1.5860587
v -0.0042214105 -0.067858405 1.584788
v -0 -0.0681707 1.584445
v -0.0042439844 -0.06713901 1.583004
v -0 -0.06743329 1.5826344
v -0.0042969035 -0.065561906 1.5813686
v -0 -0.06593801 1.5808585
v -0.008231296 -0.06503239 1.5821486
v -0.0045525073 -0.062928796 1.5778335
v -0 -0.0636818 1.5773103
v 9.536743E-09 -0.061425388 1.5709416
v -0.012811083 -0.062188692 1.580007
v -0.008828163 -0.06237249 1.5787774
v -0.014494305 -0.058876008 1.5756439
v -0.009737191 -0.059296492 1.5733236
v -0.016890896 -0.054467 1.5701141
v -0.0052585984 -0.06017171 1.5716662
v -0.0062149046 -0.057755496 1.5646774
v -0 -0.059192505 1.5633346
v 9.536743E-09 -0.056724403 1.5596377
v -0.011087785 -0.05587059 1.5667512
v -0.006207285 -0.054308303 1.5610596
v -0 -0.052967362 1.5587512
v -0.017562533 -0.048009843 1.5664164
v -0.011299829 -0.051067606 1.5632036
v -0.006354313 -0.05057955 1.560475
v -0 -0.04238233 1.5602221
v -0.01744306 -0.04619136 1.5662276
v -0.011284046 -0.048386056 1.5627906
v -0.006530895 -0.040148564 1.5619702
v -0 -0.028551536 1.5638168
v -0.01374424 -0.037682883 1.5650122
v -0.0060451697 -0.027661761 1.5650747
v 1.9073486E-08 -0.015248198 1.5685724
v -0.012726054 -0.025956936 1.56777
v -0.012173185 -0.01309513 1.5715902
v 9.536743E-09 -0.008028755 1.5708141
v -0.011149535 -0.0061288835 1.573176
v -0.022380918 -0.023013238 1.5724019
v -0.020697001 -0.011081991 1.5751998
v -0.019716624 -0.003013811 1.5770737
v -0.02917119 -0.00732624 1.5817056
v -0.026815448 0.0014600181 1.58358
v -0.02996292 0.00467432 1.5888307
v -0.032823037 0.0078109642 1.5950395
v -0.036950637 0.01118371 1.6027358
v -0.041854218 0.014538039 1.6113067
v -0.049062937 0.018555555 1.6184019
v -0.057048127 0.01650402 1.620621
v -0.06106268 0.025486259 1.626518
v -0.074227124 0.030245647 1.6621835
v -0.07858406 0.017048864 1.664665
v -0.085521795 0.023425674 1.6657414
v -0.08822252 0.02964983 1.6625028
v -0.08966017 0.0344629 1.6565745
v -0.069523126 0.03484085 1.6476933
v -0.08880827 0.036255 1.6483064
v -0.08698877 0.03626112 1.64
v -0.08112503 0.03243293 1.6304737
v -0.064405784 0.029385595 1.6327592
v -0.06106268 0.025486259 1.626518
v -0.057048127 0.01650402 1.620621
v -0.07457411 0.024991311 1.6224732
v -0.0676825 0.018825969 1.6159832
v -0.06341062 0.014371357 1.614508
v -0.053646293 0.007063255 1.6149169
v -0.0606523 0.00804225 1.6206127
v -0.053646293 0.007063255 1.6149169
v -0.06341062 0.014371357 1.614508
v -0.06611115 0.010989646 1.6195953
v -0.06534067 0.010338916 1.6305406
v -0.06876224 0.0146558285 1.6200472
v -0.0676825 0.018825969 1.6159832
v -0.06918856 0.01450655 1.6315784
v -0.06913449 0.011732406 1.6406589
v -0.073038615 0.01851282 1.6244013
v -0.07457411 0.024991311 1.6224732
v -0.07590883 0.020082654 1.635782
v -0.08172706 0.02468668 1.6313411
v -0.08112503 0.03243293 1.6304737
v -0.07985154 0.02349638 1.6401392
v -0.08667217 0.029279795 1.6399102
v -0.08698877 0.03626112 1.64
v -0.08829969 0.029873198 1.6459979
v -0.08880827 0.036255 1.6483064
v -0.08277607 0.024029102 1.6492054
v -0.08925092 0.028628014 1.6533047
v -0.08966017 0.0344629 1.6565745
v -0.08822252 0.02964983 1.6625028
v -0.08913965 0.025483817 1.6592927
v -0.085521795 0.023425674 1.6657414
v -0.080802545 0.020368958 1.6549156
v -0.08676792 0.020790558 1.6623656
v -0.07858406 0.017048864 1.664665
v -0.078622304 0.0154040335 1.6607391
v -0.073272906 0.013861971 1.6584865
v -0.07190077 0.012759657 1.6536229
v -0.07563649 0.015867949 1.6551422
v -0.06652842 -0.034128804 1.6533123
v -0.057785254 -0.04294123 1.6591411
v -0.06448185 -0.035321925 1.6471958
v -0.057275515 -0.040605612 1.6469357
v -0.062316574 -0.03717109 1.6429648
v -0.060776968 -0.039067753 1.6396406
v -0.056651067 -0.041889742 1.6358751
v -0.052475423 -0.044267062 1.6331904
v -0.05062354 -0.04445598 1.6458567
v -0.0524683 -0.048967328 1.6603037
v -0.0450918 -0.047202714 1.631002
v -0.044054173 -0.052721623 1.6614023
v -0.04285825 -0.04760771 1.644634
v -0.034602392 -0.050308067 1.6298125
v -0.03614841 -0.054680318 1.659964
v -0.035409912 -0.05012329 1.6429385
v -0.027791237 -0.051863007 1.6301785
v -0.028370056 -0.055700283 1.6567601
v -0.028490504 -0.052412614 1.6410568
v -0.021026826 -0.052780733 1.6324561
v -0.021940827 -0.05584875 1.6531156
v -0.021498036 -0.053367987 1.6390263
v -0.014303165 -0.054804936 1.6364741
v -0.017373977 -0.056040533 1.6468807
v -0.015485534 -0.055749815 1.6419988
v -0.019899005 -0.06358 1.6423833
v -0.022533182 -0.064288326 1.6473564
v -0.021987515 -0.06404169 1.6483495
v -0.024871591 -0.064813726 1.6531453
v -0.025470896 -0.06494416 1.6510721
v -0.029108943 -0.06479063 1.6544464
v -0.029275002 -0.065086536 1.6570767
v -0.03312983 -0.06459159 1.65729
v -0.0330946 -0.06428618 1.6594543
v -0.038123384 -0.06393146 1.6591041
v -0.037920717 -0.06309251 1.6624982
v -0.04418113 -0.062269192 1.6600634
v -0.03312753 -0.06396813 1.6609302
v -0.04385613 -0.06083515 1.6631389
v -0.028777217 -0.06484333 1.6589369
v -0.028980378 -0.06544563 1.657923
v -0.023522863 -0.06564489 1.6557893
v -0.05156319 -0.058493003 1.6591642
v -0.05124774 -0.056563623 1.6623584
v -0.058404192 -0.05285018 1.6571326
v -0.058323715 -0.050946243 1.660135
v -0.06474966 -0.047407586 1.655126
v -0.06383333 -0.04624214 1.6581514
v -0.068781756 -0.042024326 1.6559863
v -0.069256626 -0.043181393 1.6540475
v -0.07619745 -0.03569403 1.6528517
v -0.05900763 -0.044935558 1.6426716
v -0.056458883 -0.047021065 1.6380005
v -0.060705297 -0.043188747 1.6418736
v -0.060189266 -0.044419754 1.6455833
v -0.06336161 -0.041545484 1.645831
v -0.06109945 -0.044401545 1.6489671
v -0.06630565 -0.04120265 1.6513705
v -0.026565274 -0.05892761 1.6375914
v -0.029112807 -0.058041524 1.635429
v -0.014303165 -0.054804936 1.6364741
v -0.021026826 -0.052780733 1.6324561
v -0.032615915 -0.056795835 1.63371
v -0.027791237 -0.051863007 1.6301785
v -0.034602392 -0.050308067 1.6298125
v -0.03692788 -0.05548212 1.6331341
v -0.043496225 -0.05347 1.6330283
v -0.0450918 -0.047202714 1.631002
v -0.04851677 -0.05179314 1.633578
v -0.052523926 -0.049772356 1.6346279
v -0.052475423 -0.044267062 1.6331904
v -0.05566429 -0.047639947 1.6368357
v -0.056651067 -0.041889742 1.6358751
v -0.060776968 -0.039067753 1.6396406
v -0.056458883 -0.047021065 1.6380005
v -0.05900763 -0.044935558 1.6426716
v -0.062316574 -0.03717109 1.6429648
v -0.060189266 -0.044419754 1.6455833
v -0.06448185 -0.035321925 1.6471958
v -0.06652842 -0.034128804 1.6533123
v -0.06109945 -0.044401545 1.6489671
v -0.021940827 -0.05584875 1.6531156
v -0.025483979 -0.062287815 1.6499271
v -0.017373977 -0.056040533 1.6468807
v -0.028767833 -0.06225544 1.6524806
v -0.028370056 -0.055700283 1.6567601
v -0.03265383 -0.06225286 1.6544737
v -0.03614841 -0.054680318 1.659964
v -0.037947517 -0.06189924 1.655989
v -0.04412598 -0.060617127 1.6570904
v -0.044054173 -0.052721623 1.6614023
v -0.05128605 -0.056727972 1.6561574
v -0.0524683 -0.048967328 1.6603037
v -0.05773978 -0.05012683 1.654056
v -0.057785254 -0.04294123 1.6591411
v -0.060160454 -0.046965178 1.6528485
v -0.06652842 -0.034128804 1.6533123
v -0.06124297 -0.04514728 1.651672
v -0.025248451 -0.0597397 1.640071
v -0.017373977 -0.056040533 1.6468807
v -0.024614533 -0.061060317 1.6450965
v -0.015485534 -0.055749815 1.6419988
v -0.014303165 -0.054804936 1.6364741
v -0.06630565 -0.04120265 1.6513705
v -0.07619745 -0.03569403 1.6528517
v -0.069256626 -0.043181393 1.6540475
v -0.06124297 -0.04514728 1.651672
v -0.06474966 -0.047407586 1.655126
v -0.060160454 -0.046965178 1.6528485
v -0.05773978 -0.05012683 1.654056
v -0.058404192 -0.05285018 1.6571326
v -0.05128605 -0.056727972 1.6561574
v -0.05156319 -0.058493003 1.6591642
v -0.04412598 -0.060617127 1.6570904
v -0.04418113 -0.062269192 1.6600634
v -0.037947517 -0.06189924 1.655989
v -0.038123384 -0.06393146 1.6591041
v -0.03312983 -0.06459159 1.65729
v -0.03265383 -0.06225286 1.6544737
v -0.029108943 -0.06479063 1.6544464
v -0.028767833 -0.06225544 1.6524806
v -0.025470896 -0.06494416 1.6510721
v -0.025483979 -0.062287815 1.6499271
v -0.022533182 -0.064288326 1.6473564
v -0.023001393 -0.06293391 1.6466343
v -0.019899005 -0.06358 1.6423833
v -0.023522863 -0.06564489 1.6557893
v -0.029275002 -0.065086536 1.6570767
v -0.028980378 -0.06544563 1.657923
v -0.0330946 -0.06428618 1.6594543
v -0.03692788 -0.05548212 1.6331341
v -0.0435925 -0.054093994 1.6315904
v -0.043496225 -0.05347 1.6330283
v -0.048947103 -0.052577052 1.6317793
v -0.04851677 -0.05179314 1.633578
v -0.05321426 -0.049884625 1.633115
v -0.052523926 -0.049772356 1.6346279
v -0.05566429 -0.047639947 1.6368357
v -0.025483979 -0.062287815 1.6499271
v -0.023001393 -0.06293391 1.6466343
v -0.024614533 -0.061060317 1.6450965
v -0.019899005 -0.06358 1.6423833
v -0.06630565 -0.04120265 1.6513705
v -0.06336161 -0.041545484 1.645831
v -0.065441914 -0.03905411 1.646012
v -0.07023612 -0.03294321 1.6510423
v 0.0747755 -0.036094356 1.650453
v 0.06317088 -0.043106917 1.6473172
v 0.064670704 -0.0429642 1.6510764
v 0.061156902 -0.042786073 1.6508595
v 0.05980642 -0.042813096 1.645859
v 0.049532976 -0.05043865 1.6341689
v 0.052415356 -0.04927208 1.6350338
v 0.053732824 -0.050112996 1.6341554
v 0.051149677 -0.051701687 1.633265
v 0.057384852 -0.052112482 1.6296635
v 0.06598525 -0.046014417 1.6604904
v 0.058535356 -0.05248901 1.662398
v 0.05862988 -0.053065013 1.6638898
v 0.051411323 -0.057702854 1.6639053
v 0.051450834 -0.058416575 1.6661084
v 0.04374953 -0.06260341 1.6647412
v 0.043704297 -0.06374194 1.6671327
v 0.037783556 -0.06563203 1.6644753
v 0.037724826 -0.06694042 1.666904
v 0.032808807 -0.067312546 1.6632949
v 0.032613132 -0.068643264 1.6657982
v 0.028520001 -0.06816857 1.661951
v 0.028255519 -0.06896889 1.6639546
v 0.021327686 -0.06835482 1.6595702
v 0.0767935 0.025463104 1.6735606
v 0.0742271 0.030245647 1.6621835
v 0.07327288 0.013861971 1.6584865
v 0.08150058 0.003605833 1.6839736
v 0.08154356 0.018101176 1.6946706
v 0.078930564 -0.009293937 1.7078279
v 0.08056793 0.0055377674 1.7221506
v 0.069635205 -0.030547332 1.7283682
v 0.06943981 -0.008709431 1.7469897
v 0.054797772 -0.019885607 1.7633413
v 0.055009887 -0.046518892 1.7410874
v 0.029181994 -0.030241316 1.7744932
v 0.029377202 -0.057730205 1.7493081
v -9.536743E-09 -0.034833517 1.7779646
v -1.9073486E-08 -0.06189762 1.7509047
v -0 -0.077703305 1.7206571
v 0.07764381 -0.0042387103 1.6734676
v 0.08129532 -0.0063130283 1.6901861
v 0.07748335 -0.02170825 1.69833
v 0.073618524 -0.0028720188 1.6574728
v 0.071900785 0.012759657 1.6536229
v 0.0765398 -0.020108504 1.6800084
v 0.074342094 -0.018616065 1.6626619
v 0.06946225 -0.0032175826 1.642426
v 0.0691345 0.011732406 1.6406589
v 0.06534069 0.010338916 1.6305406
v 0.06957131 -0.018308759 1.6440787
v 0.064911515 -0.0043276693 1.6290568
v 0.060652312 0.00804225 1.6206105
v 0.06744347 -0.018735427 1.6375096
v 0.06114453 -0.0052569294 1.6180279
v 0.053646307 0.007063255 1.6149145
v 0.06476312 -0.019330343 1.6288352
v 0.0683603 -0.03291844 1.6467743
v 0.07023611 -0.032943215 1.6521086
v 0.066310726 -0.033444937 1.6393743
v 0.06544195 -0.039054107 1.6473603
v 0.06385782 -0.040015202 1.6405162
v 0.06336162 -0.04154549 1.6471848
v 0.060705297 -0.043188747 1.6431661
v 0.06350141 -0.03400711 1.6293058
v 0.061296023 -0.020261679 1.6177908
v 0.055851143 -0.0069578644 1.6075693
v 0.059697255 -0.044652835 1.6401031
v 0.056458883 -0.047021065 1.6390643
v 0.057777833 -0.046810344 1.6353171
v 0.055664327 -0.04763994 1.6378407
v 0.059941597 -0.045535803 1.629679
v 0.054978903 -0.049305294 1.6326
v 0.053214263 -0.049884625 1.6339052
v 0.060453825 -0.0345551 1.6178746
v 0.050130412 -0.053794906 1.6283243
v 0.056682214 -0.046014503 1.6182632
v 0.049591083 -0.053136256 1.6307234
v 0.048947085 -0.052577052 1.6323541
v 0.0435925 -0.054093998 1.6320084
v 0.043485526 -0.056091312 1.6304611
v 0.038787298 -0.059634004 1.6282231
v 0.03692788 -0.05548212 1.6334028
v 0.05715618 -0.021469636 1.6070312
v 0.056988247 -0.035288714 1.6074069
v 0.05356511 -0.046887096 1.6083177
v 0.037838764 -0.058242414 1.6310498
v 0.032972097 -0.059262197 1.6323466
v 0.03261592 -0.056795835 1.6338785
v 0.053413313 -0.036023643 1.5998819
v 0.0500652 -0.047492884 1.6014603
v 0.053506956 -0.023007888 1.5990849
v 0.030090464 -0.0622538 1.6290493
v 0.037807208 -0.062337596 1.620369
v 0.02842636 -0.060403604 1.6333597
v 0.029112816 -0.058041528 1.6355325
v 0.028940992 -0.0655813 1.6218714
v 0.03599659 -0.0637221 1.612574
v 0.024864988 -0.061529595 1.6347216
v 0.026565256 -0.058927607 1.6376585
v 0.02251522 -0.0641772 1.6308078
v 0.021604737 -0.062584795 1.6367185
v 0.025248442 -0.059739698 1.6401198
v 0.027383823 -0.067978 1.6147243
v 0.033887118 -0.0642414 1.6069711
v 0.021002473 -0.0680015 1.6232998
v 0.016099023 -0.0660797 1.6331195
v 0.017908879 -0.06374599 1.6385231
v 0.019898996 -0.06358 1.642387
v 0.024614505 -0.061060317 1.6451304
v 0.019685116 -0.071072794 1.6166085
v 0.025893897 -0.069268905 1.6093527
v 0.014938259 -0.07033699 1.6247171
v 0.012864437 -0.06819309 1.6439031
v 0.01800288 -0.065541506 1.6443964
v 0.020185165 -0.067043416 1.6518302
v 0.021987505 -0.06404169 1.6483566
v 0.024871558 -0.064813726 1.6531539
v 0.010770397 -0.06872199 1.6356823
v 0.0147748655 -0.07127779 1.6575238
v 0.023522845 -0.06564489 1.6557928
v 0.029274996 -0.06508653 1.6570897
v 0.021327686 -0.06835482 1.6595702
v 0.028520001 -0.06816857 1.661951
v 0.028777227 -0.06484333 1.6589503
v 0.03312751 -0.06396813 1.6609606
v 0.032808807 -0.067312546 1.6632949
v 0.037783556 -0.06563203 1.6644753
v 0.037920713 -0.06309251 1.6625549
v 0.04374953 -0.06260341 1.6647412
v 0.043856125 -0.06083514 1.6632763
v 0.051411323 -0.057702854 1.6639053
v 0.05124773 -0.056563623 1.6627182
v 0.058535356 -0.05248901 1.662398
v 0.058323707 -0.050946243 1.6608615
v 0.06383331 -0.04624214 1.6591842
v 0.06598525 -0.046014417 1.6604904
v 0.068781756 -0.042024326 1.6571931
v 0.071881846 -0.033740625 1.6600045
v 0.06630565 -0.041202646 1.6526841
v 0.07446667 -0.026379045 1.6662163
v 0.07342424 -0.034699317 1.669735
v 0.07014015 -0.042579636 1.6704744
v 0.064910315 -0.050863095 1.6712782
v 0.05862988 -0.053065013 1.6638898
v 0.05870366 -0.057209138 1.6724325
v 0.051450834 -0.058416575 1.6661084
v 0.051146753 -0.06281723 1.6735585
v 0.04362719 -0.06447647 1.6683905
v 0.043704297 -0.06374194 1.6671327
v 0.04328147 -0.06750543 1.67403
v 0.037724826 -0.06694042 1.666904
v 0.037285507 -0.06811152 1.6689336
v 0.037285507 -0.06811152 1.6689336
v 0.036059625 -0.07061008 1.6732775
v 0.032613132 -0.068643264 1.6657982
v 0.031590212 -0.070109345 1.6686555
v 0.031590212 -0.070109345 1.6686555
v 0.029749297 -0.07217963 1.6719182
v 0.025946135 -0.07164836 1.6672293
v 0.02363675 -0.07432783 1.6705039
v 0.028255519 -0.06896889 1.6639546
v 0.025946135 -0.07164836 1.6672293
v 0.022482218 -0.07134133 1.6645608
v 0.02363675 -0.07432783 1.6705039
v 0.015829295 -0.074536696 1.6632377
v 0.016746378 -0.0769476 1.6712736
v 0.028561382 -0.0776459 1.6813768
v 0.02917306 -0.07425528 1.675973
v 0.035727758 -0.07231697 1.6775105
v 0.04186838 -0.0714174 1.6823732
v 0.042831812 -0.06930512 1.6780674
v 0.049743604 -0.0663343 1.6823802
v 0.05084118 -0.064144306 1.6774112
v 0.058271684 -0.0596414 1.6809694
v 0.058477324 -0.058087807 1.6760457
v 0.064527996 -0.05345149 1.6787927
v 0.06459711 -0.051913697 1.6740649
v 0.05812211 -0.0608976 1.6936636
v 0.044575613 -0.0710802 1.6951411
v 0.0688819 -0.045894098 1.6751622
v 0.067668505 -0.048206896 1.6901922
v 0.074300535 -0.036114946 1.6862831
v 0.073361814 -0.034551244 1.7049212
v 0.065735236 -0.045576707 1.7099452
v 0.05721112 -0.057554696 1.7144246
v 0.044747114 -0.0674768 1.7171016
v 0.02893524 -0.0780249 1.696263
v 0.029385729 -0.07367999 1.719276
v 0.013221417 -0.08103981 1.6967081
v 9.536743E-09 -0.08288629 1.6971824
v -9.536743E-09 -0.08294249 1.680187
v 0.013453216 -0.0808739 1.6804957
v 0.007712488 -0.0793794 1.6705889
v -9.536743E-09 -0.0808594 1.6704435
v -9.536743E-09 -0.0771244 1.6574454
v 0.007445583 -0.0751006 1.658129
v 0.0064312266 -0.0720341 1.645896
v -1.9073486E-08 -0.07449089 1.6458349
v -9.536743E-09 -0.0736794 1.6378564
v 0.0053413487 -0.071536 1.6372334
v 0.0044940948 -0.0758914 1.628882
v -0 -0.0774176 1.6298181
v 0.009288673 -0.072693996 1.6268638
v 0.0035403061 -0.082318 1.6212684
v -0 -0.0841525 1.6219325
v 0.014497575 -0.07327519 1.618078
v 0.008400688 -0.0771657 1.6201733
v 0.002670288 -0.0899758 1.615436
v -0 -0.0926945 1.6153827
v -9.536743E-09 -0.0921679 1.6121019
v 0.018522196 -0.07313649 1.6112548
v 0.008019695 -0.0808241 1.6156532
v 0.0028034972 -0.0895205 1.6122198
v -9.536743E-09 -0.0867292 1.6081448
v 0.013610658 -0.07579699 1.6125898
v 0.003748684 -0.08529951 1.6086224
v -0 -0.0817222 1.6047164
v 0.0058417986 -0.083601505 1.6118104
v 0.008272409 -0.0799781 1.6103448
v 0.004175787 -0.080533504 1.6053315
v -9.536743E-09 -0.077483006 1.6014271
v 0.008199577 -0.078964405 1.6069402
v 0.003927698 -0.07691741 1.6014172
v 9.536743E-09 -0.076159 1.5979439
v 0.012446766 -0.076165505 1.6057124
v 0.0074701975 -0.075782195 1.601125
v 0.0035693836 -0.0756591 1.5978159
v 0.0032245826 -0.07527309 1.5951322
v -0 -0.075939596 1.5951031
v 0.0030714893 -0.075094 1.5936607
v -0 -0.0756892 1.5936384
v 0.0028757285 -0.074478894 1.5917625
v -0 -0.0749355 1.5916151
v 0.0025815964 -0.0729357 1.5898767
v -0 -0.07319719 1.5897926
v 0.00218688 -0.07123811 1.588313
v -2.8610229E-08 -0.07161483 1.5882317
v 0.004352188 -0.07068481 1.5884203
v 0.00501111 -0.0723462 1.5900177
v 0.005601492 -0.073962204 1.5918978
v 0.0060963915 -0.074442804 1.5937098
v 0.006416988 -0.074589595 1.5951251
v 0.007334499 -0.07095709 1.5898967
v 0.006577625 -0.06967006 1.5885887
v 0.008054724 -0.072234 1.5912908
v 0.008799591 -0.07278821 1.5928756
v 0.009752474 -0.0695149 1.5897361
v 0.009014024 -0.06828561 1.588807
v 0.010380669 -0.0675403 1.5889051
v 0.01039032 -0.07048051 1.5907321
v 0.011921472 -0.0677997 1.5895747
v 0.011492844 -0.06683193 1.5889994
v 0.013221893 -0.066609494 1.5893601
v 0.011165113 -0.070947506 1.592021
v 0.012959003 -0.068187594 1.5899823
v 0.0092901895 -0.0730337 1.5941724
v 0.01181098 -0.07121941 1.5932096
v 0.01425951 -0.06843229 1.5907218
v 0.01437129 -0.0665456 1.5895567
v 0.010243511 -0.0733653 1.5968034
v 0.013296108 -0.0717894 1.5956764
v 0.015387506 -0.068438 1.5915164
v 0.016009893 -0.0665375 1.5898699
v 0.0069889924 -0.0749475 1.5976228
v 0.011283626 -0.0744488 1.6003904
v 0.015012607 -0.0727178 1.5993057
v 0.016692504 -0.07340429 1.604695
v 0.023531226 -0.0697132 1.6027435
v 0.018014774 -0.068605706 1.5935552
v 0.030556908 -0.064590305 1.6000905
v 0.020566292 -0.06908699 1.5971344
v 0.017715024 -0.066379994 1.5902746
v 0.026227398 -0.064572096 1.5944301
v 0.021710042 -0.06575111 1.5916429
v 0.038356017 -0.057154894 1.5967723
v 0.042571355 -0.056641005 1.6041179
v 0.033206187 -0.057676315 1.5906198
v 0.02575591 -0.062415008 1.5891464
v 0.020442724 -0.064507395 1.5888742
v 0.017485008 -0.0652178 1.588911
v 0.044819012 -0.048281007 1.5938249
v 0.03880172 -0.049820393 1.5863783
v 0.04773386 -0.037152704 1.591425
v 0.015315227 -0.0656258 1.588996
v 0.014091892 -0.065786 1.5890607
v 0.0123676015 -0.06611842 1.5890985
v 0.011492844 -0.06683193 1.5889994
v 0.040742014 -0.039244007 1.5837191
v 0.04742854 -0.025025405 1.5907987
v 0.039223794 -0.027882714 1.583142
v 0.015908917 -0.065227695 1.5875753
v 0.014275198 -0.0656795 1.5882046
v 0.014091892 -0.065786 1.5890607
v 0.017592583 -0.0645202 1.5868748
v 0.0132096 -0.0658665 1.5886585
v 0.0123676015 -0.06611842 1.5890985
v 0.012351007 -0.066089965 1.5889984
v 0.011627092 -0.06640999 1.5880489
v 0.01113656 -0.06647783 1.5887161
v 0.012381401 -0.06618461 1.5872307
v 0.013519917 -0.06554809 1.585938
v 0.010046377 -0.066923596 1.5875367
v 0.009732265 -0.06697576 1.5883807
v 0.010450305 -0.0667885 1.5864248
v 0.0072796056 -0.067575894 1.5868762
v 0.00705821 -0.06748822 1.5880237
v 0.0039942265 -0.06780519 1.5877228
v 0.004096117 -0.067976594 1.586398
v -1.9073486E-08 -0.068056524 1.5874835
v -0 -0.068215 1.5860587
v 0.0075268075 -0.0673807 1.5855228
v 0.007954006 -0.0665392 1.5837971
v 0.011055497 -0.06608539 1.5848286
v 0.0042214296 -0.067858405 1.584788
v -0 -0.0681707 1.584445
v 0.004244003 -0.06713901 1.583004
v -0 -0.06743329 1.5826344
v 0.0042969226 -0.065561906 1.5813686
v -0 -0.06593801 1.5808585
v 0.0115855215 -0.0648385 1.5832849
v 0.0045525073 -0.062928796 1.5778335
v -0 -0.0636818 1.5773103
v 9.536743E-09 -0.061425388 1.5709416
v 0.0082313055 -0.06503239 1.5821486
v 0.014586019 -0.064535685 1.5848213
v 0.008828182 -0.0623725 1.5787773
v 0.012811108 -0.062188696 1.580007
v 0.016960612 -0.062202003 1.582004
v 0.014494295 -0.058876008 1.5756435
v 0.009737215 -0.059296492 1.5733229
v 0.0052586175 -0.06017171 1.5716658
v 0.021495398 -0.0622688 1.5852123
v 0.019598704 -0.058625687 1.5786718
v 0.025251597 -0.05826661 1.5833867
v 0.0062149046 -0.057755504 1.5646766
v -0 -0.059192505 1.5633346
v 9.536743E-09 -0.056724403 1.5596377
v 0.0110877985 -0.05587059 1.5667498
v 0.016890887 -0.05446699 1.5701138
v 0.006207275 -0.05430831 1.5610589
v -0 -0.052967362 1.5587512
v 0.030787496 -0.051237497 1.5796299
v 0.023010321 -0.052867994 1.5740223
v 0.011299849 -0.051067606 1.563202
v 0.0063543413 -0.05057955 1.5604744
v -0 -0.04238233 1.5602221
v 0.032816723 -0.04213883 1.5770494
v 0.024201335 -0.045296334 1.5705609
v 0.023491325 -0.034285 1.5703195
v 0.017562551 -0.048009843 1.5664161
v 0.032006014 -0.031150904 1.5768858
v 0.030248728 -0.019611072 1.5783169
v 0.0065309047 -0.040148556 1.5619688
v -0 -0.028551536 1.5638168
v 0.011284046 -0.048386056 1.5627888
v 0.017443046 -0.04619136 1.5662272
v 0.013744249 -0.03768288 1.5650102
v 0.0060451888 -0.027661752 1.5650735
v 1.9073486E-08 -0.015248198 1.5685724
v 0.0127260685 -0.025956936 1.5677689
v 0.012173185 -0.013095121 1.5715902
v 9.536743E-09 -0.008028755 1.5708141
v 0.01114954 -0.0061288737 1.5731763
v 0.022380924 -0.023013238 1.5724031
v 0.02069701 -0.011081991 1.5751997
v 0.019716633 -0.0030138206 1.5770735
v 0.029171199 -0.00732625 1.5817057
v 0.026815461 0.0014600181 1.5835801
v 0.03435917 -0.0042299842 1.5873476
v 0.02996291 0.00467432 1.588831
v 0.037025385 -0.015882416 1.5843858
v 0.044143036 -0.012210988 1.5914999
v 0.038708266 -0.0013285828 1.5931259
v 0.032823056 0.007810974 1.5950396
v 0.050239246 -0.0092661 1.5995957
v 0.04435008 0.0021002674 1.601015
v 0.036950655 0.0111837005 1.6027358
v 0.049667835 0.0051699923 1.6089011
v 0.041854236 0.014538039 1.6113067
v 0.04906292 0.018555546 1.6184019
v 0.057048127 0.01650402 1.620621
v 0.06106266 0.02548624 1.626518
v 0.0742271 0.030245647 1.6621835
v 0.085521795 0.023425674 1.6657414
v 0.07858406 0.017048854 1.664665
v 0.08822254 0.029649839 1.6625028
v 0.089660145 0.0344629 1.6565745
v 0.06952314 0.03484087 1.6476933
v 0.088808246 0.036254987 1.6483064
v 0.08698877 0.03626113 1.64
v 0.08112503 0.032432936 1.6304737
v 0.06440578 0.029385585 1.6327592
v 0.06106266 0.02548624 1.626518
v 0.057048127 0.01650402 1.620621
v 0.074574105 0.024991293 1.6224732
v 0.067682505 0.018825969 1.6159832
v 0.06341062 0.014371357 1.614508
v 0.053646307 0.007063255 1.6149145
v 0.060652312 0.00804225 1.6206105
v 0.06341062 0.014371357 1.614508
v 0.053646307 0.007063255 1.6149145
v 0.06611112 0.010989646 1.6195953
v 0.06534069 0.010338916 1.6305406
v 0.06876224 0.0146558285 1.6200472
v 0.067682505 0.018825969 1.6159832
v 0.06918854 0.01450654 1.6315784
v 0.0691345 0.011732406 1.6406589
v 0.073038615 0.01851283 1.6244013
v 0.074574105 0.024991293 1.6224732
v 0.07590883 0.020082654 1.635782
v 0.08172703 0.02468668 1.6313411
v 0.08112503 0.032432936 1.6304737
v 0.07985155 0.02349639 1.6401392
v 0.08667217 0.029279795 1.6399102
v 0.08698877 0.03626113 1.64
v 0.08829967 0.02987321 1.6459979
v 0.088808246 0.036254987 1.6483064
v 0.082776085 0.024029102 1.6492054
v 0.08925091 0.028628014 1.6533047
v 0.089660145 0.0344629 1.6565745
v 0.08822254 0.029649839 1.6625028
v 0.08913965 0.025483817 1.6592927
v 0.085521795 0.023425674 1.6657414
v 0.08080254 0.020368967 1.6549156
v 0.08676792 0.020790558 1.6623656
v 0.07858406 0.017048854 1.664665
v 0.07862232 0.015404024 1.6607391
v 0.07327288 0.013861971 1.6584865
v 0.071900785 0.012759657 1.6536229
v 0.07563646 0.015867958 1.6551422
v 0.0665284 -0.034128807 1.6543956
v 0.06448187 -0.035321925 1.6484061
v 0.05778526 -0.04294122 1.6601664
v 0.057275515 -0.040605612 1.6482185
v 0.062316578 -0.037171092 1.6442311
v 0.060776968 -0.039067745 1.6409016
v 0.056651067 -0.041889742 1.6370234
v 0.05247541 -0.044267062 1.634171
v 0.05062353 -0.044455986 1.6469773
v 0.05246829 -0.04896733 1.6610589
v 0.0450918 -0.04720271 1.6316872
v 0.044054173 -0.052721635 1.6618487
v 0.042858236 -0.04760771 1.6454207
v 0.034602385 -0.050308067 1.6301293
v 0.036148403 -0.054680318 1.6602224
v 0.03540991 -0.05012329 1.6433893
v 0.027791232 -0.05186301 1.6303242
v 0.028370056 -0.055700283 1.6568837
v 0.028490476 -0.052412618 1.6412535
v 0.021026831 -0.052780733 1.6324902
v 0.021940831 -0.05584875 1.6531546
v 0.02149802 -0.053367987 1.639071
v 0.01430315 -0.054804936 1.6364528
v 0.017373972 -0.056040525 1.6468767
v 0.015485515 -0.055749815 1.641983
v 0.019898996 -0.06358 1.642387
v 0.021987505 -0.06404169 1.6483566
v 0.022533169 -0.064288326 1.6473637
v 0.024871558 -0.064813726 1.6531539
v 0.025470886 -0.06494416 1.6510816
v 0.029108925 -0.06479063 1.6544627
v 0.029274996 -0.06508653 1.6570897
v 0.033129808 -0.06459159 1.6573154
v 0.03309456 -0.06428618 1.6594819
v 0.038123406 -0.06393146 1.659151
v 0.037920713 -0.06309251 1.6625549
v 0.044181127 -0.062269185 1.6601723
v 0.03312751 -0.06396813 1.6609606
v 0.043856125 -0.06083514 1.6632763
v 0.028777227 -0.06484333 1.6589503
v 0.028980369 -0.06544563 1.6579324
v 0.023522845 -0.06564489 1.6557928
v 0.051563196 -0.05849301 1.6594723
v 0.05124773 -0.056563623 1.6627182
v 0.058404207 -0.05285017 1.6578221
v 0.058323707 -0.050946243 1.6608615
v 0.06474968 -0.047407582 1.6561875
v 0.06383331 -0.04624214 1.6591842
v 0.068781756 -0.042024326 1.6571931
v 0.069256596 -0.043181393 1.6552922
v 0.07619745 -0.035694037 1.6541528
v 0.059007645 -0.044935558 1.6439078
v 0.060705297 -0.043188747 1.6431661
v 0.056458883 -0.047021065 1.6390643
v 0.060189255 -0.044419754 1.6468579
v 0.06336162 -0.04154549 1.6471848
v 0.061099414 -0.044401545 1.6502289
v 0.06630565 -0.041202646 1.6526841
v 0.026565256 -0.058927607 1.6376585
v 0.01430315 -0.054804936 1.6364528
v 0.029112816 -0.058041528 1.6355325
v 0.021026831 -0.052780733 1.6324902
v 0.03261592 -0.056795835 1.6338785
v 0.027791232 -0.05186301 1.6303242
v 0.034602385 -0.050308067 1.6301293
v 0.03692788 -0.05548212 1.6334028
v 0.043496244 -0.05347 1.6334896
v 0.0450918 -0.04720271 1.6316872
v 0.048516776 -0.05179314 1.6342158
v 0.052523937 -0.049772363 1.6354479
v 0.05247541 -0.044267062 1.634171
v 0.055664327 -0.04763994 1.6378407
v 0.056651067 -0.041889742 1.6370234
v 0.060776968 -0.039067745 1.6409016
v 0.056458883 -0.047021065 1.6390643
v 0.059007645 -0.044935558 1.6439078
v 0.062316578 -0.037171092 1.6442311
v 0.060189255 -0.044419754 1.6468579
v 0.06448187 -0.035321925 1.6484061
v 0.0665284 -0.034128807 1.6543956
v 0.061099414 -0.044401545 1.6502289
v 0.021940831 -0.05584875 1.6531546
v 0.017373972 -0.056040525 1.6468767
v 0.025483979 -0.062287815 1.6499554
v 0.028767815 -0.06225544 1.6525248
v 0.028370056 -0.055700283 1.6568837
v 0.032653857 -0.062252853 1.6545372
v 0.036148403 -0.054680318 1.6602224
v 0.03794755 -0.061899245 1.6560888
v 0.044125974 -0.06061713 1.6572686
v 0.044054173 -0.052721635 1.6618487
v 0.05128605 -0.05672798 1.6565858
v 0.05246829 -0.04896733 1.6610589
v 0.05773978 -0.050126825 1.654951
v 0.05778526 -0.04294122 1.6601664
v 0.060160466 -0.046965178 1.6539459
v 0.0665284 -0.034128807 1.6543956
v 0.06124297 -0.04514728 1.6528715
v 0.025248442 -0.059739698 1.6401198
v 0.024614505 -0.061060317 1.6451304
v 0.017373972 -0.056040525 1.6468767
v 0.015485515 -0.055749815 1.641983
v 0.01430315 -0.054804936 1.6364528
v 0.06630565 -0.041202646 1.6526841
v 0.069256596 -0.043181393 1.6552922
v 0.07619745 -0.035694037 1.6541528
v 0.06124297 -0.04514728 1.6528715
v 0.06474968 -0.047407582 1.6561875
v 0.060160466 -0.046965178 1.6539459
v 0.05773978 -0.050126825 1.654951
v 0.058404207 -0.05285017 1.6578221
v 0.05128605 -0.05672798 1.6565858
v 0.051563196 -0.05849301 1.6594723
v 0.044125974 -0.06061713 1.6572686
v 0.044181127 -0.062269185 1.6601723
v 0.03794755 -0.061899245 1.6560888
v 0.038123406 -0.06393146 1.659151
v 0.033129808 -0.06459159 1.6573154
v 0.032653857 -0.062252853 1.6545372
v 0.029108925 -0.06479063 1.6544627
v 0.028767815 -0.06225544 1.6525248
v 0.025470886 -0.06494416 1.6510816
v 0.025483979 -0.062287815 1.6499554
v 0.022533169 -0.064288326 1.6473637
v 0.023001375 -0.06293391 1.6466485
v 0.019898996 -0.06358 1.642387
v 0.023522845 -0.06564489 1.6557928
v 0.028980369 -0.06544563 1.6579324
v 0.029274996 -0.06508653 1.6570897
v 0.03309456 -0.06428618 1.6594819
v 0.03692788 -0.05548212 1.6334028
v 0.043496244 -0.05347 1.6334896
v 0.0435925 -0.054093998 1.6320084
v 0.048947085 -0.052577052 1.6323541
v 0.048516776 -0.05179314 1.6342158
v 0.053214263 -0.049884625 1.6339052
v 0.052523937 -0.049772363 1.6354479
v 0.055664327 -0.04763994 1.6378407
v 0.050130412 -0.053794906 1.6283243
v 0.059941597 -0.045535803 1.629679
v 0.056682214 -0.046014503 1.6182632
v 0.04837977 -0.05512429 1.6190616
v 0.038787298 -0.059634004 1.6282231
v 0.05356511 -0.046887096 1.6083177
v 0.037807208 -0.062337596 1.620369
v 0.045448806 -0.056207187 1.6102858
v 0.0500652 -0.047492884 1.6014603
v 0.03599659 -0.0637221 1.612574
v 0.042571355 -0.056641005 1.6041179
v 0.033887118 -0.0642414 1.6069711
v 0.025483979 -0.062287815 1.6499554
v 0.024614505 -0.061060317 1.6451304
v 0.023001375 -0.06293391 1.6466485
v 0.019898996 -0.06358 1.642387
v 0.06630565 -0.041202646 1.6526841
v 0.06544195 -0.039054107 1.6473603
v 0.06336162 -0.04154549 1.6471848
v 0.07023611 -0.032943215 1.6521086
v 0.02363675 -0.07432783 1.6705039
v 0.02917306 -0.07425528 1.675973
v 0.029410925 -0.07362047 1.6740088
v 0.029749297 -0.07217963 1.6719182
v 0.03588106 -0.07187829 1.6754595
v 0.035727758 -0.07231697 1.6775105
v 0.036059625 -0.07061008 1.6732775
v 0.042831812 -0.06930512 1.6780674
v 0.043051757 -0.068862766 1.6761178
v 0.04328147 -0.06750543 1.67403
v 0.05084118 -0.064144306 1.6774112
v 0.051014442 -0.06380933 1.6755157
v 0.051146753 -0.06281723 1.6735585
v 0.058477324 -0.058087807 1.6760457
v 0.058561914 -0.05788756 1.6743121
v 0.05870366 -0.057209138 1.6724325
v 0.06459711 -0.051913697 1.6740649
v 0.06472179 -0.051833775 1.6726986
v 0.064910315 -0.050863095 1.6712782
v 0.07014015 -0.042579636 1.6704744
v -0.04283182 -0.06930512 1.6780772
v -0.035727754 -0.07231697 1.6775241
v -0.035881076 -0.07187829 1.6754752
v -0.02917306 -0.07425528 1.6759837
v -0.04305176 -0.068862766 1.6761278
v -0.05084116 -0.064144306 1.6773874
v -0.029410915 -0.07362047 1.6740212
v -0.02363675 -0.07432783 1.6705106
v -0.029749317 -0.07217964 1.6719308
v -0.036059633 -0.07061008 1.6732926
v -0.04328144 -0.06750543 1.6740338
v -0.051014442 -0.06380933 1.6754826
v -0.058477316 -0.058087807 1.6759044
v -0.051146753 -0.06281723 1.6735023
v -0.05856192 -0.057887565 1.6741426
v -0.064597115 -0.051913697 1.6737186
v -0.05870367 -0.05720914 1.6722162
v -0.06472177 -0.051833782 1.672311
v -0.07014014 -0.042579636 1.6697894
v -0.06491032 -0.050863087 1.6708179
v 0.03167389 -0.05868822 1.6394838
v 0.030383205 -0.05975123 1.6428705
v 0.040607776 -0.05426853 1.6483557
v 0.0334494 -0.057207048 1.6367209
v 0.029819755 -0.060639817 1.6466043
v 0.035649166 -0.05556652 1.6347319
v 0.030056905 -0.061288424 1.6504331
v 0.038191784 -0.05400522 1.6336199
v 0.031112995 -0.061640013 1.6540849
v 0.041001223 -0.052788172 1.6334239
v 0.03279894 -0.06130764 1.6573588
v 0.043972664 -0.052116044 1.6341283
v 0.035076246 -0.060460947 1.6599939
v 0.04688282 -0.05189756 1.6357101
v 0.03784767 -0.059309583 1.6617776
v 0.049486283 -0.051973123 1.6380973
v 0.04098669 -0.058142252 1.6625516
v 0.051557016 -0.052203167 1.6411605
v 0.044308748 -0.057203367 1.6622369
v 0.052877035 -0.05241701 1.6447349
v 0.04748808 -0.0564161 1.6608846
v 0.05345928 -0.05293452 1.6485132
v 0.050196342 -0.055639695 1.6586306
v 0.05323104 -0.053737152 1.6522416
v 0.052174482 -0.05477908 1.655668
v -0.031673893 -0.05868822 1.6393516
v -0.040607773 -0.05426853 1.6479108
v -0.030383186 -0.05975123 1.6427708
v -0.033449393 -0.057207048 1.6365376
v -0.02981975 -0.060639817 1.6465254
v -0.035649154 -0.055566516 1.6344784
v -0.030056905 -0.061288424 1.6503651
v -0.038191784 -0.05400523 1.63328
v -0.031112999 -0.061640013 1.6540195
v -0.04100122 -0.052788172 1.6329869
v -0.032798957 -0.06130764 1.6572818
v -0.04397267 -0.052116044 1.6335931
v -0.03507626 -0.060460947 1.6598905
v -0.04688282 -0.051897552 1.6350825
v -0.037847664 -0.059309583 1.6616316
v -0.049486272 -0.051973123 1.6373916
v -0.040986694 -0.058142252 1.6623473
v -0.051557004 -0.052203164 1.6404008
v -0.044308774 -0.057203367 1.6619625
v -0.05287701 -0.05241701 1.6439497
v -0.04748808 -0.0564161 1.6605282
v -0.05345928 -0.05293452 1.647759
v -0.05019635 -0.055639684 1.6581787
v -0.053231046 -0.053737156 1.6515694
v -0.05217447 -0.05477908 1.6551092
v 0.041750003 -0.05766489 1.6526573
v 0.0434836 -0.056715257 1.6508765
v 0.04252365 -0.0565751 1.6494528
v 0.041271742 -0.055979118 1.646127
v 0.044695836 -0.05663171 1.6516931
v 0.040477857 -0.057092857 1.6494001
v 0.04805625 -0.05607289 1.6528108
v 0.03974593 -0.057661198 1.6507852
v 0.044847555 -0.057166558 1.6537684
v 0.038651906 -0.058161333 1.65155
v 0.043747634 -0.05764594 1.6544917
v 0.035445917 -0.05926438 1.6525303
v 0.042971574 -0.058154095 1.655589
v 0.038803663 -0.058696177 1.6536374
v 0.042230356 -0.059358165 1.6592721
v 0.040009964 -0.058591887 1.6544131
v 0.04092579 -0.058671866 1.6555482
v -0.043747637 -0.057645936 1.6541761
v -0.041750006 -0.05766489 1.652359
v -0.04484756 -0.057166558 1.6534113
v -0.042971577 -0.058154095 1.6553123
v -0.048056237 -0.056072902 1.6523465
v -0.042230368 -0.059358165 1.6590735
v -0.04469584 -0.056631718 1.6512986
v -0.04092579 -0.05867186 1.655316
v -0.043483607 -0.056715257 1.6505004
v -0.040009983 -0.058591895 1.654183
v -0.04252364 -0.056575105 1.6490794
v -0.038803644 -0.058696177 1.6534224
v -0.041271776 -0.055979118 1.645741
v -0.035445902 -0.05926438 1.65237
v -0.040477853 -0.057092857 1.6490834
v -0.03865191 -0.058161333 1.6513101
v -0.03974595 -0.0576612 1.6505076
v 0.03127304 -0.058221996 1.6394191
v 0.029948816 -0.05929387 1.6428716
v 0.030383205 -0.05975123 1.6428705
v 0.03167389 -0.05868822 1.6394838
v 0.029819755 -0.060639817 1.6466043
v 0.033094224 -0.056735076 1.6366007
v 0.02936715 -0.060192794 1.6466783
v 0.0334494 -0.057207048 1.6367209
v 0.030056905 -0.061288424 1.6504331
v 0.035342455 -0.055076692 1.6345727
v 0.029601974 -0.060847357 1.6505827
v 0.035649166 -0.05556652 1.6347319
v 0.031112995 -0.061640013 1.6540849
v 0.03793123 -0.05348054 1.6334424
v 0.030675087 -0.061204232 1.6543067
v 0.038191784 -0.05400522 1.6336199
v 0.03279894 -0.06130764 1.6573588
v 0.040791776 -0.052235864 1.6332453
v 0.032397155 -0.060876727 1.6576431
v 0.041001223 -0.052788172 1.6334239
v 0.035076246 -0.060460947 1.6599939
v 0.043821294 -0.05155552 1.6339653
v 0.034721185 -0.06001683 1.6603287
v 0.043972664 -0.052116044 1.6341283
v 0.03784767 -0.059309583 1.6617776
v 0.046789236 -0.05133782 1.6355793
v 0.037543975 -0.0588282 1.6621505
v 0.04688282 -0.05189756 1.6357101
v 0.04098669 -0.058142252 1.6625516
v 0.04943814 -0.05140044 1.6380183
v 0.040746164 -0.057629935 1.6629423
v 0.049486283 -0.051973123 1.6380973
v 0.044308748 -0.057203367 1.6622369
v 0.051541507 -0.051610526 1.6411481
v 0.04414106 -0.056677673 1.6626228
v 0.051557016 -0.052203167 1.6411605
v 0.04748808 -0.0564161 1.6608846
v 0.05288499 -0.05181464 1.6447947
v 0.047392692 -0.055887375 1.6612449
v 0.052877035 -0.05241701 1.6447349
v 0.050196342 -0.055639695 1.6586306
v 0.053478546 -0.05233299 1.6486473
v 0.050155316 -0.0550911 1.658952
v 0.05345928 -0.05293452 1.6485132
v 0.052174482 -0.05477908 1.655668
v 0.053245325 -0.053142615 1.6524476
v 0.05216837 -0.054202184 1.6559379
v 0.05323104 -0.053737152 1.6522416
v -0.03127306 -0.058221996 1.6392825
v -0.031673893 -0.05868822 1.6393516
v -0.030383186 -0.05975123 1.6427708
v -0.033094216 -0.056735072 1.6364119
v -0.029948821 -0.059293874 1.6427683
v -0.033449393 -0.057207048 1.6365376
v -0.02981975 -0.060639817 1.6465254
v -0.03534243 -0.0550767 1.6343123
v -0.029367188 -0.060192794 1.6465958
v -0.035649154 -0.055566516 1.6344784
v -0.030056905 -0.061288424 1.6503651
v -0.03793124 -0.05348054 1.6330931
v -0.029602002 -0.060847357 1.6505114
v -0.038191784 -0.05400523 1.63328
v -0.031112999 -0.061640013 1.6540195
v -0.040791783 -0.052235864 1.6327957
v -0.030675067 -0.061204232 1.6542372
v -0.04100122 -0.052788172 1.6329869
v -0.032798957 -0.06130764 1.6572818
v -0.043821286 -0.05155553 1.6334133
v -0.032397173 -0.06087673 1.6575617
v -0.04397267 -0.052116044 1.6335931
v -0.03507626 -0.060460947 1.6598905
v -0.04678923 -0.051337812 1.6349299
v -0.034721196 -0.060016837 1.66022
v -0.04688282 -0.051897552 1.6350825
v -0.037847664 -0.059309583 1.6616316
v -0.049438126 -0.051400445 1.6372846
v -0.037543964 -0.0588282 1.6619971
v -0.049486272 -0.051973123 1.6373916
v -0.040986694 -0.058142252 1.6623473
v -0.051541522 -0.05161053 1.6403542
v -0.04074616 -0.05762993 1.662728
v -0.051557004 -0.052203164 1.6404008
v -0.044308774 -0.057203367 1.6619625
v -0.052884977 -0.05181464 1.6439719
v -0.04414107 -0.056677673 1.6623349
v -0.05287701 -0.05241701 1.6439497
v -0.04748808 -0.0564161 1.6605282
v -0.053478535 -0.05233299 1.6478553
v -0.04739268 -0.055887375 1.6608707
v -0.05345928 -0.05293452 1.647759
v -0.05019635 -0.055639684 1.6581787
v -0.053245325 -0.053142603 1.6517406
v -0.050155304 -0.0550911 1.6584765
v -0.053231046 -0.053737156 1.6515694
v -0.05217447 -0.05477908 1.6551092
v -0.05216837 -0.054202184 1.6553494
vt 0.7008058 0.17129375
vt 0.71411604 0.16622832
vt 0.71411604 0.17784473
vt 0.9289667 0.63088316
vt 0.93364424 0.6158948
vt 0.93962246 0.62523764
vt 0.9392581 0.6110528
vt 0.9427482 0.61689854
vt 0.9352182 0.614205
vt 0.7008058 0.17129375
vt 0.71411604 0.17784473
vt 0.71411604 0.16622832
vt 0.9289667 0.63088316
vt 0.93962246 0.62523764
vt 0.93364424 0.6158948
vt 0.9392581 0.6110528
vt 0.9352182 0.614205
vt 0.9427482 0.61689854
vt 0.67169863 0.5512293
vt 0.60858923 0.5511373
vt 0.63193387 0.5234353
vt 0.6351158 0.8173804
vt 0.6255268 0.8115483
vt 0.6552719 0.77079284
vt 0.4548504 0.9613086
vt 0.44690815 0.97423214
vt 0.43077493 0.93890244
vt 0.67089766 0.8477124
vt 0.65272 0.83270955
vt 0.67343605 0.80709183
vt 0.5416374 0.9228579
vt 0.5775817 0.9297951
vt 0.5731106 0.9169324
vt 0.86037517 0.8040214
vt 0.8534455 0.84811425
vt 0.8435697 0.845518
vt 0.67169863 0.5512293
vt 0.63193387 0.5234353
vt 0.60858923 0.5511373
vt 0.6351158 0.8173804
vt 0.6552719 0.77079284
vt 0.6255268 0.8115483
vt 0.4548504 0.9613086
vt 0.43077493 0.93890244
vt 0.44690815 0.97423214
vt 0.67089766 0.8477124
vt 0.67343605 0.80709183
vt 0.65272 0.83270955
vt 0.5416374 0.9228579
vt 0.5731106 0.9169324
vt 0.5775817 0.9297951
vt 0.86037517 0.8040214
vt 0.8435697 0.845518
vt 0.8534455 0.84811425
vt 0.8457535 0.29640156
vt 0.867497 0.31878215
vt 0.84585404 0.3231324
vt 0.87893265 0.28848958
vt 0.88974535 0.30645454
vt 0.90063584 0.2767536
vt 0.84564406 0.25720876
vt 0.880763 0.2562027
vt 0.89987636 0.24648261
vt 0.87770873 0.23286779
vt 0.84556663 0.23200737
vt 0.8916394 0.21905217
vt 0.86561215 0.21261138
vt 0.87563974 0.19975945
vt 0.84552586 0.21107228
vt 0.86291856 0.19225772
vt 0.84546804 0.18990538
vt 0.9591981 0.21022342
vt 0.9778882 0.2048661
vt 0.9781784 0.22040664
vt 0.9581765 0.2267437
vt 0.9455354 0.21923624
vt 0.9785086 0.23811851
vt 0.9545421 0.23719029
vt 0.9304817 0.24168806
vt 0.9791791 0.27436894
vt 0.9454663 0.2707646
vt 0.9235437 0.27029985
vt 0.9224167 0.30082864
vt 0.94558495 0.30072993
vt 0.97973365 0.30425382
vt 0.61012465 0.25124142
vt 0.59870696 0.25124142
vt 0.59870696 0.2375626
vt 0.61012465 0.2375626
vt 0.59870696 0.22992189
vt 0.6268391 0.25124142
vt 0.61012465 0.22999191
vt 0.59870696 0.22616258
vt 0.61012465 0.22616258
vt 0.6268391 0.22992189
vt 0.6268391 0.22616258
vt 0.6268391 0.2375626
vt 0.64499307 0.22992188
vt 0.64499307 0.22616257
vt 0.64499307 0.2375626
vt 0.64499307 0.25124142
vt 0.66619796 0.22992188
vt 0.66619796 0.22616257
vt 0.66619796 0.2375626
vt 0.66619796 0.25124142
vt 0.6868603 0.22992188
vt 0.6868603 0.22616257
vt 0.6868603 0.2375626
vt 0.6868603 0.2512414
vt 0.7071552 0.23756257
vt 0.7071552 0.2512414
vt 0.7071552 0.22992188
vt 0.7145062 0.23756257
vt 0.7145062 0.2512414
vt 0.7145062 0.22616255
vt 0.7071552 0.22616255
vt 0.7145062 0.22616255
vt 0.7071552 0.22261162
vt 0.6868603 0.22261162
vt 0.66619796 0.22261162
vt 0.66619796 0.22616257
vt 0.64499307 0.22261162
vt 0.64499307 0.22616257
vt 0.6268391 0.22261162
vt 0.6268391 0.22616258
vt 0.64499307 0.20743829
vt 0.66619796 0.20743829
vt 0.6868603 0.22261162
vt 0.6868603 0.20743826
vt 0.6268391 0.20743829
vt 0.7071552 0.20743826
vt 0.7145062 0.21904002
vt 0.7145062 0.22616255
vt 0.7145062 0.20743826
vt 0.61012465 0.22261165
vt 0.61012465 0.22616258
vt 0.61012465 0.20743829
vt 0.59870696 0.22261165
vt 0.59870696 0.22616258
vt 0.59870696 0.20743829
vt 0.59870696 0.15332206
vt 0.61349285 0.16266413
vt 0.59870696 0.16266413
vt 0.61349285 0.15332206
vt 0.61349285 0.14451201
vt 0.59870696 0.14451201
vt 0.62856764 0.14451201
vt 0.62856764 0.15332206
vt 0.6455083 0.15332206
vt 0.6455083 0.14451201
vt 0.62856764 0.16266413
vt 0.66375047 0.15332206
vt 0.66375047 0.14451201
vt 0.6455083 0.16266413
vt 0.68516695 0.15332206
vt 0.68516695 0.14451201
vt 0.66375047 0.16266413
vt 0.7008058 0.15332206
vt 0.7008058 0.14451201
vt 0.71411604 0.14451201
vt 0.71411604 0.15332206
vt 0.68516695 0.16266413
vt 0.7008058 0.16266413
vt 0.71411604 0.16622832
vt 0.7008058 0.16616198
vt 0.71411604 0.16622832
vt 0.7008058 0.17129375
vt 0.68516695 0.16616198
vt 0.68516695 0.17129375
vt 0.66375047 0.17129375
vt 0.66375047 0.16616198
vt 0.66375047 0.16616198
vt 0.6455083 0.16616198
vt 0.6455083 0.16616198
vt 0.62856764 0.16616198
vt 0.61349285 0.16616198
vt 0.59870696 0.16616198
vt 0.59870696 0.16266413
vt 0.6455083 0.17129375
vt 0.62856764 0.16616198
vt 0.62856764 0.17129375
vt 0.61349285 0.17129375
vt 0.61349285 0.16616198
vt 0.59870696 0.17129375
vt 0.59870696 0.16616198
vt 0.61349285 0.18619709
vt 0.59870696 0.18619709
vt 0.62856764 0.18619709
vt 0.6455083 0.18619709
vt 0.66375047 0.17129375
vt 0.66375047 0.18619709
vt 0.68516695 0.18619709
vt 0.68516695 0.17129375
vt 0.7008058 0.17129375
vt 0.7008058 0.18619709
vt 0.71411604 0.17784473
vt 0.7008058 0.18619709
vt 0.7008058 0.17129375
vt 0.71411604 0.18619709
vt 0.9327979 0.61680555
vt 0.9289667 0.63088316
vt 0.9257405 0.6304695
vt 0.9276561 0.62343067
vt 0.94619 0.88275856
vt 0.9322951 0.90232426
vt 0.9199957 0.88303953
vt 0.9398071 0.90739375
vt 0.9346426 0.91034245
vt 0.93699014 0.9183606
vt 0.9578139 0.8888541
vt 0.9523081 0.9116992
vt 0.9387754 0.9192218
vt 0.948043 0.9231794
vt 0.9567083 0.92677355
vt 0.969887 0.89227396
vt 0.96744466 0.91458285
vt 0.96728987 0.92912257
vt 0.98329115 0.9158824
vt 0.9820272 0.9306062
vt 0.9828719 0.89485997
vt 0.9837501 0.8593248
vt 0.9694465 0.85866517
vt 0.9578139 0.8888541
vt 0.9718076 0.81161433
vt 0.9846192 0.813901
vt 0.9606357 0.808736
vt 0.955412 0.8572108
vt 0.94619 0.88275856
vt 0.93354905 0.8546915
vt 0.9199957 0.88303953
vt 0.9127068 0.85215986
vt 0.9400267 0.80809844
vt 0.9400946 0.76602656
vt 0.9148765 0.79999137
vt 0.9718076 0.81161433
vt 0.9841755 0.768008
vt 0.9846192 0.813901
vt 0.9714099 0.71969175
vt 0.9848972 0.7196324
vt 0.971197 0.6815715
vt 0.9856694 0.6816077
vt 0.9715533 0.6354531
vt 0.9847396 0.6347627
vt 0.9843934 0.61134726
vt 0.9555609 0.7227639
vt 0.9545572 0.68355316
vt 0.95949197 0.6387751
vt 0.9675868 0.6128873
vt 0.9433362 0.72534126
vt 0.9187029 0.73041403
vt 0.9370323 0.68517315
vt 0.93282557 0.63966465
vt 0.9169627 0.68229115
vt 0.9087547 0.681389
vt 0.921799 0.6543682
vt 0.9136784 0.65053326
vt 0.974696 0.5956517
vt 0.9839636 0.59408814
vt 0.96530163 0.59723663
vt 0.9534655 0.60286933
vt 0.9502782 0.61959213
vt 0.943298 0.6079006
vt 0.94127804 0.60947675
vt 0.9465132 0.61824536
vt 0.9392581 0.6110528
vt 0.9427482 0.61689854
vt 0.94495034 0.6224149
vt 0.9257405 0.6304695
vt 0.9225143 0.6300558
vt 0.9276561 0.62343067
vt 0.9289667 0.63088316
vt 0.93962246 0.62523764
vt 0.9446063 0.64936906
vt 0.59870696 0.20743829
vt 0.59870696 0.25124142
vt 0.61012465 0.25124142
vt 0.61012465 0.20743829
vt 0.6268391 0.20743829
vt 0.6268391 0.25124142
vt 0.64499307 0.25124142
vt 0.64499307 0.20743829
vt 0.66619796 0.25124142
vt 0.66619796 0.20743829
vt 0.6868603 0.2512414
vt 0.6868603 0.20743826
vt 0.7071552 0.20743826
vt 0.7071552 0.2512414
vt 0.7145062 0.20743826
vt 0.59870696 0.14451201
vt 0.59870696 0.18619709
vt 0.61349285 0.18619709
vt 0.61349285 0.14451201
vt 0.62856764 0.18619709
vt 0.62856764 0.14451201
vt 0.6455083 0.18619709
vt 0.6455083 0.14451201
vt 0.66375047 0.14451201
vt 0.66375047 0.18619709
vt 0.68516695 0.14451201
vt 0.68516695 0.18619709
vt 0.7008058 0.14451201
vt 0.7008058 0.18619709
vt 0.71411604 0.14451201
vt 0.8457535 0.29640156
vt 0.84585404 0.3231324
vt 0.867497 0.31878215
vt 0.87893265 0.28848958
vt 0.88974535 0.30645454
vt 0.90063584 0.2767536
vt 0.84564406 0.25720876
vt 0.880763 0.2562027
vt 0.89987636 0.24648261
vt 0.87770873 0.23286779
vt 0.84556663 0.23200737
vt 0.8916394 0.21905217
vt 0.86561215 0.21261138
vt 0.87563974 0.19975945
vt 0.84552586 0.21107228
vt 0.86291856 0.19225772
vt 0.84546804 0.18990538
vt 0.9591981 0.21022342
vt 0.9781784 0.22040664
vt 0.9778882 0.2048661
vt 0.9581765 0.2267437
vt 0.9455354 0.21923624
vt 0.9785086 0.23811851
vt 0.9545421 0.23719029
vt 0.9304817 0.24168806
vt 0.9791791 0.27436894
vt 0.9454663 0.2707646
vt 0.9235437 0.27029985
vt 0.9224167 0.30082864
vt 0.94558495 0.30072993
vt 0.97973365 0.30425382
vt 0.61012465 0.25124142
vt 0.59870696 0.2375626
vt 0.59870696 0.25124142
vt 0.61012465 0.2375626
vt 0.59870696 0.22992189
vt 0.6268391 0.25124142
vt 0.61012465 0.22999191
vt 0.59870696 0.22616258
vt 0.61012465 0.22616258
vt 0.6268391 0.22992189
vt 0.6268391 0.22616258
vt 0.6268391 0.2375626
vt 0.64499307 0.22992188
vt 0.64499307 0.22616257
vt 0.64499307 0.2375626
vt 0.64499307 0.25124142
vt 0.66619796 0.22992188
vt 0.66619796 0.22616257
vt 0.66619796 0.2375626
vt 0.66619796 0.25124142
vt 0.6868603 0.22992188
vt 0.6868603 0.22616257
vt 0.6868603 0.2375626
vt 0.6868603 0.2512414
vt 0.7071552 0.23756257
vt 0.7071552 0.2512414
vt 0.7071552 0.22992188
vt 0.7145062 0.23756257
vt 0.7145062 0.2512414
vt 0.7145062 0.22616255
vt 0.7071552 0.22616255
vt 0.7145062 0.22616255
vt 0.7071552 0.22261162
vt 0.6868603 0.22261162
vt 0.66619796 0.22261162
vt 0.66619796 0.22616257
vt 0.64499307 0.22261162
vt 0.64499307 0.22616257
vt 0.6268391 0.22261162
vt 0.6268391 0.22616258
vt 0.64499307 0.20743829
vt 0.66619796 0.20743829
vt 0.6868603 0.22261162
vt 0.6868603 0.20743826
vt 0.6268391 0.20743829
vt 0.7071552 0.20743826
vt 0.7145062 0.21904002
vt 0.7145062 0.22616255
vt 0.7145062 0.20743826
vt 0.61012465 0.22261165
vt 0.61012465 0.22616258
vt 0.61012465 0.20743829
vt 0.59870696 0.22261165
vt 0.59870696 0.22616258
vt 0.59870696 0.20743829
vt 0.59870696 0.15332206
vt 0.59870696 0.16266413
vt 0.61349285 0.16266413
vt 0.61349285 0.15332206
vt 0.61349285 0.14451201
vt 0.59870696 0.14451201
vt 0.62856764 0.14451201
vt 0.62856764 0.15332206
vt 0.6455083 0.15332206
vt 0.6455083 0.14451201
vt 0.62856764 0.16266413
vt 0.66375047 0.15332206
vt 0.66375047 0.14451201
vt 0.6455083 0.16266413
vt 0.68516695 0.15332206
vt 0.68516695 0.14451201
vt 0.66375047 0.16266413
vt 0.7008058 0.15332206
vt 0.7008058 0.14451201
vt 0.71411604 0.14451201
vt 0.71411604 0.15332206
vt 0.68516695 0.16266413
vt 0.7008058 0.16266413
vt 0.71411604 0.16622832
vt 0.7008058 0.16616198
vt 0.71411604 0.16622832
vt 0.7008058 0.17129375
vt 0.68516695 0.16616198
vt 0.68516695 0.17129375
vt 0.66375047 0.17129375
vt 0.66375047 0.16616198
vt 0.66375047 0.16616198
vt 0.6455083 0.16616198
vt 0.6455083 0.16616198
vt 0.62856764 0.16616198
vt 0.61349285 0.16616198
vt 0.59870696 0.16616198
vt 0.59870696 0.16266413
vt 0.6455083 0.17129375
vt 0.62856764 0.16616198
vt 0.62856764 0.17129375
vt 0.61349285 0.17129375
vt 0.61349285 0.16616198
vt 0.59870696 0.17129375
vt 0.59870696 0.16616198
vt 0.61349285 0.18619709
vt 0.59870696 0.18619709
vt 0.62856764 0.18619709
vt 0.6455083 0.18619709
vt 0.66375047 0.17129375
vt 0.66375047 0.18619709
vt 0.68516695 0.18619709
vt 0.68516695 0.17129375
vt 0.7008058 0.17129375
vt 0.7008058 0.18619709
vt 0.71411604 0.17784473
vt 0.7008058 0.17129375
vt 0.7008058 0.18619709
vt 0.71411604 0.18619709
vt 0.9257405 0.6304695
vt 0.9289667 0.63088316
vt 0.9327979 0.61680555
vt 0.9276561 0.62343067
vt 0.94619 0.88275856
vt 0.9199957 0.88303953
vt 0.9322951 0.90232426
vt 0.9398071 0.90739375
vt 0.9346426 0.91034245
vt 0.93699014 0.9183606
vt 0.9578139 0.8888541
vt 0.9523081 0.9116992
vt 0.9387754 0.9192218
vt 0.948043 0.9231794
vt 0.9567083 0.92677355
vt 0.969887 0.89227396
vt 0.96744466 0.91458285
vt 0.96728987 0.92912257
vt 0.98329115 0.9158824
vt 0.9820272 0.9306062
vt 0.9828719 0.89485997
vt 0.9837501 0.8593248
vt 0.9694465 0.85866517
vt 0.9578139 0.8888541
vt 0.9718076 0.81161433
vt 0.9846192 0.813901
vt 0.9606357 0.808736
vt 0.955412 0.8572108
vt 0.94619 0.88275856
vt 0.93354905 0.8546915
vt 0.9199957 0.88303953
vt 0.9127068 0.85215986
vt 0.9400267 0.80809844
vt 0.9400946 0.76602656
vt 0.9148765 0.79999137
vt 0.9718076 0.81161433
vt 0.9841755 0.768008
vt 0.9846192 0.813901
vt 0.9714099 0.71969175
vt 0.9848972 0.7196324
vt 0.971197 0.6815715
vt 0.9856694 0.6816077
vt 0.9715533 0.6354531
vt 0.9847396 0.6347627
vt 0.9843934 0.61134726
vt 0.9555609 0.7227639
vt 0.9545572 0.68355316
vt 0.95949197 0.6387751
vt 0.9675868 0.6128873
vt 0.9433362 0.72534126
vt 0.9187029 0.73041403
vt 0.9370323 0.68517315
vt 0.93282557 0.63966465
vt 0.9169627 0.68229115
vt 0.9087547 0.681389
vt 0.921799 0.6543682
vt 0.9136784 0.65053326
vt 0.974696 0.5956517
vt 0.9839636 0.59408814
vt 0.96530163 0.59723663
vt 0.9534655 0.60286933
vt 0.9502782 0.61959213
vt 0.943298 0.6079006
vt 0.94127804 0.60947675
vt 0.9465132 0.61824536
vt 0.9392581 0.6110528
vt 0.9427482 0.61689854
vt 0.94495034 0.6224149
vt 0.9257405 0.6304695
vt 0.9225143 0.6300558
vt 0.9276561 0.62343067
vt 0.9289667 0.63088316
vt 0.93962246 0.62523764
vt 0.9446063 0.64936906
vt 0.59870696 0.20743829
vt 0.61012465 0.25124142
vt 0.59870696 0.25124142
vt 0.61012465 0.20743829
vt 0.6268391 0.20743829
vt 0.6268391 0.25124142
vt 0.64499307 0.25124142
vt 0.64499307 0.20743829
vt 0.66619796 0.25124142
vt 0.66619796 0.20743829
vt 0.6868603 0.2512414
vt 0.6868603 0.20743826
vt 0.7071552 0.20743826
vt 0.7071552 0.2512414
vt 0.7145062 0.20743826
vt 0.59870696 0.14451201
vt 0.61349285 0.18619709
vt 0.59870696 0.18619709
vt 0.61349285 0.14451201
vt 0.62856764 0.18619709
vt 0.62856764 0.14451201
vt 0.6455083 0.18619709
vt 0.6455083 0.14451201
vt 0.66375047 0.14451201
vt 0.66375047 0.18619709
vt 0.68516695 0.14451201
vt 0.68516695 0.18619709
vt 0.7008058 0.14451201
vt 0.7008058 0.18619709
vt 0.71411604 0.14451201
vt 0.3450848 0.9501006
vt 0.38827515 0.9529951
vt 0.39405346 0.9377106
vt 0.40231627 0.9520523
vt 0.40748823 0.93176395
vt 0.4038493 0.97227883
vt 0.3912645 0.9601805
vt 0.39867646 0.9600489
vt 0.3945979 0.97273946
vt 0.36586446 0.96340066
vt 0.4110801 0.01318751
vt 0.47468352 0.04263581
vt 0.4735484 0.03473446
vt 0.5304226 0.051856566
vt 0.53218216 0.060313422
vt 0.5896784 0.059776966
vt 0.5932733 0.070128456
vt 0.63351333 0.059901
vt 0.63770103 0.07126857
vt 0.6675726 0.052221566
vt 0.6726455 0.063755676
vt 0.69440657 0.039657563
vt 0.6991393 0.048340708
vt 0.7365419 0.012213765
vt 0.653453 0.62265366
vt 0.60858923 0.5511373
vt 0.67169863 0.5512293
vt 0.5718452 0.68034506
vt 0.61046255 0.7072504
vt 0.49603075 0.77111214
vt 0.51360935 0.81415826
vt 0.37236428 0.84198123
vt 0.37231988 0.89545906
vt 0.26941577 0.9319152
vt 0.26643735 0.87025166
vt 0.14914332 0.9590426
vt 0.14417753 0.8954057
vt 0.015123993 0.96663874
vt 0.015123993 0.89702386
vt 0.015123993 0.80588937
vt 0.53717715 0.6276863
vt 0.53480375 0.7098291
vt 0.47597972 0.7488261
vt 0.5348172 0.52727777
vt 0.59603685 0.5082198
vt 0.47697768 0.66081834
vt 0.46550345 0.5416168
vt 0.5181818 0.4674792
vt 0.5750076 0.4610242
vt 0.5510928 0.39148277
vt 0.45595464 0.4747262
vt 0.4929528 0.38850078
vt 0.51935685 0.33331376
vt 0.44165418 0.43268678
vt 0.46432593 0.3311858
vt 0.51521796 0.28009322
vt 0.43367133 0.39348277
vt 0.3845174 0.47650433
vt 0.39139175 0.5026541
vt 0.3756299 0.4440244
vt 0.35463852 0.48246217
vt 0.34463125 0.45105794
vt 0.33640668 0.4834661
vt 0.32425147 0.46830836
vt 0.36578616 0.3985127
vt 0.40768668 0.33639076
vt 0.31728142 0.45301622
vt 0.30392003 0.45613882
vt 0.3032669 0.434584
vt 0.29525486 0.44623736
vt 0.313512 0.40353176
vt 0.28537256 0.4220133
vt 0.27948052 0.43217856
vt 0.2594808 0.4167386
vt 0.25862888 0.42610702
vt 0.23508854 0.4258928
vt 0.25953624 0.4007044
vt 0.2317448 0.4158732
vt 0.20695826 0.4328397
vt 0.35252887 0.34176466
vt 0.30000222 0.34875274
vt 0.20538177 0.40241793
vt 0.2046799 0.4189956
vt 0.18463644 0.42494693
vt 0.1891583 0.43580726
vt 0.16572933 0.43199667
vt 0.17434226 0.44327548
vt 0.24814591 0.35707566
vt 0.16721039 0.41020492
vt 0.15051268 0.4398162
vt 0.16361247 0.45323166
vt 0.13517807 0.42250255
vt 0.13635902 0.45047584
vt 0.1572802 0.46448615
vt 0.19449069 0.36599872
vt 0.15556483 0.37641838
vt 0.28305444 0.30136362
vt 0.23218411 0.31593645
vt 0.18254294 0.33021045
vt 0.33246523 0.28644052
vt 0.37408194 0.27190423
vt 0.42613977 0.26097223
vt 0.1214567 0.38718358
vt 0.14381593 0.34315577
vt 0.10614425 0.43631133
vt 0.11945148 0.4598824
vt 0.13200808 0.48488098
vt 0.15339953 0.4869194
vt 0.11624539 0.4856193
vt 0.087519765 0.48395914
vt 0.12254833 0.5174153
vt 0.13982083 0.50296813
vt 0.14763358 0.5210553
vt 0.09041765 0.5412549
vt 0.14021546 0.53186184
vt 0.16242853 0.5390126
vt 0.12392968 0.54324555
vt 0.1526794 0.56132734
vt 0.16055629 0.5426683
vt 0.17844371 0.550427
vt 0.17062221 0.5693966
vt 0.19315998 0.5742153
vt 0.19862218 0.5574041
vt 0.22204103 0.57407725
vt 0.22601882 0.5611074
vt 0.26112136 0.5693684
vt 0.26285484 0.5583212
vt 0.29874432 0.55925184
vt 0.30115414 0.54824686
vt 0.3316806 0.5379999
vt 0.3406991 0.54904664
vt 0.35825062 0.5290306
vt 0.39964283 0.54406697
vt 0.34858477 0.5072882
vt 0.42850903 0.57858074
vt 0.40452674 0.595997
vt 0.3674605 0.59930736
vt 0.32612848 0.60777074
vt 0.29808944 0.56629753
vt 0.2896837 0.6166376
vt 0.25993863 0.57633305
vt 0.2491464 0.62255865
vt 0.21795405 0.5868253
vt 0.21957919 0.5811702
vt 0.20960099 0.6229035
vt 0.19040214 0.58102155
vt 0.18732533 0.5885727
vt 0.18732533 0.5885727
vt 0.17664437 0.6167951
vt 0.16766426 0.5754791
vt 0.16107792 0.58781874
vt 0.16107792 0.58781874
vt 0.14905259 0.6097796
vt 0.13582337 0.58201426
vt 0.12160082 0.5986688
vt 0.15004592 0.5653597
vt 0.13582337 0.58201426
vt 0.122731835 0.56915456
vt 0.12160082 0.5986688
vt 0.088840455 0.56684875
vt 0.08965033 0.60069144
vt 0.13569926 0.64715666
vt 0.1437324 0.6207177
vt 0.17287299 0.6285832
vt 0.19713798 0.6525782
vt 0.20472126 0.6339113
vt 0.23599875 0.65444136
vt 0.24563707 0.6330559
vt 0.281725 0.65075785
vt 0.28730986 0.62789875
vt 0.3190407 0.6427368
vt 0.32390913 0.61918104
vt 0.27499068 0.7050981
vt 0.20418689 0.7057259
vt 0.3553087 0.6256948
vt 0.34284368 0.6955974
vt 0.403512 0.6805148
vt 0.3957137 0.77516437
vt 0.3355128 0.7881673
vt 0.27089486 0.7964722
vt 0.20486154 0.7995929
vt 0.13346791 0.70702404
vt 0.13788965 0.8045626
vt 0.068957716 0.70500463
vt 0.015123993 0.7066335
vt 0.015123993 0.63812906
vt 0.07167819 0.6392295
vt 0.04914096 0.5982115
vt 0.015123993 0.5988085
vt 0.015123993 0.54348516
vt 0.051582575 0.5449096
vt 0.049604535 0.49302328
vt 0.015123993 0.49360812
vt 0.015123993 0.45901766
vt 0.045695335 0.45664296
vt 0.07729894 0.44914535
vt 0.039349318 0.41837212
vt 0.015123993 0.42155364
vt 0.09446272 0.39684436
vt 0.06785792 0.40969726
vt 0.03279403 0.37996033
vt 0.015123993 0.3814521
vt 0.1112532 0.35525712
vt 0.062381864 0.37740105
vt 0.09044132 0.3645634
vt 0.024966389 0.34591687
vt 0.015123993 0.34889343
vt 0.015123993 0.33824855
vt 0.059433818 0.35380325
vt 0.02382356 0.3343937
vt 0.015123993 0.3160462
vt 0.08347535 0.33674327
vt 0.10204458 0.3293948
vt 0.028686464 0.32088515
vt 0.015123993 0.3006833
vt 0.044653475 0.33417073
vt 0.057932436 0.32704553
vt 0.03467843 0.30275738
vt 0.015123993 0.28338286
vt 0.05498919 0.3110553
vt 0.032827318 0.28364483
vt 0.015123993 0.27032378
vt 0.07235131 0.30520067
vt 0.04931 0.28299373
vt 0.030189633 0.26956707
vt 0.027993232 0.25989056
vt 0.015123993 0.2603595
vt 0.026935875 0.25547892
vt 0.015123993 0.25630945
vt 0.025770128 0.24869618
vt 0.015123993 0.24921376
vt 0.024490923 0.23994556
vt 0.015123993 0.24050981
vt 0.022685349 0.23175451
vt 0.015123993 0.23295644
vt 0.03193164 0.23000652
vt 0.03496793 0.23864004
vt 0.037418723 0.24814788
vt 0.040127575 0.25479373
vt 0.04211384 0.25936657
vt 0.045220196 0.23374549
vt 0.041714787 0.22589341
vt 0.04826346 0.24146879
vt 0.05207607 0.24801925
vt 0.055888504 0.22861609
vt 0.05257064 0.22138342
vt 0.058625698 0.21910527
vt 0.058736324 0.23490253
vt 0.06586999 0.22274736
vt 0.063667476 0.2165004
vt 0.07191527 0.21880665
vt 0.06275374 0.24084947
vt 0.07073709 0.22643363
vt 0.054845512 0.25299984
vt 0.066241324 0.24616638
vt 0.07698932 0.23075068
vt 0.07767022 0.22077298
vt 0.060298085 0.26373702
vt 0.07338902 0.2573735
vt 0.08280942 0.23475406
vt 0.08546072 0.22372296
vt 0.04565233 0.26871923
vt 0.06565994 0.27988604
vt 0.08140704 0.2743682
vt 0.09059557 0.29912192
vt 0.0950008 0.24468157
vt 0.12067558 0.28795984
vt 0.093764454 0.22664484
vt 0.10687792 0.2617468
vt 0.11235613 0.2336931
vt 0.13390319 0.31815892
vt 0.13446027 0.24605766
vt 0.15451285 0.27258855
vt 0.17133138 0.30416292
vt 0.2178522 0.28636315
vt 0.19684118 0.25206423
vt 0.17173027 0.22304627
vt 0.13191491 0.22007349
vt 0.26552546 0.26755458
vt 0.23981875 0.23055074
vt 0.31237048 0.24695353
vt 0.106334865 0.21900481
vt 0.20772913 0.1968854
vt 0.28219944 0.20381773
vt 0.34481326 0.2317832
vt 0.092377305 0.21821818
vt 0.24269794 0.16723347
vt 0.31169352 0.18730119
vt 0.38636023 0.21680719
vt 0.08206999 0.21729249
vt 0.07603037 0.21638423
vt 0.06778568 0.21408209
vt 0.063667476 0.2165004
vt 0.2670796 0.14730819
vt 0.3436023 0.16962919
vt 0.29044732 0.1293722
vt 0.24857518 0.10301802
vt 0.22256738 0.11735202
vt 0.17672402 0.090940386
vt 0.19820122 0.13589785
vt 0.32168794 0.117365204
vt 0.37654603 0.15705119
vt 0.16898546 0.1656977
vt 0.15037714 0.11090989
vt 0.13489424 0.19000313
vt 0.43544912 0.20770119
vt 0.13036485 0.14119965
vt 0.1130203 0.20184898
vt 0.492178 0.25697222
vt 0.10813123 0.16860023
vt 0.09364003 0.20950037
vt 0.092648596 0.1866267
vt 0.08544612 0.21183303
vt 0.07992703 0.20014983
vt 0.07764614 0.21332929
vt 0.07603037 0.21638423
vt 0.07412845 0.2050853
vt 0.072411716 0.21384963
vt 0.06778568 0.21408209
vt 0.06784722 0.21396238
vt 0.0684208 0.21018583
vt 0.06469804 0.21307933
vt 0.06256503 0.21525317
vt 0.057365507 0.21270373
vt 0.056123465 0.2161603
vt 0.059182376 0.20822316
vt 0.044917434 0.21241635
vt 0.044352025 0.21753836
vt 0.03088814 0.21829805
vt 0.062367678 0.20135346
vt 0.04818201 0.19827327
vt 0.06588626 0.19378465
vt 0.045912325 0.20644581
vt 0.031000942 0.2121554
vt 0.015123993 0.21873608
vt 0.015123993 0.21184713
vt 0.031370133 0.2048833
vt 0.015123993 0.20438784
vt 0.031592518 0.19645348
vt 0.015123993 0.19565031
vt 0.03255254 0.18676496
vt 0.015123993 0.18548435
vt 0.050558865 0.1891042
vt 0.034763485 0.16779578
vt 0.015123993 0.16696274
vt 0.015123993 0.13704324
vt 0.07368997 0.17684397
vt 0.055074245 0.17110872
vt 0.084100276 0.15443769
vt 0.061095953 0.14427817
vt 0.09867531 0.12531286
vt 0.03871739 0.13830212
vt 0.042785585 0.10550705
vt 0.015123993 0.101838805
vt 0.015123993 0.08227048
vt 0.06887537 0.111934274
vt 0.04593774 0.08384362
vt 0.025537571 0.06822412
vt 0.11284069 0.095963046
vt 0.07698094 0.087112
vt 0.057893544 0.07074893
vt 0.04011569 0.052449666
vt 0.1203427 0.08012603
vt 0.08504186 0.07412721
vt 0.078333475 0.056028932
vt 0.06329899 0.03690266
vt 0.12671265 0.07217203
vt 0.100905485 0.040259935
vt 0.07730468 0.029245658
vt 0.14610073 0.056977026
vt 0.16254413 0.048721023
vt 0.091310345 0.02158866
vt 0.17793363 0.04078202
vt 0.20195195 0.07904738
vt 0.23068523 0.067141384
vt 0.24677771 0.05905539
vt 0.27571285 0.089408025
vt 0.29951057 0.08000503
vt 0.35003236 0.108312204
vt 0.40981755 0.14564519
vt 0.48609996 0.20309319
vt 0.5327901 0.25768024
vt 0.5603693 0.28940424
vt 0.54583573 0.28964522
vt 0.60441834 0.35855523
vt 0.6700095 0.47207218
vt 0.6742275 0.50345916
vt 0.6537504 0.49801317
vt 0.64193845 0.4858752
vt 0.63210845 0.4710782
vt 0.66650546 0.4355312
vt 0.6266674 0.45216018
vt 0.6236985 0.4324802
vt 0.62897646 0.4052952
vt 0.6661835 0.39683717
vt 0.6686255 0.3783072
vt 0.6715554 0.35230818
vt 0.63655245 0.3771202
vt 0.6453054 0.3534272
vt 0.65314746 0.34228718
vt 0.67432547 0.32629418
vt 0.705472 0.348551
vt 0.687316 0.306112
vt 0.743487 0.323134
vt 0.733493 0.354766
vt 0.715157 0.406101
vt 0.752527 0.361502
vt 0.771098 0.338074
vt 0.739168 0.418521
vt 0.71732 0.461037
vt 0.773044 0.389598
vt 0.805538 0.381598
vt 0.77165 0.449096
vt 0.810633 0.436822
vt 0.847104 0.429644
vt 0.790002 0.475813
vt 0.832186 0.485543
vt 0.865985 0.487536
vt 0.832505 0.516865
vt 0.862337 0.531319
vt 0.790802 0.522443
vt 0.822643 0.552536
vt 0.848587 0.572482
vt 0.819101 0.599854
vt 0.804177 0.579171
vt 0.779726 0.609019
vt 0.765298 0.545094
vt 0.778367 0.588751
vt 0.734158 0.590424
vt 0.736052 0.569869
vt 0.713754 0.552413
vt 0.712634 0.526986
vt 0.733237 0.538846
vt 0.86037517 0.8040214
vt 0.8192244 0.83225036
vt 0.8469414 0.7852416
vt 0.8161999 0.7891022
vt 0.8355394 0.77215225
vt 0.82552725 0.7617158
vt 0.8079121 0.74899995
vt 0.791302 0.74027014
vt 0.7897319 0.7886712
vt 0.79534894 0.84440684
vt 0.7620985 0.7349066
vt 0.76395786 0.8497517
vt 0.760527 0.7874111
vt 0.7225943 0.73585624
vt 0.7364822 0.84789026
vt 0.7330734 0.78468245
vt 0.7004173 0.74215174
vt 0.70983565 0.83937514
vt 0.7077231 0.78134924
vt 0.6795576 0.754051
vt 0.6903184 0.8264088
vt 0.6830121 0.7759843
vt 0.6552719 0.77079284
vt 0.67343605 0.80709183
vt 0.66437 0.79071397
vt 0.8613814 0.8966644
vt 0.8543432 0.90596867
vt 0.8543749 0.9108942
vt 0.8473684 0.92512405
vt 0.8473049 0.9152729
vt 0.8281522 0.9319965
vt 0.8290099 0.94196296
vt 0.80585283 0.94969434
vt 0.8068071 0.95874566
vt 0.7752372 0.96128184
vt 0.7762541 0.97364086
vt 0.73730665 0.9674263
vt 0.8074971 0.9669499
vt 0.7373569 0.9804216
vt 0.8335121 0.9563802
vt 0.83180505 0.9494471
vt 0.84990376 0.93905467
vt 0.68683016 0.968956
vt 0.6839541 0.9840146
vt 0.6294809 0.9661606
vt 0.62464404 0.9799647
vt 0.5749266 0.9594056
vt 0.5764147 0.9748432
vt 0.54066694 0.9727155
vt 0.53681105 0.95389944
vt 0.4936331 0.95664567
vt 0.5828944 0.8842543
vt 0.59657204 0.86275804
vt 0.5707874 0.8834377
vt 0.57603925 0.9001314
vt 0.5527071 0.89959836
vt 0.5731106 0.9169324
vt 0.5416374 0.9228579
vt 0.6689799 0.72221243
vt 0.6816829 0.7180206
vt 0.6552719 0.77079284
vt 0.6795576 0.754051
vt 0.7016212 0.7136352
vt 0.7004173 0.74215174
vt 0.7225943 0.73585624
vt 0.7219372 0.7122291
vt 0.75034416 0.7121067
vt 0.7620985 0.7349066
vt 0.772683 0.71459293
vt 0.79186577 0.7199112
vt 0.791302 0.74027014
vt 0.8105891 0.7270717
vt 0.8079121 0.74899995
vt 0.82552725 0.7617158
vt 0.8251787 0.73260695
vt 0.84183884 0.74264127
vt 0.8355394 0.77215225
vt 0.85449713 0.7511127
vt 0.8469414 0.7852416
vt 0.86037517 0.8040214
vt 0.86544544 0.75893956
vt 0.6903184 0.8264088
vt 0.67089766 0.8477124
vt 0.67343605 0.80709183
vt 0.6886075 0.8600348
vt 0.70983565 0.83937514
vt 0.7063574 0.8687605
vt 0.7364822 0.84789026
vt 0.7279023 0.87742555
vt 0.754789 0.8812808
vt 0.76395786 0.8497517
vt 0.78701365 0.87577206
vt 0.79534894 0.84440684
vt 0.8211698 0.8618177
vt 0.8192244 0.83225036
vt 0.8357904 0.850856
vt 0.86037517 0.8040214
vt 0.8435697 0.845518
vt 0.6351158 0.8173804
vt 0.67343605 0.80709183
vt 0.65272 0.83270955
vt 0.66437 0.79071397
vt 0.6552719 0.77079284
vt 0.5416374 0.9228579
vt 0.4936331 0.95664567
vt 0.53681105 0.95389944
vt 0.5775817 0.9297951
vt 0.5749266 0.9594056
vt 0.5918628 0.9383136
vt 0.61768043 0.9437936
vt 0.6294809 0.9661606
vt 0.6796612 0.950805
vt 0.68683016 0.968956
vt 0.73223513 0.94924563
vt 0.73730665 0.9674263
vt 0.7722431 0.941114
vt 0.7752372 0.96128184
vt 0.80585283 0.94969434
vt 0.8021426 0.92788845
vt 0.8281522 0.9319965
vt 0.82227695 0.91365534
vt 0.8473049 0.9152729
vt 0.8381574 0.89985186
vt 0.8543432 0.90596867
vt 0.8497694 0.8982581
vt 0.8613814 0.8966644
vt 0.84990376 0.93905467
vt 0.8290099 0.94196296
vt 0.83180505 0.9494471
vt 0.8068071 0.95874566
vt 0.19851117 0.45154002
vt 0.22657779 0.44453377
vt 0.22766009 0.4504775
vt 0.2501658 0.4448678
vt 0.25049108 0.45253316
vt 0.27103847 0.45093882
vt 0.27007133 0.45665142
vt 0.2868128 0.46499744
vt 0.15411887 0.50821984
vt 0.14306347 0.4965504
vt 0.15339953 0.4869194
vt 0.13200808 0.48488098
vt 0.34858477 0.5072882
vt 0.33640668 0.4834661
vt 0.35463852 0.48246217
vt 0.39139175 0.5026541
vt 0.3450848 0.9501006
vt 0.39405346 0.9377106
vt 0.38827515 0.9529951
vt 0.40231627 0.9520523
vt 0.40748823 0.93176395
vt 0.4038493 0.97227883
vt 0.39867646 0.9600489
vt 0.3912645 0.9601805
vt 0.3945979 0.97273946
vt 0.36586446 0.96340066
vt 0.4110801 0.01318751
vt 0.4735484 0.03473446
vt 0.47468352 0.04263581
vt 0.5304226 0.051856566
vt 0.53218216 0.060313422
vt 0.5896784 0.059776966
vt 0.5932733 0.070128456
vt 0.63351333 0.059901
vt 0.63770103 0.07126857
vt 0.6675726 0.052221566
vt 0.6726455 0.063755676
vt 0.69440657 0.039657563
vt 0.6991393 0.048340708
vt 0.7365419 0.012213765
vt 0.653453 0.62265366
vt 0.67169863 0.5512293
vt 0.60858923 0.5511373
vt 0.5718452 0.68034506
vt 0.61046255 0.7072504
vt 0.49603075 0.77111214
vt 0.51360935 0.81415826
vt 0.37236428 0.84198123
vt 0.37231988 0.89545906
vt 0.26941577 0.9319152
vt 0.26643735 0.87025166
vt 0.14914332 0.9590426
vt 0.14417753 0.8954057
vt 0.015123993 0.96663874
vt 0.015123993 0.89702386
vt 0.015123993 0.80588937
vt 0.53717715 0.6276863
vt 0.53480375 0.7098291
vt 0.47597972 0.7488261
vt 0.5348172 0.52727777
vt 0.59603685 0.5082198
vt 0.47697768 0.66081834
vt 0.46550345 0.5416168
vt 0.5181818 0.4674792
vt 0.5750076 0.4610242
vt 0.5510928 0.39148277
vt 0.45595464 0.4747262
vt 0.4929528 0.38850078
vt 0.51935685 0.33331376
vt 0.44165418 0.43268678
vt 0.46432593 0.3311858
vt 0.51521796 0.28009322
vt 0.43367133 0.39348277
vt 0.3845174 0.47650433
vt 0.39139175 0.5026541
vt 0.3756299 0.4440244
vt 0.35463852 0.48246217
vt 0.34463125 0.45105794
vt 0.33640668 0.4834661
vt 0.32425147 0.46830836
vt 0.36578616 0.3985127
vt 0.40768668 0.33639076
vt 0.42613977 0.26097223
vt 0.31728142 0.45301622
vt 0.30392003 0.45613882
vt 0.3032669 0.434584
vt 0.29525486 0.44623736
vt 0.313512 0.40353176
vt 0.28537256 0.4220133
vt 0.27948052 0.43217856
vt 0.35252887 0.34176466
vt 0.25953624 0.4007044
vt 0.30000222 0.34875274
vt 0.2594808 0.4167386
vt 0.25862888 0.42610702
vt 0.23508854 0.4258928
vt 0.2317448 0.4158732
vt 0.20538177 0.40241793
vt 0.20695826 0.4328397
vt 0.37408194 0.27190423
vt 0.33246523 0.28644052
vt 0.28305444 0.30136362
vt 0.2046799 0.4189956
vt 0.18463644 0.42494693
vt 0.1891583 0.43580726
vt 0.31237048 0.24695353
vt 0.26552546 0.26755458
vt 0.34481326 0.2317832
vt 0.16721039 0.41020492
vt 0.19449069 0.36599872
vt 0.16572933 0.43199667
vt 0.17434226 0.44327548
vt 0.15556483 0.37641838
vt 0.18254294 0.33021045
vt 0.15051268 0.4398162
vt 0.16361247 0.45323166
vt 0.13517807 0.42250255
vt 0.13635902 0.45047584
vt 0.1572802 0.46448615
vt 0.14381593 0.34315577
vt 0.17133138 0.30416292
vt 0.1214567 0.38718358
vt 0.10614425 0.43631133
vt 0.11945148 0.4598824
vt 0.13200808 0.48488098
vt 0.15339953 0.4869194
vt 0.1112532 0.35525712
vt 0.13390319 0.31815892
vt 0.09446272 0.39684436
vt 0.087519765 0.48395914
vt 0.11624539 0.4856193
vt 0.12254833 0.5174153
vt 0.13982083 0.50296813
vt 0.14763358 0.5210553
vt 0.07729894 0.44914535
vt 0.09041765 0.5412549
vt 0.14021546 0.53186184
vt 0.16242853 0.5390126
vt 0.12392968 0.54324555
vt 0.1526794 0.56132734
vt 0.16055629 0.5426683
vt 0.17844371 0.550427
vt 0.17062221 0.5693966
vt 0.19315998 0.5742153
vt 0.19862218 0.5574041
vt 0.22204103 0.57407725
vt 0.22601882 0.5611074
vt 0.26112136 0.5693684
vt 0.26285484 0.5583212
vt 0.29874432 0.55925184
vt 0.30115414 0.54824686
vt 0.3316806 0.5379999
vt 0.3406991 0.54904664
vt 0.35825062 0.5290306
vt 0.39964283 0.54406697
vt 0.34858477 0.5072882
vt 0.42850903 0.57858074
vt 0.40452674 0.595997
vt 0.3674605 0.59930736
vt 0.32612848 0.60777074
vt 0.29808944 0.56629753
vt 0.2896837 0.6166376
vt 0.25993863 0.57633305
vt 0.2491464 0.62255865
vt 0.21593244 0.5863541
vt 0.21957919 0.5811702
vt 0.20960099 0.6229035
vt 0.19040214 0.58102155
vt 0.18572961 0.5886611
vt 0.18572961 0.5886611
vt 0.17664437 0.6167951
vt 0.16766426 0.5754791
vt 0.16092892 0.58696264
vt 0.16092892 0.58696264
vt 0.14905259 0.6097796
vt 0.13582337 0.58201426
vt 0.12160082 0.5986688
vt 0.15004592 0.5653597
vt 0.13582337 0.58201426
vt 0.12275068 0.569155
vt 0.12160082 0.5986688
vt 0.088840455 0.56684875
vt 0.08965033 0.60069144
vt 0.13569926 0.64715666
vt 0.1437324 0.6207177
vt 0.17287299 0.6285832
vt 0.19713798 0.6525782
vt 0.20472126 0.6339113
vt 0.23599875 0.65444136
vt 0.24563707 0.6330559
vt 0.281725 0.65075785
vt 0.28730986 0.62789875
vt 0.3190407 0.6427368
vt 0.32390913 0.61918104
vt 0.27499068 0.7050981
vt 0.20418689 0.7057259
vt 0.3553087 0.6256948
vt 0.34284368 0.6955974
vt 0.403512 0.6805148
vt 0.3957137 0.77516437
vt 0.3355128 0.7881673
vt 0.27089486 0.7964722
vt 0.20486154 0.7995929
vt 0.13346791 0.70702404
vt 0.13788965 0.8045626
vt 0.068957716 0.70500463
vt 0.015123993 0.7066335
vt 0.015123993 0.63812906
vt 0.07167819 0.6392295
vt 0.04914096 0.5982115
vt 0.015123993 0.5988085
vt 0.015123993 0.54348516
vt 0.051582575 0.5449096
vt 0.049604535 0.49302328
vt 0.015123993 0.49360812
vt 0.015123993 0.45901766
vt 0.045695335 0.45664296
vt 0.039349318 0.41837212
vt 0.015123993 0.42155364
vt 0.06785792 0.40969726
vt 0.03279403 0.37996033
vt 0.015123993 0.3814521
vt 0.09044132 0.3645634
vt 0.062381864 0.37740105
vt 0.024966389 0.34591687
vt 0.015123993 0.34889343
vt 0.015123993 0.33824855
vt 0.10204458 0.3293948
vt 0.059433818 0.35380325
vt 0.02382356 0.3343937
vt 0.015123993 0.3160462
vt 0.08347535 0.33674327
vt 0.028686464 0.32088515
vt 0.015123993 0.3006833
vt 0.044653475 0.33417073
vt 0.057932436 0.32704553
vt 0.03467843 0.30275738
vt 0.015123993 0.28338286
vt 0.05498919 0.3110553
vt 0.032827318 0.28364483
vt 0.015123993 0.27032378
vt 0.07235131 0.30520067
vt 0.04931 0.28299373
vt 0.030189633 0.26956707
vt 0.027993232 0.25989056
vt 0.015123993 0.2603595
vt 0.026935875 0.25547892
vt 0.015123993 0.25630945
vt 0.025770128 0.24869618
vt 0.015123993 0.24921376
vt 0.024490923 0.23994556
vt 0.015123993 0.24050981
vt 0.022685349 0.23175451
vt 0.015123993 0.23295644
vt 0.03193164 0.23000652
vt 0.03496793 0.23864004
vt 0.037418723 0.24814788
vt 0.040127575 0.25479373
vt 0.04211384 0.25936657
vt 0.045220196 0.23374549
vt 0.041714787 0.22589341
vt 0.04826346 0.24146879
vt 0.05207607 0.24801925
vt 0.055888504 0.22861609
vt 0.05257064 0.22138342
vt 0.058625698 0.21910527
vt 0.058736324 0.23490253
vt 0.06586999 0.22274736
vt 0.063667476 0.2165004
vt 0.07191527 0.21880665
vt 0.06275374 0.24084947
vt 0.07073709 0.22643363
vt 0.054845512 0.25299984
vt 0.066241324 0.24616638
vt 0.07698932 0.23075068
vt 0.07767022 0.22077298
vt 0.060298085 0.26373702
vt 0.07338902 0.2573735
vt 0.08280942 0.23475406
vt 0.08546072 0.22372296
vt 0.04565233 0.26871923
vt 0.06565994 0.27988604
vt 0.08140704 0.2743682
vt 0.09059557 0.29912192
vt 0.12067558 0.28795984
vt 0.0950008 0.24468157
vt 0.15451285 0.27258855
vt 0.10687792 0.2617468
vt 0.093764454 0.22664484
vt 0.13446027 0.24605766
vt 0.11235613 0.2336931
vt 0.19684118 0.25206423
vt 0.2178522 0.28636315
vt 0.17173027 0.22304627
vt 0.13191491 0.22007349
vt 0.106334865 0.21900481
vt 0.092377305 0.21821818
vt 0.23981875 0.23055074
vt 0.20772913 0.1968854
vt 0.28219944 0.20381773
vt 0.08206999 0.21729249
vt 0.07603037 0.21638423
vt 0.06778568 0.21408209
vt 0.063667476 0.2165004
vt 0.24269794 0.16723347
vt 0.31169352 0.18730119
vt 0.2670796 0.14730819
vt 0.08544612 0.21183303
vt 0.07764614 0.21332929
vt 0.07603037 0.21638423
vt 0.09364003 0.20950037
vt 0.072411716 0.21384963
vt 0.06778568 0.21408209
vt 0.06784722 0.21396238
vt 0.06469804 0.21307933
vt 0.06256503 0.21525317
vt 0.0684208 0.21018583
vt 0.07412845 0.2050853
vt 0.057365507 0.21270373
vt 0.056123465 0.2161603
vt 0.059182376 0.20822316
vt 0.044917434 0.21241635
vt 0.044352025 0.21753836
vt 0.03088814 0.21829805
vt 0.031000942 0.2121554
vt 0.015123993 0.21873608
vt 0.015123993 0.21184713
vt 0.045912325 0.20644581
vt 0.04818201 0.19827327
vt 0.062367678 0.20135346
vt 0.031370133 0.2048833
vt 0.015123993 0.20438784
vt 0.031592518 0.19645348
vt 0.015123993 0.19565031
vt 0.03255254 0.18676496
vt 0.015123993 0.18548435
vt 0.06588626 0.19378465
vt 0.034763485 0.16779578
vt 0.015123993 0.16696274
vt 0.015123993 0.13704324
vt 0.050558865 0.1891042
vt 0.07992703 0.20014983
vt 0.055074245 0.17110872
vt 0.07368997 0.17684397
vt 0.092648596 0.1866267
vt 0.084100276 0.15443769
vt 0.061095953 0.14427817
vt 0.03871739 0.13830212
vt 0.1130203 0.20184898
vt 0.10813123 0.16860023
vt 0.13489424 0.19000313
vt 0.042785585 0.10550705
vt 0.015123993 0.101838805
vt 0.015123993 0.08227048
vt 0.06887537 0.111934274
vt 0.09867531 0.12531286
vt 0.04593774 0.08384362
vt 0.025537571 0.06822412
vt 0.16898546 0.1656977
vt 0.13036485 0.14119965
vt 0.07698094 0.087112
vt 0.057893544 0.07074893
vt 0.04011569 0.052449666
vt 0.19820122 0.13589785
vt 0.15037714 0.11090989
vt 0.17672402 0.090940386
vt 0.11284069 0.095963046
vt 0.22256738 0.11735202
vt 0.24857518 0.10301802
vt 0.078333475 0.056028932
vt 0.06329899 0.03690266
vt 0.08504186 0.07412721
vt 0.1203427 0.08012603
vt 0.12671265 0.07217203
vt 0.100905485 0.040259935
vt 0.07730468 0.029245658
vt 0.14610073 0.056977026
vt 0.16254413 0.048721023
vt 0.091310345 0.02158866
vt 0.17793363 0.04078202
vt 0.20195195 0.07904738
vt 0.23068523 0.067141384
vt 0.24677771 0.05905539
vt 0.27571285 0.089408025
vt 0.29951057 0.08000503
vt 0.32168794 0.117365204
vt 0.35003236 0.108312204
vt 0.29044732 0.1293722
vt 0.3436023 0.16962919
vt 0.37654603 0.15705119
vt 0.40981755 0.14564519
vt 0.38636023 0.21680719
vt 0.43544912 0.20770119
vt 0.48609996 0.20309319
vt 0.492178 0.25697222
vt 0.5327901 0.25768024
vt 0.5603693 0.28940424
vt 0.54583573 0.28964522
vt 0.60441834 0.35855523
vt 0.6700095 0.47207218
vt 0.6537504 0.49801317
vt 0.6742275 0.50345916
vt 0.64193845 0.4858752
vt 0.63210845 0.4710782
vt 0.66650546 0.4355312
vt 0.6266674 0.45216018
vt 0.6236985 0.4324802
vt 0.62897646 0.4052952
vt 0.6661835 0.39683717
vt 0.6686255 0.3783072
vt 0.6715554 0.35230818
vt 0.63655245 0.3771202
vt 0.6453054 0.3534272
vt 0.65314746 0.34228718
vt 0.67432547 0.32629418
vt 0.705472 0.348551
vt 0.743487 0.323134
vt 0.687316 0.306112
vt 0.733493 0.354766
vt 0.715157 0.406101
vt 0.752527 0.361502
vt 0.771098 0.338074
vt 0.739168 0.418521
vt 0.71732 0.461037
vt 0.773044 0.389598
vt 0.805538 0.381598
vt 0.77165 0.449096
vt 0.810633 0.436822
vt 0.847104 0.429644
vt 0.790002 0.475813
vt 0.832186 0.485543
vt 0.865985 0.487536
vt 0.832505 0.516865
vt 0.862337 0.531319
vt 0.790802 0.522443
vt 0.822643 0.552536
vt 0.848587 0.572482
vt 0.819101 0.599854
vt 0.804177 0.579171
vt 0.779726 0.609019
vt 0.765298 0.545094
vt 0.778367 0.588751
vt 0.734158 0.590424
vt 0.736052 0.569869
vt 0.713754 0.552413
vt 0.712634 0.526986
vt 0.733237 0.538846
vt 0.86037517 0.8040214
vt 0.8469414 0.7852416
vt 0.8192244 0.83225036
vt 0.8161999 0.7891022
vt 0.8355394 0.77215225
vt 0.82552725 0.7617158
vt 0.8079121 0.74899995
vt 0.791302 0.74027014
vt 0.7897319 0.7886712
vt 0.79534894 0.84440684
vt 0.7620985 0.7349066
vt 0.76395786 0.8497517
vt 0.760527 0.7874111
vt 0.7225943 0.73585624
vt 0.7364822 0.84789026
vt 0.7330734 0.78468245
vt 0.7004173 0.74215174
vt 0.70983565 0.83937514
vt 0.7077231 0.78134924
vt 0.6795576 0.754051
vt 0.6903184 0.8264088
vt 0.6830121 0.7759843
vt 0.6552719 0.77079284
vt 0.67343605 0.80709183
vt 0.66437 0.79071397
vt 0.8613814 0.8966644
vt 0.8543749 0.9108942
vt 0.8543432 0.90596867
vt 0.8473684 0.92512405
vt 0.8473049 0.9152729
vt 0.8281522 0.9319965
vt 0.8290099 0.94196296
vt 0.80585283 0.94969434
vt 0.8068071 0.95874566
vt 0.7752372 0.96128184
vt 0.7762541 0.97364086
vt 0.73730665 0.9674263
vt 0.8074971 0.9669499
vt 0.7373569 0.9804216
vt 0.8335121 0.9563802
vt 0.83180505 0.9494471
vt 0.84990376 0.93905467
vt 0.68683016 0.968956
vt 0.6839541 0.9840146
vt 0.6294809 0.9661606
vt 0.62464404 0.9799647
vt 0.5749266 0.9594056
vt 0.5764147 0.9748432
vt 0.54066694 0.9727155
vt 0.53681105 0.95389944
vt 0.4936331 0.95664567
vt 0.5828944 0.8842543
vt 0.5707874 0.8834377
vt 0.59657204 0.86275804
vt 0.57603925 0.9001314
vt 0.5527071 0.89959836
vt 0.5731106 0.9169324
vt 0.5416374 0.9228579
vt 0.6689799 0.72221243
vt 0.6552719 0.77079284
vt 0.6816829 0.7180206
vt 0.6795576 0.754051
vt 0.7016212 0.7136352
vt 0.7004173 0.74215174
vt 0.7225943 0.73585624
vt 0.7219372 0.7122291
vt 0.75034416 0.7121067
vt 0.7620985 0.7349066
vt 0.772683 0.71459293
vt 0.79186577 0.7199112
vt 0.791302 0.74027014
vt 0.8105891 0.7270717
vt 0.8079121 0.74899995
vt 0.82552725 0.7617158
vt 0.8251787 0.73260695
vt 0.84183884 0.74264127
vt 0.8355394 0.77215225
vt 0.85449713 0.7511127
vt 0.8469414 0.7852416
vt 0.86037517 0.8040214
vt 0.86544544 0.75893956
vt 0.6903184 0.8264088
vt 0.67343605 0.80709183
vt 0.67089766 0.8477124
vt 0.6886075 0.8600348
vt 0.70983565 0.83937514
vt 0.7063574 0.8687605
vt 0.7364822 0.84789026
vt 0.7279023 0.87742555
vt 0.754789 0.8812808
vt 0.76395786 0.8497517
vt 0.78701365 0.87577206
vt 0.79534894 0.84440684
vt 0.8211698 0.8618177
vt 0.8192244 0.83225036
vt 0.8357904 0.850856
vt 0.86037517 0.8040214
vt 0.8435697 0.845518
vt 0.6351158 0.8173804
vt 0.65272 0.83270955
vt 0.67343605 0.80709183
vt 0.66437 0.79071397
vt 0.6552719 0.77079284
vt 0.5416374 0.9228579
vt 0.53681105 0.95389944
vt 0.4936331 0.95664567
vt 0.5775817 0.9297951
vt 0.5749266 0.9594056
vt 0.5918628 0.9383136
vt 0.61768043 0.9437936
vt 0.6294809 0.9661606
vt 0.6796612 0.950805
vt 0.68683016 0.968956
vt 0.73223513 0.94924563
vt 0.73730665 0.9674263
vt 0.7722431 0.941114
vt 0.7752372 0.96128184
vt 0.80585283 0.94969434
vt 0.8021426 0.92788845
vt 0.8281522 0.9319965
vt 0.82227695 0.91365534
vt 0.8473049 0.9152729
vt 0.8381574 0.89985186
vt 0.8543432 0.90596867
vt 0.8497694 0.8982581
vt 0.8613814 0.8966644
vt 0.84990376 0.93905467
vt 0.83180505 0.9494471
vt 0.8290099 0.94196296
vt 0.8068071 0.95874566
vt 0.19851117 0.45154002
vt 0.22766009 0.4504775
vt 0.22657779 0.44453377
vt 0.2501658 0.4448678
vt 0.25049108 0.45253316
vt 0.27103847 0.45093882
vt 0.27007133 0.45665142
vt 0.2868128 0.46499744
vt 0.91078115 0.14863482
vt 0.96475685 0.15146217
vt 0.9512471 0.09668314
vt 0.8993908 0.10500606
vt 0.85662663 0.15034834
vt 0.93429935 0.04929402
vt 0.84573555 0.113929115
vt 0.883429 0.063866846
vt 0.91677034 0.015484985
vt 0.8337878 0.07814085
vt 0.8690971 0.03429356
vt 0.8225763 0.052093323
vt 0.15411887 0.50821984
vt 0.15339953 0.4869194
vt 0.14306347 0.4965504
vt 0.13200808 0.48488098
vt 0.34858477 0.5072882
vt 0.35463852 0.48246217
vt 0.33640668 0.4834661
vt 0.39139175 0.5026541
vt 0.7562147 0.06042496
vt 0.7189153 0.0979314
vt 0.7162981 0.086756825
vt 0.71051854 0.07432621
vt 0.67218894 0.095436335
vt 0.6740259 0.10762164
vt 0.6678327 0.082566336
vt 0.6236716 0.11235902
vt 0.6219425 0.10024911
vt 0.6171902 0.088087
vt 0.56087905 0.10575571
vt 0.56051654 0.09390182
vt 0.55728316 0.08413162
vt 0.49860764 0.08964452
vt 0.4980979 0.08005865
vt 0.49566415 0.07104961
vt 0.44286633 0.069209956
vt 0.4435697 0.062102094
vt 0.44288498 0.05565904
vt 0.3725447 0.039551143
vt 0.6236716 0.11235902
vt 0.6740259 0.10762164
vt 0.67218894 0.095436335
vt 0.7189153 0.0979314
vt 0.6219425 0.10024911
vt 0.56087905 0.10575571
vt 0.7162981 0.086756825
vt 0.7562147 0.06042496
vt 0.71051854 0.07432621
vt 0.6678327 0.082566336
vt 0.6171902 0.088087
vt 0.56051654 0.09390182
vt 0.49860764 0.08964452
vt 0.55728316 0.08413162
vt 0.4980979 0.08005865
vt 0.44286633 0.069209956
vt 0.49566415 0.07104961
vt 0.4435697 0.062102094
vt 0.3725447 0.039551143
vt 0.44288498 0.05565904
vt 0.12573212 0.26489618
vt 0.08357066 0.37259454
vt 0.43562642 0.50308317
vt 0.18797547 0.17392604
vt 0.06340134 0.48906443
vt 0.2650571 0.10546001
vt 0.067513525 0.60606235
vt 0.35117865 0.06384859
vt 0.09660649 0.7153043
vt 0.44101283 0.05125937
vt 0.15118778 0.8085727
vt 0.5308447 0.06811281
vt 0.22729498 0.87995094
vt 0.6165538 0.11368597
vt 0.31820512 0.92569643
vt 0.69221973 0.18547252
vt 0.4175414 0.94186527
vt 0.7515789 0.2788033
vt 0.51854503 0.9289302
vt 0.7889886 0.387679
vt 0.61420983 0.88717514
vt 0.8033901 0.50422984
vt 0.6963557 0.8187273
vt 0.79268926 0.62029606
vt 0.7578919 0.7280567
vt 0.7405417 0.26489618
vt 0.4306474 0.50308317
vt 0.78270316 0.37259454
vt 0.67829835 0.17392604
vt 0.8028725 0.48906443
vt 0.60121673 0.10546001
vt 0.7987603 0.60606235
vt 0.5150952 0.06384859
vt 0.7696673 0.7153043
vt 0.425261 0.05125937
vt 0.71508604 0.8085727
vt 0.33542913 0.06811281
vt 0.63897884 0.87995094
vt 0.24972005 0.11368597
vt 0.5480687 0.92569643
vt 0.1740541 0.18547252
vt 0.4487324 0.94186527
vt 0.1146949 0.2788033
vt 0.34772882 0.9289302
vt 0.07728521 0.387679
vt 0.252064 0.88717514
vt 0.06288376 0.50422984
vt 0.16991813 0.8187273
vt 0.07358458 0.62029606
vt 0.108381905 0.7280567
vt 0.8673993 0.8681593
vt 0.8673993 0.77506685
vt 0.9139455 0.77506703
vt 0.9604917 0.77506703
vt 0.82085294 0.77506703
vt 0.96049184 0.8216131
vt 0.7743068 0.77506685
vt 0.96049184 0.8681592
vt 0.7743068 0.8216131
vt 0.9604917 0.91470563
vt 0.7743068 0.8681593
vt 0.96049184 0.96125174
vt 0.7743068 0.91470563
vt 0.9139455 0.96125174
vt 0.77430665 0.96125185
vt 0.8673993 0.96125174
vt 0.82085305 0.96125185
vt 0.7743068 0.8681593
vt 0.8673993 0.8681593
vt 0.7743068 0.8216131
vt 0.7743068 0.91470563
vt 0.7743068 0.77506685
vt 0.77430665 0.96125185
vt 0.82085294 0.77506703
vt 0.82085305 0.96125185
vt 0.8673993 0.77506685
vt 0.8673993 0.96125174
vt 0.9139455 0.77506703
vt 0.9139455 0.96125174
vt 0.9604917 0.77506703
vt 0.96049184 0.96125174
vt 0.96049184 0.8216131
vt 0.9604917 0.91470563
vt 0.96049184 0.8681592
vt 0.111129045 0.25496253
vt 0.06623167 0.36709255
vt 0.08357066 0.37259454
vt 0.12573212 0.26489618
vt 0.06340134 0.48906443
vt 0.1773737 0.16018556
vt 0.045011044 0.48782992
vt 0.18797547 0.17392604
vt 0.067513525 0.60606235
vt 0.2585265 0.08936174
vt 0.049077928 0.6093108
vt 0.2650571 0.10546001
vt 0.09660649 0.7153043
vt 0.3480937 0.046238538
vt 0.0800845 0.72377425
vt 0.35117865 0.06384859
vt 0.15118778 0.8085727
vt 0.44076604 0.03309809
vt 0.13836366 0.82198197
vt 0.44101283 0.05125937
vt 0.22729498 0.87995094
vt 0.53345525 0.05054062
vt 0.21875805 0.8964401
vt 0.5308447 0.06811281
vt 0.31820512 0.92569643
vt 0.6226635 0.09766086
vt 0.3133073 0.9448125
vt 0.6165538 0.11368597
vt 0.4175414 0.94186527
vt 0.7024636 0.17187192
vt 0.41618118 0.9616125
vt 0.69221973 0.18547252
vt 0.51854503 0.9289302
vt 0.7658698 0.26916644
vt 0.5206265 0.94809395
vt 0.7515789 0.2788033
vt 0.61420983 0.88717514
vt 0.8059826 0.38270786
vt 0.62045974 0.90448743
vt 0.7889886 0.387679
vt 0.6963557 0.8187273
vt 0.8212628 0.5037684
vt 0.7073173 0.83306235
vt 0.8033901 0.50422984
vt 0.7578919 0.7280567
vt 0.81007576 0.6243809
vt 0.7734055 0.7376273
vt 0.79268926 0.62029606
vt 0.7551448 0.25496253
vt 0.7405417 0.26489618
vt 0.78270316 0.37259454
vt 0.6889001 0.16018556
vt 0.80004215 0.36709255
vt 0.67829835 0.17392604
vt 0.8028725 0.48906443
vt 0.6077473 0.08936174
vt 0.8212628 0.48782992
vt 0.60121673 0.10546001
vt 0.7987603 0.60606235
vt 0.51818013 0.046238538
vt 0.8171959 0.6093108
vt 0.5150952 0.06384859
vt 0.7696673 0.7153043
vt 0.42550778 0.03309809
vt 0.7861893 0.72377425
vt 0.425261 0.05125937
vt 0.71508604 0.8085727
vt 0.3328186 0.05054062
vt 0.72791016 0.82198197
vt 0.33542913 0.06811281
vt 0.63897884 0.87995094
vt 0.24361034 0.09766086
vt 0.6475158 0.8964401
vt 0.24972005 0.11368597
vt 0.5480687 0.92569643
vt 0.16381018 0.17187192
vt 0.55296654 0.9448125
vt 0.1740541 0.18547252
vt 0.4487324 0.94186527
vt 0.10040405 0.26916644
vt 0.45009264 0.9616125
vt 0.1146949 0.2788033
vt 0.34772882 0.9289302
vt 0.060291253 0.38270786
vt 0.34564734 0.94809395
vt 0.07728521 0.387679
vt 0.252064 0.88717514
vt 0.04501103 0.5037684
vt 0.2458141 0.90448743
vt 0.06288376 0.50422984
vt 0.16991813 0.8187273
vt 0.056198046 0.6243809
vt 0.15895654 0.83306235
vt 0.07358458 0.62029606
vt 0.108381905 0.7280567
vt 0.092868306 0.7376273
vn 0.8317057 0.30069527 0.4667418
vn 0.17435983 0.83358675 0.52414846
vn -0.14533836 0.87970626 0.45276216
vn 0.5680364 0.78721 -0.24007326
vn 0.5741384 0.7485786 -0.33165509
vn 0.551053 0.8193132 -0.15832365
vn 0.55509907 0.761882 -0.33376774
vn 0.551053 0.8193132 -0.15832365
vn 0.5741384 0.7485786 -0.33165509
vn -0.8317016 0.30069602 0.46674865
vn 0.14533837 0.8797054 0.45276394
vn -0.17436059 0.8335869 0.52414817
vn -0.56805396 0.787201 -0.24006104
vn -0.551048 0.81931955 -0.15830897
vn -0.57411915 0.74859774 -0.33164543
vn -0.5550591 0.7619108 -0.33376846
vn -0.57411915 0.74859774 -0.33164543
vn -0.551048 0.81931955 -0.15830897
vn -0.21604885 0.6859631 0.69482195
vn -0.8304364 -0.5533651 0.06451651
vn 0.106191754 -0.52190435 0.84636825
vn -0.3705269 0.8965195 0.24282238
vn -0.2295937 0.8234808 0.51881206
vn -0.3153014 0.87500143 0.36736575
vn -0.9754767 -0.20866556 0.070027255
vn 0.4908028 0.7735144 0.40098402
vn -0.65067184 -0.49484453 -0.57598174
vn -0.58767295 0.69298106 -0.41763344
vn -0.5319859 0.84190285 0.090501726
vn -0.56618744 0.82068 -0.07691533
vn -0.65067184 -0.49484453 -0.57598174
vn -0.4484702 -0.67142755 -0.58996564
vn -0.6136474 -0.7548958 -0.23145032
vn 0.908315 0.41626665 -0.041059516
vn 0.8984454 0.38734636 0.20678172
vn 0.9001797 0.43499255 -0.021401541
vn 0.21604933 0.6859626 0.69482225
vn -0.10619082 -0.52190447 0.84636825
vn 0.8307135 -0.5529212 0.06475497
vn 0.3692189 0.8969346 0.24328102
vn 0.31230503 0.8753082 0.3691898
vn 0.2254037 0.8229419 0.52149755
vn 0.97324276 -0.21199621 0.08863509
vn 0.6461237 -0.49079466 -0.58450377
vn -0.48955867 0.7700121 0.4091622
vn 0.5885487 0.6931299 -0.41615075
vn 0.56605655 0.8208625 -0.07592647
vn 0.5317727 0.8420174 0.090688735
vn 0.6461237 -0.49079466 -0.58450377
vn 0.6164221 -0.7516967 -0.23446952
vn 0.4533323 -0.65617317 -0.6032633
vn -0.9074576 0.41832438 -0.039055664
vn -0.8996607 0.43560684 -0.029279917
vn -0.8971092 0.3896133 0.2083183
vn -3.463737E-07 0.28342438 0.9589945
vn -0.18107647 0.58106136 0.7934602
vn -4.0139807E-07 0.57882863 0.8154492
vn -0.5394248 0.1853158 0.8213885
vn -0.5963 0.44572872 0.66764677
vn -0.99825174 0.023492102 0.054234724
vn 2.0292932E-06 -0.18492137 0.9827533
vn -0.5618671 -0.16126339 0.8113566
vn -0.98709536 -0.050428174 -0.15198559
vn -0.53618234 -0.33513406 0.77472174
vn 4.329395E-06 -0.3057462 0.95211303
vn -0.9554192 -0.25515738 -0.14855656
vn -0.37357628 -0.5939935 0.71246934
vn -0.7351371 -0.66523975 -0.13049768
vn 1.8892465E-06 -0.6151111 0.7884405
vn -0.23316817 -0.9646378 -0.1229089
vn -2.3327728E-07 -0.99622065 -0.08685935
vn -0.23316817 -0.9646378 -0.1229089
vn -2.3327728E-07 -0.99622065 -0.08685935
vn -2.1027743E-07 -0.38352352 -0.9235312
vn -0.33208674 -0.3825004 -0.86221343
vn -0.7351371 -0.66523975 -0.13049768
vn -3.6816155E-07 0.041305125 -0.9991466
vn -0.42105776 -0.025331566 -0.90668
vn -0.9554192 -0.25515738 -0.14855656
vn -5.711104E-07 0.10238345 -0.994745
vn -0.47077176 0.0715375 -0.87934995
vn -0.98709536 -0.050428174 -0.15198559
vn -0.99825174 0.023492102 0.054234724
vn -0.4723218 0.07418415 -0.87829876
vn -3.1913407E-07 0.084159486 -0.99645233
vn -0.1824944 -0.7495197 0.6363301
vn 6.05277E-07 -0.7830477 0.6219617
vn -6.432137E-07 -0.9843391 -0.17628516
vn -0.2823992 -0.9530605 -0.10920781
vn -0 -0.86656183 -0.49906966
vn -0.4244675 -0.6063529 0.67243105
vn -0.22571538 -0.8281013 -0.5131284
vn 1.5195455E-07 0.083910055 -0.9964734
vn -0.022022469 0.05256644 -0.9983746
vn -0.52582127 -0.6783923 -0.51312387
vn -0.080175266 0.05416246 -0.9953082
vn -0.5918429 -0.80270326 -0.07341317
vn -0.75190234 -0.4072394 -0.5184583
vn -0.09588306 0.068642996 -0.9930229
vn -0.86078453 -0.49753255 -0.10729057
vn -0.6466052 -0.4218351 0.63557595
vn -0.8141 -0.13844472 -0.5639807
vn -0.048953906 0.122105844 -0.99130905
vn -0.9629554 -0.23757021 -0.12758201
vn -0.7164502 -0.27627167 0.6406037
vn -0.7969237 0.025011593 -0.60356194
vn -0.0128676845 0.21089675 -0.9774237
vn -0.98946476 -0.121029794 -0.07944348
vn -0.6919762 -0.24720734 0.67827547
vn -0.93056643 0.36182502 0.055934552
vn -0.66547364 0.13023275 0.7349723
vn -0.7644826 0.4352065 -0.47556454
vn -0.04198422 0.981536 0.18661296
vn 0.00095201324 0.60639054 0.7951663
vn 0.0738669 0.9686766 -0.23708504
vn 0.00079140515 0.4722505 -0.88146406
vn 0.0738669 0.9686766 -0.23708504
vn 0.8107826 0.46437693 -0.35635045
vn 0.84990245 0.18741679 -0.4924841
vn 0.8372121 0.23233494 -0.49507216
vn -0.048953906 0.122105844 -0.99130905
vn 0.7645582 0.4442492 -0.4670047
vn -0.09588306 0.068642996 -0.9930229
vn 0.54924315 0.7486601 -0.37126806
vn -0.080175266 0.05416246 -0.9953082
vn 0.5936312 0.24930926 0.76514506
vn 0.6910913 0.026181364 0.722293
vn 0.84990245 0.18741679 -0.4924841
vn 0.68896323 -0.1057132 0.71704566
vn 0.4024295 0.4765823 0.78161365
vn 0.6834993 0.20483953 0.7006208
vn -0.04198422 0.981536 0.18661296
vn 0.0738669 0.9686766 -0.23708504
vn 0.00095201324 0.60639054 0.7951663
vn 0.24920167 0.93287534 -0.26008102
vn -0.022022469 0.05256644 -0.9983746
vn 0.1623508 0.56600505 0.80825776
vn 1.2183959E-07 0.9780937 -0.20816468
vn 1.5195455E-07 0.083910055 -0.9964734
vn -2.3922945E-07 0.57751936 0.816377
vn -0 -0.979298 -0.20242387
vn -0.22219317 -0.9308523 0.29007638
vn 1.0134498E-07 -0.96231186 0.27194825
vn -0.25518945 -0.9508857 -0.17519951
vn -0.15833429 -0.58876127 -0.7926477
vn -3.0042492E-07 -0.56396085 -0.82580155
vn -0.3964659 -0.47088653 -0.78808665
vn -0.55539346 -0.8258057 -0.09789253
vn -0.8223485 -0.5631962 0.08095197
vn -0.67030936 -0.2953459 -0.6807762
vn -0.5078294 -0.7748455 0.37646207
vn -0.9373835 -0.2737554 0.21533777
vn -0.7827552 -0.057505947 -0.61966723
vn -0.6704546 -0.5375275 0.51142436
vn -0.9476217 -0.17888539 0.2646
vn -0.76116747 0.056663956 -0.64607537
vn -0.677838 -0.29129946 0.67504096
vn -0.87936246 0.19547868 0.43417695
vn -0.7600339 0.42275915 -0.49358195
vn -0.2816864 0.92267585 -0.263291
vn -0.14533836 0.87970626 0.45276216
vn -0.634091 -0.23738548 0.735919
vn -0.6186059 0.17720594 0.7654573
vn 0.17435983 0.83358675 0.52414846
vn 0.093404695 0.0907482 0.99148387
vn 0.17435983 0.83358675 0.52414846
vn 0.8317057 0.30069527 0.4667418
vn 0.14878686 -0.22425206 0.9631061
vn 0.9126077 -0.043188825 0.40654892
vn 0.90340865 0.06908691 0.4231784
vn 0.123440646 -0.17977673 0.97593176
vn 0.123440646 -0.17977673 0.97593176
vn 0.018170651 -0.17305669 0.98474425
vn 0.018170651 -0.17305669 0.98474425
vn -0.014263907 -0.20885876 0.97784173
vn 0.009900859 -0.1732309 0.98483145
vn -1.9043807E-07 -0.10305982 0.99467516
vn 1.0134498E-07 -0.96231186 0.27194825
vn 0.7869271 0.34395206 0.5122918
vn -0.014263907 -0.20885876 0.97784173
vn 0.5369968 0.6216109 0.57029325
vn 0.24427338 0.7759605 0.58156323
vn 0.009900859 -0.1732309 0.98483145
vn 3.090922E-07 0.82464826 0.5656458
vn -1.9043807E-07 -0.10305982 0.99467516
vn 0.18859372 0.78274655 -0.5930769
vn 5.7940224E-07 0.8498527 -0.52702034
vn 0.4143324 0.6492779 -0.6377827
vn 0.5252536 0.41715628 -0.7416801
vn 0.90340865 0.06908691 0.4231784
vn 0.5810069 0.2741388 -0.7663413
vn 0.64234173 0.21377082 -0.7360021
vn 0.9126077 -0.043188825 0.40654892
vn 0.8317057 0.30069527 0.4667418
vn 0.62452763 0.63221776 -0.45854768
vn -0.14533836 0.87970626 0.45276216
vn 0.62452763 0.63221776 -0.45854768
vn 0.8317057 0.30069527 0.4667418
vn -0.2816864 0.92267585 -0.263291
vn 0.5741384 0.7485786 -0.33165509
vn 0.5680364 0.78721 -0.24007326
vn 0.6548096 0.7549347 0.036027428
vn 0.56265867 0.78125113 0.27029976
vn 0.68318063 0.54501754 0.48602483
vn 0.4877453 0.76538134 0.4198759
vn 0.902405 0.4005821 0.15874235
vn 0.32586265 0.7873391 0.5233648
vn 0.56265867 0.78125113 0.27029976
vn 0.39773992 0.6830176 0.61260915
vn 0.44389373 0.35998338 0.8205914
vn 0.2748305 0.7696031 0.5763499
vn 0.39773992 0.6830176 0.61260915
vn 0.3315274 0.6983195 0.6343811
vn 0.22191307 0.747189 0.6264689
vn 0.1903952 0.42320278 0.8858042
vn 0.21109839 0.78446144 0.58314455
vn 0.16548373 0.8011602 0.5751151
vn 6.091971E-06 0.81107616 0.58494055
vn 1.0873769E-06 0.82990026 0.55791175
vn 2.3962351E-05 0.42929474 0.9031645
vn 2.6666132E-05 -0.090771884 0.9958717
vn 0.13539301 -0.0960479 0.9861255
vn 0.44389373 0.35998338 0.8205914
vn 0.15455829 -0.68936545 0.70773375
vn 1.2845926E-05 -0.6790256 0.7341145
vn 0.44713446 -0.6596447 0.60410225
vn 0.491369 -0.094984144 0.8657566
vn 0.68318063 0.54501754 0.48602483
vn 0.8653127 -0.019573674 0.50085
vn 0.902405 0.4005821 0.15874235
vn 0.9884262 0.03634004 0.14728563
vn 0.85127616 -0.43969905 0.2863453
vn 0.417579 -0.8739186 -0.24878544
vn 0.94401217 -0.32338068 -0.06531364
vn 0.15455829 -0.68936545 0.70773375
vn -5.0450777E-05 -0.95942885 -0.28195077
vn 1.2845926E-05 -0.6790256 0.7341145
vn 0.22505812 -0.32137725 -0.9198182
vn -0.00054629 -0.29812226 -0.9545275
vn 0.25276202 0.309685 -0.91662776
vn -0.0004332462 0.31802657 -0.94808173
vn 0.31058386 0.76543784 -0.56359786
vn -0.0001702398 0.77620757 -0.6304774
vn -1.1646267E-06 0.9605667 -0.2780498
vn 0.49510208 -0.30828005 -0.8123037
vn 0.53952897 0.29386687 -0.78901887
vn 0.48563272 0.74305415 -0.46046862
vn 0.31135663 0.91612047 -0.25254813
vn 0.8274076 -0.32452157 -0.45834753
vn 0.94401217 -0.32338068 -0.06531364
vn 0.86506873 0.22300792 -0.44935903
vn 0.7644453 0.6088802 -0.21186809
vn 0.9883973 0.10949237 -0.10527211
vn 0.9884262 0.03634004 0.14728563
vn 0.8840934 0.44815674 -0.13241763
vn 0.902405 0.4005821 0.15874235
vn 0.19950095 0.9286595 -0.31271538
vn 2.3620457E-06 0.9516232 -0.3072673
vn 0.31355217 0.8958188 -0.31495038
vn 0.42233017 0.8544625 -0.30254093
vn 0.447278 0.87215644 -0.1982059
vn 0.4890216 0.8179966 -0.302885
vn 0.5371202 0.78088045 -0.31894782
vn 0.52911955 0.83473253 -0.15249331
vn 0.55509907 0.761882 -0.33376774
vn 0.551053 0.8193132 -0.15832365
vn 0.52911955 0.83473253 -0.15249331
vn 0.6548096 0.7549347 0.036027428
vn 0.4877453 0.76538134 0.4198759
vn 0.56265867 0.78125113 0.27029976
vn 0.5680364 0.78721 -0.24007326
vn 0.551053 0.8193132 -0.15832365
vn 0.6513325 0.6775452 -0.34161165
vn -2.3922945E-07 0.57751936 0.816377
vn 6.05277E-07 -0.7830477 0.6219617
vn -0.1824944 -0.7495197 0.6363301
vn 0.1623508 0.56600505 0.80825776
vn 0.4024295 0.4765823 0.78161365
vn -0.4244675 -0.6063529 0.67243105
vn -0.6466052 -0.4218351 0.63557595
vn 0.5936312 0.24930926 0.76514506
vn -0.7164502 -0.27627167 0.6406037
vn 0.6910913 0.026181364 0.722293
vn -0.6919762 -0.24720734 0.67827547
vn 0.68896323 -0.1057132 0.71704566
vn 0.6834993 0.20483953 0.7006208
vn -0.66547364 0.13023275 0.7349723
vn 0.00095201324 0.60639054 0.7951663
vn -3.0042492E-07 -0.56396085 -0.82580155
vn 5.7940224E-07 0.8498527 -0.52702034
vn 0.18859372 0.78274655 -0.5930769
vn -0.15833429 -0.58876127 -0.7926477
vn 0.4143324 0.6492779 -0.6377827
vn -0.3964659 -0.47088653 -0.78808665
vn 0.5252536 0.41715628 -0.7416801
vn -0.67030936 -0.2953459 -0.6807762
vn -0.7827552 -0.057505947 -0.61966723
vn 0.5810069 0.2741388 -0.7663413
vn -0.76116747 0.056663956 -0.64607537
vn 0.64234173 0.21377082 -0.7360021
vn -0.7600339 0.42275915 -0.49358195
vn 0.62452763 0.63221776 -0.45854768
vn -0.2816864 0.92267585 -0.263291
vn -3.463737E-07 0.28342438 0.9589945
vn -4.0139807E-07 0.57882863 0.8154492
vn 0.18107636 0.581062 0.79345965
vn 0.53942835 0.1853168 0.8213858
vn 0.59630275 0.44573295 0.6676415
vn 0.998252 0.023491606 0.05423214
vn 2.0292932E-06 -0.18492137 0.9827533
vn 0.5618658 -0.16126752 0.8113566
vn 0.9870957 -0.05042911 -0.15198287
vn 0.5361845 -0.3351346 0.77471995
vn 4.329395E-06 -0.3057462 0.95211303
vn 0.9554197 -0.25515792 -0.14855134
vn 0.37357542 -0.5939883 0.71247417
vn 0.7351373 -0.6652403 -0.13049394
vn 1.8892465E-06 -0.6151111 0.7884405
vn 0.23316802 -0.96463794 -0.12290808
vn -2.3327728E-07 -0.99622065 -0.08685935
vn 0.23316802 -0.96463794 -0.12290808
vn -2.1027743E-07 -0.38352352 -0.9235312
vn -2.3327728E-07 -0.99622065 -0.08685935
vn 0.33208722 -0.3825012 -0.8622129
vn 0.7351373 -0.6652403 -0.13049394
vn -3.6816155E-07 0.041305125 -0.9991466
vn 0.42105752 -0.02533205 -0.9066801
vn 0.9554197 -0.25515792 -0.14855134
vn -5.711104E-07 0.10238345 -0.994745
vn 0.47077215 0.07153808 -0.87934977
vn 0.9870957 -0.05042911 -0.15198287
vn 0.998252 0.023491606 0.05423214
vn 0.47232407 0.07418338 -0.8782977
vn -3.1913407E-07 0.084159486 -0.99645233
vn 0.18249248 -0.7495203 0.63632995
vn -6.432137E-07 -0.9843391 -0.17628516
vn 6.05277E-07 -0.7830477 0.6219617
vn 0.28240156 -0.95305985 -0.109206855
vn -0 -0.86656183 -0.49906966
vn 0.42447078 -0.6063522 0.67242956
vn 0.22571377 -0.8281013 -0.5131292
vn 1.5195455E-07 0.083910055 -0.9964734
vn 0.022023285 0.05256456 -0.9983747
vn 0.5258217 -0.67839164 -0.51312405
vn 0.08017132 0.05416527 -0.99530834
vn 0.5918418 -0.80270404 -0.07341369
vn 0.75190157 -0.40724015 -0.51845866
vn 0.095886946 0.068640634 -0.9930227
vn 0.8607843 -0.49753436 -0.10728477
vn 0.646602 -0.42183343 0.6355804
vn 0.8140993 -0.1384446 -0.5639818
vn 0.048957516 0.12210548 -0.9913089
vn 0.96295685 -0.23757276 -0.12756659
vn 0.716437 -0.2762712 0.6406187
vn 0.79692215 0.025013866 -0.60356396
vn 0.012871183 0.21089481 -0.977424
vn 0.9894657 -0.12103066 -0.07942987
vn 0.69196475 -0.24720784 0.67828697
vn 0.9305671 0.3618227 0.05594033
vn 0.66546863 0.13022842 0.7349776
vn 0.7644823 0.43520546 -0.475566
vn 0.041987132 0.98153543 0.18661536
vn -0.0009524008 0.6063892 0.7951674
vn -0.07385659 0.9686781 -0.23708227
vn -0.0007673055 0.4722488 -0.881465
vn -0.07385659 0.9686781 -0.23708227
vn -0.81077254 0.46437773 -0.35637224
vn -0.84990025 0.18741366 -0.49248934
vn -0.8372113 0.23233487 -0.4950735
vn 0.048957516 0.12210548 -0.9913089
vn -0.76455617 0.4442509 -0.4670064
vn 0.095886946 0.068640634 -0.9930227
vn -0.5492436 0.7486598 -0.3712679
vn 0.08017132 0.05416527 -0.99530834
vn -0.59362984 0.2493077 0.76514655
vn -0.6910925 0.02618216 0.7222919
vn -0.84990025 0.18741366 -0.49248934
vn -0.68896383 -0.105713844 0.71704483
vn -0.4024289 0.47658166 0.7816143
vn -0.6834986 0.20483786 0.7006219
vn 0.041987132 0.98153543 0.18661536
vn -0.07385659 0.9686781 -0.23708227
vn -0.0009524008 0.6063892 0.7951674
vn -0.24920315 0.9328745 -0.2600825
vn 0.022023285 0.05256456 -0.9983747
vn -0.16235021 0.56600654 0.8082568
vn 1.2183959E-07 0.9780937 -0.20816468
vn 1.5195455E-07 0.083910055 -0.9964734
vn -2.3922945E-07 0.57751936 0.816377
vn -0 -0.979298 -0.20242387
vn 1.0134498E-07 -0.96231186 0.27194825
vn 0.2221945 -0.93085176 0.2900769
vn 0.25519142 -0.9508852 -0.17519955
vn 0.15833583 -0.5887615 -0.79264724
vn -3.0042492E-07 -0.56396085 -0.82580155
vn 0.396465 -0.4708844 -0.78808844
vn 0.55539435 -0.8258049 -0.09789411
vn 0.8223487 -0.56319594 0.08095009
vn 0.6703094 -0.2953471 -0.6807756
vn 0.5078291 -0.7748454 0.3764629
vn 0.93738353 -0.27375498 0.21533786
vn 0.7827567 -0.057507284 -0.61966515
vn 0.6704541 -0.53752863 0.51142395
vn 0.947621 -0.17888615 0.26460204
vn 0.76116943 0.056661963 -0.6460731
vn 0.67783904 -0.29129985 0.6750397
vn 0.8793597 0.19547915 0.43418244
vn 0.7600382 0.42276058 -0.4935741
vn 0.28168434 0.92267656 -0.26329052
vn 0.14533837 0.8797054 0.45276394
vn 0.6340924 -0.2373845 0.735918
vn 0.6186077 0.17720856 0.76545525
vn -0.17436059 0.8335869 0.52414817
vn -0.093390055 0.09074555 0.99148554
vn -0.17436059 0.8335869 0.52414817
vn -0.8317016 0.30069602 0.46674865
vn -0.14877972 -0.22425261 0.9631071
vn -0.91260535 -0.043191046 0.40655378
vn -0.9034067 0.06908626 0.4231825
vn -0.12343566 -0.17977732 0.97593224
vn -0.12343566 -0.17977732 0.97593224
vn -0.01817064 -0.17305838 0.9847439
vn -0.01817064 -0.17305838 0.9847439
vn 0.01426399 -0.20885906 0.97784173
vn -0.009902078 -0.1732296 0.9848317
vn -1.9043807E-07 -0.10305982 0.99467516
vn 1.0134498E-07 -0.96231186 0.27194825
vn -0.7869256 0.3439528 0.51229346
vn 0.01426399 -0.20885906 0.97784173
vn -0.5369968 0.62161046 0.57029355
vn -0.24427208 0.7759614 0.58156276
vn -0.009902078 -0.1732296 0.9848317
vn 3.090922E-07 0.82464826 0.5656458
vn -1.9043807E-07 -0.10305982 0.99467516
vn -0.18859266 0.7827466 -0.5930771
vn 5.7940224E-07 0.8498527 -0.52702034
vn -0.4143318 0.64927614 -0.63778496
vn -0.52525294 0.41715583 -0.7416808
vn -0.9034067 0.06908626 0.4231825
vn -0.5810028 0.2741386 -0.7663445
vn -0.64234173 0.2137697 -0.7360024
vn -0.91260535 -0.043191046 0.40655378
vn -0.8317016 0.30069602 0.46674865
vn -0.62452686 0.632219 -0.45854703
vn 0.14533837 0.8797054 0.45276394
vn -0.8317016 0.30069602 0.46674865
vn -0.62452686 0.632219 -0.45854703
vn 0.28168434 0.92267656 -0.26329052
vn -0.6548153 0.75493187 0.035984363
vn -0.56805396 0.787201 -0.24006104
vn -0.57411915 0.74859774 -0.33164543
vn -0.56264347 0.781237 0.27037203
vn -0.6831523 0.5450399 0.48603937
vn -0.90239227 0.4005955 0.15878108
vn -0.4877234 0.7653872 0.41989088
vn -0.32585943 0.7873367 0.52337044
vn -0.56264347 0.781237 0.27037203
vn -0.39775977 0.68298763 0.6126295
vn -0.44390637 0.3599976 0.82057834
vn -0.2748433 0.7696017 0.57634556
vn -0.39775977 0.68298763 0.6126295
vn -0.33156544 0.6982872 0.6343969
vn -0.22191963 0.747179 0.62647855
vn -0.19037713 0.42321292 0.88580334
vn -0.21109655 0.7844654 0.58314
vn -0.16548328 0.8011602 0.5751153
vn 6.091971E-06 0.81107616 0.58494055
vn 1.0873769E-06 0.82990026 0.55791175
vn 2.3962351E-05 0.42929474 0.9031645
vn 2.6666132E-05 -0.090771884 0.9958717
vn -0.13537377 -0.09605635 0.9861274
vn -0.44390637 0.3599976 0.82057834
vn -0.15455052 -0.6893717 0.7077294
vn 1.2845926E-05 -0.6790256 0.7341145
vn -0.44713205 -0.65965796 0.6040896
vn -0.49137133 -0.0949884 0.86575484
vn -0.6831523 0.5450399 0.48603937
vn -0.8652662 -0.01956977 0.50093055
vn -0.90239227 0.4005955 0.15878108
vn -0.98840964 0.036329348 0.14739889
vn -0.8512654 -0.4397086 0.28636277
vn -0.41753408 -0.8739134 -0.2488787
vn -0.9440206 -0.32336769 -0.06525657
vn -0.15455052 -0.6893717 0.7077294
vn -5.0450777E-05 -0.95942885 -0.28195077
vn 1.2845926E-05 -0.6790256 0.7341145
vn -0.22513406 -0.32142326 -0.91978353
vn -0.00054629 -0.29812226 -0.9545275
vn -0.2529735 0.3095664 -0.9166095
vn -0.0004332462 0.31802657 -0.94808173
vn -0.31068876 0.7653376 -0.56367624
vn -0.0001702398 0.77620757 -0.6304774
vn -1.1646267E-06 0.9605667 -0.2780498
vn -0.49454406 -0.30827275 -0.8126464
vn -0.53913677 0.29383805 -0.78929764
vn -0.48555386 0.7430119 -0.46062005
vn -0.31135732 0.91612047 -0.25254726
vn -0.8273132 -0.32454866 -0.45849884
vn -0.9440206 -0.32336769 -0.06525657
vn -0.8649897 0.22305553 -0.44948754
vn -0.76446164 0.60885674 -0.21187703
vn -0.98840743 0.10947009 -0.10520007
vn -0.98840964 0.036329348 0.14739889
vn -0.8841065 0.44813928 -0.13238846
vn -0.90239227 0.4005955 0.15878108
vn -0.19950284 0.9286595 -0.31271443
vn 2.3620457E-06 0.9516232 -0.3072673
vn -0.31355652 0.8958183 -0.31494758
vn -0.42232415 0.8544661 -0.30253926
vn -0.44727612 0.87215716 -0.19820708
vn -0.4890113 0.8180029 -0.30288497
vn -0.5371049 0.7808915 -0.3189464
vn -0.5291117 0.8347365 -0.15249822
vn -0.5550591 0.7619108 -0.33376846
vn -0.551048 0.81931955 -0.15830897
vn -0.5291117 0.8347365 -0.15249822
vn -0.6548153 0.75493187 0.035984363
vn -0.4877234 0.7653872 0.41989088
vn -0.56264347 0.781237 0.27037203
vn -0.56805396 0.787201 -0.24006104
vn -0.551048 0.81931955 -0.15830897
vn -0.65134495 0.67750585 -0.3416657
vn -2.3922945E-07 0.57751936 0.816377
vn 0.18249248 -0.7495203 0.63632995
vn 6.05277E-07 -0.7830477 0.6219617
vn -0.16235021 0.56600654 0.8082568
vn -0.4024289 0.47658166 0.7816143
vn 0.42447078 -0.6063522 0.67242956
vn 0.646602 -0.42183343 0.6355804
vn -0.59362984 0.2493077 0.76514655
vn 0.716437 -0.2762712 0.6406187
vn -0.6910925 0.02618216 0.7222919
vn 0.69196475 -0.24720784 0.67828697
vn -0.68896383 -0.105713844 0.71704483
vn -0.6834986 0.20483786 0.7006219
vn 0.66546863 0.13022842 0.7349776
vn -0.0009524008 0.6063892 0.7951674
vn -3.0042492E-07 -0.56396085 -0.82580155
vn -0.18859266 0.7827466 -0.5930771
vn 5.7940224E-07 0.8498527 -0.52702034
vn 0.15833583 -0.5887615 -0.79264724
vn -0.4143318 0.64927614 -0.63778496
vn 0.396465 -0.4708844 -0.78808844
vn -0.52525294 0.41715583 -0.7416808
vn 0.6703094 -0.2953471 -0.6807756
vn 0.7827567 -0.057507284 -0.61966515
vn -0.5810028 0.2741386 -0.7663445
vn 0.76116943 0.056661963 -0.6460731
vn -0.64234173 0.2137697 -0.7360024
vn 0.7600382 0.42276058 -0.4935741
vn -0.62452686 0.632219 -0.45854703
vn 0.28168434 0.92267656 -0.26329052
vn -0.54434013 -0.81817585 -0.1851544
vn -0.32525042 -0.9399617 -0.10336434
vn -0.114321485 -0.9931125 -0.025653588
vn 0.078913555 -0.99587435 0.044798333
vn 0.07891356 -0.99587435 0.04479834
vn -0.061261524 -0.57103205 0.8186387
vn -0.1936682 -0.68609226 0.7012632
vn -0.061261516 -0.57103205 0.8186387
vn -0.14318173 -0.644978 0.750668
vn -0.28827244 -0.75297123 0.5915516
vn -0.5647309 -0.76205844 -0.31677422
vn -0.5284532 -0.79400164 -0.30049738
vn -0.5439239 -0.78077906 -0.3074588
vn -0.50184095 -0.8100647 -0.30323377
vn -0.49787414 -0.8102188 -0.30930048
vn -0.46753252 -0.8105208 -0.352802
vn -0.45747238 -0.81018317 -0.36650008
vn -0.40493175 -0.81775016 -0.4090415
vn -0.4009926 -0.81891835 -0.41058218
vn -0.31719485 -0.8570995 -0.40591624
vn -0.3227548 -0.8542337 -0.4075711
vn -0.19779605 -0.9079202 -0.3695369
vn -0.21649426 -0.9012536 -0.37532935
vn -0.14030707 -0.92583627 -0.35091466
vn -0.9696944 0.060420364 -0.23673233
vn -0.8304364 -0.5533651 0.06451651
vn -0.21604885 0.6859631 0.69482195
vn -0.9878955 -0.027661974 -0.15263437
vn -0.9983339 0.0056397356 -0.0574258
vn -0.97589713 -0.17271172 0.13339931
vn -0.97234184 -0.1794399 0.1495082
vn -0.8796249 -0.3711232 0.29753578
vn -0.8767611 -0.32113263 0.35799974
vn -0.6589078 -0.4884571 0.5720579
vn -0.6620662 -0.57991683 0.47472602
vn -0.33322856 -0.6365599 0.6955216
vn -0.32522032 -0.7451841 0.58217895
vn -0 -0.6913544 0.72251576
vn -0 -0.8020261 0.597289
vn -3.665214E-06 -0.9390539 0.34376997
vn -0.9688288 -0.089748695 -0.2309024
vn -0.9945462 -0.10290227 -0.017004376
vn -0.97442526 -0.21858911 0.05209664
vn -0.9709746 -0.008838861 -0.23901908
vn -0.89418775 -0.40466955 -0.19149618
vn -0.9799529 -0.16668269 -0.10913014
vn -0.9755014 -0.065694615 -0.2099553
vn -0.958046 -0.008176182 -0.2864977
vn -0.8934469 -0.37719324 -0.24388063
vn -0.89804995 -0.37700552 -0.22665653
vn -0.95892984 -0.05884177 -0.27747285
vn -0.94170845 0.012455372 -0.33619943
vn -0.73415494 -0.41558775 -0.53693885
vn -0.9545918 -0.053499877 -0.293074
vn -0.8850112 0.12565376 -0.44829273
vn -0.54542184 0.32342184 -0.77324855
vn -0.9557733 -0.035902277 -0.29190484
vn -0.92348856 -0.2613032 -0.28087303
vn -0.9289102 -0.23098536 -0.28943345
vn -0.9380576 -0.241562 -0.24838659
vn -0.820786 -0.514656 -0.24786976
vn -0.84512454 -0.52052945 -0.12171126
vn -0.683551 -0.70191455 -0.20018454
vn -0.69664115 -0.7160871 -0.04370698
vn -0.9468936 -0.1947953 -0.2558266
vn -0.9413184 -0.007969439 -0.33742568
vn -0.6489578 -0.7522421 0.113954306
vn -0.55970114 -0.81818223 0.13157736
vn -0.61559874 -0.778453 0.12267468
vn -0.5156242 -0.8373592 0.1815522
vn -0.819191 -0.5657773 -0.0939272
vn -0.5664348 -0.80541337 0.17453074
vn -0.44112733 -0.8430916 0.30757636
vn -0.40888196 -0.8116267 0.41722614
vn -0.3349456 -0.8201478 0.46386316
vn -0.27565712 -0.7660354 0.58069193
vn -0.5595923 -0.8158942 0.14551012
vn -0.35961643 -0.7299963 0.58118975
vn -0.30193087 -0.55767983 0.77319527
vn -0.940912 -0.17486821 -0.2900096
vn -0.8349573 -0.5099235 -0.20694043
vn -0.39987946 -0.84729934 0.349543
vn -0.32350147 -0.68473655 0.6530563
vn -0.31477183 -0.66499835 0.67727095
vn -0.34601018 -0.52357733 0.77855235
vn -0.39350197 -0.7407449 0.5444752
vn -0.5094182 -0.68717366 0.51796275
vn -0.6369956 -0.7691852 -0.050899483
vn -0.3235638 -0.8537833 0.40787306
vn -0.46340516 -0.80333275 0.37404817
vn -0.56254464 -0.7845879 0.26070148
vn -0.3708739 -0.8584017 0.35439965
vn -0.43517783 -0.85583466 0.27958426
vn -0.5432744 -0.8393455 -0.018764788
vn -0.4719278 -0.872208 0.12859735
vn -0.3641669 -0.8911658 0.27056617
vn -0.8208676 -0.48997703 -0.2934259
vn -0.6544876 -0.73537296 -0.17570616
vn -0.52680695 -0.8493759 -0.03217067
vn -0.9165829 -0.1645614 -0.36441085
vn -0.90209347 0.04167949 -0.42952302
vn -0.8123084 0.25949 -0.5223218
vn -0.379079 -0.86394125 0.33151844
vn -0.43250787 -0.8908436 0.1390489
vn -0.48248014 -0.8415829 0.24279855
vn -0.54131067 -0.84048396 0.023865925
vn -0.5403989 -0.8050034 -0.24482374
vn -0.56623197 -0.7871237 -0.24457654
vn -0.48109955 -0.8307679 -0.2799427
vn -0.48000428 -0.8609734 -0.16828746
vn -0.47158128 -0.83784133 -0.27501467
vn -0.5949573 -0.7348391 -0.32563365
vn -0.35079956 -0.910131 -0.22045691
vn -0.43085596 -0.8228747 -0.37045956
vn -0.39606103 -0.87081265 -0.29124042
vn -0.1446585 -0.96265894 -0.22882691
vn -0.42278942 -0.7943146 -0.4362492
vn -0.3550708 -0.6816595 -0.63973826
vn -0.34966475 -0.69301754 -0.63044524
vn -0.3732576 -0.5853618 -0.71974325
vn -0.3747907 -0.586594 -0.71794105
vn -0.3419525 -0.5860607 -0.7345756
vn -0.33733556 -0.59060204 -0.7330716
vn -0.31834784 -0.62263924 -0.7148253
vn -0.31645814 -0.6347047 -0.7049854
vn -0.31744513 -0.6599851 -0.68091714
vn -0.32032782 -0.66567326 -0.67399496
vn -0.34661147 -0.6786858 -0.6474922
vn -0.36977583 -0.6835611 -0.6292933
vn -0.3966611 -0.70796824 -0.5843295
vn -0.6694427 -0.6580252 -0.34474528
vn -0.9754767 -0.20866556 0.070027255
vn -0.9516859 -0.24657229 -0.18301912
vn -0.65067184 -0.49484453 -0.57598174
vn -0.9799217 -0.11436844 -0.16331992
vn -0.95149237 -0.28516582 -0.11551045
vn -0.8868953 -0.4460631 -0.1201854
vn -0.69296306 -0.6760985 -0.25038576
vn -0.56947345 -0.7524887 -0.3308486
vn -0.52881116 -0.7675028 -0.3623511
vn -0.47079173 -0.7840724 -0.40445703
vn -0.4614946 -0.7846174 -0.41400263
vn -0.45017883 -0.80493534 -0.38654634
vn -0.473931 -0.80648524 -0.35351238
vn -0.42953256 -0.8045669 -0.41009006
vn -0.40573233 -0.8433663 -0.35229895
vn -0.38289362 -0.84328645 -0.3771741
vn -0.38289362 -0.84328645 -0.3771741
vn -0.35686883 -0.84421235 -0.3999378
vn -0.32516834 -0.86519074 -0.38172054
vn -0.3254314 -0.8598939 -0.39328977
vn -0.3254314 -0.8598939 -0.39328977
vn -0.34354478 -0.8534575 -0.3919022
vn -0.31223273 -0.8380896 -0.4473438
vn -0.34255296 -0.84771144 -0.405022
vn -0.28901234 -0.83683383 -0.4649527
vn -0.31223273 -0.8380896 -0.4473438
vn -0.37354767 -0.7810293 -0.5004553
vn -0.34255296 -0.84771144 -0.405022
vn -0.3628143 -0.8324145 -0.4188698
vn -0.27109432 -0.9083223 -0.3185254
vn -0.33098382 -0.9183764 -0.21687439
vn -0.40424472 -0.7945195 -0.45312813
vn -0.3975038 -0.8321903 -0.3865876
vn -0.46050978 -0.8671235 -0.18980947
vn -0.46792355 -0.834375 -0.2913176
vn -0.5628985 -0.8114844 -0.15696591
vn -0.55763316 -0.7963723 -0.23417197
vn -0.634562 -0.7604288 -0.13812728
vn -0.6256554 -0.7503885 -0.21324284
vn -0.7678167 -0.6337321 -0.09402764
vn -0.76616436 -0.61689764 -0.18008152
vn -0.7076899 -0.70430183 0.055981725
vn -0.50748134 -0.8607159 0.040382694
vn -0.86429954 -0.4952456 -0.08785276
vn -0.846859 -0.52667916 0.07374939
vn -0.9403849 -0.3401082 0.0015807305
vn -0.92396396 -0.35613316 0.13949837
vn -0.8351676 -0.5160068 0.19034709
vn -0.70563686 -0.6639436 0.24749884
vn -0.49884814 -0.81780994 0.28694493
vn -0.3022226 -0.9507528 0.068779
vn -0.27544218 -0.9068287 0.31905046
vn -0.16516139 -0.9815279 0.09656432
vn 1.2756492E-06 -0.99407107 0.10873193
vn 1.2720271E-05 -0.99341524 -0.11456931
vn -0.19285814 -0.9698335 -0.14909318
vn -0.224683 -0.93476427 -0.27519688
vn 6.0584098E-05 -0.96693176 -0.2550354
vn 7.948979E-05 -0.9616871 -0.27414972
vn -0.31804666 -0.8984863 -0.30260292
vn -0.39481696 -0.9016552 -0.17645764
vn 5.216734E-05 -0.98406476 -0.17781013
vn -4.1721425E-05 -0.9872437 0.15921623
vn -0.45732573 -0.8809832 0.12133358
vn -0.49768665 -0.86008024 0.112115785
vn -0.51692784 -0.7471208 0.41784713
vn -0.00013060696 -0.8467377 0.5320106
vn -0.4649573 -0.81666076 0.34187686
vn -0.55840963 -0.7563151 0.34083143
vn -0.5915222 -0.60408026 0.53403044
vn -0.00011604836 -0.6955154 0.7185112
vn -0.4317172 -0.86475563 0.25654987
vn -0.6544841 -0.65066236 0.3850831
vn -0.5255985 -0.78656256 0.32413816
vn -0.71763325 -0.6289486 0.2990419
vn -3.4745328E-05 -0.9489028 0.31556848
vn 3.861248E-06 -0.89164805 -0.45272908
vn -0.76340455 -0.6133447 0.20253833
vn -0.7183251 -0.6018446 -0.3489874
vn 2.143297E-05 -0.6246813 -0.78087986
vn -0.5791158 -0.80916 0.09942258
vn -0.47294477 -0.87842155 0.06854803
vn -0.56729186 -0.5898579 -0.5746719
vn 1.2491663E-05 -0.6215315 -0.7833893
vn -0.8334129 -0.52406 -0.17545389
vn -0.7272858 -0.6680424 -0.15739991
vn -0.34275138 -0.63054776 -0.69636995
vn -3.6130557E-06 -0.82208484 -0.56936496
vn -0.5410314 -0.75258344 -0.37537083
vn -0.23960358 -0.83302027 -0.49866563
vn -4.4223684E-06 -0.97068274 -0.24036443
vn -0.4463667 -0.8672271 -0.22062157
vn -0.3074381 -0.8627276 -0.40147603
vn -0.18015665 -0.9547213 -0.2367506
vn -0.19187903 -0.97053933 -0.14572537
vn -2.5864874E-06 -0.9905838 -0.13690808
vn -0.19484538 -0.95206785 -0.23580112
vn -5.6327212E-06 -0.9695416 -0.24492654
vn -0.17595716 -0.84792376 -0.5000644
vn -1.3208062E-05 -0.86092466 -0.50873244
vn -0.15880567 -0.6978733 -0.6983936
vn -1.5192156E-05 -0.714741 -0.6993892
vn -0.15648569 -0.6590673 -0.73562396
vn -1.382718E-05 -0.68237275 -0.7310044
vn -0.25580317 -0.61347735 -0.7471347
vn -0.25666323 -0.65491885 -0.710778
vn -0.28822315 -0.81353104 -0.505069
vn -0.31598333 -0.90918714 -0.27117017
vn -0.30546084 -0.9302794 -0.20315991
vn -0.31046686 -0.59033126 -0.7450633
vn -0.31493762 -0.5547317 -0.7701214
vn -0.37162566 -0.7170908 -0.5896399
vn -0.435303 -0.8151229 -0.3822119
vn -0.29527295 -0.5238788 -0.7989774
vn -0.30567873 -0.4868782 -0.818236
vn -0.29123235 -0.43741563 -0.8507945
vn -0.34805596 -0.65557915 -0.67012906
vn -0.26152036 -0.44166186 -0.85822016
vn -0.24815822 -0.37980863 -0.89115816
vn -0.16691853 -0.36548278 -0.9157295
vn -0.41835275 -0.76332647 -0.4922537
vn -0.27937287 -0.54393137 -0.79125816
vn -0.41585556 -0.8581561 -0.30105186
vn -0.4073152 -0.8139074 -0.41430554
vn -0.34122196 -0.6783678 -0.6506802
vn -0.16780618 -0.5221014 -0.83621246
vn -0.34830984 -0.8831641 -0.31416783
vn -0.3651554 -0.8444778 -0.39181486
vn -0.35428205 -0.75788087 -0.5478147
vn -0.21965244 -0.65361935 -0.7242475
vn -0.28099456 -0.92396986 -0.2594641
vn -0.34049338 -0.87335527 -0.3483027
vn -0.3825348 -0.86171085 -0.33334893
vn -0.44493532 -0.87599677 -0.18617783
vn -0.38163757 -0.8035545 -0.45678535
vn -0.46517417 -0.8568973 -0.22212625
vn -0.27805367 -0.7487846 -0.6016708
vn -0.43024406 -0.8300439 -0.35484803
vn -0.39845583 -0.79707754 -0.45376235
vn -0.47757536 -0.878225 -0.02534592
vn -0.49466747 -0.78494793 -0.37304273
vn -0.5314881 -0.79355484 -0.29629564
vn -0.55038524 -0.8193376 -0.16050558
vn -0.64298046 -0.71184975 -0.28257075
vn -0.6153778 -0.69805896 -0.36609283
vn -0.5561333 -0.6991693 -0.44930834
vn -0.4760656 -0.75515 -0.4506774
vn -0.7765619 -0.48401824 -0.4033335
vn -0.7351543 -0.47726586 -0.48142043
vn -0.8600552 -0.1651764 -0.48272324
vn -0.30871305 -0.8289221 -0.4664594
vn -0.66609883 -0.49003422 -0.56229794
vn -0.78366625 -0.1525919 -0.6021486
vn -0.8379275 0.08059784 -0.53979754
vn -0.202695 -0.84689546 -0.49161246
vn -0.7061998 -0.13700889 -0.69462967
vn -0.7378178 0.101574376 -0.66731364
vn -0.7366819 0.30415234 -0.6039794
vn -0.15009962 -0.84619033 -0.51130414
vn -0.13473897 -0.82235175 -0.5527955
vn -0.1716173 -0.6193616 -0.76611924
vn -0.24815822 -0.37980863 -0.89115816
vn -0.6475127 0.11304741 -0.75362295
vn -0.6651494 0.2994533 -0.6840352
vn -0.5891081 0.26679176 -0.7627409
vn -0.5529587 0.23398845 -0.7996786
vn -0.60005647 0.11011446 -0.7923428
vn -0.5063116 0.12466297 -0.8532923
vn -0.6424564 -0.1544271 -0.75060105
vn -0.6117973 0.37479457 -0.6965868
vn -0.6178401 0.45108595 -0.64404577
vn -0.59258527 -0.52009267 -0.6150986
vn -0.59755164 -0.1911417 -0.7787149
vn -0.49836943 -0.69077057 -0.52389306
vn -0.6193667 0.49508223 -0.60932624
vn -0.5472678 -0.5672658 -0.6153921
vn -0.39928013 -0.778335 -0.4845307
vn -0.63879085 0.48210335 -0.59960204
vn -0.42331466 -0.74059856 -0.52184147
vn -0.28651232 -0.87911874 -0.3808686
vn -0.33304125 -0.7972646 -0.50344104
vn -0.24874072 -0.93094504 -0.26733753
vn -0.30831692 -0.8400785 -0.4463281
vn -0.20937544 -0.97173643 -0.10904222
vn -0.13473897 -0.82235175 -0.5527955
vn -0.3207185 -0.89322686 -0.31509578
vn -0.21683408 -0.97452456 -0.05731445
vn -0.1716173 -0.6193616 -0.76611924
vn -0.24197908 -0.96984583 -0.029070156
vn -0.2967121 -0.95158917 -0.08024873
vn -0.28897038 -0.95546055 0.059928037
vn -0.29314634 -0.95169616 0.091321856
vn -0.2583939 -0.9658361 0.019829486
vn -0.24195915 -0.96729106 0.076182
vn -0.2857417 -0.944448 -0.1623874
vn -0.16994467 -0.98543537 0.0060045104
vn -0.14589414 -0.9847846 0.094415516
vn -0.075391494 -0.99006504 0.11869035
vn -0.31049272 -0.85613215 -0.41307625
vn -0.25337443 -0.82932866 -0.49801144
vn -0.28269526 -0.7962027 -0.53492486
vn -0.21822785 -0.9503432 -0.22186556
vn -0.09324917 -0.9953513 0.024088338
vn -6.6306416E-07 -0.99265224 0.12100218
vn -0 -0.9994783 0.032297846
vn -0.13787284 -0.963769 -0.22834286
vn -1.7317033E-07 -0.9752955 -0.22090422
vn -0.17243461 -0.8327559 -0.52610254
vn -2.5709807E-07 -0.8461465 -0.5329502
vn -0.19041298 -0.7670838 -0.61263794
vn -2.2224498E-07 -0.78766996 -0.61609733
vn -0.24028087 -0.7664803 -0.5956284
vn -0.22405736 -0.8532649 -0.47088978
vn -4.3710943E-06 -0.886011 -0.4636641
vn -1.1808839E-05 -0.9465553 -0.3225416
vn -0.26790702 -0.8104631 -0.520937
vn -0.24268833 -0.82716703 -0.5068501
vn -0.34394976 -0.80420697 -0.48471615
vn -0.32046467 -0.8568024 -0.40397024
vn -0.49651042 -0.6371038 -0.589556
vn -0.28915265 -0.89742947 -0.33318308
vn -0.40087885 -0.78818774 -0.4669648
vn -2.446495E-05 -0.8801614 -0.47467458
vn -3.432545E-05 -0.5504235 -0.8348856
vn -0.4820619 -0.6963915 -0.53165334
vn -0.43254587 -0.43031088 -0.7922983
vn -5.205285E-05 -0.06583007 -0.9978308
vn -0.55459726 -0.2667144 -0.78821665
vn -0.527213 -0.32142633 -0.78659487
vn -0.3418905 -0.018835926 -0.939551
vn -7.822294E-05 0.18130654 -0.9834266
vn -0.50370115 -0.0036613455 -0.8638702
vn -0.44331878 -0.0040086303 -0.8963551
vn -0.2651575 0.18500571 -0.9462899
vn -9.57747E-05 0.2880155 -0.95762575
vn -0.38592464 0.16160218 -0.9082658
vn -0.22224887 0.28200984 -0.93331444
vn -1.62974E-05 0.31427774 -0.94933105
vn -0.3325987 0.25504237 -0.9079271
vn -0.26292127 0.27896222 -0.9236083
vn 2.061723E-06 0.2722422 -0.9622287
vn -0.25671235 0.2606153 -0.930687
vn -0.44099745 0.24122688 -0.86448306
vn -0.42269376 0.26845077 -0.8656005
vn -0.44962758 0.27278024 -0.85054445
vn -0.57948935 0.28903034 -0.7620062
vn -0.58791137 0.33802614 -0.734914
vn -0.6273095 0.4334382 -0.647004
vn -0.6022399 0.5158319 -0.60928196
vn -0.57118446 0.5700827 -0.590554
vn -0.54587626 0.54918706 -0.63278174
vn -0.42210874 0.44774446 -0.78825706
vn 0.0044008726 0.57423997 -0.81867516
vn 0.018565714 0.6325442 -0.7743017
vn -0.21604885 0.6859631 0.69482195
vn 0.106191754 -0.52190435 0.84636825
vn -0.41485372 -0.102570534 0.9040883
vn -0.621738 0.389942 0.6792548
vn -0.6744077 0.67242604 0.30498755
vn 0.15607339 0.9877303 -0.0054763146
vn -0.6742641 0.7381 -0.02400747
vn -0.5960978 0.7183141 -0.35873702
vn -0.422344 0.617352 -0.6637032
vn 0.21515355 0.90476 -0.36758447
vn 0.018565714 0.6325442 -0.7743017
vn 0.0044008726 0.57423997 -0.81867516
vn -0.3497452 0.4492558 -0.8220995
vn -0.28540677 0.35373968 -0.8907364
vn -0.11334521 -0.0075588487 -0.99352694
vn -0.54542184 0.32342184 -0.77324855
vn -0.73415494 -0.41558775 -0.53693885
vn -0.54542184 0.32342184 -0.77324855
vn -0.11334521 -0.0075588487 -0.99352694
vn -0.62878585 -0.70469743 -0.32867914
vn -0.89804995 -0.37700552 -0.22665653
vn -0.7713481 -0.5227422 -0.36299127
vn -0.28540677 0.35373968 -0.8907364
vn -0.7136676 -0.6920971 -0.10807386
vn -0.8934469 -0.37719324 -0.24388063
vn -0.77212125 -0.5502963 -0.3178092
vn -0.3497452 0.4492558 -0.8220995
vn -0.6768582 -0.7313281 -0.08379801
vn -0.81331635 -0.46782306 -0.34591627
vn -0.422344 0.617352 -0.6637032
vn -0.68253964 -0.725424 -0.08887932
vn -0.8827929 -0.3825163 -0.27268666
vn -0.5960978 0.7183141 -0.35873702
vn -0.9052772 -0.3785049 -0.1928915
vn -0.6742641 0.7381 -0.02400747
vn -0.67557687 -0.7051268 -0.21538837
vn -0.92505085 -0.3494933 -0.1487798
vn -0.6744077 0.67242604 0.30498755
vn -0.621738 0.389942 0.6792548
vn -0.9268495 -0.37530765 0.009706625
vn -0.41485372 -0.102570534 0.9040883
vn -0.6340004 -0.7171586 -0.28935593
vn -0.7623562 -0.6345771 0.12698403
vn 0.106191754 -0.52190435 0.84636825
vn -0.44416612 -0.89463496 0.048421893
vn -0.8304364 -0.5533651 0.06451651
vn -0.89418775 -0.40466955 -0.19149618
vn -0.6556626 -0.70758474 -0.2634966
vn -0.6787247 -0.72948015 -0.08480286
vn -0.62040997 -0.7562469 -0.20780265
vn -0.62429446 -0.7780833 -0.06959043
vn -0.57522166 -0.81455076 -0.07501363
vn -0.57637256 -0.8138726 0.07352606
vn -0.5625504 -0.82106197 0.09692403
vn -0.50324845 -0.8609746 0.073917404
vn -0.41391072 -0.90904826 0.04805415
vn -0.46527246 -0.87730205 -0.11773914
vn -0.48416278 -0.8278846 -0.28318444
vn -0.33141768 -0.9432348 0.021687102
vn -0.3482675 -0.8907383 -0.29205316
vn -0.34372312 -0.9285961 -0.1398704
vn -0.28459314 -0.9585593 -0.013074756
vn -0.30754566 -0.9160215 -0.25752723
vn -0.29760978 -0.94556093 -0.13169286
vn -0.2099972 -0.97638386 -0.050752208
vn -0.24256828 -0.94606555 -0.21475738
vn -0.21769752 -0.96741307 -0.12930493
vn -0.16961949 -0.98187673 -0.08454097
vn -0.18737212 -0.9644667 -0.18626817
vn -0.20089407 -0.9697599 -0.13859072
vn -0.24966814 -0.95385855 -0.16679205
vn -0.28207663 -0.94366795 -0.17298414
vn -0.27915195 -0.94133407 -0.18964276
vn -0.44151768 -0.8255537 -0.35145885
vn -0.25339383 -0.9160527 -0.31086835
vn 0.28788114 -0.95726633 0.027670024
vn 0.067760736 -0.99753714 -0.018118855
vn -0.28117493 -0.87714386 -0.38930634
vn -0.29764235 -0.8629622 -0.40829548
vn -0.18061875 -0.9675976 -0.17644157
vn -0.22913347 -0.94247466 -0.24339157
vn -0.101248726 -0.96866614 0.2267918
vn -0.23303874 -0.96411127 -0.12721
vn -0.1820834 -0.9416724 0.28301713
vn -0.37807328 -0.92562336 -0.016788416
vn -0.09876583 -0.960667 0.25954613
vn -0.36888832 -0.83669275 0.40480432
vn 0.014307881 -0.91392565 0.40562946
vn -0.10990325 -0.9915065 0.06954198
vn 0.009505457 -0.9930796 0.11705741
vn -0.5478032 -0.83633333 -0.021404246
vn -0.56211 -0.69675076 0.4456127
vn -0.63627523 -0.76328915 -0.111998275
vn -0.6561529 -0.62212604 0.42710948
vn -0.6349977 -0.74975055 -0.1861507
vn -0.6703218 -0.5988119 0.438284
vn -0.675168 -0.5642803 0.4751168
vn -0.67994845 -0.7049132 -0.20190953
vn -0.6323294 -0.6527974 -0.41715103
vn -0.6885157 -0.7180394 -0.10181112
vn -0.55970114 -0.81818223 0.13157736
vn -0.69664115 -0.7160871 -0.04370698
vn -0.67067325 -0.7245916 -0.15863289
vn -0.683551 -0.70191455 -0.20018454
vn -0.6136474 -0.7548958 -0.23145032
vn -0.65067184 -0.49484453 -0.57598174
vn -0.2295937 0.8234808 0.51881206
vn -0.1685865 0.689975 0.70392686
vn -0.3153014 0.87500143 0.36736575
vn -0.1845334 0.6863112 0.7035086
vn -0.027477436 0.5862103 0.80969274
vn -0.07060172 0.6253971 0.7771061
vn 0.112460084 0.48395154 0.86783844
vn 0.09360244 0.5077375 0.85641176
vn 0.19474967 0.38191724 0.9034444
vn 0.26961505 0.30618793 0.9129933
vn 0.30271 0.28288078 0.9101346
vn 0.47711954 0.21972081 0.8509288
vn 0.52451116 0.22499123 0.8211376
vn 0.7042837 0.25043517 0.664279
vn 0.6976468 0.232916 0.6775243
vn 0.867486 0.3724399 0.3297827
vn 0.8561872 0.38635427 0.34303626
vn 0.882962 0.38539323 0.26804873
vn 0.88339907 0.3749483 0.2811047
vn 0.8889882 0.36956847 0.27040562
vn 0.8926886 0.37768546 0.24588776
vn 0.908315 0.41626665 -0.041059516
vn 0.8984454 0.38734636 0.20678172
vn -0.5502538 0.57482386 -0.60563874
vn -0.58767295 0.69298106 -0.41763344
vn -0.56618744 0.82068 -0.07691533
vn -0.42947838 0.5416898 -0.72257906
vn -0.34421414 0.50777537 -0.78973466
vn -0.30467352 0.50312835 -0.8087249
vn -0.14335698 0.48984647 -0.8599414
vn -0.14967197 0.49002272 -0.85876423
vn 0.10797447 0.48598745 -0.86727035
vn 0.18339905 0.48238844 -0.8565432
vn 0.43879232 0.4627134 -0.7702971
vn 0.550625 0.45510134 -0.699782
vn 0.68416405 0.42268592 -0.5943536
vn 0.7150362 0.40984708 -0.56634676
vn 0.7842571 0.4028044 -0.4718998
vn 0.908315 0.41626665 -0.041059516
vn 0.9001797 0.43499255 -0.021401541
vn -0.3705269 0.8965195 0.24282238
vn -0.56618744 0.82068 -0.07691533
vn -0.5319859 0.84190285 0.090501726
vn -0.431761 0.89868057 0.077172674
vn -0.3153014 0.87500143 0.36736575
vn -0.65067184 -0.49484453 -0.57598174
vn -0.6323294 -0.6527974 -0.41715103
vn -0.67994845 -0.7049132 -0.20190953
vn -0.4484702 -0.67142755 -0.58996564
vn -0.6349977 -0.74975055 -0.1861507
vn -0.34487113 -0.60529745 -0.7174113
vn -0.38138032 -0.64056 -0.66650736
vn -0.63627523 -0.76328915 -0.111998275
vn -0.41825116 -0.731169 -0.5389415
vn -0.5478032 -0.83633333 -0.021404246
vn -0.32478443 -0.80859905 -0.49059406
vn -0.37807328 -0.92562336 -0.016788416
vn -0.2734213 -0.7873623 -0.552541
vn -0.23303874 -0.96411127 -0.12721
vn -0.22913347 -0.94247466 -0.24339157
vn -0.3704385 -0.6633783 -0.6501574
vn -0.29764235 -0.8629622 -0.40829548
vn -0.5473751 -0.46293107 -0.69719094
vn -0.28117493 -0.87714386 -0.38930634
vn -0.6848872 -0.36727214 -0.6293177
vn -0.25339383 -0.9160527 -0.31086835
vn -0.7397658 -0.43202543 -0.5158493
vn -0.44151768 -0.8255537 -0.35145885
vn 0.009505457 -0.9930796 0.11705741
vn -0.18061875 -0.9675976 -0.17644157
vn -0.10990325 -0.9915065 0.06954198
vn -0.101248726 -0.96866614 0.2267918
vn -0.30193087 -0.55767983 0.77319527
vn -0.27565712 -0.7660354 0.58069193
vn -0.25601476 -0.87552226 0.40977693
vn -0.3349456 -0.8201478 0.46386316
vn -0.31581622 -0.8654126 0.38900024
vn -0.44112733 -0.8430916 0.30757636
vn -0.39903733 -0.8642901 0.30622175
vn -0.5156242 -0.8373592 0.1815522
vn -0.5894279 -0.7512481 -0.29698655
vn -0.5849431 -0.75234187 -0.30302358
vn -0.56623197 -0.7871237 -0.24457654
vn -0.5403989 -0.8050034 -0.24482374
vn -0.65067184 -0.49484453 -0.57598174
vn -0.683551 -0.70191455 -0.20018454
vn -0.820786 -0.514656 -0.24786976
vn -0.9289102 -0.23098536 -0.28943345
vn 0.5445161 -0.81782264 -0.18619415
vn 0.11331342 -0.9932327 -0.02547195
vn 0.32666293 -0.93935025 -0.10446295
vn -0.07931286 -0.9958289 0.045103665
vn -0.07931285 -0.9958289 0.045103665
vn 0.049418256 -0.6045448 0.7950368
vn 0.049418256 -0.6045448 0.79503673
vn 0.18001379 -0.7097761 0.6810381
vn 0.13455664 -0.6758183 0.72468203
vn 0.2785855 -0.7726554 0.5704329
vn 0.5708211 -0.7531518 -0.32699493
vn 0.5495691 -0.77325225 -0.31631437
vn 0.5351346 -0.78620994 -0.3090386
vn 0.50728965 -0.8043044 -0.30943742
vn 0.50333554 -0.8048327 -0.31447998
vn 0.47121188 -0.8067402 -0.35655236
vn 0.46119705 -0.8067604 -0.36937106
vn 0.4066897 -0.81594497 -0.41089812
vn 0.40280384 -0.81716394 -0.41230106
vn 0.31775185 -0.85648406 -0.4067786
vn 0.32338884 -0.85356265 -0.4084732
vn 0.19786374 -0.9077172 -0.36999914
vn 0.21657506 -0.9010296 -0.37582022
vn 0.14023843 -0.92571807 -0.35125387
vn 0.9696916 0.06044646 -0.23673709
vn 0.21604933 0.6859626 0.69482225
vn 0.8307135 -0.5529212 0.06475497
vn 0.98792726 -0.02747109 -0.15246338
vn 0.9983347 0.0056468793 -0.057411265
vn 0.9758804 -0.1728191 0.1333833
vn 0.97233903 -0.1794497 0.14951436
vn 0.8796535 -0.37128425 0.29725027
vn 0.8767592 -0.32115614 0.35798338
vn 0.6589329 -0.48846233 0.5720244
vn 0.6622015 -0.57990634 0.47454995
vn 0.33322862 -0.6365599 0.69552153
vn 0.32526076 -0.74517894 0.5821631
vn -0 -0.6913544 0.72251576
vn -0 -0.8020261 0.597289
vn -3.665214E-06 -0.9390539 0.34376997
vn 0.96884805 -0.08975372 -0.2308197
vn 0.994538 -0.10298963 -0.016950432
vn 0.9743663 -0.21886271 0.05205219
vn 0.97097135 -0.009373312 -0.2390122
vn 0.8944793 -0.40405986 -0.19142224
vn 0.97969925 -0.16774198 -0.10978122
vn 0.9746892 -0.072537765 -0.21146941
vn 0.95792854 -0.009227928 -0.28685838
vn 0.8937266 -0.3764644 -0.24398236
vn 0.8982637 -0.376295 -0.22698985
vn 0.9583294 -0.069553435 -0.27706876
vn 0.94163793 0.011545103 -0.33642942
vn 0.73438764 -0.4147484 -0.53726953
vn 0.9545122 -0.06359388 -0.29131147
vn 0.8849482 0.1251765 -0.4485504
vn 0.5450323 0.3238876 -0.77332824
vn 0.9563023 -0.04367205 -0.28909984
vn 0.91970354 -0.2755314 -0.27969205
vn 0.9252748 -0.24351624 -0.29080302
vn 0.93609524 -0.25303483 -0.24433376
vn 0.81792724 -0.5187552 -0.24877322
vn 0.84326583 -0.52433395 -0.118222795
vn 0.684317 -0.7008207 -0.20139642
vn 0.69715077 -0.7155117 -0.04498685
vn 0.9472107 -0.2021208 -0.24887563
vn 0.94231504 -0.012843574 -0.3344809
vn 0.81239635 0.25909036 -0.52238333
vn 0.6463708 -0.7546647 0.11263195
vn 0.55625635 -0.82092625 0.12906909
vn 0.6131283 -0.7808025 0.120088354
vn 0.51193154 -0.8407954 0.17603742
vn 0.8193896 -0.56611425 -0.09008562
vn 0.56206775 -0.80944484 0.16993813
vn 0.43372163 -0.8501897 0.2984344
vn 0.94238657 -0.17917897 -0.28249338
vn 0.5570125 -0.8184859 0.14077577
vn 0.8366523 -0.50966054 -0.20064689
vn 0.3991674 -0.8215431 0.4071025
vn 0.32504094 -0.8319822 0.4496154
vn 0.2639306 -0.7799889 0.56741345
vn 0.34870204 -0.7436678 0.57040787
vn 0.39531612 -0.8515225 0.34443384
vn 0.28957546 -0.5781487 0.7628173
vn 0.9033373 0.03974125 -0.42708582
vn 0.91854495 -0.16623533 -0.35866556
vn 0.8228446 -0.4898067 -0.28812528
vn 0.3128257 -0.69848156 0.643633
vn 0.30657107 -0.675246 0.67086285
vn 0.3362275 -0.5393517 0.7720433
vn 0.8614475 -0.16532135 -0.48018438
vn 0.7778176 -0.48427427 -0.4005974
vn 0.8386243 0.08084474 -0.5386775
vn 0.32083812 -0.8558373 0.405716
vn 0.47110203 -0.87281376 0.12751073
vn 0.38815078 -0.7455779 0.54171264
vn 0.50315124 -0.6930563 0.5162478
vn 0.36334354 -0.8917295 0.26981473
vn 0.52699566 -0.8492652 -0.03200116
vn 0.46051303 -0.80529743 0.37339488
vn 0.5601696 -0.78651935 0.25999495
vn 0.36984476 -0.85899085 0.3540475
vn 0.43410093 -0.8565214 0.2791548
vn 0.54333353 -0.83929557 -0.019274686
vn 0.43242502 -0.8909011 0.13893825
vn 0.550565 -0.81927377 -0.16021447
vn 0.37885335 -0.86411196 0.33133158
vn 0.48238823 -0.84162873 0.24282208
vn 0.5412028 -0.8405445 0.024178213
vn 0.54106283 -0.8045106 -0.24497674
vn 0.5676204 -0.78596026 -0.2450993
vn 0.43174806 -0.8647502 0.2565166
vn 0.4775912 -0.8782164 -0.0253524
vn 0.4650042 -0.8166421 0.34185785
vn 0.479967 -0.86099666 -0.16827485
vn 0.48122093 -0.8306968 -0.27994522
vn 0.471768 -0.83770066 -0.27512264
vn 0.59543645 -0.7344234 -0.32569572
vn 0.3511103 -0.9100052 -0.22048159
vn 0.497702 -0.86007077 0.11212087
vn 0.43071458 -0.82292855 -0.37050444
vn 0.39642206 -0.87054676 -0.29154396
vn 0.14507075 -0.96254814 -0.22903197
vn 0.4228318 -0.7941555 -0.43649787
vn 0.35629746 -0.67949045 -0.6413617
vn 0.3508413 -0.69097817 -0.632028
vn 0.3753943 -0.58027214 -0.72274715
vn 0.37690902 -0.5816608 -0.72084004
vn 0.34537014 -0.5776165 -0.7396476
vn 0.34106126 -0.5815554 -0.7385597
vn 0.32420638 -0.60933036 -0.72360677
vn 0.3232141 -0.61951184 -0.7153584
vn 0.3256542 -0.6398125 -0.6961245
vn 0.32848385 -0.6434219 -0.6914525
vn 0.3540619 -0.653861 -0.6686599
vn 0.3752258 -0.65857035 -0.6522965
vn 0.40009102 -0.6865637 -0.6070894
vn 0.67053413 -0.6502086 -0.35722938
vn 0.97324276 -0.21199621 0.08863509
vn 0.9492463 -0.25219938 -0.18795496
vn 0.6461237 -0.49079466 -0.58450377
vn 0.97853494 -0.12088985 -0.16689818
vn 0.95052236 -0.28697065 -0.11897499
vn 0.8869996 -0.44482994 -0.12392774
vn 0.6965181 -0.66934913 -0.25852302
vn 0.5730966 -0.7451828 -0.34097344
vn 0.53419703 -0.75960404 -0.37099212
vn 0.4765516 -0.7767302 -0.41181165
vn 0.4697481 -0.77889025 -0.41553178
vn 0.44718972 -0.79582506 -0.40826938
vn 0.46018517 -0.78599626 -0.41284323
vn 0.4343399 -0.80559814 -0.4029398
vn 0.39806363 -0.8326995 -0.38491154
vn 0.37759647 -0.8419994 -0.38530228
vn 0.37759647 -0.8419994 -0.38530228
vn 0.35445416 -0.8484544 -0.3930486
vn 0.32176444 -0.86273104 -0.3900806
vn 0.32255644 -0.8603838 -0.39458466
vn 0.32255644 -0.8603838 -0.39458466
vn 0.34144422 -0.85495114 -0.3904796
vn 0.31198534 -0.8380796 -0.44753534
vn 0.34224522 -0.8478086 -0.40507898
vn 0.2887754 -0.83683246 -0.4651023
vn 0.31198534 -0.8380796 -0.44753534
vn 0.37322226 -0.78107744 -0.5006227
vn 0.34224522 -0.8478086 -0.40507898
vn 0.36258677 -0.832483 -0.41893074
vn 0.27089977 -0.9083714 -0.31855112
vn 0.3308689 -0.91843694 -0.21679354
vn 0.40391943 -0.794777 -0.45296645
vn 0.39747518 -0.83234257 -0.38628912
vn 0.46065348 -0.8670448 -0.18982005
vn 0.46821636 -0.83414626 -0.29150188
vn 0.5632557 -0.8111354 -0.15748738
vn 0.55843395 -0.79544795 -0.23540187
vn 0.63538545 -0.7594481 -0.13972792
vn 0.62683254 -0.7484693 -0.21650562
vn 0.7683863 -0.63272077 -0.096160494
vn 0.7665438 -0.61499894 -0.18489683
vn 0.7077344 -0.7042584 0.05596564
vn 0.5075214 -0.8606897 0.040438745
vn 0.86443865 -0.49453324 -0.090458415
vn 0.8469499 -0.5264967 0.07400764
vn 0.9403162 -0.34030068 0.0009698687
vn 0.9238461 -0.3565195 0.13929185
vn 0.83523756 -0.51596475 0.19015434
vn 0.7058359 -0.66377956 0.2473711
vn 0.49892378 -0.8177494 0.2869861
vn 0.30221343 -0.95075476 0.06879393
vn 0.27543795 -0.90682536 0.31906396
vn 0.16515644 -0.98152924 0.09655961
vn 1.2756492E-06 -0.99407107 0.10873193
vn 1.2720271E-05 -0.99341524 -0.11456931
vn 0.19282092 -0.96984136 -0.14909013
vn 0.22470106 -0.93475413 -0.2752163
vn 6.0584098E-05 -0.96693176 -0.2550354
vn 7.948979E-05 -0.9616871 -0.27414972
vn 0.3180566 -0.8984788 -0.30261505
vn 0.39482927 -0.90164834 -0.17646547
vn 5.216734E-05 -0.98406476 -0.17781013
vn -4.1721425E-05 -0.9872437 0.15921623
vn 0.45728883 -0.88100666 0.121302456
vn 0.5168091 -0.7471901 0.4178699
vn -0.00013060696 -0.8467377 0.5320106
vn 0.5584397 -0.756296 0.34082475
vn 0.591401 -0.60417694 0.5340554
vn -0.00011604836 -0.6955154 0.7185112
vn 0.5256715 -0.78652793 0.32410383
vn 0.6544857 -0.6506793 0.38505197
vn 0.71758485 -0.62899643 0.29905754
vn -3.4745328E-05 -0.9489028 0.31556848
vn 3.861248E-06 -0.89164805 -0.45272908
vn 0.47296366 -0.8784122 0.06853743
vn 0.7633906 -0.61336225 0.20253782
vn 0.7183406 -0.60183096 -0.3489791
vn 2.143297E-05 -0.6246813 -0.78087986
vn 0.5791348 -0.8091481 0.09940905
vn 0.56733006 -0.5898467 -0.57464546
vn 1.2491663E-05 -0.6215315 -0.7833893
vn 0.83342785 -0.5240448 -0.17542806
vn 0.7272896 -0.6680437 -0.15737675
vn 0.34278998 -0.63055956 -0.69634014
vn -3.6130557E-06 -0.82208484 -0.56936496
vn 0.54105335 -0.75258774 -0.37533045
vn 0.2396122 -0.8330306 -0.49864423
vn -4.4223684E-06 -0.97068274 -0.24036443
vn 0.44635722 -0.8672347 -0.22061075
vn 0.30744547 -0.8627351 -0.40145403
vn 0.1801504 -0.9547231 -0.23674774
vn 0.19187257 -0.97054076 -0.14572383
vn -2.5864874E-06 -0.9905838 -0.13690808
vn 0.19483346 -0.9520711 -0.2357978
vn -5.6327212E-06 -0.9695416 -0.24492654
vn 0.17593442 -0.8479258 -0.50006884
vn -1.3208062E-05 -0.86092466 -0.50873244
vn 0.158777 -0.6978663 -0.69840705
vn -1.5192156E-05 -0.714741 -0.6993892
vn 0.1564597 -0.65905523 -0.73564017
vn -1.382718E-05 -0.68237275 -0.7310044
vn 0.2558035 -0.6134782 -0.7471339
vn 0.25666097 -0.6549052 -0.7107913
vn 0.2882165 -0.8135204 -0.50509
vn 0.31598273 -0.9091877 -0.27116925
vn 0.30546096 -0.93028027 -0.20315543
vn 0.31046867 -0.59032214 -0.7450698
vn 0.31495413 -0.554738 -0.7701102
vn 0.37161866 -0.71707356 -0.58966523
vn 0.43530867 -0.8151203 -0.38221115
vn 0.29525644 -0.5238633 -0.79899365
vn 0.30566117 -0.48685235 -0.818258
vn 0.2911964 -0.43734816 -0.8508415
vn 0.34804586 -0.6555685 -0.67014474
vn 0.26151073 -0.44160637 -0.8582517
vn 0.24813192 -0.37970385 -0.89121014
vn 0.16689985 -0.36538905 -0.9157703
vn 0.41836524 -0.7633194 -0.49225405
vn 0.27939054 -0.5439033 -0.7912712
vn 0.415865 -0.8581559 -0.3010395
vn 0.40733132 -0.8139052 -0.414294
vn 0.34124807 -0.6783639 -0.6506705
vn 0.16782184 -0.5220916 -0.8362154
vn 0.34831196 -0.8831636 -0.31416726
vn 0.3651599 -0.84447384 -0.39181906
vn 0.35428846 -0.75787944 -0.54781246
vn 0.21965604 -0.6536197 -0.7242461
vn 0.28099617 -0.92397124 -0.25945798
vn 0.34049058 -0.8733623 -0.34828806
vn 0.38253772 -0.86171037 -0.33334705
vn 0.4449318 -0.8759992 -0.18617451
vn 0.46517503 -0.85689896 -0.2221178
vn 0.3816304 -0.8035572 -0.45678666
vn 0.5314527 -0.79362994 -0.296158
vn 0.43023404 -0.83005065 -0.35484454
vn 0.2780341 -0.74879366 -0.6016686
vn 0.49454135 -0.7850378 -0.37302065
vn 0.39839515 -0.79711235 -0.45375443
vn 0.61518914 -0.6983993 -0.36576045
vn 0.64351755 -0.7119135 -0.28118375
vn 0.55572826 -0.6993976 -0.44945416
vn 0.47587708 -0.7552565 -0.45069796
vn 0.308663 -0.8289374 -0.4664653
vn 0.20268135 -0.8468953 -0.49161842
vn 0.73498076 -0.47767606 -0.48127836
vn 0.6653142 -0.49019745 -0.5630839
vn 0.78345335 -0.15219793 -0.6025252
vn 0.15009661 -0.8461871 -0.5113105
vn 0.13473234 -0.8223467 -0.5528048
vn 0.171586 -0.61930835 -0.7661693
vn 0.24813192 -0.37970385 -0.89121014
vn 0.70513 -0.13676003 -0.6957646
vn 0.7375143 0.10244668 -0.66751575
vn 0.6466694 0.11344647 -0.75428677
vn 0.24873872 -0.93094546 -0.2673381
vn 0.2093697 -0.97173744 -0.10904367
vn 0.13473234 -0.8223467 -0.5528048
vn 0.28649727 -0.87912196 -0.3808727
vn 0.21683477 -0.97452503 -0.057303336
vn 0.171586 -0.61930835 -0.7661693
vn 0.2419809 -0.9698462 -0.029047279
vn 0.28896874 -0.9554606 0.059933066
vn 0.29314414 -0.95169616 0.09132851
vn 0.29671156 -0.9515895 -0.080247015
vn 0.32071838 -0.89322555 -0.31509963
vn 0.25839382 -0.9658361 0.01983312
vn 0.24195711 -0.96729124 0.07618689
vn 0.28574145 -0.944448 -0.1623878
vn 0.16994421 -0.98543537 0.0060062045
vn 0.14589393 -0.98478436 0.09441776
vn 0.0753916 -0.9900649 0.11869102
vn 0.09324893 -0.9953513 0.024088992
vn -6.6306416E-07 -0.99265224 0.12100218
vn -0 -0.9994783 0.032297846
vn 0.21822819 -0.95034295 -0.22186606
vn 0.25337875 -0.82932514 -0.498015
vn 0.31049502 -0.85612667 -0.41308597
vn 0.13787301 -0.9637689 -0.22834302
vn -1.7317033E-07 -0.9752955 -0.22090422
vn 0.17243484 -0.8327558 -0.52610266
vn -2.5709807E-07 -0.8461465 -0.5329502
vn 0.19041009 -0.76708573 -0.61263645
vn -2.2224498E-07 -0.78766996 -0.61609733
vn 0.28270006 -0.79620147 -0.53492427
vn 0.22404335 -0.8532735 -0.47088084
vn -4.3710943E-06 -0.886011 -0.4636641
vn -1.1808839E-05 -0.9465553 -0.3225416
vn 0.24028558 -0.7664827 -0.59562325
vn 0.30831152 -0.840079 -0.44633093
vn 0.24268837 -0.8271815 -0.5068266
vn 0.26791817 -0.81047165 -0.52091795
vn 0.33302876 -0.7972709 -0.503439
vn 0.3440045 -0.804198 -0.48469213
vn 0.3204696 -0.8568138 -0.40394226
vn 0.28912675 -0.89744186 -0.33317235
vn 0.39918485 -0.77836674 -0.4845583
vn 0.42334005 -0.7405618 -0.52187294
vn 0.4981706 -0.6907954 -0.52404934
vn 0.40083033 -0.7882051 -0.4669773
vn -2.446495E-05 -0.8801614 -0.47467458
vn -3.432545E-05 -0.5504235 -0.8348856
vn 0.48207644 -0.6963878 -0.5316448
vn 0.49667975 -0.63702446 -0.58949906
vn 0.432463 -0.43033212 -0.792332
vn -5.205285E-05 -0.06583007 -0.9978308
vn 0.5922299 -0.5199656 -0.6155482
vn 0.547422 -0.5670774 -0.6154287
vn 0.527209 -0.32144028 -0.786592
vn 0.3417727 -0.018865831 -0.93959326
vn -7.822294E-05 0.18130654 -0.9834266
vn 0.641956 -0.15430613 -0.75105405
vn 0.5978455 -0.19101791 -0.77851975
vn 0.5066326 0.12451484 -0.8531234
vn 0.55488867 -0.26661882 -0.78804374
vn 0.5997411 0.109962165 -0.79260266
vn 0.5528585 0.23389184 -0.7997763
vn 0.2650319 0.18500564 -0.946325
vn -9.57747E-05 0.2880155 -0.95762575
vn 0.44332933 -0.0040452196 -0.8963496
vn 0.5040997 -0.0036624013 -0.8636377
vn 0.38611364 0.16159853 -0.9081862
vn 0.22215198 0.28204527 -0.93332684
vn -1.62974E-05 0.31427774 -0.94933105
vn 0.33272845 0.25503814 -0.9078807
vn 0.26294255 0.27898017 -0.9235969
vn 2.061723E-06 0.2722422 -0.9622287
vn 0.256701 0.26062354 -0.93068784
vn 0.4411358 0.24110211 -0.86444724
vn 0.42271852 0.2684309 -0.8655945
vn 0.44963163 0.2727844 -0.850541
vn 0.5795526 0.28899878 -0.76197016
vn 0.5879634 0.3380116 -0.734879
vn 0.611851 0.37479487 -0.6965394
vn 0.6273754 0.43338525 -0.64697546
vn 0.5888205 0.26702482 -0.76288146
vn 0.66501725 0.29981992 -0.68400306
vn 0.6178683 0.4510536 -0.64404136
vn 0.6022756 0.51576626 -0.60930234
vn 0.7367176 0.30425578 -0.6038838
vn 0.61928016 0.49505693 -0.6094348
vn 0.5711556 0.57005936 -0.59060436
vn 0.6385109 0.48221627 -0.59980935
vn 0.5457995 0.5492367 -0.6328049
vn 0.42207164 0.44783625 -0.7882247
vn -0.004372113 0.57429665 -0.8186356
vn -0.018566737 0.6325448 -0.7743011
vn 0.21604933 0.6859626 0.69482225
vn 0.4148536 -0.1025708 0.9040883
vn -0.10619082 -0.52190447 0.84636825
vn 0.62173945 0.38994214 0.6792534
vn 0.6744076 0.67242694 0.30498618
vn -0.1560732 0.9877303 -0.005476205
vn 0.6742648 0.7380994 -0.024006644
vn 0.5960988 0.7183139 -0.35873583
vn 0.42234415 0.6173514 -0.6637037
vn -0.21515445 0.9047595 -0.36758515
vn -0.018566737 0.6325448 -0.7743011
vn -0.004372113 0.57429665 -0.8186356
vn 0.34974667 0.44925433 -0.8220997
vn 0.28540754 0.3537391 -0.8907363
vn 0.11340335 -0.007486276 -0.9935208
vn 0.5450323 0.3238876 -0.77332824
vn 0.73438764 -0.4147484 -0.53726953
vn 0.11340335 -0.007486276 -0.9935208
vn 0.5450323 0.3238876 -0.77332824
vn 0.62881446 -0.70467865 -0.32866475
vn 0.8982637 -0.376295 -0.22698985
vn 0.7713476 -0.5227432 -0.36299086
vn 0.28540754 0.3537391 -0.8907363
vn 0.7136684 -0.69209635 -0.10807459
vn 0.8937266 -0.3764644 -0.24398236
vn 0.7721218 -0.5502958 -0.31780896
vn 0.34974667 0.44925433 -0.8220997
vn 0.6768587 -0.73132765 -0.08379917
vn 0.81331617 -0.46782345 -0.34591636
vn 0.42234415 0.6173514 -0.6637037
vn 0.68254 -0.72542363 -0.0888806
vn 0.882793 -0.38251692 -0.27268553
vn 0.5960988 0.7183139 -0.35873583
vn 0.90527785 -0.3785038 -0.19289058
vn 0.6742648 0.7380994 -0.024006644
vn 0.67557734 -0.70512635 -0.2153882
vn 0.92505115 -0.3494917 -0.14878123
vn 0.6744076 0.67242694 0.30498618
vn 0.62173945 0.38994214 0.6792534
vn 0.9268495 -0.3753076 0.00970532
vn 0.4148536 -0.1025708 0.9040883
vn 0.6339997 -0.7171594 -0.2893556
vn 0.76235616 -0.6345773 0.1269832
vn -0.10619082 -0.52190447 0.84636825
vn 0.44416586 -0.8946352 0.048420902
vn 0.8307135 -0.5529212 0.06475497
vn 0.8944793 -0.40405986 -0.19142224
vn 0.65566546 -0.70758075 -0.26350012
vn 0.6783553 -0.7296312 -0.086443536
vn 0.6243382 -0.77795047 -0.0706741
vn 0.6228888 -0.7531296 -0.21167295
vn 0.57640064 -0.81334674 -0.07892643
vn 0.57621217 -0.81400067 0.07336659
vn 0.56189233 -0.82159686 0.09620655
vn 0.5017036 -0.86195505 0.0729856
vn 0.41147006 -0.91020465 0.047116853
vn 0.46846604 -0.87500954 -0.12205703
vn 0.4939667 -0.82036716 -0.28808776
vn 0.32991847 -0.94377434 0.021069657
vn 0.35819215 -0.8850769 -0.2972161
vn 0.34850833 -0.92644334 -0.14228408
vn 0.28470466 -0.9585218 -0.013390672
vn 0.31560892 -0.9123996 -0.26061118
vn 0.30146146 -0.9442784 -0.13213369
vn 0.21019213 -0.9763373 -0.05084113
vn 0.24822323 -0.9443149 -0.21599649
vn 0.22059478 -0.966795 -0.12901638
vn 0.17110714 -0.98162407 -0.084477246
vn 0.19022244 -0.9638422 -0.18661112
vn 0.20269084 -0.9694202 -0.1383512
vn 0.25103936 -0.95354575 -0.16652285
vn 0.28368625 -0.94317394 -0.17304587
vn 0.28074002 -0.94081503 -0.18987383
vn 0.4424519 -0.8249873 -0.35161367
vn -0.28790092 -0.95726055 0.02766615
vn 0.2547127 -0.91555524 -0.31125575
vn -0.06769879 -0.99754095 -0.01813752
vn 0.28344163 -0.8759094 -0.39044014
vn 0.30049908 -0.86092025 -0.41050783
vn 0.1811488 -0.96742123 -0.17686516
vn 0.23166376 -0.9410081 -0.24664912
vn 0.10039563 -0.96883327 0.22645703
vn 0.23487963 -0.963013 -0.13205111
vn 0.18023832 -0.94228584 0.28215548
vn 0.3779491 -0.92549676 -0.024703125
vn 0.09780582 -0.9609535 0.25884843
vn 0.3632815 -0.84007657 0.40286213
vn -0.014705739 -0.91446096 0.40440696
vn 0.1102431 -0.9915549 0.06830259
vn -0.009575979 -0.99309593 0.11691327
vn 0.54733545 -0.83629596 -0.032140624
vn 0.5520738 -0.70555526 0.4443043
vn 0.6381321 -0.75994754 -0.123560175
vn 0.64331895 -0.6340519 0.4290908
vn 0.638009 -0.7449812 -0.19480109
vn 0.6587036 -0.60796744 0.44326633
vn 0.6679573 -0.56669617 0.48237792
vn 0.68191695 -0.7030586 -0.20173714
vn 0.63091695 -0.6494548 -0.42444348
vn 0.6903506 -0.7164141 -0.10083151
vn 0.69715077 -0.7155117 -0.04498685
vn 0.55625635 -0.82092625 0.12906909
vn 0.67295057 -0.72243345 -0.1588316
vn 0.684317 -0.7008207 -0.20139642
vn 0.6164221 -0.7516967 -0.23446952
vn 0.6461237 -0.49079466 -0.58450377
vn 0.2254037 0.8229419 0.52149755
vn 0.31230503 0.8753082 0.3691898
vn 0.16016024 0.68785584 0.707957
vn 0.17757462 0.68606275 0.70553887
vn 0.012601635 0.5783797 0.8156704
vn 0.058186308 0.62043303 0.78209794
vn -0.13198687 0.46995577 0.8727664
vn -0.11242924 0.49468434 0.86176974
vn -0.21886095 0.35862273 0.9074632
vn -0.29379347 0.28004766 0.91392493
vn -0.32777035 0.25518838 0.9096404
vn -0.49978727 0.19260599 0.8444617
vn -0.5448402 0.20088935 0.8141208
vn -0.7176266 0.23404334 0.6559236
vn -0.7066067 0.21697961 0.67351824
vn -0.87094134 0.36855945 0.32500017
vn -0.86135596 0.38355803 0.33309013
vn -0.8841156 0.3841004 0.26609498
vn -0.8837968 0.37451354 0.2804332
vn -0.88826466 0.37069696 0.27123734
vn -0.8916946 0.37798396 0.24901594
vn -0.9074576 0.41832438 -0.039055664
vn -0.8971092 0.3896133 0.2083183
vn 0.55257356 0.5764575 -0.6019627
vn 0.56605655 0.8208625 -0.07592647
vn 0.5885487 0.6931299 -0.41615075
vn 0.4320761 0.5457943 -0.71792674
vn 0.34894148 0.51563156 -0.78253686
vn 0.30923715 0.51267743 -0.80095834
vn 0.15066461 0.5055626 -0.84953314
vn 0.15829101 0.5054983 -0.84818363
vn -0.093711354 0.50764984 -0.85645187
vn -0.16986696 0.5051764 -0.8461336
vn -0.41877332 0.4880514 -0.7657902
vn -0.53335357 0.47669366 -0.6987827
vn -0.67015064 0.43735173 -0.59968454
vn -0.706796 0.41677105 -0.5716129
vn -0.77676433 0.40416902 -0.48299554
vn -0.9074576 0.41832438 -0.039055664
vn -0.8996607 0.43560684 -0.029279917
vn 0.3692189 0.8969346 0.24328102
vn 0.5317727 0.8420174 0.090688735
vn 0.56605655 0.8208625 -0.07592647
vn 0.4312114 0.89893955 0.07722917
vn 0.31230503 0.8753082 0.3691898
vn 0.6461237 -0.49079466 -0.58450377
vn 0.68191695 -0.7030586 -0.20173714
vn 0.63091695 -0.6494548 -0.42444348
vn 0.4533323 -0.65617317 -0.6032633
vn 0.638009 -0.7449812 -0.19480109
vn 0.35146672 -0.5766315 -0.73754144
vn 0.39188257 -0.61253583 -0.68646044
vn 0.6381321 -0.75994754 -0.123560175
vn 0.42827535 -0.71483356 -0.552805
vn 0.54733545 -0.83629596 -0.032140624
vn 0.3315573 -0.8004669 -0.49932203
vn 0.3779491 -0.92549676 -0.024703125
vn 0.2783615 -0.7812655 -0.55869406
vn 0.23487963 -0.963013 -0.13205111
vn 0.23166376 -0.9410081 -0.24664912
vn 0.37495402 -0.6567397 -0.6542954
vn 0.30049908 -0.86092025 -0.41050783
vn 0.55065066 -0.4565718 -0.69880337
vn 0.28344163 -0.8759094 -0.39044014
vn 0.6869221 -0.36268282 -0.6297612
vn 0.2547127 -0.91555524 -0.31125575
vn 0.74126744 -0.42929095 -0.51597655
vn 0.4424519 -0.8249873 -0.35161367
vn -0.009575979 -0.99309593 0.11691327
vn 0.1102431 -0.9915549 0.06830259
vn 0.1811488 -0.96742123 -0.17686516
vn 0.10039563 -0.96883327 0.22645703
vn 0.28957546 -0.5781487 0.7628173
vn 0.24610339 -0.8831025 0.39945352
vn 0.2639306 -0.7799889 0.56741345
vn 0.32504094 -0.8319822 0.4496154
vn 0.30789432 -0.87339073 0.37734562
vn 0.43372163 -0.8501897 0.2984344
vn 0.3919295 -0.8710526 0.29607183
vn 0.51193154 -0.8407954 0.17603742
vn 0.5570125 -0.8184859 0.14077577
vn 0.8193896 -0.56611425 -0.09008562
vn 0.8366523 -0.50966054 -0.20064689
vn 0.6375879 -0.7687884 -0.049457394
vn 0.39531612 -0.8515225 0.34443384
vn 0.8228446 -0.4898067 -0.28812528
vn 0.47110203 -0.87281376 0.12751073
vn 0.65556705 -0.7348872 -0.17370291
vn 0.7778176 -0.48427427 -0.4005974
vn 0.52699566 -0.8492652 -0.03200116
vn 0.64351755 -0.7119135 -0.28118375
vn 0.550565 -0.81927377 -0.16021447
vn 0.5911125 -0.74980915 -0.29727498
vn 0.5676204 -0.78596026 -0.2450993
vn 0.58655125 -0.75090617 -0.30347562
vn 0.54106283 -0.8045106 -0.24497674
vn 0.6461237 -0.49079466 -0.58450377
vn 0.81792724 -0.5187552 -0.24877322
vn 0.684317 -0.7008207 -0.20139642
vn 0.9252748 -0.24351624 -0.29080302
vn 0.34595022 -0.84942865 -0.39848408
vn 0.29754636 -0.92525196 -0.23531893
vn 0.3204807 -0.8793439 -0.35220224
vn 0.35029548 -0.8041387 -0.4802645
vn 0.35564622 -0.8758944 -0.3260748
vn 0.35399184 -0.9157918 -0.18977673
vn 0.3537827 -0.809946 -0.46778774
vn 0.45452392 -0.87925065 -0.1425698
vn 0.44962096 -0.84705335 -0.283446
vn 0.42784116 -0.7935315 -0.43273517
vn 0.56271267 -0.8207623 -0.098508306
vn 0.5413447 -0.8082874 -0.2315542
vn 0.5148919 -0.78458244 -0.34542248
vn 0.64899385 -0.75912035 -0.050429787
vn 0.6317768 -0.7569346 -0.16705729
vn 0.60997355 -0.73594385 -0.2938009
vn 0.77215844 -0.63537204 0.008592312
vn 0.7614267 -0.63532233 -0.12882127
vn 0.7616974 -0.5895516 -0.26878595
vn 0.84538966 -0.5220988 -0.11282368
vn -0.45420685 -0.87941283 -0.14258102
vn -0.3539988 -0.9157599 -0.18991762
vn -0.3556038 -0.8759508 -0.32596943
vn -0.29774484 -0.92514825 -0.23547532
vn -0.44912586 -0.84754527 -0.28275943
vn -0.56201696 -0.82126987 -0.09824831
vn -0.32072467 -0.8792388 -0.35224265
vn -0.34633404 -0.8492522 -0.3985265
vn -0.35059062 -0.8040593 -0.4801819
vn -0.3536668 -0.8101481 -0.4675252
vn -0.4268514 -0.7947578 -0.4314602
vn -0.54018825 -0.80958116 -0.22972804
vn -0.6480068 -0.7599769 -0.050221723
vn -0.5128609 -0.78733987 -0.34215432
vn -0.6301768 -0.7589699 -0.16383518
vn -0.7709821 -0.6368093 0.0077802534
vn -0.6073367 -0.7404397 -0.2879082
vn -0.7605522 -0.6371062 -0.12512381
vn -0.84441024 -0.52432454 -0.10979553
vn -0.76054746 -0.59480876 -0.26032674
vn -0.078042135 -0.9072986 -0.41318125
vn -0.14188272 -0.9449213 -0.2949459
vn 0.31967956 -0.93204737 -0.17056556
vn 0.0124017075 -0.84447175 -0.5354565
vn -0.15569693 -0.9666177 -0.20349115
vn 0.11356758 -0.7797534 -0.6157004
vn -0.15146421 -0.982711 -0.10647814
vn 0.20839278 -0.72121215 -0.66062504
vn -0.09446772 -0.994978 0.033082902
vn 0.2863583 -0.6807394 -0.67423487
vn -0.0040190825 -0.9816191 0.19080836
vn 0.3669129 -0.6595247 -0.6560503
vn 0.1013488 -0.9478166 0.30227843
vn 0.4686938 -0.6419986 -0.6067651
vn 0.1941895 -0.9095754 0.36737323
vn 0.57952195 -0.62771064 -0.519744
vn 0.2619052 -0.8809416 0.39414158
vn 0.67979854 -0.6237961 -0.38568422
vn 0.33627763 -0.8583218 0.38755783
vn 0.74315524 -0.6191561 -0.2537045
vn 0.446174 -0.8250778 0.3466632
vn 0.7591835 -0.63346773 -0.14952911
vn 0.5751175 -0.7769676 0.25604945
vn 0.7518046 -0.65823 -0.039026
vn 0.68855464 -0.7174125 0.10588596
vn 0.07918935 -0.90935075 -0.40842405
vn -0.31588548 -0.93364877 -0.16886796
vn 0.14230175 -0.9454891 -0.29291758
vn -0.008746271 -0.84935975 -0.52774197
vn 0.15712455 -0.9665601 -0.20266585
vn -0.1053254 -0.78856426 -0.6058654
vn 0.15421635 -0.982363 -0.10573607
vn -0.19392213 -0.7339172 -0.65096825
vn 0.09759781 -0.99460584 0.0351256
vn -0.2665235 -0.6954925 -0.6672746
vn 0.006830076 -0.98089427 0.19442162
vn -0.34577605 -0.6743674 -0.652432
vn -0.10004633 -0.9459388 0.30852944
vn -0.45000175 -0.656348 -0.6055623
vn -0.1962048 -0.9056079 0.37600273
vn -0.5656137 -0.64076084 -0.5191403
vn -0.2685366 -0.8746901 0.40349138
vn -0.6711112 -0.634148 -0.38401297
vn -0.34681824 -0.85036516 0.39572257
vn -0.7382017 -0.62641156 -0.25033352
vn -0.45832556 -0.8160545 0.35212597
vn -0.75647724 -0.637677 -0.14529343
vn -0.58511764 -0.7685859 0.25867558
vn -0.7516757 -0.6585584 -0.03583771
vn -0.69324607 -0.7125491 0.10809177
vn 0.24252133 -0.93519455 -0.2580594
vn 0.24404407 -0.9341043 -0.26056015
vn 0.24416254 -0.93454254 -0.2588725
vn 0.24322757 -0.9347211 -0.25910768
vn 0.24204995 -0.9343198 -0.26164538
vn 0.24208051 -0.9351102 -0.25877762
vn 0.24235234 -0.9350688 -0.25867304
vn 0.24121667 -0.9349766 -0.26006395
vn 0.24222745 -0.93597627 -0.2554884
vn 0.2426954 -0.93459874 -0.26004618
vn 0.24383031 -0.93545777 -0.25586244
vn 0.24251401 -0.9353956 -0.25733668
vn 0.2433991 -0.9351304 -0.2574644
vn 0.24286643 -0.9359993 -0.25479677
vn 0.24191983 -0.93562263 -0.25707
vn 0.2410032 -0.93629295 -0.25548574
vn 0.24062869 -0.9358703 -0.2573804
vn -0.23812795 -0.9379738 -0.25199282
vn -0.23682396 -0.93762285 -0.2545148
vn -0.23627307 -0.9387188 -0.25096214
vn -0.23814726 -0.9374833 -0.25379297
vn -0.23624106 -0.93780524 -0.25438452
vn -0.23691387 -0.9378839 -0.25346747
vn -0.23582497 -0.9369761 -0.2578029
vn -0.23562318 -0.93812186 -0.25378957
vn -0.2377406 -0.93674576 -0.25687885
vn -0.2358236 -0.9385475 -0.25202346
vn -0.23701851 -0.9372933 -0.25554568
vn -0.23784009 -0.93831307 -0.25099936
vn -0.23671357 -0.93728614 -0.25585422
vn -0.23741955 -0.9374923 -0.25444067
vn -0.23643254 -0.9374445 -0.25553378
vn -0.23737665 -0.93657005 -0.25785422
vn -0.23555088 -0.9373077 -0.25684625
vn -0.5929648 -0.58947015 -0.5485597
vn -0.6776872 -0.643994 -0.3549811
vn -0.14188272 -0.9449213 -0.2949459
vn -0.078042135 -0.9072986 -0.41318125
vn -0.15569693 -0.9666177 -0.20349115
vn -0.4433516 -0.5187304 -0.7309981
vn -0.70648086 -0.687033 -0.16991317
vn 0.0124017075 -0.84447175 -0.5354565
vn -0.15146421 -0.982711 -0.10647814
vn -0.25178018 -0.43409827 -0.86496556
vn -0.6912569 -0.7221752 0.025038075
vn 0.11356758 -0.7797534 -0.6157004
vn -0.09446772 -0.994978 0.033082902
vn -0.043377478 -0.3394043 -0.9396399
vn -0.615235 -0.74795634 0.2490928
vn 0.20839278 -0.72121215 -0.66062504
vn -0.0040190825 -0.9816191 0.19080836
vn 0.16049078 -0.24953504 -0.95497376
vn -0.46625346 -0.7458981 0.47565085
vn 0.2863583 -0.6807394 -0.67423487
vn 0.1013488 -0.9478166 0.30227843
vn 0.36338946 -0.16870476 -0.9162351
vn -0.27470478 -0.7065123 0.6522099
vn 0.3669129 -0.6595247 -0.6560503
vn 0.1941895 -0.9095754 0.36737323
vn 0.5669006 -0.09346859 -0.8184665
vn -0.07259163 -0.6402945 0.76469177
vn 0.4686938 -0.6419986 -0.6067651
vn 0.2619052 -0.8809416 0.39414158
vn 0.747831 -0.028789634 -0.6632646
vn 0.122300714 -0.567438 0.8142829
vn 0.57952195 -0.62771064 -0.519744
vn 0.33627763 -0.8583218 0.38755783
vn 0.8873412 0.010072347 -0.46100348
vn 0.32200542 -0.49234048 0.8086491
vn 0.67979854 -0.6237961 -0.38568422
vn 0.446174 -0.8250778 0.3466632
vn 0.9683506 0.010883264 -0.24935651
vn 0.53689504 -0.4033944 0.74095666
vn 0.74315524 -0.6191561 -0.2537045
vn 0.5751175 -0.7769676 0.25604945
vn 0.9986696 -0.02114241 -0.04703166
vn 0.7429814 -0.29416662 0.6012028
vn 0.7591835 -0.63346773 -0.14952911
vn 0.68855464 -0.7174125 0.10588596
vn 0.9833763 -0.080088295 0.16296333
vn 0.90300083 -0.17545818 0.39217836
vn 0.7518046 -0.65823 -0.039026
vn 0.593101 -0.59412575 -0.5433652
vn 0.07918935 -0.90935075 -0.40842405
vn 0.14230175 -0.9454891 -0.29291758
vn 0.44715378 -0.52793455 -0.72203785
vn 0.67682624 -0.64605665 -0.35286975
vn -0.008746271 -0.84935975 -0.52774197
vn 0.15712455 -0.9665601 -0.20266585
vn 0.26196828 -0.44942188 -0.8540448
vn 0.70588523 -0.6877469 -0.16949964
vn -0.1053254 -0.78856426 -0.6058654
vn 0.15421635 -0.982363 -0.10573607
vn 0.060588073 -0.36172426 -0.9303143
vn 0.6914245 -0.72202086 0.024861984
vn -0.19392213 -0.7339172 -0.65096825
vn 0.09759781 -0.99460584 0.0351256
vn -0.13819706 -0.27855164 -0.9504265
vn 0.6162654 -0.74694276 0.24958634
vn -0.2665235 -0.6954925 -0.6672746
vn 0.006830076 -0.98089427 0.19442162
vn -0.33961174 -0.20313634 -0.91836786
vn 0.4671307 -0.7435246 0.47849777
vn -0.34577605 -0.6743674 -0.652432
vn -0.10004633 -0.9459388 0.30852944
vn -0.5465615 -0.13064054 -0.827166
vn 0.27339435 -0.70153576 0.6581058
vn -0.45000175 -0.656348 -0.6055623
vn -0.1962048 -0.9056079 0.37600273
vn -0.73505735 -0.06392859 -0.6749843
vn 0.06726739 -0.6310635 0.7728091
vn -0.5656137 -0.64076084 -0.5191403
vn -0.2685366 -0.8746901 0.40349138
vn -0.882003 -0.01691241 -0.4709401
vn -0.1323366 -0.55273914 0.8227797
vn -0.6711112 -0.634148 -0.38401297
vn -0.34681824 -0.85036516 0.39572257
vn -0.9669416 -0.0042043086 -0.25496316
vn -0.33621308 -0.4715399 0.8152366
vn -0.7382017 -0.62641156 -0.25033352
vn -0.45832556 -0.8160545 0.35212597
vn -0.9984175 -0.02346605 -0.051107515
vn -0.552956 -0.37704915 0.74301654
vn -0.75647724 -0.637677 -0.14529343
vn -0.58511764 -0.7685859 0.25867558
vn -0.98500514 -0.06944982 0.1579294
vn -0.7562784 -0.26602575 0.59772354
vn -0.7516757 -0.6585584 -0.03583771
vn -0.69324607 -0.7125491 0.10809177
vn -0.90977377 -0.15303475 0.38586536
g Emma_S005_Face_0
f 3/3/3 2/2/2 1/1/1
f 6/6/6 5/5/5 4/4/4
f 9/9/9 8/8/8 7/7/7
f 12/12/12 11/11/11 10/10/10
f 15/15/15 14/14/14 13/13/13
f 18/18/18 17/17/17 16/16/16
f 21/21/21 20/20/20 19/19/19
f 24/24/24 23/23/23 22/22/22
f 27/27/27 26/26/26 25/25/25
f 30/30/30 29/29/29 28/28/28
f 33/33/33 32/32/32 31/31/31
f 36/36/36 35/35/35 34/34/34
f 39/39/39 38/38/38 37/37/37
f 42/42/42 41/41/41 40/40/40
f 45/45/45 44/44/44 43/43/43
f 48/48/48 47/47/47 46/46/46
f 51/51/51 50/50/50 49/49/49
f 54/54/54 53/53/53 52/52/52
f 57/57/57 56/56/56 55/55/55
f 56/56/56 58/58/58 55/55/55
f 59/59/59 58/58/58 56/56/56
f 59/59/59 60/60/60 58/58/58
f 55/55/55 58/58/58 61/61/61
f 58/58/58 60/60/60 62/62/62
f 58/58/58 62/62/62 61/61/61
f 60/60/60 63/63/63 62/62/62
f 62/62/62 64/64/64 61/61/61
f 64/64/64 62/62/62 63/63/63
f 64/64/64 65/65/65 61/61/61
f 66/66/66 64/64/64 63/63/63
f 64/64/64 67/67/67 65/65/65
f 67/67/67 64/64/64 66/66/66
f 68/68/68 67/67/67 66/66/66
f 67/67/67 69/69/69 65/65/65
f 68/68/68 70/70/70 67/67/67
f 69/69/69 67/67/67 70/70/70
f 71/71/71 69/69/69 70/70/70
f 74/74/74 73/73/73 72/72/72
f 75/75/75 74/74/74 72/72/72
f 76/76/76 75/75/75 72/72/72
f 74/74/74 75/75/75 77/77/77
f 78/78/78 75/75/75 76/76/76
f 75/75/75 78/78/78 77/77/77
f 79/79/79 78/78/78 76/76/76
f 80/80/80 77/77/77 78/78/78
f 81/81/81 78/78/78 79/79/79
f 81/81/81 80/80/80 78/78/78
f 82/82/82 81/81/81 79/79/79
f 82/82/82 83/83/83 81/81/81
f 83/83/83 84/84/84 81/81/81
f 81/81/81 84/84/84 80/80/80
f 84/84/84 85/85/85 80/80/80
f 88/88/88 87/87/87 86/86/86
f 89/89/89 88/88/88 86/86/86
f 90/90/90 88/88/88 89/89/89
f 89/89/89 86/86/86 91/91/91
f 92/92/92 90/90/90 89/89/89
f 93/93/93 90/90/90 92/92/92
f 94/94/94 93/93/93 92/92/92
f 92/92/92 95/95/95 94/94/94
f 92/92/92 89/89/89 95/95/95
f 95/95/95 96/96/96 94/94/94
f 97/97/97 89/89/89 91/91/91
f 89/89/89 97/97/97 95/95/95
f 96/96/96 95/95/95 98/98/98
f 95/95/95 97/97/97 98/98/98
f 99/99/99 96/96/96 98/98/98
f 97/97/97 91/91/91 100/100/100
f 97/97/97 100/100/100 98/98/98
f 91/91/91 101/101/101 100/100/100
f 98/98/98 102/102/102 99/99/99
f 98/98/98 100/100/100 102/102/102
f 102/102/102 103/103/103 99/99/99
f 100/100/100 101/101/101 104/104/104
f 100/100/100 104/104/104 102/102/102
f 101/101/101 105/105/105 104/104/104
f 103/103/103 102/102/102 106/106/106
f 102/102/102 104/104/104 106/106/106
f 107/107/107 103/103/103 106/106/106
f 104/104/104 105/105/105 108/108/108
f 104/104/104 108/108/108 106/106/106
f 105/105/105 109/109/109 108/108/108
f 108/108/108 109/109/109 110/110/110
f 109/109/109 111/111/111 110/110/110
f 106/106/106 108/108/108 112/112/112
f 108/108/108 110/110/110 112/112/112
f 110/110/110 111/111/111 113/113/113
f 110/110/110 113/113/113 112/112/112
f 111/111/111 114/114/114 113/113/113
f 113/113/113 115/115/115 112/112/112
f 112/112/112 116/116/116 106/106/106
f 116/116/116 107/107/107 106/106/106
f 116/116/116 112/112/112 117/117/117
f 116/116/116 117/117/117 118/118/118
f 119/119/119 107/107/107 116/116/116
f 118/118/118 119/119/119 116/116/116
f 119/119/119 120/120/120 107/107/107
f 120/120/120 121/121/121 107/107/107
f 120/120/120 122/122/122 121/121/121
f 122/122/122 123/123/123 121/121/121
f 122/122/122 124/124/124 123/123/123
f 124/124/124 125/125/125 123/123/123
f 126/126/126 122/122/122 120/120/120
f 124/124/124 122/122/122 126/126/126
f 127/127/127 126/126/126 120/120/120
f 127/127/127 120/120/120 128/128/128
f 129/129/129 127/127/127 128/128/128
f 129/129/129 128/128/128 118/118/118
f 130/130/130 124/124/124 126/126/126
f 131/131/131 129/129/129 118/118/118
f 132/132/132 131/131/131 118/118/118
f 118/118/118 133/133/133 132/132/132
f 132/132/132 134/134/134 131/131/131
f 124/124/124 135/135/135 125/125/125
f 135/135/135 124/124/124 130/130/130
f 135/135/135 136/136/136 125/125/125
f 137/137/137 135/135/135 130/130/130
f 135/135/135 138/138/138 136/136/136
f 138/138/138 135/135/135 137/137/137
f 138/138/138 139/139/139 136/136/136
f 140/140/140 138/138/138 137/137/137
f 143/143/143 142/142/142 141/141/141
f 142/142/142 144/144/144 141/141/141
f 144/144/144 145/145/145 141/141/141
f 145/145/145 146/146/146 141/141/141
f 147/147/147 145/145/145 144/144/144
f 148/148/148 147/147/147 144/144/144
f 148/148/148 144/144/144 142/142/142
f 148/148/148 149/149/149 147/147/147
f 149/149/149 150/150/150 147/147/147
f 151/151/151 148/148/148 142/142/142
f 149/149/149 148/148/148 151/151/151
f 149/149/149 152/152/152 150/150/150
f 152/152/152 153/153/153 150/150/150
f 154/154/154 149/149/149 151/151/151
f 152/152/152 149/149/149 154/154/154
f 152/152/152 155/155/155 153/153/153
f 155/155/155 156/156/156 153/153/153
f 157/157/157 152/152/152 154/154/154
f 155/155/155 152/152/152 157/157/157
f 155/155/155 158/158/158 156/156/156
f 158/158/158 159/159/159 156/156/156
f 160/160/160 159/159/159 158/158/158
f 161/161/161 160/160/160 158/158/158
f 158/158/158 155/155/155 162/162/162
f 162/162/162 155/155/155 157/157/157
f 161/161/161 158/158/158 163/163/163
f 163/163/163 158/158/158 162/162/162
f 164/164/164 161/161/161 163/163/163
f 165/165/165 163/163/163 162/162/162
f 166/166/166 163/163/163 165/165/165
f 165/165/165 167/167/167 166/166/166
f 167/167/167 165/165/165 168/168/168
f 168/168/168 165/165/165 162/162/162
f 169/169/169 167/167/167 168/168/168
f 169/169/169 168/168/168 170/170/170
f 171/171/171 168/168/168 162/162/162
f 157/157/157 171/171/171 162/162/162
f 168/168/168 172/172/172 170/170/170
f 173/173/173 171/171/171 157/157/157
f 172/172/172 174/174/174 170/170/170
f 154/154/154 173/173/173 157/157/157
f 175/175/175 173/173/173 154/154/154
f 151/151/151 175/175/175 154/154/154
f 176/176/176 175/175/175 151/151/151
f 142/142/142 176/176/176 151/151/151
f 177/177/177 176/176/176 142/142/142
f 178/178/178 177/177/177 142/142/142
f 174/174/174 179/179/179 170/170/170
f 174/174/174 180/180/180 179/179/179
f 180/180/180 181/181/181 179/179/179
f 182/182/182 181/181/181 180/180/180
f 183/183/183 182/182/182 180/180/180
f 184/184/184 182/182/182 183/183/183
f 185/185/185 184/184/184 183/183/183
f 186/186/186 182/182/182 184/184/184
f 181/181/181 182/182/182 186/186/186
f 187/187/187 186/186/186 184/184/184
f 188/188/188 181/181/181 186/186/186
f 179/179/179 181/181/181 188/188/188
f 189/189/189 179/179/179 188/188/188
f 190/190/190 179/179/179 189/189/189
f 191/191/191 190/190/190 189/189/189
f 191/191/191 192/192/192 190/190/190
f 192/192/192 193/193/193 190/190/190
f 194/194/194 193/193/193 192/192/192
f 195/195/195 194/194/194 192/192/192
f 198/198/198 197/197/197 196/196/196
f 197/197/197 199/199/199 196/196/196
f 202/202/202 201/201/201 200/200/200
f 203/203/203 202/202/202 200/200/200
f 206/206/206 205/205/205 204/204/204
f 204/204/204 205/205/205 207/207/207
f 207/207/207 205/205/205 208/208/208
f 209/209/209 207/207/207 208/208/208
f 204/204/204 207/207/207 210/210/210
f 207/207/207 211/211/211 210/210/210
f 212/212/212 211/211/211 207/207/207
f 212/212/212 213/213/213 211/211/211
f 213/213/213 214/214/214 211/211/211
f 215/215/215 210/210/210 211/211/211
f 214/214/214 216/216/216 211/211/211
f 216/216/216 215/215/215 211/211/211
f 217/217/217 216/216/216 214/214/214
f 216/216/216 217/217/217 218/218/218
f 217/217/217 219/219/219 218/218/218
f 216/216/216 218/218/218 220/220/220
f 215/215/215 216/216/216 220/220/220
f 220/220/220 221/221/221 215/215/215
f 221/221/221 222/222/222 215/215/215
f 215/215/215 222/222/222 223/223/223
f 224/224/224 222/222/222 221/221/221
f 225/225/225 224/224/224 221/221/221
f 224/224/224 226/226/226 222/222/222
f 222/222/222 227/227/227 223/223/223
f 226/226/226 227/227/227 222/222/222
f 228/228/228 223/223/223 227/227/227
f 229/229/229 228/228/228 227/227/227
f 228/228/228 229/229/229 230/230/230
f 229/229/229 231/231/231 230/230/230
f 232/232/232 229/229/229 227/227/227
f 232/232/232 231/231/231 229/229/229
f 226/226/226 232/232/232 227/227/227
f 226/226/226 233/233/233 232/232/232
f 234/234/234 231/231/231 232/232/232
f 232/232/232 233/233/233 234/234/234
f 233/233/233 226/226/226 235/235/235
f 236/236/236 233/233/233 235/235/235
f 236/236/236 235/235/235 237/237/237
f 236/236/236 238/238/238 233/233/233
f 236/236/236 239/239/239 238/238/238
f 238/238/238 239/239/239 240/240/240
f 239/239/239 241/241/241 240/240/240
f 240/240/240 241/241/241 242/242/242
f 241/241/241 243/243/243 242/242/242
f 242/242/242 243/243/243 244/244/244
f 238/238/238 245/245/245 233/233/233
f 238/238/238 240/240/240 246/246/246
f 245/245/245 238/238/238 246/246/246
f 240/240/240 242/242/242 247/247/247
f 246/246/246 240/240/240 247/247/247
f 248/248/248 242/242/242 244/244/244
f 247/247/247 242/242/242 248/248/248
f 249/249/249 233/233/233 245/245/245
f 249/249/249 250/250/250 233/233/233
f 251/251/251 249/249/249 245/245/245
f 249/249/249 251/251/251 250/250/250
f 246/246/246 251/251/251 245/245/245
f 252/252/252 251/251/251 246/246/246
f 251/251/251 253/253/253 250/250/250
f 251/251/251 252/252/252 253/253/253
f 253/253/253 254/254/254 250/250/250
f 253/253/253 255/255/255 254/254/254
f 252/252/252 255/255/255 253/253/253
f 255/255/255 256/256/256 254/254/254
f 244/244/244 257/257/257 248/248/248
f 244/244/244 258/258/258 257/257/257
f 257/257/257 259/259/259 248/248/248
f 259/259/259 260/260/260 248/248/248
f 260/260/260 261/261/261 248/248/248
f 260/260/260 262/262/262 261/261/261
f 261/261/261 262/262/262 263/263/263
f 261/261/261 247/247/247 248/248/248
f 264/264/264 261/261/261 263/263/263
f 264/264/264 263/263/263 265/265/265
f 266/266/266 264/264/264 265/265/265
f 261/261/261 267/267/267 247/247/247
f 256/256/256 255/255/255 268/268/268
f 269/269/269 256/256/256 268/268/268
f 269/269/269 268/268/268 270/270/270
f 268/268/268 255/255/255 271/271/271
f 271/271/271 255/255/255 252/252/252
f 252/252/252 272/272/272 271/271/271
f 272/272/272 252/252/252 267/267/267
f 267/267/267 273/273/273 247/247/247
f 252/252/252 273/273/273 267/267/267
f 273/273/273 246/246/246 247/247/247
f 246/246/246 273/273/273 252/252/252
f 276/276/276 275/275/275 274/274/274
f 277/277/277 276/276/276 274/274/274
f 276/276/276 277/277/277 278/278/278
f 279/279/279 276/276/276 278/278/278
f 280/280/280 279/279/279 278/278/278
f 281/281/281 280/280/280 278/278/278
f 282/282/282 280/280/280 281/281/281
f 283/283/283 282/282/282 281/281/281
f 284/284/284 282/282/282 283/283/283
f 285/285/285 284/284/284 283/283/283
f 284/284/284 285/285/285 286/286/286
f 287/287/287 284/284/284 286/286/286
f 288/288/288 287/287/287 286/286/286
f 291/291/291 290/290/290 289/289/289
f 292/292/292 291/291/291 289/289/289
f 293/293/293 291/291/291 292/292/292
f 294/294/294 293/293/293 292/292/292
f 295/295/295 293/293/293 294/294/294
f 296/296/296 295/295/295 294/294/294
f 295/295/295 296/296/296 297/297/297
f 298/298/298 295/295/295 297/297/297
f 298/298/298 297/297/297 299/299/299
f 300/300/300 298/298/298 299/299/299
f 300/300/300 299/299/299 301/301/301
f 302/302/302 300/300/300 301/301/301
f 303/303/303 302/302/302 301/301/301
f 306/306/306 305/305/305 304/304/304
f 307/307/307 306/306/306 304/304/304
f 307/307/307 308/308/308 306/306/306
f 309/309/309 308/308/308 307/307/307
f 307/307/307 304/304/304 310/310/310
f 309/309/309 307/307/307 311/311/311
f 311/311/311 307/307/307 310/310/310
f 312/312/312 309/309/309 311/311/311
f 313/313/313 311/311/311 310/310/310
f 311/311/311 313/313/313 312/312/312
f 314/314/314 313/313/313 310/310/310
f 313/313/313 315/315/315 312/312/312
f 316/316/316 313/313/313 314/314/314
f 313/313/313 316/316/316 315/315/315
f 316/316/316 317/317/317 315/315/315
f 318/318/318 316/316/316 314/314/314
f 319/319/319 317/317/317 316/316/316
f 316/316/316 318/318/318 319/319/319
f 318/318/318 320/320/320 319/319/319
f 323/323/323 322/322/322 321/321/321
f 322/322/322 324/324/324 321/321/321
f 324/324/324 325/325/325 321/321/321
f 324/324/324 322/322/322 326/326/326
f 324/324/324 327/327/327 325/325/325
f 327/327/327 324/324/324 326/326/326
f 327/327/327 328/328/328 325/325/325
f 326/326/326 329/329/329 327/327/327
f 327/327/327 330/330/330 328/328/328
f 329/329/329 330/330/330 327/327/327
f 330/330/330 331/331/331 328/328/328
f 332/332/332 331/331/331 330/330/330
f 333/333/333 332/332/332 330/330/330
f 333/333/333 330/330/330 329/329/329
f 334/334/334 333/333/333 329/329/329
f 337/337/337 336/336/336 335/335/335
f 336/336/336 338/338/338 335/335/335
f 336/336/336 339/339/339 338/338/338
f 335/335/335 338/338/338 340/340/340
f 339/339/339 341/341/341 338/338/338
f 339/339/339 342/342/342 341/341/341
f 342/342/342 343/343/343 341/341/341
f 344/344/344 341/341/341 343/343/343
f 338/338/338 341/341/341 344/344/344
f 345/345/345 344/344/344 343/343/343
f 338/338/338 346/346/346 340/340/340
f 346/346/346 338/338/338 344/344/344
f 344/344/344 345/345/345 347/347/347
f 346/346/346 344/344/344 347/347/347
f 345/345/345 348/348/348 347/347/347
f 340/340/340 346/346/346 349/349/349
f 349/349/349 346/346/346 347/347/347
f 350/350/350 340/340/340 349/349/349
f 351/351/351 347/347/347 348/348/348
f 349/349/349 347/347/347 351/351/351
f 352/352/352 351/351/351 348/348/348
f 350/350/350 349/349/349 353/353/353
f 353/353/353 349/349/349 351/351/351
f 354/354/354 350/350/350 353/353/353
f 351/351/351 352/352/352 355/355/355
f 353/353/353 351/351/351 355/355/355
f 352/352/352 356/356/356 355/355/355
f 354/354/354 353/353/353 357/357/357
f 357/357/357 353/353/353 355/355/355
f 358/358/358 354/354/354 357/357/357
f 358/358/358 357/357/357 359/359/359
f 360/360/360 358/358/358 359/359/359
f 357/357/357 355/355/355 361/361/361
f 359/359/359 357/357/357 361/361/361
f 360/360/360 359/359/359 362/362/362
f 362/362/362 359/359/359 361/361/361
f 363/363/363 360/360/360 362/362/362
f 364/364/364 362/362/362 361/361/361
f 365/365/365 361/361/361 355/355/355
f 356/356/356 365/365/365 355/355/355
f 361/361/361 365/365/365 366/366/366
f 366/366/366 365/365/365 367/367/367
f 356/356/356 368/368/368 365/365/365
f 368/368/368 367/367/367 365/365/365
f 369/369/369 368/368/368 356/356/356
f 370/370/370 369/369/369 356/356/356
f 371/371/371 369/369/369 370/370/370
f 372/372/372 371/371/371 370/370/370
f 373/373/373 371/371/371 372/372/372
f 374/374/374 373/373/373 372/372/372
f 371/371/371 375/375/375 369/369/369
f 371/371/371 373/373/373 375/375/375
f 375/375/375 376/376/376 369/369/369
f 369/369/369 376/376/376 377/377/377
f 376/376/376 378/378/378 377/377/377
f 377/377/377 378/378/378 367/367/367
f 373/373/373 379/379/379 375/375/375
f 378/378/378 380/380/380 367/367/367
f 380/380/380 381/381/381 367/367/367
f 382/382/382 367/367/367 381/381/381
f 383/383/383 381/381/381 380/380/380
f 384/384/384 373/373/373 374/374/374
f 373/373/373 384/384/384 379/379/379
f 385/385/385 384/384/384 374/374/374
f 384/384/384 386/386/386 379/379/379
f 387/387/387 384/384/384 385/385/385
f 384/384/384 387/387/387 386/386/386
f 388/388/388 387/387/387 385/385/385
f 387/387/387 389/389/389 386/386/386
f 392/392/392 391/391/391 390/390/390
f 393/393/393 392/392/392 390/390/390
f 394/394/394 393/393/393 390/390/390
f 395/395/395 394/394/394 390/390/390
f 394/394/394 396/396/396 393/393/393
f 396/396/396 397/397/397 393/393/393
f 393/393/393 397/397/397 392/392/392
f 398/398/398 397/397/397 396/396/396
f 399/399/399 398/398/398 396/396/396
f 397/397/397 400/400/400 392/392/392
f 397/397/397 398/398/398 400/400/400
f 401/401/401 398/398/398 399/399/399
f 402/402/402 401/401/401 399/399/399
f 398/398/398 403/403/403 400/400/400
f 398/398/398 401/401/401 403/403/403
f 404/404/404 401/401/401 402/402/402
f 405/405/405 404/404/404 402/402/402
f 401/401/401 406/406/406 403/403/403
f 401/401/401 404/404/404 406/406/406
f 407/407/407 404/404/404 405/405/405
f 408/408/408 407/407/407 405/405/405
f 408/408/408 409/409/409 407/407/407
f 409/409/409 410/410/410 407/407/407
f 404/404/404 407/407/407 411/411/411
f 404/404/404 411/411/411 406/406/406
f 407/407/407 410/410/410 412/412/412
f 407/407/407 412/412/412 411/411/411
f 410/410/410 413/413/413 412/412/412
f 412/412/412 414/414/414 411/411/411
f 412/412/412 415/415/415 414/414/414
f 416/416/416 414/414/414 415/415/415
f 414/414/414 416/416/416 417/417/417
f 414/414/414 417/417/417 411/411/411
f 416/416/416 418/418/418 417/417/417
f 417/417/417 418/418/418 419/419/419
f 417/417/417 420/420/420 411/411/411
f 420/420/420 406/406/406 411/411/411
f 421/421/421 417/417/417 419/419/419
f 420/420/420 422/422/422 406/406/406
f 423/423/423 421/421/421 419/419/419
f 422/422/422 403/403/403 406/406/406
f 422/422/422 424/424/424 403/403/403
f 424/424/424 400/400/400 403/403/403
f 424/424/424 425/425/425 400/400/400
f 425/425/425 392/392/392 400/400/400
f 425/425/425 426/426/426 392/392/392
f 426/426/426 427/427/427 392/392/392
f 428/428/428 423/423/423 419/419/419
f 429/429/429 423/423/423 428/428/428
f 430/430/430 429/429/429 428/428/428
f 430/430/430 431/431/431 429/429/429
f 431/431/431 432/432/432 429/429/429
f 431/431/431 433/433/433 432/432/432
f 433/433/433 434/434/434 432/432/432
f 431/431/431 435/435/435 433/433/433
f 431/431/431 430/430/430 435/435/435
f 435/435/435 436/436/436 433/433/433
f 430/430/430 437/437/437 435/435/435
f 430/430/430 428/428/428 437/437/437
f 428/428/428 438/438/438 437/437/437
f 428/428/428 439/439/439 438/438/438
f 439/439/439 440/440/440 438/438/438
f 441/441/441 440/440/440 439/439/439
f 442/442/442 441/441/441 439/439/439
f 442/442/442 443/443/443 441/441/441
f 443/443/443 444/444/444 441/441/441
f 447/447/447 446/446/446 445/445/445
f 448/448/448 447/447/447 445/445/445
f 451/451/451 450/450/450 449/449/449
f 452/452/452 451/451/451 449/449/449
f 455/455/455 454/454/454 453/453/453
f 455/455/455 453/453/453 456/456/456
f 457/457/457 455/455/455 456/456/456
f 458/458/458 457/457/457 456/456/456
f 456/456/456 453/453/453 459/459/459
f 460/460/460 456/456/456 459/459/459
f 460/460/460 461/461/461 456/456/456
f 462/462/462 461/461/461 460/460/460
f 463/463/463 462/462/462 460/460/460
f 459/459/459 464/464/464 460/460/460
f 465/465/465 463/463/463 460/460/460
f 464/464/464 465/465/465 460/460/460
f 465/465/465 466/466/466 463/463/463
f 465/465/465 467/467/467 466/466/466
f 467/467/467 468/468/468 466/466/466
f 469/469/469 467/467/467 465/465/465
f 464/464/464 469/469/469 465/465/465
f 470/470/470 469/469/469 464/464/464
f 471/471/471 470/470/470 464/464/464
f 471/471/471 464/464/464 472/472/472
f 471/471/471 473/473/473 470/470/470
f 473/473/473 474/474/474 470/470/470
f 475/475/475 473/473/473 471/471/471
f 476/476/476 471/471/471 472/472/472
f 476/476/476 475/475/475 471/471/471
f 472/472/472 477/477/477 476/476/476
f 477/477/477 478/478/478 476/476/476
f 478/478/478 477/477/477 479/479/479
f 480/480/480 478/478/478 479/479/479
f 478/478/478 481/481/481 476/476/476
f 480/480/480 481/481/481 478/478/478
f 481/481/481 475/475/475 476/476/476
f 482/482/482 475/475/475 481/481/481
f 480/480/480 483/483/483 481/481/481
f 482/482/482 481/481/481 483/483/483
f 475/475/475 482/482/482 484/484/484
f 482/482/482 485/485/485 484/484/484
f 484/484/484 485/485/485 486/486/486
f 487/487/487 485/485/485 482/482/482
f 488/488/488 485/485/485 487/487/487
f 488/488/488 487/487/487 489/489/489
f 490/490/490 488/488/488 489/489/489
f 490/490/490 489/489/489 491/491/491
f 492/492/492 490/490/490 491/491/491
f 493/493/493 492/492/492 491/491/491
f 494/494/494 487/487/487 482/482/482
f 489/489/489 487/487/487 495/495/495
f 487/487/487 494/494/494 495/495/495
f 491/491/491 489/489/489 496/496/496
f 489/489/489 495/495/495 496/496/496
f 497/497/497 493/493/493 491/491/491
f 491/491/491 496/496/496 497/497/497
f 482/482/482 498/498/498 494/494/494
f 499/499/499 498/498/498 482/482/482
f 498/498/498 500/500/500 494/494/494
f 500/500/500 498/498/498 499/499/499
f 500/500/500 495/495/495 494/494/494
f 500/500/500 501/501/501 495/495/495
f 502/502/502 500/500/500 499/499/499
f 501/501/501 500/500/500 502/502/502
f 503/503/503 502/502/502 499/499/499
f 504/504/504 502/502/502 503/503/503
f 504/504/504 501/501/501 502/502/502
f 505/505/505 504/504/504 503/503/503
f 493/493/493 497/497/497 506/506/506
f 507/507/507 493/493/493 506/506/506
f 497/497/497 508/508/508 506/506/506
f 509/509/509 508/508/508 497/497/497
f 510/510/510 509/509/509 497/497/497
f 511/511/511 509/509/509 510/510/510
f 512/512/512 511/511/511 510/510/510
f 496/496/496 510/510/510 497/497/497
f 513/513/513 512/512/512 510/510/510
f 514/514/514 512/512/512 513/513/513
f 515/515/515 514/514/514 513/513/513
f 516/516/516 510/510/510 496/496/496
f 504/504/504 505/505/505 517/517/517
f 505/505/505 518/518/518 517/517/517
f 517/517/517 518/518/518 519/519/519
f 504/504/504 517/517/517 520/520/520
f 504/504/504 520/520/520 501/501/501
f 521/521/521 501/501/501 520/520/520
f 501/501/501 521/521/521 516/516/516
f 522/522/522 516/516/516 496/496/496
f 522/522/522 501/501/501 516/516/516
f 495/495/495 522/522/522 496/496/496
f 522/522/522 495/495/495 501/501/501
f 525/525/525 524/524/524 523/523/523
f 524/524/524 526/526/526 523/523/523
f 527/527/527 526/526/526 524/524/524
f 528/528/528 527/527/527 524/524/524
f 528/528/528 529/529/529 527/527/527
f 529/529/529 530/530/530 527/527/527
f 529/529/529 531/531/531 530/530/530
f 531/531/531 532/532/532 530/530/530
f 531/531/531 533/533/533 532/532/532
f 533/533/533 534/534/534 532/532/532
f 535/535/535 534/534/534 533/533/533
f 536/536/536 535/535/535 533/533/533
f 536/536/536 537/537/537 535/535/535
f 540/540/540 539/539/539 538/538/538
f 539/539/539 541/541/541 538/538/538
f 539/539/539 542/542/542 541/541/541
f 542/542/542 543/543/543 541/541/541
f 542/542/542 544/544/544 543/543/543
f 544/544/544 545/545/545 543/543/543
f 546/546/546 545/545/545 544/544/544
f 547/547/547 546/546/546 544/544/544
f 548/548/548 546/546/546 547/547/547
f 549/549/549 548/548/548 547/547/547
f 550/550/550 548/548/548 549/549/549
f 551/551/551 550/550/550 549/549/549
f 551/551/551 552/552/552 550/550/550
f 555/555/555 554/554/554 553/553/553
f 556/556/556 554/554/554 555/555/555
f 557/557/557 556/556/556 555/555/555
f 560/560/560 559/559/559 558/558/558
f 559/559/559 561/561/561 558/558/558
f 559/559/559 562/562/562 561/561/561
f 565/565/565 564/564/564 563/563/563
f 564/564/564 565/565/565 566/566/566
f 567/567/567 564/564/564 566/566/566
f 567/567/567 566/566/566 568/568/568
f 569/569/569 567/567/567 568/568/568
f 569/569/569 568/568/568 570/570/570
f 571/571/571 569/569/569 570/570/570
f 571/571/571 570/570/570 572/572/572
f 573/573/573 571/571/571 572/572/572
f 573/573/573 572/572/572 574/574/574
f 575/575/575 573/573/573 574/574/574
f 574/574/574 576/576/576 575/575/575
f 579/579/579 578/578/578 577/577/577
f 577/577/577 578/578/578 580/580/580
f 581/581/581 577/577/577 580/580/580
f 580/580/580 582/582/582 581/581/581
f 582/582/582 583/583/583 581/581/581
f 583/583/583 582/582/582 584/584/584
f 585/585/585 583/583/583 584/584/584
f 586/586/586 585/585/585 584/584/584
f 587/587/587 586/586/586 584/584/584
f 588/588/588 586/586/586 587/587/587
f 589/589/589 588/588/588 587/587/587
f 588/588/588 589/589/589 590/590/590
f 589/589/589 591/591/591 590/590/590
f 592/592/592 591/591/591 589/589/589
f 578/578/578 593/593/593 580/580/580
f 580/580/580 594/594/594 582/582/582
f 593/593/593 594/594/594 580/580/580
f 594/594/594 595/595/595 582/582/582
f 582/582/582 595/595/595 584/584/584
f 593/593/593 578/578/578 596/596/596
f 578/578/578 597/597/597 596/596/596
f 594/594/594 593/593/593 598/598/598
f 595/595/595 594/594/594 598/598/598
f 596/596/596 599/599/599 593/593/593
f 599/599/599 598/598/598 593/593/593
f 596/596/596 597/597/597 600/600/600
f 597/597/597 601/601/601 600/600/600
f 601/601/601 602/602/602 600/600/600
f 603/603/603 599/599/599 596/596/596
f 600/600/600 603/603/603 596/596/596
f 602/602/602 604/604/604 600/600/600
f 602/602/602 605/605/605 604/604/604
f 606/606/606 603/603/603 600/600/600
f 606/606/606 600/600/600 604/604/604
f 605/605/605 607/607/607 604/604/604
f 605/605/605 608/608/608 607/607/607
f 609/609/609 606/606/606 604/604/604
f 609/609/609 604/604/604 607/607/607
f 610/610/610 603/603/603 606/606/606
f 603/603/603 611/611/611 599/599/599
f 611/611/611 603/603/603 610/610/610
f 612/612/612 610/610/610 606/606/606
f 612/612/612 606/606/606 609/609/609
f 613/613/613 611/611/611 610/610/610
f 613/613/613 610/610/610 612/612/612
f 614/614/614 613/613/613 612/612/612
f 613/613/613 614/614/614 615/615/615
f 614/614/614 616/616/616 615/615/615
f 617/617/617 612/612/612 609/609/609
f 614/614/614 612/612/612 617/617/617
f 618/618/618 609/609/609 607/607/607
f 609/609/609 618/618/618 617/617/617
f 614/614/614 619/619/619 616/616/616
f 616/616/616 619/619/619 620/620/620
f 620/620/620 619/619/619 621/621/621
f 621/621/621 619/619/619 614/614/614
f 622/622/622 620/620/620 621/621/621
f 623/623/623 614/614/614 617/617/617
f 621/621/621 614/614/614 623/623/623
f 622/622/622 621/621/621 624/624/624
f 624/624/624 621/621/621 623/623/623
f 625/625/625 622/622/622 624/624/624
f 625/625/625 624/624/624 626/626/626
f 627/627/627 625/625/625 626/626/626
f 627/627/627 626/626/626 628/628/628
f 626/626/626 624/624/624 629/629/629
f 624/624/624 623/623/623 629/629/629
f 626/626/626 630/630/630 628/628/628
f 626/626/626 629/629/629 630/630/630
f 631/631/631 628/628/628 630/630/630
f 617/617/617 632/632/632 623/623/623
f 618/618/618 632/632/632 617/617/617
f 623/623/623 633/633/633 629/629/629
f 632/632/632 633/633/633 623/623/623
f 630/630/630 629/629/629 634/634/634
f 635/635/635 631/631/631 630/630/630
f 630/630/630 634/634/634 635/635/635
f 635/635/635 636/636/636 631/631/631
f 635/635/635 634/634/634 636/636/636
f 636/636/636 637/637/637 631/631/631
f 636/636/636 638/638/638 637/637/637
f 638/638/638 639/639/639 637/637/637
f 633/633/633 640/640/640 629/629/629
f 634/634/634 629/629/629 640/640/640
f 636/636/636 634/634/634 641/641/641
f 641/641/641 638/638/638 636/636/636
f 642/642/642 639/639/639 638/638/638
f 639/639/639 642/642/642 643/643/643
f 644/644/644 642/642/642 638/638/638
f 641/641/641 644/644/644 638/638/638
f 642/642/642 645/645/645 643/643/643
f 642/642/642 644/644/644 645/645/645
f 645/645/645 646/646/646 643/643/643
f 634/634/634 647/647/647 641/641/641
f 647/647/647 634/634/634 640/640/640
f 641/641/641 648/648/648 644/644/644
f 647/647/647 648/648/648 641/641/641
f 633/633/633 649/649/649 640/640/640
f 647/647/647 640/640/640 650/650/650
f 649/649/649 650/650/650 640/640/640
f 648/648/648 647/647/647 651/651/651
f 651/651/651 647/647/647 650/650/650
f 652/652/652 649/649/649 633/633/633
f 632/632/632 652/652/652 633/633/633
f 652/652/652 632/632/632 653/653/653
f 632/632/632 618/618/618 653/653/653
f 654/654/654 653/653/653 618/618/618
f 607/607/607 654/654/654 618/618/618
f 607/607/607 608/608/608 654/654/654
f 648/648/648 655/655/655 644/644/644
f 656/656/656 648/648/648 651/651/651
f 648/648/648 656/656/656 655/655/655
f 644/644/644 655/655/655 657/657/657
f 644/644/644 657/657/657 645/645/645
f 657/657/657 658/658/658 645/645/645
f 645/645/645 658/658/658 646/646/646
f 658/658/658 659/659/659 646/646/646
f 646/646/646 659/659/659 660/660/660
f 661/661/661 659/659/659 658/658/658
f 657/657/657 662/662/662 658/658/658
f 661/661/661 658/658/658 662/662/662
f 663/663/663 659/659/659 661/661/661
f 664/664/664 659/659/659 663/663/663
f 665/665/665 664/664/664 663/663/663
f 661/661/661 662/662/662 666/666/666
f 663/663/663 661/661/661 666/666/666
f 665/665/665 663/663/663 667/667/667
f 665/665/665 667/667/667 668/668/668
f 663/663/663 669/669/669 667/667/667
f 663/663/663 666/666/666 669/669/669
f 669/669/669 670/670/670 667/667/667
f 670/670/670 671/671/671 667/667/667
f 672/672/672 671/671/671 670/670/670
f 673/673/673 672/672/672 670/670/670
f 673/673/673 674/674/674 672/672/672
f 674/674/674 675/675/675 672/672/672
f 675/675/675 674/674/674 676/676/676
f 677/677/677 675/675/675 676/676/676
f 676/676/676 678/678/678 677/677/677
f 678/678/678 679/679/679 677/677/677
f 679/679/679 678/678/678 680/680/680
f 681/681/681 679/679/679 680/680/680
f 682/682/682 681/681/681 680/680/680
f 683/683/683 682/682/682 680/680/680
f 684/684/684 682/682/682 683/683/683
f 683/683/683 685/685/685 684/684/684
f 684/684/684 685/685/685 611/611/611
f 686/686/686 684/684/684 611/611/611
f 611/611/611 685/685/685 599/599/599
f 685/685/685 687/687/687 599/599/599
f 599/599/599 687/687/687 598/598/598
f 685/685/685 688/688/688 687/687/687
f 687/687/687 688/688/688 598/598/598
f 685/685/685 683/683/683 689/689/689
f 688/688/688 685/685/685 689/689/689
f 689/689/689 683/683/683 690/690/690
f 683/683/683 691/691/691 690/690/690
f 691/691/691 692/692/692 690/690/690
f 691/691/691 693/693/693 692/692/692
f 693/693/693 694/694/694 692/692/692
f 693/693/693 695/695/695 694/694/694
f 696/696/696 695/695/695 693/693/693
f 695/695/695 697/697/697 694/694/694
f 696/696/696 698/698/698 695/695/695
f 695/695/695 699/699/699 697/697/697
f 698/698/698 700/700/700 695/695/695
f 699/699/699 701/701/701 697/697/697
f 698/698/698 702/702/702 700/700/700
f 699/699/699 703/703/703 701/701/701
f 702/702/702 704/704/704 700/700/700
f 703/703/703 705/705/705 701/701/701
f 703/703/703 706/706/706 705/705/705
f 706/706/706 707/707/707 705/705/705
f 702/702/702 708/708/708 704/704/704
f 708/708/708 709/709/709 704/704/704
f 709/709/709 708/708/708 710/710/710
f 708/708/708 669/669/669 710/710/710
f 711/711/711 709/709/709 710/710/710
f 712/712/712 710/710/710 669/669/669
f 711/711/711 710/710/710 712/712/712
f 666/666/666 712/712/712 669/669/669
f 713/713/713 711/711/711 712/712/712
f 711/711/711 713/713/713 714/714/714
f 715/715/715 711/711/711 714/714/714
f 716/716/716 715/715/715 714/714/714
f 716/716/716 714/714/714 717/717/717
f 717/717/717 718/718/718 716/716/716
f 718/718/718 717/717/717 719/719/719
f 720/720/720 718/718/718 719/719/719
f 720/720/720 719/719/719 721/721/721
f 722/722/722 720/720/720 721/721/721
f 722/722/722 721/721/721 723/723/723
f 724/724/724 722/722/722 723/723/723
f 721/721/721 719/719/719 725/725/725
f 721/721/721 725/725/725 723/723/723
f 719/719/719 717/717/717 726/726/726
f 719/719/719 726/726/726 725/725/725
f 727/727/727 724/724/724 723/723/723
f 727/727/727 689/689/689 724/724/724
f 727/727/727 688/688/688 689/689/689
f 728/728/728 727/727/727 723/723/723
f 728/728/728 723/723/723 725/725/725
f 727/727/727 729/729/729 688/688/688
f 728/728/728 729/729/729 727/727/727
f 688/688/688 729/729/729 598/598/598
f 595/595/595 598/598/598 729/729/729
f 730/730/730 595/595/595 729/729/729
f 729/729/729 728/728/728 730/730/730
f 595/595/595 730/730/730 584/584/584
f 728/728/728 731/731/731 730/730/730
f 731/731/731 584/584/584 730/730/730
f 728/728/728 725/725/725 731/731/731
f 587/587/587 584/584/584 731/731/731
f 725/725/725 732/732/732 731/731/731
f 732/732/732 587/587/587 731/731/731
f 732/732/732 725/725/725 726/726/726
f 732/732/732 733/733/733 587/587/587
f 733/733/733 732/732/732 726/726/726
f 733/733/733 589/589/589 587/587/587
f 733/733/733 726/726/726 734/734/734
f 726/726/726 717/717/717 734/734/734
f 717/717/717 714/714/714 734/734/734
f 733/733/733 735/735/735 589/589/589
f 735/735/735 733/733/733 734/734/734
f 592/592/592 589/589/589 735/735/735
f 735/735/735 734/734/734 736/736/736
f 735/735/735 736/736/736 592/592/592
f 734/734/734 714/714/714 736/736/736
f 592/592/592 736/736/736 737/737/737
f 737/737/737 736/736/736 738/738/738
f 714/714/714 739/739/739 736/736/736
f 736/736/736 739/739/739 738/738/738
f 713/713/713 739/739/739 714/714/714
f 740/740/740 738/738/738 739/739/739
f 713/713/713 740/740/740 739/739/739
f 741/741/741 738/738/738 740/740/740
f 740/740/740 713/713/713 712/712/712
f 741/741/741 740/740/740 742/742/742
f 740/740/740 712/712/712 743/743/743
f 740/740/740 743/743/743 742/742/742
f 712/712/712 666/666/666 743/743/743
f 743/743/743 744/744/744 742/742/742
f 743/743/743 666/666/666 744/744/744
f 744/744/744 745/745/745 742/742/742
f 666/666/666 662/662/662 744/744/744
f 746/746/746 745/745/745 744/744/744
f 744/744/744 662/662/662 747/747/747
f 747/747/747 746/746/746 744/744/744
f 662/662/662 748/748/748 747/747/747
f 748/748/748 662/662/662 657/657/657
f 747/747/747 749/749/749 746/746/746
f 749/749/749 750/750/750 746/746/746
f 751/751/751 748/748/748 657/657/657
f 655/655/655 751/751/751 657/657/657
f 747/747/747 748/748/748 752/752/752
f 749/749/749 747/747/747 752/752/752
f 751/751/751 752/752/752 748/748/748
f 750/750/750 749/749/749 753/753/753
f 754/754/754 750/750/750 753/753/753
f 655/655/655 755/755/755 751/751/751
f 656/656/656 755/755/755 655/655/655
f 749/749/749 752/752/752 756/756/756
f 753/753/753 749/749/749 756/756/756
f 752/752/752 751/751/751 757/757/757
f 755/755/755 757/757/757 751/751/751
f 756/756/756 752/752/752 757/757/757
f 753/753/753 758/758/758 754/754/754
f 758/758/758 759/759/759 754/754/754
f 759/759/759 758/758/758 760/760/760
f 753/753/753 756/756/756 761/761/761
f 758/758/758 753/753/753 761/761/761
f 758/758/758 762/762/762 760/760/760
f 762/762/762 758/758/758 761/761/761
f 763/763/763 760/760/760 762/762/762
f 757/757/757 764/764/764 756/756/756
f 764/764/764 761/761/761 756/756/756
f 757/757/757 755/755/755 765/765/765
f 764/764/764 757/757/757 765/765/765
f 766/766/766 763/763/763 762/762/762
f 763/763/763 766/766/766 767/767/767
f 762/762/762 761/761/761 768/768/768
f 762/762/762 768/768/768 766/766/766
f 768/768/768 761/761/761 769/769/769
f 764/764/764 769/769/769 761/761/761
f 768/768/768 769/769/769 766/766/766
f 766/766/766 770/770/770 767/767/767
f 767/767/767 770/770/770 771/771/771
f 766/766/766 769/769/769 772/772/772
f 764/764/764 772/772/772 769/769/769
f 770/770/770 766/766/766 772/772/772
f 770/770/770 773/773/773 771/771/771
f 774/774/774 771/771/771 773/773/773
f 775/775/775 772/772/772 764/764/764
f 775/775/775 764/764/764 765/765/765
f 770/770/770 772/772/772 776/776/776
f 773/773/773 770/770/770 776/776/776
f 772/772/772 775/775/775 776/776/776
f 777/777/777 774/774/774 773/773/773
f 773/773/773 776/776/776 777/777/777
f 777/777/777 778/778/778 774/774/774
f 778/778/778 779/779/779 774/774/774
f 778/778/778 780/780/780 779/779/779
f 780/780/780 781/781/781 779/779/779
f 780/780/780 782/782/782 781/781/781
f 782/782/782 783/783/783 781/781/781
f 782/782/782 784/784/784 783/783/783
f 784/784/784 785/785/785 783/783/783
f 784/784/784 786/786/786 785/785/785
f 786/786/786 787/787/787 785/785/785
f 788/788/788 786/786/786 784/784/784
f 789/789/789 784/784/784 782/782/782
f 789/789/789 788/788/788 784/784/784
f 782/782/782 780/780/780 790/790/790
f 790/790/790 789/789/789 782/782/782
f 780/780/780 778/778/778 791/791/791
f 780/780/780 791/791/791 790/790/790
f 778/778/778 777/777/777 792/792/792
f 778/778/778 792/792/792 791/791/791
f 789/789/789 793/793/793 788/788/788
f 793/793/793 794/794/794 788/788/788
f 789/789/789 790/790/790 795/795/795
f 793/793/793 789/789/789 795/795/795
f 791/791/791 796/796/796 790/790/790
f 796/796/796 795/795/795 790/790/790
f 793/793/793 797/797/797 794/794/794
f 797/797/797 798/798/798 794/794/794
f 798/798/798 797/797/797 799/799/799
f 793/793/793 795/795/795 800/800/800
f 797/797/797 793/793/793 800/800/800
f 797/797/797 801/801/801 799/799/799
f 801/801/801 797/797/797 800/800/800
f 802/802/802 799/799/799 801/801/801
f 803/803/803 802/802/802 801/801/801
f 804/804/804 800/800/800 795/795/795
f 796/796/796 804/804/804 795/795/795
f 805/805/805 801/801/801 800/800/800
f 803/803/803 801/801/801 805/805/805
f 800/800/800 804/804/804 805/805/805
f 806/806/806 796/796/796 791/791/791
f 792/792/792 806/806/806 791/791/791
f 807/807/807 804/804/804 796/796/796
f 806/806/806 807/807/807 796/796/796
f 804/804/804 808/808/808 805/805/805
f 804/804/804 807/807/807 808/808/808
f 809/809/809 803/803/803 805/805/805
f 809/809/809 805/805/805 808/808/808
f 810/810/810 806/806/806 792/792/792
f 811/811/811 807/807/807 806/806/806
f 810/810/810 811/811/811 806/806/806
f 807/807/807 812/812/812 808/808/808
f 807/807/807 811/811/811 812/812/812
f 813/813/813 809/809/809 808/808/808
f 813/813/813 808/808/808 812/812/812
f 814/814/814 810/810/810 792/792/792
f 777/777/777 814/814/814 792/792/792
f 776/776/776 814/814/814 777/777/777
f 776/776/776 815/815/815 814/814/814
f 815/815/815 810/810/810 814/814/814
f 775/775/775 815/815/815 776/776/776
f 816/816/816 811/811/811 810/810/810
f 815/815/815 816/816/816 810/810/810
f 775/775/775 817/817/817 815/815/815
f 817/817/817 816/816/816 815/815/815
f 817/817/817 775/775/775 765/765/765
f 811/811/811 818/818/818 812/812/812
f 811/811/811 816/816/816 818/818/818
f 817/817/817 765/765/765 819/819/819
f 817/817/817 819/819/819 816/816/816
f 820/820/820 813/813/813 812/812/812
f 820/820/820 812/812/812 818/818/818
f 816/816/816 821/821/821 818/818/818
f 819/819/819 821/821/821 816/816/816
f 822/822/822 818/818/818 821/821/821
f 822/822/822 820/820/820 818/818/818
f 765/765/765 823/823/823 819/819/819
f 765/765/765 755/755/755 823/823/823
f 755/755/755 656/656/656 823/823/823
f 824/824/824 821/821/821 819/819/819
f 824/824/824 822/822/822 821/821/821
f 819/819/819 823/823/823 825/825/825
f 825/825/825 824/824/824 819/819/819
f 823/823/823 656/656/656 826/826/826
f 823/823/823 826/826/826 825/825/825
f 656/656/656 651/651/651 826/826/826
f 826/826/826 651/651/651 827/827/827
f 651/651/651 650/650/650 827/827/827
f 825/825/825 826/826/826 828/828/828
f 826/826/826 827/827/827 828/828/828
f 824/824/824 825/825/825 829/829/829
f 825/825/825 828/828/828 829/829/829
f 822/822/822 824/824/824 830/830/830
f 824/824/824 829/829/829 830/830/830
f 831/831/831 827/827/827 650/650/650
f 649/649/649 831/831/831 650/650/650
f 832/832/832 828/828/828 827/827/827
f 831/831/831 832/832/832 827/827/827
f 831/831/831 649/649/649 833/833/833
f 649/649/649 652/652/652 833/833/833
f 822/822/822 830/830/830 834/834/834
f 820/820/820 822/822/822 834/834/834
f 829/829/829 828/828/828 835/835/835
f 828/828/828 832/832/832 835/835/835
f 832/832/832 831/831/831 836/836/836
f 831/831/831 833/833/833 836/836/836
f 837/837/837 833/833/833 652/652/652
f 653/653/653 837/837/837 652/652/652
f 820/820/820 834/834/834 838/838/838
f 813/813/813 820/820/820 838/838/838
f 835/835/835 832/832/832 839/839/839
f 832/832/832 836/836/836 839/839/839
f 840/840/840 836/836/836 833/833/833
f 837/837/837 840/840/840 833/833/833
f 841/841/841 837/837/837 653/653/653
f 654/654/654 841/841/841 653/653/653
f 813/813/813 838/838/838 842/842/842
f 809/809/809 813/813/813 842/842/842
f 842/842/842 843/843/843 809/809/809
f 843/843/843 803/803/803 809/809/809
f 803/803/803 843/843/843 844/844/844
f 845/845/845 803/803/803 844/844/844
f 840/840/840 846/846/846 836/836/836
f 846/846/846 839/839/839 836/836/836
f 847/847/847 840/840/840 837/837/837
f 841/841/841 847/847/847 837/837/837
f 848/848/848 846/846/846 840/840/840
f 847/847/847 848/848/848 840/840/840
f 846/846/846 848/848/848 849/849/849
f 846/846/846 850/850/850 839/839/839
f 850/850/850 846/846/846 849/849/849
f 849/849/849 851/851/851 850/850/850
f 850/850/850 852/852/852 839/839/839
f 852/852/852 850/850/850 851/851/851
f 839/839/839 852/852/852 835/835/835
f 848/848/848 847/847/847 853/853/853
f 853/853/853 849/849/849 848/848/848
f 847/847/847 841/841/841 854/854/854
f 847/847/847 854/854/854 853/853/853
f 852/852/852 855/855/855 835/835/835
f 835/835/835 855/855/855 829/829/829
f 856/856/856 852/852/852 851/851/851
f 852/852/852 856/856/856 855/855/855
f 855/855/855 857/857/857 829/829/829
f 829/829/829 857/857/857 830/830/830
f 841/841/841 858/858/858 854/854/854
f 841/841/841 654/654/654 858/858/858
f 856/856/856 859/859/859 855/855/855
f 857/857/857 855/855/855 859/859/859
f 857/857/857 860/860/860 830/830/830
f 830/830/830 860/860/860 834/834/834
f 654/654/654 861/861/861 858/858/858
f 608/608/608 861/861/861 654/654/654
f 862/862/862 857/857/857 859/859/859
f 860/860/860 857/857/857 862/862/862
f 860/860/860 863/863/863 834/834/834
f 838/838/838 834/834/834 863/863/863
f 864/864/864 860/860/860 862/862/862
f 860/860/860 864/864/864 863/863/863
f 865/865/865 838/838/838 863/863/863
f 838/838/838 865/865/865 842/842/842
f 864/864/864 866/866/866 863/863/863
f 865/865/865 863/863/863 866/866/866
f 865/865/865 867/867/867 842/842/842
f 842/842/842 867/867/867 868/868/868
f 869/869/869 865/865/865 866/866/866
f 865/865/865 869/869/869 867/867/867
f 867/867/867 870/870/870 868/868/868
f 868/868/868 870/870/870 871/871/871
f 870/870/870 872/872/872 871/871/871
f 867/867/867 873/873/873 870/870/870
f 869/869/869 873/873/873 867/867/867
f 870/870/870 874/874/874 872/872/872
f 873/873/873 874/874/874 870/870/870
f 874/874/874 875/875/875 872/872/872
f 875/875/875 874/874/874 876/876/876
f 877/877/877 875/875/875 876/876/876
f 874/874/874 873/873/873 878/878/878
f 876/876/876 874/874/874 878/878/878
f 876/876/876 879/879/879 877/877/877
f 879/879/879 876/876/876 878/878/878
f 879/879/879 880/880/880 877/877/877
f 881/881/881 880/880/880 879/879/879
f 869/869/869 882/882/882 873/873/873
f 882/882/882 878/878/878 873/873/873
f 882/882/882 883/883/883 878/878/878
f 882/882/882 869/869/869 884/884/884
f 882/882/882 884/884/884 883/883/883
f 869/869/869 866/866/866 884/884/884
f 885/885/885 879/879/879 878/878/878
f 883/883/883 885/885/885 878/878/878
f 886/886/886 881/881/881 879/879/879
f 886/886/886 879/879/879 885/885/885
f 881/881/881 886/886/886 887/887/887
f 886/886/886 888/888/888 887/887/887
f 889/889/889 886/886/886 885/885/885
f 888/888/888 886/886/886 889/889/889
f 885/885/885 883/883/883 889/889/889
f 890/890/890 888/888/888 889/889/889
f 890/890/890 889/889/889 891/891/891
f 883/883/883 891/891/891 889/889/889
f 892/892/892 890/890/890 891/891/891
f 891/891/891 893/893/893 892/892/892
f 891/891/891 883/883/883 893/893/893
f 893/893/893 894/894/894 892/892/892
f 883/883/883 895/895/895 893/893/893
f 884/884/884 895/895/895 883/883/883
f 894/894/894 893/893/893 896/896/896
f 897/897/897 894/894/894 896/896/896
f 897/897/897 896/896/896 898/898/898
f 895/895/895 884/884/884 899/899/899
f 884/884/884 866/866/866 899/899/899
f 866/866/866 864/864/864 899/899/899
f 893/893/893 895/895/895 900/900/900
f 900/900/900 895/895/895 899/899/899
f 896/896/896 893/893/893 900/900/900
f 899/899/899 864/864/864 901/901/901
f 900/900/900 899/899/899 901/901/901
f 864/864/864 862/862/862 901/901/901
f 900/900/900 902/902/902 896/896/896
f 902/902/902 900/900/900 901/901/901
f 901/901/901 862/862/862 903/903/903
f 902/902/902 901/901/901 903/903/903
f 862/862/862 859/859/859 903/903/903
f 896/896/896 904/904/904 898/898/898
f 902/902/902 904/904/904 896/896/896
f 898/898/898 904/904/904 905/905/905
f 906/906/906 898/898/898 905/905/905
f 907/907/907 906/906/906 905/905/905
f 902/902/902 908/908/908 904/904/904
f 908/908/908 905/905/905 904/904/904
f 908/908/908 902/902/902 903/903/903
f 909/909/909 907/907/907 905/905/905
f 909/909/909 905/905/905 908/908/908
f 907/907/907 909/909/909 910/910/910
f 903/903/903 859/859/859 911/911/911
f 859/859/859 856/856/856 911/911/911
f 908/908/908 903/903/903 912/912/912
f 912/912/912 909/909/909 908/908/908
f 903/903/903 911/911/911 912/912/912
f 909/909/909 913/913/913 910/910/910
f 913/913/913 909/909/909 912/912/912
f 910/910/910 913/913/913 914/914/914
f 915/915/915 911/911/911 856/856/856
f 851/851/851 915/915/915 856/856/856
f 916/916/916 912/912/912 911/911/911
f 916/916/916 913/913/913 912/912/912
f 915/915/915 916/916/916 911/911/911
f 913/913/913 917/917/917 914/914/914
f 913/913/913 916/916/916 917/917/917
f 914/914/914 917/917/917 918/918/918
f 916/916/916 915/915/915 919/919/919
f 916/916/916 919/919/919 917/917/917
f 851/851/851 919/919/919 915/915/915
f 917/917/917 920/920/920 918/918/918
f 917/917/917 919/919/919 920/920/920
f 920/920/920 921/921/921 918/918/918
f 922/922/922 919/919/919 851/851/851
f 919/919/919 922/922/922 920/920/920
f 923/923/923 921/921/921 920/920/920
f 922/922/922 923/923/923 920/920/920
f 924/924/924 921/921/921 923/923/923
f 925/925/925 924/924/924 923/923/923
f 926/926/926 922/922/922 851/851/851
f 923/923/923 922/922/922 926/926/926
f 849/849/849 926/926/926 851/851/851
f 925/925/925 923/923/923 927/927/927
f 927/927/927 923/923/923 926/926/926
f 926/926/926 849/849/849 927/927/927
f 928/928/928 925/925/925 927/927/927
f 849/849/849 929/929/929 927/927/927
f 928/928/928 927/927/927 929/929/929
f 930/930/930 928/928/928 929/929/929
f 853/853/853 929/929/929 849/849/849
f 930/930/930 929/929/929 853/853/853
f 931/931/931 930/930/930 853/853/853
f 931/931/931 853/853/853 854/854/854
f 932/932/932 931/931/931 854/854/854
f 854/854/854 858/858/858 932/932/932
f 858/858/858 933/933/933 932/932/932
f 933/933/933 858/858/858 861/861/861
f 934/934/934 933/933/933 861/861/861
f 934/934/934 861/861/861 608/608/608
f 935/935/935 934/934/934 608/608/608
f 936/936/936 935/935/935 608/608/608
f 937/937/937 935/935/935 936/936/936
f 940/940/940 939/939/939 938/938/938
f 941/941/941 940/940/940 938/938/938
f 942/942/942 941/941/941 938/938/938
f 942/942/942 938/938/938 943/943/943
f 944/944/944 942/942/942 943/943/943
f 945/945/945 944/944/944 943/943/943
f 945/945/945 943/943/943 946/946/946
f 946/946/946 943/943/943 947/947/947
f 947/947/947 948/948/948 946/946/946
f 946/946/946 948/948/948 949/949/949
f 950/950/950 946/946/946 949/949/949
f 951/951/951 950/950/950 949/949/949
f 949/949/949 952/952/952 951/951/951
f 949/949/949 953/953/953 952/952/952
f 956/956/956 955/955/955 954/954/954
f 957/957/957 956/956/956 954/954/954
f 957/957/957 954/954/954 958/958/958
f 957/957/957 959/959/959 956/956/956
f 959/959/959 957/957/957 958/958/958
f 959/959/959 960/960/960 956/956/956
f 961/961/961 959/959/959 958/958/958
f 961/961/961 958/958/958 962/962/962
f 959/959/959 963/963/963 960/960/960
f 963/963/963 959/959/959 961/961/961
f 963/963/963 964/964/964 960/960/960
f 961/961/961 965/965/965 963/963/963
f 965/965/965 961/961/961 962/962/962
f 963/963/963 966/966/966 964/964/964
f 965/965/965 966/966/966 963/963/963
f 966/966/966 967/967/967 964/964/964
f 965/965/965 968/968/968 966/966/966
f 968/968/968 965/965/965 962/962/962
f 966/966/966 969/969/969 967/967/967
f 968/968/968 969/969/969 966/966/966
f 969/969/969 970/970/970 967/967/967
f 969/969/969 971/971/971 970/970/970
f 971/971/971 969/969/969 968/968/968
f 971/971/971 972/972/972 970/970/970
f 973/973/973 971/971/971 968/968/968
f 973/973/973 968/968/968 962/962/962
f 971/971/971 974/974/974 972/972/972
f 973/973/973 974/974/974 971/971/971
f 974/974/974 975/975/975 972/972/972
f 975/975/975 974/974/974 976/976/976
f 974/974/974 977/977/977 976/976/976
f 977/977/977 974/974/974 973/973/973
f 978/978/978 976/976/976 977/977/977
f 979/979/979 973/973/973 962/962/962
f 979/979/979 977/977/977 973/973/973
f 980/980/980 978/978/978 977/977/977
f 980/980/980 977/977/977 979/979/979
f 981/981/981 978/978/978 980/980/980
f 982/982/982 981/981/981 980/980/980
f 982/982/982 980/980/980 979/979/979
f 981/981/981 982/982/982 983/983/983
f 982/982/982 984/984/984 983/983/983
f 985/985/985 979/979/979 962/962/962
f 985/985/985 962/962/962 984/984/984
f 982/982/982 985/985/985 984/984/984
f 985/985/985 982/982/982 979/979/979
f 988/988/988 987/987/987 986/986/986
f 988/988/988 989/989/989 987/987/987
f 989/989/989 988/988/988 990/990/990
f 989/989/989 990/990/990 991/991/991
f 992/992/992 989/989/989 991/991/991
f 992/992/992 993/993/993 989/989/989
f 989/989/989 994/994/994 987/987/987
f 993/993/993 994/994/994 989/989/989
f 994/994/994 995/995/995 987/987/987
f 993/993/993 996/996/996 994/994/994
f 997/997/997 995/995/995 994/994/994
f 996/996/996 998/998/998 994/994/994
f 998/998/998 997/997/997 994/994/994
f 996/996/996 999/999/999 998/998/998
f 1000/1000/1000 997/997/997 998/998/998
f 999/999/999 1001/1001/1001 998/998/998
f 1001/1001/1001 1000/1000/1000 998/998/998
f 999/999/999 1002/1002/1002 1001/1001/1001
f 1003/1003/1003 1000/1000/1000 1001/1001/1001
f 1002/1002/1002 1004/1004/1004 1001/1001/1001
f 1004/1004/1004 1003/1003/1003 1001/1001/1001
f 1002/1002/1002 1005/1005/1005 1004/1004/1004
f 1006/1006/1006 1003/1003/1003 1004/1004/1004
f 1005/1005/1005 1007/1007/1007 1004/1004/1004
f 1007/1007/1007 1006/1006/1006 1004/1004/1004
f 1007/1007/1007 1005/1005/1005 1008/1008/1008
f 1006/1006/1006 1007/1007/1007 1009/1009/1009
f 1007/1007/1007 1008/1008/1008 1010/1010/1010
f 1007/1007/1007 1010/1010/1010 1009/1009/1009
f 1013/1013/1013 1012/1012/1012 1011/1011/1011
f 1012/1012/1012 1013/1013/1013 1014/1014/1014
f 1015/1015/1015 1012/1012/1012 1014/1014/1014
f 1016/1016/1016 1015/1015/1015 1014/1014/1014
f 1017/1017/1017 1016/1016/1016 1014/1014/1014
f 1016/1016/1016 1017/1017/1017 1018/1018/1018
f 1017/1017/1017 1019/1019/1019 1018/1018/1018
f 1018/1018/1018 1019/1019/1019 1020/1020/1020
f 1019/1019/1019 1021/1021/1021 1020/1020/1020
f 1020/1020/1020 1021/1021/1021 1022/1022/1022
f 1019/1019/1019 1023/1023/1023 1021/1021/1021
f 1021/1021/1021 1024/1024/1024 1022/1022/1022
f 1025/1025/1025 1023/1023/1023 1019/1019/1019
f 1026/1026/1026 1025/1025/1025 1019/1019/1019
f 1025/1025/1025 1026/1026/1026 1027/1027/1027
f 1022/1022/1022 1024/1024/1024 1028/1028/1028
f 1024/1024/1024 1029/1029/1029 1028/1028/1028
f 1028/1028/1028 1029/1029/1029 1030/1030/1030
f 1029/1029/1029 1031/1031/1031 1030/1030/1030
f 1030/1030/1030 1031/1031/1031 1032/1032/1032
f 1031/1031/1031 1033/1033/1033 1032/1032/1032
f 1032/1032/1032 1033/1033/1033 1034/1034/1034
f 1035/1035/1035 1032/1032/1032 1034/1034/1034
f 1035/1035/1035 1034/1034/1034 1036/1036/1036
f 1039/1039/1039 1038/1038/1038 1037/1037/1037
f 1039/1039/1039 1037/1037/1037 1040/1040/1040
f 1041/1041/1041 1039/1039/1039 1040/1040/1040
f 1041/1041/1041 1040/1040/1040 1042/1042/1042
f 1043/1043/1043 1041/1041/1041 1042/1042/1042
f 1046/1046/1046 1045/1045/1045 1044/1044/1044
f 1047/1047/1047 1045/1045/1045 1046/1046/1046
f 1048/1048/1048 1045/1045/1045 1047/1047/1047
f 1047/1047/1047 1049/1049/1049 1048/1048/1048
f 1048/1048/1048 1049/1049/1049 1050/1050/1050
f 1048/1048/1048 1050/1050/1050 1051/1051/1051
f 1050/1050/1050 1052/1052/1052 1051/1051/1051
f 1053/1053/1053 1052/1052/1052 1050/1050/1050
f 1053/1053/1053 1054/1054/1054 1052/1052/1052
f 1055/1055/1055 1054/1054/1054 1053/1053/1053
f 1056/1056/1056 1055/1055/1055 1053/1053/1053
f 1055/1055/1055 1056/1056/1056 1057/1057/1057
f 1056/1056/1056 1058/1058/1058 1057/1057/1057
f 1058/1058/1058 1059/1059/1059 1057/1057/1057
f 1059/1059/1059 1060/1060/1060 1057/1057/1057
f 1060/1060/1060 1059/1059/1059 1061/1061/1061
f 1059/1059/1059 1062/1062/1062 1061/1061/1061
f 1061/1061/1061 1062/1062/1062 1063/1063/1063
f 1062/1062/1062 1064/1064/1064 1063/1063/1063
f 1064/1064/1064 1065/1065/1065 1063/1063/1063
f 1065/1065/1065 1066/1066/1066 1063/1063/1063
f 1069/1069/1069 1068/1068/1068 1067/1067/1067
f 1067/1067/1067 1068/1068/1068 1070/1070/1070
f 1067/1067/1067 1070/1070/1070 1071/1071/1071
f 1072/1072/1072 1071/1071/1071 1070/1070/1070
f 1071/1071/1071 1072/1072/1072 1073/1073/1073
f 1072/1072/1072 1074/1074/1074 1073/1073/1073
f 1073/1073/1073 1074/1074/1074 1075/1075/1075
f 1076/1076/1076 1073/1073/1073 1075/1075/1075
f 1075/1075/1075 1077/1077/1077 1076/1076/1076
f 1077/1077/1077 1078/1078/1078 1076/1076/1076
f 1078/1078/1078 1077/1077/1077 1079/1079/1079
f 1078/1078/1078 1079/1079/1079 1080/1080/1080
f 1080/1080/1080 1079/1079/1079 1081/1081/1081
f 1082/1082/1082 1080/1080/1080 1081/1081/1081
f 1081/1081/1081 1083/1083/1083 1082/1082/1082
f 1086/1086/1086 1085/1085/1085 1084/1084/1084
f 1085/1085/1085 1087/1087/1087 1084/1084/1084
f 1087/1087/1087 1088/1088/1088 1084/1084/1084
f 1091/1091/1091 1090/1090/1090 1089/1089/1089
f 1089/1089/1089 1092/1092/1092 1091/1091/1091
f 1093/1093/1093 1091/1091/1091 1092/1092/1092
f 1094/1094/1094 1093/1093/1093 1092/1092/1092
f 1094/1094/1094 1095/1095/1095 1093/1093/1093
f 1095/1095/1095 1096/1096/1096 1093/1093/1093
f 1095/1095/1095 1097/1097/1097 1096/1096/1096
f 1097/1097/1097 1098/1098/1098 1096/1096/1096
f 1097/1097/1097 1099/1099/1099 1098/1098/1098
f 1099/1099/1099 1100/1100/1100 1098/1098/1098
f 1099/1099/1099 1101/1101/1101 1100/1100/1100
f 1101/1101/1101 1102/1102/1102 1100/1100/1100
f 1103/1103/1103 1102/1102/1102 1101/1101/1101
f 1104/1104/1104 1103/1103/1103 1101/1101/1101
f 1105/1105/1105 1103/1103/1103 1104/1104/1104
f 1106/1106/1106 1105/1105/1105 1104/1104/1104
f 1105/1105/1105 1106/1106/1106 1107/1107/1107
f 1106/1106/1106 1108/1108/1108 1107/1107/1107
f 1109/1109/1109 1107/1107/1107 1108/1108/1108
f 1110/1110/1110 1109/1109/1109 1108/1108/1108
f 1111/1111/1111 1109/1109/1109 1110/1110/1110
f 1114/1114/1114 1113/1113/1113 1112/1112/1112
f 1113/1113/1113 1114/1114/1114 1115/1115/1115
f 1118/1118/1118 1117/1117/1117 1116/1116/1116
f 1117/1117/1117 1118/1118/1118 1119/1119/1119
f 1118/1118/1118 1120/1120/1120 1119/1119/1119
f 1121/1121/1121 1119/1119/1119 1120/1120/1120
f 1122/1122/1122 1121/1121/1121 1120/1120/1120
f 1121/1121/1121 1122/1122/1122 1123/1123/1123
f 1126/1126/1126 1125/1125/1125 1124/1124/1124
f 1127/1127/1127 1125/1125/1125 1126/1126/1126
f 1130/1130/1130 1129/1129/1129 1128/1128/1128
f 1130/1130/1130 1128/1128/1128 1131/1131/1131
f 1134/1134/1134 1133/1133/1133 1132/1132/1132
f 1134/1134/1134 1135/1135/1135 1133/1133/1133
f 1135/1135/1135 1136/1136/1136 1133/1133/1133
f 1139/1139/1139 1138/1138/1138 1137/1137/1137
f 1140/1140/1140 1139/1139/1139 1137/1137/1137
f 1141/1141/1141 1139/1139/1139 1140/1140/1140
f 1144/1144/1144 1143/1143/1143 1142/1142/1142
f 1145/1145/1145 1143/1143/1143 1144/1144/1144
f 1146/1146/1146 1145/1145/1145 1144/1144/1144
f 1145/1145/1145 1146/1146/1146 1147/1147/1147
f 1146/1146/1146 1148/1148/1148 1147/1147/1147
f 1147/1147/1147 1148/1148/1148 1149/1149/1149
f 1148/1148/1148 1150/1150/1150 1149/1149/1149
f 1149/1149/1149 1150/1150/1150 1151/1151/1151
f 1150/1150/1150 1152/1152/1152 1151/1151/1151
f 1151/1151/1151 1152/1152/1152 1153/1153/1153
f 1152/1152/1152 1154/1154/1154 1153/1153/1153
f 1155/1155/1155 1153/1153/1153 1154/1154/1154
f 1158/1158/1158 1157/1157/1157 1156/1156/1156
f 1158/1158/1158 1156/1156/1156 1159/1159/1159
f 1156/1156/1156 1160/1160/1160 1159/1159/1159
f 1161/1161/1161 1159/1159/1159 1160/1160/1160
f 1162/1162/1162 1161/1161/1161 1160/1160/1160
f 1161/1161/1161 1162/1162/1162 1163/1163/1163
f 1162/1162/1162 1164/1164/1164 1163/1163/1163
f 1164/1164/1164 1165/1165/1165 1163/1163/1163
f 1165/1165/1165 1166/1166/1166 1163/1163/1163
f 1165/1165/1165 1167/1167/1167 1166/1166/1166
f 1167/1167/1167 1168/1168/1168 1166/1166/1166
f 1168/1168/1168 1167/1167/1167 1169/1169/1169
f 1170/1170/1170 1168/1168/1168 1169/1169/1169
f 1170/1170/1170 1171/1171/1171 1168/1168/1168
f 1172/1172/1172 1158/1158/1158 1159/1159/1159
f 1173/1173/1173 1159/1159/1159 1161/1161/1161
f 1173/1173/1173 1172/1172/1172 1159/1159/1159
f 1174/1174/1174 1173/1173/1173 1161/1161/1161
f 1174/1174/1174 1161/1161/1161 1163/1163/1163
f 1158/1158/1158 1172/1172/1172 1175/1175/1175
f 1176/1176/1176 1158/1158/1158 1175/1175/1175
f 1172/1172/1172 1173/1173/1173 1177/1177/1177
f 1173/1173/1173 1174/1174/1174 1177/1177/1177
f 1178/1178/1178 1175/1175/1175 1172/1172/1172
f 1177/1177/1177 1178/1178/1178 1172/1172/1172
f 1176/1176/1176 1175/1175/1175 1179/1179/1179
f 1180/1180/1180 1176/1176/1176 1179/1179/1179
f 1181/1181/1181 1180/1180/1180 1179/1179/1179
f 1178/1178/1178 1182/1182/1182 1175/1175/1175
f 1182/1182/1182 1179/1179/1179 1175/1175/1175
f 1183/1183/1183 1181/1181/1181 1179/1179/1179
f 1184/1184/1184 1181/1181/1181 1183/1183/1183
f 1182/1182/1182 1185/1185/1185 1179/1179/1179
f 1179/1179/1179 1185/1185/1185 1183/1183/1183
f 1186/1186/1186 1184/1184/1184 1183/1183/1183
f 1187/1187/1187 1184/1184/1184 1186/1186/1186
f 1185/1185/1185 1188/1188/1188 1183/1183/1183
f 1183/1183/1183 1188/1188/1188 1186/1186/1186
f 1182/1182/1182 1189/1189/1189 1185/1185/1185
f 1190/1190/1190 1182/1182/1182 1178/1178/1178
f 1182/1182/1182 1190/1190/1190 1189/1189/1189
f 1189/1189/1189 1191/1191/1191 1185/1185/1185
f 1185/1185/1185 1191/1191/1191 1188/1188/1188
f 1190/1190/1190 1192/1192/1192 1189/1189/1189
f 1189/1189/1189 1192/1192/1192 1191/1191/1191
f 1192/1192/1192 1193/1193/1193 1191/1191/1191
f 1193/1193/1193 1192/1192/1192 1194/1194/1194
f 1195/1195/1195 1193/1193/1193 1194/1194/1194
f 1191/1191/1191 1196/1196/1196 1188/1188/1188
f 1191/1191/1191 1193/1193/1193 1196/1196/1196
f 1188/1188/1188 1197/1197/1197 1186/1186/1186
f 1197/1197/1197 1188/1188/1188 1196/1196/1196
f 1187/1187/1187 1186/1186/1186 1198/1198/1198
f 1198/1198/1198 1186/1186/1186 1197/1197/1197
f 1199/1199/1199 1193/1193/1193 1195/1195/1195
f 1199/1199/1199 1195/1195/1195 1200/1200/1200
f 1199/1199/1199 1200/1200/1200 1201/1201/1201
f 1199/1199/1199 1201/1201/1201 1193/1193/1193
f 1200/1200/1200 1202/1202/1202 1201/1201/1201
f 1193/1193/1193 1203/1203/1203 1196/1196/1196
f 1193/1193/1193 1201/1201/1201 1203/1203/1203
f 1201/1201/1201 1202/1202/1202 1204/1204/1204
f 1201/1201/1201 1204/1204/1204 1203/1203/1203
f 1202/1202/1202 1205/1205/1205 1204/1204/1204
f 1206/1206/1206 1197/1197/1197 1196/1196/1196
f 1206/1206/1206 1196/1196/1196 1203/1203/1203
f 1203/1203/1203 1204/1204/1204 1207/1207/1207
f 1208/1208/1208 1206/1206/1206 1203/1203/1203
f 1204/1204/1204 1205/1205/1205 1209/1209/1209
f 1204/1204/1204 1209/1209/1209 1207/1207/1207
f 1205/1205/1205 1210/1210/1210 1209/1209/1209
f 1209/1209/1209 1210/1210/1210 1211/1211/1211
f 1207/1207/1207 1209/1209/1209 1212/1212/1212
f 1212/1212/1212 1209/1209/1209 1211/1211/1211
f 1207/1207/1207 1212/1212/1212 1213/1213/1213
f 1211/1211/1211 1214/1214/1214 1212/1212/1212
f 1197/1197/1197 1206/1206/1206 1215/1215/1215
f 1215/1215/1215 1198/1198/1198 1197/1197/1197
f 1216/1216/1216 1206/1206/1206 1208/1208/1208
f 1206/1206/1206 1216/1216/1216 1215/1215/1215
f 1217/1217/1217 1216/1216/1216 1208/1208/1208
f 1214/1214/1214 1218/1218/1218 1212/1212/1212
f 1213/1213/1213 1212/1212/1212 1218/1218/1218
f 1219/1219/1219 1218/1218/1218 1214/1214/1214
f 1213/1213/1213 1218/1218/1218 1219/1219/1219
f 1220/1220/1220 1219/1219/1219 1214/1214/1214
f 1216/1216/1216 1217/1217/1217 1221/1221/1221
f 1217/1217/1217 1222/1222/1222 1221/1221/1221
f 1223/1223/1223 1215/1215/1215 1216/1216/1216
f 1221/1221/1221 1223/1223/1223 1216/1216/1216
f 1213/1213/1213 1219/1219/1219 1224/1224/1224
f 1225/1225/1225 1213/1213/1213 1224/1224/1224
f 1226/1226/1226 1219/1219/1219 1220/1220/1220
f 1226/1226/1226 1224/1224/1224 1219/1219/1219
f 1227/1227/1227 1226/1226/1226 1220/1220/1220
f 1228/1228/1228 1225/1225/1225 1224/1224/1224
f 1225/1225/1225 1228/1228/1228 1229/1229/1229
f 1227/1227/1227 1230/1230/1230 1226/1226/1226
f 1230/1230/1230 1227/1227/1227 1231/1231/1231
f 1232/1232/1232 1224/1224/1224 1226/1226/1226
f 1230/1230/1230 1232/1232/1232 1226/1226/1226
f 1228/1228/1228 1224/1224/1224 1232/1232/1232
f 1233/1233/1233 1230/1230/1230 1231/1231/1231
f 1232/1232/1232 1230/1230/1230 1233/1233/1233
f 1234/1234/1234 1233/1233/1233 1231/1231/1231
f 1228/1228/1228 1235/1235/1235 1229/1229/1229
f 1229/1229/1229 1235/1235/1235 1236/1236/1236
f 1237/1237/1237 1228/1228/1228 1232/1232/1232
f 1235/1235/1235 1228/1228/1228 1237/1237/1237
f 1238/1238/1238 1232/1232/1232 1233/1233/1233
f 1237/1237/1237 1232/1232/1232 1238/1238/1238
f 1239/1239/1239 1233/1233/1233 1234/1234/1234
f 1239/1239/1239 1238/1238/1238 1233/1233/1233
f 1240/1240/1240 1239/1239/1239 1234/1234/1234
f 1240/1240/1240 1234/1234/1234 1241/1241/1241
f 1242/1242/1242 1235/1235/1235 1237/1237/1237
f 1235/1235/1235 1243/1243/1243 1236/1236/1236
f 1235/1235/1235 1242/1242/1242 1243/1243/1243
f 1244/1244/1244 1237/1237/1237 1238/1238/1238
f 1242/1242/1242 1237/1237/1237 1244/1244/1244
f 1245/1245/1245 1238/1238/1238 1239/1239/1239
f 1240/1240/1240 1246/1246/1246 1239/1239/1239
f 1239/1239/1239 1246/1246/1246 1245/1245/1245
f 1240/1240/1240 1247/1247/1247 1246/1246/1246
f 1240/1240/1240 1248/1248/1248 1247/1247/1247
f 1248/1248/1248 1249/1249/1249 1247/1247/1247
f 1250/1250/1250 1244/1244/1244 1238/1238/1238
f 1245/1245/1245 1250/1250/1250 1238/1238/1238
f 1245/1245/1245 1246/1246/1246 1251/1251/1251
f 1246/1246/1246 1247/1247/1247 1251/1251/1251
f 1247/1247/1247 1249/1249/1249 1252/1252/1252
f 1252/1252/1252 1249/1249/1249 1253/1253/1253
f 1254/1254/1254 1247/1247/1247 1252/1252/1252
f 1251/1251/1251 1247/1247/1247 1254/1254/1254
f 1255/1255/1255 1254/1254/1254 1252/1252/1252
f 1256/1256/1256 1255/1255/1255 1252/1252/1252
f 1256/1256/1256 1257/1257/1257 1255/1255/1255
f 1257/1257/1257 1258/1258/1258 1255/1255/1255
f 1259/1259/1259 1258/1258/1258 1257/1257/1257
f 1260/1260/1260 1259/1259/1259 1257/1257/1257
f 1259/1259/1259 1260/1260/1260 1261/1261/1261
f 1260/1260/1260 1262/1262/1262 1261/1261/1261
f 1263/1263/1263 1261/1261/1261 1262/1262/1262
f 1264/1264/1264 1263/1263/1263 1262/1262/1262
f 1263/1263/1263 1264/1264/1264 1265/1265/1265
f 1264/1264/1264 1266/1266/1266 1265/1265/1265
f 1266/1266/1266 1267/1267/1267 1265/1265/1265
f 1267/1267/1267 1268/1268/1268 1265/1265/1265
f 1267/1267/1267 1269/1269/1269 1268/1268/1268
f 1270/1270/1270 1268/1268/1268 1269/1269/1269
f 1270/1270/1270 1269/1269/1269 1190/1190/1190
f 1269/1269/1269 1271/1271/1271 1190/1190/1190
f 1270/1270/1270 1190/1190/1190 1178/1178/1178
f 1272/1272/1272 1270/1270/1270 1178/1178/1178
f 1272/1272/1272 1178/1178/1178 1177/1177/1177
f 1273/1273/1273 1270/1270/1270 1272/1272/1272
f 1273/1273/1273 1272/1272/1272 1177/1177/1177
f 1268/1268/1268 1270/1270/1270 1274/1274/1274
f 1270/1270/1270 1273/1273/1273 1274/1274/1274
f 1268/1268/1268 1274/1274/1274 1275/1275/1275
f 1276/1276/1276 1268/1268/1268 1275/1275/1275
f 1277/1277/1277 1276/1276/1276 1275/1275/1275
f 1278/1278/1278 1276/1276/1276 1277/1277/1277
f 1279/1279/1279 1278/1278/1278 1277/1277/1277
f 1280/1280/1280 1278/1278/1278 1279/1279/1279
f 1281/1281/1281 1278/1278/1278 1280/1280/1280
f 1282/1282/1282 1280/1280/1280 1279/1279/1279
f 1281/1281/1281 1280/1280/1280 1283/1283/1283
f 1284/1284/1284 1280/1280/1280 1282/1282/1282
f 1280/1280/1280 1285/1285/1285 1283/1283/1283
f 1286/1286/1286 1284/1284/1284 1282/1282/1282
f 1283/1283/1283 1285/1285/1285 1287/1287/1287
f 1288/1288/1288 1284/1284/1284 1286/1286/1286
f 1285/1285/1285 1289/1289/1289 1287/1287/1287
f 1290/1290/1290 1288/1288/1288 1286/1286/1286
f 1291/1291/1291 1288/1288/1288 1290/1290/1290
f 1292/1292/1292 1291/1291/1291 1290/1290/1290
f 1287/1287/1287 1289/1289/1289 1293/1293/1293
f 1289/1289/1289 1294/1294/1294 1293/1293/1293
f 1294/1294/1294 1295/1295/1295 1293/1293/1293
f 1295/1295/1295 1254/1254/1254 1293/1293/1293
f 1296/1296/1296 1295/1295/1295 1294/1294/1294
f 1295/1295/1295 1297/1297/1297 1254/1254/1254
f 1296/1296/1296 1297/1297/1297 1295/1295/1295
f 1297/1297/1297 1251/1251/1251 1254/1254/1254
f 1296/1296/1296 1298/1298/1298 1297/1297/1297
f 1298/1298/1298 1296/1296/1296 1299/1299/1299
f 1296/1296/1296 1300/1300/1300 1299/1299/1299
f 1300/1300/1300 1301/1301/1301 1299/1299/1299
f 1299/1299/1299 1301/1301/1301 1302/1302/1302
f 1303/1303/1303 1302/1302/1302 1301/1301/1301
f 1302/1302/1302 1303/1303/1303 1304/1304/1304
f 1303/1303/1303 1305/1305/1305 1304/1304/1304
f 1304/1304/1304 1305/1305/1305 1306/1306/1306
f 1305/1305/1305 1307/1307/1307 1306/1306/1306
f 1306/1306/1306 1307/1307/1307 1308/1308/1308
f 1307/1307/1307 1309/1309/1309 1308/1308/1308
f 1304/1304/1304 1306/1306/1306 1310/1310/1310
f 1310/1310/1310 1306/1306/1306 1308/1308/1308
f 1302/1302/1302 1304/1304/1304 1311/1311/1311
f 1311/1311/1311 1304/1304/1304 1310/1310/1310
f 1309/1309/1309 1312/1312/1312 1308/1308/1308
f 1274/1274/1274 1312/1312/1312 1309/1309/1309
f 1273/1273/1273 1312/1312/1312 1274/1274/1274
f 1312/1312/1312 1313/1313/1313 1308/1308/1308
f 1308/1308/1308 1313/1313/1313 1310/1310/1310
f 1314/1314/1314 1312/1312/1312 1273/1273/1273
f 1314/1314/1314 1313/1313/1313 1312/1312/1312
f 1314/1314/1314 1273/1273/1273 1177/1177/1177
f 1177/1177/1177 1174/1174/1174 1314/1314/1314
f 1174/1174/1174 1315/1315/1315 1314/1314/1314
f 1313/1313/1313 1314/1314/1314 1315/1315/1315
f 1315/1315/1315 1174/1174/1174 1163/1163/1163
f 1316/1316/1316 1313/1313/1313 1315/1315/1315
f 1163/1163/1163 1316/1316/1316 1315/1315/1315
f 1310/1310/1310 1313/1313/1313 1316/1316/1316
f 1163/1163/1163 1166/1166/1166 1316/1316/1316
f 1317/1317/1317 1310/1310/1310 1316/1316/1316
f 1166/1166/1166 1317/1317/1317 1316/1316/1316
f 1310/1310/1310 1317/1317/1317 1311/1311/1311
f 1318/1318/1318 1317/1317/1317 1166/1166/1166
f 1317/1317/1317 1318/1318/1318 1311/1311/1311
f 1168/1168/1168 1318/1318/1318 1166/1166/1166
f 1311/1311/1311 1318/1318/1318 1319/1319/1319
f 1302/1302/1302 1311/1311/1311 1319/1319/1319
f 1299/1299/1299 1302/1302/1302 1319/1319/1319
f 1320/1320/1320 1318/1318/1318 1168/1168/1168
f 1318/1318/1318 1320/1320/1320 1319/1319/1319
f 1168/1168/1168 1171/1171/1171 1320/1320/1320
f 1319/1319/1319 1320/1320/1320 1321/1321/1321
f 1321/1321/1321 1320/1320/1320 1171/1171/1171
f 1299/1299/1299 1319/1319/1319 1321/1321/1321
f 1321/1321/1321 1171/1171/1171 1322/1322/1322
f 1321/1321/1321 1322/1322/1322 1323/1323/1323
f 1324/1324/1324 1299/1299/1299 1321/1321/1321
f 1324/1324/1324 1321/1321/1321 1323/1323/1323
f 1324/1324/1324 1298/1298/1298 1299/1299/1299
f 1323/1323/1323 1325/1325/1325 1324/1324/1324
f 1325/1325/1325 1298/1298/1298 1324/1324/1324
f 1323/1323/1323 1326/1326/1326 1325/1325/1325
f 1298/1298/1298 1325/1325/1325 1297/1297/1297
f 1325/1325/1325 1326/1326/1326 1327/1327/1327
f 1297/1297/1297 1325/1325/1325 1328/1328/1328
f 1328/1328/1328 1325/1325/1325 1327/1327/1327
f 1251/1251/1251 1297/1297/1297 1328/1328/1328
f 1329/1329/1329 1328/1328/1328 1327/1327/1327
f 1251/1251/1251 1328/1328/1328 1329/1329/1329
f 1330/1330/1330 1329/1329/1329 1327/1327/1327
f 1245/1245/1245 1251/1251/1251 1329/1329/1329
f 1330/1330/1330 1331/1331/1331 1329/1329/1329
f 1245/1245/1245 1329/1329/1329 1332/1332/1332
f 1331/1331/1331 1332/1332/1332 1329/1329/1329
f 1250/1250/1250 1245/1245/1245 1332/1332/1332
f 1333/1333/1333 1332/1332/1332 1331/1331/1331
f 1334/1334/1334 1333/1333/1333 1331/1331/1331
f 1250/1250/1250 1332/1332/1332 1335/1335/1335
f 1332/1332/1332 1333/1333/1333 1335/1335/1335
f 1335/1335/1335 1244/1244/1244 1250/1250/1250
f 1333/1333/1333 1334/1334/1334 1336/1336/1336
f 1334/1334/1334 1337/1337/1337 1336/1336/1336
f 1244/1244/1244 1335/1335/1335 1338/1338/1338
f 1338/1338/1338 1242/1242/1242 1244/1244/1244
f 1335/1335/1335 1333/1333/1333 1339/1339/1339
f 1333/1333/1333 1336/1336/1336 1339/1339/1339
f 1335/1335/1335 1339/1339/1339 1338/1338/1338
f 1340/1340/1340 1336/1336/1336 1337/1337/1337
f 1341/1341/1341 1340/1340/1340 1337/1337/1337
f 1340/1340/1340 1341/1341/1341 1342/1342/1342
f 1242/1242/1242 1338/1338/1338 1343/1343/1343
f 1242/1242/1242 1343/1343/1343 1243/1243/1243
f 1339/1339/1339 1336/1336/1336 1344/1344/1344
f 1336/1336/1336 1340/1340/1340 1344/1344/1344
f 1345/1345/1345 1340/1340/1340 1342/1342/1342
f 1340/1340/1340 1345/1345/1345 1344/1344/1344
f 1342/1342/1342 1346/1346/1346 1345/1345/1345
f 1347/1347/1347 1338/1338/1338 1339/1339/1339
f 1338/1338/1338 1347/1347/1347 1343/1343/1343
f 1344/1344/1344 1347/1347/1347 1339/1339/1339
f 1346/1346/1346 1348/1348/1348 1345/1345/1345
f 1348/1348/1348 1346/1346/1346 1349/1349/1349
f 1344/1344/1344 1345/1345/1345 1350/1350/1350
f 1350/1350/1350 1345/1345/1345 1348/1348/1348
f 1344/1344/1344 1350/1350/1350 1351/1351/1351
f 1351/1351/1351 1347/1347/1347 1344/1344/1344
f 1351/1351/1351 1350/1350/1350 1348/1348/1348
f 1352/1352/1352 1348/1348/1348 1349/1349/1349
f 1352/1352/1352 1349/1349/1349 1353/1353/1353
f 1351/1351/1351 1348/1348/1348 1354/1354/1354
f 1354/1354/1354 1347/1347/1347 1351/1351/1351
f 1348/1348/1348 1352/1352/1352 1354/1354/1354
f 1355/1355/1355 1352/1352/1352 1353/1353/1353
f 1353/1353/1353 1356/1356/1356 1355/1355/1355
f 1354/1354/1354 1357/1357/1357 1347/1347/1347
f 1347/1347/1347 1357/1357/1357 1343/1343/1343
f 1354/1354/1354 1352/1352/1352 1358/1358/1358
f 1352/1352/1352 1355/1355/1355 1358/1358/1358
f 1357/1357/1357 1354/1354/1354 1358/1358/1358
f 1356/1356/1356 1359/1359/1359 1355/1355/1355
f 1358/1358/1358 1355/1355/1355 1359/1359/1359
f 1360/1360/1360 1359/1359/1359 1356/1356/1356
f 1361/1361/1361 1360/1360/1360 1356/1356/1356
f 1362/1362/1362 1360/1360/1360 1361/1361/1361
f 1363/1363/1363 1362/1362/1362 1361/1361/1361
f 1364/1364/1364 1362/1362/1362 1363/1363/1363
f 1365/1365/1365 1364/1364/1364 1363/1363/1363
f 1366/1366/1366 1364/1364/1364 1365/1365/1365
f 1367/1367/1367 1366/1366/1366 1365/1365/1365
f 1368/1368/1368 1366/1366/1366 1367/1367/1367
f 1369/1369/1369 1368/1368/1368 1367/1367/1367
f 1368/1368/1368 1370/1370/1370 1366/1366/1366
f 1366/1366/1366 1371/1371/1371 1364/1364/1364
f 1370/1370/1370 1371/1371/1371 1366/1366/1366
f 1362/1362/1362 1364/1364/1364 1372/1372/1372
f 1371/1371/1371 1372/1372/1372 1364/1364/1364
f 1360/1360/1360 1362/1362/1362 1373/1373/1373
f 1373/1373/1373 1362/1362/1362 1372/1372/1372
f 1359/1359/1359 1360/1360/1360 1374/1374/1374
f 1374/1374/1374 1360/1360/1360 1373/1373/1373
f 1375/1375/1375 1371/1371/1371 1370/1370/1370
f 1376/1376/1376 1375/1375/1375 1370/1370/1370
f 1372/1372/1372 1371/1371/1371 1377/1377/1377
f 1371/1371/1371 1375/1375/1375 1377/1377/1377
f 1378/1378/1378 1373/1373/1373 1372/1372/1372
f 1377/1377/1377 1378/1378/1378 1372/1372/1372
f 1379/1379/1379 1375/1375/1375 1376/1376/1376
f 1380/1380/1380 1379/1379/1379 1376/1376/1376
f 1379/1379/1379 1380/1380/1380 1381/1381/1381
f 1377/1377/1377 1375/1375/1375 1382/1382/1382
f 1375/1375/1375 1379/1379/1379 1382/1382/1382
f 1383/1383/1383 1379/1379/1379 1381/1381/1381
f 1379/1379/1379 1383/1383/1383 1382/1382/1382
f 1381/1381/1381 1384/1384/1384 1383/1383/1383
f 1384/1384/1384 1385/1385/1385 1383/1383/1383
f 1382/1382/1382 1386/1386/1386 1377/1377/1377
f 1386/1386/1386 1378/1378/1378 1377/1377/1377
f 1383/1383/1383 1387/1387/1387 1382/1382/1382
f 1383/1383/1383 1385/1385/1385 1387/1387/1387
f 1386/1386/1386 1382/1382/1382 1387/1387/1387
f 1378/1378/1378 1388/1388/1388 1373/1373/1373
f 1388/1388/1388 1374/1374/1374 1373/1373/1373
f 1386/1386/1386 1389/1389/1389 1378/1378/1378
f 1389/1389/1389 1388/1388/1388 1378/1378/1378
f 1390/1390/1390 1386/1386/1386 1387/1387/1387
f 1389/1389/1389 1386/1386/1386 1390/1390/1390
f 1385/1385/1385 1391/1391/1391 1387/1387/1387
f 1387/1387/1387 1391/1391/1391 1390/1390/1390
f 1388/1388/1388 1392/1392/1392 1374/1374/1374
f 1389/1389/1389 1393/1393/1393 1388/1388/1388
f 1393/1393/1393 1392/1392/1392 1388/1388/1388
f 1394/1394/1394 1389/1389/1389 1390/1390/1390
f 1393/1393/1393 1389/1389/1389 1394/1394/1394
f 1391/1391/1391 1395/1395/1395 1390/1390/1390
f 1390/1390/1390 1395/1395/1395 1394/1394/1394
f 1392/1392/1392 1396/1396/1396 1374/1374/1374
f 1396/1396/1396 1359/1359/1359 1374/1374/1374
f 1396/1396/1396 1358/1358/1358 1359/1359/1359
f 1397/1397/1397 1358/1358/1358 1396/1396/1396
f 1392/1392/1392 1397/1397/1397 1396/1396/1396
f 1397/1397/1397 1357/1357/1357 1358/1358/1358
f 1393/1393/1393 1398/1398/1398 1392/1392/1392
f 1398/1398/1398 1397/1397/1397 1392/1392/1392
f 1399/1399/1399 1357/1357/1357 1397/1397/1397
f 1398/1398/1398 1399/1399/1399 1397/1397/1397
f 1357/1357/1357 1399/1399/1399 1343/1343/1343
f 1343/1343/1343 1399/1399/1399 1400/1400/1400
f 1400/1400/1400 1399/1399/1399 1398/1398/1398
f 1243/1243/1243 1343/1343/1343 1400/1400/1400
f 1401/1401/1401 1393/1393/1393 1394/1394/1394
f 1398/1398/1398 1393/1393/1393 1401/1401/1401
f 1243/1243/1243 1400/1400/1400 1402/1402/1402
f 1236/1236/1236 1243/1243/1243 1402/1402/1402
f 1403/1403/1403 1400/1400/1400 1398/1398/1398
f 1403/1403/1403 1398/1398/1398 1401/1401/1401
f 1394/1394/1394 1404/1404/1404 1401/1401/1401
f 1395/1395/1395 1404/1404/1404 1394/1394/1394
f 1403/1403/1403 1405/1405/1405 1400/1400/1400
f 1405/1405/1405 1402/1402/1402 1400/1400/1400
f 1401/1401/1401 1406/1406/1406 1403/1403/1403
f 1404/1404/1404 1406/1406/1406 1401/1401/1401
f 1406/1406/1406 1405/1405/1405 1403/1403/1403
f 1236/1236/1236 1402/1402/1402 1407/1407/1407
f 1408/1408/1408 1236/1236/1236 1407/1407/1407
f 1402/1402/1402 1405/1405/1405 1409/1409/1409
f 1407/1407/1407 1402/1402/1402 1409/1409/1409
f 1405/1405/1405 1406/1406/1406 1410/1410/1410
f 1409/1409/1409 1405/1405/1405 1410/1410/1410
f 1406/1406/1406 1404/1404/1404 1411/1411/1411
f 1410/1410/1410 1406/1406/1406 1411/1411/1411
f 1404/1404/1404 1395/1395/1395 1412/1412/1412
f 1411/1411/1411 1404/1404/1404 1412/1412/1412
f 1407/1407/1407 1413/1413/1413 1408/1408/1408
f 1413/1413/1413 1222/1222/1222 1408/1408/1408
f 1407/1407/1407 1409/1409/1409 1414/1414/1414
f 1413/1413/1413 1407/1407/1407 1414/1414/1414
f 1222/1222/1222 1413/1413/1413 1415/1415/1415
f 1221/1221/1221 1222/1222/1222 1415/1415/1415
f 1412/1412/1412 1395/1395/1395 1416/1416/1416
f 1395/1395/1395 1391/1391/1391 1416/1416/1416
f 1417/1417/1417 1416/1416/1416 1391/1391/1391
f 1385/1385/1385 1417/1417/1417 1391/1391/1391
f 1417/1417/1417 1385/1385/1385 1418/1418/1418
f 1385/1385/1385 1419/1419/1419 1418/1418/1418
f 1413/1413/1413 1414/1414/1414 1420/1420/1420
f 1415/1415/1415 1413/1413/1413 1420/1420/1420
f 1415/1415/1415 1421/1421/1421 1221/1221/1221
f 1421/1421/1421 1223/1223/1223 1221/1221/1221
f 1420/1420/1420 1422/1422/1422 1415/1415/1415
f 1422/1422/1422 1421/1421/1421 1415/1415/1415
f 1423/1423/1423 1412/1412/1412 1416/1416/1416
f 1424/1424/1424 1423/1423/1423 1416/1416/1416
f 1424/1424/1424 1416/1416/1416 1425/1425/1425
f 1412/1412/1412 1423/1423/1423 1426/1426/1426
f 1411/1411/1411 1412/1412/1412 1426/1426/1426
f 1427/1427/1427 1424/1424/1424 1425/1425/1425
f 1427/1427/1427 1425/1425/1425 1428/1428/1428
f 1429/1429/1429 1427/1427/1427 1428/1428/1428
f 1430/1430/1430 1427/1427/1427 1429/1429/1429
f 1431/1431/1431 1430/1430/1430 1429/1429/1429
f 1432/1432/1432 1424/1424/1424 1427/1427/1427
f 1430/1430/1430 1432/1432/1432 1427/1427/1427
f 1433/1433/1433 1423/1423/1423 1424/1424/1424
f 1432/1432/1432 1433/1433/1433 1424/1424/1424
f 1430/1430/1430 1431/1431/1431 1434/1434/1434
f 1431/1431/1431 1435/1435/1435 1434/1434/1434
f 1432/1432/1432 1430/1430/1430 1436/1436/1436
f 1430/1430/1430 1434/1434/1434 1436/1436/1436
f 1437/1437/1437 1434/1434/1434 1435/1435/1435
f 1434/1434/1434 1437/1437/1437 1436/1436/1436
f 1438/1438/1438 1437/1437/1437 1435/1435/1435
f 1438/1438/1438 1439/1439/1439 1437/1437/1437
f 1439/1439/1439 1440/1440/1440 1437/1437/1437
f 1440/1440/1440 1439/1439/1439 1441/1441/1441
f 1442/1442/1442 1440/1440/1440 1441/1441/1441
f 1437/1437/1437 1440/1440/1440 1443/1443/1443
f 1437/1437/1437 1443/1443/1443 1436/1436/1436
f 1443/1443/1443 1444/1444/1444 1436/1436/1436
f 1436/1436/1436 1445/1445/1445 1432/1432/1432
f 1445/1445/1445 1433/1433/1433 1432/1432/1432
f 1444/1444/1444 1445/1445/1445 1436/1436/1436
f 1440/1440/1440 1442/1442/1442 1446/1446/1446
f 1440/1440/1440 1446/1446/1446 1443/1443/1443
f 1444/1444/1444 1443/1443/1443 1446/1446/1446
f 1442/1442/1442 1447/1447/1447 1446/1446/1446
f 1446/1446/1446 1447/1447/1447 1448/1448/1448
f 1448/1448/1448 1444/1444/1444 1446/1446/1446
f 1447/1447/1447 1449/1449/1449 1448/1448/1448
f 1450/1450/1450 1448/1448/1448 1449/1449/1449
f 1444/1444/1444 1448/1448/1448 1450/1450/1450
f 1451/1451/1451 1450/1450/1450 1449/1449/1449
f 1433/1433/1433 1445/1445/1445 1452/1452/1452
f 1452/1452/1452 1445/1445/1445 1444/1444/1444
f 1450/1450/1450 1451/1451/1451 1453/1453/1453
f 1451/1451/1451 1454/1454/1454 1453/1453/1453
f 1453/1453/1453 1454/1454/1454 1455/1455/1455
f 1456/1456/1456 1444/1444/1444 1450/1450/1450
f 1456/1456/1456 1452/1452/1452 1444/1444/1444
f 1457/1457/1457 1433/1433/1433 1452/1452/1452
f 1423/1423/1423 1433/1433/1433 1457/1457/1457
f 1426/1426/1426 1423/1423/1423 1457/1457/1457
f 1456/1456/1456 1450/1450/1450 1458/1458/1458
f 1450/1450/1450 1453/1453/1453 1458/1458/1458
f 1452/1452/1452 1456/1456/1456 1459/1459/1459
f 1457/1457/1457 1452/1452/1452 1459/1459/1459
f 1456/1456/1456 1458/1458/1458 1459/1459/1459
f 1457/1457/1457 1460/1460/1460 1426/1426/1426
f 1460/1460/1460 1457/1457/1457 1459/1459/1459
f 1459/1459/1459 1458/1458/1458 1461/1461/1461
f 1460/1460/1460 1459/1459/1459 1461/1461/1461
f 1462/1462/1462 1458/1458/1458 1453/1453/1453
f 1458/1458/1458 1462/1462/1462 1461/1461/1461
f 1463/1463/1463 1453/1453/1453 1455/1455/1455
f 1463/1463/1463 1462/1462/1462 1453/1453/1453
f 1460/1460/1460 1464/1464/1464 1426/1426/1426
f 1426/1426/1426 1464/1464/1464 1411/1411/1411
f 1464/1464/1464 1410/1410/1410 1411/1411/1411
f 1465/1465/1465 1460/1460/1460 1461/1461/1461
f 1464/1464/1464 1460/1460/1460 1465/1465/1465
f 1464/1464/1464 1466/1466/1466 1410/1410/1410
f 1466/1466/1466 1464/1464/1464 1465/1465/1465
f 1466/1466/1466 1409/1409/1409 1410/1410/1410
f 1463/1463/1463 1455/1455/1455 1467/1467/1467
f 1455/1455/1455 1468/1468/1468 1467/1467/1467
f 1468/1468/1468 1469/1469/1469 1467/1467/1467
f 1470/1470/1470 1462/1462/1462 1463/1463/1463
f 1467/1467/1467 1470/1470/1470 1463/1463/1463
f 1461/1461/1461 1462/1462/1462 1471/1471/1471
f 1465/1465/1465 1461/1461/1461 1471/1471/1471
f 1462/1462/1462 1470/1470/1470 1471/1471/1471
f 1469/1469/1469 1472/1472/1472 1467/1467/1467
f 1467/1467/1467 1472/1472/1472 1470/1470/1470
f 1472/1472/1472 1469/1469/1469 1473/1473/1473
f 1466/1466/1466 1474/1474/1474 1409/1409/1409
f 1474/1474/1474 1414/1414/1414 1409/1409/1409
f 1466/1466/1466 1465/1465/1465 1475/1475/1475
f 1475/1475/1475 1465/1465/1465 1471/1471/1471
f 1474/1474/1474 1466/1466/1466 1475/1475/1475
f 1472/1472/1472 1476/1476/1476 1470/1470/1470
f 1471/1471/1471 1470/1470/1470 1476/1476/1476
f 1477/1477/1477 1472/1472/1472 1473/1473/1473
f 1472/1472/1472 1477/1477/1477 1476/1476/1476
f 1477/1477/1477 1473/1473/1473 1478/1478/1478
f 1474/1474/1474 1479/1479/1479 1414/1414/1414
f 1479/1479/1479 1420/1420/1420 1414/1414/1414
f 1475/1475/1475 1480/1480/1480 1474/1474/1474
f 1480/1480/1480 1479/1479/1479 1474/1474/1474
f 1479/1479/1479 1480/1480/1480 1481/1481/1481
f 1475/1475/1475 1471/1471/1471 1482/1482/1482
f 1482/1482/1482 1471/1471/1471 1476/1476/1476
f 1480/1480/1480 1475/1475/1475 1482/1482/1482
f 1479/1479/1479 1483/1483/1483 1420/1420/1420
f 1483/1483/1483 1479/1479/1479 1481/1481/1481
f 1481/1481/1481 1484/1484/1484 1483/1483/1483
f 1483/1483/1483 1422/1422/1422 1420/1420/1420
f 1422/1422/1422 1483/1483/1483 1484/1484/1484
f 1485/1485/1485 1477/1477/1477 1478/1478/1478
f 1485/1485/1485 1478/1478/1478 1486/1486/1486
f 1477/1477/1477 1487/1487/1487 1476/1476/1476
f 1476/1476/1476 1487/1487/1487 1482/1482/1482
f 1487/1487/1487 1477/1477/1477 1485/1485/1485
f 1482/1482/1482 1488/1488/1488 1480/1480/1480
f 1487/1487/1487 1488/1488/1488 1482/1482/1482
f 1488/1488/1488 1481/1481/1481 1480/1480/1480
f 1488/1488/1488 1487/1487/1487 1489/1489/1489
f 1489/1489/1489 1487/1487/1487 1485/1485/1485
f 1489/1489/1489 1481/1481/1481 1488/1488/1488
f 1490/1490/1490 1485/1485/1485 1486/1486/1486
f 1489/1489/1489 1485/1485/1485 1490/1490/1490
f 1491/1491/1491 1490/1490/1490 1486/1486/1486
f 1489/1489/1489 1492/1492/1492 1481/1481/1481
f 1492/1492/1492 1489/1489/1489 1490/1490/1490
f 1491/1491/1491 1493/1493/1493 1490/1490/1490
f 1493/1493/1493 1492/1492/1492 1490/1490/1490
f 1491/1491/1491 1494/1494/1494 1493/1493/1493
f 1494/1494/1494 1495/1495/1495 1493/1493/1493
f 1492/1492/1492 1496/1496/1496 1481/1481/1481
f 1492/1492/1492 1493/1493/1493 1496/1496/1496
f 1496/1496/1496 1484/1484/1484 1481/1481/1481
f 1493/1493/1493 1495/1495/1495 1497/1497/1497
f 1493/1493/1493 1497/1497/1497 1496/1496/1496
f 1484/1484/1484 1496/1496/1496 1497/1497/1497
f 1495/1495/1495 1498/1498/1498 1497/1497/1497
f 1497/1497/1497 1498/1498/1498 1499/1499/1499
f 1499/1499/1499 1484/1484/1484 1497/1497/1497
f 1498/1498/1498 1500/1500/1500 1499/1499/1499
f 1499/1499/1499 1500/1500/1500 1501/1501/1501
f 1499/1499/1499 1501/1501/1501 1484/1484/1484
f 1500/1500/1500 1502/1502/1502 1501/1501/1501
f 1484/1484/1484 1501/1501/1501 1503/1503/1503
f 1503/1503/1503 1422/1422/1422 1484/1484/1484
f 1422/1422/1422 1503/1503/1503 1421/1421/1421
f 1503/1503/1503 1504/1504/1504 1421/1421/1421
f 1504/1504/1504 1503/1503/1503 1501/1501/1501
f 1421/1421/1421 1504/1504/1504 1223/1223/1223
f 1501/1501/1501 1502/1502/1502 1505/1505/1505
f 1505/1505/1505 1504/1504/1504 1501/1501/1501
f 1502/1502/1502 1506/1506/1506 1505/1505/1505
f 1504/1504/1504 1507/1507/1507 1223/1223/1223
f 1507/1507/1507 1504/1504/1504 1505/1505/1505
f 1223/1223/1223 1507/1507/1507 1215/1215/1215
f 1507/1507/1507 1198/1198/1198 1215/1215/1215
f 1508/1508/1508 1505/1505/1505 1506/1506/1506
f 1508/1508/1508 1507/1507/1507 1505/1505/1505
f 1198/1198/1198 1507/1507/1507 1508/1508/1508
f 1509/1509/1509 1508/1508/1508 1506/1506/1506
f 1510/1510/1510 1198/1198/1198 1508/1508/1508
f 1508/1508/1508 1509/1509/1509 1510/1510/1510
f 1509/1509/1509 1511/1511/1511 1510/1510/1510
f 1510/1510/1510 1187/1187/1187 1198/1198/1198
f 1510/1510/1510 1511/1511/1511 1187/1187/1187
f 1511/1511/1511 1512/1512/1512 1187/1187/1187
f 1512/1512/1512 1513/1513/1513 1187/1187/1187
f 1512/1512/1512 1514/1514/1514 1513/1513/1513
f 1517/1517/1517 1516/1516/1516 1515/1515/1515
f 1516/1516/1516 1518/1518/1518 1515/1515/1515
f 1518/1518/1518 1519/1519/1519 1515/1515/1515
f 1515/1515/1515 1519/1519/1519 1520/1520/1520
f 1519/1519/1519 1521/1521/1521 1520/1520/1520
f 1521/1521/1521 1522/1522/1522 1520/1520/1520
f 1520/1520/1520 1522/1522/1522 1523/1523/1523
f 1520/1520/1520 1523/1523/1523 1524/1524/1524
f 1525/1525/1525 1524/1524/1524 1523/1523/1523
f 1525/1525/1525 1523/1523/1523 1526/1526/1526
f 1523/1523/1523 1527/1527/1527 1526/1526/1526
f 1527/1527/1527 1528/1528/1528 1526/1526/1526
f 1529/1529/1529 1526/1526/1526 1528/1528/1528
f 1530/1530/1530 1526/1526/1526 1529/1529/1529
f 1533/1533/1533 1532/1532/1532 1531/1531/1531
f 1532/1532/1532 1534/1534/1534 1531/1531/1531
f 1531/1531/1531 1534/1534/1534 1535/1535/1535
f 1536/1536/1536 1534/1534/1534 1532/1532/1532
f 1534/1534/1534 1536/1536/1536 1535/1535/1535
f 1537/1537/1537 1536/1536/1536 1532/1532/1532
f 1536/1536/1536 1538/1538/1538 1535/1535/1535
f 1535/1535/1535 1538/1538/1538 1539/1539/1539
f 1540/1540/1540 1536/1536/1536 1537/1537/1537
f 1536/1536/1536 1540/1540/1540 1538/1538/1538
f 1541/1541/1541 1540/1540/1540 1537/1537/1537
f 1542/1542/1542 1538/1538/1538 1540/1540/1540
f 1538/1538/1538 1542/1542/1542 1539/1539/1539
f 1543/1543/1543 1540/1540/1540 1541/1541/1541
f 1543/1543/1543 1542/1542/1542 1540/1540/1540
f 1544/1544/1544 1543/1543/1543 1541/1541/1541
f 1545/1545/1545 1542/1542/1542 1543/1543/1543
f 1542/1542/1542 1545/1545/1545 1539/1539/1539
f 1546/1546/1546 1543/1543/1543 1544/1544/1544
f 1546/1546/1546 1545/1545/1545 1543/1543/1543
f 1547/1547/1547 1546/1546/1546 1544/1544/1544
f 1548/1548/1548 1546/1546/1546 1547/1547/1547
f 1546/1546/1546 1548/1548/1548 1545/1545/1545
f 1549/1549/1549 1548/1548/1548 1547/1547/1547
f 1548/1548/1548 1550/1550/1550 1545/1545/1545
f 1545/1545/1545 1550/1550/1550 1539/1539/1539
f 1551/1551/1551 1548/1548/1548 1549/1549/1549
f 1551/1551/1551 1550/1550/1550 1548/1548/1548
f 1552/1552/1552 1551/1551/1551 1549/1549/1549
f 1551/1551/1551 1552/1552/1552 1553/1553/1553
f 1554/1554/1554 1551/1551/1551 1553/1553/1553
f 1551/1551/1551 1554/1554/1554 1550/1550/1550
f 1553/1553/1553 1555/1555/1555 1554/1554/1554
f 1550/1550/1550 1556/1556/1556 1539/1539/1539
f 1554/1554/1554 1556/1556/1556 1550/1550/1550
f 1555/1555/1555 1557/1557/1557 1554/1554/1554
f 1554/1554/1554 1557/1557/1557 1556/1556/1556
f 1555/1555/1555 1558/1558/1558 1557/1557/1557
f 1558/1558/1558 1559/1559/1559 1557/1557/1557
f 1557/1557/1557 1559/1559/1559 1556/1556/1556
f 1559/1559/1559 1558/1558/1558 1560/1560/1560
f 1561/1561/1561 1559/1559/1559 1560/1560/1560
f 1556/1556/1556 1562/1562/1562 1539/1539/1539
f 1559/1559/1559 1562/1562/1562 1556/1556/1556
f 1562/1562/1562 1559/1559/1559 1561/1561/1561
f 1539/1539/1539 1562/1562/1562 1561/1561/1561
f 1565/1565/1565 1564/1564/1564 1563/1563/1563
f 1566/1566/1566 1564/1564/1564 1565/1565/1565
f 1564/1564/1564 1566/1566/1566 1567/1567/1567
f 1567/1567/1567 1566/1566/1566 1568/1568/1568
f 1566/1566/1566 1569/1569/1569 1568/1568/1568
f 1570/1570/1570 1569/1569/1569 1566/1566/1566
f 1571/1571/1571 1566/1566/1566 1565/1565/1565
f 1571/1571/1571 1570/1570/1570 1566/1566/1566
f 1572/1572/1572 1571/1571/1571 1565/1565/1565
f 1570/1570/1570 1571/1571/1571 1573/1573/1573
f 1572/1572/1572 1574/1574/1574 1571/1571/1571
f 1571/1571/1571 1575/1575/1575 1573/1573/1573
f 1574/1574/1574 1575/1575/1575 1571/1571/1571
f 1576/1576/1576 1573/1573/1573 1575/1575/1575
f 1574/1574/1574 1577/1577/1577 1575/1575/1575
f 1578/1578/1578 1576/1576/1576 1575/1575/1575
f 1577/1577/1577 1578/1578/1578 1575/1575/1575
f 1579/1579/1579 1576/1576/1576 1578/1578/1578
f 1577/1577/1577 1580/1580/1580 1578/1578/1578
f 1581/1581/1581 1579/1579/1579 1578/1578/1578
f 1580/1580/1580 1581/1581/1581 1578/1578/1578
f 1582/1582/1582 1579/1579/1579 1581/1581/1581
f 1580/1580/1580 1583/1583/1583 1581/1581/1581
f 1584/1584/1584 1582/1582/1582 1581/1581/1581
f 1583/1583/1583 1584/1584/1584 1581/1581/1581
f 1582/1582/1582 1584/1584/1584 1585/1585/1585
f 1584/1584/1584 1583/1583/1583 1586/1586/1586
f 1585/1585/1585 1584/1584/1584 1587/1587/1587
f 1587/1587/1587 1584/1584/1584 1586/1586/1586
f 1590/1590/1590 1589/1589/1589 1588/1588/1588
f 1591/1591/1591 1589/1589/1589 1590/1590/1590
f 1592/1592/1592 1591/1591/1591 1590/1590/1590
f 1592/1592/1592 1593/1593/1593 1591/1591/1591
f 1593/1593/1593 1594/1594/1594 1591/1591/1591
f 1594/1594/1594 1593/1593/1593 1595/1595/1595
f 1596/1596/1596 1594/1594/1594 1595/1595/1595
f 1596/1596/1596 1595/1595/1595 1597/1597/1597
f 1598/1598/1598 1596/1596/1596 1597/1597/1597
f 1597/1597/1597 1599/1599/1599 1598/1598/1598
f 1600/1600/1600 1596/1596/1596 1598/1598/1598
f 1599/1599/1599 1601/1601/1601 1598/1598/1598
f 1600/1600/1600 1602/1602/1602 1596/1596/1596
f 1602/1602/1602 1603/1603/1603 1596/1596/1596
f 1603/1603/1603 1602/1602/1602 1604/1604/1604
f 1601/1601/1601 1599/1599/1599 1605/1605/1605
f 1606/1606/1606 1601/1601/1601 1605/1605/1605
f 1606/1606/1606 1605/1605/1605 1607/1607/1607
f 1608/1608/1608 1606/1606/1606 1607/1607/1607
f 1608/1608/1608 1607/1607/1607 1609/1609/1609
f 1610/1610/1610 1608/1608/1608 1609/1609/1609
f 1610/1610/1610 1609/1609/1609 1611/1611/1611
f 1609/1609/1609 1612/1612/1612 1611/1611/1611
f 1611/1611/1611 1612/1612/1612 1613/1613/1613
f 1616/1616/1616 1615/1615/1615 1614/1614/1614
f 1614/1614/1614 1615/1615/1615 1617/1617/1617
f 1615/1615/1615 1618/1618/1618 1617/1617/1617
f 1617/1617/1617 1618/1618/1618 1619/1619/1619
f 1618/1618/1618 1620/1620/1620 1619/1619/1619
f 1623/1623/1623 1622/1622/1622 1621/1621/1621
f 1623/1623/1623 1624/1624/1624 1622/1622/1622
f 1623/1623/1623 1625/1625/1625 1624/1624/1624
f 1626/1626/1626 1624/1624/1624 1625/1625/1625
f 1626/1626/1626 1625/1625/1625 1627/1627/1627
f 1627/1627/1627 1625/1625/1625 1628/1628/1628
f 1629/1629/1629 1627/1627/1627 1628/1628/1628
f 1629/1629/1629 1630/1630/1630 1627/1627/1627
f 1631/1631/1631 1630/1630/1630 1629/1629/1629
f 1631/1631/1631 1632/1632/1632 1630/1630/1630
f 1632/1632/1632 1633/1633/1633 1630/1630/1630
f 1633/1633/1633 1632/1632/1632 1634/1634/1634
f 1635/1635/1635 1633/1633/1633 1634/1634/1634
f 1636/1636/1636 1635/1635/1635 1634/1634/1634
f 1637/1637/1637 1636/1636/1636 1634/1634/1634
f 1636/1636/1636 1637/1637/1637 1638/1638/1638
f 1639/1639/1639 1636/1636/1636 1638/1638/1638
f 1639/1639/1639 1638/1638/1638 1640/1640/1640
f 1641/1641/1641 1639/1639/1639 1640/1640/1640
f 1642/1642/1642 1641/1641/1641 1640/1640/1640
f 1643/1643/1643 1642/1642/1642 1640/1640/1640
f 1646/1646/1646 1645/1645/1645 1644/1644/1644
f 1646/1646/1646 1644/1644/1644 1647/1647/1647
f 1647/1647/1647 1644/1644/1644 1648/1648/1648
f 1648/1648/1648 1649/1649/1649 1647/1647/1647
f 1649/1649/1649 1648/1648/1648 1650/1650/1650
f 1651/1651/1651 1649/1649/1649 1650/1650/1650
f 1651/1651/1651 1650/1650/1650 1652/1652/1652
f 1650/1650/1650 1653/1653/1653 1652/1652/1652
f 1654/1654/1654 1652/1652/1652 1653/1653/1653
f 1655/1655/1655 1654/1654/1654 1653/1653/1653
f 1654/1654/1654 1655/1655/1655 1656/1656/1656
f 1656/1656/1656 1655/1655/1655 1657/1657/1657
f 1656/1656/1656 1657/1657/1657 1658/1658/1658
f 1657/1657/1657 1659/1659/1659 1658/1658/1658
f 1660/1660/1660 1658/1658/1658 1659/1659/1659
f 1663/1663/1663 1662/1662/1662 1661/1661/1661
f 1664/1664/1664 1663/1663/1663 1661/1661/1661
f 1665/1665/1665 1664/1664/1664 1661/1661/1661
f 1668/1668/1668 1667/1667/1667 1666/1666/1666
f 1669/1669/1669 1666/1666/1666 1667/1667/1667
f 1669/1669/1669 1667/1667/1667 1670/1670/1670
f 1671/1671/1671 1669/1669/1669 1670/1670/1670
f 1672/1672/1672 1671/1671/1671 1670/1670/1670
f 1673/1673/1673 1672/1672/1672 1670/1670/1670
f 1674/1674/1674 1672/1672/1672 1673/1673/1673
f 1675/1675/1675 1674/1674/1674 1673/1673/1673
f 1676/1676/1676 1674/1674/1674 1675/1675/1675
f 1677/1677/1677 1676/1676/1676 1675/1675/1675
f 1678/1678/1678 1676/1676/1676 1677/1677/1677
f 1679/1679/1679 1678/1678/1678 1677/1677/1677
f 1679/1679/1679 1680/1680/1680 1678/1678/1678
f 1680/1680/1680 1681/1681/1681 1678/1678/1678
f 1680/1680/1680 1682/1682/1682 1681/1681/1681
f 1682/1682/1682 1683/1683/1683 1681/1681/1681
f 1683/1683/1683 1682/1682/1682 1684/1684/1684
f 1685/1685/1685 1683/1683/1683 1684/1684/1684
f 1685/1685/1685 1684/1684/1684 1686/1686/1686
f 1687/1687/1687 1685/1685/1685 1686/1686/1686
f 1686/1686/1686 1688/1688/1688 1687/1687/1687
f 1691/1691/1691 1690/1690/1690 1689/1689/1689
f 1690/1690/1690 1691/1691/1691 1692/1692/1692
f 1695/1695/1695 1694/1694/1694 1693/1693/1693
f 1694/1694/1694 1695/1695/1695 1696/1696/1696
f 1697/1697/1697 1694/1694/1694 1696/1696/1696
f 1696/1696/1696 1698/1698/1698 1697/1697/1697
f 1698/1698/1698 1699/1699/1699 1697/1697/1697
f 1699/1699/1699 1698/1698/1698 1700/1700/1700
f 1703/1703/1703 1702/1702/1702 1701/1701/1701
f 1704/1704/1704 1703/1703/1703 1701/1701/1701
f 1701/1701/1701 1705/1705/1705 1704/1704/1704
f 1706/1706/1706 1703/1703/1703 1704/1704/1704
f 1705/1705/1705 1707/1707/1707 1704/1704/1704
f 1708/1708/1708 1706/1706/1706 1704/1704/1704
f 1704/1704/1704 1707/1707/1707 1708/1708/1708
f 1709/1709/1709 1706/1706/1706 1708/1708/1708
f 1707/1707/1707 1710/1710/1710 1708/1708/1708
f 1711/1711/1711 1709/1709/1709 1708/1708/1708
f 1708/1708/1708 1710/1710/1710 1711/1711/1711
f 1710/1710/1710 1712/1712/1712 1711/1711/1711
f 1715/1715/1715 1714/1714/1714 1713/1713/1713
f 1715/1715/1715 1716/1716/1716 1714/1714/1714
f 1719/1719/1719 1718/1718/1718 1717/1717/1717
f 1717/1717/1717 1718/1718/1718 1720/1720/1720
f 1723/1723/1723 1722/1722/1722 1721/1721/1721
f 1721/1721/1721 1724/1724/1724 1723/1723/1723
f 1723/1723/1723 1725/1725/1725 1722/1722/1722
f 1725/1725/1725 1723/1723/1723 1724/1724/1724
f 1725/1725/1725 1726/1726/1726 1722/1722/1722
f 1727/1727/1727 1725/1725/1725 1724/1724/1724
f 1726/1726/1726 1725/1725/1725 1728/1728/1728
f 1729/1729/1729 1725/1725/1725 1727/1727/1727
f 1725/1725/1725 1729/1729/1729 1728/1728/1728
f 1730/1730/1730 1729/1729/1729 1727/1727/1727
f 1728/1728/1728 1729/1729/1729 1731/1731/1731
f 1732/1732/1732 1729/1729/1729 1730/1730/1730
f 1729/1729/1729 1732/1732/1732 1731/1731/1731
f 1733/1733/1733 1732/1732/1732 1730/1730/1730
f 1731/1731/1731 1732/1732/1732 1734/1734/1734
f 1735/1735/1735 1732/1732/1732 1733/1733/1733
f 1732/1732/1732 1735/1735/1735 1734/1734/1734
f 1736/1736/1736 1735/1735/1735 1733/1733/1733
f 1734/1734/1734 1735/1735/1735 1737/1737/1737
f 1738/1738/1738 1735/1735/1735 1736/1736/1736
f 1735/1735/1735 1738/1738/1738 1737/1737/1737
f 1739/1739/1739 1738/1738/1738 1736/1736/1736
f 1737/1737/1737 1738/1738/1738 1740/1740/1740
f 1740/1740/1740 1738/1738/1738 1739/1739/1739
f 1743/1743/1743 1742/1742/1742 1741/1741/1741
f 1742/1742/1742 1743/1743/1743 1744/1744/1744
f 1745/1745/1745 1743/1743/1743 1741/1741/1741
f 1745/1745/1745 1741/1741/1741 1746/1746/1746
f 1743/1743/1743 1747/1747/1747 1744/1744/1744
f 1744/1744/1744 1747/1747/1747 1748/1748/1748
f 1749/1749/1749 1748/1748/1748 1747/1747/1747
f 1747/1747/1747 1743/1743/1743 1749/1749/1749
f 1743/1743/1743 1750/1750/1750 1749/1749/1749
f 1743/1743/1743 1745/1745/1745 1750/1750/1750
f 1745/1745/1745 1751/1751/1751 1750/1750/1750
f 1752/1752/1752 1745/1745/1745 1746/1746/1746
f 1745/1745/1745 1752/1752/1752 1751/1751/1751
f 1752/1752/1752 1746/1746/1746 1753/1753/1753
f 1752/1752/1752 1754/1754/1754 1751/1751/1751
f 1755/1755/1755 1752/1752/1752 1753/1753/1753
f 1752/1752/1752 1755/1755/1755 1754/1754/1754
f 1755/1755/1755 1753/1753/1753 1756/1756/1756
f 1755/1755/1755 1757/1757/1757 1754/1754/1754
f 1758/1758/1758 1755/1755/1755 1756/1756/1756
f 1755/1755/1755 1758/1758/1758 1757/1757/1757
f 1758/1758/1758 1756/1756/1756 1759/1759/1759
f 1758/1758/1758 1760/1760/1760 1757/1757/1757
f 1758/1758/1758 1759/1759/1759 1760/1760/1760
g Emma_S005_Face_1
f 1763/1763/1763 1762/1762/1762 1761/1761/1761
f 1763/1763/1763 1761/1761/1761 1764/1764/1764
f 1763/1763/1763 1765/1765/1765 1762/1762/1762
f 1763/1763/1763 1764/1764/1764 1766/1766/1766
f 1763/1763/1763 1767/1767/1767 1765/1765/1765
f 1763/1763/1763 1766/1766/1766 1768/1768/1768
f 1763/1763/1763 1769/1769/1769 1767/1767/1767
f 1763/1763/1763 1768/1768/1768 1770/1770/1770
f 1763/1763/1763 1771/1771/1771 1769/1769/1769
f 1763/1763/1763 1770/1770/1770 1772/1772/1772
f 1763/1763/1763 1773/1773/1773 1771/1771/1771
f 1763/1763/1763 1772/1772/1772 1774/1774/1774
f 1763/1763/1763 1775/1775/1775 1773/1773/1773
f 1763/1763/1763 1774/1774/1774 1776/1776/1776
f 1763/1763/1763 1777/1777/1777 1775/1775/1775
f 1763/1763/1763 1776/1776/1776 1778/1778/1778
f 1763/1763/1763 1779/1779/1779 1777/1777/1777
f 1763/1763/1763 1778/1778/1778 1780/1780/1780
f 1763/1763/1763 1781/1781/1781 1779/1779/1779
f 1763/1763/1763 1780/1780/1780 1782/1782/1782
f 1763/1763/1763 1783/1783/1783 1781/1781/1781
f 1763/1763/1763 1782/1782/1782 1784/1784/1784
f 1763/1763/1763 1785/1785/1785 1783/1783/1783
f 1763/1763/1763 1784/1784/1784 1785/1785/1785
f 1788/1788/1788 1787/1787/1787 1786/1786/1786
f 1786/1786/1786 1787/1787/1787 1789/1789/1789
f 1790/1790/1790 1787/1787/1787 1788/1788/1788
f 1789/1789/1789 1787/1787/1787 1791/1791/1791
f 1792/1792/1792 1787/1787/1787 1790/1790/1790
f 1791/1791/1791 1787/1787/1787 1793/1793/1793
f 1794/1794/1794 1787/1787/1787 1792/1792/1792
f 1793/1793/1793 1787/1787/1787 1795/1795/1795
f 1796/1796/1796 1787/1787/1787 1794/1794/1794
f 1795/1795/1795 1787/1787/1787 1797/1797/1797
f 1798/1798/1798 1787/1787/1787 1796/1796/1796
f 1797/1797/1797 1787/1787/1787 1799/1799/1799
f 1800/1800/1800 1787/1787/1787 1798/1798/1798
f 1799/1799/1799 1787/1787/1787 1801/1801/1801
f 1802/1802/1802 1787/1787/1787 1800/1800/1800
f 1801/1801/1801 1787/1787/1787 1803/1803/1803
f 1804/1804/1804 1787/1787/1787 1802/1802/1802
f 1803/1803/1803 1787/1787/1787 1805/1805/1805
f 1806/1806/1806 1787/1787/1787 1804/1804/1804
f 1805/1805/1805 1787/1787/1787 1807/1807/1807
f 1808/1808/1808 1787/1787/1787 1806/1806/1806
f 1807/1807/1807 1787/1787/1787 1809/1809/1809
f 1810/1810/1810 1787/1787/1787 1808/1808/1808
f 1809/1809/1809 1787/1787/1787 1810/1810/1810
f 1813/1813/1813 1812/1812/1812 1811/1811/1811
f 1813/1813/1813 1811/1811/1811 1814/1814/1814
f 1811/1811/1811 1812/1812/1812 1815/1815/1815
f 1811/1811/1811 1816/1816/1816 1814/1814/1814
f 1815/1815/1815 1817/1817/1817 1811/1811/1811
f 1811/1811/1811 1818/1818/1818 1816/1816/1816
f 1811/1811/1811 1817/1817/1817 1819/1819/1819
f 1811/1811/1811 1820/1820/1820 1818/1818/1818
f 1811/1811/1811 1819/1819/1819 1821/1821/1821
f 1811/1811/1811 1822/1822/1822 1820/1820/1820
f 1811/1811/1811 1821/1821/1821 1823/1823/1823
f 1811/1811/1811 1824/1824/1824 1822/1822/1822
f 1811/1811/1811 1823/1823/1823 1825/1825/1825
f 1811/1811/1811 1826/1826/1826 1824/1824/1824
f 1811/1811/1811 1825/1825/1825 1827/1827/1827
f 1811/1811/1811 1827/1827/1827 1826/1826/1826
f 1830/1830/1830 1829/1829/1829 1828/1828/1828
f 1828/1828/1828 1829/1829/1829 1831/1831/1831
f 1832/1832/1832 1829/1829/1829 1830/1830/1830
f 1831/1831/1831 1829/1829/1829 1833/1833/1833
f 1832/1832/1832 1834/1834/1834 1829/1829/1829
f 1833/1833/1833 1829/1829/1829 1835/1835/1835
f 1836/1836/1836 1829/1829/1829 1834/1834/1834
f 1835/1835/1835 1829/1829/1829 1837/1837/1837
f 1836/1836/1836 1838/1838/1838 1829/1829/1829
f 1837/1837/1837 1829/1829/1829 1839/1839/1839
f 1829/1829/1829 1838/1838/1838 1840/1840/1840
f 1839/1839/1839 1829/1829/1829 1841/1841/1841
f 1842/1842/1842 1829/1829/1829 1840/1840/1840
f 1841/1841/1841 1829/1829/1829 1843/1843/1843
f 1844/1844/1844 1829/1829/1829 1842/1842/1842
f 1843/1843/1843 1829/1829/1829 1844/1844/1844
f 1847/1847/1847 1846/1846/1846 1845/1845/1845
f 1848/1848/1848 1847/1847/1847 1845/1845/1845
f 1847/1847/1847 1849/1849/1849 1846/1846/1846
f 1848/1848/1848 1845/1845/1845 1850/1850/1850
f 1849/1849/1849 1851/1851/1851 1846/1846/1846
f 1852/1852/1852 1848/1848/1848 1850/1850/1850
f 1849/1849/1849 1853/1853/1853 1851/1851/1851
f 1852/1852/1852 1850/1850/1850 1854/1854/1854
f 1853/1853/1853 1855/1855/1855 1851/1851/1851
f 1856/1856/1856 1852/1852/1852 1854/1854/1854
f 1853/1853/1853 1857/1857/1857 1855/1855/1855
f 1856/1856/1856 1854/1854/1854 1858/1858/1858
f 1857/1857/1857 1859/1859/1859 1855/1855/1855
f 1860/1860/1860 1856/1856/1856 1858/1858/1858
f 1857/1857/1857 1861/1861/1861 1859/1859/1859
f 1860/1860/1860 1858/1858/1858 1862/1862/1862
f 1861/1861/1861 1863/1863/1863 1859/1859/1859
f 1864/1864/1864 1860/1860/1860 1862/1862/1862
f 1861/1861/1861 1865/1865/1865 1863/1863/1863
f 1864/1864/1864 1862/1862/1862 1866/1866/1866
f 1865/1865/1865 1867/1867/1867 1863/1863/1863
f 1868/1868/1868 1864/1864/1864 1866/1866/1866
f 1865/1865/1865 1869/1869/1869 1867/1867/1867
f 1868/1868/1868 1866/1866/1866 1870/1870/1870
f 1869/1869/1869 1871/1871/1871 1867/1867/1867
f 1872/1872/1872 1868/1868/1868 1870/1870/1870
f 1869/1869/1869 1873/1873/1873 1871/1871/1871
f 1872/1872/1872 1870/1870/1870 1874/1874/1874
f 1873/1873/1873 1875/1875/1875 1871/1871/1871
f 1876/1876/1876 1872/1872/1872 1874/1874/1874
f 1873/1873/1873 1877/1877/1877 1875/1875/1875
f 1876/1876/1876 1874/1874/1874 1878/1878/1878
f 1877/1877/1877 1879/1879/1879 1875/1875/1875
f 1880/1880/1880 1876/1876/1876 1878/1878/1878
f 1877/1877/1877 1881/1881/1881 1879/1879/1879
f 1880/1880/1880 1878/1878/1878 1882/1882/1882
f 1881/1881/1881 1883/1883/1883 1879/1879/1879
f 1884/1884/1884 1880/1880/1880 1882/1882/1882
f 1881/1881/1881 1885/1885/1885 1883/1883/1883
f 1884/1884/1884 1882/1882/1882 1886/1886/1886
f 1885/1885/1885 1887/1887/1887 1883/1883/1883
f 1888/1888/1888 1884/1884/1884 1886/1886/1886
f 1885/1885/1885 1889/1889/1889 1887/1887/1887
f 1888/1888/1888 1886/1886/1886 1890/1890/1890
f 1889/1889/1889 1891/1891/1891 1887/1887/1887
f 1892/1892/1892 1888/1888/1888 1890/1890/1890
f 1892/1892/1892 1890/1890/1890 1891/1891/1891
f 1889/1889/1889 1892/1892/1892 1891/1891/1891
f 1895/1895/1895 1894/1894/1894 1893/1893/1893
f 1893/1893/1893 1894/1894/1894 1896/1896/1896
f 1897/1897/1897 1895/1895/1895 1893/1893/1893
f 1894/1894/1894 1898/1898/1898 1896/1896/1896
f 1899/1899/1899 1895/1895/1895 1897/1897/1897
f 1896/1896/1896 1898/1898/1898 1900/1900/1900
f 1901/1901/1901 1899/1899/1899 1897/1897/1897
f 1898/1898/1898 1902/1902/1902 1900/1900/1900
f 1903/1903/1903 1899/1899/1899 1901/1901/1901
f 1900/1900/1900 1902/1902/1902 1904/1904/1904
f 1905/1905/1905 1903/1903/1903 1901/1901/1901
f 1902/1902/1902 1906/1906/1906 1904/1904/1904
f 1907/1907/1907 1903/1903/1903 1905/1905/1905
f 1904/1904/1904 1906/1906/1906 1908/1908/1908
f 1909/1909/1909 1907/1907/1907 1905/1905/1905
f 1906/1906/1906 1910/1910/1910 1908/1908/1908
f 1911/1911/1911 1907/1907/1907 1909/1909/1909
f 1908/1908/1908 1910/1910/1910 1912/1912/1912
f 1913/1913/1913 1911/1911/1911 1909/1909/1909
f 1910/1910/1910 1914/1914/1914 1912/1912/1912
f 1915/1915/1915 1911/1911/1911 1913/1913/1913
f 1912/1912/1912 1914/1914/1914 1916/1916/1916
f 1917/1917/1917 1915/1915/1915 1913/1913/1913
f 1914/1914/1914 1918/1918/1918 1916/1916/1916
f 1919/1919/1919 1915/1915/1915 1917/1917/1917
f 1916/1916/1916 1918/1918/1918 1920/1920/1920
f 1921/1921/1921 1919/1919/1919 1917/1917/1917
f 1918/1918/1918 1922/1922/1922 1920/1920/1920
f 1923/1923/1923 1919/1919/1919 1921/1921/1921
f 1920/1920/1920 1922/1922/1922 1924/1924/1924
f 1925/1925/1925 1923/1923/1923 1921/1921/1921
f 1922/1922/1922 1926/1926/1926 1924/1924/1924
f 1927/1927/1927 1923/1923/1923 1925/1925/1925
f 1924/1924/1924 1926/1926/1926 1928/1928/1928
f 1929/1929/1929 1927/1927/1927 1925/1925/1925
f 1926/1926/1926 1930/1930/1930 1928/1928/1928
f 1931/1931/1931 1927/1927/1927 1929/1929/1929
f 1928/1928/1928 1930/1930/1930 1932/1932/1932
f 1933/1933/1933 1931/1931/1931 1929/1929/1929
f 1930/1930/1930 1934/1934/1934 1932/1932/1932
f 1935/1935/1935 1931/1931/1931 1933/1933/1933
f 1932/1932/1932 1934/1934/1934 1936/1936/1936
f 1937/1937/1937 1935/1935/1935 1933/1933/1933
f 1934/1934/1934 1938/1938/1938 1936/1936/1936
f 1939/1939/1939 1935/1935/1935 1937/1937/1937
f 1936/1936/1936 1938/1938/1938 1940/1940/1940
f 1940/1940/1940 1939/1939/1939 1937/1937/1937
f 1938/1938/1938 1939/1939/1939 1940/1940/1940
