g Emma_S005_LOD1
v 0.5381267 0.07606548 0.9744487
v 0.52368516 0.07599 0.9849424
v 0.52286637 0.07401366 0.97920376
v -0.5381267 0.07606548 0.9744487
v -0.52286637 0.07401366 0.97920376
v -0.52368516 0.07599 0.9849424
v 0.4040945 0.110356964 1.1316288
v 0.40699524 0.11297166 1.1339678
v 0.4099006 0.11077583 1.1367923
v 0.4497928 0.107510395 1.0868664
v 0.4470938 0.104781695 1.08472
v 0.4527526 0.10525193 1.0897478
v -0.4040945 0.110356964 1.1316288
v -0.4099006 0.11077583 1.1367923
v -0.40699524 0.11297166 1.1339678
v -0.4497928 0.107510395 1.0868664
v -0.4527526 0.10525193 1.0897478
v -0.4470938 0.104781695 1.08472
v 0.11550447 0.037760198 1.5125633
v 0.1343629 0.060784504 1.5024902
v 0.13256636 0.040108178 1.5066861
v 0.11741204 0.059126694 1.5129462
v 0.0978868 0.057504516 1.5206403
v 0.09936306 0.035958175 1.5171587
v 0.06377998 0.032505944 1.5228572
v 0.11468361 0.08045544 1.4877539
v 0.13070886 0.07879734 1.4794269
v 0.092674285 0.08415246 1.4965624
v 0.10769549 0.08985493 1.4523546
v 0.12246456 0.0872896 1.4491818
v 0.11385772 0.06966137 1.4243603
v 0.06970807 0.08499421 1.5009184
v 0.09090233 0.0930799 1.4565264
v 0.10596926 0.06889179 1.4259111
v 0.10820638 0.018466737 1.4302673
v 0.11713768 0.023907678 1.428451
v 0.12176209 0.015911229 1.4518539
v 0.0652 0.0595 1.5282
v 0.09926895 0.06867259 1.4260691
v 0.049799997 0.059400003 1.5322999
v 0.037957035 0.08691428 1.5042032
v 0.034331888 0.05040352 1.5361674
v 0.0421 0.028499998 1.5298
v 0.02989807 0.04753983 1.5406132
v 0.0342 0.025599996 1.5333
v 0.02878212 0.021431109 1.5506436
v 0.07652746 0.09602218 1.4590586
v 0.07936754 0.08922857 1.4294643
v 0.041799996 0.0963 1.4623
v 0.0434 0.091299996 1.4305
v 0.030399999 0.0734 1.5333
v 0.023193922 0.06583811 1.540697
v 0.021528099 0.06386486 1.5460966
v 0.028910233 0.04317722 1.5577432
v 0.018978518 0.08721834 1.5049727
v 0.015199999 0.076850004 1.5335001
v 0.029050563 0.039975982 1.5745398
v 0.026218748 0.017137874 1.5666925
v 0.017192839 0.05293864 1.5790337
v 0.018250408 0.05766048 1.5627868
v -0 0.057741966 1.5805928
v -0 0.06393131 1.565019
v -0 0.0736 1.5495
v -0 0.07599999 1.5438
v -0 0.0803 1.5336999
v -0 0.08752239 1.5057422
v 0.020899998 0.09435 1.4626999
v -0 0.09239999 1.4631
v -0 0.0865 1.4303
v 0.0217 0.08889999 1.4304
v 0.02195 0.079349995 1.39745
v -0 0.0764 1.3972
v 0.0439 0.08229999 1.3976998
v 0.0223 0.06635 1.3539001
v -0 0.0668 1.3529
v -0 0.06 1.3245999
v 0.0446 0.0659 1.3549
v 0.0819 0.0779 1.3982
v 0.02165 0.0592 1.3245999
v 0.077675 0.060912497 1.3549875
v 0.019949999 0.04825 1.2989999
v -0 0.049200006 1.2989999
v 0.017916752 0.03652698 1.2557458
v -0 0.038002156 1.2556812
v 0.017687911 0.040546704 1.2147505
v -0 0.04128494 1.2146883
v 0.02471259 0.052275173 1.195031
v 0.019784283 0.052638113 1.1949867
v 0.032063033 0.06674588 1.1764259
v 0.05201075 0.06106884 1.1755683
v 0.042665828 0.050327208 1.1951147
v 0.035375822 0.039808467 1.2148129
v 0.035833504 0.035051808 1.2558105
v 0.039899997 0.047300003 1.299
v 0.06527343 0.04555417 1.1949917
v 0.07464078 0.05589344 1.1760818
v 0.059116 0.035403833 1.2145523
v 0.089575626 0.025527937 1.193552
v 0.09966946 0.03183432 1.17267
v 0.0433 0.0584 1.3245999
v 0.056896985 0.02985098 1.2559793
v 0.08022009 0.019252744 1.2146156
v 0.10449249 -0.0057405364 1.1908538
v 0.11707473 -0.003915216 1.1666706
v 0.10837897 -0.05053906 1.1541636
v 0.095403634 -0.05103079 1.1811676
v 0.09191024 -0.007565857 1.2150371
v 0.073270455 0.017492669 1.2563368
v 0.0673 0.0408 1.299
v 0.0748 0.051 1.3245999
v 0.08124291 0.022680294 1.2990844
v 0.08252369 -0.008208034 1.2570573
v 0.09029794 0.030441051 1.3245233
v 0.0957 0.043 1.3557
v 0.0969 -0.0089 1.3237998
v 0.0977 0.057399996 1.398
v 0.0824283 -0.051522512 1.2081715
v 0.08873536 -0.006948881 1.2996376
v 0.114199996 -0.018899998 1.3638
v 0.1094 0.011899999 1.426
v 0.1016 -0.007 1.4573
v 0.10699999 -0.0044999993 1.3984
v 0.07483458 -0.04922104 1.2569226
v 0.04695695 -0.07269385 1.2562298
v 0.049986534 -0.074377134 1.2040929
v 0.08349999 -0.048099995 1.299
v 0.0959 -0.0518 1.3231
v 0.05735451 -0.07481427 1.1740623
v 0.10849999 -0.0088 1.4276
v 0.1114 -0.0326 1.4305999
v 0.019925367 -0.08573951 1.202528
v 0.11599999 -0.040999997 1.3509
v 0.1183 -0.0423 1.4066
v 0.100701556 -0.060748015 1.4304326
v 0.11838242 -0.049386084 1.3773901
v 0.113981165 -0.072502255 1.3516296
v 0.1238 -0.08299999 1.3764999
v 0.074 -0.08120002 1.3217
v 0.11519999 -0.0772 1.4091
v 0.1004 -0.105299994 1.3503
v 0.0582 -0.08389999 1.299
v 0.1098 -0.1113 1.377
v 0.0963 -0.105799995 1.4092
v 0.05276907 -0.09363526 1.3201076
v 0.08979999 -0.1278 1.3768
v 0.0596 -0.1308 1.3503
v 0.015599999 -0.0966 1.299
v 0.0139 -0.10019999 1.3189
v 0.0244 -0.13 1.3487998
v 0.015406196 -0.08689264 1.2558634
v -0 -0.09055554 1.2558274
v -0 -0.0971 1.299
v -0 -0.09038776 1.2019174
v -0 -0.1013 1.3175999
v 0.022741755 -0.08590649 1.1715981
v -0 -0.09106198 1.170457
v 0.0109 -0.1117 1.3487
v -0 -0.1117 1.3487
v 0.0097 -0.11169999 1.3748
v -0 -0.11169999 1.3748
v 0.025558148 -0.086073495 1.1406682
v -0 -0.09173621 1.1389964
v 0.064722486 -0.0752514 1.1440315
v 0.028509948 -0.079744525 1.0980785
v -0 -0.0837684 1.097088
v 0.0677418 -0.06883424 1.1005849
v 0.026957199 -0.074499615 1.0476872
v -0 -0.07687725 1.0455788
v 0.00891238 -0.10592006 1.3983027
v -0 -0.102 1.3976
v -0 -0.0897 1.4132
v 0.008264877 -0.09383243 1.4153122
v -0 -0.063999996 1.4467999
v 0.022599999 -0.117400005 1.4020998
v 0.0222 -0.10019999 1.4218
v 0.03967198 -0.06278692 1.4515665
v -0 -0.0293 1.4899
v 0.0252 -0.0216 1.4986999
v -0 -0.0032 1.522
v 0.0445 -0.1032 1.429
v 0.0376 -0.13619998 1.3744
v 0.045599997 -0.121199995 1.4070998
v 0.0627 -0.1349 1.3766999
v 0.0729 -0.1192 1.408
v 0.07741636 -0.088926144 1.4327215
v 0.06492051 -0.052316483 1.4515506
v 0.082682535 0.0044075376 1.4979168
v 0.090320505 -0.03681649 1.4512506
v 0.09859999 -0.023700003 1.4569
v 0.06377998 0.032505944 1.5228572
v 0.0421 0.028499998 1.5298
v 0.09936306 0.035958175 1.5171587
v 0.020799998 0.0063000005 1.5266
v 0.0342 0.025599996 1.5333
v -0 -0.0011967288 1.5428492
v 0.016826767 0.0032252115 1.5446881
v 0.02878212 0.021431109 1.5506436
v 0.026218748 0.017137874 1.5666925
v 0.014682528 -0.00045455148 1.5610168
v -0 -0.0028908893 1.5593902
v 0.09979999 0.0117 1.4966
v 0.108930945 0.0030935113 1.4553636
v 0.112278156 0.0143034505 1.4938248
v 0.11550447 0.037760198 1.5125633
v 0.12861973 0.01898707 1.4920555
v 0.13256636 0.040108178 1.5066861
v -0.11550447 0.037760198 1.5125633
v -0.13256636 0.040108178 1.5066861
v -0.1343629 0.060784504 1.5024902
v -0.11741204 0.059126694 1.5129462
v -0.0978868 0.057504516 1.5206403
v -0.09936306 0.035958175 1.5171587
v -0.06377998 0.032505944 1.5228572
v -0.11468361 0.08045544 1.4877539
v -0.13070886 0.07879734 1.4794269
v -0.092674285 0.08415246 1.4965624
v -0.10769549 0.08985493 1.4523546
v -0.12246456 0.0872896 1.4491818
v -0.11385772 0.06966137 1.4243603
v -0.06970807 0.08499421 1.5009184
v -0.09090233 0.0930799 1.4565264
v -0.10596926 0.06889179 1.4259111
v -0.10820638 0.018466737 1.4302673
v -0.11713768 0.023907678 1.428451
v -0.12176209 0.015911229 1.4518539
v -0.0652 0.0595 1.5282
v -0.09926895 0.06867259 1.4260691
v -0.049799997 0.059400003 1.5322999
v -0.037957035 0.08691428 1.5042032
v -0.034331888 0.05040352 1.5361674
v -0.0421 0.028499998 1.5298
v -0.02989807 0.04753983 1.5406132
v -0.0342 0.025599996 1.5333
v -0.02878212 0.021431109 1.5506436
v -0.07652746 0.09602218 1.4590586
v -0.07936754 0.08922857 1.4294643
v -0.041799996 0.0963 1.4623
v -0.0434 0.091299996 1.4305
v -0.030399999 0.0734 1.5333
v -0.023193922 0.06583811 1.540697
v -0.021528099 0.06386486 1.5460966
v -0.028910233 0.04317722 1.5577432
v -0.018978518 0.08721834 1.5049727
v -0.015199999 0.076850004 1.5335001
v -0.029050563 0.039975982 1.5745398
v -0.026218748 0.017137874 1.5666925
v -0.017192839 0.05293864 1.5790337
v -0.018250408 0.05766048 1.5627868
v -0 0.057741966 1.5805928
v -0 0.06393131 1.565019
v -0 0.0736 1.5495
v -0 0.07599999 1.5438
v -0 0.0803 1.5336999
v -0 0.08752239 1.5057422
v -0.020899998 0.09435 1.4626999
v -0 0.09239999 1.4631
v -0 0.0865 1.4303
v -0.0217 0.08889999 1.4304
v -0.02195 0.079349995 1.39745
v -0 0.0764 1.3972
v -0.0439 0.08229999 1.3976998
v -0.0223 0.06635 1.3539001
v -0 0.0668 1.3529
v -0 0.06 1.3245999
v -0.0446 0.0659 1.3549
v -0.0819 0.0779 1.3982
v -0.02165 0.0592 1.3245999
v -0.077675 0.060912497 1.3549875
v -0.019949999 0.04825 1.2989999
v -0 0.049200006 1.2989999
v -0.017916752 0.03652698 1.2557458
v -0 0.038002156 1.2556812
v -0.017687911 0.040546704 1.2147505
v -0 0.04128494 1.2146883
v -0.019784283 0.052638113 1.1949867
v -0.02471259 0.052275173 1.195031
v -0.032063033 0.06674588 1.1764259
v -0.035375822 0.039808467 1.2148129
v -0.042665828 0.050327204 1.1951147
v -0.05201075 0.061068833 1.1755683
v -0.035833504 0.035051808 1.2558105
v -0.039899997 0.047300003 1.299
v -0.059116 0.035403833 1.2145523
v -0.06527343 0.04555417 1.1949917
v -0.07464078 0.05589344 1.1760819
v -0.089575626 0.025527937 1.193552
v -0.09966946 0.03183432 1.17267
v -0.0433 0.0584 1.3245999
v -0.056896985 0.02985098 1.2559793
v -0.08022009 0.019252744 1.2146156
v -0.10449249 -0.0057405364 1.1908538
v -0.11707473 -0.003915216 1.1666706
v -0.10837897 -0.05053906 1.1541636
v -0.095403634 -0.05103079 1.1811676
v -0.09191024 -0.007565857 1.2150371
v -0.073270455 0.017492669 1.2563368
v -0.0673 0.0408 1.299
v -0.0748 0.051 1.3245999
v -0.08124291 0.022680294 1.2990844
v -0.08252369 -0.008208034 1.2570573
v -0.09029794 0.030441051 1.3245233
v -0.0957 0.043 1.3557
v -0.0969 -0.0089 1.3237998
v -0.0977 0.057399996 1.398
v -0.0824283 -0.051522512 1.2081715
v -0.08873536 -0.006948881 1.2996376
v -0.114199996 -0.018899998 1.3638
v -0.1094 0.011899999 1.426
v -0.1016 -0.007 1.4573
v -0.10699999 -0.0044999993 1.3984
v -0.07483458 -0.04922104 1.2569226
v -0.04695695 -0.07269385 1.2562298
v -0.049986534 -0.074377134 1.2040929
v -0.08349999 -0.048099995 1.299
v -0.0959 -0.0518 1.3231
v -0.05735451 -0.07481427 1.1740623
v -0.10849999 -0.0088 1.4276
v -0.1114 -0.0326 1.4305999
v -0.019925367 -0.08573951 1.202528
v -0.11599999 -0.040999997 1.3509
v -0.1183 -0.0423 1.4066
v -0.100701556 -0.060748015 1.4304326
v -0.11838242 -0.049386084 1.3773901
v -0.113981165 -0.072502255 1.3516296
v -0.1238 -0.08299999 1.3764999
v -0.074 -0.08120002 1.3217
v -0.11519999 -0.0772 1.4091
v -0.1004 -0.105299994 1.3503
v -0.0582 -0.08389999 1.299
v -0.1098 -0.1113 1.377
v -0.0963 -0.105799995 1.4092
v -0.05276907 -0.09363526 1.3201076
v -0.08979999 -0.1278 1.3768
v -0.0596 -0.1308 1.3503
v -0.015599999 -0.0966 1.299
v -0.0139 -0.10019999 1.3189
v -0.0244 -0.13 1.3487998
v -0.015406196 -0.08689264 1.2558634
v -0 -0.09055554 1.2558274
v -0 -0.0971 1.299
v -0 -0.09038776 1.2019174
v -0 -0.1013 1.3175999
v -0.022741755 -0.08590649 1.1715981
v -0 -0.09106198 1.170457
v -0.0109 -0.1117 1.3487
v -0 -0.1117 1.3487
v -0.0097 -0.11169999 1.3748
v -0 -0.11169999 1.3748
v -0.025558148 -0.086073495 1.1406682
v -0 -0.09173621 1.1389964
v -0.064722486 -0.0752514 1.1440315
v -0.028509948 -0.079744525 1.0980785
v -0 -0.0837684 1.097088
v -0.0677418 -0.06883424 1.1005849
v -0.026957199 -0.074499615 1.0476872
v -0 -0.07687725 1.0455788
v -0.0376 -0.13619998 1.3744
v -0.01966785 -0.05303591 1.016034
v -0 -0.055684764 1.014575
v -0 -0.020200316 1.0016963
v -0.0627 -0.1349 1.3766999
v -0.0729 -0.1192 1.408
v -0.045599997 -0.121199995 1.4070998
v -0.022599999 -0.117400005 1.4020998
v -0.07741636 -0.088926144 1.4327215
v -0.0445 -0.1032 1.429
v -0.0112065505 -0.019922268 1.0022142
v -0 0.032328483 0.9981039
v -0.01094595 0.03242823 0.9982042
v -0.018611874 0.032903817 0.99658793
v -0.024953675 -0.021965582 1.0030315
v -0.041460622 -0.047731426 1.0184239
v -0.0261107 -0.022538418 0.9947233
v -0.060644772 -0.058329888 1.011958
v -0.0180506 0.03381483 0.98870236
v -0.070360735 -0.06144173 1.0560242
v -0.0265349 -0.023173425 0.9744609
v -0.018130224 0.035255473 0.968956
v -0.10988315 -0.055692237 1.1034458
v -0.02856057 -0.022519255 0.93925023
v -0.021142125 0.036480136 0.9363967
v -0.06087019 -0.056596708 0.94502693
v -0.060042024 -0.057775073 0.98435926
v -0.10618831 -0.0637411 0.9527189
v -0.10698027 -0.06538112 0.99706787
v -0.1495958 -0.028693272 0.95824385
v -0.10552593 -0.061070297 1.06029
v -0.10625311 -0.06322571 1.0286789
v -0.15019064 -0.03043153 1.005464
v -0.14505602 -0.029155351 1.0387974
v -0.1506065 0.034273792 1.0320519
v -0.15618475 0.032551978 0.99410766
v -0.15609097 0.033629555 0.95220745
v -0.13992141 -0.027879173 1.0721309
v -0.13019633 0.0702123 0.9789596
v -0.13098182 0.06969362 0.9433391
v -0.13119057 -0.028204415 1.1099435
v -0.1402755 0.025243333 1.0885044
v -0.1304619 0.015074715 1.120251
v -0.11066747 -0.0035812524 1.1656449
v -0.09351686 0.030182296 1.1711445
v -0.11431482 0.04922102 1.1289942
v -0.07380807 0.047311824 1.1732534
v -0.12254984 0.065240644 1.1003159
v -0.0875422 0.07247762 1.135016
v -0.047221854 0.058913946 1.1739124
v -0.09283149 0.08623358 0.9699411
v -0.09377975 0.08610283 0.9378355
v -0.05611837 0.08156525 0.9703831
v -0.056404475 0.084241904 0.9892968
v -0.057020716 0.08069594 0.9375132
v -0.021142125 0.036480136 0.9363967
v -0.018130224 0.035255473 0.968956
v -0.0180506 0.03381483 0.98870236
v -0.091894194 0.087617576 0.98640895
v -0.025577487 0.07869773 1.0066776
v -0.018611874 0.032903817 0.99658793
v -0.12819314 0.07156048 0.9994868
v -0.12571184 0.08049284 1.0164276
v -0.0905651 0.097067185 1.0018811
v -0.1438506 0.048761394 1.0471405
v -0.110060945 0.096192576 1.0493466
v -0.12494177 0.07889625 1.0702078
v -0.058840103 0.09633811 1.0027303
v -0.08336055 0.10817317 1.034556
v -0.09324227 0.09802822 1.0809511
v -0.047394447 0.10772154 1.0294058
v -0.0942686 0.08789182 1.1049862
v -0.048742525 0.095678024 1.1026736
v -0.070588194 0.11081809 1.0504153
v -0.0456654 0.08000934 1.136147
v -0.0294601 0.10847184 1.0545992
v -0.01623405 0.10315539 1.0335449
v -0.013062949 0.07729769 1.0093005
v -0.01094595 0.03242823 0.9982042
v -0 0.07635328 1.0100285
v -0 0.032328483 0.9981039
v -0 0.101462744 1.034623
v -0 0.1043271 1.0564792
v -0 0.095040604 1.1034274
v -0 0.08042493 1.1356359
v -0 0.063363336 1.1734507
v -0.030000351 0.06062054 1.173813
v -0.028402066 0.048242882 1.1949867
v -0 0.049699858 1.1948084
v -0.045623567 0.045258 1.1950862
v -0.026538998 0.029643288 1.2140458
v -0 0.036889706 1.2146883
v -0.043760505 0.026658406 1.2141453
v -0.12861973 0.01898707 1.4920555
v -0.13256636 0.040108178 1.5066861
v -0.11550447 0.037760198 1.5125633
v -0.112278156 0.0143034505 1.4938248
v -0.09936306 0.035958175 1.5171587
v -0.108930945 0.0030935113 1.4553636
v -0.09979999 0.0117 1.4966
v -0.082682535 0.0044075376 1.4979168
v -0.06377998 0.032505944 1.5228572
v -0.0252 -0.0216 1.4986999
v -0.0421 0.028499998 1.5298
v -0.09859999 -0.023700003 1.4569
v -0.090320505 -0.03681649 1.4512506
v -0.06492051 -0.052316483 1.4515506
v -0.03967198 -0.06278692 1.4515665
v -0.020799998 0.0063000005 1.5266
v -0.0342 0.025599996 1.5333
v -0.0222 -0.10019999 1.4218
v -0.016826767 0.0032252115 1.5446881
v -0.02878212 0.021431109 1.5506436
v -0.026218748 0.017137874 1.5666925
v -0.014682528 -0.00045455148 1.5610168
v -0 -0.0011967288 1.5428492
v -0 -0.0028908893 1.5593902
v -0 -0.0032 1.522
v -0 -0.0293 1.4899
v -0 -0.063999996 1.4467999
v -0.008264877 -0.09383243 1.4153122
v -0 -0.0897 1.4132
v -0.00891238 -0.10592006 1.3983027
v -0 -0.102 1.3976
v -0 -0.006222857 1.5701278
v -0 -0.008028303 1.5708141
v 0.015871502 -0.0050539463 1.5746493
v 0.014195626 -0.0037072292 1.5725812
v -0 -0.0028908893 1.5593902
v 0.014682528 -0.00045455148 1.5610168
v 0.026049923 0.012098896 1.5838232
v 0.026218748 0.017137874 1.5666925
v 0.031393025 0.006243144 1.5919399
v 0.029050563 0.039975982 1.5745398
v 0.0306448 0.03715275 1.5965369
v 0.040817797 0.033480857 1.6161902
v 0.049062956 0.018556047 1.618404
v 0.0484518 0.03732526 1.6272169
v 0.07187512 0.032543723 1.6549383
v 0.02221595 0.04818736 1.6185812
v 0.0183871 0.0485813 1.5993801
v -0 0.051353857 1.6170248
v 0.017192839 0.05293864 1.5790337
v -0 0.05366145 1.6005658
v -0 0.057741966 1.5805928
v 0.071900785 0.012760124 1.6536229
v 0.078383595 -0.008988882 1.6919699
v 0.07327035 0.013863057 1.6584854
v 0.07258577 -0.01119025 1.6563079
v 0.06483732 -0.0118285455 1.6289461
v 0.05702742 0.006680321 1.62141
v 0.053646307 0.0070637125 1.6149145
v 0.07386239 -0.035406653 1.678009
v 0.07159094 -0.03370072 1.6588917
v 0.073361814 -0.03455076 1.7049212
v 0.058196895 -0.06026902 1.6873165
v 0.07371051 -0.019910155 1.7180982
v 0.055009887 -0.0465184 1.7410874
v 0.05721112 -0.057554215 1.7144246
v 0.021985516 -0.0746927 1.7196238
v 0.023136381 -0.058615025 1.7496474
v -0 -0.07770281 1.7206571
v -0 -0.061897125 1.7509047
v -0 -0.08291391 1.6886847
v 0.022508085 -0.07893739 1.6887906
v -0 -0.08085893 1.6704435
v 0.06744161 -0.047057774 1.6715775
v 0.041458692 -0.068837434 1.6755996
v 0.02363675 -0.07432736 1.6705039
v 0.009647831 -0.07011314 1.6448996
v -0 -0.07367894 1.6378564
v 0.05858097 -0.0577277 1.6742636
v 0.024791602 -0.06866139 1.6617624
v 0.042651195 -0.06400936 1.6667622
v 0.05862988 -0.053064544 1.6638898
v 0.03834351 -0.057475302 1.6316165
v 0.06598525 -0.04601395 1.6604904
v 0.057777833 -0.046809882 1.6353171
v 0.021386933 -0.06263733 1.6366223
v 0.06385782 -0.040014736 1.6405162
v 0.03727466 -0.05948367 1.6286615
v 0.019307122 -0.06512798 1.6319636
v 0.06350141 -0.034006648 1.6293058
v 0.059941597 -0.045535345 1.629679
v 0.055367537 -0.014811307 1.6059725
v 0.056067176 -0.035472322 1.6062613
v 0.05339049 -0.047868837 1.6077195
v 0.008055872 -0.07012853 1.6364578
v 0.033548407 -0.063958935 1.6121917
v 0.026905265 -0.06516546 1.5965813
v 0.016798642 -0.07256872 1.6162992
v 0.0053449916 -0.08539949 1.6155446
v -0 -0.092694044 1.6153827
v -0 -0.092167445 1.6121019
v -0 -0.08209274 1.6048942
v 0.008235993 -0.078824386 1.6080526
v -0 -0.07752351 1.6014428
v 0.011546422 -0.07453214 1.6019565
v 0.0074120066 -0.072659284 1.5914547
v -0 -0.074935056 1.5916151
v 0.014558997 -0.065998845 1.5888684
v 0.0062367776 -0.0685008 1.5876348
v -0 -0.06991446 1.5871452
v -0 -0.06255315 1.5741259
v 0.019669838 -0.060369954 1.5816907
v 0.0070941304 -0.061191928 1.5753999
v 0.02536905 -0.052452054 1.5758489
v 0.008651352 -0.056812603 1.5657132
v -0 -0.059192065 1.5633346
v -0 -0.054845445 1.5591944
v 0.0087863775 -0.051084943 1.5618811
v -0 -0.008028303 1.5708141
v 0.041810364 -0.049050253 1.5901016
v 0.021984972 -0.019402472 1.5734086
v 0.015871502 -0.0050539463 1.5746493
v 0.026849333 -0.044395518 1.5727688
v 0.044237938 -0.038197905 1.587572
v 0.041955188 -0.020249931 1.5874566
v 0.03667059 -0.0026949677 1.5902367
v 0.031393025 0.006243144 1.5919399
v 0.049062956 0.018556047 1.618404
v 0.074574105 0.024991753 1.6224732
v 0.053646307 0.0070637125 1.6149145
v 0.06341062 0.014371813 1.614508
v 0.049062956 0.018556047 1.618404
v 0.08112503 0.032433398 1.6304737
v 0.07187512 0.032543723 1.6549383
v 0.08877933 0.035360947 1.6503637
v 0.08687217 0.026538229 1.664122
v 0.07858406 0.017049326 1.664665
v 0.07327035 0.013863057 1.6584854
v 0.05702742 0.006680321 1.62141
v 0.06341062 0.014371813 1.614508
v 0.053646307 0.0070637125 1.6149145
v 0.06611112 0.010990105 1.6195953
v 0.08172703 0.024687141 1.6313411
v 0.074574105 0.024991753 1.6224732
v 0.08112503 0.032433398 1.6304737
v 0.071900785 0.012760124 1.6536229
v 0.088368416 0.029102726 1.6481293
v 0.08877933 0.035360947 1.6503637
v 0.08687217 0.026538229 1.664122
v 0.08795378 0.023137659 1.6608291
v 0.07858406 0.017049326 1.664665
v 0.07862232 0.015404494 1.6607391
v 0.07327035 0.013863057 1.6584854
v -0 -0.006222857 1.5701278
v -0.015871502 -0.0050539463 1.5746493
v -0 -0.008028303 1.5708141
v -0.014195626 -0.0037072292 1.5725812
v -0 -0.0028908893 1.5593902
v -0.014682528 -0.00045455148 1.5610168
v -0.026049923 0.012098896 1.5838232
v -0.026218748 0.017137874 1.5666925
v -0.031393025 0.006243144 1.5919399
v -0.029050563 0.039975982 1.5745398
v -0.0306448 0.03715275 1.5965369
v -0.040817797 0.033480857 1.6161902
v -0.049062956 0.018556047 1.618404
v -0.0484518 0.03732526 1.6272169
v -0.07187512 0.032543723 1.6549383
v -0.02221595 0.04818736 1.6185812
v -0.0183871 0.0485813 1.5993801
v -0 0.051353857 1.6170248
v -0.017192839 0.05293864 1.5790337
v -0 0.05366145 1.6005658
v -0 0.057741966 1.5805928
v -0.071900785 0.012760124 1.6536229
v -0.07327035 0.013863057 1.6584854
v -0.078383595 -0.008988882 1.6919699
v -0.07258577 -0.01119025 1.6563079
v -0.06483732 -0.0118285455 1.6289461
v -0.05702742 0.006680321 1.62141
v -0.053646307 0.0070637125 1.6149145
v -0.07386239 -0.035406653 1.678009
v -0.07159094 -0.03370072 1.6588917
v -0.073361814 -0.03455076 1.7049212
v -0.058196895 -0.06026902 1.6873165
v -0.07371051 -0.019910155 1.7180982
v -0.055009887 -0.0465184 1.7410874
v -0.05721112 -0.057554215 1.7144246
v -0.021985516 -0.0746927 1.7196238
v -0.023136381 -0.058615025 1.7496474
v -0 -0.07770281 1.7206571
v -0 -0.061897125 1.7509047
v -0 -0.08291391 1.6886847
v -0.022508085 -0.07893739 1.6887906
v -0 -0.08085893 1.6704435
v -0.06744161 -0.047057774 1.6715775
v -0.041458692 -0.068837434 1.6755996
v -0.02363675 -0.07432736 1.6705039
v -0.009647831 -0.07011314 1.6448996
v -0 -0.07367894 1.6378564
v -0.05858097 -0.0577277 1.6742636
v -0.024791602 -0.06866139 1.6617624
v -0.042651195 -0.06400936 1.6667622
v -0.05862988 -0.053064544 1.6638898
v -0.03834351 -0.057475302 1.6316165
v -0.06598525 -0.04601395 1.6604904
v -0.057777833 -0.046809882 1.6353171
v -0.021386933 -0.06263733 1.6366223
v -0.06385782 -0.040014736 1.6405162
v -0.03727466 -0.05948367 1.6286615
v -0.019307122 -0.06512798 1.6319636
v -0.059941597 -0.045535345 1.629679
v -0.033548407 -0.063958935 1.6121917
v -0.06350141 -0.034006648 1.6293058
v -0.008055872 -0.07012853 1.6364578
v -0.016798642 -0.07256872 1.6162992
v -0.026905265 -0.06516546 1.5965813
v -0.0053449916 -0.08539949 1.6155446
v -0 -0.092694044 1.6153827
v -0 -0.092167445 1.6121019
v -0 -0.08209274 1.6048942
v -0.008235993 -0.078824386 1.6080526
v -0 -0.07752351 1.6014428
v -0.011546422 -0.07453214 1.6019565
v -0.0074120066 -0.072659284 1.5914547
v -0 -0.074935056 1.5916151
v -0.014558997 -0.065998845 1.5888684
v -0.0062367776 -0.0685008 1.5876348
v -0 -0.06991446 1.5871452
v -0 -0.06255315 1.5741259
v -0.019669838 -0.060369954 1.5816907
v -0.0070941304 -0.061191928 1.5753999
v -0.008651352 -0.056812603 1.5657132
v -0 -0.059192065 1.5633346
v -0 -0.054845445 1.5591944
v -0.02536905 -0.052452054 1.5758489
v -0.0087863775 -0.051084943 1.5618811
v -0 -0.008028303 1.5708141
v -0.021984972 -0.019402472 1.5734086
v -0.015871502 -0.0050539463 1.5746493
v -0.026849333 -0.044395518 1.5727688
v -0.041810364 -0.049050253 1.5901016
v -0.03667059 -0.0026949677 1.5902367
v -0.031393025 0.006243144 1.5919399
v -0.05339049 -0.047868837 1.6077195
v -0.033548407 -0.063958935 1.6121917
v -0.03727466 -0.05948367 1.6286615
v -0.044237938 -0.038197905 1.587572
v -0.041955188 -0.020249931 1.5874566
v -0.056067176 -0.035472322 1.6062613
v -0.055367537 -0.014811307 1.6059725
v -0.049062956 0.018556047 1.618404
v -0.074574105 0.024991753 1.6224732
v -0.06341062 0.014371813 1.614508
v -0.053646307 0.0070637125 1.6149145
v -0.049062956 0.018556047 1.618404
v -0.08112503 0.032433398 1.6304737
v -0.07187512 0.032543723 1.6549383
v -0.08877933 0.035360947 1.6503637
v -0.08687217 0.026538229 1.664122
v -0.07858406 0.017049326 1.664665
v -0.07327035 0.013863057 1.6584854
v -0.05702742 0.006680321 1.62141
v -0.053646307 0.0070637125 1.6149145
v -0.06341062 0.014371813 1.614508
v -0.06611112 0.010990105 1.6195953
v -0.08172703 0.024687141 1.6313411
v -0.074574105 0.024991753 1.6224732
v -0.08112503 0.032433398 1.6304737
v -0.071900785 0.012760124 1.6536229
v -0.088368416 0.029102726 1.6481293
v -0.08877933 0.035360947 1.6503637
v -0.08687217 0.026538229 1.664122
v -0.08795378 0.023137659 1.6608291
v -0.07858406 0.017049326 1.664665
v -0.07862232 0.015404494 1.6607391
v -0.07327035 0.013863057 1.6584854
v 0.11713768 0.023907678 1.428451
v 0.11839479 0.069849014 1.4202421
v 0.11385772 0.06966137 1.4243603
v 0.12113845 0.024853153 1.4242747
v 0.12176209 0.015911229 1.4518539
v 0.12297703 0.07018397 1.415445
v 0.12790209 0.017648565 1.4480886
v 0.12546065 0.036229637 1.418054
v 0.13830021 0.021607079 1.4854474
v 0.12861973 0.01898707 1.4920555
v 0.13256636 0.040108178 1.5066861
v 0.14288023 0.04276824 1.494315
v 0.1343629 0.060784504 1.5024902
v 0.14952138 0.02685285 1.4663528
v 0.1376935 0.036795344 1.4043876
v 0.15405512 0.022235403 1.4240932
v 0.13534735 0.070682384 1.4019554
v 0.13790274 0.019410705 1.4431474
v 0.1584865 0.03480328 1.3790784
v 0.15649883 0.07104565 1.3776311
v 0.19346614 0.07151506 1.3360896
v 0.19402388 0.034206286 1.3362967
v 0.22272262 0.07188041 1.3039403
v 0.17731619 0.020371387 1.3976198
v 0.17513098 0.049558934 1.4419458
v 0.19639046 0.04776087 1.4165293
v 0.2138066 0.02115195 1.355694
v 0.15534271 0.045964938 1.4768116
v 0.15582909 0.064466625 1.4753603
v 0.14427459 0.06244123 1.4920158
v 0.13070886 0.07879734 1.4794269
v 0.13916329 0.07897086 1.4709768
v 0.12246456 0.0872896 1.4491818
v 0.12899257 0.08712578 1.4428421
v 0.11385772 0.06966137 1.4243603
v 0.11839479 0.069849014 1.4202421
v 0.1487519 0.08010995 1.4582592
v 0.13519609 0.08717599 1.4345939
v 0.12297703 0.07018397 1.415445
v 0.16304325 0.07733098 1.4373161
v 0.14924273 0.08777283 1.4160248
v 0.13534735 0.070682384 1.4019554
v 0.18732493 0.076950155 1.4075582
v 0.17009279 0.08874659 1.3907954
v 0.15649883 0.07104565 1.3776311
v 0.2316499 0.047497287 1.373439
v 0.22354311 0.077874765 1.3653066
v 0.20676029 0.08832477 1.3490331
v 0.19346614 0.07151506 1.3360896
v 0.22272262 0.07188041 1.3039403
v 0.23677601 0.086589776 1.3167976
v 0.24369505 0.07137556 1.2821988
v 0.25361493 0.08024769 1.3318183
v 0.25807258 0.08501376 1.2951019
v 0.25560054 0.0735182 1.268065
v 0.24267589 0.025510697 1.3220538
v 0.2601294 0.050465684 1.3376635
v 0.27465388 0.078087226 1.310436
v 0.27065918 0.08717636 1.2816195
v 0.22193605 0.03610367 1.3030258
v 0.2625362 0.028722614 1.3000299
v 0.24184905 0.038478713 1.2809346
v 0.24369505 0.07137556 1.2821988
v 0.28129455 0.048017472 1.3167307
v 0.2740202 0.029153861 1.2870818
v 0.2529328 0.039141707 1.2668049
v 0.25560054 0.0735182 1.268065
v 0.2877737 0.07821296 1.2979715
v 0.26378235 0.038922552 1.2519698
v 0.2672633 0.07529515 1.2533188
v 0.2957475 0.06989967 1.222294
v 0.2940195 0.047064867 1.3048047
v 0.30083358 0.07832901 1.2850453
v 0.28539413 0.02796341 1.2736659
v 0.30668986 0.045209665 1.2929052
v 0.2829815 0.08914935 1.2675277
v 0.2672633 0.07529515 1.2533188
v 0.32893252 0.07369787 1.2539979
v 0.3113138 0.082779795 1.2363949
v 0.2957475 0.06989967 1.222294
v 0.33430693 0.03838533 1.2620178
v 0.312099 0.020706998 1.2423787
v 0.34500453 0.074836895 1.2002296
v 0.3319468 0.063735045 1.1889086
v 0.35984161 0.066994466 1.2146459
v 0.39075065 0.06029106 1.1752937
v 0.37869528 0.066894 1.1640644
v 0.36814606 0.057570424 1.1555232
v 0.39481747 0.05301168 1.1305004
v 0.36411184 0.033722363 1.2216897
v 0.4038426 0.06114466 1.1378503
v 0.43000963 0.04712132 1.091597
v 0.4390248 0.054770112 1.0993475
v 0.4133104 0.055435967 1.1468183
v 0.4469439 0.04952338 1.1074466
v 0.41585997 0.026966546 1.1519876
v 0.44702038 0.022960989 1.1098796
v 0.39391676 0.02905939 1.1813616
v 0.40132937 0.012241369 1.1402661
v 0.43477228 0.008940619 1.098985
v 0.42746747 0.023060767 1.0899768
v 0.34474856 0.016988987 1.2052271
v 0.3773981 0.013270974 1.1680758
v 0.3905779 0.027245957 1.1291682
v 0.43000963 0.04712132 1.091597
v 0.39481747 0.05301168 1.1305004
v 0.36814606 0.057570424 1.1555232
v 0.36403823 0.028718425 1.154558
v 0.3319468 0.063735045 1.1889086
v 0.32752874 0.031584173 1.1875681
v 0.2910193 0.034449916 1.2205783
v 0.43472308 0.005790828 1.0762317
v 0.42746747 0.023060767 1.0899768
v 0.43477228 0.008940619 1.098985
v 0.44397548 0.0023930669 1.0842093
v 0.45723894 0.021666829 1.0955796
v 0.45139793 -0.009850087 1.0686237
v 0.44702038 0.022960989 1.1098796
v 0.4469439 0.04952338 1.1074466
v 0.4424282 -0.00970007 1.059733
v 0.43761227 -0.0015452632 1.0533291
v 0.44947883 -0.019498596 1.0436643
v 0.4435954 -0.012057942 1.0373635
v 0.45234588 -0.018926237 1.0227559
v 0.4573397 -0.025051065 1.0294942
v 0.46089894 -0.019078841 1.0477439
v 0.4614438 -0.028673591 1.0203906
v 0.45945865 -0.023360536 1.0109072
v 0.4667973 -0.023861822 1.0320414
v 0.46449316 -0.03143233 1.0136474
v 0.46356714 -0.027785566 1.0000218
v 0.4704608 -0.027243812 1.0229511
v 0.47357282 -0.016495002 1.028906
v 0.4729102 -0.029606914 1.0162256
v 0.47616795 -0.031750977 1.0066128
v 0.47661853 -0.020998452 1.0169106
v 0.48103508 -0.024487687 1.0060387
v 0.48280805 -0.027394034 0.99662167
v 0.48471418 -0.033789124 0.98601097
v 0.47753268 -0.010427341 1.0396821
v 0.477144 -0.035913244 0.98331845
v 0.4686232 -0.030271206 0.9918628
v 0.46834674 -0.0332122 1.0040187
v 0.47760603 -0.004055733 1.06117
v 0.49537224 0.001331644 1.0480087
v 0.4883145 -0.001400174 1.0347884
v 0.46926293 0.020178292 1.0832042
v 0.5097985 0.0025402864 1.0345592
v 0.5007987 -0.0015021809 1.0275735
v 0.50833684 -0.0004254777 1.020147
v 0.5010955 0.018636176 1.0498681
v 0.500081 0.04666436 1.0511076
v 0.5118477 0.018909974 1.0347395
v 0.47032487 0.04947835 1.0828803
v 0.5151243 0.0019780623 1.0267798
v 0.4576102 0.050213017 1.0934323
v 0.4654265 0.059619654 1.0788243
v 0.44971564 0.057021417 1.0863402
v 0.4390248 0.054770112 1.0993475
v 0.45780885 0.06263719 1.0701456
v 0.4903608 0.06558099 1.0490745
v 0.47877592 0.0664422 1.0422403
v 0.49568728 0.06880632 1.0325458
v 0.50204015 0.06694022 1.035343
v 0.51082575 0.04736029 1.0364746
v 0.50512666 0.068186045 1.0307465
v 0.49831244 0.069817506 1.028087
v 0.5128924 0.070991114 1.0155149
v 0.5080515 0.0734039 1.0094203
v 0.5141359 0.04753054 1.0302478
v 0.5160866 0.07192946 1.0085479
v 0.5165271 0.074852444 0.9944805
v 0.51748407 0.023356792 1.0286038
v 0.5268935 0.0507648 1.008279
v 0.5207261 0.07306656 0.9995052
v 0.52437806 0.07396724 0.99295026
v 0.52368516 0.07599 0.9849424
v 0.5381267 0.07606548 0.9744487
v 0.56097585 0.058239516 0.9621277
v 0.5443185 0.054872744 0.9822589
v 0.5747852 0.034726206 0.9607019
v 0.5391549 0.053418286 0.98961216
v 0.55777943 0.028291294 0.97923064
v 0.5621273 0.028524503 0.9661294
v 0.54982024 0.024244327 0.9785623
v 0.5321504 0.051848046 0.999856
v 0.5523958 0.027187053 0.9855157
v 0.54371625 0.026334042 0.99574786
v 0.53487015 0.021821126 0.99550587
v 0.5362701 0.025333673 1.005007
v 0.51160187 0.018070946 1.0234854
v 0.5172396 0.0144324405 1.0273739
v 0.5326652 0.010176178 1.0077827
v 0.5330534 0.012299249 0.99981827
v 0.5315073 0.000697182 1.0084022
v 0.52971935 -0.0020627475 0.99955857
v 0.53910154 0.008254509 1.0001254
v 0.54703325 0.0090033 0.98363155
v 0.53863686 -0.00012885459 1.0011368
v 0.54574406 -0.0034337908 0.98426616
v 0.54897124 0.0061493474 0.9910398
v 0.5556376 0.005081192 0.98488355
v 0.55743337 0.006867409 0.97379225
v 0.5483167 -0.0010536376 0.9915306
v 0.5549481 -0.0019952068 0.9850776
v 0.5619473 -0.0032197123 0.9783841
v 0.55713177 -0.0045875753 0.9744964
v 0.5644539 -0.0043783784 0.9704361
v 0.56267303 0.0040614456 0.97828746
v 0.56443006 0.0052007 0.969831
v 0.5710636 0.0013881807 0.97063464
v 0.56559557 0.003387877 0.96896726
v 0.56498116 -0.0030079468 0.9690983
v 0.5706296 -0.0025238737 0.97070855
v 0.56097585 0.058239516 0.9621277
v 0.5381267 0.07606548 0.9744487
v 0.52286637 0.07401366 0.97920376
v 0.5464714 0.056054853 0.9661471
v 0.56148946 0.032059535 0.96212363
v 0.5747852 0.034726206 0.9607019
v 0.5621273 0.028524503 0.9661294
v 0.54982024 0.024244327 0.9785623
v 0.544938 0.026868932 0.9759027
v 0.5290659 0.024264114 0.99268234
v 0.53487015 0.021821126 0.99550587
v 0.5045549 0.0185121 1.0152266
v 0.51160187 0.018070946 1.0234854
v 0.5006236 0.045682114 1.0194141
v 0.5190348 0.049401496 0.9964353
v 0.49232748 0.06588344 1.0238855
v 0.5318855 0.052311305 0.97976226
v 0.51160085 0.071306564 0.991966
v 0.5032948 0.06939924 1.0054114
v 0.49831244 0.069817506 1.028087
v 0.5080515 0.0734039 1.0094203
v 0.5165271 0.074852444 0.9944805
v 0.52368516 0.07599 0.9849424
v 0.49232748 0.06588344 1.0238855
v 0.49831244 0.069817506 1.028087
v 0.49568728 0.06880632 1.0325458
v 0.48828474 0.06528074 1.0287403
v 0.5006236 0.045682114 1.0194141
v 0.47877592 0.0664422 1.0422403
v 0.49472788 0.03223996 1.0241852
v 0.5045549 0.0185121 1.0152266
v 0.4813328 0.033794757 1.0356109
v 0.49489984 0.002301009 1.0228252
v 0.45185572 0.046753716 1.0625433
v 0.45780885 0.06263719 1.0701456
v 0.4409374 0.046653774 1.0788407
v 0.44971564 0.057021417 1.0863402
v 0.4390248 0.054770112 1.0993475
v 0.43000963 0.04712132 1.091597
v 0.43523452 0.019310525 1.0749495
v 0.42746747 0.023060767 1.0899768
v 0.43472308 0.005790828 1.0762317
v 0.4403034 0.0138020925 1.0532435
v 0.43761227 -0.0015452632 1.0533291
v 0.45088366 -0.002344002 1.0248005
v 0.4435954 -0.012057942 1.0373635
v 0.45234588 -0.018926237 1.0227559
v 0.47023574 0.00890671 1.0299995
v 0.48297605 0.0036757153 1.0290043
v 0.4545402 -0.0074761636 1.0196502
v 0.46188372 -0.016451487 1.0089831
v 0.45945865 -0.023360536 1.0109072
v 0.4695428 -0.004812654 1.0229322
v 0.47008792 0.0008857403 1.0259436
v 0.47498104 -0.00386333 1.0296285
v 0.46684238 -0.021567997 0.9987292
v 0.46356714 -0.027785566 1.0000218
v 0.47209865 -0.028819313 0.9901356
v 0.4686232 -0.030271206 0.9918628
v 0.477144 -0.035913244 0.98331845
v 0.48471418 -0.033789124 0.98601097
v 0.4769037 -0.01904629 1.0026081
v 0.4805933 -0.02642923 0.9931499
v 0.48280805 -0.027394034 0.99662167
v 0.48103508 -0.024487687 1.0060387
v 0.47661853 -0.020998452 1.0169106
v 0.47297832 -0.014297325 1.0126286
v 0.47357282 -0.016495002 1.028906
v 0.47753268 -0.010427341 1.0396821
v 0.4883145 -0.001400174 1.0347884
v 0.5007987 -0.0015021809 1.0275735
v 0.50185287 0.0030997351 1.0147511
v 0.50833684 -0.0004254777 1.020147
v 0.52531755 0.010585211 0.99449974
v 0.51160187 0.018070946 1.0234854
v 0.5330534 0.012299249 0.99981827
v 0.54703325 0.0090033 0.98363155
v 0.5243946 0.00032420337 0.99504215
v 0.5424231 -0.0012020495 0.9790144
v 0.52971935 -0.0020627475 0.99955857
v 0.54574406 -0.0034337908 0.98426616
v 0.55713177 -0.0045875753 0.9744964
v 0.5427505 0.007087951 0.9785997
v 0.55743337 0.006867409 0.97379225
v 0.5561372 0.004408024 0.9692795
v 0.56443006 0.0052007 0.969831
v 0.56559557 0.003387877 0.96896726
v 0.56498116 -0.0030079468 0.9690983
v 0.55535895 -0.002685284 0.96990794
v 0.5644539 -0.0043783784 0.9704361
v -0.11713768 0.023907678 1.428451
v -0.11385772 0.06966137 1.4243603
v -0.11839479 0.069849014 1.4202421
v -0.12113845 0.024853153 1.4242747
v -0.12176209 0.015911229 1.4518539
v -0.12297703 0.07018397 1.415445
v -0.12790209 0.017648565 1.4480886
v -0.12545727 0.03626044 1.4180517
v -0.13830021 0.021607079 1.4854474
v -0.12861973 0.01898707 1.4920555
v -0.13256636 0.040108178 1.5066861
v -0.14288023 0.04276824 1.494315
v -0.1343629 0.060784504 1.5024902
v -0.14952138 0.02685285 1.4663528
v -0.13762444 0.037425034 1.404341
v -0.15397379 0.022976885 1.4240384
v -0.13533756 0.0707716 1.4019488
v -0.13790274 0.019410705 1.4431474
v -0.15821671 0.037263297 1.3788961
v -0.1563917 0.072022535 1.3775587
v -0.19334371 0.07263149 1.3360069
v -0.19373323 0.036856394 1.3361003
v -0.22272113 0.071893916 1.3039392
v -0.17696492 0.023574183 1.3973826
v -0.17509843 0.04985569 1.4419237
v -0.1961785 0.04969374 1.4163861
v -0.2133983 0.02487489 1.3554182
v -0.15534271 0.045964938 1.4768116
v -0.15582909 0.064466625 1.4753603
v -0.14427459 0.06244123 1.4920158
v -0.13070886 0.07879734 1.4794269
v -0.13916329 0.07897086 1.4709768
v -0.12246456 0.0872896 1.4491818
v -0.12899257 0.08712578 1.4428421
v -0.11385772 0.06966137 1.4243603
v -0.11839479 0.069849014 1.4202421
v -0.1487519 0.08010995 1.4582592
v -0.13519609 0.08717599 1.4345939
v -0.12297703 0.07018397 1.415445
v -0.16304313 0.07733202 1.437316
v -0.14924271 0.08777288 1.4160248
v -0.13533756 0.0707716 1.4019488
v -0.18722197 0.07788881 1.4074887
v -0.17004123 0.089216694 1.3907607
v -0.1563917 0.072022535 1.3775587
v -0.2313736 0.050016787 1.3732524
v -0.22341518 0.07904112 1.3652203
v -0.20669124 0.08895437 1.3489865
v -0.19334371 0.07263149 1.3360069
v -0.22272113 0.071893916 1.3039392
v -0.23677601 0.086589776 1.3167976
v -0.24369505 0.07137556 1.2821988
v -0.2536144 0.08025262 1.3318181
v -0.25807258 0.08501376 1.2951019
v -0.25560054 0.0735182 1.268065
v -0.2426004 0.026199121 1.3220029
v -0.26009586 0.050771173 1.337641
v -0.27465388 0.078087226 1.310436
v -0.27065918 0.08717636 1.2816195
v -0.22189969 0.036435064 1.3030012
v -0.2625362 0.028722614 1.3000299
v -0.24184905 0.038478713 1.2809346
v -0.24369505 0.07137556 1.2821988
v -0.28129455 0.048017472 1.3167307
v -0.2529328 0.039141707 1.2668049
v -0.25560054 0.0735182 1.268065
v -0.2740202 0.029153861 1.2870818
v -0.2877737 0.07821296 1.2979715
v -0.26378235 0.038922552 1.2519698
v -0.2672633 0.07529515 1.2533188
v -0.2957475 0.06989967 1.222294
v -0.2940195 0.047064867 1.3048047
v -0.30083358 0.07832901 1.2850453
v -0.28539413 0.02796341 1.2736659
v -0.30668986 0.045209665 1.2929052
v -0.2829815 0.08914935 1.2675277
v -0.2672633 0.07529515 1.2533188
v -0.32893252 0.07369787 1.2539979
v -0.3113138 0.082779795 1.2363949
v -0.2957475 0.06989967 1.222294
v -0.33430693 0.03838533 1.2620178
v -0.312099 0.020706998 1.2423787
v -0.34500453 0.074836895 1.2002296
v -0.3319468 0.063735045 1.1889086
v -0.35984161 0.066994466 1.2146459
v -0.39075065 0.06029106 1.1752937
v -0.37869528 0.066894 1.1640644
v -0.36814606 0.057570424 1.1555232
v -0.39481747 0.05301168 1.1305004
v -0.36411184 0.033722363 1.2216897
v -0.4038426 0.06114466 1.1378503
v -0.43000963 0.04712132 1.091597
v -0.4390248 0.054770112 1.0993475
v -0.4133104 0.055435967 1.1468183
v -0.4469439 0.04952338 1.1074466
v -0.41585997 0.026966546 1.1519876
v -0.44702038 0.022960989 1.1098796
v -0.39391676 0.02905939 1.1813616
v -0.40132937 0.012241369 1.1402661
v -0.43477228 0.008940619 1.098985
v -0.42746747 0.023060767 1.0899768
v -0.34474856 0.016988987 1.2052271
v -0.3773981 0.013270974 1.1680758
v -0.3905779 0.027245957 1.1291682
v -0.43000963 0.04712132 1.091597
v -0.39481747 0.05301168 1.1305004
v -0.36814606 0.057570424 1.1555232
v -0.36403823 0.028718425 1.154558
v -0.3319468 0.063735045 1.1889086
v -0.32752874 0.031584173 1.1875681
v -0.2910193 0.034449916 1.2205783
v -0.52286637 0.07401366 0.97920376
v -0.5165271 0.074852444 0.9944805
v -0.52368516 0.07599 0.9849424
v -0.51160085 0.071306564 0.991966
v -0.5080515 0.0734039 1.0094203
v -0.5032948 0.06939924 1.0054114
v -0.49831244 0.069817506 1.028087
v -0.49232748 0.06588344 1.0238855
v -0.5190348 0.049401496 0.9964353
v -0.5006236 0.045682114 1.0194141
v -0.5290659 0.024264114 0.99268234
v -0.5045549 0.0185121 1.0152266
v -0.53487015 0.021821126 0.99550587
v -0.51160187 0.018070946 1.0234854
v -0.54982024 0.024244327 0.9785623
v -0.544938 0.026868932 0.9759027
v -0.5318855 0.052311305 0.97976226
v -0.5464714 0.056054853 0.9661471
v -0.56148946 0.032059535 0.96212363
v -0.5621273 0.028524503 0.9661294
v -0.5747852 0.034726206 0.9607019
v -0.56097585 0.058239516 0.9621277
v -0.5381267 0.07606548 0.9744487
v -0.46356714 -0.027785566 1.0000218
v -0.4686232 -0.030271206 0.9918628
v -0.477144 -0.035913244 0.98331845
v -0.46834674 -0.0332122 1.0040187
v -0.47616795 -0.031750977 1.0066128
v -0.48471418 -0.033789124 0.98601097
v -0.48280805 -0.027394034 0.99662167
v -0.48103508 -0.024487687 1.0060387
v -0.47661853 -0.020998452 1.0169106
v -0.46449316 -0.03143233 1.0136474
v -0.45945865 -0.023360536 1.0109072
v -0.4729102 -0.029606914 1.0162256
v -0.4614438 -0.028673591 1.0203906
v -0.45234588 -0.018926237 1.0227559
v -0.4704608 -0.027243812 1.0229511
v -0.47357282 -0.016495002 1.028906
v -0.4667973 -0.023861822 1.0320414
v -0.4573397 -0.025051065 1.0294942
v -0.46089894 -0.019078841 1.0477439
v -0.47753268 -0.010427341 1.0396821
v -0.44947883 -0.019498596 1.0436643
v -0.45139793 -0.009850087 1.0686237
v -0.4435954 -0.012057942 1.0373635
v -0.43761227 -0.0015452632 1.0533291
v -0.4424282 -0.00970007 1.059733
v -0.43472308 0.005790828 1.0762317
v -0.47760603 -0.004055733 1.06117
v -0.49537224 0.001331644 1.0480087
v -0.4883145 -0.001400174 1.0347884
v -0.46926293 0.020178292 1.0832042
v -0.45723894 0.021666829 1.0955796
v -0.44397548 0.0023930669 1.0842093
v -0.43477228 0.008940619 1.098985
v -0.42746747 0.023060767 1.0899768
v -0.44702038 0.022960989 1.1098796
v -0.4469439 0.04952338 1.1074466
v -0.5097985 0.0025402864 1.0345592
v -0.5007987 -0.0015021809 1.0275735
v -0.50833684 -0.0004254777 1.020147
v -0.5010955 0.018636176 1.0498681
v -0.500081 0.04666436 1.0511076
v -0.5118477 0.018909974 1.0347395
v -0.47032487 0.04947835 1.0828803
v -0.4576102 0.050213017 1.0934323
v -0.5151243 0.0019780623 1.0267798
v -0.44971564 0.057021417 1.0863402
v -0.4390248 0.054770112 1.0993475
v -0.4654265 0.059619654 1.0788243
v -0.45780885 0.06263719 1.0701456
v -0.4903608 0.06558099 1.0490745
v -0.47877592 0.0664422 1.0422403
v -0.49568728 0.06880632 1.0325458
v -0.50204015 0.06694022 1.035343
v -0.51082575 0.04736029 1.0364746
v -0.50512666 0.068186045 1.0307465
v -0.49831244 0.069817506 1.028087
v -0.5128924 0.070991114 1.0155149
v -0.5080515 0.0734039 1.0094203
v -0.5141359 0.04753054 1.0302478
v -0.5160866 0.07192946 1.0085479
v -0.5165271 0.074852444 0.9944805
v -0.51748407 0.023356792 1.0286038
v -0.5268935 0.0507648 1.008279
v -0.5207261 0.07306656 0.9995052
v -0.52437806 0.07396724 0.99295026
v -0.52368516 0.07599 0.9849424
v -0.5381267 0.07606548 0.9744487
v -0.56097585 0.058239516 0.9621277
v -0.5443185 0.054872744 0.9822589
v -0.5747852 0.034726206 0.9607019
v -0.5391549 0.053418286 0.98961216
v -0.55777943 0.028291294 0.97923064
v -0.5621273 0.028524503 0.9661294
v -0.54982024 0.024244327 0.9785623
v -0.5321504 0.051848046 0.999856
v -0.5523958 0.027187053 0.9855157
v -0.54371625 0.026334042 0.99574786
v -0.53487015 0.021821126 0.99550587
v -0.5362701 0.025333673 1.005007
v -0.51160187 0.018070946 1.0234854
v -0.5172396 0.0144324405 1.0273739
v -0.5326652 0.010176178 1.0077827
v -0.5330534 0.012299249 0.99981827
v -0.5315073 0.000697182 1.0084022
v -0.52971935 -0.0020627475 0.99955857
v -0.53910154 0.008254509 1.0001254
v -0.54703325 0.0090033 0.98363155
v -0.53863686 -0.00012885459 1.0011368
v -0.54574406 -0.0034337908 0.98426616
v -0.54897124 0.0061493474 0.9910398
v -0.5556376 0.005081192 0.98488355
v -0.55743337 0.006867409 0.97379225
v -0.5483167 -0.0010536376 0.9915306
v -0.5549481 -0.0019952068 0.9850776
v -0.5619473 -0.0032197123 0.9783841
v -0.55713177 -0.0045875753 0.9744964
v -0.5644539 -0.0043783784 0.9704361
v -0.56267303 0.0040614456 0.97828746
v -0.56443006 0.0052007 0.969831
v -0.5710636 0.0013881807 0.97063464
v -0.56559557 0.003387877 0.96896726
v -0.56498116 -0.0030079468 0.9690983
v -0.5706296 -0.0025238737 0.97070855
v -0.49232748 0.06588344 1.0238855
v -0.49568728 0.06880632 1.0325458
v -0.49831244 0.069817506 1.028087
v -0.48828474 0.06528074 1.0287403
v -0.5006236 0.045682114 1.0194141
v -0.47877592 0.0664422 1.0422403
v -0.49472788 0.03223996 1.0241852
v -0.5045549 0.0185121 1.0152266
v -0.4813328 0.033794757 1.0356109
v -0.49489984 0.002301009 1.0228252
v -0.45185572 0.046753716 1.0625433
v -0.45780885 0.06263719 1.0701456
v -0.4409374 0.046653774 1.0788407
v -0.44971564 0.057021417 1.0863402
v -0.4390248 0.054770112 1.0993475
v -0.43000963 0.04712132 1.091597
v -0.43523452 0.019310525 1.0749495
v -0.42746747 0.023060767 1.0899768
v -0.43472308 0.005790828 1.0762317
v -0.4403034 0.0138020925 1.0532435
v -0.43761227 -0.0015452632 1.0533291
v -0.45088366 -0.002344002 1.0248005
v -0.4435954 -0.012057942 1.0373635
v -0.45234588 -0.018926237 1.0227559
v -0.47023574 0.00890671 1.0299995
v -0.48297605 0.0036757153 1.0290043
v -0.4545402 -0.0074761636 1.0196502
v -0.46188372 -0.016451487 1.0089831
v -0.45945865 -0.023360536 1.0109072
v -0.4695428 -0.004812654 1.0229322
v -0.47008792 0.0008857403 1.0259436
v -0.47498104 -0.00386333 1.0296285
v -0.46684238 -0.021567997 0.9987292
v -0.46356714 -0.027785566 1.0000218
v -0.47209865 -0.028819313 0.9901356
v -0.4686232 -0.030271206 0.9918628
v -0.477144 -0.035913244 0.98331845
v -0.48471418 -0.033789124 0.98601097
v -0.4769037 -0.01904629 1.0026081
v -0.4805933 -0.02642923 0.9931499
v -0.48280805 -0.027394034 0.99662167
v -0.48103508 -0.024487687 1.0060387
v -0.47661853 -0.020998452 1.0169106
v -0.47297832 -0.014297325 1.0126286
v -0.47357282 -0.016495002 1.028906
v -0.47753268 -0.010427341 1.0396821
v -0.4883145 -0.001400174 1.0347884
v -0.5007987 -0.0015021809 1.0275735
v -0.50185287 0.0030997351 1.0147511
v -0.50833684 -0.0004254777 1.020147
v -0.52531755 0.010585211 0.99449974
v -0.51160187 0.018070946 1.0234854
v -0.5330534 0.012299249 0.99981827
v -0.54703325 0.0090033 0.98363155
v -0.5243946 0.00032420337 0.99504215
v -0.5424231 -0.0012020495 0.9790144
v -0.52971935 -0.0020627475 0.99955857
v -0.54574406 -0.0034337908 0.98426616
v -0.55713177 -0.0045875753 0.9744964
v -0.5427505 0.007087951 0.9785997
v -0.55743337 0.006867409 0.97379225
v -0.5561372 0.004408024 0.9692795
v -0.56443006 0.0052007 0.969831
v -0.56559557 0.003387877 0.96896726
v -0.56498116 -0.0030079468 0.9690983
v -0.55535895 -0.002685284 0.96990794
v -0.5644539 -0.0043783784 0.9704361
v 0.032063033 0.06674588 1.1764259
v 0.07127848 0.09141762 1.1348714
v 0.05201075 0.06106884 1.1755683
v 0.053689055 0.09603776 1.133392
v 0.031514075 0.05859012 1.1735176
v 0.05253268 0.09151733 1.1299584
v 0.08683511 0.12796971 1.0848788
v 0.06852426 0.12952104 1.0823947
v 0.070137136 0.13356096 1.08486
v 0.10600472 0.16053945 1.0071591
v 0.087017655 0.16213328 1.0056502
v 0.0888288 0.16634664 1.0076419
v 0.13210349 0.19068769 0.9064872
v 0.11274547 0.19212201 0.90559757
v 0.11458428 0.19646087 0.9072688
v 0.14165366 0.21529225 0.8053911
v 0.16090485 0.21434039 0.805818
v 0.1434866 0.21969125 0.8069041
v 0.1757556 0.23529197 0.7026793
v 0.17778285 0.2396321 0.70411223
v 0.19505532 0.23402359 0.7028428
v 0.21261914 0.25154743 0.59773934
v 0.22956611 0.24663101 0.5964946
v 0.21508777 0.25565526 0.5991647
v 0.23134232 0.26034695 0.5406063
v 0.23485342 0.26363435 0.541972
v 0.21261914 0.25154743 0.59773934
v 0.22323635 0.24195212 0.59483564
v 0.23134232 0.26034695 0.5406063
v 0.1757556 0.23529197 0.7026793
v 0.18713032 0.22489332 0.70093954
v 0.15313329 0.20509505 0.8037413
v 0.14165366 0.21529225 0.8053911
v 0.11274547 0.19212201 0.90559757
v 0.12426378 0.18163568 0.9041632
v 0.087017655 0.16213328 1.0056502
v 0.09823874 0.1516629 1.0044069
v 0.06852426 0.12952104 1.0823947
v 0.079331584 0.119257964 1.081484
v 0.05253268 0.09151733 1.1299584
v 0.064460754 0.08278787 1.1302906
v 0.045334958 0.048190404 1.1749374
v 0.031514075 0.05859012 1.1735176
v 0.23485342 0.26363435 0.541972
v 0.23655988 0.23586208 0.59229547
v 0.22956611 0.24663101 0.5964946
v 0.22856262 0.20282573 0.6919459
v 0.2354861 0.18484347 0.684623
v 0.2304275 0.1346868 0.77863353
v 0.21661302 0.21787058 0.6975992
v 0.2202798 0.1623442 0.78905654
v 0.20495288 0.22952396 0.7019377
v 0.19505532 0.23402359 0.7028428
v 0.19998509 0.18685892 0.79750776
v 0.17851272 0.20538357 0.8037462
v 0.16090485 0.21434039 0.805818
v 0.2072261 0.12040856 0.887364
v 0.21891406 0.08410396 0.8752279
v 0.20026828 0.033683855 0.9748536
v 0.18322259 0.15269284 0.8969932
v 0.16375786 0.11487798 0.9974314
v 0.15524578 0.17747885 0.9039726
v 0.13210349 0.19068769 0.9064872
v 0.18874002 0.07609553 0.98751783
v 0.17124912 -0.005404728 1.0556177
v 0.13233913 0.14433266 1.0045625
v 0.10600472 0.16053945 1.0071591
v 0.08683511 0.12796971 1.0848788
v 0.16465002 0.039334472 1.0677289
v 0.11200598 0.11123948 1.0825939
v 0.14629743 0.014365024 1.1206249
v 0.14393994 -0.030179884 1.106224
v 0.14171275 0.080623284 1.076167
v 0.12304618 0.054731574 1.1302733
v 0.09543957 0.082823664 1.136591
v 0.07127848 0.09141762 1.1348714
v 0.07464078 0.05589344 1.1760818
v 0.05201075 0.06106884 1.1755683
v 0.09966946 0.03183432 1.17267
v 0.11707473 -0.003915216 1.1666706
v 0.10837897 -0.05053906 1.1541636
v 0.13603526 -0.03147103 1.102068
v 0.10047432 -0.05183021 1.1500075
v 0.17124912 -0.005404728 1.0556177
v 0.13603526 -0.03147103 1.102068
v 0.14393994 -0.030179884 1.106224
v 0.16321781 -0.0075698053 1.0515556
v 0.20026828 0.033683855 0.9748536
v 0.19217886 0.0308451 0.97107816
v 0.21891406 0.08410396 0.8752279
v 0.21081252 0.080852866 0.8717473
v 0.2304275 0.1346868 0.77863353
v 0.22234263 0.13121036 0.7753128
v 0.2354861 0.18484347 0.684623
v 0.22747177 0.18106426 0.681404
v 0.23655988 0.23586208 0.59229547
v 0.22980827 0.23167767 0.5908592
v 0.23485342 0.26363435 0.541972
v 0.23134232 0.26034695 0.5406063
v 0.16321781 -0.0075698053 1.0515556
v 0.13101242 0.007987993 1.1164767
v 0.13603526 -0.03147103 1.102068
v 0.1493396 0.03470802 1.0604252
v 0.10985866 0.037901547 1.1223427
v 0.17342113 0.07101454 0.98053044
v 0.15332119 0.09996224 0.98845744
v 0.19217886 0.0308451 0.97107816
v 0.1939965 0.114469275 0.88303906
v 0.21081252 0.080852866 0.8717473
v 0.22234263 0.13121036 0.7753128
v 0.13101895 0.06569376 1.0670542
v 0.10289514 0.09766416 1.0755925
v 0.084686026 0.06831628 1.1295233
v 0.079331584 0.119257964 1.081484
v 0.064460754 0.08278787 1.1302906
v 0.12317274 0.13051301 0.99798924
v 0.09823874 0.1516629 1.0044069
v 0.12426378 0.18163568 0.9041632
v 0.14612423 0.163453 0.89770913
v 0.15313329 0.20509505 0.8037413
v 0.17334554 0.1381973 0.88905495
v 0.16944472 0.1912468 0.7976276
v 0.18713032 0.22489332 0.70093954
v 0.20811497 0.15618116 0.78537947
v 0.19000101 0.17321022 0.79000425
v 0.19637005 0.21561578 0.6964347
v 0.22323635 0.24195212 0.59483564
v 0.20600498 0.20522135 0.6910649
v 0.215389 0.19494455 0.6878218
v 0.22747177 0.18106426 0.681404
v 0.22980827 0.23167767 0.5908592
v 0.23134232 0.26034695 0.5406063
v 0.13603526 -0.03147103 1.102068
v 0.100176714 -0.014440911 1.1601475
v 0.10047432 -0.05183021 1.1500075
v 0.13101242 0.007987993 1.1164767
v 0.10985866 0.037901547 1.1223427
v 0.083516605 0.012148039 1.1646311
v 0.084686026 0.06831628 1.1295233
v 0.060596388 0.038142625 1.1707727
v 0.064460754 0.08278787 1.1302906
v 0.045334958 0.048190404 1.1749374
v -0.032063033 0.06674588 1.1764259
v -0.05201075 0.061068833 1.1755683
v -0.07127848 0.09141762 1.1348714
v -0.053689055 0.09603776 1.133392
v -0.031514075 0.05859012 1.1735176
v -0.05253268 0.09151733 1.1299584
v -0.08683511 0.12796971 1.0848788
v -0.06852426 0.12952104 1.0823947
v -0.070137136 0.13356096 1.08486
v -0.10600472 0.16053945 1.0071591
v -0.087017655 0.16213328 1.0056502
v -0.0888288 0.16634664 1.0076419
v -0.13210349 0.19068769 0.9064872
v -0.11274547 0.19212201 0.90559757
v -0.11458428 0.19646087 0.9072688
v -0.14165366 0.21529225 0.8053911
v -0.16090485 0.21434039 0.805818
v -0.1434866 0.21969125 0.8069041
v -0.1757556 0.23529197 0.7026793
v -0.17778285 0.2396321 0.70411223
v -0.19505532 0.23402359 0.7028428
v -0.21261914 0.25154743 0.59773934
v -0.22956611 0.24663101 0.5964946
v -0.21508777 0.25565526 0.5991647
v -0.23134232 0.26034695 0.5406063
v -0.23485342 0.26363435 0.541972
v -0.21261914 0.25154743 0.59773934
v -0.23134232 0.26034695 0.5406063
v -0.22323635 0.24195212 0.59483564
v -0.1757556 0.23529197 0.7026793
v -0.18713032 0.22489332 0.70093954
v -0.15313329 0.20509505 0.8037413
v -0.14165366 0.21529225 0.8053911
v -0.11274547 0.19212201 0.90559757
v -0.12426378 0.18163568 0.9041632
v -0.087017655 0.16213328 1.0056502
v -0.09823874 0.1516629 1.0044069
v -0.06852426 0.12952104 1.0823947
v -0.079331584 0.119257964 1.081484
v -0.05253268 0.09151733 1.1299584
v -0.064460754 0.08278787 1.1302906
v -0.045334958 0.048190404 1.1749374
v -0.031514075 0.05859012 1.1735176
v -0.23485342 0.26363435 0.541972
v -0.22956611 0.24663101 0.5964946
v -0.23655988 0.23586208 0.59229547
v -0.22856262 0.20282573 0.6919459
v -0.2354861 0.18484347 0.684623
v -0.2304275 0.1346868 0.77863353
v -0.21661302 0.21787058 0.6975992
v -0.2202798 0.1623442 0.78905654
v -0.20495288 0.22952396 0.7019377
v -0.19505532 0.23402359 0.7028428
v -0.19998509 0.18685892 0.79750776
v -0.17851272 0.20538357 0.8037462
v -0.16090485 0.21434039 0.805818
v -0.2072261 0.12040856 0.887364
v -0.21891406 0.08410396 0.8752279
v -0.20026828 0.033683855 0.9748536
v -0.18322259 0.15269284 0.8969932
v -0.16375786 0.11487798 0.9974314
v -0.15524578 0.17747885 0.9039726
v -0.13210349 0.19068769 0.9064872
v -0.18874002 0.07609553 0.98751783
v -0.17124912 -0.005404728 1.0556177
v -0.13233913 0.14433266 1.0045625
v -0.10600472 0.16053945 1.0071591
v -0.08683511 0.12796971 1.0848788
v -0.16465002 0.039334472 1.0677289
v -0.11200598 0.11123948 1.0825939
v -0.14629743 0.014365024 1.1206249
v -0.14393994 -0.030179884 1.106224
v -0.14171275 0.080623284 1.076167
v -0.12304618 0.054731574 1.1302733
v -0.09543957 0.082823664 1.136591
v -0.07127848 0.09141762 1.1348714
v -0.07464078 0.05589344 1.1760819
v -0.05201075 0.061068833 1.1755683
v -0.09966946 0.03183432 1.17267
v -0.11707473 -0.003915216 1.1666706
v -0.10837897 -0.05053906 1.1541636
v -0.13603526 -0.03147103 1.102068
v -0.10047432 -0.05183021 1.1500075
v -0.17124912 -0.005404728 1.0556177
v -0.14393994 -0.030179884 1.106224
v -0.13603526 -0.03147103 1.102068
v -0.16321781 -0.0075698053 1.0515556
v -0.20026828 0.033683855 0.9748536
v -0.19217886 0.0308451 0.97107816
v -0.21891406 0.08410396 0.8752279
v -0.21081252 0.080852866 0.8717473
v -0.2304275 0.1346868 0.77863353
v -0.22234263 0.13121036 0.7753128
v -0.2354861 0.18484347 0.684623
v -0.22747177 0.18106426 0.681404
v -0.23655988 0.23586208 0.59229547
v -0.22980827 0.23167767 0.5908592
v -0.23485342 0.26363435 0.541972
v -0.23134232 0.26034695 0.5406063
v -0.16321781 -0.0075698053 1.0515556
v -0.13603526 -0.03147103 1.102068
v -0.13101242 0.007987993 1.1164767
v -0.1493396 0.03470802 1.0604252
v -0.10985866 0.037901547 1.1223427
v -0.17342113 0.07101454 0.98053044
v -0.15332119 0.09996224 0.98845744
v -0.19217886 0.0308451 0.97107816
v -0.1939965 0.114469275 0.88303906
v -0.21081252 0.080852866 0.8717473
v -0.22234263 0.13121036 0.7753128
v -0.13101895 0.06569376 1.0670542
v -0.10289514 0.09766416 1.0755925
v -0.084686026 0.06831628 1.1295233
v -0.079331584 0.119257964 1.081484
v -0.064460754 0.08278787 1.1302906
v -0.12317274 0.13051301 0.99798924
v -0.09823874 0.1516629 1.0044069
v -0.12426378 0.18163568 0.9041632
v -0.14612423 0.163453 0.89770913
v -0.15313329 0.20509505 0.8037413
v -0.17334554 0.1381973 0.88905495
v -0.16944472 0.1912468 0.7976276
v -0.18713032 0.22489332 0.70093954
v -0.20811497 0.15618116 0.78537947
v -0.19000101 0.17321022 0.79000425
v -0.19637005 0.21561578 0.6964347
v -0.22323635 0.24195212 0.59483564
v -0.20600498 0.20522135 0.6910649
v -0.215389 0.19494455 0.6878218
v -0.22747177 0.18106426 0.681404
v -0.22980827 0.23167767 0.5908592
v -0.23134232 0.26034695 0.5406063
v -0.13603526 -0.03147103 1.102068
v -0.10047432 -0.05183021 1.1500075
v -0.100176714 -0.014440911 1.1601475
v -0.13101242 0.007987993 1.1164767
v -0.10985866 0.037901547 1.1223427
v -0.083516605 0.012148039 1.1646311
v -0.084686026 0.06831628 1.1295233
v -0.060596388 0.038142625 1.1707727
v -0.064460754 0.08278787 1.1302906
v -0.045334958 0.048190404 1.1749374
v 0.019352024 0.045574624 1.1923958
v 0.031514075 0.05859012 1.1735176
v 0.032063033 0.06674588 1.1764259
v 0.019784283 0.052638113 1.1949867
v -0 0.04128494 1.2146883
v -0 0.034499202 1.2122524
v 0.019352024 0.045574624 1.1923958
v 0.019784283 0.052638113 1.1949867
v -0.031514075 0.05859012 1.1735176
v -0.019784283 0.052638113 1.1949867
v -0.032063033 0.06674588 1.1764259
v -0.019352024 0.045574624 1.1923958
v -0 0.034499202 1.2122524
v -0 0.04128494 1.2146883
v 0.01094595 0.03242823 0.9982042
v -0 0.07635328 1.0100285
v -0 0.032328483 0.9981039
v 0.013062949 0.07729769 1.0093005
v 0.018611874 0.032903817 0.99658793
v -0 0.101462744 1.034623
v 0.025577487 0.07869773 1.0066776
v 0.0180506 0.03381483 0.98870236
v 0.056404475 0.084241904 0.9892968
v 0.018130224 0.035255473 0.968956
v 0.01623405 0.10315539 1.0335449
v 0.0294601 0.10847184 1.0545992
v -0 0.1043271 1.0564792
v 0.048742525 0.095678024 1.1026736
v -0 0.095040604 1.1034274
v -0 0.08042493 1.1356359
v 0.047394447 0.10772154 1.0294058
v 0.05611837 0.08156525 0.9703831
v 0.021142125 0.036480136 0.9363967
v 0.057020716 0.08069594 0.9375132
v 0.09377975 0.08610283 0.9378355
v 0.09283149 0.08623358 0.9699411
v 0.13098182 0.06969362 0.9433391
v 0.13019633 0.0702123 0.9789596
v 0.15609097 0.033629555 0.95220745
v 0.070588194 0.11081809 1.0504153
v 0.058840103 0.09633811 1.0027303
v 0.091894194 0.087617576 0.98640895
v 0.15618475 0.032551978 0.99410766
v 0.1495958 -0.028693272 0.95824385
v 0.08336055 0.10817317 1.034556
v 0.0905651 0.097067185 1.0018811
v 0.12819314 0.07156048 0.9994868
v 0.1506065 0.034273792 1.0320519
v 0.12571184 0.08049284 1.0164276
v 0.15019064 -0.03043153 1.005464
v 0.09324227 0.09802822 1.0809511
v 0.110060945 0.096192576 1.0493466
v 0.1438506 0.048761394 1.0471405
v 0.12494177 0.07889625 1.0702078
v 0.1402755 0.025243333 1.0885044
v 0.12254984 0.065240644 1.1003159
v 0.0942686 0.08789182 1.1049862
v 0.0456654 0.08000934 1.136147
v -0 0.063363336 1.1734507
v 0.0875422 0.07247762 1.135016
v 0.030000351 0.06062054 1.173813
v 0.028402066 0.048242882 1.1949867
v -0 0.049699858 1.1948084
v 0.047221854 0.058913946 1.1739124
v 0.045623567 0.045258 1.1950862
v 0.043760505 0.026658406 1.2141453
v 0.026538998 0.029643288 1.2140458
v -0 0.036889706 1.2146883
v 0.07380807 0.047311824 1.1732534
v 0.11431482 0.04922102 1.1289942
v 0.09351686 0.030182296 1.1711445
v 0.1304619 0.015074715 1.120251
v 0.11066747 -0.0035812524 1.1656449
v 0.13119057 -0.028204415 1.1099435
v 0.13992141 -0.027879173 1.0721309
v 0.10988315 -0.055692237 1.1034458
v 0.14505602 -0.029155351 1.0387974
v 0.10552593 -0.061070297 1.06029
v 0.070360735 -0.06144173 1.0560242
v 0.060644772 -0.058329888 1.011958
v 0.10625311 -0.06322571 1.0286789
v 0.10698027 -0.06538112 0.99706787
v 0.10618831 -0.0637411 0.9527189
v 0.060042024 -0.057775073 0.98435926
v 0.06087019 -0.056596708 0.94502693
v 0.0265349 -0.023173425 0.9744609
v 0.02856057 -0.022519255 0.93925023
v 0.041460622 -0.047731426 1.0184239
v 0.018130224 0.035255473 0.968956
v 0.021142125 0.036480136 0.9363967
v 0.0180506 0.03381483 0.98870236
v 0.0261107 -0.022538418 0.9947233
v 0.018611874 0.032903817 0.99658793
v 0.01966785 -0.05303591 1.016034
v -0 -0.055684764 1.014575
v -0 -0.020200316 1.0016963
v 0.024953675 -0.021965582 1.0030315
v 0.0112065505 -0.019922268 1.0022142
v -0 0.032328483 0.9981039
v 0.01094595 0.03242823 0.9982042
v 0.10889448 0.086279474 0.23073724
v 0.09482115 0.078099094 0.32766342
v 0.101288624 0.074752554 0.23074263
v 0.105885826 0.09696601 0.32800362
v 0.08607164 0.08212416 0.41067177
v 0.12392487 0.09318507 0.23073076
v 0.1003311 0.10766061 0.41202062
v 0.0809177 0.08226653 0.47708705
v 0.12583055 0.103771344 0.3284793
v 0.14561911 0.09228166 0.32881007
v 0.14018093 0.08444752 0.23058479
v 0.1276886 0.117286906 0.41364264
v 0.09760517 0.108769454 0.4795341
v 0.09557565 0.1032666 0.5263763
v 0.078333594 0.07807484 0.523181
v 0.1263215 0.11756533 0.48199096
v 0.15216947 0.06486283 0.3287751
v 0.14680296 0.06238687 0.23073246
v 0.13655397 0.043028746 0.22996923
v 0.15307137 0.102541015 0.41475427
v 0.09125137 0.08912829 0.5798635
v 0.0745198 0.06622931 0.5735348
v 0.16180483 0.0661305 0.41477832
v 0.13681966 0.04210953 0.3284095
v 0.12056477 0.04034647 0.22980393
v 0.086224556 0.07423192 0.6187689
v 0.067801 0.053106267 0.6125614
v 0.1371939 0.03378157 0.41304106
v 0.11463715 0.0366962 0.3279969
v 0.1023716 0.054518767 0.23024641
v 0.080763206 0.06430678 0.64763856
v 0.059781298 0.04468348 0.642938
v 0.10841605 0.030129515 0.4114183
v 0.09682637 0.05441784 0.32768935
v 0.101288624 0.074752554 0.23074263
v 0.09482115 0.078099094 0.32766342
v 0.08790732 0.051392514 0.4104537
v 0.08607164 0.08212416 0.41067177
v 0.081961155 0.04825943 0.47588828
v 0.0809177 0.08226653 0.47708705
v 0.078333594 0.07807484 0.523181
v 0.1049374 0.025786784 0.47685018
v 0.07930347 0.04378382 0.5215076
v 0.0745198 0.06622931 0.5735348
v 0.13721235 0.03072696 0.47949687
v 0.07484372 0.03456206 0.568046
v 0.067801 0.053106267 0.6125614
v 0.1021951 0.022310598 0.5228784
v 0.16109127 0.06620399 0.48263776
v 0.06597495 0.021627972 0.6070223
v 0.059781298 0.04468348 0.642938
v 0.059871748 0.01257163 0.63699406
v 0.056988 0.04432319 0.6734089
v 0.0880081 0.00045467104 0.6063402
v 0.09712965 0.01405016 0.5671762
v 0.13349938 0.027253373 0.52655107
v 0.057056244 0.006211088 0.66802937
v 0.053160246 0.04229905 0.7029486
v 0.154734 0.0621562 0.5306649
v 0.0826293 -0.0106226215 0.634588
v 0.054714203 0.00093169697 0.6975636
v 0.04773971 0.040626563 0.74195236
v 0.0788837 -0.01667571 0.66645074
v 0.049772643 -0.0054804226 0.737778
v 0.04231917 0.03895407 0.7809561
v 0.075870596 -0.022375004 0.69652367
v 0.10758814 -0.014624211 0.6685183
v 0.11157984 -0.0061663697 0.6375813
v 0.044831086 -0.011892542 0.7779923
v 0.033236597 0.038329437 0.84239674
v 0.0720685 -0.030659053 0.7369104
v 0.037708662 -0.016878814 0.84101593
v 0.024154024 0.037704803 0.90383744
v 0.116265796 0.0049861725 0.6106999
v 0.0682664 -0.038943104 0.7772972
v 0.030586237 -0.021865083 0.9040396
v 0.021142125 0.036480136 0.9363967
v 0.02856057 -0.022519255 0.93925023
v 0.06498238 -0.047180723 0.8414959
v 0.06169835 -0.055418342 0.90569454
v 0.06087019 -0.056596708 0.94502693
v 0.10370437 -0.03943392 0.7785695
v 0.105396345 -0.062101077 0.90837
v 0.10618831 -0.0637411 0.9527189
v 0.10455036 -0.050767496 0.84346986
v 0.10470302 -0.03047556 0.73844755
v 0.14900097 -0.02695501 0.9110237
v 0.1495958 -0.028693272 0.95824385
v 0.15609097 0.033629555 0.95220745
v 0.14336354 -0.017899971 0.8462986
v 0.13772611 -0.008844929 0.7815735
v 0.15599723 0.03470713 0.9103073
v 0.13098182 0.06969362 0.9433391
v 0.105701655 -0.021517202 0.69832546
v 0.14797059 0.037157487 0.8473972
v 0.1317673 0.069174945 0.90771866
v 0.09377975 0.08610283 0.9378355
v 0.13423231 0.0006199713 0.74219555
v 0.1307385 0.010084872 0.70281774
v 0.13994394 0.039607845 0.7844871
v 0.094728 0.08597208 0.90572995
v 0.057020716 0.08069594 0.9375132
v 0.12718081 0.06683903 0.8464993
v 0.13507958 0.042609025 0.7459183
v 0.12954824 0.0148902405 0.67329204
v 0.122594334 0.06450312 0.78528
v 0.094709545 0.0818381 0.84542394
v 0.057923064 0.07982663 0.90464324
v 0.1302152 0.045610197 0.70734936
v 0.129713 0.02520508 0.6434645
v 0.024154024 0.037704803 0.90383744
v 0.021142125 0.036480136 0.9363967
v 0.06250802 0.075550534 0.8442082
v 0.033236597 0.038329437 0.84239674
v 0.09469109 0.07770412 0.7851179
v 0.06709297 0.07127443 0.7837732
v 0.04231917 0.03895407 0.7809561
v 0.070723884 0.06744141 0.7454516
v 0.04773971 0.040626563 0.74195236
v 0.095243245 0.07295701 0.74687666
v 0.0743548 0.0636084 0.70713013
v 0.053160246 0.04229905 0.7029486
v 0.12036042 0.061853483 0.74684805
v 0.077736 0.06278509 0.677104
v 0.056988 0.04432319 0.6734089
v 0.0957954 0.0682099 0.70863533
v 0.118126504 0.059203852 0.7084161
v 0.0985161 0.06769739 0.67869955
v 0.12039471 0.056889314 0.678105
v 0.102703 0.07228868 0.6500875
v 0.1212129 0.06146613 0.64911956
v 0.107854605 0.08102437 0.62310976
v 0.13395405 0.03589117 0.61827946
v 0.12608725 0.06948352 0.6236253
v 0.115196995 0.09533941 0.5839699
v 0.12506625 0.018076835 0.5719146
v 0.1432769 0.050979737 0.57969075
v 0.13466695 0.08323449 0.5842093
v 0.14508577 0.0964685 0.5313872
v 0.1227148 0.11023744 0.52967995
v 0.15124084 0.10274266 0.48324594
v 0.12282463 0.09392545 0.16584364
v 0.14018093 0.08444752 0.23058479
v 0.12392487 0.09318507 0.23073076
v 0.1362115 0.087205924 0.16587101
v 0.1229086 0.097299896 0.15797052
v 0.14172652 0.07654022 0.16591284
v 0.14680296 0.06238687 0.23073246
v 0.13657795 0.08933103 0.15221353
v 0.12262889 0.11664872 0.114826575
v 0.142414 0.103826374 0.11126702
v 0.122574754 0.12022187 0.102689184
v 0.14418337 0.07936576 0.14022706
v 0.14415792 0.062651865 0.16595924
v 0.14431228 0.055749148 0.14920251
v 0.13549809 0.042736683 0.16598308
v 0.13655397 0.043028746 0.22996923
v 0.12056477 0.04034647 0.22980393
v 0.13684438 0.040827084 0.15337136
v 0.14534593 0.048209056 0.1306764
v 0.1438106 0.10694472 0.09885032
v 0.14961284 0.084979616 0.10680168
v 0.14224423 0.108546436 0.089493684
v 0.12261568 0.12168248 0.09359978
v 0.12255679 0.10159034 0.042510048
v 0.15002744 0.06529053 0.10282813
v 0.15042104 0.08747199 0.09269262
v 0.13083433 0.09584203 0.042481232
v 0.122556776 0.09611303 0.0008603267
v 0.12775026 0.09164984 0.00083129975
v 0.13063915 0.083091505 0.00081189355
v 0.15165049 0.071537085 0.085405625
v 0.14817904 0.089445464 0.08394593
v 0.13433143 0.08448196 0.042879574
v 0.12971155 0.07695907 0.0008171037
v 0.13527924 0.075891726 0.043326396
v 0.14951749 0.07506079 0.077584215
v 0.15276986 0.052193444 0.05758327
v 0.15544455 0.0469364 0.06246004
v 0.15522912 0.03868073 0.041076496
v 0.15411052 0.036540393 0.07188163
v 0.15837958 0.03264073 0.04394264
v 0.16149826 0.017524032 0.00077697064
v 0.1641833 0.015419846 0.010319007
v 0.16087882 0.0041871644 0.00067024655
v 0.15637429 0.018929334 0.047367256
v 0.14902839 0.0222586 0.084318615
v 0.15145539 0.003054167 0.049472563
v 0.14174989 -0.012934145 0.049918916
v 0.13725886 0.031964585 0.13716802
v 0.15898158 0.012081837 0.0377645
v 0.15793547 -0.0013690146 0.033434745
v 0.16409546 0.002999307 0.009901366
v 0.15692894 -0.025771637 0.009268215
v 0.15289599 -0.025130615 0.00058242615
v 0.13422255 -0.06369366 0.0008273677
v 0.1507193 -0.028534276 0.026193278
v 0.1372859 -0.06653808 0.009041431
v 0.12361759 0.03065397 0.15564346
v 0.118912935 -0.07769386 0.00903315
v 0.11858496 -0.075391844 0.0009510988
v 0.1037448 -0.06377537 0.0010113744
v 0.1009602 -0.0666854 0.00927111
v 0.09056196 -0.025439452 0.00082428276
v 0.11937057 -0.06963844 0.021692088
v 0.13572012 -0.060851745 0.022028448
v 0.13856588 -0.033020817 0.039625987
v 0.12139876 -0.0343386 0.04310435
v 0.122104995 -0.022721771 0.05694782
v 0.10564243 -0.033311646 0.040089663
v 0.103160016 -0.014231904 0.050079726
v 0.10392105 -0.061024703 0.022311417
v 0.08729286 -0.026238631 0.009538925
v 0.093809046 -0.029347798 0.026481258
v 0.12292225 -0.00089130685 0.09622411
v 0.08379444 0.002563554 0.009994864
v 0.0877126 0.0038784791 0.0007406897
v 0.08953884 0.017316932 0.00077333715
v 0.088988066 -0.0024422796 0.033619888
v 0.1397424 0.008297543 0.09145897
v 0.1230214 0.022606255 0.14080073
v 0.08507878 0.0150677115 0.010329263
v 0.09272307 0.03224537 0.044499412
v 0.098302476 0.03835137 0.041626997
v 0.09925718 0.052019197 0.058556303
v 0.08889025 0.011192479 0.038027074
v 0.09394746 0.001717726 0.049768385
v 0.095321566 0.04674281 0.063468255
v 0.09826273 0.07510556 0.07930381
v 0.09155182 0.018112415 0.047848046
v 0.093945995 0.0362957 0.07285483
v 0.09612983 0.021750905 0.08504136
v 0.1053257 0.007780304 0.09180459
v 0.10842049 0.032033477 0.13747735
v 0.1003701 0.048379306 0.13153881
v 0.10873955 0.04091627 0.1535746
v 0.096079014 0.06550292 0.10446511
v 0.12383141 0.034842055 0.16596729
v 0.10830059 0.044789676 0.16599125
v 0.1023716 0.054518767 0.23024641
v 0.101263694 0.05596487 0.14970553
v 0.10139506 0.060152836 0.16597928
v 0.103006676 0.07404869 0.1659375
v 0.101288624 0.074752554 0.23074263
v 0.10889448 0.086279474 0.23073724
v 0.10195382 0.07966157 0.14127271
v 0.108979315 0.08479118 0.16588943
v 0.12392487 0.09318507 0.23073076
v 0.12282463 0.09392545 0.16584364
v 0.108699694 0.08955595 0.15267381
v 0.1229086 0.097299896 0.15797052
v 0.103409834 0.10404481 0.11254491
v 0.12262889 0.11664872 0.114826575
v 0.09658376 0.08523986 0.10854851
v 0.101680346 0.10711497 0.10040444
v 0.122574754 0.12022187 0.102689184
v 0.09572158 0.07161876 0.08717469
v 0.09535173 0.08766072 0.094717294
v 0.09768554 0.08957525 0.08592505
v 0.11147491 0.075886734 0.043924488
v 0.10320895 0.10867304 0.091057286
v 0.12261568 0.12168248 0.09359978
v 0.11142746 0.08448671 0.043490276
v 0.11540202 0.07695907 0.00087751664
v 0.114474416 0.08309148 0.00088069163
v 0.11428683 0.09584932 0.042938028
v 0.12255679 0.10159034 0.042510048
v 0.117363304 0.09164984 0.0008744488
v 0.122556776 0.09611303 0.0008603267
v 0.034668505 -0.069646545 1.4610528
v 0.048526224 -0.06154414 1.4688818
v 0.02543541 -0.060918573 1.4760938
v 0.037865076 -0.04586735 1.4898919
v 0.022170302 -0.056546148 1.480807
v -4.1984374E-11 -0.06295802 1.4566199
v -4.1984374E-11 -0.05911444 1.4641334
v 0.012064169 -0.04013351 1.4923742
v 0.055110067 -0.045459915 1.488448
v 0.062730856 -0.052167375 1.4788293
v 0.069422185 -0.046394866 1.4856662
v 0.05113719 -0.038416952 1.4955043
v 0.035115164 -0.040287636 1.5019591
v 0.00862814 -0.035227284 1.4970677
v 0.004097702 -0.04414002 1.4907455
v 0.0015659197 -0.041112136 1.4966613
v -0 -0.045980666 1.4870974
v -0 -0.04108675 1.4966656
v 0.00073131255 -0.028761208 1.5106618
v -0 -0.029686624 1.5111554
v 0.0014732827 -0.025386505 1.5173575
v -0 -0.0265595 1.5176142
v -0 -0.01592627 1.5258644
v 0.03695588 -0.031789303 1.5171133
v 0.05358042 -0.028203549 1.5146312
v 0.0049910503 -0.018650258 1.5247002
v 0.039651655 -0.023945555 1.5327178
v 0.05700202 -0.01879127 1.5336984
v 0.039993707 -0.017558703 1.5466429
v 0.058173783 -0.01275046 1.5459422
v 0.0059119198 -0.015207002 1.5267367
v 0.0032935047 -0.014218952 1.5272645
v -0 -0.014160428 1.527236
v 0.42558786 0.030033132 1.0757192
v 0.43137935 0.00759988 1.0781893
v 0.42813063 0.029896464 1.073306
v 0.42896447 0.007789227 1.0807183
v 0.3842152 0.032256868 1.114985
v 0.38967207 0.010870058 1.1218665
v 0.38158062 0.032398473 1.1174854
v 0.4412107 -0.0010772093 1.0876654
v 0.43893725 -0.0009794637 1.0903248
v 0.43285096 0.023730423 1.0955715
v 0.43160087 0.032309793 1.0936925
v 0.42813063 0.029896464 1.073306
v 0.43663386 0.020391619 1.0992178
v 0.43393353 0.03972256 1.0951273
v 0.45510367 0.0016494002 1.0995976
v 0.44197968 0.021440778 1.1038091
v 0.43419284 0.049161214 1.0770348
v 0.42558786 0.030033132 1.0757192
v 0.4378554 0.044739082 1.0983571
v 0.4316629 0.049654778 1.0794227
v 0.3842152 0.032256868 1.114985
v 0.3904987 0.057685506 1.1182739
v 0.4443853 0.062198456 1.0854287
v 0.44076246 0.044972565 1.1009365
v 0.4655285 0.018625066 1.1074196
v 0.44599098 0.027972737 1.1068189
v 0.4519404 0.06280526 1.092132
v 0.44315922 0.043714125 1.1030835
v 0.4668415 0.042267755 1.1066153
v 0.4464962 0.03707007 1.1065093
v 0.45816913 0.05953473 1.097712
v 0.4647569 0.04261053 1.1094164
v 0.46338984 0.018733578 1.1101964
v 0.45594338 0.059977096 1.1003745
v 0.4647569 0.04261053 1.1094164
v 0.44961157 0.06326424 1.0947014
v 0.4527526 0.10525193 1.0897478
v 0.4197286 0.067174755 1.1436956
v 0.430839 0.04818768 1.1549935
v 0.4470938 0.104781695 1.08472
v 0.4420536 0.06267773 1.087992
v 0.444745 0.10508624 1.0872824
v 0.4117202 0.07073224 1.1365094
v 0.40930733 0.0712078 1.1391717
v 0.4174225 0.067633085 1.1464542
v 0.45041186 0.105553664 1.0923176
v 0.4102969 0.04914493 1.1348935
v 0.4134195 0.047769435 1.1376958
v 0.4073693 0.04905441 1.13227
v 0.44745505 0.10780871 1.0894393
v 0.4497928 0.107510395 1.0868664
v 0.40941742 0.11266257 1.131302
v 0.4123259 0.110463195 1.1341298
v 0.40699524 0.11297166 1.1339678
v 0.4099006 0.11077583 1.1367923
v 0.4040945 0.110356964 1.1316288
v 0.40169886 0.070972554 1.1323535
v 0.40652812 0.110041425 1.1289738
v 0.40205103 0.04413854 1.1278043
v 0.40411475 0.07047597 1.1296978
v 0.3878774 0.05819689 1.1207478
v 0.39962813 0.034211718 1.126549
v 0.3904987 0.057685506 1.1182739
v 0.40177882 0.026003417 1.129243
v 0.4420536 0.06267773 1.087992
v 0.4316629 0.049654778 1.0794227
v 0.4443853 0.062198456 1.0854287
v 0.43419284 0.049161214 1.0770348
v 0.38717 0.011066241 1.1244868
v 0.40655825 0.022019353 1.133808
v 0.39959112 0.0007122146 1.1363505
v 0.41215536 0.022983942 1.1386331
v 0.4141372 0.003219042 1.1488905
v 0.40194666 0.0006109397 1.133595
v 0.41686487 0.029676309 1.1422364
v 0.4263766 0.020611571 1.1582545
v 0.4177509 0.04042381 1.1420983
v 0.4164558 0.003130206 1.1461008
v 0.42867914 0.048542827 1.1578958
v 0.4174225 0.067633085 1.1464542
v 0.42859244 0.020499144 1.1553774
v 0.45286593 0.0017351405 1.10229
v 0.430839 0.04818768 1.1549935
v 0.4197286 0.067174755 1.1436956
v 0.4647569 0.04261053 1.1094164
v 0.39959112 0.0007122146 1.1363505
v 0.4164558 0.003130206 1.1461008
v 0.40194666 0.0006109397 1.133595
v 0.40194666 0.0006109397 1.133595
v 0.45286593 0.0017351405 1.10229
v 0.4164558 0.003130206 1.1461008
v 0.40941742 0.11266257 1.131302
v 0.40699524 0.11297166 1.1339678
v 0.4040945 0.110356964 1.1316288
v 0.40652812 0.110041425 1.1289738
v 0.44745505 0.10780871 1.0894393
v 0.444745 0.10508624 1.0872824
v 0.4497928 0.107510395 1.0868664
v 0.4470938 0.104781695 1.08472
v 0.3878774 0.05819689 1.1207478
v 0.3842152 0.032256868 1.114985
v -0.06250802 0.075550534 0.8442082
v -0.033236597 0.038329437 0.84239674
v -0.024154024 0.037704803 0.90383744
v -0.057923064 0.07982663 0.90464324
v -0.094709545 0.0818381 0.84542394
v -0.057020716 0.08069594 0.9375132
v -0.021142125 0.036480136 0.9363967
v -0.094728 0.08597208 0.90572995
v -0.12718081 0.06683903 0.8464993
v -0.09377975 0.08610283 0.9378355
v -0.1317673 0.069174945 0.90771866
v -0.14797059 0.037157487 0.8473972
v -0.13098182 0.06969362 0.9433391
v -0.15599723 0.03470713 0.9103073
v -0.15609097 0.033629555 0.95220745
v -0.14336354 -0.017899971 0.8462986
v -0.14900097 -0.02695501 0.9110237
v -0.1495958 -0.028693272 0.95824385
v -0.10618831 -0.0637411 0.9527189
v -0.105396345 -0.062101077 0.90837
v -0.10455036 -0.050767496 0.84346986
v -0.06087019 -0.056596708 0.94502693
v -0.06169835 -0.055418342 0.90569454
v -0.06498238 -0.047180723 0.8414959
v -0.02856057 -0.022519255 0.93925023
v -0.030586237 -0.021865083 0.9040396
v -0.021142125 0.036480136 0.9363967
v -0.037708662 -0.016878814 0.84101593
v -0.024154024 0.037704803 0.90383744
v -0.033236597 0.038329437 0.84239674
v -0.10889448 0.086279474 0.23073724
v -0.101288624 0.074752554 0.23074263
v -0.09482115 0.078099094 0.32766342
v -0.105885826 0.09696601 0.32800362
v -0.08607164 0.08212416 0.41067177
v -0.12392487 0.09318507 0.23073076
v -0.1003311 0.10766061 0.41202062
v -0.0809177 0.08226653 0.47708705
v -0.12583055 0.103771344 0.3284793
v -0.14561911 0.09228166 0.32881007
v -0.14018093 0.08444752 0.23058479
v -0.1276886 0.117286906 0.41364264
v -0.09760517 0.108769454 0.4795341
v -0.09557565 0.1032666 0.5263763
v -0.078333594 0.07807484 0.523181
v -0.1263215 0.11756533 0.48199096
v -0.15216947 0.06486283 0.3287751
v -0.14680296 0.06238687 0.23073246
v -0.13655397 0.043028746 0.22996923
v -0.15307137 0.102541015 0.41475427
v -0.09125137 0.08912829 0.5798635
v -0.0745198 0.06622931 0.5735348
v -0.16180483 0.0661305 0.41477832
v -0.13681966 0.04210953 0.3284095
v -0.12056477 0.04034647 0.22980393
v -0.086224556 0.07423192 0.6187689
v -0.067801 0.053106267 0.6125614
v -0.1371939 0.03378157 0.41304106
v -0.11463715 0.0366962 0.3279969
v -0.1023716 0.054518767 0.23024641
v -0.080763206 0.06430678 0.64763856
v -0.059781298 0.04468348 0.642938
v -0.10841605 0.030129515 0.4114183
v -0.09682637 0.05441784 0.32768935
v -0.101288624 0.074752554 0.23074263
v -0.09482115 0.078099094 0.32766342
v -0.08790732 0.051392514 0.4104537
v -0.08607164 0.08212416 0.41067177
v -0.081961155 0.04825943 0.47588828
v -0.0809177 0.08226653 0.47708705
v -0.078333594 0.07807484 0.523181
v -0.1049374 0.025786784 0.47685018
v -0.07930347 0.04378382 0.5215076
v -0.0745198 0.06622931 0.5735348
v -0.13721235 0.03072696 0.47949687
v -0.07484372 0.03456206 0.568046
v -0.067801 0.053106267 0.6125614
v -0.1021951 0.022310598 0.5228784
v -0.16109127 0.06620399 0.48263776
v -0.06597495 0.021627972 0.6070223
v -0.059781298 0.04468348 0.642938
v -0.059871748 0.01257163 0.63699406
v -0.056988 0.04432319 0.6734089
v -0.0880081 0.00045467104 0.6063402
v -0.09712965 0.01405016 0.5671762
v -0.13349938 0.027253373 0.52655107
v -0.057056244 0.006211088 0.66802937
v -0.053160246 0.04229905 0.7029486
v -0.154734 0.0621562 0.5306649
v -0.15124084 0.10274266 0.48324594
v -0.14508577 0.0964685 0.5313872
v -0.1227148 0.11023744 0.52967995
v -0.115196995 0.09533941 0.5839699
v -0.13466695 0.08323449 0.5842093
v -0.107854605 0.08102437 0.62310976
v -0.1432769 0.050979737 0.57969075
v -0.102703 0.07228868 0.6500875
v -0.12608725 0.06948352 0.6236253
v -0.12506625 0.018076835 0.5719146
v -0.1212129 0.06146613 0.64911956
v -0.13395405 0.03589117 0.61827946
v -0.116265796 0.0049861725 0.6106999
v -0.129713 0.02520508 0.6434645
v -0.12039471 0.056889314 0.678105
v -0.0985161 0.06769739 0.67869955
v -0.11157984 -0.0061663697 0.6375813
v -0.077736 0.06278509 0.677104
v -0.056988 0.04432319 0.6734089
v -0.053160246 0.04229905 0.7029486
v -0.0743548 0.0636084 0.70713013
v -0.04773971 0.040626563 0.74195236
v -0.0957954 0.0682099 0.70863533
v -0.070723884 0.06744141 0.7454516
v -0.04231917 0.03895407 0.7809561
v -0.12954824 0.0148902405 0.67329204
v -0.118126504 0.059203852 0.7084161
v -0.095243245 0.07295701 0.74687666
v -0.06709297 0.07127443 0.7837732
v -0.033236597 0.038329437 0.84239674
v -0.06250802 0.075550534 0.8442082
v -0.09469109 0.07770412 0.7851179
v -0.094709545 0.0818381 0.84542394
v -0.122594334 0.06450312 0.78528
v -0.12718081 0.06683903 0.8464993
v -0.12036042 0.061853483 0.74684805
v -0.1302152 0.045610197 0.70734936
v -0.13994394 0.039607845 0.7844871
v -0.14797059 0.037157487 0.8473972
v -0.13507958 0.042609025 0.7459183
v -0.1307385 0.010084872 0.70281774
v -0.13772611 -0.008844929 0.7815735
v -0.14336354 -0.017899971 0.8462986
v -0.10455036 -0.050767496 0.84346986
v -0.13423231 0.0006199713 0.74219555
v -0.10758814 -0.014624211 0.6685183
v -0.10370437 -0.03943392 0.7785695
v -0.06498238 -0.047180723 0.8414959
v -0.105701655 -0.021517202 0.69832546
v -0.10470302 -0.03047556 0.73844755
v -0.0682664 -0.038943104 0.7772972
v -0.037708662 -0.016878814 0.84101593
v -0.075870596 -0.022375004 0.69652367
v -0.0720685 -0.030659053 0.7369104
v -0.044831086 -0.011892542 0.7779923
v -0.033236597 0.038329437 0.84239674
v -0.04231917 0.03895407 0.7809561
v -0.049772643 -0.0054804226 0.737778
v -0.04773971 0.040626563 0.74195236
v -0.054714203 0.00093169697 0.6975636
v -0.0788837 -0.01667571 0.66645074
v -0.0826293 -0.0106226215 0.634588
v -0.12282463 0.09392545 0.16584364
v -0.12392487 0.09318507 0.23073076
v -0.14018093 0.08444752 0.23058479
v -0.1362115 0.087205924 0.16587101
v -0.1229086 0.097299896 0.15797052
v -0.14172652 0.07654022 0.16591284
v -0.14680296 0.06238687 0.23073246
v -0.13657795 0.08933103 0.15221353
v -0.12262889 0.11664872 0.114826575
v -0.142414 0.103826374 0.11126702
v -0.122574754 0.12022187 0.102689184
v -0.14418337 0.07936576 0.14022706
v -0.14415792 0.062651865 0.16595924
v -0.14431228 0.055749148 0.14920251
v -0.13549809 0.042736683 0.16598308
v -0.13655397 0.043028746 0.22996923
v -0.12056477 0.04034647 0.22980393
v -0.13684438 0.040827084 0.15337136
v -0.14534593 0.048209056 0.1306764
v -0.1438106 0.10694472 0.09885032
v -0.14961284 0.084979616 0.10680168
v -0.14224423 0.108546436 0.089493684
v -0.12261568 0.12168248 0.09359978
v -0.12255679 0.10159034 0.042510048
v -0.15002744 0.06529053 0.10282813
v -0.15042104 0.08747199 0.09269262
v -0.13083433 0.09584203 0.042481232
v -0.122556776 0.09611303 0.0008603267
v -0.12775026 0.09164984 0.00083129975
v -0.13063915 0.083091505 0.00081189355
v -0.15165049 0.071537085 0.085405625
v -0.14817904 0.089445464 0.08394593
v -0.13433143 0.08448196 0.042879574
v -0.12971155 0.07695907 0.0008171037
v -0.13527924 0.075891726 0.043326396
v -0.14951749 0.07506079 0.077584215
v -0.15276986 0.052193444 0.05758327
v -0.15544455 0.0469364 0.06246004
v -0.15522912 0.03868073 0.041076496
v -0.15411052 0.036540393 0.07188163
v -0.15837958 0.03264073 0.04394264
v -0.16149826 0.017524032 0.00077697064
v -0.1641833 0.015419846 0.010319007
v -0.16087882 0.0041871644 0.00067024655
v -0.15637429 0.018929334 0.047367256
v -0.14902839 0.0222586 0.084318615
v -0.15145539 0.003054167 0.049472563
v -0.14174989 -0.012934145 0.049918916
v -0.13725886 0.031964585 0.13716802
v -0.15898158 0.012081837 0.0377645
v -0.15793547 -0.0013690146 0.033434745
v -0.16409546 0.002999307 0.009901366
v -0.15692894 -0.025771637 0.009268215
v -0.15289599 -0.025130615 0.00058242615
v -0.13422255 -0.06369366 0.0008273677
v -0.1507193 -0.028534276 0.026193278
v -0.1372859 -0.06653808 0.009041431
v -0.12361759 0.03065397 0.15564346
v -0.118912935 -0.07769386 0.00903315
v -0.11858496 -0.075391844 0.0009510988
v -0.1037448 -0.06377537 0.0010113744
v -0.1009602 -0.0666854 0.00927111
v -0.09056196 -0.025439452 0.00082428276
v -0.11937057 -0.06963844 0.021692088
v -0.13572012 -0.060851745 0.022028448
v -0.13856588 -0.033020817 0.039625987
v -0.12139876 -0.0343386 0.04310435
v -0.122104995 -0.022721771 0.05694782
v -0.10564243 -0.033311646 0.040089663
v -0.103160016 -0.014231904 0.050079726
v -0.10392105 -0.061024703 0.022311417
v -0.08729286 -0.026238631 0.009538925
v -0.093809046 -0.029347798 0.026481258
v -0.12292225 -0.00089130685 0.09622411
v -0.08379444 0.002563554 0.009994864
v -0.0877126 0.0038784791 0.0007406897
v -0.08953884 0.017316932 0.00077333715
v -0.088988066 -0.0024422796 0.033619888
v -0.1397424 0.008297543 0.09145897
v -0.1230214 0.022606255 0.14080073
v -0.08507878 0.0150677115 0.010329263
v -0.09272307 0.03224537 0.044499412
v -0.098302476 0.03835137 0.041626997
v -0.09925718 0.052019197 0.058556303
v -0.08889025 0.011192479 0.038027074
v -0.09394746 0.001717726 0.049768385
v -0.095321566 0.04674281 0.063468255
v -0.09826273 0.07510556 0.07930381
v -0.09155182 0.018112415 0.047848046
v -0.093945995 0.0362957 0.07285483
v -0.09612983 0.021750905 0.08504136
v -0.1053257 0.007780304 0.09180459
v -0.10842049 0.032033477 0.13747735
v -0.1003701 0.048379306 0.13153881
v -0.10873955 0.04091627 0.1535746
v -0.096079014 0.06550292 0.10446511
v -0.12383141 0.034842055 0.16596729
v -0.10830059 0.044789676 0.16599125
v -0.1023716 0.054518767 0.23024641
v -0.101263694 0.05596487 0.14970553
v -0.10139506 0.060152836 0.16597928
v -0.103006676 0.07404869 0.1659375
v -0.101288624 0.074752554 0.23074263
v -0.10889448 0.086279474 0.23073724
v -0.10195382 0.07966157 0.14127271
v -0.108979315 0.08479118 0.16588943
v -0.12392487 0.09318507 0.23073076
v -0.12282463 0.09392545 0.16584364
v -0.108699694 0.08955595 0.15267381
v -0.1229086 0.097299896 0.15797052
v -0.103409834 0.10404481 0.11254491
v -0.12262889 0.11664872 0.114826575
v -0.09658376 0.08523986 0.10854851
v -0.101680346 0.10711497 0.10040444
v -0.122574754 0.12022187 0.102689184
v -0.09572158 0.07161876 0.08717469
v -0.09535173 0.08766072 0.094717294
v -0.09768554 0.08957525 0.08592505
v -0.11147491 0.075886734 0.043924488
v -0.10320895 0.10867304 0.091057286
v -0.12261568 0.12168248 0.09359978
v -0.11142746 0.08448671 0.043490276
v -0.11540202 0.07695907 0.00087751664
v -0.114474416 0.08309148 0.00088069163
v -0.11428683 0.09584932 0.042938028
v -0.12255679 0.10159034 0.042510048
v -0.117363304 0.09164984 0.0008744488
v -0.122556776 0.09611303 0.0008603267
v -0.0030997354 -0.020341322 1.5351689
v -0 -0.020283949 1.5351418
v -0 -0.021985685 1.5338194
v -0.0044815647 -0.022068884 1.533869
v -0.0059119198 -0.015207002 1.5267367
v -0.0032935047 -0.014218952 1.5272645
v -0.039993707 -0.017558703 1.5466429
v -0.040084828 -0.026371287 1.5513684
v -0.058173783 -0.01275046 1.5459422
v -0.060463898 -0.021599485 1.5499982
v -0.05700202 -0.01879127 1.5336984
v -0.05929635 -0.027645132 1.5377413
v -0.05358042 -0.028203549 1.5146312
v -0.03962158 -0.032691672 1.5375661
v -0.055972286 -0.036967047 1.5188121
v -0.05113719 -0.038416952 1.4955043
v -0.053106494 -0.046447128 1.5011292
v -0.069422185 -0.046394866 1.4856662
v -0.0037942247 -0.02603355 1.5313375
v -0.0372628 -0.0405491 1.521927
v -0.0019443702 -0.03351706 1.5231602
v -0 -0.034516204 1.5236715
v -0 -0.038632855 1.5156236
v -0.0350602 -0.049032655 1.5068089
v -0.0019443702 -0.03763365 1.5151125
v -0 -0.046048168 1.499119
v -0.0021210741 -0.045866225 1.4994746
v -0 -0.050906207 1.4896218
v -0.0036034845 -0.048838794 1.4936635
v -0.0075449287 -0.04405759 1.5016342
v -0.010501016 -0.048430987 1.4977322
v -0.004097702 -0.04414002 1.4907455
v -0.012064169 -0.04013351 1.4923742
v -0.038024448 -0.053917345 1.4958225
v -0.02063294 -0.062121462 1.4841212
v -0.022170302 -0.056546148 1.480807
v -0.05616847 -0.05292307 1.4950192
v -0.07017728 -0.053990927 1.492126
v -0.062730856 -0.052167375 1.4788293
v -0.063446306 -0.06002984 1.4849669
v -0.048526224 -0.06154414 1.4688818
v -0.04891139 -0.06924375 1.4752511
v -0.034668505 -0.069646545 1.4610528
v -0.024147157 -0.06658178 1.4793475
v -0 -0.06666057 1.4588244
v -0 -0.06281699 1.466338
v -0.03502917 -0.07688835 1.4679394
v -0.02543541 -0.060918573 1.4760938
v -0.034668505 -0.069646545 1.4610528
v -0.02543541 -0.060918573 1.4760938
v -0.048526224 -0.06154414 1.4688818
v -0.037865076 -0.04586735 1.4898919
v -0.055110067 -0.045459915 1.488448
v -0.062730856 -0.052167375 1.4788293
v -0.069422185 -0.046394866 1.4856662
v -0.05113719 -0.038416952 1.4955043
v -0.022170302 -0.056546148 1.480807
v -4.1984374E-11 -0.06295802 1.4566199
v -0.024147157 -0.06658178 1.4793475
v -0 -0.06666057 1.4588244
v -0.035115164 -0.040287636 1.5019591
v -0.012064169 -0.04013351 1.4923742
v -0.03695588 -0.031789303 1.5171133
v -0.05358042 -0.028203549 1.5146312
v -0.00862814 -0.035227284 1.4970677
v -0.004097702 -0.04414002 1.4907455
v -0.039651655 -0.023945555 1.5327178
v -0.05700202 -0.01879127 1.5336984
v -0.039993707 -0.017558703 1.5466429
v -0.058173783 -0.01275046 1.5459422
v -0.0059119198 -0.015207002 1.5267367
v -0.0049910503 -0.018650258 1.5247002
v -0.0014732827 -0.025386505 1.5173575
v -0 -0.01592627 1.5258644
v -0.0032935047 -0.014218952 1.5272645
v -0 -0.0265595 1.5176142
v -0 -0.014160428 1.527236
v -0 -0.029686624 1.5111554
v -0.00073131255 -0.028761208 1.5106618
v -0 -0.04108675 1.4966656
v -0 -0.020283949 1.5351418
v -0.0030997354 -0.020341322 1.5351689
v 0.0032935047 -0.014218952 1.5272645
v -0.0015659197 -0.041112136 1.4966613
v -0 -0.045980666 1.4870974
v -0.0036034845 -0.048838794 1.4936635
v -0 -0.050906207 1.4896218
v 0.0030997354 -0.020341322 1.5351689
v 0.0059119198 -0.015207002 1.5267367
v -0 -0.021985685 1.5338194
v 0.0044815647 -0.022068884 1.533869
v 0.039993707 -0.017558703 1.5466429
v 0.0036034845 -0.048838794 1.4936635
v 0.004097702 -0.04414002 1.4907455
v 0.040084828 -0.026371287 1.5513684
v 0.058173783 -0.01275046 1.5459422
v 0.0021210741 -0.045866225 1.4994746
v -0 -0.046048168 1.499119
v 0.010501016 -0.048430987 1.4977322
v 0.012064169 -0.04013351 1.4923742
v 0.0019443702 -0.03763365 1.5151125
v -0 -0.038632855 1.5156236
v 0.0075449287 -0.04405759 1.5016342
v 0.0019443702 -0.03351706 1.5231602
v -0 -0.034516204 1.5236715
v 0.0350602 -0.049032655 1.5068089
v 0.02063294 -0.062121462 1.4841212
v 0.022170302 -0.056546148 1.480807
v 0.0037942247 -0.02603355 1.5313375
v 0.0372628 -0.0405491 1.521927
v 0.053106494 -0.046447128 1.5011292
v 0.038024448 -0.053917345 1.4958225
v 0.03962158 -0.032691672 1.5375661
v 0.055972286 -0.036967047 1.5188121
v 0.05929635 -0.027645132 1.5377413
v -0 -0.06281699 1.466338
v -4.1984374E-11 -0.05911444 1.4641334
v -0.02063294 -0.062121462 1.4841212
v 0.024147157 -0.06658178 1.4793475
v 0.02543541 -0.060918573 1.4760938
v 0.03502917 -0.07688835 1.4679394
v 0.034668505 -0.069646545 1.4610528
v 0.04891139 -0.06924375 1.4752511
v 0.048526224 -0.06154414 1.4688818
v 0.05616847 -0.05292307 1.4950192
v 0.063446306 -0.06002984 1.4849669
v 0.062730856 -0.052167375 1.4788293
v 0.07017728 -0.053990927 1.492126
v 0.069422185 -0.046394866 1.4856662
v 0.05113719 -0.038416952 1.4955043
v 0.05358042 -0.028203549 1.5146312
v 0.05700202 -0.01879127 1.5336984
v 0.060463898 -0.021599485 1.5499982
v -0.42516834 0.030055685 1.0761174
v -0.43137935 0.00759988 1.0781893
v -0.42856598 0.00782047 1.0811355
v -0.42813063 0.029896464 1.073306
v -0.43160087 0.032309793 1.0936925
v -0.43285096 0.023730423 1.0955715
v -0.43393353 0.03972256 1.0951273
v -0.4412107 -0.0010772093 1.0876654
v -0.43663386 0.020391619 1.0992178
v -0.43419284 0.049161214 1.0770348
v -0.4378554 0.044739082 1.0983571
v -0.45510367 0.0016494002 1.0995976
v -0.44197968 0.021440778 1.1038091
v -0.43856215 -0.00096333504 1.0907636
v -0.4443853 0.062198456 1.0854287
v -0.44076246 0.044972565 1.1009365
v -0.43124545 0.04973622 1.0798167
v -0.4519404 0.06280526 1.092132
v -0.44166884 0.062756814 1.0884148
v -0.44315922 0.043714125 1.1030835
v -0.38393867 0.03227173 1.1152474
v -0.39022362 0.057739176 1.1185335
v -0.40386122 0.07052809 1.1299765
v -0.38158062 0.032398473 1.1174854
v -0.3878774 0.05819689 1.1207478
v -0.45816913 0.05953473 1.097712
v -0.4464962 0.03707007 1.1065093
v -0.40169886 0.070972554 1.1323535
v -0.40627268 0.11007455 1.1292524
v -0.4040945 0.110356964 1.1316288
v -0.40930733 0.0712078 1.1391717
v -0.4099006 0.11077583 1.1367923
v -0.4668415 0.042267755 1.1066153
v -0.44599098 0.027972737 1.1068189
v -0.41207138 0.110496014 1.1344092
v -0.40699524 0.11297166 1.1339678
v -0.4091632 0.11269501 1.1315818
v -0.45002562 0.10560346 1.0927416
v -0.4470693 0.10785793 1.0898638
v -0.4655285 0.018625066 1.1074196
v -0.41146696 0.070782155 1.1367888
v -0.4527526 0.10525193 1.0897478
v -0.4497928 0.107510395 1.0868664
v -0.44922733 0.06333998 1.0951254
v -0.46303695 0.018751483 1.1106546
v -0.45249668 0.001749288 1.1027344
v -0.4283599 0.020510942 1.1556793
v -0.41621244 0.0031395291 1.1463935
v -0.40169942 0.0006215684 1.1338843
v -0.38940948 0.010890648 1.1221415
v -0.42856598 0.00782047 1.0811355
v -0.38717 0.011066241 1.1244868
v -0.39959112 0.0007122146 1.1363505
v -0.4141372 0.003219042 1.1488905
v -0.4443853 0.062198456 1.0854287
v -0.4470938 0.104781695 1.08472
v -0.44166884 0.062756814 1.0884148
v -0.44435745 0.105136484 1.0877053
v -0.40386122 0.07052809 1.1299765
v -0.40627268 0.11007455 1.1292524
v -0.45557612 0.060050085 1.1008137
v -0.46441296 0.042667087 1.1098787
v -0.46303695 0.018751483 1.1106546
v -0.4194866 0.067222856 1.1439852
v -0.43061233 0.04822495 1.1552981
v -0.46303695 0.018751483 1.1106546
v -0.4283599 0.020510942 1.1556793
v -0.42867914 0.048542827 1.1578958
v -0.4174225 0.067633085 1.1464542
v -0.4263766 0.020611571 1.1582545
v -0.41621244 0.0031395291 1.1463935
v -0.4177509 0.04042381 1.1420983
v -0.4141372 0.003219042 1.1488905
v -0.41686487 0.029676309 1.1422364
v -0.41215536 0.022983942 1.1386331
v -0.40655825 0.022019353 1.133808
v -0.40177882 0.026003417 1.129243
v -0.39962813 0.034211718 1.126549
v -0.40205103 0.04413854 1.1278043
v -0.4073693 0.04905441 1.13227
v -0.4102969 0.04914493 1.1348935
v -0.4134195 0.047769435 1.1376958
v -0.38158062 0.032398473 1.1174854
v -0.38940948 0.010890648 1.1221415
v -0.38393867 0.03227173 1.1152474
v -0.42867914 0.048542827 1.1578958
v -0.4174225 0.067633085 1.1464542
v -0.43061233 0.04822495 1.1552981
v -0.4194866 0.067222856 1.1439852
v -0.4091632 0.11269501 1.1315818
v -0.4040945 0.110356964 1.1316288
v -0.40699524 0.11297166 1.1339678
v -0.40627268 0.11007455 1.1292524
v -0.4470693 0.10785793 1.0898638
v -0.44435745 0.105136484 1.0877053
v -0.4497928 0.107510395 1.0868664
v -0.4470938 0.104781695 1.08472
v 0.11723772 0.01615717 0.15685329
v 0.12301324 0.018759748 0.1634066
v 0.12301324 0.015871448 0.15698095
v 0.11720289 0.019045621 0.16327786
v 0.12301324 0.021273024 0.16899586
v 0.11717129 0.021558097 0.16886751
v 0.10880491 0.013986643 0.14959937
v 0.118034095 0.017166806 0.15537117
v 0.108113855 0.019224681 0.16125165
v 0.10746332 0.024150183 0.17220894
v 0.0946468 0.020410597 0.1586129
v 0.108662315 0.027154334 0.1718986
v 0.11784208 0.023398573 0.16912006
v 0.11018621 0.016202943 0.14771742
v 0.097932756 0.0127539635 0.14196117
v 0.09344698 0.027015097 0.17438504
v 0.09492143 0.031205505 0.17356656
v 0.0795643 0.022785205 0.1563002
v 0.07757864 0.029611455 0.17420359
v 0.10942711 0.02997389 0.16959006
v 0.09625331 0.035155583 0.1707253
v 0.077395536 0.035272695 0.17359918
v 0.080077134 0.027843494 0.15402609
v 0.080803834 0.03884466 0.17005272
v 0.082563475 0.032414492 0.15197149
v 0.09726439 0.028762493 0.15485838
v 0.086358204 0.013332726 0.13629097
v 0.08697472 0.01746946 0.13238776
v 0.099506855 0.016128061 0.13945438
v 0.08888504 0.022564942 0.13214043
v 0.10022951 0.02089441 0.13830143
v 0.11052242 0.01981016 0.14698164
v 0.11814833 0.019115468 0.15552308
v 0.10995775 0.025048276 0.15863381
v 0.11814833 0.022003956 0.16194768
v 0.12301324 0.018531552 0.15578572
v 0.12301324 0.021419926 0.1622102
v 0.11814833 0.024516966 0.16753805
v 0.12301324 0.023933012 0.16780058
v 0.12301324 0.023933012 0.16780058
v 0.12301324 0.023013404 0.16931058
v 0.12301324 0.021273024 0.16899586
v 0.11717129 0.021558097 0.16886751
v 0.12818441 0.023398573 0.16912007
v 0.12301324 0.023933012 0.16780058
v 0.12885523 0.021558097 0.16886751
v 0.12301324 0.018759748 0.1634066
v 0.12882362 0.019045621 0.16327786
v 0.12301324 0.015871448 0.15698095
v 0.12787817 0.024516966 0.16753805
v 0.12787817 0.022003956 0.16194768
v 0.12301324 0.021419926 0.1622102
v 0.12301324 0.018531552 0.15578572
v 0.13736418 0.027154371 0.1718986
v 0.1365994 0.02997389 0.16959006
v 0.13856322 0.024150183 0.17220894
v 0.13606876 0.025048276 0.15863381
v 0.1497732 0.035155583 0.1707253
v 0.14876212 0.028762493 0.15485838
v 0.1355041 0.01981016 0.14698164
v 0.12787819 0.019115468 0.15552308
v 0.15110506 0.031205505 0.17356658
v 0.13791265 0.019224681 0.16125165
v 0.15257953 0.027015097 0.17438504
v 0.12878877 0.01615717 0.15685329
v 0.16346306 0.032414492 0.15197147
v 0.14579698 0.02089441 0.13830143
v 0.1652227 0.03884466 0.17005272
v 0.1358403 0.016202943 0.14771742
v 0.14651965 0.016128061 0.13945438
v 0.15714148 0.022564942 0.13214043
v 0.1659494 0.027843494 0.15402609
v 0.16863097 0.035272695 0.17359918
v 0.16844787 0.029611455 0.17420359
v 0.16646221 0.022785205 0.1563002
v 0.15905179 0.01746946 0.13238776
v 0.15966833 0.013332726 0.13629097
v 0.14809376 0.0127539635 0.14196119
v 0.15137972 0.020410597 0.1586129
v 0.1372216 0.013986643 0.14959937
v 0.12799242 0.017166806 0.15537117
v 0.12301324 0.016792202 0.15547112
v 0.11723772 0.01615717 0.15685329
v 0.11814833 0.019115468 0.15552308
v -0.11723772 0.01615717 0.15685329
v -0.12301324 0.015871448 0.15698095
v -0.12301324 0.018759748 0.1634066
v -0.11720289 0.019045621 0.16327786
v -0.12301324 0.021273024 0.16899586
v -0.11717129 0.021558097 0.16886751
v -0.10880491 0.013986643 0.14959937
v -0.118034095 0.017166806 0.15537117
v -0.108113855 0.019224681 0.16125165
v -0.10746332 0.024150183 0.17220894
v -0.0946468 0.020410597 0.1586129
v -0.108662315 0.027154334 0.1718986
v -0.11784208 0.023398573 0.16912006
v -0.11018621 0.016202943 0.14771742
v -0.097932756 0.0127539635 0.14196117
v -0.09344698 0.027015097 0.17438504
v -0.09492143 0.031205505 0.17356656
v -0.0795643 0.022785205 0.1563002
v -0.07757864 0.029611455 0.17420359
v -0.10942711 0.02997389 0.16959006
v -0.09625331 0.035155583 0.1707253
v -0.077395536 0.035272695 0.17359918
v -0.080077134 0.027843494 0.15402609
v -0.080803834 0.03884466 0.17005272
v -0.082563475 0.032414492 0.15197149
v -0.09726439 0.028762493 0.15485838
v -0.086358204 0.013332726 0.13629097
v -0.08697472 0.01746946 0.13238776
v -0.099506855 0.016128061 0.13945438
v -0.08888504 0.022564942 0.13214043
v -0.10022951 0.02089441 0.13830143
v -0.11052242 0.01981016 0.14698164
v -0.11814833 0.019115468 0.15552308
v -0.10995775 0.025048276 0.15863381
v -0.11814833 0.022003956 0.16194768
v -0.12301324 0.018531552 0.15578572
v -0.12301324 0.021419926 0.1622102
v -0.11814833 0.024516966 0.16753805
v -0.12301324 0.023933012 0.16780058
v -0.12301324 0.023933012 0.16780058
v -0.12301324 0.023013404 0.16931058
v -0.12301324 0.021273024 0.16899586
v -0.11717129 0.021558097 0.16886751
v -0.12818441 0.023398573 0.16912007
v -0.12301324 0.023933012 0.16780058
v -0.12885523 0.021558097 0.16886751
v -0.12301324 0.018759748 0.1634066
v -0.12882362 0.019045621 0.16327786
v -0.12301324 0.015871448 0.15698095
v -0.12787817 0.024516966 0.16753805
v -0.12787817 0.022003956 0.16194768
v -0.12301324 0.021419926 0.1622102
v -0.12301324 0.018531552 0.15578572
v -0.13736418 0.027154371 0.1718986
v -0.1365994 0.02997389 0.16959006
v -0.13856322 0.024150183 0.17220894
v -0.13606876 0.025048276 0.15863381
v -0.1497732 0.035155583 0.1707253
v -0.14876212 0.028762493 0.15485838
v -0.1355041 0.01981016 0.14698164
v -0.12787819 0.019115468 0.15552308
v -0.15110506 0.031205505 0.17356658
v -0.13791265 0.019224681 0.16125165
v -0.15257953 0.027015097 0.17438504
v -0.12878877 0.01615717 0.15685329
v -0.16346306 0.032414492 0.15197147
v -0.14579698 0.02089441 0.13830143
v -0.1652227 0.03884466 0.17005272
v -0.1358403 0.016202943 0.14771742
v -0.14651965 0.016128061 0.13945438
v -0.15714148 0.022564942 0.13214043
v -0.1659494 0.027843494 0.15402609
v -0.16863097 0.035272695 0.17359918
v -0.16844787 0.029611455 0.17420359
v -0.16646221 0.022785205 0.1563002
v -0.15905179 0.01746946 0.13238776
v -0.15966833 0.013332726 0.13629097
v -0.14809376 0.0127539635 0.14196119
v -0.15137972 0.020410597 0.1586129
v -0.1372216 0.013986643 0.14959937
v -0.12799242 0.017166806 0.15537117
v -0.12301324 0.016792202 0.15547112
v -0.11723772 0.01615717 0.15685329
v -0.11814833 0.019115468 0.15552308
v -0.087956235 -0.02185986 1.8095229
v -0.04983817 -0.016844746 1.7972032
v -0.071833946 -0.016865045 1.7801851
v -0.05149099 -0.022388296 1.8235427
v -0.10316372 -0.026397305 1.8435163
v -0.05391507 -0.029200582 1.8568307
v -0.11565896 -0.029810967 1.8799466
v -0.05805261 -0.03523024 1.8929954
v -0.12302747 -0.031199338 1.917426
v -0.06450064 -0.03884213 1.9294833
v -0.12331671 -0.03078869 1.9556667
v -0.0715503 -0.039759487 1.9642625
v -0.117319055 -0.030179638 1.9916238
v -0.07935119 -0.038691495 1.99757
v -0.099923 -0.032280993 2.0432475
v -0.09480307 -0.033804663 2.043584
v -0.097407855 -0.032957334 2.0458915
v 0.036694866 -0.017175427 1.8018321
v 0.07654874 -0.029240906 1.8145962
v 0.05697053 -0.024098568 1.7882086
v 0.046293635 -0.026236292 1.8364662
v 0.057177313 -0.036737707 1.8766433
v 0.09920772 -0.03565941 1.8498933
v 0.07393499 -0.049872722 1.8994807
v 0.12455901 -0.041134287 1.8826288
v 0.079398304 -0.05575098 1.8957362
v 0.13178141 -0.045030084 1.88279
v 0.12038886 -0.11143566 1.8606981
v 0.16990261 -0.07933638 1.8691261
v 0.1641452 -0.16224894 1.8405001
v 0.20705055 -0.13089946 1.8597859
v 0.21323825 -0.20729966 1.8422728
v 0.23450202 -0.19138782 1.8530031
v 0.23577616 -0.22726904 1.850064
v 0.24392155 -0.22088692 1.8530291
v 0.24301995 -0.2295663 1.8535877
v 0.052033767 -0.082924366 1.7836256
v 0.052141976 -0.06945479 1.7955666
v 0.047305975 -0.08218132 1.7947035
v 0.06124434 -0.07137423 1.7852311
v 0.055192478 -0.061114702 1.7959235
v 0.07954221 -0.07103913 1.7715318
v 0.07086344 -0.08208667 1.7670463
v 0.08947538 -0.07828923 1.740339
v 0.062254887 -0.10647024 1.7640731
v 0.09093461 -0.042571083 1.7714884
v 0.10266299 -0.04540732 1.7402809
v 0.0783361 -0.02865504 1.7851852
v 0.092392854 -0.028236443 1.7670138
v 0.07975416 -0.013540495 1.7836115
v 0.10294952 -0.004833733 1.7640138
v 0.07070273 -0.023055954 1.7955384
v 0.07598575 -0.010515627 1.7946612
v 0.06719041 -0.031198232 1.7958555
v 0.06387945 -0.029204607 1.8049104
v 0.051512234 -0.060022917 1.8049899
v 0.08374504 -0.092092656 1.725984
v 0.09075897 -0.06649442 1.7258811
v 0.09544287 -0.054862056 1.7258077
v 0.08982682 -0.07474544 1.7058318
v 0.10037622 -0.04847219 1.7057366
v 0.06722638 -0.10784269 1.7398745
v 0.0566079 -0.11328971 1.7599716
v 0.07737051 -0.107875556 1.7142798
v 0.062400233 -0.111417145 1.7356031
v 0.09689375 -0.08429474 1.6803895
v 0.07256564 -0.111441314 1.708374
v 0.09769141 -0.08686629 1.6720076
v 0.10805469 -0.031444706 1.7258971
v 0.11434509 -0.015582836 1.714209
v 0.111729756 -0.047294155 1.6803677
v 0.11397477 -0.046242617 1.6720113
v 0.11327183 -0.009833461 1.7083387
v 0.107314005 -0.0077006235 1.7398422
v 0.103670105 0.0043137628 1.7598917
v 0.106243454 -0.0018421444 1.7356454
v -0.06678749 0.021054506 1.5531061
v -0.068550564 0.019491263 1.5518113
v -0.06889419 0.019908104 1.5486379
v -0.06611177 0.020314936 1.5538439
v -0.0679681 0.018784655 1.5525666
v -0.06494239 0.021278827 1.5533139
v -0.06982447 0.017254395 1.5538439
v -0.06582486 0.021848368 1.5527548
v -0.06889419 0.019908104 1.5486379
v -0.063748226 0.02226317 1.5517546
v -0.070421495 0.018058863 1.5531062
v -0.06889419 0.019908104 1.5486379
v -0.07099374 0.016290467 1.5533137
v -0.07138452 0.01726537 1.5527548
v -0.07218793 0.015306036 1.5517547
v -0.06475111 0.022676954 1.5514003
v -0.06889419 0.019908104 1.5486379
v -0.063234985 0.022686316 1.5493194
v -0.07240273 0.016369484 1.5514003
v -0.06889419 0.019908104 1.5486379
v -0.07270124 0.014882948 1.5493194
v -0.07275582 0.015967125 1.5493226
v -0.06889419 0.019908104 1.5486379
v -0.071121834 0.016184874 1.5454472
v -0.07122583 0.017012287 1.5458548
v -0.06889419 0.019908104 1.5486379
v -0.06796808 0.018784665 1.542278
v -0.064288825 0.022946864 1.5493226
v -0.06889419 0.019908104 1.5486379
v -0.065606676 0.021644361 1.5458548
v -0.06889419 0.019908104 1.5486379
v -0.0648143 0.021384403 1.5454472
v -0.06832398 0.019216336 1.5430044
v -0.06889419 0.019908104 1.5486379
v -0.06889419 0.019908104 1.5486379
v -0.06704953 0.01767035 1.5486435
v -0.07011133 0.015720926 1.5527546
v -0.06914864 0.016514765 1.5531061
v -0.07099374 0.016290467 1.5533137
v -0.06982447 0.017254395 1.5538439
v -0.07218793 0.015306036 1.5517547
v -0.06738562 0.018078014 1.5518115
v -0.06704953 0.01767035 1.5486435
v -0.0679681 0.018784655 1.5525666
v -0.06611177 0.020314936 1.5538439
v -0.071185075 0.014892324 1.5514003
v -0.06704953 0.01767035 1.5486435
v -0.07270124 0.014882948 1.5493194
v -0.06551462 0.019510396 1.5531061
v -0.06704953 0.01767035 1.5486435
v -0.06494239 0.021278827 1.5533139
v -0.064551726 0.020303931 1.5527546
v -0.063748226 0.02226317 1.5517546
v -0.06353345 0.021199804 1.5514004
v -0.06704953 0.01767035 1.5486435
v -0.063234985 0.022686316 1.5493194
v -0.06318033 0.021602161 1.5493226
v -0.06704953 0.01767035 1.5486435
v -0.0648143 0.021384403 1.5454472
v -0.06471029 0.020556951 1.5458548
v -0.06704953 0.01767035 1.5486435
v -0.06796808 0.018784665 1.542278
v -0.067612246 0.018352974 1.5430044
v -0.06704953 0.01767035 1.5486435
v -0.07032947 0.015924897 1.5458549
v -0.06704953 0.01767035 1.5486435
v -0.071121834 0.016184874 1.5454472
v -0.07164742 0.014622481 1.5493226
v -0.06704953 0.01767035 1.5486435
v -0.06704953 0.01767035 1.5486435
v -0.071515694 0.014910047 1.6237384
v -0.070243016 0.013746765 1.6247582
v -0.07209764 0.008816086 1.6211531
v -0.07329998 0.010155698 1.6203616
v -0.07027431 0.013635616 1.6223674
v -0.07152324 0.010291909 1.6197143
v -0.07333848 0.0054435814 1.6141775
v -0.072580025 0.0073918025 1.6137232
v -0.07444256 0.007037576 1.6139112
v -0.07316298 0.0057787285 1.606339
v -0.07242357 0.0076774657 1.6069915
v -0.07427714 0.0073479577 1.606664
v -0.07161808 0.009732059 1.5997399
v -0.071095906 0.011072628 1.6013236
v -0.07284838 0.011002688 1.6005626
v -0.06911775 0.016244043 1.5961456
v -0.068952695 0.016667148 1.5982357
v -0.070539 0.017023392 1.5972394
v -0.070539 0.017023392 1.5972394
v -0.066331916 0.023570197 1.5965213
v -0.06656831 0.022962416 1.5985594
v -0.06796693 0.02379884 1.5975834
v -0.06400709 0.029747006 1.600765
v -0.064581476 0.02827116 1.602204
v -0.06582084 0.029514369 1.6015061
v -0.06276596 0.03311985 1.6077402
v -0.06352464 0.031171236 1.6081948
v -0.06467632 0.032637723 1.607957
v -0.06294145 0.032784645 1.615579
v -0.063680954 0.030885402 1.6149267
v -0.064840786 0.032330167 1.6152089
v -0.06448637 0.028831257 1.6221778
v -0.06500861 0.027490582 1.6205949
v -0.0662704 0.028672852 1.6213151
v -0.06542866 0.026384635 1.6239944
v -0.06721007 0.026231136 1.6231216
v -0.06594593 0.025051255 1.6223367
v -0.07027431 0.013635616 1.6223674
v -0.070243016 0.013746765 1.6247582
v -0.071515694 0.014910047 1.6237384
v -0.06900745 0.012455209 1.62317
v -0.07152324 0.010291909 1.6197143
v -0.07209764 0.008816086 1.6211531
v -0.070283666 0.009048868 1.6204121
v -0.072580025 0.0073918025 1.6137232
v -0.07142823 0.005925474 1.6139611
v -0.07333848 0.0054435814 1.6141775
v -0.07242357 0.0076774657 1.6069915
v -0.07126389 0.0062330835 1.60671
v -0.07316298 0.0057787285 1.606339
v -0.071095906 0.011072628 1.6013236
v -0.06983421 0.00989028 1.6006031
v -0.07161808 0.009732059 1.5997399
v -0.068952695 0.016667148 1.5982357
v -0.06752282 0.015916279 1.5972797
v -0.06911775 0.016244043 1.5961456
v -0.06656831 0.022962416 1.5985594
v -0.06752282 0.015916279 1.5972797
v -0.06494949 0.022694433 1.5976287
v -0.066331916 0.023570197 1.5965213
v -0.064581476 0.02827116 1.602204
v -0.062804475 0.02840752 1.6015562
v -0.06400709 0.029747006 1.600765
v -0.06352464 0.031171236 1.6081948
v -0.06166203 0.03152567 1.6080077
v -0.06276596 0.03311985 1.6077402
v -0.063680954 0.030885402 1.6149267
v -0.06294145 0.032784645 1.615579
v -0.061827507 0.03121527 1.6152542
v -0.06500861 0.027490582 1.6205949
v -0.06325602 0.027560439 1.6213549
v -0.06448637 0.028831257 1.6221778
v -0.06542866 0.026384635 1.6239944
v -0.06418446 0.02514791 1.6231475
v -0.06594593 0.025051255 1.6223367
v -0.06721007 0.026231136 1.6231216
v 0.06933436 0.021202045 1.5595148
v 0.06988116 0.021000814 1.5540199
v 0.07289344 0.027481493 1.5572115
v 0.072136916 0.026910102 1.5618502
v 0.07119273 0.025974683 1.568119
v 0.06872279 0.021317748 1.5664414
v 0.07019163 0.02500205 1.5747284
v 0.06821246 0.0215627 1.573863
v 0.07048263 0.023059245 1.5821631
v 0.06786512 0.02141785 1.5817757
v 0.06836449 0.020172663 1.587897
v 0.0672248 0.019689938 1.5878035
v 0.06867504 0.020624518 1.5914273
v 0.07548663 0.022268075 1.5856484
v 0.08039581 0.024435746 1.5808792
v 0.07443044 0.022753203 1.5766727
v 0.08294436 0.023827206 1.5778487
v 0.07630863 0.021986783 1.5733981
v 0.0671004 0.019905025 1.5912834
v 0.06618195 0.019018872 1.5878762
v 0.06550027 0.020175021 1.5809132
v 0.06562438 0.01900273 1.5914235
v 0.062517196 0.018823797 1.5817792
v 0.060373515 0.014232712 1.5856508
v 0.065106116 0.019965647 1.5720868
v 0.05642203 0.010160429 1.5802637
v 0.061146695 0.020203471 1.5731133
v 0.061146673 0.014162611 1.5760511
v 0.06022541 0.013435152 1.5733982
v 0.054988883 0.008962999 1.5778484
v 0.06503765 0.019360078 1.5638074
v 0.05979475 0.019919876 1.5657183
v 0.064795315 0.018789597 1.5560259
v 0.05849687 0.019659426 1.5586717
v 0.05759076 0.019348592 1.5534039
v 0.064655036 0.018220833 1.54981
v 0.11372581 0.057302583 1.6659374
v 0.11483194 0.0571818 1.6959468
v 0.111022584 0.072018065 1.7005416
v 0.10728797 0.082376145 1.6737027
v 0.09693939 0.053550005 1.6536415
v 0.10767412 0.082603656 1.7125458
v 0.08921406 0.08363829 1.6629598
v 0.076528385 0.04575958 1.6586715
v 0.07010984 0.07075807 1.6664135
v 0.10162899 0.10026595 1.69399
v 0.10568361 0.08610211 1.7287431
v 0.08242325 0.10510603 1.6873049
v 0.06446776 0.08859434 1.6866401
v 0.09826515 0.1061784 1.7213638
v 0.10558467 0.081576094 1.7447935
v 0.07838661 0.11220103 1.7201532
v 0.06111399 0.09448908 1.7139318
v 0.098097764 0.098529376 1.7484889
v 0.107403554 0.070238315 1.7563958
v 0.078185804 0.103022166 1.7527033
v 0.060947146 0.08686295 1.7409759
v 0.1011718 0.07936827 1.7680974
v 0.11065301 0.055126682 1.7604419
v 0.08187462 0.080028854 1.7762334
v 0.06401196 0.0677592 1.7605258
v 0.10666347 0.053829383 1.7749351
v 0.1144624 0.040290415 1.7558471
v 0.08846462 0.04938218 1.7844387
v 0.06948716 0.042296775 1.7673428
v 0.11310131 0.028755834 1.7671697
v 0.11781084 0.029704852 1.7438427
v 0.09619003 0.01929392 1.7751205
v 0.07590575 0.017298305 1.7596008
v 0.118760295 0.010866005 1.7468823
v 0.11980126 0.026206383 1.7276454
v 0.1029808 -0.0021738876 1.7507756
v 0.08154782 -0.0005379365 1.7393742
v 0.12212417 0.004953532 1.7195086
v 0.11990025 0.03073242 1.7115953
v 0.1070174 -0.009268871 1.7179271
v 0.08490152 -0.0064327293 1.7120825
v 0.122291446 0.012602627 1.6923835
v 0.118081376 0.04207021 1.6999928
v 0.107218206 -8.995011E-05 1.6853769
v 0.085068405 0.0011934531 1.6850386
v 0.119217485 0.031763706 1.672775
v 0.11483194 0.0571818 1.6959468
v 0.11372581 0.057302583 1.6659374
v 0.10352939 0.02290332 1.6618468
v 0.08200358 0.020297162 1.6654887
v 0.09693939 0.053550005 1.6536415
v 0.076528385 0.04575958 1.6586715
v 0.10241286 0.041570917 1.7633114
v 0.12434337 0.043111935 1.766561
v 0.104995236 0.034375027 1.7584858
v 0.11929187 0.052577637 1.7738423
v 0.10043457 0.05183932 1.758801
v 0.113792285 0.06318412 1.7649286
v 0.14117977 0.053805225 1.7713495
v 0.12627046 0.07324628 1.770371
v 0.13529548 0.06364387 1.7795117
v 0.13832802 0.08364645 1.7660481
v 0.154817 0.06548879 1.764592
v 0.14954834 0.07542033 1.7719576
v 0.15058242 0.09820819 1.740604
v 0.16323654 0.09235941 1.7424242
v 0.16629806 0.08080643 1.7380834
v 0.16605248 0.10149874 1.714404
v 0.15405174 0.10656088 1.714128
v 0.16845915 0.08977943 1.7111677
v 0.16690278 0.108813405 1.6864619
v 0.15547718 0.113624334 1.6868606
v 0.169061 0.09736758 1.683571
v 0.15967052 0.128199 1.6274452
v 0.17017475 0.124216706 1.6270758
v 0.17224592 0.113719106 1.6243852
v 0.17542648 0.1232867 1.5922076
v 0.17302637 0.13329369 1.5948285
v 0.1628184 0.13680966 1.594744
v 0.17946537 0.13396765 1.5587621
v 0.17659143 0.14348768 1.5612888
v 0.16663232 0.14645065 1.5606275
v 0.18208084 0.14014368 1.5406975
v 0.17301795 0.12947467 1.5560992
v 0.17251793 0.13987316 1.5392653
v 0.17706902 0.15205564 1.5119761
v 0.17890516 0.14940867 1.5431458
v 0.16773605 0.14877677 1.5414244
v 0.18664081 0.14993963 1.5135301
v 0.17336111 0.16094266 1.514238
v 0.17251793 0.13987316 1.5392653
v 0.17706902 0.15205564 1.5119761
v 0.18298347 0.15882666 1.5158043
v 0.17980222 0.17163464 1.483142
v 0.18409559 0.16316564 1.4811764
v 0.19271314 0.17498264 1.4507298
v 0.19343503 0.16167864 1.4833989
v 0.18409559 0.16316564 1.4811764
v 0.19271314 0.17498264 1.4507298
v 0.1891765 0.17014667 1.485373
v 0.18778422 0.18301965 1.4522703
v 0.20312795 0.18733066 1.4209535
v 0.20180076 0.17417166 1.4536424
v 0.20312795 0.18733066 1.4209535
v 0.19759397 0.19491063 1.4219579
v 0.21563266 0.19997764 1.3921356
v 0.19689365 0.18220867 1.4551893
v 0.21188235 0.18724366 1.4245279
v 0.21563266 0.19997764 1.3921356
v 0.20635843 0.19482167 1.4255339
v 0.20956615 0.20705067 1.3925128
v 0.22963671 0.21261962 1.3643082
v 0.22395664 0.20065266 1.3962858
v 0.22963671 0.21261962 1.3643082
v 0.2178901 0.20772663 1.3966622
v 0.22310951 0.21912564 1.3640039
v 0.23096935 0.22059165 1.3685975
v 0.23720524 0.23075862 1.3363817
v 0.24406523 0.22489563 1.3373463
v 0.2583335 0.23637664 1.3112112
v 0.23749651 0.21408564 1.3689018
v 0.25141254 0.22715361 1.3421723
v 0.24406523 0.22489563 1.3373463
v 0.24455255 0.23301667 1.3412068
v 0.26515707 0.23939061 1.3159894
v 0.2583335 0.23637664 1.3112112
v 0.25128502 0.24152061 1.3096957
v 0.27808523 0.2502416 1.2901845
v 0.27176303 0.24656862 1.285807
v 0.28357792 0.25491366 1.260972
v 0.25810868 0.24453364 1.3144711
v 0.26468083 0.2509326 1.2839438
v 0.27176303 0.24656862 1.285807
v 0.28357792 0.25491366 1.260972
v 0.27100298 0.25460657 1.2883214
v 0.2894403 0.25906765 1.2645394
v 0.27663192 0.25847363 1.2590703
v 0.28632137 0.26359263 1.2349237
v 0.29291257 0.26079258 1.2364849
v 0.29882076 0.2635276 1.2120554
v 0.2824943 0.26262864 1.262638
v 0.2983167 0.26511967 1.2388191
v 0.29291257 0.26079258 1.2364849
v 0.29172656 0.2679196 1.2372589
v 0.30362266 0.2675556 1.2128681
v 0.29882076 0.2635276 1.2120554
v 0.2929163 0.2657026 1.211169
v 0.30026793 0.26236463 1.1872997
v 0.2977182 0.2697316 1.211982
v 0.30412865 0.2655216 1.1867263
v 0.30026793 0.26236463 1.1872997
v 0.29551974 0.26409155 1.1871637
v 0.2986177 0.2583206 1.1605619
v 0.29610407 0.25645956 1.1617507
v 0.2993794 0.26724756 1.1865903
v 0.29301217 0.25775963 1.1620309
v 0.29610407 0.25645956 1.1617507
v 0.2850775 0.2448616 1.1348805
v 0.28595343 0.24543661 1.1342672
v 0.2850775 0.2448616 1.1348805
v 0.29552588 0.25962064 1.1608429
v 0.2839973 0.2453916 1.1350607
v 0.2776907 0.23751658 1.1210432
v 0.2776847 0.23751359 1.1210493
v 0.28487524 0.24596757 1.1344475
v 0.2776837 0.23752262 1.1210451
v 0.2776757 0.2375196 1.1210512
v 0.2776847 0.23751359 1.1210493
v 0.17301795 0.12947467 1.5560992
v 0.17542648 0.1232867 1.5922076
v 0.17946537 0.13396765 1.5587621
v 0.17358218 0.11503863 1.5893632
v 0.1738857 0.101473674 1.620736
v 0.17224592 0.113719106 1.6243852
v 0.169061 0.09736758 1.683571
v 0.17293033 0.10071765 1.5847611
v 0.1720123 0.08631268 1.6158602
v 0.17392986 0.07722146 1.6775743
v 0.17042068 0.061426327 1.6719829
v 0.17089653 0.08173148 1.7094483
v 0.16845915 0.08977943 1.7111677
v 0.16629806 0.08080643 1.7380834
v 0.16577423 0.070328206 1.734894
v 0.154817 0.06548879 1.764592
v 0.17263341 0.06614901 1.7044069
v 0.150895 0.05727383 1.7551312
v 0.14117977 0.053805225 1.7713495
v 0.16851921 0.05080623 1.6974989
v 0.1672815 0.05488103 1.7283136
v 0.13848583 0.049546618 1.7616841
v 0.12434337 0.043111935 1.766561
v 0.16311318 0.040826958 1.7187314
v 0.15288006 0.041931108 1.7457701
v 0.12306592 0.041879144 1.7610326
v 0.104995236 0.034375027 1.7584858
v 0.14981742 0.03044213 1.7323289
v 0.14181885 0.035045512 1.7500116
v 0.12808916 0.028792374 1.7498621
v 0.11075902 0.023953369 1.7473571
v 0.1409883 0.025713932 1.7348294
v 0.13111898 0.021931762 1.7339914
v 0.116109475 0.019398546 1.7313066
v 0.1187263 0.02023566 1.7119524
v 0.1309993 0.02149082 1.7149262
v 0.14254133 0.024648568 1.7153928
v 0.14974207 0.029173497 1.704662
v 0.15566568 0.034406308 1.686945
v 0.1583802 0.039918695 1.6632154
v 0.16089065 0.061160028 1.6064335
v 0.16394635 0.07365968 1.5744824
v 0.16806817 0.088662215 1.5415083
v 0.17395552 0.116266645 1.5520145
v 0.17065915 0.096931465 1.5244753
v 0.17458412 0.12440561 1.5351124
v 0.17663528 0.11484194 1.4913542
v 0.17251793 0.13987316 1.5392653
v 0.17847188 0.14244838 1.5009438
v 0.18040186 0.1246291 1.4745663
v 0.16632585 0.16054536 1.5044037
v 0.16773605 0.14877677 1.5414244
v 0.17899401 0.1504874 1.483081
v 0.18445928 0.13467179 1.457735
v 0.18024738 0.15847865 1.4649843
v 0.16493379 0.16677338 1.4853177
v 0.18575048 0.17567566 1.4289398
v 0.19345585 0.15516849 1.4241867
v 0.16416223 0.17288266 1.4659224
v 0.19373657 0.19232883 1.3925946
v 0.2042625 0.17490791 1.3902798
v 0.16546965 0.18614364 1.4271967
v 0.20253444 0.20765926 1.3559763
v 0.21713397 0.19347358 1.355931
v 0.16923775 0.19861266 1.38834
v 0.2104952 0.22058564 1.3190876
v 0.22737247 0.21057396 1.3211807
v 0.23546474 0.22321609 1.285117
v 0.17529066 0.20969765 1.349736
v 0.13318986 0.16359067 1.479349
v 0.13397321 0.16824767 1.45905
v 0.13887872 0.15400167 1.4544582
v 0.13738988 0.17738765 1.4182786
v 0.14394628 0.18594465 1.3780363
v 0.13285878 0.15893266 1.4994377
v 0.13380918 0.14976873 1.5386808
v 0.12976168 0.15454663 1.4983289
v 0.12963843 0.15795766 1.4782456
v 0.1297123 0.16124964 1.4577034
v 0.13089219 0.14726567 1.5383323
v 0.1348847 0.14531867 1.5576493
v 0.16663232 0.14645065 1.5606275
v 0.13162336 0.14364569 1.557248
v 0.13750878 0.13676868 1.5938832
v 0.1628184 0.13680966 1.594744
v 0.1328659 0.13647169 1.5930173
v 0.1401261 0.12873192 1.6273849
v 0.15967052 0.128199 1.6274452
v 0.13331972 0.12933527 1.6264056
v 0.14569862 0.11432871 1.6848493
v 0.15547718 0.113624334 1.6868606
v 0.13400388 0.11576874 1.6828053
v 0.15405174 0.10656088 1.714128
v 0.14730224 0.106884256 1.710656
v 0.13408282 0.10890414 1.7061187
v 0.15058242 0.09820819 1.740604
v 0.14667752 0.09698463 1.7346406
v 0.1332606 0.102338046 1.7256646
v 0.13624811 0.086332224 1.7541735
v 0.13832802 0.08364645 1.7660481
v 0.12886944 0.09378791 1.7442601
v 0.12681489 0.07994853 1.7605125
v 0.12627046 0.07324628 1.770371
v 0.12390854 0.08771286 1.7529441
v 0.11351416 0.075996175 1.7596564
v 0.113792285 0.06318412 1.7649286
v 0.0980287 0.064806074 1.7560239
v 0.10043457 0.05183932 1.758801
v 0.111854754 0.041779798 1.6974043
v 0.10175267 0.076222636 1.6978654
v 0.09720504 0.07304783 1.7074873
v 0.11354739 0.042696647 1.6939611
v 0.1187263 0.02023566 1.7119524
v 0.1309993 0.02149082 1.7149262
v 0.11572651 0.043721747 1.6909924
v 0.14254133 0.024648568 1.7153928
v 0.14974207 0.029173497 1.704662
v 0.11776285 0.04467071 1.6877638
v 0.10482244 0.07860369 1.691873
v 0.108008385 0.08104543 1.6829438
v 0.121934794 0.04698708 1.677627
v 0.15566568 0.034406308 1.686945
v 0.11142644 0.08377675 1.667557
v 0.12493578 0.04991711 1.6611544
v 0.1583802 0.039918695 1.6632154
v 0.16089065 0.061160028 1.6064335
v 0.13041042 0.06112141 1.6061431
v 0.11915721 0.08892063 1.6127139
v 0.12409786 0.09354521 1.5786299
v 0.13549514 0.06942783 1.5728256
v 0.16394635 0.07365968 1.5744824
v 0.12871012 0.098979585 1.541739
v 0.1423059 0.07952472 1.5377458
v 0.16806817 0.088662215 1.5415083
v 0.13186423 0.10252886 1.5222505
v 0.14671463 0.08540201 1.5193383
v 0.17065915 0.096931465 1.5244753
v 0.14077972 0.11098713 1.4833829
v 0.15744045 0.09838012 1.4831424
v 0.17663528 0.11484194 1.4913542
v 0.14683263 0.1153477 1.4636915
v 0.16394015 0.105729416 1.4651943
v 0.18040186 0.1246291 1.4745663
v 0.15257283 0.11994968 1.4449234
v 0.17089309 0.11384661 1.4481595
v 0.18445928 0.13467179 1.457735
v 0.16846181 0.13134465 1.4096055
v 0.18631768 0.1318316 1.4149323
v 0.19345585 0.15516849 1.4241867
v 0.18827459 0.14454766 1.375137
v 0.20365664 0.15109165 1.3826274
v 0.2042625 0.17490791 1.3902798
v 0.2097938 0.15939069 1.3415703
v 0.2217553 0.17134568 1.350047
v 0.21713397 0.19347358 1.355931
v 0.23771845 0.19051662 1.3187637
v 0.22782268 0.17466962 1.3101302
v 0.22737247 0.21057396 1.3211807
v 0.24347012 0.19043262 1.2783561
v 0.24986036 0.20848764 1.2856145
v 0.23546474 0.22321609 1.285117
v 0.25667188 0.20511559 1.2460247
v 0.25947425 0.22353561 1.2505155
v 0.24353616 0.2347593 1.2490348
v 0.26282936 0.21235663 1.2276527
v 0.26318362 0.22989562 1.2316746
v 0.24746121 0.23750253 1.230003
v 0.26713607 0.21779262 1.2104986
v 0.26587653 0.23431861 1.2135482
v 0.25075093 0.2422026 1.2125322
v 0.27099955 0.22364157 1.1784965
v 0.26829392 0.2375316 1.1787443
v 0.25492725 0.2424296 1.1780218
v 0.2701991 0.22377962 1.1541442
v 0.2674157 0.23492765 1.1530972
v 0.26388332 0.2277986 1.1273172
v 0.25632113 0.23837164 1.1528484
v 0.26611775 0.21995862 1.1288345
v 0.25587326 0.23009562 1.1274637
v 0.2587054 0.21203062 1.1025594
v 0.25326273 0.21725063 1.1017115
v 0.25747094 0.21608764 1.1015295
v 0.2542137 0.20709257 1.0891949
v 0.2514365 0.20973957 1.0887436
v 0.25357923 0.20914963 1.0886384
v 0.24949737 0.2018766 1.0757651
v 0.1142506 0.088055685 1.6705586
v 0.108008385 0.08104543 1.6829438
v 0.11142644 0.08377675 1.667557
v 0.11915721 0.08892063 1.6127139
v 0.12673289 0.10389421 1.6199595
v 0.1298857 0.11193671 1.5875316
v 0.12626362 0.09581539 1.5794653
v 0.13076223 0.120027676 1.552291
v 0.13613921 0.10416563 1.5427096
v 0.13092421 0.12409664 1.5336342
v 0.1416325 0.10906547 1.5246098
v 0.13131192 0.13228063 1.4941983
v 0.1507973 0.11946668 1.487121
v 0.15478748 0.12559764 1.4682335
v 0.1318389 0.13613668 1.4744394
v 0.15852557 0.13189864 1.4493468
v 0.14448982 0.16395468 1.4146307
v 0.1671434 0.14481263 1.4119345
v 0.17342329 0.14398925 1.4128801
v 0.15290502 0.1735816 1.3755959
v 0.1777232 0.15774667 1.3754913
v 0.1898256 0.15824758 1.3784992
v 0.15287045 0.19345564 1.3389027
v 0.18961075 0.17014666 1.3402143
v 0.20598796 0.17385933 1.3453693
v 0.16335149 0.18240166 1.3378266
v 0.18239968 0.21873161 1.3115616
v 0.20147766 0.1813706 1.3059975
v 0.2216048 0.1900496 1.3130674
v 0.21257932 0.19067664 1.2727416
v 0.23265637 0.2037306 1.2809291
v 0.24290814 0.21697861 1.2456234
v 0.17459485 0.18989463 1.3016442
v 0.16303724 0.19943063 1.3013937
v 0.21677959 0.2305376 1.281635
v 0.19004944 0.22499463 1.2742157
v 0.22252133 0.2362116 1.2438126
v 0.24353616 0.2347593 1.2490348
v 0.24746121 0.23750253 1.230003
v 0.17367019 0.20340163 1.266061
v 0.22495067 0.23704462 1.2248192
v 0.25094077 0.22909066 1.209747
v 0.19755475 0.22774261 1.2380327
v 0.18583503 0.19552666 1.2673776
v 0.1838832 0.20497862 1.2332202
v 0.20100316 0.22756664 1.2204463
v 0.22691694 0.23631862 1.2058476
v 0.22889316 0.22953862 1.1682462
v 0.25078255 0.22474259 1.1702945
v 0.20410444 0.22623064 1.2031838
v 0.18855333 0.20477363 1.2177175
v 0.19617327 0.19878861 1.2351227
v 0.2220825 0.19721961 1.240177
v 0.22722144 0.2147516 1.1317279
v 0.24568751 0.2109036 1.131927
v 0.20882088 0.21965861 1.1694763
v 0.1928054 0.20385362 1.2026925
v 0.20072205 0.19938163 1.2196791
v 0.24163182 0.21424463 1.2452033
v 0.2206111 0.19113359 1.096856
v 0.23418994 0.18770762 1.0959748
v 0.21489279 0.15550461 1.0629116
v 0.21074134 0.20696364 1.136231
v 0.19969054 0.1995936 1.1734259
v 0.22595279 0.1991576 1.2240266
v 0.24426317 0.2166126 1.22763
v 0.24753588 0.22183359 1.2283058
v 0.25094077 0.22909066 1.209747
v 0.20471773 0.19918764 1.2045568
v 0.22907205 0.20002563 1.2078743
v 0.24619262 0.21752861 1.2094008
v 0.25078255 0.22474259 1.1702945
v 0.23252624 0.1979616 1.175287
v 0.21063359 0.1960836 1.1746931
v 0.2471287 0.21404661 1.172455
v 0.2429716 0.20243563 1.1356646
v 0.24568751 0.2109036 1.131927
v 0.23126583 0.18971862 1.141858
v 0.20374046 0.19108163 1.1433862
v 0.23233823 0.1820586 1.100006
v 0.23418994 0.18770762 1.0959748
v 0.2239756 0.1739096 1.1071107
v 0.21300875 0.18827665 1.1438493
v 0.20380676 0.17603959 1.1103139
v 0.21388024 0.1527966 1.0656432
v 0.21489279 0.15550461 1.0629116
v 0.21063629 0.17372459 1.1102484
v 0.20934807 0.14919563 1.0705198
v 0.2012446 0.13480358 1.0486546
v 0.20176595 0.1361396 1.047182
v 0.18739647 0.11569459 1.0317265
v 0.19891872 0.13307962 1.0512866
v 0.20214237 0.14981961 1.0727948
v 0.1952297 0.13350861 1.0525211
v 0.19845746 0.1513366 1.0729228
v 0.19334523 0.13432764 1.052595
v 0.20867486 0.18655062 1.1024897
v 0.20110758 0.1562996 1.067606
v 0.2075638 0.15793762 1.0636729
v 0.20176595 0.1361396 1.047182
v 0.19801818 0.1374746 1.0476025
v 0.19471055 0.1367616 1.0497295
v 0.2542137 0.20709257 1.0891949
v 0.24949737 0.2018766 1.0757651
v 0.25207198 0.20768158 1.0893006
v 0.25449714 0.2131936 1.1027415
v 0.2587054 0.21203062 1.1025594
v 0.25810662 0.22225563 1.1289821
v 0.26611775 0.21995862 1.1288345
v 0.2591045 0.22722267 1.1538949
v 0.2701991 0.22377962 1.1541442
v 0.25763285 0.22853859 1.177776
v 0.27099955 0.22364157 1.1784965
v 0.25585273 0.22795562 1.190791
v 0.26713607 0.21779262 1.2104986
v 0.25222322 0.22566763 1.2094761
v 0.26282936 0.21235663 1.2276527
v 0.24753588 0.22183359 1.2283058
v 0.25667188 0.20511559 1.2460247
v 0.24290814 0.21697861 1.2456234
v 0.23265637 0.2037306 1.2809291
v 0.24347012 0.19043262 1.2783561
v 0.22782268 0.17466962 1.3101302
v 0.2216048 0.1900496 1.3130674
v 0.20598796 0.17385933 1.3453693
v 0.2097938 0.15939069 1.3415703
v 0.1898256 0.15824758 1.3784992
v 0.18827459 0.14454766 1.375137
v 0.17342329 0.14398925 1.4128801
v 0.16846181 0.13134465 1.4096055
v 0.15852557 0.13189864 1.4493468
v 0.15257283 0.11994968 1.4449234
v 0.14683263 0.1153477 1.4636915
v 0.15478748 0.12559764 1.4682335
v 0.14077972 0.11098713 1.4833829
v 0.1507973 0.11946668 1.487121
v 0.1416325 0.10906547 1.5246098
v 0.13186423 0.10252886 1.5222505
v 0.13613921 0.10416563 1.5427096
v 0.12871012 0.098979585 1.541739
v 0.12626362 0.09581539 1.5794653
v 0.12409786 0.09354521 1.5786299
v 0.11915721 0.08892063 1.6127139
v 0.25207198 0.20768158 1.0893006
v 0.24949737 0.2018766 1.0757651
v 0.2514365 0.20973957 1.0887436
v 0.25449714 0.2131936 1.1027415
v 0.25326273 0.21725063 1.1017115
v 0.25810662 0.22225563 1.1289821
v 0.25587326 0.23009562 1.1274637
v 0.25632113 0.23837164 1.1528484
v 0.2591045 0.22722267 1.1538949
v 0.25492725 0.2424296 1.1780218
v 0.25763285 0.22853859 1.177776
v 0.25094077 0.22909066 1.209747
v 0.25585273 0.22795562 1.190791
v 0.25075093 0.2422026 1.2125322
v 0.24746121 0.23750253 1.230003
v 0.25222322 0.22566763 1.2094761
v 0.24753588 0.22183359 1.2283058
v 0.13800855 0.15789062 1.4149721
v 0.13887872 0.15400167 1.4544582
v 0.1297123 0.16124964 1.4577034
v 0.13104114 0.16722265 1.4156617
v 0.14157788 0.1632707 1.3735436
v 0.12558876 0.14995366 1.4554983
v 0.12963843 0.15795766 1.4782456
v 0.13486509 0.1718207 1.3736484
v 0.12769847 0.15625466 1.4137765
v 0.13973616 0.17408565 1.33843
v 0.14605655 0.16631566 1.338858
v 0.13213925 0.1613986 1.3722078
v 0.14565568 0.17441663 1.3036191
v 0.15132496 0.16761161 1.304534
v 0.13742127 0.16437966 1.3374674
v 0.13885203 0.15284863 1.3721046
v 0.15254392 0.17233065 1.2693197
v 0.15095817 0.16506366 1.2694345
v 0.15727995 0.16674669 1.2705872
v 0.16027829 0.16731162 1.235631
v 0.16378275 0.16326362 1.2369825
v 0.14370832 0.16573362 1.3031986
v 0.14374165 0.15660967 1.3378952
v 0.16870315 0.15883265 1.2026465
v 0.17065187 0.15665363 1.203643
v 0.17765604 0.1463559 1.170449
v 0.16803852 0.15586464 1.2032136
v 0.16998726 0.15368459 1.2042089
v 0.159101 0.16193165 1.2361426
v 0.16260543 0.15788262 1.2374941
v 0.14937662 0.15892866 1.3041127
v 0.15569517 0.1594786 1.2707002
v 0.16378275 0.16326362 1.2369825
v 0.17065187 0.15665363 1.203643
v 0.17765604 0.1463559 1.170449
v 0.15727995 0.16674669 1.2705872
v 0.15132496 0.16761161 1.304534
v 0.14605655 0.16631566 1.338858
v 0.14157788 0.1632707 1.3735436
v 0.13800855 0.15789062 1.4149721
v 0.13464393 0.14692268 1.4130808
v 0.13887872 0.15400167 1.4544582
v 0.13248198 0.13989466 1.4542625
v 0.1318389 0.13613668 1.4744394
v 0.1250687 0.14655872 1.475921
v 0.13131192 0.13228063 1.4941983
v 0.12471056 0.14307362 1.4959091
v 0.12976168 0.15454663 1.4983289
v 0.13092421 0.12409664 1.5336342
v 0.12474515 0.13571766 1.5357705
v 0.13089219 0.14726567 1.5383323
v 0.13076223 0.120027676 1.552291
v 0.12488156 0.13208964 1.55463
v 0.13162336 0.14364569 1.557248
v 0.1248084 0.1249627 1.5902853
v 0.1298857 0.11193671 1.5875316
v 0.12319692 0.117996134 1.6233169
v 0.1328659 0.13647169 1.5930173
v 0.12673289 0.10389421 1.6199595
v 0.13331972 0.12933527 1.6264056
v 0.1142506 0.088055685 1.6705586
v 0.13400388 0.11576874 1.6828053
v 0.11933935 0.10524942 1.6767535
v 0.108008385 0.08104543 1.6829438
v 0.13408282 0.10890414 1.7061187
v 0.116479814 0.10048963 1.6948905
v 0.10482244 0.07860369 1.691873
v 0.112469606 0.09683838 1.7083348
v 0.1332606 0.102338046 1.7256646
v 0.10175267 0.076222636 1.6978654
v 0.10730268 0.092875704 1.719082
v 0.12886944 0.09378791 1.7442601
v 0.12390854 0.08771286 1.7529441
v 0.10401805 0.09039532 1.7234734
v 0.09720504 0.07304783 1.7074873
v 0.11351416 0.075996175 1.7596564
v 0.1000269 0.08748321 1.7268319
v 0.09329953 0.081639454 1.7269388
v 0.0980287 0.064806074 1.7560239
v -0.11372581 0.057302583 1.6659374
v -0.111022584 0.072018065 1.7005416
v -0.11483194 0.0571818 1.6959468
v -0.10728797 0.082376145 1.6737027
v -0.09693939 0.053550005 1.6536415
v -0.10767412 0.082603656 1.7125458
v -0.08921406 0.08363829 1.6629598
v -0.076528385 0.04575958 1.6586715
v -0.07010984 0.07075807 1.6664135
v -0.10162899 0.10026595 1.69399
v -0.10568361 0.08610211 1.7287431
v -0.08242325 0.10510603 1.6873049
v -0.06446776 0.08859434 1.6866401
v -0.09826515 0.1061784 1.7213638
v -0.10558467 0.081576094 1.7447935
v -0.07838661 0.11220103 1.7201532
v -0.06111399 0.09448908 1.7139318
v -0.098097764 0.098529376 1.7484889
v -0.107403554 0.070238315 1.7563958
v -0.078185804 0.103022166 1.7527033
v -0.060947146 0.08686295 1.7409759
v -0.1011718 0.07936827 1.7680974
v -0.11065301 0.055126682 1.7604419
v -0.08187462 0.080028854 1.7762334
v -0.06401196 0.0677592 1.7605258
v -0.10666347 0.053829383 1.7749351
v -0.1144624 0.040290415 1.7558471
v -0.08846462 0.04938218 1.7844387
v -0.06948716 0.042296775 1.7673428
v -0.11310131 0.028755834 1.7671697
v -0.11781084 0.029704852 1.7438427
v -0.09619003 0.01929392 1.7751205
v -0.07590575 0.017298305 1.7596008
v -0.118760295 0.010866005 1.7468823
v -0.11980126 0.026206383 1.7276454
v -0.1029808 -0.0021738876 1.7507756
v -0.08154782 -0.0005379365 1.7393742
v -0.12212417 0.004953532 1.7195086
v -0.11990025 0.03073242 1.7115953
v -0.1070174 -0.009268871 1.7179271
v -0.08490152 -0.0064327293 1.7120825
v -0.122291446 0.012602627 1.6923835
v -0.118081376 0.04207021 1.6999928
v -0.107218206 -8.995011E-05 1.6853769
v -0.085068405 0.0011934531 1.6850386
v -0.119217485 0.031763706 1.672775
v -0.11483194 0.0571818 1.6959468
v -0.11372581 0.057302583 1.6659374
v -0.10352939 0.02290332 1.6618468
v -0.08200358 0.020297162 1.6654887
v -0.09693939 0.053550005 1.6536415
v -0.076528385 0.04575958 1.6586715
v -0.10241286 0.041570917 1.7633114
v -0.104995236 0.034375027 1.7584858
v -0.12434337 0.043111935 1.766561
v -0.11929187 0.052577637 1.7738423
v -0.10043457 0.05183932 1.758801
v -0.113792285 0.06318412 1.7649286
v -0.14117977 0.053805225 1.7713495
v -0.12627046 0.07324628 1.770371
v -0.13529548 0.06364387 1.7795117
v -0.13832802 0.08364645 1.7660481
v -0.154817 0.06548879 1.764592
v -0.14954834 0.07542033 1.7719576
v -0.15058242 0.09820819 1.740604
v -0.16323654 0.09235941 1.7424242
v -0.16629806 0.08080643 1.7380834
v -0.16605248 0.10149874 1.714404
v -0.15405174 0.10656088 1.714128
v -0.16845915 0.08977943 1.7111677
v -0.16690278 0.108813405 1.6864619
v -0.15547718 0.113624334 1.6868606
v -0.169061 0.09736758 1.683571
v -0.15967052 0.128199 1.6274452
v -0.17017475 0.124216706 1.6270758
v -0.17224592 0.113719106 1.6243852
v -0.17542648 0.1232867 1.5922076
v -0.17302637 0.13329369 1.5948285
v -0.1628184 0.13680966 1.594744
v -0.17946537 0.13396765 1.5587621
v -0.17659143 0.14348768 1.5612888
v -0.16663232 0.14645065 1.5606275
v -0.18208084 0.14014368 1.5406975
v -0.17301795 0.12947467 1.5560992
v -0.17251793 0.13987316 1.5392653
v -0.17706902 0.15205564 1.5119761
v -0.17890516 0.14940867 1.5431458
v -0.16773605 0.14877677 1.5414244
v -0.18664081 0.14993963 1.5135301
v -0.17336111 0.16094266 1.514238
v -0.17251793 0.13987316 1.5392653
v -0.17706902 0.15205564 1.5119761
v -0.18298347 0.15882666 1.5158043
v -0.17980222 0.17163464 1.483142
v -0.18409559 0.16316564 1.4811764
v -0.19271314 0.17498264 1.4507298
v -0.19343503 0.16167864 1.4833989
v -0.18409559 0.16316564 1.4811764
v -0.19271314 0.17498264 1.4507298
v -0.1891765 0.17014667 1.485373
v -0.18778422 0.18301965 1.4522703
v -0.20312795 0.18733066 1.4209535
v -0.20180076 0.17417166 1.4536424
v -0.20312795 0.18733066 1.4209535
v -0.19759397 0.19491063 1.4219579
v -0.21563266 0.19997764 1.3921356
v -0.19689365 0.18220867 1.4551893
v -0.21188235 0.18724366 1.4245279
v -0.21563266 0.19997764 1.3921356
v -0.20635843 0.19482167 1.4255339
v -0.20956615 0.20705067 1.3925128
v -0.22963671 0.21261962 1.3643082
v -0.22395664 0.20065266 1.3962858
v -0.22963671 0.21261962 1.3643082
v -0.2178901 0.20772663 1.3966622
v -0.22310951 0.21912564 1.3640039
v -0.23096935 0.22059165 1.3685975
v -0.23720524 0.23075862 1.3363817
v -0.24406523 0.22489563 1.3373463
v -0.2583335 0.23637664 1.3112112
v -0.23749651 0.21408564 1.3689018
v -0.25141254 0.22715361 1.3421723
v -0.24406523 0.22489563 1.3373463
v -0.24455255 0.23301667 1.3412068
v -0.26515707 0.23939061 1.3159894
v -0.2583335 0.23637664 1.3112112
v -0.25128502 0.24152061 1.3096957
v -0.27808523 0.2502416 1.2901845
v -0.27176303 0.24656862 1.285807
v -0.28357792 0.25491366 1.260972
v -0.25810868 0.24453364 1.3144711
v -0.26468083 0.2509326 1.2839438
v -0.27176303 0.24656862 1.285807
v -0.28357792 0.25491366 1.260972
v -0.27100298 0.25460657 1.2883214
v -0.2894403 0.25906765 1.2645394
v -0.27663192 0.25847363 1.2590703
v -0.28632137 0.26359263 1.2349237
v -0.29291257 0.26079258 1.2364849
v -0.29882076 0.2635276 1.2120554
v -0.2824943 0.26262864 1.262638
v -0.2983167 0.26511967 1.2388191
v -0.29291257 0.26079258 1.2364849
v -0.29172656 0.2679196 1.2372589
v -0.30362266 0.2675556 1.2128681
v -0.29882076 0.2635276 1.2120554
v -0.2929163 0.2657026 1.211169
v -0.30026793 0.26236463 1.1872997
v -0.2977182 0.2697316 1.211982
v -0.30412865 0.2655216 1.1867263
v -0.30026793 0.26236463 1.1872997
v -0.29551974 0.26409155 1.1871637
v -0.2986177 0.2583206 1.1605619
v -0.29610407 0.25645956 1.1617507
v -0.2993794 0.26724756 1.1865903
v -0.29301217 0.25775963 1.1620309
v -0.29610407 0.25645956 1.1617507
v -0.2850775 0.2448616 1.1348805
v -0.28595343 0.24543661 1.1342672
v -0.2850775 0.2448616 1.1348805
v -0.29552588 0.25962064 1.1608429
v -0.2839973 0.2453916 1.1350607
v -0.2776907 0.23751658 1.1210432
v -0.2776847 0.23751359 1.1210493
v -0.28487524 0.24596757 1.1344475
v -0.2776837 0.23752262 1.1210451
v -0.2776757 0.2375196 1.1210512
v -0.2776847 0.23751359 1.1210493
v -0.17301795 0.12947467 1.5560992
v -0.17946537 0.13396765 1.5587621
v -0.17542648 0.1232867 1.5922076
v -0.17358218 0.11503863 1.5893632
v -0.1738857 0.101473674 1.620736
v -0.17224592 0.113719106 1.6243852
v -0.169061 0.09736758 1.683571
v -0.17293033 0.10071765 1.5847611
v -0.1720123 0.08631268 1.6158602
v -0.17392986 0.07722146 1.6775743
v -0.17042068 0.061426327 1.6719829
v -0.17089653 0.08173148 1.7094483
v -0.16845915 0.08977943 1.7111677
v -0.16629806 0.08080643 1.7380834
v -0.16577423 0.070328206 1.734894
v -0.154817 0.06548879 1.764592
v -0.17263341 0.06614901 1.7044069
v -0.150895 0.05727383 1.7551312
v -0.14117977 0.053805225 1.7713495
v -0.16851921 0.05080623 1.6974989
v -0.1672815 0.05488103 1.7283136
v -0.13848583 0.049546618 1.7616841
v -0.12434337 0.043111935 1.766561
v -0.16311318 0.040826958 1.7187314
v -0.15288006 0.041931108 1.7457701
v -0.12306592 0.041879144 1.7610326
v -0.104995236 0.034375027 1.7584858
v -0.14981742 0.03044213 1.7323289
v -0.14181885 0.035045512 1.7500116
v -0.12808916 0.028792374 1.7498621
v -0.11075902 0.023953369 1.7473571
v -0.1409883 0.025713932 1.7348294
v -0.13111898 0.021931762 1.7339914
v -0.116109475 0.019398546 1.7313066
v -0.1187263 0.02023566 1.7119524
v -0.1309993 0.02149082 1.7149262
v -0.14254133 0.024648568 1.7153928
v -0.14974207 0.029173497 1.704662
v -0.15566568 0.034406308 1.686945
v -0.1583802 0.039918695 1.6632154
v -0.16089065 0.061160028 1.6064335
v -0.16394635 0.07365968 1.5744824
v -0.16806817 0.088662215 1.5415083
v -0.17395552 0.116266645 1.5520145
v -0.17065915 0.096931465 1.5244753
v -0.17458412 0.12440561 1.5351124
v -0.17663528 0.11484194 1.4913542
v -0.17251793 0.13987316 1.5392653
v -0.17847188 0.14244838 1.5009438
v -0.18040186 0.1246291 1.4745663
v -0.16632585 0.16054536 1.5044037
v -0.16773605 0.14877677 1.5414244
v -0.17899401 0.1504874 1.483081
v -0.18445928 0.13467179 1.457735
v -0.18024738 0.15847865 1.4649843
v -0.16493379 0.16677338 1.4853177
v -0.18575048 0.17567566 1.4289398
v -0.19345585 0.15516849 1.4241867
v -0.16416223 0.17288266 1.4659224
v -0.19373657 0.19232883 1.3925946
v -0.2042625 0.17490791 1.3902798
v -0.16546965 0.18614364 1.4271967
v -0.20253444 0.20765926 1.3559763
v -0.21713397 0.19347358 1.355931
v -0.16923775 0.19861266 1.38834
v -0.2104952 0.22058564 1.3190876
v -0.22737247 0.21057396 1.3211807
v -0.23546474 0.22321609 1.285117
v -0.17529066 0.20969765 1.349736
v -0.13318986 0.16359067 1.479349
v -0.13397321 0.16824767 1.45905
v -0.13887872 0.15400167 1.4544582
v -0.13738988 0.17738765 1.4182786
v -0.14394628 0.18594465 1.3780363
v -0.13285878 0.15893266 1.4994377
v -0.13380918 0.14976873 1.5386808
v -0.12976168 0.15454663 1.4983289
v -0.12963843 0.15795766 1.4782456
v -0.1297123 0.16124964 1.4577034
v -0.13089219 0.14726567 1.5383323
v -0.1348847 0.14531867 1.5576493
v -0.16663232 0.14645065 1.5606275
v -0.13162336 0.14364569 1.557248
v -0.13750878 0.13676868 1.5938832
v -0.1628184 0.13680966 1.594744
v -0.1328659 0.13647169 1.5930173
v -0.1401261 0.12873192 1.6273849
v -0.15967052 0.128199 1.6274452
v -0.13331972 0.12933527 1.6264056
v -0.14569862 0.11432871 1.6848493
v -0.15547718 0.113624334 1.6868606
v -0.13400388 0.11576874 1.6828053
v -0.15405174 0.10656088 1.714128
v -0.14730224 0.106884256 1.710656
v -0.13408282 0.10890414 1.7061187
v -0.15058242 0.09820819 1.740604
v -0.14667752 0.09698463 1.7346406
v -0.1332606 0.102338046 1.7256646
v -0.13624811 0.086332224 1.7541735
v -0.13832802 0.08364645 1.7660481
v -0.12886944 0.09378791 1.7442601
v -0.12681489 0.07994853 1.7605125
v -0.12627046 0.07324628 1.770371
v -0.12390854 0.08771286 1.7529441
v -0.11351416 0.075996175 1.7596564
v -0.113792285 0.06318412 1.7649286
v -0.0980287 0.064806074 1.7560239
v -0.10043457 0.05183932 1.758801
v -0.111854754 0.041779798 1.6974043
v -0.09720504 0.07304783 1.7074873
v -0.10175267 0.076222636 1.6978654
v -0.11354739 0.042696647 1.6939611
v -0.1187263 0.02023566 1.7119524
v -0.1309993 0.02149082 1.7149262
v -0.11572651 0.043721747 1.6909924
v -0.14254133 0.024648568 1.7153928
v -0.14974207 0.029173497 1.704662
v -0.11776285 0.04467071 1.6877638
v -0.10482244 0.07860369 1.691873
v -0.108008385 0.08104543 1.6829438
v -0.121934794 0.04698708 1.677627
v -0.15566568 0.034406308 1.686945
v -0.11142644 0.08377675 1.667557
v -0.12493578 0.04991711 1.6611544
v -0.1583802 0.039918695 1.6632154
v -0.16089065 0.061160028 1.6064335
v -0.13041042 0.06112141 1.6061431
v -0.11915721 0.08892063 1.6127139
v -0.12409786 0.09354521 1.5786299
v -0.13549514 0.06942783 1.5728256
v -0.16394635 0.07365968 1.5744824
v -0.12871012 0.098979585 1.541739
v -0.1423059 0.07952472 1.5377458
v -0.16806817 0.088662215 1.5415083
v -0.13186423 0.10252886 1.5222505
v -0.14671463 0.08540201 1.5193383
v -0.17065915 0.096931465 1.5244753
v -0.14077972 0.11098713 1.4833829
v -0.15744045 0.09838012 1.4831424
v -0.17663528 0.11484194 1.4913542
v -0.14683263 0.1153477 1.4636915
v -0.16394015 0.105729416 1.4651943
v -0.18040186 0.1246291 1.4745663
v -0.15257283 0.11994968 1.4449234
v -0.17089309 0.11384661 1.4481595
v -0.18445928 0.13467179 1.457735
v -0.16846181 0.13134465 1.4096055
v -0.18631768 0.1318316 1.4149323
v -0.19345585 0.15516849 1.4241867
v -0.18827459 0.14454766 1.375137
v -0.20365664 0.15109165 1.3826274
v -0.2042625 0.17490791 1.3902798
v -0.2097938 0.15939069 1.3415703
v -0.2217553 0.17134568 1.350047
v -0.21713397 0.19347358 1.355931
v -0.23771845 0.19051662 1.3187637
v -0.22782268 0.17466962 1.3101302
v -0.22737247 0.21057396 1.3211807
v -0.24347012 0.19043262 1.2783561
v -0.24986036 0.20848764 1.2856145
v -0.23546474 0.22321609 1.285117
v -0.25667188 0.20511559 1.2460247
v -0.25947425 0.22353561 1.2505155
v -0.24353616 0.2347593 1.2490348
v -0.26282936 0.21235663 1.2276527
v -0.26318362 0.22989562 1.2316746
v -0.24746121 0.23750253 1.230003
v -0.26713607 0.21779262 1.2104986
v -0.26587653 0.23431861 1.2135482
v -0.25075093 0.2422026 1.2125322
v -0.27099955 0.22364157 1.1784965
v -0.26829392 0.2375316 1.1787443
v -0.25492725 0.2424296 1.1780218
v -0.2701991 0.22377962 1.1541442
v -0.2674157 0.23492765 1.1530972
v -0.26388332 0.2277986 1.1273172
v -0.25632113 0.23837164 1.1528484
v -0.26611775 0.21995862 1.1288345
v -0.25587326 0.23009562 1.1274637
v -0.2587054 0.21203062 1.1025594
v -0.25326273 0.21725063 1.1017115
v -0.25747094 0.21608764 1.1015295
v -0.2542137 0.20709257 1.0891949
v -0.2514365 0.20973957 1.0887436
v -0.25357923 0.20914963 1.0886384
v -0.24949737 0.2018766 1.0757651
v -0.1142506 0.088055685 1.6705586
v -0.11142644 0.08377675 1.667557
v -0.108008385 0.08104543 1.6829438
v -0.11915721 0.08892063 1.6127139
v -0.12673289 0.10389421 1.6199595
v -0.1298857 0.11193671 1.5875316
v -0.12626362 0.09581539 1.5794653
v -0.13076223 0.120027676 1.552291
v -0.13613921 0.10416563 1.5427096
v -0.13092421 0.12409664 1.5336342
v -0.1416325 0.10906547 1.5246098
v -0.13131192 0.13228063 1.4941983
v -0.1507973 0.11946668 1.487121
v -0.15478748 0.12559764 1.4682335
v -0.1318389 0.13613668 1.4744394
v -0.15852557 0.13189864 1.4493468
v -0.14448982 0.16395468 1.4146307
v -0.1671434 0.14481263 1.4119345
v -0.17342329 0.14398925 1.4128801
v -0.15290502 0.1735816 1.3755959
v -0.1777232 0.15774667 1.3754913
v -0.1898256 0.15824758 1.3784992
v -0.15287045 0.19345564 1.3389027
v -0.16335149 0.18240166 1.3378266
v -0.18961075 0.17014666 1.3402143
v -0.20598796 0.17385933 1.3453693
v -0.18239968 0.21873161 1.3115616
v -0.16303724 0.19943063 1.3013937
v -0.20147766 0.1813706 1.3059975
v -0.2216048 0.1900496 1.3130674
v -0.21257932 0.19067664 1.2727416
v -0.23265637 0.2037306 1.2809291
v -0.24290814 0.21697861 1.2456234
v -0.17459485 0.18989463 1.3016442
v -0.21677959 0.2305376 1.281635
v -0.19004944 0.22499463 1.2742157
v -0.22252133 0.2362116 1.2438126
v -0.24353616 0.2347593 1.2490348
v -0.24746121 0.23750253 1.230003
v -0.17367019 0.20340163 1.266061
v -0.22495067 0.23704462 1.2248192
v -0.25094077 0.22909066 1.209747
v -0.19755475 0.22774261 1.2380327
v -0.18583503 0.19552666 1.2673776
v -0.1838832 0.20497862 1.2332202
v -0.20100316 0.22756664 1.2204463
v -0.22691694 0.23631862 1.2058476
v -0.22889316 0.22953862 1.1682462
v -0.25078255 0.22474259 1.1702945
v -0.20410444 0.22623064 1.2031838
v -0.18855333 0.20477363 1.2177175
v -0.19617327 0.19878861 1.2351227
v -0.2220825 0.19721961 1.240177
v -0.22722144 0.2147516 1.1317279
v -0.24568751 0.2109036 1.131927
v -0.20882088 0.21965861 1.1694763
v -0.1928054 0.20385362 1.2026925
v -0.20072205 0.19938163 1.2196791
v -0.24163182 0.21424463 1.2452033
v -0.2206111 0.19113359 1.096856
v -0.23418994 0.18770762 1.0959748
v -0.21489279 0.15550461 1.0629116
v -0.21074134 0.20696364 1.136231
v -0.19969054 0.1995936 1.1734259
v -0.22595279 0.1991576 1.2240266
v -0.24426317 0.2166126 1.22763
v -0.24753588 0.22183359 1.2283058
v -0.25094077 0.22909066 1.209747
v -0.20471773 0.19918764 1.2045568
v -0.22907205 0.20002563 1.2078743
v -0.24619262 0.21752861 1.2094008
v -0.25078255 0.22474259 1.1702945
v -0.23252624 0.1979616 1.175287
v -0.21063359 0.1960836 1.1746931
v -0.2471287 0.21404661 1.172455
v -0.2429716 0.20243563 1.1356646
v -0.24568751 0.2109036 1.131927
v -0.23126583 0.18971862 1.141858
v -0.20374046 0.19108163 1.1433862
v -0.23233823 0.1820586 1.100006
v -0.23418994 0.18770762 1.0959748
v -0.2239756 0.1739096 1.1071107
v -0.21300875 0.18827665 1.1438493
v -0.20380676 0.17603959 1.1103139
v -0.21388024 0.1527966 1.0656432
v -0.21489279 0.15550461 1.0629116
v -0.21063629 0.17372459 1.1102484
v -0.20934807 0.14919563 1.0705198
v -0.2012446 0.13480358 1.0486546
v -0.20176595 0.1361396 1.047182
v -0.18739647 0.11569459 1.0317265
v -0.19891872 0.13307962 1.0512866
v -0.20214237 0.14981961 1.0727948
v -0.1952297 0.13350861 1.0525211
v -0.19845746 0.1513366 1.0729228
v -0.19334523 0.13432764 1.052595
v -0.20867486 0.18655062 1.1024897
v -0.20110758 0.1562996 1.067606
v -0.2075638 0.15793762 1.0636729
v -0.20176595 0.1361396 1.047182
v -0.19801818 0.1374746 1.0476025
v -0.19471055 0.1367616 1.0497295
v -0.2542137 0.20709257 1.0891949
v -0.25207198 0.20768158 1.0893006
v -0.24949737 0.2018766 1.0757651
v -0.25449714 0.2131936 1.1027415
v -0.2587054 0.21203062 1.1025594
v -0.25810662 0.22225563 1.1289821
v -0.26611775 0.21995862 1.1288345
v -0.2591045 0.22722267 1.1538949
v -0.2701991 0.22377962 1.1541442
v -0.25763285 0.22853859 1.177776
v -0.27099955 0.22364157 1.1784965
v -0.25585273 0.22795562 1.190791
v -0.26713607 0.21779262 1.2104986
v -0.25222322 0.22566763 1.2094761
v -0.26282936 0.21235663 1.2276527
v -0.24753588 0.22183359 1.2283058
v -0.25667188 0.20511559 1.2460247
v -0.24290814 0.21697861 1.2456234
v -0.23265637 0.2037306 1.2809291
v -0.24347012 0.19043262 1.2783561
v -0.22782268 0.17466962 1.3101302
v -0.2216048 0.1900496 1.3130674
v -0.20598796 0.17385933 1.3453693
v -0.2097938 0.15939069 1.3415703
v -0.1898256 0.15824758 1.3784992
v -0.18827459 0.14454766 1.375137
v -0.17342329 0.14398925 1.4128801
v -0.16846181 0.13134465 1.4096055
v -0.15852557 0.13189864 1.4493468
v -0.15257283 0.11994968 1.4449234
v -0.14683263 0.1153477 1.4636915
v -0.15478748 0.12559764 1.4682335
v -0.14077972 0.11098713 1.4833829
v -0.1507973 0.11946668 1.487121
v -0.1416325 0.10906547 1.5246098
v -0.13186423 0.10252886 1.5222505
v -0.13613921 0.10416563 1.5427096
v -0.12871012 0.098979585 1.541739
v -0.12626362 0.09581539 1.5794653
v -0.12409786 0.09354521 1.5786299
v -0.11915721 0.08892063 1.6127139
v -0.25207198 0.20768158 1.0893006
v -0.2514365 0.20973957 1.0887436
v -0.24949737 0.2018766 1.0757651
v -0.25449714 0.2131936 1.1027415
v -0.25326273 0.21725063 1.1017115
v -0.25810662 0.22225563 1.1289821
v -0.25587326 0.23009562 1.1274637
v -0.25632113 0.23837164 1.1528484
v -0.2591045 0.22722267 1.1538949
v -0.25492725 0.2424296 1.1780218
v -0.25763285 0.22853859 1.177776
v -0.25094077 0.22909066 1.209747
v -0.25585273 0.22795562 1.190791
v -0.25075093 0.2422026 1.2125322
v -0.24746121 0.23750253 1.230003
v -0.25222322 0.22566763 1.2094761
v -0.24753588 0.22183359 1.2283058
v -0.13800855 0.15789062 1.4149721
v -0.1297123 0.16124964 1.4577034
v -0.13887872 0.15400167 1.4544582
v -0.13104114 0.16722265 1.4156617
v -0.14157788 0.1632707 1.3735436
v -0.12558876 0.14995366 1.4554983
v -0.12963843 0.15795766 1.4782456
v -0.13486509 0.1718207 1.3736484
v -0.12769847 0.15625466 1.4137765
v -0.13973616 0.17408565 1.33843
v -0.14605655 0.16631566 1.338858
v -0.13213925 0.1613986 1.3722078
v -0.14565568 0.17441663 1.3036191
v -0.15132496 0.16761161 1.304534
v -0.13742127 0.16437966 1.3374674
v -0.13885203 0.15284863 1.3721046
v -0.15254392 0.17233065 1.2693197
v -0.15095817 0.16506366 1.2694345
v -0.15727995 0.16674669 1.2705872
v -0.16027829 0.16731162 1.235631
v -0.16378275 0.16326362 1.2369825
v -0.14370832 0.16573362 1.3031986
v -0.14374165 0.15660967 1.3378952
v -0.16870315 0.15883265 1.2026465
v -0.17065187 0.15665363 1.203643
v -0.17765604 0.1463559 1.170449
v -0.16803852 0.15586464 1.2032136
v -0.16998726 0.15368459 1.2042089
v -0.159101 0.16193165 1.2361426
v -0.16260543 0.15788262 1.2374941
v -0.14937662 0.15892866 1.3041127
v -0.15569517 0.1594786 1.2707002
v -0.16378275 0.16326362 1.2369825
v -0.17065187 0.15665363 1.203643
v -0.17765604 0.1463559 1.170449
v -0.15727995 0.16674669 1.2705872
v -0.15132496 0.16761161 1.304534
v -0.14605655 0.16631566 1.338858
v -0.14157788 0.1632707 1.3735436
v -0.13800855 0.15789062 1.4149721
v -0.13464393 0.14692268 1.4130808
v -0.13887872 0.15400167 1.4544582
v -0.13248198 0.13989466 1.4542625
v -0.1318389 0.13613668 1.4744394
v -0.1250687 0.14655872 1.475921
v -0.13131192 0.13228063 1.4941983
v -0.12471056 0.14307362 1.4959091
v -0.12976168 0.15454663 1.4983289
v -0.13092421 0.12409664 1.5336342
v -0.12474515 0.13571766 1.5357705
v -0.13089219 0.14726567 1.5383323
v -0.13076223 0.120027676 1.552291
v -0.12488156 0.13208964 1.55463
v -0.13162336 0.14364569 1.557248
v -0.1248084 0.1249627 1.5902853
v -0.1298857 0.11193671 1.5875316
v -0.12319692 0.117996134 1.6233169
v -0.1328659 0.13647169 1.5930173
v -0.12673289 0.10389421 1.6199595
v -0.13331972 0.12933527 1.6264056
v -0.1142506 0.088055685 1.6705586
v -0.13400388 0.11576874 1.6828053
v -0.11933935 0.10524942 1.6767535
v -0.108008385 0.08104543 1.6829438
v -0.13408282 0.10890414 1.7061187
v -0.116479814 0.10048963 1.6948905
v -0.10482244 0.07860369 1.691873
v -0.112469606 0.09683838 1.7083348
v -0.1332606 0.102338046 1.7256646
v -0.10175267 0.076222636 1.6978654
v -0.10730268 0.092875704 1.719082
v -0.12886944 0.09378791 1.7442601
v -0.12390854 0.08771286 1.7529441
v -0.10401805 0.09039532 1.7234734
v -0.09720504 0.07304783 1.7074873
v -0.11351416 0.075996175 1.7596564
v -0.1000269 0.08748321 1.7268319
v -0.09329953 0.081639454 1.7269388
v -0.0980287 0.064806074 1.7560239
v -0 0.10948551 1.7438763
v 0.01576499 0.09789206 1.769519
v -0 0.09531199 1.7677981
v 0.01615165 0.11236042 1.7450513
v 0.040370483 0.09438723 1.7650893
v 0.01671622 0.11986379 1.7179955
v -0 0.11711574 1.7173573
v 0.039887603 0.10740022 1.7429048
v 0.06742686 0.09362624 1.7368191
v 0.06827139 0.08380328 1.753133
v 0.08091226 0.073735245 1.7424588
v 0.01750352 0.12053457 1.6864979
v -0 0.11839932 1.6848502
v -0 0.10927473 1.655448
v 0.040486448 0.11381927 1.7181481
v 0.01843937 0.11027936 1.656092
v -0 0.08560062 1.6241994
v 0.04313334 0.11374023 1.6913513
v 0.08112708 0.08040728 1.7306033
v 0.09080866 0.05988024 1.7283195
v 0.06827397 0.098123275 1.7180271
v 0.09075439 0.06321523 1.7233076
v 0.094306886 0.049555134 1.7178384
v 0.08229034 0.08297026 1.7176633
v 0.09117451 0.06442127 1.7174225
v 0.08468088 0.08122625 1.7050091
v 0.070971 0.096699215 1.6989132
v 0.047667902 0.10295125 1.663812
v 0.09185064 0.06347125 1.7115867
v 0.09265641 0.06026689 1.7067333
v 0.08766077 0.07353933 1.6931171
v 0.07567771 0.08739425 1.6794565
v 0.052941274 0.082775265 1.642884
v 0.08923351 0.062755816 1.6857768
v 0.093383946 0.055439625 1.7034833
v 0.09407303 0.04966576 1.7025346
v 0.09476921 0.043900073 1.703771
v 0.09175638 0.0346183 1.6936269
v 0.08951814 0.04952158 1.6830446
v 0.082608685 0.023226606 1.6834289
v 0.078740835 0.071893066 1.6670572
v 0.08044737 0.04902637 1.6615484
v 0.07446134 0.030245798 1.6621836
v 0.05590322 0.06645469 1.6357144
v 0.018732693 0.0692222 1.6165128
v 0.0195688 0.086382724 1.6267283
v -0 0.072026335 1.6140431
v -0 0.06559701 1.608592
v 0.058513694 0.0497181 1.6315559
v 0.017426828 0.05820036 1.6108313
v -0 0.0623505 1.6062396
v 0.016436985 0.054584816 1.6065314
v -0 0.060740776 1.5951442
v 0.028123993 0.05330742 1.6134374
v 0.039810997 0.051164515 1.6203437
v 0.0502784 0.04958876 1.6254311
v 0.05926729 0.04039108 1.6308
v 0.05226131 0.041308213 1.6235522
v 0.05507134 0.036200855 1.6397572
v 0.0718012 0.030675147 1.6635025
v 0.054568913 0.038962133 1.6408169
v 0.048442278 0.038165536 1.6296531
v 0.047955155 0.04093479 1.6306989
v 0.0377795 0.041137114 1.621211
v 0.037902344 0.043687157 1.6227865
v 0.04449852 0.042991947 1.6170487
v 0.040567435 0.04738547 1.617447
v 0.03778649 0.044564802 1.6117429
v 0.03082642 0.050024502 1.6101763
v 0.027538005 0.046379413 1.6125959
v 0.026637994 0.04833823 1.6146823
v 0.019341452 0.051368445 1.6040331
v 0.01853712 0.05330595 1.6061778
v 0.01080365 0.05519614 1.5975062
v 0.021208104 0.053316195 1.6030691
v 0.01249018 0.05756557 1.5967704
v 0.015241046 0.05204426 1.6075873
v -0 0.057771858 1.595575
v -0.016436985 0.054584816 1.6065314
v -0.015241046 0.05204426 1.6075873
v -0.01249018 0.05756557 1.5967704
v -0.01080365 0.05519614 1.5975062
v -0.019341452 0.051368445 1.6040331
v -0.01853712 0.05330595 1.6061778
v -0.021208104 0.053316195 1.6030691
v -0.027538005 0.046379413 1.6125959
v -0.026637994 0.04833823 1.6146823
v -0.0377795 0.041137114 1.621211
v -0.037902344 0.043687157 1.6227865
v -0.03082642 0.050024502 1.6101763
v -0.028123993 0.05330742 1.6134374
v -0.048442278 0.038165536 1.6296531
v -0.047955155 0.04093479 1.6306989
v -0.05507134 0.036200855 1.6397572
v -0.054568913 0.038962133 1.6408169
v -0.07446134 0.030245798 1.6621836
v -0.07180121 0.030675098 1.6635025
v -0.05926729 0.04039108 1.6308
v -0.05226131 0.041308213 1.6235522
v -0.058513694 0.0497181 1.6315559
v -0.08044737 0.04902637 1.6615484
v -0.082608685 0.023226606 1.6834289
v -0.08951814 0.04952158 1.6830446
v -0.09175638 0.0346183 1.6936269
v -0.09407303 0.04966576 1.7025346
v -0.09476921 0.043900073 1.703771
v -0.094306886 0.049555134 1.7178384
v -0.0502784 0.04958876 1.6254311
v -0.05590322 0.06645469 1.6357144
v -0.078740835 0.071893066 1.6670572
v -0.08923351 0.062755816 1.6857768
v -0.04449852 0.042991947 1.6170487
v -0.093383946 0.055439625 1.7034833
v -0.09265641 0.06026689 1.7067333
v -0.03778649 0.044564802 1.6117429
v -0.040567435 0.04738547 1.617447
v -0.039810997 0.051164515 1.6203437
v -0.018732693 0.0692222 1.6165128
v -0.052941274 0.082775265 1.642884
v -0.07567771 0.08739425 1.6794565
v -0.08766077 0.07353933 1.6931171
v -0.017426828 0.05820036 1.6108313
v -0 0.0623505 1.6062396
v -0 0.060740776 1.5951442
v -0 0.06559701 1.608592
v -0 0.072026335 1.6140431
v -0 0.08560062 1.6241994
v -0.0195688 0.086382724 1.6267283
v -0.01843937 0.11027936 1.656092
v -0 0.10927473 1.655448
v -0.047667902 0.10295125 1.663812
v -0.070971 0.096699215 1.6989132
v -0.01750352 0.12053457 1.6864979
v -0 0.11839932 1.6848502
v -0 0.11711574 1.7173573
v -0.04313334 0.11374023 1.6913513
v -0.01671622 0.11986379 1.7179955
v -0 0.10948551 1.7438763
v -0.08468088 0.08122625 1.7050091
v -0.06827397 0.098123275 1.7180271
v -0.040486448 0.11381927 1.7181481
v -0.06742686 0.09362624 1.7368191
v -0.039887603 0.10740022 1.7429048
v -0.01615165 0.11236042 1.7450513
v -0.01576499 0.09789206 1.769519
v -0 0.09531199 1.7677981
v -0.040370483 0.09438723 1.7650893
v -0.06827139 0.08380328 1.753133
v -0.08091226 0.073735245 1.7424588
v -0.08229034 0.08297026 1.7176633
v -0.08112708 0.08040728 1.7306033
v -0.09080866 0.05988024 1.7283195
v -0.09075439 0.06321523 1.7233076
v -0.09117451 0.06442127 1.7174225
v -0.09185064 0.06347125 1.7115867
v -1.6043428E-05 -0.0111139715 1.8032703
v 0.018032776 -0.03128208 1.7991456
v -0 -0.032493804 1.8001747
v 0.017995685 -0.010123538 1.8022482
v 0.050972074 -0.025142178 1.7876391
v 0.050421476 -0.0050807167 1.7886214
v 0.08720822 -0.012002619 1.7507873
v 0.07846442 0.0027901258 1.7584962
v 0.09194395 0.010284115 1.7210889
v 0.09483785 -0.0033181843 1.7209055
v 0.082608685 0.023226606 1.6834289
v 0.08136199 0.010469356 1.6702311
v 0.07446134 0.030245798 1.6621836
v 0.076813854 0.008847698 1.6558089
v 0.0746178 0.007059922 1.6567996
v 0.0718012 0.030675147 1.6635025
v -0 0.0732304 1.7882179
v -0 0.09531199 1.7677981
v 0.01576499 0.09789206 1.769519
v 0.015618011 0.075494744 1.7895741
v 0.015754405 0.04737343 1.8020889
v -0 0.045770515 1.8005147
v 0.04241245 0.074373245 1.7820451
v 0.040370483 0.09438723 1.7650893
v 0.06827139 0.08380328 1.753133
v 0.04581956 0.048268255 1.7931173
v 0.017254526 0.015732005 1.8058658
v -2.703767E-05 0.013975691 1.8053565
v 0.07012217 0.06865523 1.7650865
v 0.017995685 -0.010123538 1.8022482
v -1.6043428E-05 -0.0111139715 1.8032703
v 0.049051307 0.02164423 1.7951369
v 0.050421476 -0.0050807167 1.7886214
v 0.07846442 0.0027901258 1.7584962
v 0.08286225 0.06263727 1.750211
v 0.08091226 0.073735245 1.7424588
v 0.073368534 0.048828248 1.7719564
v 0.07632217 0.030776242 1.7721024
v 0.08563793 0.049588263 1.7531837
v 0.09137988 0.055102233 1.7318454
v 0.09080866 0.05988024 1.7283195
v 0.094306886 0.049555134 1.7178384
v 0.09236014 0.04945124 1.7331703
v 0.08827405 0.03768125 1.7510251
v 0.090976894 0.025910815 1.7425427
v 0.09194395 0.010284115 1.7210889
v 0.093438335 0.043787245 1.7322711
v 0.09433965 0.02412424 1.7197475
v 0.082608685 0.023226606 1.6834289
v 0.09175638 0.0346183 1.6936269
v 0.09476921 0.043900073 1.703771
v 0.09446723 0.03902125 1.7290655
v 0.095080316 0.040175494 1.7181877
v -1.6043428E-05 -0.0111139715 1.8032703
v -0 -0.032493804 1.8001747
v -0.018032776 -0.03128208 1.7991456
v -0.017995685 -0.010123538 1.8022482
v -0.050972074 -0.025142178 1.7876391
v -0.050421476 -0.0050807167 1.7886214
v -0.086175695 -0.012002596 1.750786
v -0.07846442 0.0027901258 1.7584962
v -0.09194395 0.010284115 1.7210889
v -0.09476346 -0.006234231 1.7276338
v -0.087237775 0.0168088 1.7021034
v -0.093977265 0.0030155166 1.6983496
v -0.082608685 0.023226606 1.6834289
v -0.08136347 0.010469357 1.6702313
v -0.07446134 0.030245798 1.6621836
v -0.076813854 0.008847698 1.6558089
v -0.07180121 0.030675098 1.6635025
v -0.07461783 0.007059916 1.6567996
v -0 0.0732304 1.7882179
v -0.01576499 0.09789206 1.769519
v -0 0.09531199 1.7677981
v -0.015618011 0.075494744 1.7895741
v -0.015754405 0.04737343 1.8020889
v -0 0.045770515 1.8005147
v -0.04241245 0.074373245 1.7820451
v -0.040370483 0.09438723 1.7650893
v -0.06827139 0.08380328 1.753133
v -0.017254526 0.015732005 1.8058658
v -2.703767E-05 0.013975691 1.8053565
v -0.04581956 0.048268255 1.7931173
v -0.07012217 0.06865523 1.7650865
v -0.017995685 -0.010123538 1.8022482
v -1.6043428E-05 -0.0111139715 1.8032703
v -0.049051307 0.02164423 1.7951369
v -0.050421476 -0.0050807167 1.7886214
v -0.07846442 0.0027901258 1.7584962
v -0.08286225 0.06263727 1.750211
v -0.08091226 0.073735245 1.7424588
v -0.073368534 0.048828248 1.7719564
v -0.07632217 0.030776242 1.7721024
v -0.08563793 0.049588263 1.7531837
v -0.09137988 0.055102233 1.7318454
v -0.09080866 0.05988024 1.7283195
v -0.094306886 0.049555134 1.7178384
v -0.09236014 0.04945124 1.7331703
v -0.08827405 0.03768125 1.7510251
v -0.090976894 0.025910815 1.7425427
v -0.09194395 0.010284115 1.7210889
v -0.093438335 0.043787245 1.7322711
v -0.09433965 0.02412424 1.7197475
v -0.087237775 0.0168088 1.7021034
v -0.09446723 0.03902125 1.7290655
v -0.095080316 0.040175494 1.7181877
v -0.09498137 0.041359995 1.7136029
v -0.09476921 0.043900073 1.703771
v -0.09313546 0.029016027 1.7075714
v -0.082608685 0.023226606 1.6834289
v -0.09175638 0.0346183 1.6936269
v -0.09476346 -0.006234231 1.7276338
v -0.10179867 -0.0067634354 1.6979023
v -0.093977265 0.0030155166 1.6983496
v -0.096864596 -0.010974643 1.7280186
v -0.086175695 -0.012002596 1.750786
v -0.09555493 -0.027158365 1.706361
v -0.090649314 -0.03007076 1.7291592
v -0.086175695 -0.012002596 1.750786
v -0.07952964 -0.029229078 1.755188
v -0.050972074 -0.025142178 1.7876391
v -0.072752856 -0.043784063 1.7593474
v -0.063417226 -0.05549601 1.7613418
v -0.08505869 -0.04902201 1.7299514
v -0.07348646 -0.06550959 1.7293578
v -0.07681731 -0.06678332 1.7049214
v -0.08998637 -0.04762285 1.7062596
v -0.08885147 -0.045585144 1.6876963
v -0.07563162 -0.0647936 1.6861087
v -0.07239745 -0.06053104 1.6627729
v -0.094551705 -0.025214791 1.6887327
v -0.10179867 -0.0067634354 1.6979023
v -0.09906252 -0.005892641 1.6678149
v -0.093977265 0.0030155166 1.6983496
v -0.08136347 0.010469357 1.6702313
v -0.076813854 0.008847698 1.6558089
v -0.09074557 -0.023607552 1.6663502
v -0.09074557 -0.023607552 1.6663502
v -0.09495679 -0.0068933354 1.6544355
v -0.08568505 -0.04319323 1.6646419
v -0.08579191 -0.026828956 1.6556867
v -0.087971054 -0.022672316 1.6670041
v -0.08302181 -0.026328122 1.6567239
v -0.08304547 -0.043287184 1.6554736
v -0.080926165 -0.030517008 1.6456872
v -0.07820641 -0.03010354 1.6468838
v -0.0766013 -0.034300957 1.6377195
v -0.073963895 -0.033876862 1.6390849
v -0.07947326 -0.04432321 1.6468887
v -0.07154645 -0.058584746 1.6554954
v -0.07140114 -0.038940985 1.6301109
v -0.06888428 -0.03846378 1.6316721
v -0.06922323 -0.056836724 1.656235
v -0.07010388 -0.05870735 1.6634161
v -0.06781869 -0.05527403 1.6491895
v -0.07010032 -0.05703918 1.6483657
v -0.065922126 -0.05439721 1.642516
v -0.07556431 -0.045687035 1.6392916
v -0.068168 -0.056170363 1.6416149
v -0.063212834 -0.054094367 1.6354307
v -0.06631502 -0.043881495 1.6241093
v -0.06395492 -0.043340858 1.6258807
v -0.0707571 -0.047630746 1.631728
v -0.06540641 -0.055869635 1.6344125
v -0.05975044 -0.054130763 1.6288393
v -0.05973435 -0.049677882 1.6184201
v -0.0576204 -0.04909366 1.6204671
v -0.050306343 -0.057631407 1.6123952
v -0.06579614 -0.049825862 1.6253468
v -0.061849058 -0.055929918 1.6276735
v -0.055171423 -0.054431967 1.6218442
v -0.059655234 -0.052586563 1.6191288
v -0.057167176 -0.056262918 1.620554
v -0.050306343 -0.057631407 1.6123952
v 0.063417226 -0.055496003 1.7613419
v 0.040702377 -0.033601496 1.7906554
v 0.050972074 -0.025142178 1.7876391
v 0.072752856 -0.043784063 1.7593474
v 0.073333755 -0.0655096 1.7293578
v 0.07952964 -0.029229078 1.755188
v 0.08720822 -0.012002619 1.7507873
v 0.08490597 -0.04902201 1.7299514
v 0.07662321 -0.06602372 1.6963795
v 0.09049659 -0.03007076 1.7291592
v 0.089474715 -0.046704177 1.6978904
v 0.07239745 -0.060531054 1.6627729
v 0.09689162 -0.010974647 1.7280189
v 0.09483785 -0.0033181843 1.7209055
v 0.09510265 -0.026282126 1.6984135
v 0.10181418 -0.0068103317 1.6987501
v 0.08136199 0.010469356 1.6702311
v 0.09074558 -0.023607556 1.6663502
v 0.08568505 -0.04319323 1.6646419
v 0.09906252 -0.005892641 1.6678149
v 0.09495679 -0.0068933354 1.6544355
v 0.076813854 0.008847698 1.6558089
v 0.07010033 -0.05703918 1.6483657
v 0.06987511 -0.05904499 1.6634283
v 0.06780913 -0.055285793 1.6491879
v 0.07947326 -0.04432321 1.6468887
v 0.06540642 -0.055869635 1.6344125
v 0.06322462 -0.054092202 1.6354519
v 0.0707571 -0.047630746 1.631728
v 0.05716718 -0.056262918 1.620554
v 0.055141993 -0.05444481 1.6218162
v 0.050306343 -0.057631407 1.6123952
v 0.05965524 -0.052586563 1.6191288
v 0.059734352 -0.049677882 1.6184201
v 0.07140115 -0.038940985 1.6301109
v 0.057548508 -0.049134236 1.6204016
v 0.050306343 -0.057631407 1.6123952
v 0.068881705 -0.03848568 1.6316746
v 0.08092618 -0.030517008 1.6456872
v 0.078212075 -0.030033171 1.6468703
v 0.08797015 -0.022665307 1.6669898
v 0.0866869 -0.023360971 1.6537918
v 0.08410461 -0.022109587 1.6546669
v 0.088892974 -0.009217628 1.6406784
v 0.08242046 -0.022812972 1.6420869
v 0.079947196 -0.021490067 1.6431514
v 0.07489292 -0.022433268 1.6274505
v 0.07257818 -0.020978948 1.6286862
v 0.080389805 -0.01247045 1.6258965
v 0.0723859 0.004190549 1.6401265
v 0.06575349 -0.023242204 1.6131968
v 0.06353337 -0.021654435 1.6144418
v 0.05566333 -0.025036184 1.5972586
v 0.069311395 -0.017340966 1.6116884
v 0.070658624 0.0021044812 1.6414168
v 0.0746178 0.007059922 1.6567996
v 0.06574176 -0.0042518363 1.6268312
v 0.06737225 -0.0023224566 1.6252128
v 0.060162246 -0.012874422 1.6127557
v 0.061682604 -0.011209855 1.6107763
v 0.06515724 0.04333886 1.683359
v 0.0718012 0.030675147 1.6635025
v 0.077854306 0.04907154 1.6630565
v 0.07483721 0.02978074 1.6831744
v 0.047397837 0.04152912 1.6998476
v 0.051406197 0.026151098 1.707626
v -3.3074783E-05 0.07327257 1.6377835
v -0 0.06928268 1.6760315
v 0.012142479 0.069932766 1.6764266
v 0.01761702 0.072057866 1.6407858
v 0.017754244 0.06779897 1.6189657
v -2.4460098E-09 0.07041408 1.616573
v -1.7308223E-09 0.06383593 1.6110208
v 0.040238652 0.067972444 1.6502894
v 0.029856056 0.06551213 1.68116
v 0.016274579 0.05654104 1.6130491
v -0 0.05977566 1.6077791
v 0.015241046 0.05204426 1.6075873
v -0 0.057771858 1.595575
v 0.026744427 0.05131332 1.615204
v 0.04625524 0.063890986 1.6811733
v 0.039563153 0.056763142 1.689166
v 0.047397837 0.04152912 1.6998476
v 0.06515724 0.04333886 1.683359
v 0.05677483 0.058696926 1.658141
v 0.077854306 0.04907154 1.6630565
v 0.054056186 0.065407895 1.637834
v 0.019450285 0.05260557 1.6053939
v 0.01080365 0.05519614 1.5975062
v 0.01853712 0.05330595 1.6061778
v 0.029164877 0.04975243 1.6126595
v 0.026637994 0.04833823 1.6146823
v 0.037902344 0.043687157 1.6227865
v 0.038417876 0.049617358 1.6225038
v 0.056333497 0.04925745 1.6335646
v 0.0718012 0.030675147 1.6635025
v 0.039415587 0.045877717 1.6197708
v 0.04862546 0.048583746 1.6277239
v 0.0574305 0.04192056 1.6326131
v 0.054568913 0.038962133 1.6408169
v 0.047955155 0.04093479 1.6306989
v 0.05071293 0.04261183 1.6257665
v 0.043024085 0.04409749 1.619416
v 0.039103553 0.044426356 1.6144346
v 0.07432207 0.0052222055 1.6833981
v 0.0746178 0.007059922 1.6567996
v 0.0718012 0.030675147 1.6635025
v 0.07483721 0.02978074 1.6831744
v 0.051406197 0.026151098 1.707626
v 0.052939877 0.0103888465 1.7134237
v -0.056732755 0.00081565004 1.7175317
v -0.05616037 0.014598462 1.7135996
v -0.08212063 0.013866497 1.7012956
v -0.0835778 0.0016893069 1.7034338
v -0.08481193 0.01833675 1.683504
v -0.08653087 0.0050761956 1.685919
v -0.07883361 0.009042895 1.670983
v -0.07180121 0.030675098 1.6635025
v -0.07461783 0.007059916 1.6567996
v -0.08212063 0.013866497 1.7012956
v -0.05616037 0.014598462 1.7135996
v -0.053976495 0.02690503 1.7083948
v -0.077844374 0.033052605 1.6968452
v -0.08356656 0.03164969 1.6811144
v -0.08481193 0.01833675 1.683504
v -0.04107515 0.056758627 1.6891605
v -0.07245537 0.04682359 1.6864336
v -0.050363254 0.03898323 1.7016718
v -0.058826897 0.05864457 1.6619172
v -0.08306672 0.044010647 1.6780382
v -0.040369604 0.06794915 1.6501613
v -0.029856056 0.06551213 1.68116
v -0.012142479 0.069932766 1.6764266
v -0.077854306 0.04907154 1.6630565
v -0.054056186 0.065407895 1.637834
v -0.017754244 0.06779897 1.6189657
v -0.017693548 0.07205866 1.6407365
v -3.3074783E-05 0.07327257 1.6377835
v -0 0.06928268 1.6760315
v -2.4460098E-09 0.07041408 1.616573
v -1.7308223E-09 0.06383593 1.6110208
v -0.016274579 0.05654104 1.6130491
v -0 0.05977566 1.6077791
v -0.015241046 0.05204426 1.6075873
v -0 0.057771858 1.595575
v -0.026744425 0.05131332 1.615204
v -0.038417876 0.049617358 1.6225038
v -0.019450285 0.052605566 1.6053939
v -0.01080365 0.05519614 1.5975062
v -0.01853712 0.05330595 1.6061778
v -0.029164877 0.04975243 1.6126595
v -0.026637994 0.04833823 1.6146823
v -0.037902344 0.043687157 1.6227865
v -0.039415583 0.045877717 1.6197708
v -0.048625458 0.048583746 1.6277239
v -0.0563335 0.04925745 1.6335646
v -0.039103553 0.044426356 1.6144346
v -0.04302408 0.04409749 1.619416
v -0.05071293 0.04261183 1.6257665
v -0.047955155 0.04093479 1.6306989
v -0.0574305 0.04192056 1.6326131
v -0.054568913 0.038962133 1.6408169
v -0.07180121 0.030675098 1.6635025
v -0.08481193 0.01833675 1.683504
v -0.08356656 0.03164969 1.6811144
v -0.07245537 0.04682359 1.6864336
v -0.077844374 0.033052605 1.6968452
v -0.053976495 0.02690503 1.7083948
v -0.050363254 0.03898323 1.7016718
v -0.07245537 0.04682359 1.6864336
v -0.077844374 0.033052605 1.6968452
v -0.050815694 -0.022589512 1.720026
v -0.07460861 -0.0647532 1.7049372
v -0.04352517 -0.034340262 1.7202878
v -0.09267668 -0.026325254 1.7062141
v -0.05488428 -0.009421725 1.7189416
v -0.07348788 -0.06275725 1.6866163
v -0.08770372 -0.011007757 1.7054179
v -0.056732755 0.00081565004 1.7175317
v -0.0835778 0.0016893069 1.7034338
v -0.09171482 -0.024309838 1.6890975
v -0.07010388 -0.05870735 1.6634161
v -0.087971054 -0.022672316 1.6670041
v -0.08302181 -0.026328122 1.6567239
v -0.06922323 -0.056836724 1.656235
v -0.07820641 -0.03010354 1.6468838
v -0.06781869 -0.05527403 1.6491895
v -0.073963895 -0.033876862 1.6390849
v -0.065922126 -0.05439721 1.642516
v -0.06888428 -0.03846378 1.6316721
v -0.063212834 -0.054094367 1.6354307
v -0.06395492 -0.043340858 1.6258807
v -0.05975044 -0.054130763 1.6288393
v -0.0576204 -0.04909366 1.6204671
v -0.055171423 -0.054431967 1.6218442
v -0.050306343 -0.057631407 1.6123952
v -0.097088374 -0.0071105286 1.6888766
v -0.08770372 -0.011007757 1.7054179
v -0.0835778 0.0016893069 1.7034338
v -0.08653087 0.0050761956 1.685919
v -0.096207805 -0.0065344414 1.6684773
v -0.07883361 0.009042895 1.670983
v -0.087971054 -0.022672316 1.6670041
v -0.07461783 0.007059916 1.6567996
v -0.09223672 -0.0074962936 1.6555481
v -0.08410461 -0.02210958 1.6546669
v -0.070658624 0.0021044787 1.6414168
v -0.086295135 -0.009708893 1.642096
v -0.07994721 -0.021490064 1.6431515
v -0.06574177 -0.004251839 1.6268312
v -0.07795572 -0.012823068 1.6276143
v -0.07257817 -0.020978944 1.6286862
v -0.06016224 -0.012874422 1.6127557
v -0.06704078 -0.017471919 1.6136447
v -0.06353337 -0.021654435 1.6144418
v -0.05566333 -0.025036184 1.5972586
v 0.048882596 -0.021189002 1.7196805
v 0.09224513 -0.02536928 1.698449
v 0.07432207 0.0052222055 1.6833981
v 0.052939877 0.0103888465 1.7134237
v 0.06353337 -0.021654435 1.6144418
v 0.05566333 -0.025036184 1.5972586
v 0.060162246 -0.012874422 1.6127557
v 0.07257818 -0.020978948 1.6286862
v 0.06574176 -0.0042518363 1.6268312
v 0.079947196 -0.021490067 1.6431514
v 0.070658624 0.0021044812 1.6414168
v 0.08410461 -0.022109587 1.6546669
v 0.0746178 0.007059922 1.6567996
v 0.08797015 -0.022665307 1.6669898
v 0.07432207 0.0052222055 1.6833981
v 0.09224513 -0.02536928 1.698449
v 0.06987511 -0.05904499 1.6634283
v 0.073861115 -0.06485375 1.6963346
v 0.048882596 -0.021189002 1.7196805
v 0.043194048 -0.034880135 1.7206072
v 0.06780913 -0.055285793 1.6491879
v 0.078212075 -0.030033171 1.6468703
v 0.068881705 -0.03848568 1.6316746
v 0.06322462 -0.054092202 1.6354519
v 0.055141993 -0.05444481 1.6218162
v 0.057548508 -0.049134236 1.6204016
v 0.050306343 -0.057631407 1.6123952
v -0.04352517 -0.034340262 1.7202878
v -0.05813143 -0.081119634 1.7047671
v -0.03649142 -0.042300224 1.720391
v -0.07460861 -0.0647532 1.7049372
v -0.063928254 -0.0718594 1.6854048
v -0.07348788 -0.06275725 1.6866163
v -0.07010388 -0.05870735 1.6634161
v 0.0046046227 -0.10476097 1.7062111
v 0.012560546 -0.05795094 1.7205338
v -0.00047547548 -0.056754816 1.7205955
v 0.026718974 -0.099605456 1.7050108
v 0.0054162047 -0.10489306 1.6956221
v 0.02481987 -0.10075222 1.6948081
v 0.02003585 -0.09885022 1.6757472
v 0.0076913736 -0.10260902 1.675569
v 0.012640571 -0.09557293 1.6570762
v 0.019059394 -0.08755862 1.6446002
v 0.01711087 -0.086963184 1.6428236
v 0.025568532 -0.08511868 1.6378536
v 0.0059054983 -0.09215689 1.649158
v 0.012640571 -0.09557293 1.6570762
v 0.0004735974 -0.09468244 1.652794
v -0.01623401 -0.105531774 1.6733935
v 0.0076913736 -0.10260902 1.675569
v -0.02441604 -0.10357812 1.6952487
v 0.0054162047 -0.10489306 1.6956221
v -0.027940564 -0.09981138 1.7062535
v 0.0046046227 -0.10476097 1.7062111
v -0.00047547548 -0.056754816 1.7205955
v -0.013529945 -0.055523317 1.7206557
v -0.046934485 -0.08991407 1.7054819
v -0.028141191 -0.049832065 1.7205393
v -0.04371078 -0.0911725 1.6941317
v -0.01623401 -0.105531774 1.6733935
v -0.029967874 -0.09182195 1.6726872
v -0.009079529 -0.09242746 1.654255
v -0.013640766 -0.0877826 1.6532991
v -0.0039762566 -0.08591962 1.6420453
v -0.028141191 -0.049832065 1.7205393
v -0.03649142 -0.042300224 1.720391
v -0.05813143 -0.081119634 1.7047671
v -0.046934485 -0.08991407 1.7054819
v -0.04371078 -0.0911725 1.6941317
v -0.05387171 -0.08276708 1.693304
v -0.038336825 -0.08968173 1.6718968
v -0.042355087 -0.08354979 1.6721325
v -0.032553468 -0.08681781 1.6572787
v 0.04139619 -0.095379464 1.7022376
v 0.021941546 -0.05406309 1.7204274
v 0.012560546 -0.05795094 1.7205338
v 0.026718974 -0.099605456 1.7050108
v 0.04359407 -0.09682364 1.6961801
v 0.030897357 -0.09657297 1.6946386
v 0.047383465 -0.08964186 1.6800398
v 0.04053992 -0.09115337 1.6781231
v 0.052361663 -0.08263831 1.6671461
v 0.049614795 -0.08309211 1.6661288
v 0.057582792 -0.07935127 1.6580397
v 0.03036639 -0.049443502 1.7204232
v 0.021941546 -0.05406309 1.7204274
v 0.04139619 -0.095379464 1.7022376
v 0.05865795 -0.08771254 1.7047857
v 0.037419137 -0.04347395 1.7205824
v 0.06830845 -0.08060125 1.6796575
v 0.067421205 -0.080719724 1.7060984
v 0.043194048 -0.034880135 1.7206072
v 0.073861115 -0.06485375 1.6963346
v 0.07283926 -0.07575297 1.6870794
v 0.06987511 -0.05904499 1.6634283
v 0.04359407 -0.09682364 1.6961801
v 0.06830845 -0.08060125 1.6796575
v 0.04139619 -0.095379464 1.7022376
v 0.063268654 -0.081198394 1.6752485
v 0.07290271 -0.07317159 1.6687912
v 0.07623919 -0.07264921 1.6724478
v 0.08460808 -0.061658423 1.6653591
v 0.08291578 -0.06195837 1.6631113
v 0.09223945 -0.05025025 1.6595002
v 0.09282651 -0.050007418 1.660117
v 0.099582225 -0.038193587 1.6570876
v 0.09978063 -0.038940378 1.6582868
v 0.10478486 -0.026454045 1.6563094
v 0.10579157 -0.02730684 1.6590724
v 0.11141263 -0.014742932 1.6582788
v -0.00985514 -0.0947047 1.6524627
v -0.009079529 -0.09242746 1.654255
v -0.0039762566 -0.08591962 1.6420453
v -0.017335866 -0.106941566 1.6724572
v -0.01623401 -0.105531774 1.6733935
v -0.025436932 -0.102195434 1.6719464
v -0.013016577 -0.09305187 1.6518701
v -0.0039762566 -0.08591962 1.6420453
v -0.01538574 -0.08914962 1.6512775
v -0.013640766 -0.0877826 1.6532991
v -0.029967874 -0.09182195 1.6726872
v -0.032390576 -0.09398127 1.6712899
v -0.04371078 -0.0911725 1.6941317
v -0.045484763 -0.09413191 1.6936307
v -0.034723405 -0.09993213 1.69425
v -0.025394537 -0.106045656 1.695067
v -0.038801935 -0.09951568 1.705768
v -0.049181018 -0.09320734 1.7056957
v -0.047832236 -0.08661178 1.7287549
v -0.02882952 -0.102660015 1.7065617
v -0.03156108 -0.09813072 1.7291124
v -0.011643183 -0.10988522 1.7070198
v -0.013057877 -0.10523389 1.7295232
v -0.009938946 -0.11060934 1.6954278
v -0.017335866 -0.106941566 1.6724572
v 0.005126309 -0.10770532 1.7064533
v 0.006159045 -0.10779223 1.6954147
v 0.0045657824 -0.10425038 1.7291784
v 0.00861355 -0.10582319 1.675104
v -0.0047514937 -0.10865189 1.6739979
v 0.013875101 -0.09824164 1.6564813
v 0.005901916 -0.101355106 1.6545868
v 0.0097460365 -0.09834035 1.650274
v -0.00018330962 -0.09704705 1.6510686
v -0.01623401 -0.105531774 1.6733935
v 0.0004735974 -0.09468244 1.652794
v 0.0055077504 -0.0942484 1.6470443
v 0.0059054983 -0.09215689 1.649158
v 0.018300958 -0.091127664 1.6421804
v 0.013875101 -0.09824164 1.6564813
v 0.016963398 -0.08885036 1.6404961
v 0.01711087 -0.086963184 1.6428236
v 0.025568532 -0.08511868 1.6378536
v 0.020609196 -0.090026855 1.6438888
v 0.019059394 -0.08755862 1.6446002
v 0.012640571 -0.09557293 1.6570762
v 0.025568532 -0.08511868 1.6378536
v 0.070471756 -0.08267661 1.6795436
v 0.06830845 -0.08060125 1.6796575
v 0.07623919 -0.07264921 1.6724478
v 0.078521945 -0.074589424 1.6726047
v 0.08460808 -0.061658423 1.6653591
v 0.08706574 -0.063321404 1.6658
v 0.09282651 -0.050007418 1.660117
v 0.095357455 -0.05139706 1.6609313
v 0.099582225 -0.038193587 1.6570876
v 0.102135636 -0.0393439 1.6581631
v 0.10478486 -0.026454045 1.6563094
v 0.10738141 -0.027427176 1.6574544
v 0.11141263 -0.014742932 1.6582788
v 0.10771182 -0.027770862 1.6564051
v 0.11141263 -0.014742932 1.6582788
v 0.10269904 -0.040186953 1.6561894
v 0.10651924 -0.027320694 1.656162
v 0.10579157 -0.02730684 1.6590724
v 0.09978063 -0.038940378 1.6582868
v 0.10062222 -0.03956705 1.6554763
v 0.09223945 -0.05025025 1.6595002
v 0.09553601 -0.05261711 1.6582615
v 0.09308444 -0.05144082 1.6568794
v 0.08291578 -0.06195837 1.6631113
v 0.086655356 -0.06499558 1.6625134
v 0.08362513 -0.063560076 1.6606759
v 0.07290271 -0.07317159 1.6687912
v 0.07684697 -0.07656877 1.6686045
v 0.0733621 -0.075117126 1.6665542
v 0.063268654 -0.081198394 1.6752485
v 0.068094 -0.08521141 1.6757768
v 0.042255428 -0.097673684 1.702355
v 0.044406753 -0.09884648 1.6957284
v 0.06391773 -0.08376588 1.6738391
v 0.04359407 -0.09682364 1.6961801
v 0.027400374 -0.10252342 1.7051562
v 0.026718974 -0.099605456 1.7050108
v 0.02481987 -0.10075222 1.6948081
v 0.025554897 -0.10366593 1.6944368
v 0.02003585 -0.09885022 1.6757472
v 0.020964067 -0.102005556 1.6752009
v 0.012640571 -0.09557293 1.6570762
v 0.013875101 -0.09824164 1.6564813
v 0.00861355 -0.10582319 1.675104
v 0.006159045 -0.10779223 1.6954147
v 0.005126309 -0.10770532 1.7064533
v 0.028058982 -0.10041939 1.7283937
v 0.025657872 -0.08359643 1.764873
v 0.0058817463 -0.087112784 1.7654387
v -0.01185745 -0.08740168 1.7651563
v 0.039165206 -0.096841335 1.7280096
v 0.042255428 -0.097673684 1.702355
v 0.027400374 -0.10252342 1.7051562
v 0.03706536 -0.09988177 1.6943818
v 0.044406753 -0.09884648 1.6957284
v 0.030175116 -0.099658936 1.6935885
v 0.026718974 -0.099605456 1.7050108
v 0.030897357 -0.09657297 1.6946386
v 0.040319514 -0.0937294 1.6766876
v 0.04053992 -0.09115337 1.6781231
v 0.049756344 -0.085518666 1.6643705
v 0.049614795 -0.08309211 1.6661288
v 0.057582792 -0.07935127 1.6580397
v 0.05170144 -0.08600526 1.6652921
v 0.05386345 -0.08507366 1.666244
v 0.044484213 -0.09454918 1.6779948
v 0.04890691 -0.09214599 1.6794006
v 0.047383465 -0.08964186 1.6800398
v 0.04359407 -0.09682364 1.6961801
v 0.052361663 -0.08263831 1.6671461
v 0.057582792 -0.07935127 1.6580397
v -0.045484763 -0.09413191 1.6936307
v -0.04371078 -0.0911725 1.6941317
v -0.038336825 -0.08968173 1.6718968
v -0.03870728 -0.09194198 1.6709936
v -0.032553468 -0.08681781 1.6572787
v -0.05123325 -0.09121797 1.6926681
v -0.049181018 -0.09320734 1.7056957
v -0.04164544 -0.0904266 1.6708541
v -0.053650554 -0.09006883 1.7050054
v -0.044357087 -0.084922925 1.6707935
v -0.042355087 -0.08354979 1.6721325
v -0.05387171 -0.08276708 1.693304
v -0.056485165 -0.084732056 1.6926378
v -0.05813143 -0.081119634 1.7047671
v -0.060760267 -0.08342212 1.7047158
v -0.058047827 -0.079468474 1.7286831
v -0.042370904 -0.07217221 1.7638999
v -0.03002642 -0.08020319 1.7647144
v -0.016657557 -0.047542576 1.7936475
v -0.025835663 -0.043722663 1.7933279
v -0.0045163557 -0.049098086 1.7938864
v 0.007534047 -0.04798168 1.7936668
v -0 -0.032493804 1.8001747
v -0.018032776 -0.03128208 1.7991456
v 0.018032776 -0.03128208 1.7991456
v -0.028877003 -0.042254336 1.7930603
v -0.050972074 -0.025142178 1.7876391
v -0.063417226 -0.05549601 1.7613418
v -0.050840158 -0.06668876 1.7632514
v -0.07348646 -0.06550959 1.7293578
v -0.060760267 -0.08342212 1.7047158
v -0.07681731 -0.06678332 1.7049214
v 0.018848818 -0.045220364 1.7933369
v 0.021858947 -0.044669185 1.7933258
v 0.050972074 -0.025142178 1.7876391
v 0.040702377 -0.033601496 1.7906554
v -0.06621262 -0.07455917 1.6848747
v -0.07563162 -0.0647936 1.6861087
v -0.07239745 -0.06053104 1.6627729
v -0.07010388 -0.05870735 1.6634161
v -0.063928254 -0.0718594 1.6854048
v -0.05813143 -0.081119634 1.7047671
v 0.03375333 -0.08135812 1.7644482
v 0.050437015 -0.072471425 1.763501
v 0.063417226 -0.055496003 1.7613419
v 0.054531768 -0.089914285 1.7286595
v 0.042255428 -0.097673684 1.702355
v 0.06332376 -0.0832269 1.7304368
v 0.073333755 -0.0655096 1.7293578
v 0.0599268 -0.09009571 1.7048993
v 0.070471756 -0.08267661 1.6795436
v 0.069800854 -0.0825133 1.7064455
v 0.07662321 -0.06602372 1.6963795
v 0.07559805 -0.07691565 1.6868865
v 0.07239745 -0.060531054 1.6627729
v 0.06830845 -0.08060125 1.6796575
v 0.06987511 -0.05904499 1.6634283
v -0.06575349 -0.023242204 1.6131968
v -0.06353337 -0.021654435 1.6144418
v -0.05566333 -0.025036184 1.5972586
v -0.07489292 -0.022433268 1.6274505
v -0.07257817 -0.020978944 1.6286862
v -0.069311395 -0.017340966 1.6116884
v -0.05566333 -0.025036184 1.5972586
v -0.08242047 -0.022812972 1.6420871
v -0.07994721 -0.021490064 1.6431515
v -0.061682593 -0.011209855 1.6107763
v -0.06016224 -0.012874422 1.6127557
v -0.06574177 -0.004251839 1.6268312
v -0.08038979 -0.01247045 1.6258965
v -0.06737225 -0.0023224566 1.6252128
v -0.070658624 0.0021044787 1.6414168
v -0.0866869 -0.023360971 1.6537918
v -0.08410461 -0.02210958 1.6546669
v -0.08889297 -0.009217628 1.6406784
v -0.0723859 0.004190549 1.6401265
v -0.07461783 0.007059916 1.6567996
v -0.087971054 -0.022672316 1.6670041
v 0.40652812 0.110041425 1.1289738
v 0.4420536 0.06267773 1.087992
v -0.38393867 0.03227173 1.1152474
v -0.42856598 0.00782047 1.0811355
v -0.38940948 0.010890648 1.1221415
v -0.4412107 -0.0010772093 1.0876654
v -0.43856215 -0.00096333504 1.0907636
v -0 0.09010957 1.1208609
v 0.028873108 0.095997296 1.1243697
v 0.018526422 0.10137655 1.1142126
v 0.019616019 0.08780588 1.1310687
v -0 0.10934698 1.106965
v 0.018526422 0.10137655 1.1142126
v -0 0.13417464 1.1039541
v 0.03470171 0.1219821 1.1180364
v -0 0.15826014 1.1103075
v 0.038021006 0.10332351 1.1304015
v 0.028873108 0.095997296 1.1243697
v 0.036118258 0.10055271 1.147717
v 0.019616019 0.08780588 1.1310687
v 0.04775412 0.11313815 1.138875
v 0.038811997 0.14326814 1.1258136
v -0 0.17346522 1.1293705
v 0.025750527 0.09259619 1.1576447
v 0.013467844 0.08489708 1.1492445
v 0.04632555 0.13456807 1.1357808
v 0.040255368 0.10959075 1.1351988
v 0.060223598 0.15771015 1.1495521
v 0.04568877 0.12633432 1.1494554
v 0.03470171 0.16120358 1.1463538
v 0.040147018 0.1419364 1.1449382
v -0 0.17345813 1.1879765
v 0.04031457 0.14894165 1.1633373
v 0.04053007 0.11594155 1.1665182
v 0.027034534 0.14644894 1.1819141
v 0.019367332 0.12770341 1.1927534
v -0 0.13681905 1.1980678
v -0 0.11503482 1.191722
v 0.00932546 0.11006779 1.1914804
v 0.033650048 0.10791674 1.1754806
v 0.03642333 0.13667996 1.1803209
v 0.03355893 0.15342507 1.1903722
v 0.029018082 0.108657464 1.173802
v 0.036865737 0.116275564 1.1874459
v 0.02150547 0.10598258 1.1802124
v 0.010183237 0.08600157 1.1660578
v -0 0.08282454 1.168135
v -0 0.08152904 1.1438173
v 0.0037839143 0.089613065 1.184383
v -0 0.08890353 1.1853657
v -0 0.09597365 1.1961923
v -0 0.092283025 1.1798316
v -0 0.10045914 1.1888506
v -0 0.12033919 1.207714
v -0 0.11503482 1.191722
v -0 0.09010957 1.1208609
v -0.019616019 0.08780589 1.1310688
v -0.013467844 0.08489708 1.1492445
v -0 0.08152904 1.1438173
v 0.04031457 0.14894165 1.1633373
v 0.03355893 0.15342507 1.1903722
v 0.027034534 0.14644894 1.1819141
v 0.019367332 0.12770341 1.1927534
v 0.04568877 0.12633432 1.1494554
v 0.040147018 0.1419364 1.1449382
v 0.060223598 0.15771015 1.1495521
v 0.038811997 0.14326814 1.1258136
v 0.036865737 0.116275564 1.1874459
v 0.029018082 0.108657464 1.173802
v 0.04053007 0.11594155 1.1665182
v 0.02150547 0.10598258 1.1802124
v 0.03470171 0.1219821 1.1180364
v 0.04775412 0.11313815 1.138875
v 0.040255368 0.10959075 1.1351988
v 0.036118258 0.10055271 1.147717
v 0.013467844 0.08489708 1.1492445
v 0.019616019 0.08780588 1.1310687
v -0 0.09010957 1.1208609
v -0 0.08152904 1.1438173
v -0 0.09010957 1.1208609
v -0.018526422 0.10137654 1.1142126
v -0.028873108 0.095997296 1.1243697
v -0.019616019 0.08780589 1.1310688
v -0 0.10934698 1.106965
v -0.018526422 0.10137654 1.1142126
v -0 0.13417464 1.1039541
v -0.03470171 0.1219821 1.1180364
v -0 0.15826014 1.1103075
v -0.038021006 0.10332351 1.1304015
v -0.028873108 0.095997296 1.1243697
v -0.036118258 0.10055271 1.147717
v -0.019616019 0.08780589 1.1310688
v -0.04775412 0.11313815 1.138875
v -0.025750527 0.09259619 1.1576447
v -0.013467844 0.08489708 1.1492445
v -0.038811997 0.14326814 1.1258136
v -0.03470171 0.16120358 1.1463538
v -0 0.17346522 1.1293705
v -0 0.17345813 1.1879765
v -0.04632555 0.13456807 1.1357808
v -0.040255368 0.10959075 1.1351988
v -0.060223598 0.15771015 1.1495521
v -0.04568877 0.12633432 1.1494554
v -0.040147018 0.1419364 1.1449382
v -0.04031457 0.14894165 1.1633373
v -0.04053007 0.11594155 1.1665182
v -0.027034534 0.14644894 1.1819141
v -0.019367332 0.12770341 1.1927534
v -0 0.13681905 1.1980678
v -0 0.11503482 1.191722
v -0.00932546 0.11006779 1.1914804
v -0.033650048 0.10791674 1.1754806
v -0.03642333 0.13667996 1.1803209
v -0.03355893 0.15342507 1.1903722
v -0.029018082 0.108657464 1.173802
v -0.036865737 0.116275564 1.1874459
v -0.02150547 0.10598258 1.1802124
v -0.010183237 0.08600157 1.1660578
v -0 0.08282454 1.168135
v -0 0.08152904 1.1438173
v -0.0037839143 0.089613065 1.184383
v -0 0.08890353 1.1853657
v -0 0.09597365 1.1961923
v -0 0.092283025 1.1798316
v -0 0.10045914 1.1888506
v -0 0.12033919 1.207714
v -0 0.11503482 1.191722
v -0.04031457 0.14894165 1.1633373
v -0.027034534 0.14644894 1.1819141
v -0.03355893 0.15342507 1.1903722
v -0.019367332 0.12770341 1.1927534
v -0.060223598 0.15771015 1.1495521
v -0.040147018 0.1419364 1.1449382
v -0.04568877 0.12633432 1.1494554
v -0.038811997 0.14326814 1.1258136
v -0.036865737 0.116275564 1.1874459
v -0.04053007 0.11594155 1.1665182
v -0.029018082 0.108657464 1.173802
v -0.02150547 0.10598258 1.1802124
v -0.03470171 0.1219821 1.1180364
v -0.040255368 0.10959075 1.1351988
v -0.04775412 0.11313815 1.138875
v -0.036118258 0.10055271 1.147717
v -0.06910821 0.017844643 1.5556625
v -0.05768542 0.008186451 1.5689747
v -0.06806068 0.018868806 1.5545164
v -0.07843585 0.029551124 1.5689751
v -0.05955369 0.0075526973 1.5694445
v -0.057968143 0.0056281867 1.5779419
v -0.055817273 0.0062736697 1.5781503
v -0.069474645 0.01749478 1.5771642
v -0.059847757 0.0073718536 1.5836138
v -0.07911908 0.02769639 1.5694445
v -0.081006885 0.029329373 1.577942
v -0.057783578 0.008302351 1.584288
v -0.08030394 0.03146393 1.5781503
v -0.063013144 0.010508931 1.5871701
v -0.06109012 0.011704573 1.5882012
v -0.0793231 0.027396709 1.5836138
v -0.07833775 0.029435169 1.584288
v -0.06649471 0.014087938 1.5871615
v -0.06502598 0.01574995 1.5884928
v -0.06806071 0.018868824 1.585265
v -0.076278135 0.02414369 1.5871702
v -0.075031124 0.026032995 1.5882009
v -0.07109527 0.021987671 1.5884929
v -0.07279615 0.020565024 1.5871617
v -0.06959043 0.017379593 1.5839078
v -0.06962652 0.02364963 1.5871615
v -0.07109527 0.021987671 1.5884929
v -0.075031124 0.026032995 1.5882009
v -0.06806071 0.018868824 1.585265
v -0.07310816 0.027228579 1.5871702
v -0.07833775 0.029435169 1.584288
v -0.07627347 0.030365707 1.5836138
v -0.08030394 0.03146393 1.5781503
v -0.06664711 0.020243246 1.5771638
v -0.07815316 0.03210936 1.5779421
v -0.06653093 0.020357996 1.5839077
v -0.06332517 0.017172573 1.5871615
v -0.06502598 0.01574995 1.5884928
v -0.07843585 0.029551124 1.5689751
v -0.059843235 0.013593914 1.5871702
v -0.06109012 0.011704573 1.5882012
v -0.057783578 0.008302351 1.584288
v -0.056798156 0.01034083 1.5836138
v -0.055817273 0.0062736697 1.5781503
v -0.055114288 0.008408125 1.5779419
v -0.05768542 0.008186451 1.5689747
v -0.0765676 0.030184887 1.5694445
v -0.06701308 0.019892987 1.5556624
v -0.06806068 0.018868806 1.5545164
v -0.057002258 0.010041161 1.5694445
v -0.067648545 0.019078616 1.5868754
v -0.06523733 0.021851057 1.5904369
v -0.07032887 0.021653399 1.5903926
v -0.06504131 0.01676265 1.590619
v -0.06772461 0.019347886 1.5944309
v -0.06772461 0.019347886 1.5944309
v -0.06504131 0.01676265 1.590619
v -0.07013285 0.016564948 1.5905762
v -0.07032887 0.021653399 1.5903926
v -0.067648545 0.019078616 1.5868754
v -0.15276986 0.052193444 0.05758327
v -0.15522912 0.03868073 0.041076496
v -0.1243716 0.038984723 0.041098747
v -0.16149826 0.017524032 0.00077697064
v -0.124587454 0.05234877 0.057566714
v -0.14951749 0.07506079 0.077584215
v -0.122216746 0.017803306 0.0006594828
v -0.16087882 0.0041871644 0.00067024655
v -0.12335549 0.075057 0.07755868
v -0.09925718 0.052019197 0.058556303
v -0.098302476 0.03835137 0.041626997
v -0.08953884 0.017316932 0.00077333715
v -0.09826273 0.07510556 0.07930381
v -0.0877126 0.0038784791 0.0007406897
v -0.123090476 0.07587073 0.043504775
v -0.13527924 0.075891726 0.043326396
v -0.11147491 0.075886734 0.043924488
v -0.12971155 0.07695907 0.0008171037
v -0.121940136 0.0045251083 0.00048377938
v -0.09056196 -0.025439452 0.00082428276
v -0.12255679 0.076947436 0.0008463125
v -0.11540202 0.07695907 0.00087751664
v -0.13063915 0.083091505 0.00081189355
v -0.114474416 0.08309148 0.00088069163
v -0.12067823 -0.02505127 0.0004684907
v -0.15289599 -0.025130615 0.00058242615
v -0.1037448 -0.06377537 0.0010113744
v -0.13422255 -0.06369366 0.0008273677
v -0.12255679 0.08307846 0.0008449455
v -0.12775026 0.09164984 0.00083129975
v -0.119054705 -0.06359905 0.0009126262
v -0.11858496 -0.075391844 0.0009510988
v -0.12255679 0.09167598 0.000852438
v -0.117363304 0.09164984 0.0008744488
v -0.122556776 0.09611303 0.0008603267
v 0.15276986 0.052193444 0.05758327
v 0.1243716 0.038984723 0.041098747
v 0.15522912 0.03868073 0.041076496
v 0.16149826 0.017524032 0.00077697064
v 0.124587454 0.05234877 0.057566714
v 0.14951749 0.07506079 0.077584215
v 0.122216746 0.017803306 0.0006594828
v 0.16087882 0.0041871644 0.00067024655
v 0.12335549 0.075057 0.07755868
v 0.09925718 0.052019197 0.058556303
v 0.098302476 0.03835137 0.041626997
v 0.08953884 0.017316932 0.00077333715
v 0.09826273 0.07510556 0.07930381
v 0.0877126 0.0038784791 0.0007406897
v 0.123090476 0.07587073 0.043504775
v 0.13527924 0.075891726 0.043326396
v 0.11147491 0.075886734 0.043924488
v 0.12971155 0.07695907 0.0008171037
v 0.121940136 0.0045251083 0.00048377938
v 0.09056196 -0.025439452 0.00082428276
v 0.12255679 0.076947436 0.0008463125
v 0.11540202 0.07695907 0.00087751664
v 0.13063915 0.083091505 0.00081189355
v 0.114474416 0.08309148 0.00088069163
v 0.12067823 -0.02505127 0.0004684907
v 0.15289599 -0.025130615 0.00058242615
v 0.1037448 -0.06377537 0.0010113744
v 0.13422255 -0.06369366 0.0008273677
v 0.12255679 0.08307846 0.0008449455
v 0.12775026 0.09164984 0.00083129975
v 0.119054705 -0.06359905 0.0009126262
v 0.11858496 -0.075391844 0.0009510988
v 0.12255679 0.09167598 0.000852438
v 0.117363304 0.09164984 0.0008744488
v 0.122556776 0.09611303 0.0008603267
v -0.022508085 -0.08118849 1.6887906
v -0.041458692 -0.071088545 1.6755996
v -0.058196895 -0.06252013 1.6873165
v -0.02363675 -0.07657847 1.6705039
v -0.024791602 -0.0709125 1.6617624
v -0.009647831 -0.07236425 1.6448996
v -0.021386933 -0.06488844 1.6366223
v -0.019307122 -0.067379095 1.6319636
v -0.03727466 -0.06173478 1.6286615
v -0.03834351 -0.059726413 1.6316165
v -0.042651195 -0.06626047 1.6667622
v -0.05858097 -0.05997881 1.6742636
v -0.057777833 -0.049060993 1.6353171
v -0.059941597 -0.047786456 1.629679
v -0.05862988 -0.055315655 1.6638898
v -0.06744161 -0.049308885 1.6715775
v -0.07386239 -0.03765776 1.678009
v -0.07159094 -0.035951827 1.6588917
v -0.06598525 -0.04826506 1.6604904
v -0.06385782 -0.042265847 1.6405162
v -0.06350141 -0.036257755 1.6293058
v 0.022508085 -0.08118849 1.6887906
v 0.058196895 -0.06252013 1.6873165
v 0.041458692 -0.071088545 1.6755996
v 0.02363675 -0.07657847 1.6705039
v 0.024791602 -0.0709125 1.6617624
v 0.009647831 -0.07236425 1.6448996
v 0.021386933 -0.06488844 1.6366223
v 0.019307122 -0.067379095 1.6319636
v 0.03727466 -0.06173478 1.6286615
v 0.03834351 -0.059726413 1.6316165
v 0.042651195 -0.06626047 1.6667622
v 0.05858097 -0.05997881 1.6742636
v 0.057777833 -0.049060993 1.6353171
v 0.059941597 -0.047786456 1.629679
v 0.05862988 -0.055315655 1.6638898
v 0.06744161 -0.049308885 1.6715775
v 0.07386239 -0.03765776 1.678009
v 0.07159094 -0.035951827 1.6588917
v 0.06598525 -0.04826506 1.6604904
v 0.06385782 -0.042265847 1.6405162
v 0.06350141 -0.036257755 1.6293058
v 0.046293635 -0.026236292 1.8364662
v 0.058168776 -0.027285818 1.8788111
v 0.057177313 -0.036737707 1.8766433
v 0.07393499 -0.049872722 1.8994807
v 0.048300326 -0.015826272 1.8379118
v 0.036694866 -0.017175427 1.8018321
v 0.039587364 -0.0072244625 1.8028625
v 0.05697053 -0.024098568 1.7882086
v 0.07873378 -0.019150741 1.8159614
v 0.059863083 -0.014147627 1.7892388
v 0.07654874 -0.029240906 1.8145962
v 0.09920772 -0.03565941 1.8498933
v 0.10027831 -0.025512354 1.8519766
v 0.12455901 -0.041134287 1.8826288
v 0.072731204 -0.043927867 1.9102836
v 0.079398304 -0.05575098 1.8957362
v 0.12705714 -0.036547013 1.8936907
v 0.13178141 -0.045030084 1.88279
v 0.08285497 -0.059008192 1.9028441
v 0.13784122 -0.046604548 1.8918635
v 0.16990261 -0.07933638 1.8691261
v 0.12097405 -0.114721745 1.8705627
v 0.12038886 -0.11143566 1.8606981
v 0.17044425 -0.08262069 1.8789935
v 0.20705055 -0.13089946 1.8597859
v 0.20524338 -0.13417965 1.8695033
v 0.23450202 -0.19138782 1.8530031
v 0.16229032 -0.16551024 1.8502145
v 0.1641452 -0.16224894 1.8405001
v 0.20979445 -0.20944577 1.8503835
v 0.21323825 -0.20729966 1.8422728
v 0.2315721 -0.19331567 1.8616835
v 0.24392155 -0.22088692 1.8530291
v 0.23388973 -0.22822858 1.8564584
v 0.23577616 -0.22726904 1.850064
v 0.24203213 -0.2218479 1.8592563
v 0.24301995 -0.2295663 1.8535877
v 0.24203964 -0.23023218 1.8587458
v -0.10316372 -0.026397305 1.8435163
v -0.087956235 -0.02185986 1.8095229
v -0.08869867 -0.011350268 1.8106298
v -0.071833946 -0.016865045 1.7801851
v -0.103318326 -0.015933273 1.8445743
v -0.11565896 -0.029810967 1.8799466
v -0.073018655 -0.0063146506 1.7811546
v -0.04983817 -0.016844746 1.7972032
v -0.050832663 -0.006392964 1.7984583
v -0.05149099 -0.022388296 1.8235427
v -0.051998824 -0.0119715175 1.8247923
v -0.053807206 -0.018812472 1.8578672
v -0.05391507 -0.029200582 1.8568307
v -0.05740434 -0.02484777 1.8935272
v -0.05805261 -0.03523024 1.8929954
v -0.11527329 -0.019387746 1.8805698
v -0.12302747 -0.031199338 1.917426
v -0.12205965 -0.020851977 1.9174826
v -0.12331671 -0.03078869 1.9556667
v -0.06330523 -0.028487248 1.9294143
v -0.06450064 -0.03884213 1.9294833
v -0.121788025 -0.0205423 1.9552482
v -0.06988902 -0.02947163 1.9637607
v -0.0715503 -0.039759487 1.9642625
v -0.07935119 -0.038691495 1.99757
v -0.11538831 -0.020004181 1.9910254
v -0.117319055 -0.030179638 1.9916238
v -0.099923 -0.032280993 2.0432475
v -0.077405654 -0.028465895 1.9969538
v -0.09480307 -0.033804663 2.043584
v -0.097801104 -0.022128519 2.042785
v -0.092807785 -0.023610372 2.0431144
v -0.097407855 -0.032957334 2.0458915
v -0.09535595 -0.022783637 2.0454254
v -0.08093917 -0.010212717 1.4811049
v -0.10958883 -0.004148544 1.4719603
v -0.07956145 -0.011665074 1.4801401
v -0.11035167 -0.0026732571 1.4736688
v -0.074125625 -0.017626049 1.476699
v -0.13570715 0.0057895905 1.463726
v -0.1376486 0.0073102703 1.4646088
v -0.13405088 -0.007813462 1.4361986
v -0.1358066 -0.006366969 1.4360591
v -0.08341709 -0.025407812 1.4645686
v -0.07274225 -0.01901138 1.475799
v -0.081791244 -0.026908264 1.4640794
v -0.09092637 -0.03175943 1.4541786
v -0.089344956 -0.033228617 1.453833
v -0.11506994 -0.013149233 1.458446
v -0.101840094 -0.041683257 1.4363332
v -0.10043241 -0.04336102 1.4361955
v -0.13266012 -0.020218367 1.4101281
v -0.13399386 -0.018772729 1.4097978
v -0.13087186 -0.028074896 1.3888966
v -0.11919778 -0.02455615 1.4368197
v -0.1126667 -0.052700613 1.4136444
v -0.11171359 -0.0545843 1.4137698
v -0.12991184 -0.02954226 1.3893548
v -0.12645546 -0.036716875 1.371421
v -0.12233624 -0.036610108 1.4125896
v -0.118291534 -0.06075819 1.3937315
v -0.11774415 -0.06277535 1.3940159
v -0.12575296 -0.038262945 1.372073
v -0.11169918 -0.050919794 1.3427067
v -0.12356266 -0.045623455 1.3924552
v -0.11882916 -0.065490276 1.3769596
v -0.11854216 -0.06758142 1.377295
v -0.11153549 -0.052380227 1.3435241
v -0.08895825 -0.065103255 1.3260118
v -0.12201402 -0.052074898 1.3752186
v -0.1109096 -0.07127622 1.3475683
v -0.110902704 -0.07325111 1.3478526
v -0.11196225 -0.06152314 1.345943
v -0.08911 -0.066530935 1.3267883
v -0.075082794 -0.07156807 1.3217878
v -0.0890282 -0.075208575 1.3283687
v -0.08910885 -0.07705792 1.3286481
v -0.08932655 -0.07065003 1.3275568
v -0.07515102 -0.07258937 1.3223573
v -0.07481118 -0.077768154 1.3234395
v -0.074867666 -0.07949992 1.3238097
v -0.07501869 -0.07518499 1.3228319
v -0.05272179 -0.081862785 1.3139789
v -0.047475986 -0.08352624 1.3115889
v 0.08093917 -0.010212717 1.4811049
v 0.07956145 -0.011665074 1.4801401
v 0.10958883 -0.004148544 1.4719603
v 0.11035167 -0.0026732571 1.4736688
v 0.074125625 -0.017626049 1.476699
v 0.13570715 0.0057895905 1.463726
v 0.1376486 0.0073102703 1.4646088
v 0.13405088 -0.007813462 1.4361986
v 0.1358066 -0.006366969 1.4360591
v 0.08341709 -0.025407812 1.4645686
v 0.07274225 -0.01901138 1.475799
v 0.081791244 -0.026908264 1.4640794
v 0.09092637 -0.03175943 1.4541786
v 0.089344956 -0.033228617 1.453833
v 0.11506994 -0.013149233 1.458446
v 0.101840094 -0.041683257 1.4363332
v 0.10043241 -0.04336102 1.4361955
v 0.1326632 -0.020232372 1.4101285
v 0.1340003 -0.018800624 1.4097992
v 0.13087673 -0.028088326 1.3888974
v 0.11919778 -0.02455615 1.4368197
v 0.1126667 -0.052700613 1.4136444
v 0.11171359 -0.0545843 1.4137698
v 0.12991329 -0.029548002 1.389355
v 0.12645546 -0.036716875 1.371421
v 0.12233624 -0.036610108 1.4125896
v 0.118291534 -0.06075819 1.3937315
v 0.11774415 -0.06277535 1.3940159
v 0.12575296 -0.038262945 1.372073
v 0.11169918 -0.050919794 1.3427067
v 0.12356266 -0.045623455 1.3924552
v 0.11882916 -0.065490276 1.3769596
v 0.11854216 -0.06758142 1.377295
v 0.11153549 -0.052380227 1.3435241
v 0.08895825 -0.065103255 1.3260118
v 0.12201402 -0.052074898 1.3752186
v 0.1109096 -0.07127622 1.3475683
v 0.110902704 -0.07325111 1.3478526
v 0.11196225 -0.06152314 1.345943
v 0.08911 -0.066530935 1.3267883
v 0.075082794 -0.07156807 1.3217878
v 0.0890282 -0.075208575 1.3283687
v 0.08910885 -0.07705792 1.3286481
v 0.08932655 -0.07065003 1.3275568
v 0.07515102 -0.07258937 1.3223573
v 0.07481118 -0.077768154 1.3234395
v 0.074867666 -0.07949992 1.3238097
v 0.07501869 -0.07518499 1.3228319
v 0.05272179 -0.081862785 1.3139789
v 0.047475986 -0.08352624 1.3115889
v 0.06443896 0.016239947 1.5499815
v 0.064655036 0.018220833 1.54981
v 0.05759076 0.019348592 1.5534039
v 0.057374686 0.017367704 1.5535754
v 0.05849687 0.019659426 1.5586717
v 0.06458761 0.016806556 1.556182
v 0.064795315 0.018789597 1.5560259
v 0.0582933 0.017675376 1.5588204
v 0.05979475 0.019919876 1.5657183
v 0.05963517 0.017930694 1.5658514
v 0.061146695 0.020203471 1.5731133
v 0.06486893 0.017371625 1.5639399
v 0.06503765 0.019360078 1.5638074
v 0.06134974 0.018215561 1.5730298
v 0.062517196 0.018823797 1.5817792
v 0.06446279 0.016246574 1.5809813
v 0.061146673 0.014162611 1.5760511
v 0.065287486 0.017975098 1.5720173
v 0.065106116 0.019965647 1.5720868
v 0.06646861 0.018461926 1.580556
v 0.06550027 0.020175021 1.5809132
v 0.068153806 0.0179239 1.587669
v 0.0672248 0.019689938 1.5878035
v 0.063165255 0.01062726 1.5745988
v 0.06022541 0.013435152 1.5733982
v 0.06057565 0.011846359 1.5722351
v 0.054988883 0.008962999 1.5778484
v 0.058365133 0.006600606 1.5787344
v 0.055339124 0.0073742056 1.5766853
v 0.05642203 0.010160429 1.5802637
v 0.060373515 0.014232712 1.5856508
v 0.06261322 0.011967963 1.5850374
v 0.06562438 0.01900273 1.5914235
v 0.066883475 0.017448831 1.5914149
v 0.0671004 0.019905025 1.5912834
v 0.067534834 0.01755579 1.5877056
v 0.06803729 0.018142957 1.591415
v 0.06867504 0.020624518 1.5914273
v 0.06925797 0.018711392 1.5914149
v 0.07548663 0.022268075 1.5856484
v 0.07618965 0.019186702 1.5850374
v 0.08039581 0.024435746 1.5808792
v 0.07161959 0.020051796 1.5813397
v 0.06880505 0.018231189 1.5877056
v 0.08301498 0.019707104 1.5787344
v 0.08294436 0.023827206 1.5778487
v 0.06866735 0.019632062 1.5813665
v 0.06786512 0.02141785 1.5817757
v 0.06975543 0.020293364 1.5737733
v 0.06821246 0.0215627 1.573863
v 0.08406565 0.022648374 1.5766854
v 0.07630863 0.021986783 1.5733981
v 0.07046623 0.020348828 1.5665885
v 0.06872279 0.021317748 1.5664414
v 0.076992474 0.017979356 1.5745988
v 0.07742993 0.02080795 1.5722349
v 0.07443044 0.022753203 1.5766727
v 0.07048263 0.023059245 1.5821631
v 0.07019163 0.02500205 1.5747284
v 0.07173981 0.023738693 1.5746443
v 0.07119273 0.025974683 1.568119
v 0.07293336 0.025000704 1.5682658
v 0.072136916 0.026910102 1.5618502
v 0.07109294 0.020265676 1.5596898
v 0.06933436 0.021202045 1.5595148
v 0.073894374 0.025970366 1.5620183
v 0.07289344 0.027481493 1.5572115
v 0.07465478 0.026553836 1.5574043
v 0.06988116 0.021000814 1.5540199
v 0.071642496 0.020073157 1.5542126
v 0.1232192 -0.010686648 1.708906
v 0.11327183 -0.009833461 1.7083387
v 0.11397477 -0.046242617 1.6720113
v 0.123979814 -0.017485289 1.7160939
v 0.11434509 -0.015582836 1.714209
v 0.12392213 -0.0470958 1.6725786
v 0.111729756 -0.047294155 1.6803677
v 0.1214785 -0.049244795 1.6814433
v 0.10037622 -0.04847219 1.7057366
v 0.1092636 -0.052864432 1.7070493
v 0.09544287 -0.054862056 1.7258077
v 0.11580799 0.0005872077 1.7372634
v 0.106243454 -0.0018421444 1.7356454
v 0.11711002 -0.007592731 1.7418487
v 0.107314005 -0.0077006235 1.7398422
v 0.11729085 -0.034661017 1.7279824
v 0.11190473 -0.04866374 1.7422774
v 0.10448476 -0.059030242 1.7248747
v 0.09075897 -0.06649442 1.7258811
v 0.100172415 -0.069735385 1.7249414
v 0.08982682 -0.07474544 1.7058318
v 0.113503434 0.0042607654 1.7617091
v 0.103670105 0.0043137628 1.7598917
v 0.11254275 -0.0059437393 1.7666094
v 0.10294952 -0.004833733 1.7640138
v 0.10126834 -0.028900303 1.7715728
v 0.092392854 -0.028236443 1.7670138
v 0.0992929 -0.0776986 1.707125
v 0.09689375 -0.08429474 1.6803895
v 0.08802269 -0.014290211 1.7891856
v 0.07975416 -0.013540495 1.7836115
v 0.10528929 -0.08960668 1.6815289
v 0.085642815 -0.113150515 1.7162145
v 0.09769141 -0.08686629 1.6720076
v 0.092638366 -0.09615582 1.7280815
v 0.098397665 -0.08232827 1.7423587
v 0.09904954 -0.044199556 1.7771007
v 0.105463885 -0.09312352 1.6726676
v 0.07256564 -0.111441314 1.708374
v 0.08033811 -0.11769854 1.7090341
v 0.07737051 -0.107875556 1.7142798
v 0.062400233 -0.111417145 1.7356031
v 0.06757772 -0.11978167 1.7373998
v 0.06722638 -0.10784269 1.7398745
v 0.07418793 -0.11470687 1.7419769
v 0.0566079 -0.11328971 1.7599716
v 0.06991708 -0.112317815 1.766737
v 0.06366638 -0.12012026 1.7618481
v 0.062254887 -0.10647024 1.7640731
v 0.07086344 -0.08208667 1.7670463
v 0.07766521 -0.08777472 1.7716703
v 0.052033767 -0.082924366 1.7836256
v 0.08649736 -0.07547967 1.7771804
v 0.05843202 -0.08811573 1.7892925
v 0.047305975 -0.08218132 1.7947035
v 0.06764763 -0.075504035 1.7917074
v 0.0545043 -0.0868155 1.7998714
v 0.052141976 -0.06945479 1.7955666
v 0.0592657 -0.07321685 1.801491
v 0.06284069 -0.06418027 1.8015897
v 0.055192478 -0.061114702 1.7959235
v 0.051512234 -0.060022917 1.8049899
v 0.08585265 -0.03010867 1.7916186
v 0.060160663 -0.063484244 1.8086264
v 0.06387945 -0.029204607 1.8049104
v 0.072527885 -0.03266594 1.8085469
v 0.06719041 -0.031198232 1.7958555
v 0.07485185 -0.034251075 1.8015109
v 0.07070273 -0.023055954 1.7955384
v 0.07850383 -0.025241744 1.8014005
v 0.07598575 -0.010515627 1.7946612
v 0.08442698 -0.012160974 1.799764
v -0.08105256 -0.014634959 1.4831529
v -0.07956145 -0.011665074 1.4801401
v -0.074125625 -0.017626049 1.476699
v -0.07544916 -0.020694897 1.4797152
v -0.11156046 -0.0075549623 1.475206
v -0.07274225 -0.01901138 1.475799
v -0.08239494 -0.01315849 1.4838988
v -0.08093917 -0.010212717 1.4811049
v -0.1121815 -0.0056954776 1.4764243
v -0.11035167 -0.0026732571 1.4736688
v -0.0737385 -0.022009738 1.4786204
v -0.081791244 -0.026908264 1.4640794
v -0.14023557 0.0044115973 1.4662629
v -0.1376486 0.0073102703 1.4646088
v -0.084997706 -0.028911766 1.4679223
v -0.08298967 -0.030079165 1.4670184
v -0.089344956 -0.033228617 1.453833
v -0.092943765 -0.035235934 1.4573201
v -0.09090513 -0.036332585 1.4566898
v -0.10043241 -0.04336102 1.4361955
v -0.13852538 0.0023159664 1.4661785
v -0.13900067 -0.0092785545 1.4372815
v -0.1358066 -0.006366969 1.4360591
v -0.11763415 -0.016587725 1.4612075
v -0.13768846 -0.011035432 1.4377515
v -0.10464527 -0.0448536 1.43918
v -0.10267967 -0.046168797 1.4388883
v -0.11171359 -0.0545843 1.4137698
v -0.13771638 -0.021149676 1.4105521
v -0.13399386 -0.018772729 1.4097978
v -0.13693938 -0.02281398 1.411116
v -0.12254479 -0.027718846 1.4390152
v -0.13496535 -0.029871749 1.3889836
v -0.13087186 -0.028074896 1.3888966
v -0.116480075 -0.055211704 1.4159198
v -0.11492664 -0.056826863 1.4159677
v -0.11774415 -0.06277535 1.3940159
v -0.1264701 -0.039117496 1.4142172
v -0.13461637 -0.031504 1.3895643
v -0.13065872 -0.037998654 1.3705832
v -0.12645546 -0.036716875 1.371421
v -0.12290192 -0.062600106 1.3949047
v -0.121739864 -0.06444394 1.3951762
v -0.11854216 -0.06758142 1.377295
v -0.12826778 -0.047464766 1.3931596
v -0.13057135 -0.039632976 1.3711082
v -0.115346536 -0.051811222 1.3403163
v -0.11169918 -0.050919794 1.3427067
v -0.123723924 -0.06688848 1.3766258
v -0.122829884 -0.068874285 1.377074
v -0.110902704 -0.07325111 1.3478526
v -0.12690319 -0.053391002 1.3745952
v -0.11568109 -0.053302355 1.3406978
v -0.09140942 -0.065878734 1.3223459
v -0.08895825 -0.065103255 1.3260118
v -0.1146659 -0.074360855 1.3456705
v -0.08910885 -0.07705792 1.3286481
v -0.115193486 -0.072498016 1.3450824
v -0.11624148 -0.06252157 1.3433512
v -0.09174624 -0.06733961 1.3224962
v -0.07679942 -0.072326265 1.3177048
v -0.075082794 -0.07156807 1.3217878
v -0.09143871 -0.07831097 1.3249916
v -0.074867666 -0.07949992 1.3238097
v -0.09201147 -0.07156744 1.3233173
v -0.09168455 -0.076459624 1.3241969
v -0.076633364 -0.08095102 1.3199586
v -0.047475986 -0.08352624 1.3115889
v -0.048926268 -0.08467222 1.3079991
v -0.07711627 -0.0734532 1.3177295
v -0.054838967 -0.08311595 1.3095099
v -0.07681611 -0.07916933 1.3189627
v -0.077001356 -0.076200806 1.3182424
v 0.07544916 -0.020694897 1.4797152
v 0.074125625 -0.017626049 1.476699
v 0.07956145 -0.011665074 1.4801401
v 0.0737385 -0.022009738 1.4786204
v 0.07274225 -0.01901138 1.475799
v 0.08298967 -0.030079165 1.4670184
v 0.081791244 -0.026908264 1.4640794
v 0.08105256 -0.014634959 1.4831529
v 0.11156046 -0.0075549623 1.475206
v 0.08093917 -0.010212717 1.4811049
v 0.084997706 -0.028911766 1.4679223
v 0.08239494 -0.01315849 1.4838988
v 0.11035167 -0.0026732571 1.4736688
v 0.1121815 -0.0056954776 1.4764243
v 0.1376486 0.0073102703 1.4646088
v 0.09090513 -0.036332585 1.4566898
v 0.089344956 -0.033228617 1.453833
v 0.092943765 -0.035235934 1.4573201
v 0.14023557 0.0044115973 1.4662629
v 0.1358066 -0.006366969 1.4360591
v 0.10267967 -0.046168797 1.4388883
v 0.10043241 -0.04336102 1.4361955
v 0.13852538 0.0023159664 1.4661785
v 0.10464527 -0.0448536 1.43918
v 0.11763415 -0.016587725 1.4612075
v 0.13900067 -0.0092785545 1.4372815
v 0.1340003 -0.018800624 1.4097992
v 0.13768846 -0.011035432 1.4377515
v 0.11492664 -0.056826863 1.4159677
v 0.11171359 -0.0545843 1.4137698
v 0.12254479 -0.027718846 1.4390152
v 0.116480075 -0.055211704 1.4159198
v 0.13772151 -0.021192908 1.4105566
v 0.13087673 -0.028088326 1.3888974
v 0.13694027 -0.022840897 1.4111192
v 0.13497019 -0.029905196 1.3889872
v 0.12645546 -0.036716875 1.371421
v 0.121739864 -0.06444394 1.3951762
v 0.11774415 -0.06277535 1.3940159
v 0.12290192 -0.062600106 1.3949047
v 0.1264701 -0.039117496 1.4142172
v 0.1346175 -0.031525254 1.3895667
v 0.13065872 -0.037998654 1.3705832
v 0.11169918 -0.050919794 1.3427067
v 0.122829884 -0.068874285 1.377074
v 0.11854216 -0.06758142 1.377295
v 0.12826778 -0.047464766 1.3931596
v 0.123723924 -0.06688848 1.3766258
v 0.13057135 -0.039632976 1.3711082
v 0.115346536 -0.051811222 1.3403163
v 0.08895825 -0.065103255 1.3260118
v 0.1146659 -0.074360855 1.3456705
v 0.110902704 -0.07325111 1.3478526
v 0.12690319 -0.053391002 1.3745952
v 0.11568109 -0.053302355 1.3406978
v 0.09140942 -0.065878734 1.3223459
v 0.075082794 -0.07156807 1.3217878
v 0.115193486 -0.072498016 1.3450824
v 0.11624148 -0.06252157 1.3433512
v 0.09143871 -0.07831097 1.3249916
v 0.08910885 -0.07705792 1.3286481
v 0.09174624 -0.06733961 1.3224962
v 0.07679942 -0.072326265 1.3177048
v 0.047475986 -0.08352624 1.3115889
v 0.09201147 -0.07156744 1.3233173
v 0.09168455 -0.076459624 1.3241969
v 0.076633364 -0.08095102 1.3199586
v 0.074867666 -0.07949992 1.3238097
v 0.048926268 -0.08467222 1.3079991
v 0.07711627 -0.0734532 1.3177295
v 0.054838967 -0.08311595 1.3095099
v 0.07681611 -0.07916933 1.3189627
v 0.077001356 -0.076200806 1.3182424
v 0.07027343 0.013620829 1.6239843
v 0.070936985 0.011809954 1.6203234
v 0.07133239 0.014582413 1.6231626
v 0.0714144 0.010583372 1.6215191
v 0.06990678 0.010776853 1.6209037
v 0.07241378 0.011696791 1.6208615
v 0.072445735 0.007780368 1.6157217
v 0.07085802 0.008180886 1.6155418
v 0.07181531 0.009399568 1.6153437
v 0.07336337 0.009105166 1.6155001
v 0.07229985 0.008058924 1.6092067
v 0.070721366 0.008436544 1.6095148
v 0.07168528 0.009637054 1.6097491
v 0.07322587 0.009363138 1.6094769
v 0.071015835 0.011344652 1.6037221
v 0.069533125 0.011476161 1.6044396
v 0.070581816 0.012458858 1.6050384
v 0.06761208 0.016484575 1.6016771
v 0.07203844 0.012400746 1.6044058
v 0.06893769 0.01675699 1.6007347
v 0.06880056 0.017108722 1.6024721
v 0.070119 0.017404767 1.6016434
v 0.066622354 0.022846013 1.6010469
v 0.0654734 0.022118159 1.6019675
v 0.06681883 0.022340845 1.6027408
v 0.0679812 0.023036003 1.6019298
v 0.06468995 0.027979799 1.6045741
v 0.063690625 0.026866507 1.6052313
v 0.06516743 0.026753154 1.6057701
v 0.06619756 0.02778645 1.60519
v 0.06365853 0.030783053 1.6103714
v 0.06274106 0.029458085 1.6105937
v 0.06428909 0.029163515 1.6107491
v 0.06524632 0.030382344 1.6105512
v 0.0644191 0.028925965 1.6163442
v 0.06538293 0.030126745 1.6165788
v 0.06380444 0.030504476 1.6168863
v 0.06287847 0.02920007 1.6166164
v 0.06508851 0.02721867 1.6223712
v 0.06406588 0.026162472 1.6216873
v 0.065522455 0.026104383 1.6210551
v 0.06657117 0.02708701 1.6216539
v 0.065507226 0.026131447 1.6231782
v 0.06447337 0.025103582 1.6224741
v 0.06698783 0.026004352 1.6224548
v 0.06593612 0.02502785 1.621824
v 0.06771664 0.01911288 1.5930299
v 0.06978143 0.0170237 1.5961053
v 0.06994433 0.021252882 1.5959529
v 0.06554967 0.017188042 1.5961415
v 0.067779794 0.019336717 1.5993096
v 0.0657126 0.0214172 1.59599
vt 0.16772461 0.7895508
vt 0.16638184 0.7915039
vt 0.16772461 0.7895508
vt 0.16772461 0.7895508
vt 0.16772461 0.7895508
vt 0.16638184 0.7915039
vt 0 0
vt 0 0
vt 0 0
vt 0 0
vt 0 0
vt 0 0
vt 0 0
vt 0 0
vt 0 0
vt 0 0
vt 0 0
vt 0 0
vt 0.87402344 0.96728516
vt 0.85839844 0.95458984
vt 0.8623047 0.96728516
vt 0.87060547 0.95410156
vt 0.88378906 0.9526367
vt 0.8847656 0.9663086
vt 0.90771484 0.96484375
vt 0.8623047 0.9345703
vt 0.8510742 0.9370117
vt 0.8774414 0.93066406
vt 0.8515625 0.9121094
vt 0.84277344 0.91796875
vt 0.8276367 0.9003906
vt 0.89160156 0.92529297
vt 0.86279297 0.90625
vt 0.8310547 0.89404297
vt 0.7866211 0.8803711
vt 0.7915039 0.88916016
vt 0.77734375 0.89990234
vt 0.90478516 0.94677734
vt 0.8339844 0.88916016
vt 0.9160156 0.9448242
vt 0.9111328 0.9160156
vt 0.92822266 0.94970703
vt 0.9223633 0.96533203
vt 0.9326172 0.95166016
vt 0.9277344 0.9667969
vt 0.93896484 0.96972656
vt 0.8725586 0.90234375
vt 0.8588867 0.8847656
vt 0.89404297 0.8925781
vt 0.8833008 0.87402344
vt 0.9277344 0.9321289
vt 0.93603516 0.9370117
vt 0.9399414 0.93896484
vt 0.9448242 0.9560547
vt 0.921875 0.90966797
vt 0.9355469 0.92529297
vt 0.9550781 0.9604492
vt 0.9482422 0.9736328
vt 0.9614258 0.9506836
vt 0.95166016 0.9448242
vt 0.9682617 0.94140625
vt 0.95947266 0.9345703
vt 0.9511719 0.92626953
vt 0.9482422 0.92333984
vt 0.94384766 0.91845703
vt 0.9326172 0.9033203
vt 0.90625 0.88623047
vt 0.91845703 0.8798828
vt 0.9091797 0.86083984
vt 0.8959961 0.8676758
vt 0.88720703 0.8461914
vt 0.9008789 0.84033203
vt 0.87353516 0.8520508
vt 0.8779297 0.81689453
vt 0.8925781 0.8125
vt 0.8881836 0.7939453
vt 0.86328125 0.82128906
vt 0.84716797 0.8618164
vt 0.87353516 0.7963867
vt 0.83935547 0.82666016
vt 0.87158203 0.77734375
vt 0.8857422 0.7758789
vt 0.87158203 0.7441406
vt 0.8852539 0.74560547
vt 0.87841797 0.7138672
vt 0.8911133 0.71777344
vt 0.8798828 0.69677734
vt 0.8833008 0.6977539
vt 0.88134766 0.6796875
vt 0.8691406 0.6748047
vt 0.8671875 0.6928711
vt 0.8652344 0.7104492
vt 0.85791016 0.74316406
vt 0.8574219 0.7788086
vt 0.85058594 0.6870117
vt 0.85498047 0.6694336
vt 0.8461914 0.70458984
vt 0.8261719 0.68115234
vt 0.82910156 0.6621094
vt 0.8588867 0.7993164
vt 0.83935547 0.74121094
vt 0.82373047 0.7006836
vt 0.7993164 0.67626953
vt 0.80078125 0.6542969
vt 0.7631836 0.6464844
vt 0.76123047 0.6694336
vt 0.79785156 0.6982422
vt 0.8208008 0.7397461
vt 0.8354492 0.7807617
vt 0.8354492 0.80322266
vt 0.81640625 0.7792969
vt 0.7949219 0.73779297
vt 0.81591797 0.8017578
vt 0.8203125 0.82714844
vt 0.7861328 0.79589844
vt 0.82666016 0.8623047
vt 0.75927734 0.6928711
vt 0.7910156 0.7763672
vt 0.7739258 0.82470703
vt 0.78222656 0.8754883
vt 0.7548828 0.89160156
vt 0.77783203 0.85058594
vt 0.75683594 0.73535156
vt 0.7265625 0.7338867
vt 0.7265625 0.6923828
vt 0.7573242 0.7714844
vt 0.7548828 0.7919922
vt 0.7285156 0.6689453
vt 0.76660156 0.8696289
vt 0.7504883 0.86279297
vt 0.7026367 0.6928711
vt 0.76123047 0.8144531
vt 0.7519531 0.8457031
vt 0.73339844 0.85498047
vt 0.75341797 0.8286133
vt 0.74365234 0.8129883
vt 0.73779297 0.82470703
vt 0.73095703 0.7861328
vt 0.734375 0.83935547
vt 0.72753906 0.8105469
vt 0.72509766 0.7680664
vt 0.72558594 0.8222656
vt 0.72021484 0.8339844
vt 0.7163086 0.78125
vt 0.7167969 0.8198242
vt 0.7080078 0.8071289
vt 0.69384766 0.7626953
vt 0.6899414 0.7758789
vt 0.6933594 0.8017578
vt 0.69970703 0.7319336
vt 0.68847656 0.73095703
vt 0.68359375 0.7607422
vt 0.68847656 0.6933594
vt 0.68066406 0.7729492
vt 0.70166016 0.67089844
vt 0.6855469 0.671875
vt 0.6821289 0.7963867
vt 0.6748047 0.7944336
vt 0.6767578 0.8129883
vt 0.67041016 0.8120117
vt 0.7011719 0.6484375
vt 0.6826172 0.6503906
vt 0.72998047 0.6459961
vt 0.6982422 0.61816406
vt 0.67871094 0.62158203
vt 0.72753906 0.6142578
vt 0.6899414 0.5830078
vt 0.6713867 0.58691406
vt 0.67529297 0.828125
vt 0.6689453 0.8286133
vt 0.66796875 0.84228516
vt 0.6743164 0.8417969
vt 0.6694336 0.87060547
vt 0.68603516 0.8286133
vt 0.68408203 0.84277344
vt 0.69677734 0.87158203
vt 0.67333984 0.9091797
vt 0.69140625 0.91552734
vt 0.67626953 0.9370117
vt 0.6972656 0.8442383
vt 0.69677734 0.8144531
vt 0.6977539 0.8305664
vt 0.70654297 0.8178711
vt 0.70947266 0.83154297
vt 0.71484375 0.8491211
vt 0.71435547 0.87402344
vt 0.73779297 0.92333984
vt 0.7348633 0.87646484
vt 0.7441406 0.88427734
vt 0.7270508 0.95166016
vt 0.7109375 0.95458984
vt 0.7519531 0.94873047
vt 0.69140625 0.94384766
vt 0.70458984 0.9555664
vt 0.67285156 0.9506836
vt 0.68359375 0.9555664
vt 0.69628906 0.96435547
vt 0.6894531 0.9736328
vt 0.6777344 0.96533203
vt 0.6689453 0.9609375
vt 0.75097656 0.92578125
vt 0.76464844 0.89501953
vt 0.7607422 0.92578125
vt 0.7631836 0.9472656
vt 0.77246094 0.92822266
vt 0.7758789 0.9458008
vt 0.87402344 0.96728516
vt 0.8623047 0.96728516
vt 0.85839844 0.95458984
vt 0.87060547 0.95410156
vt 0.88378906 0.9526367
vt 0.8847656 0.9663086
vt 0.90771484 0.96484375
vt 0.8623047 0.9345703
vt 0.8510742 0.9370117
vt 0.8774414 0.93066406
vt 0.8515625 0.9121094
vt 0.84277344 0.91796875
vt 0.8276367 0.9003906
vt 0.89160156 0.92529297
vt 0.86279297 0.90625
vt 0.8310547 0.89404297
vt 0.7866211 0.8803711
vt 0.7915039 0.88916016
vt 0.77734375 0.89990234
vt 0.90478516 0.94677734
vt 0.8339844 0.88916016
vt 0.9160156 0.9448242
vt 0.9111328 0.9160156
vt 0.92822266 0.94970703
vt 0.9223633 0.96533203
vt 0.9326172 0.95166016
vt 0.9277344 0.9667969
vt 0.93896484 0.96972656
vt 0.8725586 0.90234375
vt 0.8588867 0.8847656
vt 0.89404297 0.8925781
vt 0.8833008 0.87402344
vt 0.9277344 0.9321289
vt 0.93603516 0.9370117
vt 0.9399414 0.93896484
vt 0.9448242 0.9560547
vt 0.921875 0.90966797
vt 0.9355469 0.92529297
vt 0.9550781 0.9604492
vt 0.9482422 0.9736328
vt 0.9614258 0.9506836
vt 0.95166016 0.9448242
vt 0.9682617 0.94140625
vt 0.95947266 0.9345703
vt 0.9511719 0.92626953
vt 0.9482422 0.92333984
vt 0.94384766 0.91845703
vt 0.9326172 0.9033203
vt 0.90625 0.88623047
vt 0.91845703 0.8798828
vt 0.9091797 0.86083984
vt 0.8959961 0.8676758
vt 0.88720703 0.8461914
vt 0.9008789 0.84033203
vt 0.87353516 0.8520508
vt 0.8779297 0.81689453
vt 0.8925781 0.8125
vt 0.8881836 0.7939453
vt 0.86328125 0.82128906
vt 0.84716797 0.8618164
vt 0.87353516 0.7963867
vt 0.83935547 0.82666016
vt 0.87158203 0.77734375
vt 0.8857422 0.7758789
vt 0.87158203 0.7441406
vt 0.8852539 0.74560547
vt 0.87841797 0.7138672
vt 0.8911133 0.71777344
vt 0.8833008 0.6977539
vt 0.8798828 0.69677734
vt 0.88134766 0.6796875
vt 0.8652344 0.7104492
vt 0.8671875 0.6928711
vt 0.8691406 0.6748047
vt 0.85791016 0.74316406
vt 0.8574219 0.7788086
vt 0.8461914 0.70458984
vt 0.85058594 0.6870117
vt 0.85498047 0.6694336
vt 0.8261719 0.68115234
vt 0.82910156 0.6621094
vt 0.8588867 0.7993164
vt 0.83935547 0.74121094
vt 0.82373047 0.7006836
vt 0.7993164 0.67626953
vt 0.80078125 0.6542969
vt 0.7631836 0.6464844
vt 0.76123047 0.6694336
vt 0.79785156 0.6982422
vt 0.8208008 0.7397461
vt 0.8354492 0.7807617
vt 0.8354492 0.80322266
vt 0.81640625 0.7792969
vt 0.7949219 0.73779297
vt 0.81591797 0.8017578
vt 0.8203125 0.82714844
vt 0.7861328 0.79589844
vt 0.82666016 0.8623047
vt 0.75927734 0.6928711
vt 0.7910156 0.7763672
vt 0.7739258 0.82470703
vt 0.78222656 0.8754883
vt 0.7548828 0.89160156
vt 0.77783203 0.85058594
vt 0.75683594 0.73535156
vt 0.7265625 0.7338867
vt 0.7265625 0.6923828
vt 0.7573242 0.7714844
vt 0.7548828 0.7919922
vt 0.7285156 0.6689453
vt 0.76660156 0.8696289
vt 0.7504883 0.86279297
vt 0.7026367 0.6928711
vt 0.76123047 0.8144531
vt 0.7519531 0.8457031
vt 0.73339844 0.85498047
vt 0.75341797 0.8286133
vt 0.74365234 0.8129883
vt 0.73779297 0.82470703
vt 0.73095703 0.7861328
vt 0.734375 0.83935547
vt 0.72753906 0.8105469
vt 0.72509766 0.7680664
vt 0.72558594 0.8222656
vt 0.72021484 0.8339844
vt 0.7163086 0.78125
vt 0.7167969 0.8198242
vt 0.7080078 0.8071289
vt 0.69384766 0.7626953
vt 0.6899414 0.7758789
vt 0.6933594 0.8017578
vt 0.69970703 0.7319336
vt 0.68847656 0.73095703
vt 0.68359375 0.7607422
vt 0.68847656 0.6933594
vt 0.68066406 0.7729492
vt 0.70166016 0.67089844
vt 0.6855469 0.671875
vt 0.6821289 0.7963867
vt 0.6748047 0.7944336
vt 0.6767578 0.8129883
vt 0.67041016 0.8120117
vt 0.7011719 0.6484375
vt 0.6826172 0.6503906
vt 0.72998047 0.6459961
vt 0.6982422 0.61816406
vt 0.67871094 0.62158203
vt 0.72753906 0.6142578
vt 0.6899414 0.5830078
vt 0.6713867 0.58691406
vt 0.69677734 0.8144531
vt 0.6772461 0.5566406
vt 0.6635742 0.5629883
vt 0.6513672 0.53808594
vt 0.70654297 0.8178711
vt 0.70947266 0.83154297
vt 0.6977539 0.8305664
vt 0.68603516 0.8286133
vt 0.71484375 0.8491211
vt 0.6972656 0.8442383
vt 0.6586914 0.53271484
vt 0.62353516 0.5102539
vt 0.62939453 0.50439453
vt 0.6333008 0.49975586
vt 0.6699219 0.52734375
vt 0.6948242 0.5488281
vt 0.67333984 0.5209961
vt 0.7138672 0.5449219
vt 0.6352539 0.49389648
vt 0.7241211 0.57958984
vt 0.6801758 0.5053711
vt 0.64160156 0.4802246
vt 0.75927734 0.61083984
vt 0.6899414 0.47973633
vt 0.6513672 0.45825195
vt 0.7216797 0.4934082
vt 0.7158203 0.52246094
vt 0.7529297 0.50341797
vt 0.7504883 0.5341797
vt 0.7910156 0.50927734
vt 0.75146484 0.5800781
vt 0.7504883 0.5566406
vt 0.78808594 0.5410156
vt 0.7866211 0.56347656
vt 0.828125 0.5620117
vt 0.82958984 0.5371094
vt 0.8339844 0.5097656
vt 0.78564453 0.5864258
vt 0.8618164 0.53222656
vt 0.8647461 0.5078125
vt 0.78271484 0.61279297
vt 0.8203125 0.59814453
vt 0.81347656 0.6201172
vt 0.80078125 0.6542969
vt 0.82910156 0.6621094
vt 0.8383789 0.62841797
vt 0.8486328 0.66748047
vt 0.8466797 0.60839844
vt 0.86035156 0.63720703
vt 0.8691406 0.6748047
vt 0.8911133 0.5307617
vt 0.8925781 0.5078125
vt 0.91845703 0.53271484
vt 0.91796875 0.5473633
vt 0.91796875 0.50878906
vt 0.95703125 0.50390625
vt 0.9614258 0.5258789
vt 0.96435547 0.5395508
vt 0.890625 0.54296875
vt 0.9404297 0.5649414
vt 0.96728516 0.5439453
vt 0.86083984 0.5463867
vt 0.86328125 0.55908203
vt 0.890625 0.55566406
vt 0.83691406 0.5732422
vt 0.87158203 0.58154297
vt 0.85546875 0.5908203
vt 0.9121094 0.5600586
vt 0.8911133 0.578125
vt 0.875 0.60302734
vt 0.9140625 0.58154297
vt 0.8676758 0.6166992
vt 0.89501953 0.62646484
vt 0.8955078 0.58984375
vt 0.88623047 0.64941406
vt 0.9189453 0.6015625
vt 0.93310547 0.5913086
vt 0.9477539 0.5708008
vt 0.9711914 0.54785156
vt 0.9555664 0.5761719
vt 0.9770508 0.5527344
vt 0.9428711 0.5966797
vt 0.93652344 0.61035156
vt 0.9243164 0.6401367
vt 0.9140625 0.6616211
vt 0.90283203 0.6875
vt 0.88134766 0.6796875
vt 0.8833008 0.6977539
vt 0.89697266 0.7026367
vt 0.87109375 0.6933594
vt 0.88720703 0.7080078
vt 0.8911133 0.71777344
vt 0.875 0.703125
vt 0.77246094 0.92822266
vt 0.7758789 0.9458008
vt 0.7631836 0.9472656
vt 0.7607422 0.92578125
vt 0.7519531 0.94873047
vt 0.76464844 0.89501953
vt 0.75097656 0.92578125
vt 0.73779297 0.92333984
vt 0.7270508 0.95166016
vt 0.69140625 0.91552734
vt 0.7109375 0.95458984
vt 0.7441406 0.88427734
vt 0.7348633 0.87646484
vt 0.71435547 0.87402344
vt 0.69677734 0.87158203
vt 0.69140625 0.94384766
vt 0.70458984 0.9555664
vt 0.68408203 0.84277344
vt 0.68359375 0.9555664
vt 0.69628906 0.96435547
vt 0.6894531 0.9736328
vt 0.6777344 0.96533203
vt 0.67285156 0.9506836
vt 0.6689453 0.9609375
vt 0.67626953 0.9370117
vt 0.67333984 0.9091797
vt 0.6694336 0.87060547
vt 0.6743164 0.8417969
vt 0.66796875 0.84228516
vt 0.67529297 0.828125
vt 0.6689453 0.8286133
vt 0.03314209 0.7729492
vt 0.03314209 0.7734375
vt 0.028930664 0.77441406
vt 0.028015137 0.7739258
vt 0.03314209 0.7714844
vt 0.029220581 0.77197266
vt 0.025146484 0.7739258
vt 0.025146484 0.7714844
vt 0.023910522 0.7783203
vt 0.019165039 0.7714844
vt 0.018478394 0.77490234
vt 0.018829346 0.77978516
vt 0.021972656 0.78222656
vt 0.01802063 0.78222656
vt 0.020568848 0.7841797
vt 0.014343262 0.7788086
vt 0.014343262 0.77441406
vt 0.010299683 0.77734375
vt 0.014343262 0.7714844
vt 0.010299683 0.7739258
vt 0.010299683 0.7714844
vt 0.16748047 0.90527344
vt 0.1619873 0.9370117
vt 0.17126465 0.91845703
vt 0.1529541 0.9033203
vt 0.14331055 0.8598633
vt 0.14916992 0.8496094
vt 0.13476562 0.81884766
vt 0.12512207 0.93603516
vt 0.12335205 0.90527344
vt 0.122558594 0.9555664
vt 0.08642578 0.9482422
vt 0.11846924 0.9741211
vt 0.08276367 0.9848633
vt 0.08416748 0.96191406
vt 0.0340271 0.96484375
vt 0.03781128 0.99316406
vt 0.005466461 0.96484375
vt 0.005466461 0.99316406
vt 0.005466461 0.94677734
vt 0.03439331 0.9477539
vt 0.005466461 0.9238281
vt 0.105163574 0.9272461
vt 0.062042236 0.93408203
vt 0.038238525 0.9238281
vt 0.021911621 0.8901367
vt 0.005466461 0.8808594
vt 0.0892334 0.93310547
vt 0.04296875 0.91015625
vt 0.06695557 0.91796875
vt 0.0925293 0.9140625
vt 0.064941406 0.8691406
vt 0.105651855 0.9086914
vt 0.09411621 0.87353516
vt 0.04232788 0.8779297
vt 0.10681152 0.87841797
vt 0.062286377 0.8647461
vt 0.03793335 0.8720703
vt 0.113342285 0.8623047
vt 0.09729004 0.86376953
vt 0.12133789 0.8203125
vt 0.1015625 0.8261719
vt 0.08648682 0.8310547
vt 0.019729614 0.87890625
vt 0.052093506 0.8413086
vt 0.04196167 0.81933594
vt 0.031143188 0.8486328
vt 0.013793945 0.84716797
vt 0.005466461 0.84716797
vt 0.005466461 0.84375
vt 0.005466461 0.83447266
vt 0.018188477 0.8378906
vt 0.005466461 0.82470703
vt 0.022399902 0.828125
vt 0.014801025 0.8144531
vt 0.005466461 0.81640625
vt 0.02494812 0.8071289
vt 0.014556885 0.8071289
vt 0.0052871704 0.8076172
vt 0.005466461 0.7866211
vt 0.03366089 0.7963867
vt 0.015396118 0.78759766
vt 0.044433594 0.78564453
vt 0.017990112 0.7729492
vt 0.005466461 0.7709961
vt 0.005466461 0.7651367
vt 0.019714355 0.7661133
vt 0.014640808 0.75683594
vt 0.06964111 0.80566406
vt 0.055633545 0.7714844
vt 0.059173584 0.76660156
vt 0.05154419 0.7763672
vt 0.08154297 0.796875
vt 0.08892822 0.7915039
vt 0.093566895 0.7861328
vt 0.09655762 0.78271484
vt 0.13916016 0.81689453
vt 0.10864258 0.9838867
vt 0.11187744 0.97998047
vt 0.11004639 0.9814453
vt 0.113098145 0.9819336
vt 0.10803223 0.9863281
vt 0.111328125 0.9902344
vt 0.10797119 0.9902344
vt 0.10961914 0.99316406
vt 0.11187744 0.9941406
vt 0.11303711 0.9941406
vt 0.17211914 0.94140625
vt 0.18029785 0.93603516
vt 0.16821289 0.9321289
vt 0.17810059 0.9428711
vt 0.19458008 0.9604492
vt 0.19348145 0.9482422
vt 0.20239258 0.9584961
vt 0.17370605 0.9794922
vt 0.19824219 0.9794922
vt 0.2043457 0.9824219
vt 0.19226074 0.99609375
vt 0.19042969 0.9916992
vt 0.17822266 0.99316406
vt 0.17871094 0.98876953
vt 0.17382812 0.9848633
vt 0.03314209 0.7729492
vt 0.028930664 0.77441406
vt 0.03314209 0.7734375
vt 0.028015137 0.7739258
vt 0.03314209 0.7714844
vt 0.029220581 0.77197266
vt 0.025146484 0.7739258
vt 0.025146484 0.7714844
vt 0.023910522 0.7783203
vt 0.019165039 0.7714844
vt 0.018478394 0.77490234
vt 0.018829346 0.77978516
vt 0.021972656 0.78222656
vt 0.01802063 0.78222656
vt 0.020568848 0.7841797
vt 0.014343262 0.7788086
vt 0.014343262 0.77441406
vt 0.010299683 0.77734375
vt 0.014343262 0.7714844
vt 0.010299683 0.7739258
vt 0.010299683 0.7714844
vt 0.16748047 0.90527344
vt 0.17126465 0.91845703
vt 0.1619873 0.9370117
vt 0.1529541 0.9033203
vt 0.14331055 0.8598633
vt 0.14916992 0.8496094
vt 0.13476562 0.81884766
vt 0.12512207 0.93603516
vt 0.12335205 0.90527344
vt 0.122558594 0.9555664
vt 0.08642578 0.9482422
vt 0.11846924 0.9741211
vt 0.08276367 0.9848633
vt 0.08416748 0.96191406
vt 0.0340271 0.96484375
vt 0.03781128 0.99316406
vt 0.005466461 0.96484375
vt 0.005466461 0.99316406
vt 0.005466461 0.94677734
vt 0.03439331 0.9477539
vt 0.005466461 0.9238281
vt 0.105163574 0.9272461
vt 0.062042236 0.93408203
vt 0.038238525 0.9238281
vt 0.021911621 0.8901367
vt 0.005466461 0.8808594
vt 0.0892334 0.93310547
vt 0.04296875 0.91015625
vt 0.06695557 0.91796875
vt 0.0925293 0.9140625
vt 0.064941406 0.8691406
vt 0.105651855 0.9086914
vt 0.09411621 0.87353516
vt 0.04232788 0.8779297
vt 0.10681152 0.87841797
vt 0.062286377 0.8647461
vt 0.03793335 0.8720703
vt 0.09729004 0.86376953
vt 0.052093506 0.8413086
vt 0.113342285 0.8623047
vt 0.019729614 0.87890625
vt 0.031143188 0.8486328
vt 0.04196167 0.81933594
vt 0.013793945 0.84716797
vt 0.005466461 0.84716797
vt 0.005466461 0.84375
vt 0.005466461 0.83447266
vt 0.018188477 0.8378906
vt 0.005466461 0.82470703
vt 0.022399902 0.828125
vt 0.014801025 0.8144531
vt 0.005466461 0.81640625
vt 0.02494812 0.8071289
vt 0.014556885 0.8071289
vt 0.0052871704 0.8076172
vt 0.005466461 0.7866211
vt 0.03366089 0.7963867
vt 0.015396118 0.78759766
vt 0.017990112 0.7729492
vt 0.005466461 0.7709961
vt 0.005466461 0.7651367
vt 0.044433594 0.78564453
vt 0.019714355 0.7661133
vt 0.014640808 0.75683594
vt 0.055633545 0.7714844
vt 0.059173584 0.76660156
vt 0.05154419 0.7763672
vt 0.06964111 0.80566406
vt 0.093566895 0.7861328
vt 0.09655762 0.78271484
vt 0.08648682 0.8310547
vt 0.08648682 0.8310547
vt 0.09729004 0.86376953
vt 0.08154297 0.796875
vt 0.08892822 0.7915039
vt 0.1015625 0.8261719
vt 0.12133789 0.8203125
vt 0.13916016 0.81689453
vt 0.10864258 0.9838867
vt 0.11004639 0.9814453
vt 0.11187744 0.97998047
vt 0.113098145 0.9819336
vt 0.10803223 0.9863281
vt 0.111328125 0.9902344
vt 0.10797119 0.9902344
vt 0.10961914 0.99316406
vt 0.11187744 0.9941406
vt 0.11303711 0.9941406
vt 0.17211914 0.94140625
vt 0.16821289 0.9321289
vt 0.18029785 0.93603516
vt 0.17810059 0.9428711
vt 0.19458008 0.9604492
vt 0.19348145 0.9482422
vt 0.20239258 0.9584961
vt 0.17370605 0.9794922
vt 0.19824219 0.9794922
vt 0.2043457 0.9824219
vt 0.19226074 0.99609375
vt 0.19042969 0.9916992
vt 0.17822266 0.99316406
vt 0.17871094 0.98876953
vt 0.17382812 0.9848633
vt 0.46801758 0.9863281
vt 0.45703125 0.97998047
vt 0.45629883 0.9819336
vt 0.46826172 0.9848633
vt 0.47314453 0.9897461
vt 0.45751953 0.9785156
vt 0.4736328 0.98828125
vt 0.4663086 0.9814453
vt 0.4814453 0.99316406
vt 0.4807129 0.99609375
vt 0.4868164 0.9975586
vt 0.4868164 0.99365234
vt 0.49145508 0.99560547
vt 0.48120117 0.98779297
vt 0.46728516 0.9765625
vt 0.47509766 0.9785156
vt 0.4584961 0.9741211
vt 0.47485352 0.98535156
vt 0.46826172 0.96728516
vt 0.45947266 0.9663086
vt 0.46044922 0.953125
vt 0.46899414 0.9536133
vt 0.4609375 0.9423828
vt 0.47583008 0.96875
vt 0.48608398 0.97802734
vt 0.48583984 0.9692383
vt 0.4765625 0.95410156
vt 0.48657227 0.98828125
vt 0.49072266 0.9873047
vt 0.4909668 0.9921875
vt 0.49658203 0.99121094
vt 0.4958496 0.98828125
vt 0.5024414 0.98583984
vt 0.5019531 0.9838867
vt 0.50878906 0.9819336
vt 0.5083008 0.98046875
vt 0.49560547 0.984375
vt 0.50146484 0.9814453
vt 0.5078125 0.9785156
vt 0.49438477 0.9785156
vt 0.50097656 0.97558594
vt 0.5073242 0.9746094
vt 0.49365234 0.9682617
vt 0.5004883 0.96728516
vt 0.50634766 0.9667969
vt 0.4855957 0.9550781
vt 0.4934082 0.95458984
vt 0.49951172 0.95410156
vt 0.5053711 0.9536133
vt 0.5048828 0.9428711
vt 0.49926758 0.9433594
vt 0.5048828 0.9355469
vt 0.4934082 0.9433594
vt 0.49902344 0.9355469
vt 0.5048828 0.93115234
vt 0.47680664 0.9433594
vt 0.4855957 0.9428711
vt 0.49316406 0.9355469
vt 0.49902344 0.93115234
vt 0.46948242 0.9428711
vt 0.47705078 0.9355469
vt 0.46923828 0.9355469
vt 0.46118164 0.9355469
vt 0.48510742 0.9355469
vt 0.47705078 0.93115234
vt 0.46899414 0.93066406
vt 0.46044922 0.93066406
vt 0.49291992 0.93115234
vt 0.46899414 0.92626953
vt 0.45996094 0.92626953
vt 0.4609375 0.9160156
vt 0.48510742 0.93115234
vt 0.49291992 0.9267578
vt 0.47680664 0.9267578
vt 0.48510742 0.9267578
vt 0.49902344 0.9267578
vt 0.5048828 0.9267578
vt 0.49267578 0.91748047
vt 0.4987793 0.9169922
vt 0.50439453 0.9165039
vt 0.48461914 0.91748047
vt 0.47680664 0.9165039
vt 0.4975586 0.90527344
vt 0.5024414 0.90478516
vt 0.49243164 0.9057617
vt 0.49194336 0.89404297
vt 0.49609375 0.8935547
vt 0.5 0.8930664
vt 0.49829102 0.88623047
vt 0.484375 0.9057617
vt 0.49487305 0.88671875
vt 0.49829102 0.88623047
vt 0.49487305 0.88671875
vt 0.49145508 0.88720703
vt 0.49145508 0.88720703
vt 0.48413086 0.88720703
vt 0.48413086 0.88720703
vt 0.48413086 0.89404297
vt 0.47827148 0.88671875
vt 0.47827148 0.88671875
vt 0.4729004 0.88671875
vt 0.47729492 0.90527344
vt 0.4777832 0.8935547
vt 0.4729004 0.88671875
vt 0.46655273 0.8857422
vt 0.46655273 0.8857422
vt 0.46484375 0.89208984
vt 0.47192383 0.8930664
vt 0.46264648 0.9038086
vt 0.47045898 0.90478516
vt 0.46923828 0.9165039
vt 0.12432861 0.7753906
vt 0.119018555 0.7792969
vt 0.123413086 0.7817383
vt 0.12695312 0.77783203
vt 0.13024902 0.78466797
vt 0.1303711 0.7729492
vt 0.12573242 0.7871094
vt 0.12915039 0.7939453
vt 0.12841797 0.7705078
vt 0.12573242 0.76904297
vt 0.13134766 0.7661133
vt 0.12878418 0.76416016
vt 0.13195801 0.7602539
vt 0.1340332 0.76220703
vt 0.1340332 0.7675781
vt 0.13562012 0.7597656
vt 0.13439941 0.7573242
vt 0.13647461 0.7636719
vt 0.13684082 0.7583008
vt 0.13647461 0.75439453
vt 0.13793945 0.76123047
vt 0.13928223 0.76416016
vt 0.13879395 0.75927734
vt 0.14013672 0.75683594
vt 0.14074707 0.7607422
vt 0.14233398 0.7578125
vt 0.14318848 0.7553711
vt 0.1427002 0.7529297
vt 0.13964844 0.7675781
vt 0.14074707 0.7519531
vt 0.13830566 0.7524414
vt 0.1381836 0.7558594
vt 0.13781738 0.7734375
vt 0.14404297 0.77246094
vt 0.14379883 0.7680664
vt 0.13464355 0.78271484
vt 0.14953613 0.7705078
vt 0.14770508 0.7675781
vt 0.15014648 0.76660156
vt 0.14697266 0.77734375
vt 0.14904785 0.78515625
vt 0.15246582 0.77490234
vt 0.13806152 0.79003906
vt 0.15161133 0.76904297
vt 0.13391113 0.7919922
vt 0.13916016 0.79296875
vt 0.13513184 0.79541016
vt 0.13061523 0.796875
vt 0.14025879 0.7963867
vt 0.1496582 0.7910156
vt 0.14990234 0.7944336
vt 0.15441895 0.7919922
vt 0.15441895 0.79003906
vt 0.15405273 0.7836914
vt 0.15600586 0.7895508
vt 0.15588379 0.7915039
vt 0.1607666 0.7895508
vt 0.16174316 0.7915039
vt 0.15612793 0.7832031
vt 0.1628418 0.7895508
vt 0.16638184 0.7915039
vt 0.15551758 0.7758789
vt 0.16345215 0.7832031
vt 0.16564941 0.7895508
vt 0.16772461 0.7895508
vt 0.16967773 0.7910156
vt 0.17407227 0.7885742
vt 0.17944336 0.78222656
vt 0.17224121 0.78271484
vt 0.18078613 0.77490234
vt 0.16967773 0.78271484
vt 0.17370605 0.77441406
vt 0.17712402 0.7729492
vt 0.17224121 0.7729492
vt 0.16625977 0.78271484
vt 0.17150879 0.77490234
vt 0.16772461 0.7753906
vt 0.16601562 0.7729492
vt 0.16442871 0.7753906
vt 0.15563965 0.7734375
vt 0.15405273 0.77197266
vt 0.15917969 0.7661133
vt 0.16137695 0.7661133
vt 0.15722656 0.76416016
vt 0.15698242 0.76171875
vt 0.16113281 0.76416016
vt 0.16564941 0.76220703
vt 0.15942383 0.7626953
vt 0.1616211 0.7578125
vt 0.16357422 0.76123047
vt 0.1652832 0.7597656
vt 0.16809082 0.75927734
vt 0.16223145 0.7597656
vt 0.16394043 0.7583008
vt 0.16564941 0.75683594
vt 0.16479492 0.7558594
vt 0.16674805 0.7553711
vt 0.16674805 0.7578125
vt 0.1685791 0.7573242
vt 0.1673584 0.75634766
vt 0.16833496 0.75683594
vt 0.16723633 0.7553711
vt 0.16711426 0.75634766
vt 0.16967773 0.78271484
vt 0.16772461 0.7895508
vt 0.16772461 0.7895508
vt 0.16967773 0.78271484
vt 0.17150879 0.77490234
vt 0.17150879 0.77490234
vt 0.17224121 0.7729492
vt 0.16296387 0.7729492
vt 0.16247559 0.77490234
vt 0.16247559 0.77490234
vt 0.16296387 0.7729492
vt 0.15551758 0.7758789
vt 0.15563965 0.7734375
vt 0.15612793 0.7832031
vt 0.1619873 0.7832031
vt 0.15600586 0.7895508
vt 0.1619873 0.7832031
vt 0.1607666 0.79003906
vt 0.1607666 0.79003906
vt 0.15588379 0.7915039
vt 0.16149902 0.7915039
vt 0.16149902 0.7915039
vt 0.16638184 0.7915039
vt 0.16870117 0.8017578
vt 0.16711426 0.80029297
vt 0.16638184 0.80126953
vt 0.16760254 0.80322266
vt 0.17443848 0.8041992
vt 0.16430664 0.80566406
vt 0.17578125 0.80908203
vt 0.1842041 0.8100586
vt 0.17089844 0.8120117
vt 0.18200684 0.8183594
vt 0.15856934 0.81347656
vt 0.15661621 0.80908203
vt 0.15344238 0.8144531
vt 0.15234375 0.8105469
vt 0.1484375 0.8120117
vt 0.14929199 0.8154297
vt 0.15490723 0.82177734
vt 0.1505127 0.82128906
vt 0.15478516 0.8251953
vt 0.16088867 0.8227539
vt 0.16052246 0.82714844
vt 0.1685791 0.8276367
vt 0.16467285 0.82958984
vt 0.16845703 0.83203125
vt 0.17272949 0.82128906
vt 0.17785645 0.8208008
vt 0.17016602 0.82910156
vt 0.17272949 0.8330078
vt 0.17126465 0.8339844
vt 0.17456055 0.82666016
vt 0.17407227 0.82421875
vt 0.17687988 0.82470703
vt 0.17443848 0.8354492
vt 0.1730957 0.83691406
vt 0.17590332 0.8383789
vt 0.17492676 0.8383789
vt 0.1772461 0.84033203
vt 0.17907715 0.83935547
vt 0.17675781 0.83447266
vt 0.17785645 0.83740234
vt 0.17871094 0.8364258
vt 0.17871094 0.8339844
vt 0.17822266 0.8310547
vt 0.17578125 0.83154297
vt 0.17858887 0.828125
vt 0.18041992 0.8256836
vt 0.18041992 0.82177734
vt 0.18334961 0.8203125
vt 0.1850586 0.81689453
vt 0.18579102 0.81933594
vt 0.19458008 0.8154297
vt 0.18786621 0.8076172
vt 0.19616699 0.8129883
vt 0.20166016 0.8154297
vt 0.19396973 0.8183594
vt 0.20056152 0.81933594
vt 0.19396973 0.8203125
vt 0.20019531 0.82128906
vt 0.2043457 0.82177734
vt 0.2010498 0.8173828
vt 0.2052002 0.8173828
vt 0.20507812 0.81884766
vt 0.20727539 0.8183594
vt 0.20751953 0.81933594
vt 0.20715332 0.8208008
vt 0.20458984 0.8203125
vt 0.20678711 0.82128906
vt 0.46801758 0.9863281
vt 0.45629883 0.9819336
vt 0.45703125 0.97998047
vt 0.46826172 0.9848633
vt 0.47314453 0.9897461
vt 0.45751953 0.9785156
vt 0.4736328 0.98828125
vt 0.4663086 0.9814453
vt 0.4814453 0.99316406
vt 0.4807129 0.99609375
vt 0.4868164 0.9975586
vt 0.4868164 0.99365234
vt 0.49145508 0.99560547
vt 0.48120117 0.98779297
vt 0.46728516 0.9765625
vt 0.47509766 0.9785156
vt 0.4584961 0.9741211
vt 0.47485352 0.98535156
vt 0.46826172 0.96728516
vt 0.45947266 0.9663086
vt 0.46044922 0.953125
vt 0.46899414 0.9536133
vt 0.4609375 0.9423828
vt 0.47583008 0.96875
vt 0.48608398 0.97802734
vt 0.48583984 0.9692383
vt 0.4765625 0.95410156
vt 0.48657227 0.98828125
vt 0.49072266 0.9873047
vt 0.4909668 0.9921875
vt 0.49658203 0.99121094
vt 0.4958496 0.98828125
vt 0.5024414 0.98583984
vt 0.5019531 0.9838867
vt 0.50878906 0.9819336
vt 0.5083008 0.98046875
vt 0.49560547 0.984375
vt 0.50146484 0.9814453
vt 0.5078125 0.9785156
vt 0.49438477 0.9785156
vt 0.50097656 0.97558594
vt 0.5073242 0.9746094
vt 0.49365234 0.9682617
vt 0.5004883 0.96728516
vt 0.50634766 0.9667969
vt 0.4855957 0.9550781
vt 0.4934082 0.95458984
vt 0.49951172 0.95410156
vt 0.5053711 0.9536133
vt 0.5048828 0.9428711
vt 0.49926758 0.9433594
vt 0.5048828 0.9355469
vt 0.4934082 0.9433594
vt 0.49902344 0.9355469
vt 0.5048828 0.93115234
vt 0.47680664 0.9433594
vt 0.4855957 0.9428711
vt 0.49316406 0.9355469
vt 0.49902344 0.93115234
vt 0.46948242 0.9428711
vt 0.47705078 0.9355469
vt 0.46923828 0.9355469
vt 0.46118164 0.9355469
vt 0.48510742 0.9355469
vt 0.46899414 0.93066406
vt 0.46044922 0.93066406
vt 0.47705078 0.93115234
vt 0.49291992 0.93115234
vt 0.46899414 0.92626953
vt 0.45996094 0.92626953
vt 0.4609375 0.9160156
vt 0.48510742 0.93115234
vt 0.49291992 0.9267578
vt 0.47680664 0.9267578
vt 0.48510742 0.9267578
vt 0.49902344 0.9267578
vt 0.5048828 0.9267578
vt 0.49267578 0.91748047
vt 0.4987793 0.9169922
vt 0.50439453 0.9165039
vt 0.48461914 0.91748047
vt 0.47680664 0.9165039
vt 0.4975586 0.90527344
vt 0.5024414 0.90478516
vt 0.49243164 0.9057617
vt 0.49194336 0.89404297
vt 0.49609375 0.8935547
vt 0.5 0.8930664
vt 0.49829102 0.88623047
vt 0.484375 0.9057617
vt 0.49487305 0.88671875
vt 0.49829102 0.88623047
vt 0.49487305 0.88671875
vt 0.49145508 0.88720703
vt 0.49145508 0.88720703
vt 0.48413086 0.88720703
vt 0.48413086 0.88720703
vt 0.48413086 0.89404297
vt 0.47827148 0.88671875
vt 0.47827148 0.88671875
vt 0.4729004 0.88671875
vt 0.47729492 0.90527344
vt 0.4777832 0.8935547
vt 0.4729004 0.88671875
vt 0.46655273 0.8857422
vt 0.46655273 0.8857422
vt 0.46484375 0.89208984
vt 0.47192383 0.8930664
vt 0.46264648 0.9038086
vt 0.47045898 0.90478516
vt 0.46923828 0.9165039
vt 0.16772461 0.7895508
vt 0.16149902 0.7915039
vt 0.16638184 0.7915039
vt 0.1607666 0.79003906
vt 0.16149902 0.7915039
vt 0.1607666 0.79003906
vt 0.15588379 0.7915039
vt 0.15600586 0.7895508
vt 0.1619873 0.7832031
vt 0.15612793 0.7832031
vt 0.16247559 0.77490234
vt 0.15551758 0.7758789
vt 0.16296387 0.7729492
vt 0.15563965 0.7734375
vt 0.16296387 0.7729492
vt 0.16247559 0.77490234
vt 0.1619873 0.7832031
vt 0.16967773 0.78271484
vt 0.17150879 0.77490234
vt 0.17224121 0.7729492
vt 0.17150879 0.77490234
vt 0.16967773 0.78271484
vt 0.16772461 0.7895508
vt 0.13647461 0.75439453
vt 0.13830566 0.7524414
vt 0.14074707 0.7519531
vt 0.1381836 0.7558594
vt 0.14013672 0.75683594
vt 0.1427002 0.7529297
vt 0.14318848 0.7553711
vt 0.14233398 0.7578125
vt 0.14074707 0.7607422
vt 0.13684082 0.7583008
vt 0.13439941 0.7573242
vt 0.13879395 0.75927734
vt 0.13562012 0.7597656
vt 0.13195801 0.7602539
vt 0.13793945 0.76123047
vt 0.13928223 0.76416016
vt 0.13647461 0.7636719
vt 0.1340332 0.76220703
vt 0.1340332 0.7675781
vt 0.13964844 0.7675781
vt 0.13134766 0.7661133
vt 0.1303711 0.7729492
vt 0.12878418 0.76416016
vt 0.12573242 0.76904297
vt 0.12841797 0.7705078
vt 0.12432861 0.7753906
vt 0.13781738 0.7734375
vt 0.14404297 0.77246094
vt 0.14379883 0.7680664
vt 0.13464355 0.78271484
vt 0.13024902 0.78466797
vt 0.12695312 0.77783203
vt 0.123413086 0.7817383
vt 0.119018555 0.7792969
vt 0.12573242 0.7871094
vt 0.12915039 0.7939453
vt 0.14953613 0.7705078
vt 0.14770508 0.7675781
vt 0.15014648 0.76660156
vt 0.14697266 0.77734375
vt 0.14904785 0.78515625
vt 0.15246582 0.77490234
vt 0.13806152 0.79003906
vt 0.13391113 0.7919922
vt 0.15161133 0.76904297
vt 0.13513184 0.79541016
vt 0.13061523 0.796875
vt 0.13916016 0.79296875
vt 0.14025879 0.7963867
vt 0.1496582 0.7910156
vt 0.14990234 0.7944336
vt 0.15441895 0.7919922
vt 0.15441895 0.79003906
vt 0.15405273 0.7836914
vt 0.15600586 0.7895508
vt 0.15588379 0.7915039
vt 0.1607666 0.7895508
vt 0.16174316 0.7915039
vt 0.15612793 0.7832031
vt 0.1628418 0.7895508
vt 0.16638184 0.7915039
vt 0.15551758 0.7758789
vt 0.16345215 0.7832031
vt 0.16564941 0.7895508
vt 0.16772461 0.7895508
vt 0.16967773 0.7910156
vt 0.17407227 0.7885742
vt 0.17944336 0.78222656
vt 0.17224121 0.78271484
vt 0.18078613 0.77490234
vt 0.16967773 0.78271484
vt 0.17370605 0.77441406
vt 0.17712402 0.7729492
vt 0.17224121 0.7729492
vt 0.16625977 0.78271484
vt 0.17150879 0.77490234
vt 0.16772461 0.7753906
vt 0.16601562 0.7729492
vt 0.16442871 0.7753906
vt 0.15563965 0.7734375
vt 0.15405273 0.77197266
vt 0.15917969 0.7661133
vt 0.16137695 0.7661133
vt 0.15722656 0.76416016
vt 0.15698242 0.76171875
vt 0.16113281 0.76416016
vt 0.16564941 0.76220703
vt 0.15942383 0.7626953
vt 0.1616211 0.7578125
vt 0.16357422 0.76123047
vt 0.1652832 0.7597656
vt 0.16809082 0.75927734
vt 0.16223145 0.7597656
vt 0.16394043 0.7583008
vt 0.16564941 0.75683594
vt 0.16479492 0.7558594
vt 0.16674805 0.7553711
vt 0.16674805 0.7578125
vt 0.1685791 0.7573242
vt 0.1673584 0.75634766
vt 0.16833496 0.75683594
vt 0.16723633 0.7553711
vt 0.16711426 0.75634766
vt 0.16870117 0.8017578
vt 0.16638184 0.80126953
vt 0.16711426 0.80029297
vt 0.16760254 0.80322266
vt 0.17443848 0.8041992
vt 0.16430664 0.80566406
vt 0.17578125 0.80908203
vt 0.1842041 0.8100586
vt 0.17089844 0.8120117
vt 0.18200684 0.8183594
vt 0.15856934 0.81347656
vt 0.15661621 0.80908203
vt 0.15344238 0.8144531
vt 0.15234375 0.8105469
vt 0.1484375 0.8120117
vt 0.14929199 0.8154297
vt 0.15490723 0.82177734
vt 0.1505127 0.82128906
vt 0.15478516 0.8251953
vt 0.16088867 0.8227539
vt 0.16052246 0.82714844
vt 0.1685791 0.8276367
vt 0.16467285 0.82958984
vt 0.16845703 0.83203125
vt 0.17272949 0.82128906
vt 0.17785645 0.8208008
vt 0.17016602 0.82910156
vt 0.17272949 0.8330078
vt 0.17126465 0.8339844
vt 0.17456055 0.82666016
vt 0.17407227 0.82421875
vt 0.17687988 0.82470703
vt 0.17443848 0.8354492
vt 0.1730957 0.83691406
vt 0.17590332 0.8383789
vt 0.17492676 0.8383789
vt 0.1772461 0.84033203
vt 0.17907715 0.83935547
vt 0.17675781 0.83447266
vt 0.17785645 0.83740234
vt 0.17871094 0.8364258
vt 0.17871094 0.8339844
vt 0.17822266 0.8310547
vt 0.17578125 0.83154297
vt 0.17858887 0.828125
vt 0.18041992 0.8256836
vt 0.18041992 0.82177734
vt 0.18334961 0.8203125
vt 0.1850586 0.81689453
vt 0.18579102 0.81933594
vt 0.19458008 0.8154297
vt 0.18786621 0.8076172
vt 0.19616699 0.8129883
vt 0.20166016 0.8154297
vt 0.19396973 0.8183594
vt 0.20056152 0.81933594
vt 0.19396973 0.8203125
vt 0.20019531 0.82128906
vt 0.2043457 0.82177734
vt 0.2010498 0.8173828
vt 0.2052002 0.8173828
vt 0.20507812 0.81884766
vt 0.20727539 0.8183594
vt 0.20751953 0.81933594
vt 0.20715332 0.8208008
vt 0.20458984 0.8203125
vt 0.20678711 0.82128906
vt 0.44067383 0.93408203
vt 0.45092773 0.8959961
vt 0.44726562 0.9326172
vt 0.44140625 0.8959961
vt 0.43774414 0.9345703
vt 0.44140625 0.8959961
vt 0.45458984 0.8515625
vt 0.44458008 0.8515625
vt 0.44458008 0.8515625
vt 0.45751953 0.7871094
vt 0.44726562 0.78808594
vt 0.44726562 0.78808594
vt 0.45532227 0.70410156
vt 0.44482422 0.70703125
vt 0.44482422 0.70703125
vt 0.43676758 0.62597656
vt 0.44677734 0.62158203
vt 0.43676758 0.62597656
vt 0.42260742 0.5439453
vt 0.42260742 0.5439453
vt 0.4321289 0.5385742
vt 0.40551758 0.46069336
vt 0.41430664 0.45532227
vt 0.40551758 0.46069336
vt 0.39624023 0.42041016
vt 0.39624023 0.42041016
vt 0.40551758 0.46069336
vt 0.41430664 0.45532227
vt 0.39624023 0.42041016
vt 0.42260742 0.5439453
vt 0.4296875 0.54003906
vt 0.44433594 0.6225586
vt 0.43676758 0.62597656
vt 0.44482422 0.70703125
vt 0.45288086 0.70458984
vt 0.44726562 0.78808594
vt 0.45507812 0.7871094
vt 0.44458008 0.8515625
vt 0.45214844 0.8515625
vt 0.44140625 0.8959961
vt 0.44873047 0.8959961
vt 0.44750977 0.93408203
vt 0.43774414 0.9345703
vt 0.81591797 0.6328125
vt 0.81347656 0.6352539
vt 0.81689453 0.6376953
vt 0.8095703 0.63671875
vt 0.8041992 0.6333008
vt 0.7963867 0.63134766
vt 0.8154297 0.640625
vt 0.8051758 0.63623047
vt 0.8203125 0.6435547
vt 0.8232422 0.6455078
vt 0.8149414 0.64208984
vt 0.8232422 0.64746094
vt 0.82910156 0.6508789
vt 0.80078125 0.6381836
vt 0.7895508 0.6323242
vt 0.78515625 0.63378906
vt 0.8129883 0.64501953
vt 0.81103516 0.64697266
vt 0.82373047 0.6513672
vt 0.83154297 0.65625
vt 0.79785156 0.63964844
vt 0.7836914 0.63671875
vt 0.8227539 0.6542969
vt 0.8310547 0.65966797
vt 0.82958984 0.6621094
vt 0.796875 0.6425781
vt 0.82128906 0.6567383
vt 0.7963867 0.64501953
vt 0.78271484 0.63916016
vt 0.8100586 0.64941406
vt 0.8095703 0.65185547
vt 0.8198242 0.6582031
vt 0.82714844 0.66308594
vt 0.81884766 0.6591797
vt 0.8261719 0.6635742
vt 0.8120117 0.65478516
vt 0.7963867 0.6464844
vt 0.78271484 0.640625
vt 0.7709961 0.6826172
vt 0.7714844 0.68408203
vt 0.7709961 0.6826172
vt 0.7709961 0.6826172
vt 0.7709961 0.6826172
vt 0.7709961 0.6826172
vt 0.7709961 0.6826172
vt 0.7709961 0.6826172
vt 0.7709961 0.6826172
vt 0.7709961 0.6826172
vt 0.7709961 0.6826172
vt 0.7709961 0.6826172
vt 0.7709961 0.6826172
vt 0.7709961 0.6826172
vt 0.7709961 0.6826172
vt 0.7709961 0.6826172
vt 0.7709961 0.6826172
vt 0.7709961 0.6826172
vt 0.59814453 0.53271484
vt 0.5605469 0.48779297
vt 0.59521484 0.48291016
vt 0.56396484 0.53808594
vt 0.52978516 0.49047852
vt 0.5654297 0.6113281
vt 0.5341797 0.6113281
vt 0.5986328 0.609375
vt 0.5629883 0.7011719
vt 0.59277344 0.7011719
vt 0.5805664 0.79003906
vt 0.5332031 0.54003906
vt 0.49658203 0.54003906
vt 0.49609375 0.4909668
vt 0.46972656 0.5390625
vt 0.4716797 0.48999023
vt 0.49658203 0.609375
vt 0.46875 0.6074219
vt 0.4741211 0.6958008
vt 0.5 0.6972656
vt 0.48583984 0.78271484
vt 0.5341797 0.69970703
vt 0.50683594 0.7841797
vt 0.5058594 0.8701172
vt 0.5576172 0.7885742
vt 0.5336914 0.7866211
vt 0.5205078 0.87060547
vt 0.5361328 0.95751953
vt 0.53564453 0.8720703
vt 0.55029297 0.87353516
vt 0.5649414 0.875
vt 0.54541016 0.9584961
vt 0.5410156 0.97558594
vt 0.59521484 0.48291016
vt 0.5595703 0.5361328
vt 0.5942383 0.5317383
vt 0.5605469 0.48779297
vt 0.52978516 0.49047852
vt 0.5292969 0.5390625
vt 0.49609375 0.4909668
vt 0.49951172 0.5395508
vt 0.4716797 0.48999023
vt 0.4831543 0.5390625
vt 0.44067383 0.93408203
vt 0.44726562 0.9326172
vt 0.45092773 0.8959961
vt 0.44140625 0.8959961
vt 0.43774414 0.9345703
vt 0.44140625 0.8959961
vt 0.45458984 0.8515625
vt 0.44458008 0.8515625
vt 0.44458008 0.8515625
vt 0.45751953 0.7871094
vt 0.44726562 0.78808594
vt 0.44726562 0.78808594
vt 0.45532227 0.70410156
vt 0.44482422 0.70703125
vt 0.44482422 0.70703125
vt 0.43676758 0.62597656
vt 0.44677734 0.62158203
vt 0.43676758 0.62597656
vt 0.42260742 0.5439453
vt 0.42260742 0.5439453
vt 0.4321289 0.5385742
vt 0.40551758 0.46069336
vt 0.41430664 0.45532227
vt 0.40551758 0.46069336
vt 0.39624023 0.42041016
vt 0.39624023 0.42041016
vt 0.40551758 0.46069336
vt 0.39624023 0.42041016
vt 0.41430664 0.45532227
vt 0.42260742 0.5439453
vt 0.4296875 0.54003906
vt 0.44433594 0.6225586
vt 0.43676758 0.62597656
vt 0.44482422 0.70703125
vt 0.45288086 0.70458984
vt 0.44726562 0.78808594
vt 0.45507812 0.7871094
vt 0.44458008 0.8515625
vt 0.45214844 0.8515625
vt 0.44140625 0.8959961
vt 0.44873047 0.8959961
vt 0.44750977 0.93408203
vt 0.43774414 0.9345703
vt 0.81591797 0.6328125
vt 0.81689453 0.6376953
vt 0.81347656 0.6352539
vt 0.8095703 0.63671875
vt 0.8041992 0.6333008
vt 0.7963867 0.63134766
vt 0.8154297 0.640625
vt 0.8051758 0.63623047
vt 0.8203125 0.6435547
vt 0.8232422 0.6455078
vt 0.8149414 0.64208984
vt 0.8232422 0.64746094
vt 0.82910156 0.6508789
vt 0.80078125 0.6381836
vt 0.7895508 0.6323242
vt 0.78515625 0.63378906
vt 0.8129883 0.64501953
vt 0.81103516 0.64697266
vt 0.82373047 0.6513672
vt 0.83154297 0.65625
vt 0.79785156 0.63964844
vt 0.7836914 0.63671875
vt 0.8227539 0.6542969
vt 0.8310547 0.65966797
vt 0.82958984 0.6621094
vt 0.796875 0.6425781
vt 0.82128906 0.6567383
vt 0.7963867 0.64501953
vt 0.78271484 0.63916016
vt 0.8100586 0.64941406
vt 0.8095703 0.65185547
vt 0.8198242 0.6582031
vt 0.82714844 0.66308594
vt 0.81884766 0.6591797
vt 0.8261719 0.6635742
vt 0.8120117 0.65478516
vt 0.7963867 0.6464844
vt 0.78271484 0.640625
vt 0.7709961 0.6826172
vt 0.7714844 0.68408203
vt 0.7709961 0.6826172
vt 0.7709961 0.6826172
vt 0.7709961 0.6826172
vt 0.7709961 0.6826172
vt 0.7709961 0.6826172
vt 0.7709961 0.6826172
vt 0.7709961 0.6826172
vt 0.7709961 0.6826172
vt 0.7709961 0.6826172
vt 0.7709961 0.6826172
vt 0.7709961 0.6826172
vt 0.7709961 0.6826172
vt 0.7709961 0.6826172
vt 0.7709961 0.6826172
vt 0.7709961 0.6826172
vt 0.7709961 0.6826172
vt 0.59814453 0.53271484
vt 0.59521484 0.48291016
vt 0.5605469 0.48779297
vt 0.56396484 0.53808594
vt 0.52978516 0.49047852
vt 0.5654297 0.6113281
vt 0.5341797 0.6113281
vt 0.5986328 0.609375
vt 0.5629883 0.7011719
vt 0.59277344 0.7011719
vt 0.5805664 0.79003906
vt 0.5332031 0.54003906
vt 0.49658203 0.54003906
vt 0.49609375 0.4909668
vt 0.46972656 0.5390625
vt 0.4716797 0.48999023
vt 0.49658203 0.609375
vt 0.46875 0.6074219
vt 0.4741211 0.6958008
vt 0.5 0.6972656
vt 0.48583984 0.78271484
vt 0.5341797 0.69970703
vt 0.50683594 0.7841797
vt 0.5058594 0.8701172
vt 0.5576172 0.7885742
vt 0.5336914 0.7866211
vt 0.5205078 0.87060547
vt 0.5361328 0.95751953
vt 0.53564453 0.8720703
vt 0.55029297 0.87353516
vt 0.5649414 0.875
vt 0.54541016 0.9584961
vt 0.5410156 0.97558594
vt 0.59521484 0.48291016
vt 0.5942383 0.5317383
vt 0.5595703 0.5361328
vt 0.5605469 0.48779297
vt 0.52978516 0.49047852
vt 0.5292969 0.5390625
vt 0.49609375 0.4909668
vt 0.49951172 0.5395508
vt 0.4716797 0.48999023
vt 0.4831543 0.5390625
vt 0.4946289 0.83691406
vt 0.48242188 0.8432617
vt 0.48266602 0.8432617
vt 0.4946289 0.83691406
vt 0.49487305 0.83740234
vt 0.49487305 0.83740234
vt 0.4946289 0.83691406
vt 0.4946289 0.83691406
vt 0.48242188 0.8432617
vt 0.4946289 0.83691406
vt 0.4946289 0.8364258
vt 0.48266602 0.84375
vt 0.48266602 0.8442383
vt 0.49487305 0.83740234
vt 0.9711914 0.54785156
vt 0.9555664 0.5761719
vt 0.9770508 0.5527344
vt 0.9477539 0.5708008
vt 0.96728516 0.5439453
vt 0.9428711 0.5966797
vt 0.9404297 0.5649414
vt 0.96435547 0.5395508
vt 0.91796875 0.5473633
vt 0.9614258 0.5258789
vt 0.93310547 0.5913086
vt 0.9189453 0.6015625
vt 0.93652344 0.61035156
vt 0.89501953 0.62646484
vt 0.9243164 0.6401367
vt 0.9140625 0.6616211
vt 0.9140625 0.58154297
vt 0.91845703 0.53271484
vt 0.95703125 0.50390625
vt 0.91796875 0.50878906
vt 0.8925781 0.5078125
vt 0.8911133 0.5307617
vt 0.8647461 0.5078125
vt 0.8618164 0.53222656
vt 0.8339844 0.5097656
vt 0.8955078 0.58984375
vt 0.9121094 0.5600586
vt 0.890625 0.54296875
vt 0.82958984 0.5371094
vt 0.7910156 0.50927734
vt 0.8911133 0.578125
vt 0.890625 0.55566406
vt 0.86083984 0.5463867
vt 0.828125 0.5620117
vt 0.86328125 0.55908203
vt 0.78808594 0.5410156
vt 0.875 0.60302734
vt 0.87158203 0.58154297
vt 0.83691406 0.5732422
vt 0.85546875 0.5908203
vt 0.8203125 0.59814453
vt 0.8466797 0.60839844
vt 0.8676758 0.6166992
vt 0.88623047 0.64941406
vt 0.90283203 0.6875
vt 0.86035156 0.63720703
vt 0.88134766 0.6796875
vt 0.8833008 0.6977539
vt 0.89697266 0.7026367
vt 0.8691406 0.6748047
vt 0.87109375 0.6933594
vt 0.875 0.703125
vt 0.88720703 0.7080078
vt 0.8911133 0.71777344
vt 0.8486328 0.66748047
vt 0.8383789 0.62841797
vt 0.82910156 0.6621094
vt 0.81347656 0.6201172
vt 0.80078125 0.6542969
vt 0.78271484 0.61279297
vt 0.78564453 0.5864258
vt 0.75927734 0.61083984
vt 0.7866211 0.56347656
vt 0.75146484 0.5800781
vt 0.7241211 0.57958984
vt 0.7138672 0.5449219
vt 0.7504883 0.5566406
vt 0.7504883 0.5341797
vt 0.7529297 0.50341797
vt 0.7158203 0.52246094
vt 0.7216797 0.4934082
vt 0.6801758 0.5053711
vt 0.6899414 0.47973633
vt 0.6948242 0.5488281
vt 0.64160156 0.4802246
vt 0.6513672 0.45825195
vt 0.6352539 0.49389648
vt 0.67333984 0.5209961
vt 0.6333008 0.49975586
vt 0.6772461 0.5566406
vt 0.6635742 0.5629883
vt 0.6513672 0.53808594
vt 0.6699219 0.52734375
vt 0.6586914 0.53271484
vt 0.62353516 0.5102539
vt 0.62939453 0.50439453
vt 0.9248047 0.12890625
vt 0.9404297 0.15454102
vt 0.93115234 0.12780762
vt 0.9321289 0.15661621
vt 0.9501953 0.18664551
vt 0.91845703 0.12939453
vt 0.9394531 0.1887207
vt 0.9526367 0.21484375
vt 0.9238281 0.15771484
vt 0.91503906 0.15820312
vt 0.9121094 0.13195801
vt 0.9291992 0.18981934
vt 0.94091797 0.21484375
vt 0.9394531 0.2331543
vt 0.9506836 0.23498535
vt 0.9301758 0.21520996
vt 0.9038086 0.15856934
vt 0.90185547 0.12963867
vt 0.8959961 0.12963867
vt 0.91845703 0.19055176
vt 0.93603516 0.25439453
vt 0.9472656 0.25610352
vt 0.90478516 0.19116211
vt 0.8925781 0.15844727
vt 0.8876953 0.12902832
vt 0.93408203 0.27026367
vt 0.9453125 0.27148438
vt 0.8901367 0.19104004
vt 0.8833008 0.15820312
vt 0.8774414 0.13220215
vt 0.9345703 0.28173828
vt 0.9458008 0.2824707
vt 0.87939453 0.19042969
vt 0.8730469 0.1574707
vt 0.8696289 0.12866211
vt 0.8642578 0.15625
vt 0.86816406 0.18933105
vt 0.8569336 0.18762207
vt 0.86621094 0.21472168
vt 0.8535156 0.21325684
vt 0.85302734 0.23059082
vt 0.87841797 0.21606445
vt 0.86621094 0.23254395
vt 0.85302734 0.24938965
vt 0.8901367 0.2166748
vt 0.86572266 0.25097656
vt 0.85253906 0.26416016
vt 0.8779297 0.234375
vt 0.90625 0.2163086
vt 0.8642578 0.26708984
vt 0.85058594 0.27612305
vt 0.86279297 0.2788086
vt 0.8457031 0.28686523
vt 0.87597656 0.26904297
vt 0.8779297 0.2524414
vt 0.890625 0.23510742
vt 0.86035156 0.29052734
vt 0.84228516 0.29785156
vt 0.90625 0.234375
vt 0.8745117 0.28051758
vt 0.85791016 0.30151367
vt 0.83691406 0.3125
vt 0.8725586 0.2927246
vt 0.8540039 0.31713867
vt 0.83154297 0.3322754
vt 0.8701172 0.30395508
vt 0.88378906 0.29370117
vt 0.8857422 0.28125
vt 0.85009766 0.3322754
vt 0.82421875 0.35668945
vt 0.8666992 0.31958008
vt 0.84472656 0.35668945
vt 0.81689453 0.38061523
vt 0.8876953 0.27001953
vt 0.86328125 0.3322754
vt 0.8388672 0.38061523
vt 0.8149414 0.3955078
vt 0.83691406 0.3955078
vt 0.859375 0.35668945
vt 0.85498047 0.38061523
vt 0.8535156 0.3955078
vt 0.87646484 0.3322754
vt 0.87060547 0.38061523
vt 0.8701172 0.3955078
vt 0.87353516 0.35668945
vt 0.87939453 0.32080078
vt 0.890625 0.38061523
vt 0.8901367 0.3955078
vt 0.9135742 0.3955078
vt 0.89208984 0.35668945
vt 0.8935547 0.3322754
vt 0.91308594 0.38061523
vt 0.9296875 0.3955078
vt 0.88183594 0.30541992
vt 0.91259766 0.35668945
vt 0.92822266 0.38061523
vt 0.9448242 0.3955078
vt 0.8955078 0.32177734
vt 0.8979492 0.30615234
vt 0.9121094 0.3322754
vt 0.9428711 0.38061523
vt 0.9584961 0.3955078
vt 0.92578125 0.35668945
vt 0.9121094 0.32177734
vt 0.8984375 0.29418945
vt 0.92333984 0.3322754
vt 0.93847656 0.35668945
vt 0.9560547 0.38061523
vt 0.9116211 0.30639648
vt 0.9003906 0.28149414
vt 0.9760742 0.38061523
vt 0.9794922 0.3955078
vt 0.9506836 0.35668945
vt 0.96777344 0.35668945
vt 0.9345703 0.3322754
vt 0.9448242 0.3322754
vt 0.95947266 0.3322754
vt 0.94091797 0.31884766
vt 0.9536133 0.31469727
vt 0.9316406 0.3203125
vt 0.93652344 0.30444336
vt 0.9477539 0.30126953
vt 0.92089844 0.32128906
vt 0.9345703 0.29296875
vt 0.9453125 0.29223633
vt 0.92822266 0.30566406
vt 0.9189453 0.30615234
vt 0.92626953 0.29345703
vt 0.9160156 0.2939453
vt 0.9248047 0.28149414
vt 0.9160156 0.28149414
vt 0.92529297 0.27001953
vt 0.90234375 0.27026367
vt 0.9165039 0.27026367
vt 0.92626953 0.25390625
vt 0.88964844 0.25341797
vt 0.90478516 0.25390625
vt 0.91748047 0.25390625
vt 0.9194336 0.23339844
vt 0.92871094 0.23291016
vt 0.9194336 0.21569824
vt 0.9296875 0.09753418
vt 0.9194336 0.11920166
vt 0.92578125 0.12017822
vt 0.9248047 0.096069336
vt 0.93115234 0.0949707
vt 0.92041016 0.0949707
vt 0.9116211 0.11816406
vt 0.9267578 0.09136963
vt 0.94091797 0.08282471
vt 0.9345703 0.07879639
vt 0.9428711 0.07946777
vt 0.9238281 0.085876465
vt 0.91503906 0.09375
vt 0.9140625 0.08654785
vt 0.90625 0.09185791
vt 0.9038086 0.11694336
vt 0.8984375 0.11645508
vt 0.90722656 0.08642578
vt 0.9135742 0.07885742
vt 0.93603516 0.07543945
vt 0.9291992 0.07531738
vt 0.9379883 0.07312012
vt 0.94433594 0.07678223
vt 0.9458008 0.059387207
vt 0.92333984 0.07171631
vt 0.93115234 0.07141113
vt 0.9423828 0.05834961
vt 0.94921875 0.04650879
vt 0.9472656 0.045715332
vt 0.9448242 0.04446411
vt 0.9277344 0.06719971
vt 0.93310547 0.0692749
vt 0.93896484 0.056793213
vt 0.9428711 0.043548584
vt 0.93652344 0.05557251
vt 0.9301758 0.06549072
vt 0.92626953 0.056274414
vt 0.9238281 0.056793213
vt 0.92529297 0.04949951
vt 0.9194336 0.057922363
vt 0.92285156 0.04916382
vt 0.92626953 0.035186768
vt 0.9238281 0.037231445
vt 0.92285156 0.032684326
vt 0.91845703 0.047821045
vt 0.91308594 0.05947876
vt 0.91308594 0.04574585
vt 0.90722656 0.043029785
vt 0.90625 0.07885742
vt 0.91845703 0.043884277
vt 0.91552734 0.040374756
vt 0.92089844 0.03503418
vt 0.9140625 0.030090332
vt 0.91503906 0.02760315
vt 0.9042969 0.021087646
vt 0.90966797 0.03366089
vt 0.9033203 0.023513794
vt 0.89990234 0.0859375
vt 0.8984375 0.022262573
vt 0.8984375 0.019592285
vt 0.8925781 0.021209717
vt 0.8935547 0.023513794
vt 0.8828125 0.027816772
vt 0.8984375 0.025634766
vt 0.90283203 0.027114868
vt 0.9042969 0.036010742
vt 0.8989258 0.0368042
vt 0.8989258 0.043151855
vt 0.8935547 0.035980225
vt 0.8911133 0.042785645
vt 0.89453125 0.027023315
vt 0.88427734 0.030044556
vt 0.8886719 0.033447266
vt 0.89941406 0.059509277
vt 0.8774414 0.03515625
vt 0.8754883 0.032958984
vt 0.8720703 0.03552246
vt 0.8833008 0.04031372
vt 0.90625 0.059509277
vt 0.89941406 0.07867432
vt 0.8745117 0.03744507
vt 0.8754883 0.049591064
vt 0.8725586 0.050048828
vt 0.8720703 0.057006836
vt 0.8803711 0.043945312
vt 0.8852539 0.045654297
vt 0.8745117 0.057525635
vt 0.86865234 0.06652832
vt 0.8803711 0.04800415
vt 0.87939453 0.058532715
vt 0.8857422 0.059783936
vt 0.89208984 0.05960083
vt 0.8925781 0.07904053
vt 0.8852539 0.0793457
vt 0.89208984 0.08654785
vt 0.8754883 0.072631836
vt 0.89990234 0.09094238
vt 0.89160156 0.092041016
vt 0.890625 0.117248535
vt 0.8847656 0.08691406
vt 0.8847656 0.093566895
vt 0.87939453 0.09490967
vt 0.88378906 0.11846924
vt 0.87890625 0.11920166
vt 0.8754883 0.08654785
vt 0.875 0.095947266
vt 0.8730469 0.12017822
vt 0.8696289 0.097717285
vt 0.8725586 0.091674805
vt 0.86816406 0.095336914
vt 0.8647461 0.07977295
vt 0.85839844 0.08343506
vt 0.8701172 0.07635498
vt 0.86279297 0.07647705
vt 0.8564453 0.080078125
vt 0.87109375 0.06829834
vt 0.8676758 0.072631836
vt 0.86572266 0.07043457
vt 0.8623047 0.056427002
vt 0.8613281 0.074157715
vt 0.85498047 0.07745361
vt 0.8598633 0.057678223
vt 0.85595703 0.044403076
vt 0.8540039 0.04534912
vt 0.8564453 0.0592041
vt 0.8535156 0.06011963
vt 0.8515625 0.04660034
vt 0.8496094 0.0473938
vt 0.6376953 0.92285156
vt 0.6489258 0.92871094
vt 0.62646484 0.9370117
vt 0.6386719 0.94970703
vt 0.62353516 0.94140625
vt 0.60791016 0.92041016
vt 0.60791016 0.92578125
vt 0.6166992 0.9511719
vt 0.65283203 0.94921875
vt 0.66064453 0.93603516
vt 0.6660156 0.94189453
vt 0.6503906 0.95410156
vt 0.63623047 0.9584961
vt 0.6142578 0.95458984
vt 0.61083984 0.9482422
vt 0.6098633 0.9526367
vt 0.60791016 0.9448242
vt 0.60791016 0.95214844
vt 0.6098633 0.96533203
vt 0.60791016 0.96533203
vt 0.6098633 0.9716797
vt 0.60791016 0.97216797
vt 0.60791016 0.97998047
vt 0.6376953 0.9707031
vt 0.65283203 0.9682617
vt 0.6113281 0.97802734
vt 0.63964844 0.98291016
vt 0.65527344 0.98339844
vt 0.6401367 0.99316406
vt 0.65625 0.99316406
vt 0.6118164 0.97998047
vt 0.61035156 0.98095703
vt 0.60791016 0.98095703
vt 0.7841797 0.94091797
vt 0.7841797 0.9375
vt 0.7841797 0.9375
vt 0.7841797 0.94091797
vt 0.7841797 0.9946289
vt 0.7841797 0.9946289
vt 0.7841797 0.9980469
vt 0.7841797 0.9375
vt 0.7841797 0.94091797
vt 0.7841797 0.9375
vt 0.7841797 0.9375
vt 0.7841797 0.9375
vt 0.7841797 0.9375
vt 0.7841797 0.9375
vt 0.7841797 0.9375
vt 0.7841797 0.9375
vt 0.7841797 0.9375
vt 0.7841797 0.94091797
vt 0.7963867 0.9375
vt 0.7841797 0.94091797
vt 0.7841797 0.9946289
vt 0.7841797 0.9946289
vt 0.7963867 0.9375
vt 0.796875 0.9375
vt 0.7841797 0.9375
vt 0.7841797 0.9375
vt 0.796875 0.9375
vt 0.7841797 0.9375
vt 0.7841797 0.9375
vt 0.7841797 0.9375
vt 0.7841797 0.9375
vt 0.7841797 0.94091797
vt 0.7841797 0.94091797
vt 0.7841797 0.94091797
vt 0.7841797 0.94091797
vt 0.7963867 0.94091797
vt 0.8388672 0.9375
vt 0.7841797 0.9946289
vt 0.7841797 0.9946289
vt 0.7963867 0.9375
vt 0.7963867 0.94091797
vt 0.7963867 0.94091797
vt 0.796875 0.9946289
vt 0.796875 0.9980469
vt 0.7841797 0.9980469
vt 0.8388672 0.94091797
vt 0.796875 0.9980469
vt 0.7841797 0.9980469
vt 0.7963867 0.9980469
vt 0.84277344 0.94091797
vt 0.84277344 0.9375
vt 0.84277344 0.9946289
vt 0.8388672 0.9946289
vt 0.84277344 0.9980469
vt 0.8388672 0.9980469
vt 0.7963867 0.9980469
vt 0.7963867 0.9980469
vt 0.7963867 0.9946289
vt 0.7841797 0.9980469
vt 0.7963867 0.9946289
vt 0.7841797 0.9980469
vt 0.7841797 0.9980469
vt 0.7841797 0.9946289
vt 0.7841797 0.9980469
vt 0.7963867 0.94091797
vt 0.7841797 0.94091797
vt 0.7963867 0.9375
vt 0.7841797 0.9375
vt 0.7841797 0.9980469
vt 0.7841797 0.9980469
vt 0.7841797 0.9980469
vt 0.7841797 0.9980469
vt 0.7841797 0.9980469
vt 0.7841797 0.9946289
vt 0.7841797 0.9980469
vt 0.7841797 0.9980469
vt 0.7841797 0.9980469
vt 0.7841797 0.9946289
vt 0.7841797 0.9980469
vt 0.7841797 0.9980469
vt 0.7841797 0.9946289
vt 0.7841797 0.94091797
vt 0.7841797 0.9946289
vt 0.7841797 0.9946289
vt 0.7841797 0.94091797
vt 0.7841797 0.9980469
vt 0.7841797 0.9946289
vt 0.7841797 0.9946289
vt 0.7841797 0.9946289
vt 0.7841797 0.94091797
vt 0.7841797 0.9946289
vt 0.84277344 0.9946289
vt 0.84277344 0.9980469
vt 0.8388672 0.9980469
vt 0.8388672 0.9946289
vt 0.84277344 0.94091797
vt 0.8388672 0.94091797
vt 0.84277344 0.9375
vt 0.8388672 0.9375
vt 0.7841797 0.9980469
vt 0.7841797 0.9946289
vt 0.9946289 0.35668945
vt 0.9951172 0.35668945
vt 0.9951172 0.38061523
vt 0.9946289 0.38061523
vt 0.9941406 0.35668945
vt 0.9951172 0.3955078
vt 0.99560547 0.3955078
vt 0.9946289 0.38061523
vt 0.9941406 0.35668945
vt 0.9946289 0.3955078
vt 0.9941406 0.38061523
vt 0.99365234 0.35668945
vt 0.9941406 0.3955078
vt 0.99365234 0.38061523
vt 0.99365234 0.3955078
vt 0.99316406 0.35668945
vt 0.99316406 0.38061523
vt 0.99316406 0.3955078
vt 0.9926758 0.3955078
vt 0.9926758 0.38061523
vt 0.9926758 0.35668945
vt 0.9921875 0.3955078
vt 0.9921875 0.38061523
vt 0.9921875 0.35668945
vt 0.9916992 0.3955078
vt 0.9916992 0.38061523
vt 0.99121094 0.3955078
vt 0.9916992 0.35668945
vt 0.99121094 0.38061523
vt 0.99121094 0.35668945
vt 0.9248047 0.12890625
vt 0.93115234 0.12780762
vt 0.9404297 0.15454102
vt 0.9321289 0.15661621
vt 0.9501953 0.18664551
vt 0.91845703 0.12939453
vt 0.9394531 0.1887207
vt 0.9526367 0.21484375
vt 0.9238281 0.15771484
vt 0.91503906 0.15820312
vt 0.9121094 0.13195801
vt 0.9291992 0.18981934
vt 0.94091797 0.21484375
vt 0.9394531 0.2331543
vt 0.9506836 0.23498535
vt 0.9301758 0.21520996
vt 0.9038086 0.15856934
vt 0.90185547 0.12963867
vt 0.8959961 0.12963867
vt 0.91845703 0.19055176
vt 0.93603516 0.25439453
vt 0.9472656 0.25610352
vt 0.90478516 0.19116211
vt 0.8925781 0.15844727
vt 0.8876953 0.12902832
vt 0.93408203 0.27026367
vt 0.9453125 0.27148438
vt 0.8901367 0.19104004
vt 0.8833008 0.15820312
vt 0.8774414 0.13220215
vt 0.9345703 0.28173828
vt 0.9458008 0.2824707
vt 0.87939453 0.19042969
vt 0.8730469 0.1574707
vt 0.8696289 0.12866211
vt 0.8642578 0.15625
vt 0.86816406 0.18933105
vt 0.8569336 0.18762207
vt 0.86621094 0.21472168
vt 0.8535156 0.21325684
vt 0.85302734 0.23059082
vt 0.87841797 0.21606445
vt 0.86621094 0.23254395
vt 0.85302734 0.24938965
vt 0.8901367 0.2166748
vt 0.86572266 0.25097656
vt 0.85253906 0.26416016
vt 0.8779297 0.234375
vt 0.90625 0.2163086
vt 0.8642578 0.26708984
vt 0.85058594 0.27612305
vt 0.86279297 0.2788086
vt 0.8457031 0.28686523
vt 0.87597656 0.26904297
vt 0.8779297 0.2524414
vt 0.890625 0.23510742
vt 0.86035156 0.29052734
vt 0.84228516 0.29785156
vt 0.90625 0.234375
vt 0.9194336 0.21569824
vt 0.9194336 0.23339844
vt 0.92871094 0.23291016
vt 0.92626953 0.25390625
vt 0.91748047 0.25390625
vt 0.92529297 0.27001953
vt 0.90478516 0.25390625
vt 0.9248047 0.28149414
vt 0.9165039 0.27026367
vt 0.88964844 0.25341797
vt 0.9160156 0.28149414
vt 0.90234375 0.27026367
vt 0.8876953 0.27001953
vt 0.9003906 0.28149414
vt 0.9160156 0.2939453
vt 0.92626953 0.29345703
vt 0.8857422 0.28125
vt 0.9345703 0.29296875
vt 0.9453125 0.29223633
vt 0.9477539 0.30126953
vt 0.93652344 0.30444336
vt 0.9536133 0.31469727
vt 0.92822266 0.30566406
vt 0.94091797 0.31884766
vt 0.95947266 0.3322754
vt 0.8984375 0.29418945
vt 0.9189453 0.30615234
vt 0.9316406 0.3203125
vt 0.9448242 0.3322754
vt 0.96777344 0.35668945
vt 0.9506836 0.35668945
vt 0.9345703 0.3322754
vt 0.93847656 0.35668945
vt 0.92333984 0.3322754
vt 0.92578125 0.35668945
vt 0.92089844 0.32128906
vt 0.9116211 0.30639648
vt 0.9121094 0.3322754
vt 0.91259766 0.35668945
vt 0.9121094 0.32177734
vt 0.8979492 0.30615234
vt 0.8935547 0.3322754
vt 0.89208984 0.35668945
vt 0.87353516 0.35668945
vt 0.8955078 0.32177734
vt 0.88378906 0.29370117
vt 0.87646484 0.3322754
vt 0.859375 0.35668945
vt 0.88183594 0.30541992
vt 0.87939453 0.32080078
vt 0.86328125 0.3322754
vt 0.84472656 0.35668945
vt 0.8701172 0.30395508
vt 0.8666992 0.31958008
vt 0.85009766 0.3322754
vt 0.82421875 0.35668945
vt 0.83154297 0.3322754
vt 0.8540039 0.31713867
vt 0.83691406 0.3125
vt 0.85791016 0.30151367
vt 0.8725586 0.2927246
vt 0.8745117 0.28051758
vt 0.9296875 0.09753418
vt 0.92578125 0.12017822
vt 0.9194336 0.11920166
vt 0.9248047 0.096069336
vt 0.93115234 0.0949707
vt 0.92041016 0.0949707
vt 0.9116211 0.11816406
vt 0.9267578 0.09136963
vt 0.94091797 0.08282471
vt 0.9345703 0.07879639
vt 0.9428711 0.07946777
vt 0.9238281 0.085876465
vt 0.91503906 0.09375
vt 0.9140625 0.08654785
vt 0.90625 0.09185791
vt 0.9038086 0.11694336
vt 0.8984375 0.11645508
vt 0.90722656 0.08642578
vt 0.9135742 0.07885742
vt 0.93603516 0.07543945
vt 0.9291992 0.07531738
vt 0.9379883 0.07312012
vt 0.94433594 0.07678223
vt 0.9458008 0.059387207
vt 0.92333984 0.07171631
vt 0.93115234 0.07141113
vt 0.9423828 0.05834961
vt 0.94921875 0.04650879
vt 0.9472656 0.045715332
vt 0.9448242 0.04446411
vt 0.9277344 0.06719971
vt 0.93310547 0.0692749
vt 0.93896484 0.056793213
vt 0.9428711 0.043548584
vt 0.93652344 0.05557251
vt 0.9301758 0.06549072
vt 0.92626953 0.056274414
vt 0.9238281 0.056793213
vt 0.92529297 0.04949951
vt 0.9194336 0.057922363
vt 0.92285156 0.04916382
vt 0.92626953 0.035186768
vt 0.9238281 0.037231445
vt 0.92285156 0.032684326
vt 0.91845703 0.047821045
vt 0.91308594 0.05947876
vt 0.91308594 0.04574585
vt 0.90722656 0.043029785
vt 0.90625 0.07885742
vt 0.91845703 0.043884277
vt 0.91552734 0.040374756
vt 0.92089844 0.03503418
vt 0.9140625 0.030090332
vt 0.91503906 0.02760315
vt 0.9042969 0.021087646
vt 0.90966797 0.03366089
vt 0.9033203 0.023513794
vt 0.89990234 0.0859375
vt 0.8984375 0.022262573
vt 0.8984375 0.019592285
vt 0.8925781 0.021209717
vt 0.8935547 0.023513794
vt 0.8828125 0.027816772
vt 0.8984375 0.025634766
vt 0.90283203 0.027114868
vt 0.9042969 0.036010742
vt 0.8989258 0.0368042
vt 0.8989258 0.043151855
vt 0.8935547 0.035980225
vt 0.8911133 0.042785645
vt 0.89453125 0.027023315
vt 0.88427734 0.030044556
vt 0.8886719 0.033447266
vt 0.89941406 0.059509277
vt 0.8774414 0.03515625
vt 0.8754883 0.032958984
vt 0.8720703 0.03552246
vt 0.8833008 0.04031372
vt 0.90625 0.059509277
vt 0.89941406 0.07867432
vt 0.8745117 0.03744507
vt 0.8754883 0.049591064
vt 0.8725586 0.050048828
vt 0.8720703 0.057006836
vt 0.8803711 0.043945312
vt 0.8852539 0.045654297
vt 0.8745117 0.057525635
vt 0.86865234 0.06652832
vt 0.8803711 0.04800415
vt 0.87939453 0.058532715
vt 0.8857422 0.059783936
vt 0.89208984 0.05960083
vt 0.8925781 0.07904053
vt 0.8852539 0.0793457
vt 0.89208984 0.08654785
vt 0.8754883 0.072631836
vt 0.89990234 0.09094238
vt 0.89160156 0.092041016
vt 0.890625 0.117248535
vt 0.8847656 0.08691406
vt 0.8847656 0.093566895
vt 0.87939453 0.09490967
vt 0.88378906 0.11846924
vt 0.87890625 0.11920166
vt 0.8754883 0.08654785
vt 0.875 0.095947266
vt 0.8730469 0.12017822
vt 0.8696289 0.097717285
vt 0.8725586 0.091674805
vt 0.86816406 0.095336914
vt 0.8647461 0.07977295
vt 0.85839844 0.08343506
vt 0.8701172 0.07635498
vt 0.86279297 0.07647705
vt 0.8564453 0.080078125
vt 0.87109375 0.06829834
vt 0.8676758 0.072631836
vt 0.86572266 0.07043457
vt 0.8623047 0.056427002
vt 0.8613281 0.074157715
vt 0.85498047 0.07745361
vt 0.8598633 0.057678223
vt 0.85595703 0.044403076
vt 0.8540039 0.04534912
vt 0.8564453 0.0592041
vt 0.8535156 0.06011963
vt 0.8515625 0.04660034
vt 0.8496094 0.0473938
vt 0.61035156 0.98095703
vt 0.60791016 0.98095703
vt 0.60791016 0.97998047
vt 0.6118164 0.97998047
vt 0.6118164 0.97998047
vt 0.61035156 0.98095703
vt 0.6401367 0.99316406
vt 0.6401367 0.99316406
vt 0.65625 0.99316406
vt 0.65625 0.99316406
vt 0.65527344 0.98339844
vt 0.65527344 0.98339844
vt 0.65283203 0.9682617
vt 0.63964844 0.98291016
vt 0.65283203 0.9682617
vt 0.6503906 0.95410156
vt 0.6503906 0.95410156
vt 0.6660156 0.94189453
vt 0.6113281 0.97802734
vt 0.6376953 0.9707031
vt 0.6098633 0.9716797
vt 0.60791016 0.97216797
vt 0.60791016 0.96533203
vt 0.63623047 0.9584961
vt 0.6098633 0.96533203
vt 0.60791016 0.95214844
vt 0.6098633 0.9526367
vt 0.60791016 0.9448242
vt 0.61083984 0.9482422
vt 0.6142578 0.95458984
vt 0.6166992 0.9511719
vt 0.61083984 0.9482422
vt 0.6166992 0.9511719
vt 0.6386719 0.94970703
vt 0.62353516 0.94140625
vt 0.62353516 0.94140625
vt 0.65283203 0.94921875
vt 0.6660156 0.94189453
vt 0.66064453 0.93603516
vt 0.66064453 0.93603516
vt 0.6489258 0.92871094
vt 0.6489258 0.92871094
vt 0.6376953 0.92285156
vt 0.62646484 0.9370117
vt 0.60791016 0.92041016
vt 0.60791016 0.92578125
vt 0.6376953 0.92285156
vt 0.62646484 0.9370117
vt 0.6376953 0.92285156
vt 0.62646484 0.9370117
vt 0.6489258 0.92871094
vt 0.6386719 0.94970703
vt 0.65283203 0.94921875
vt 0.66064453 0.93603516
vt 0.6660156 0.94189453
vt 0.6503906 0.95410156
vt 0.62353516 0.94140625
vt 0.60791016 0.92041016
vt 0.62646484 0.9370117
vt 0.60791016 0.92041016
vt 0.63623047 0.9584961
vt 0.6166992 0.9511719
vt 0.6376953 0.9707031
vt 0.65283203 0.9682617
vt 0.6142578 0.95458984
vt 0.61083984 0.9482422
vt 0.63964844 0.98291016
vt 0.65527344 0.98339844
vt 0.6401367 0.99316406
vt 0.65625 0.99316406
vt 0.6118164 0.97998047
vt 0.6113281 0.97802734
vt 0.6098633 0.9716797
vt 0.60791016 0.97998047
vt 0.61035156 0.98095703
vt 0.60791016 0.97216797
vt 0.60791016 0.98095703
vt 0.60791016 0.96533203
vt 0.6098633 0.96533203
vt 0.60791016 0.95214844
vt 0.60791016 0.98095703
vt 0.61035156 0.98095703
vt 0.61035156 0.98095703
vt 0.6098633 0.9526367
vt 0.60791016 0.9448242
vt 0.61083984 0.9482422
vt 0.60791016 0.9448242
vt 0.61035156 0.98095703
vt 0.6118164 0.97998047
vt 0.60791016 0.97998047
vt 0.6118164 0.97998047
vt 0.6401367 0.99316406
vt 0.61083984 0.9482422
vt 0.61083984 0.9482422
vt 0.6401367 0.99316406
vt 0.65625 0.99316406
vt 0.6098633 0.9526367
vt 0.60791016 0.95214844
vt 0.6166992 0.9511719
vt 0.6166992 0.9511719
vt 0.6098633 0.96533203
vt 0.60791016 0.96533203
vt 0.6142578 0.95458984
vt 0.6098633 0.9716797
vt 0.60791016 0.97216797
vt 0.63623047 0.9584961
vt 0.62353516 0.94140625
vt 0.62353516 0.94140625
vt 0.6113281 0.97802734
vt 0.6376953 0.9707031
vt 0.6503906 0.95410156
vt 0.6386719 0.94970703
vt 0.63964844 0.98291016
vt 0.65283203 0.9682617
vt 0.65527344 0.98339844
vt 0.60791016 0.92578125
vt 0.60791016 0.92578125
vt 0.62353516 0.94140625
vt 0.62646484 0.9370117
vt 0.62646484 0.9370117
vt 0.6376953 0.92285156
vt 0.6376953 0.92285156
vt 0.6489258 0.92871094
vt 0.6489258 0.92871094
vt 0.65283203 0.94921875
vt 0.66064453 0.93603516
vt 0.66064453 0.93603516
vt 0.6660156 0.94189453
vt 0.6660156 0.94189453
vt 0.6503906 0.95410156
vt 0.65283203 0.9682617
vt 0.65527344 0.98339844
vt 0.65625 0.99316406
vt 0.7841797 0.94140625
vt 0.7841797 0.9375
vt 0.7841797 0.94140625
vt 0.7841797 0.9375
vt 0.7841797 0.9375
vt 0.7841797 0.9375
vt 0.7841797 0.9375
vt 0.7841797 0.9375
vt 0.7841797 0.9375
vt 0.7841797 0.9375
vt 0.7963867 0.9375
vt 0.7841797 0.9375
vt 0.7841797 0.9375
vt 0.7841797 0.94140625
vt 0.7963867 0.9375
vt 0.796875 0.9375
vt 0.7841797 0.94140625
vt 0.796875 0.9375
vt 0.7963867 0.94140625
vt 0.7841797 0.9375
vt 0.7841797 0.9946289
vt 0.7841797 0.9946289
vt 0.7963867 0.9946289
vt 0.7841797 0.9980469
vt 0.7841797 0.9980469
vt 0.7841797 0.9375
vt 0.7841797 0.9375
vt 0.7963867 0.9980469
vt 0.7963867 0.9946289
vt 0.7963867 0.9980469
vt 0.796875 0.9980469
vt 0.8388672 0.9980469
vt 0.7841797 0.9375
vt 0.7841797 0.9375
vt 0.8388672 0.9946289
vt 0.84277344 0.9980469
vt 0.84277344 0.9946289
vt 0.8388672 0.94140625
vt 0.84277344 0.94140625
vt 0.7841797 0.9375
vt 0.796875 0.9946289
vt 0.8388672 0.9375
vt 0.84277344 0.9375
vt 0.7963867 0.94140625
vt 0.7841797 0.94140625
vt 0.7841797 0.94140625
vt 0.7841797 0.9946289
vt 0.7841797 0.9946289
vt 0.7841797 0.9946289
vt 0.7841797 0.9946289
vt 0.7841797 0.94140625
vt 0.7841797 0.9980469
vt 0.7841797 0.9980469
vt 0.7841797 0.9980469
vt 0.7963867 0.9375
vt 0.7963867 0.9375
vt 0.7963867 0.94140625
vt 0.7963867 0.94140625
vt 0.7963867 0.9946289
vt 0.7963867 0.9946289
vt 0.7841797 0.94140625
vt 0.7841797 0.94140625
vt 0.7841797 0.94140625
vt 0.7841797 0.9946289
vt 0.7841797 0.9946289
vt 0.7841797 0.94140625
vt 0.7841797 0.9946289
vt 0.7841797 0.9980469
vt 0.7841797 0.9980469
vt 0.7841797 0.9980469
vt 0.7841797 0.9946289
vt 0.7841797 0.9980469
vt 0.7841797 0.9980469
vt 0.7841797 0.9980469
vt 0.7841797 0.9980469
vt 0.7841797 0.9980469
vt 0.7841797 0.9980469
vt 0.7841797 0.9980469
vt 0.7841797 0.9980469
vt 0.7963867 0.9980469
vt 0.796875 0.9980469
vt 0.7841797 0.9980469
vt 0.7841797 0.9980469
vt 0.7841797 0.9946289
vt 0.7841797 0.9946289
vt 0.7841797 0.9980469
vt 0.7841797 0.9980469
vt 0.7841797 0.9946289
vt 0.7841797 0.9946289
vt 0.84277344 0.9946289
vt 0.8388672 0.9980469
vt 0.84277344 0.9980469
vt 0.8388672 0.9946289
vt 0.84277344 0.94140625
vt 0.8388672 0.94140625
vt 0.84277344 0.9375
vt 0.8388672 0.9375
vt 0.9926758 0.07965088
vt 0.99658203 0.0848999
vt 0.99658203 0.07977295
vt 0.9926758 0.0847168
vt 0.99658203 0.08935547
vt 0.9926758 0.08917236
vt 0.9863281 0.0736084
vt 0.9926758 0.07965088
vt 0.98583984 0.0826416
vt 0.98535156 0.09118652
vt 0.97558594 0.08013916
vt 0.98535156 0.09118652
vt 0.9926758 0.08917236
vt 0.9863281 0.0736084
vt 0.97802734 0.06726074
vt 0.97509766 0.09246826
vt 0.97509766 0.09246826
vt 0.96435547 0.078125
vt 0.96240234 0.09210205
vt 0.98535156 0.09118652
vt 0.97509766 0.09246826
vt 0.96240234 0.09210205
vt 0.96435547 0.078125
vt 0.96240234 0.09210205
vt 0.96435547 0.078125
vt 0.97558594 0.08013916
vt 0.9692383 0.062683105
vt 0.9692383 0.062683105
vt 0.97802734 0.06726074
vt 0.9692383 0.062683105
vt 0.97802734 0.06726074
vt 0.9863281 0.0736084
vt 0.9926758 0.07965088
vt 0.98583984 0.0826416
vt 0.9926758 0.0847168
vt 0.99658203 0.07977295
vt 0.99658203 0.0848999
vt 0.9926758 0.08917236
vt 0.99658203 0.08935547
vt 0.99658203 0.08935547
vt 0.99658203 0.08935547
vt 0.99658203 0.08935547
vt 0.9926758 0.08917236
vt 0.9926758 0.08917236
vt 0.99658203 0.08935547
vt 0.9926758 0.08917236
vt 0.99658203 0.0848999
vt 0.9926758 0.0847168
vt 0.99658203 0.07977295
vt 0.9926758 0.08917236
vt 0.9926758 0.0847168
vt 0.99658203 0.0848999
vt 0.99658203 0.07977295
vt 0.98535156 0.09118652
vt 0.98535156 0.09118652
vt 0.98535156 0.09118652
vt 0.98583984 0.0826416
vt 0.97509766 0.09246826
vt 0.97558594 0.08013916
vt 0.9863281 0.0736084
vt 0.9926758 0.07965088
vt 0.97509766 0.09246826
vt 0.98583984 0.0826416
vt 0.97509766 0.09246826
vt 0.9926758 0.07965088
vt 0.96435547 0.078125
vt 0.97802734 0.06726074
vt 0.96240234 0.09210205
vt 0.9863281 0.0736084
vt 0.97802734 0.06726074
vt 0.9692383 0.062683105
vt 0.96435547 0.078125
vt 0.96240234 0.09210205
vt 0.96240234 0.09210205
vt 0.96435547 0.078125
vt 0.9692383 0.062683105
vt 0.9692383 0.062683105
vt 0.97802734 0.06726074
vt 0.97558594 0.08013916
vt 0.9863281 0.0736084
vt 0.9926758 0.07965088
vt 0.99658203 0.07977295
vt 0.9926758 0.07965088
vt 0.9926758 0.07965088
vt 0.9926758 0.07965088
vt 0.99658203 0.07977295
vt 0.99658203 0.0848999
vt 0.9926758 0.0847168
vt 0.99658203 0.08935547
vt 0.9926758 0.08917236
vt 0.9863281 0.0736084
vt 0.9926758 0.07965088
vt 0.98583984 0.0826416
vt 0.98535156 0.09118652
vt 0.97558594 0.08013916
vt 0.98535156 0.09118652
vt 0.9926758 0.08917236
vt 0.9863281 0.0736084
vt 0.97802734 0.06726074
vt 0.97509766 0.09246826
vt 0.97509766 0.09246826
vt 0.96435547 0.078125
vt 0.96240234 0.09210205
vt 0.98535156 0.09118652
vt 0.97509766 0.09246826
vt 0.96240234 0.09210205
vt 0.96435547 0.078125
vt 0.96240234 0.09210205
vt 0.96435547 0.078125
vt 0.97558594 0.08013916
vt 0.9692383 0.062683105
vt 0.9692383 0.062683105
vt 0.97802734 0.06726074
vt 0.9692383 0.062683105
vt 0.97802734 0.06726074
vt 0.9863281 0.0736084
vt 0.9926758 0.07965088
vt 0.98583984 0.0826416
vt 0.9926758 0.0847168
vt 0.99658203 0.07977295
vt 0.99658203 0.0848999
vt 0.9926758 0.08917236
vt 0.99658203 0.08935547
vt 0.99658203 0.08935547
vt 0.99658203 0.08935547
vt 0.99658203 0.08935547
vt 0.9926758 0.08917236
vt 0.9926758 0.08917236
vt 0.99658203 0.08935547
vt 0.9926758 0.08917236
vt 0.99658203 0.0848999
vt 0.9926758 0.0847168
vt 0.99658203 0.07977295
vt 0.9926758 0.08917236
vt 0.9926758 0.0847168
vt 0.99658203 0.0848999
vt 0.99658203 0.07977295
vt 0.98535156 0.09118652
vt 0.98535156 0.09118652
vt 0.98535156 0.09118652
vt 0.98583984 0.0826416
vt 0.97509766 0.09246826
vt 0.97558594 0.08013916
vt 0.9863281 0.0736084
vt 0.9926758 0.07965088
vt 0.97509766 0.09246826
vt 0.98583984 0.0826416
vt 0.97509766 0.09246826
vt 0.9926758 0.07965088
vt 0.96435547 0.078125
vt 0.97802734 0.06726074
vt 0.96240234 0.09210205
vt 0.9863281 0.0736084
vt 0.97802734 0.06726074
vt 0.9692383 0.062683105
vt 0.96435547 0.078125
vt 0.96240234 0.09210205
vt 0.96240234 0.09210205
vt 0.96435547 0.078125
vt 0.9692383 0.062683105
vt 0.9692383 0.062683105
vt 0.97802734 0.06726074
vt 0.97558594 0.08013916
vt 0.9863281 0.0736084
vt 0.9926758 0.07965088
vt 0.99658203 0.07977295
vt 0.9926758 0.07965088
vt 0.9926758 0.07965088
vt 0.83154297 0.10455322
vt 0.85253906 0.10223389
vt 0.8378906 0.09100342
vt 0.8520508 0.11401367
vt 0.82128906 0.12719727
vt 0.85058594 0.13647461
vt 0.8125 0.15124512
vt 0.84765625 0.16064453
vt 0.8051758 0.17590332
vt 0.84521484 0.18481445
vt 0.8041992 0.20117188
vt 0.8417969 0.20776367
vt 0.8095703 0.22509766
vt 0.8354492 0.22961426
vt 0.8203125 0.25952148
vt 0.82373047 0.25976562
vt 0.8222656 0.26123047
vt 0.8378906 0.09100342
vt 0.8520508 0.11401367
vt 0.85253906 0.10223389
vt 0.83154297 0.10455322
vt 0.82128906 0.12719727
vt 0.85058594 0.13647461
vt 0.8125 0.15124512
vt 0.84765625 0.16064453
vt 0.8125 0.15124512
vt 0.84765625 0.16064453
vt 0.8051758 0.17590332
vt 0.84521484 0.18481445
vt 0.8041992 0.20117188
vt 0.8417969 0.20776367
vt 0.8095703 0.22509766
vt 0.8354492 0.22961426
vt 0.8203125 0.25952148
vt 0.82373047 0.25976562
vt 0.8222656 0.26123047
vt 0.33520508 0.9741211
vt 0.34692383 0.9868164
vt 0.33422852 0.984375
vt 0.3486328 0.97558594
vt 0.35546875 0.9873047
vt 0.35620117 0.9580078
vt 0.34545898 0.95410156
vt 0.35766602 0.9248047
vt 0.32104492 0.9477539
vt 0.38549805 0.95947266
vt 0.3869629 0.92578125
vt 0.39135742 0.97753906
vt 0.3955078 0.9560547
vt 0.40478516 0.97753906
vt 0.42163086 0.9536133
vt 0.39208984 0.98876953
vt 0.40478516 0.98779297
vt 0.38354492 0.98876953
vt 0.38354492 0.99560547
vt 0.35473633 0.9941406
vt 0.34545898 0.9111328
vt 0.36865234 0.91064453
vt 0.37719727 0.9111328
vt 0.36767578 0.89404297
vt 0.38549805 0.8955078
vt 0.32177734 0.9277344
vt 0.31298828 0.94433594
vt 0.33276367 0.9003906
vt 0.31640625 0.92285156
vt 0.36108398 0.8691406
vt 0.32592773 0.89453125
vt 0.35864258 0.86083984
vt 0.4008789 0.9145508
vt 0.4189453 0.90625
vt 0.39379883 0.87158203
vt 0.39697266 0.86328125
vt 0.42700195 0.89941406
vt 0.42358398 0.9321289
vt 0.43115234 0.9511719
vt 0.43115234 0.92822266
vt 0.12597656 0.5908203
vt 0.119262695 0.5878906
vt 0.119262695 0.5834961
vt 0.1262207 0.59375
vt 0.119262695 0.5913086
vt 0.1303711 0.59228516
vt 0.11230469 0.59375
vt 0.12902832 0.58984375
vt 0.12524414 0.58496094
vt 0.13476562 0.5878906
vt 0.11260986 0.5908203
vt 0.113342285 0.58496094
vt 0.1081543 0.59228516
vt 0.10949707 0.58984375
vt 0.1038208 0.5878906
vt 0.13256836 0.5864258
vt 0.12731934 0.5830078
vt 0.13659668 0.5805664
vt 0.10601807 0.5864258
vt 0.111206055 0.5830078
vt 0.101989746 0.5805664
vt 0.10467529 0.5810547
vt 0.11065674 0.5810547
vt 0.107421875 0.5698242
vt 0.109375 0.57128906
vt 0.111816406 0.57666016
vt 0.119262695 0.56152344
vt 0.13391113 0.5810547
vt 0.12792969 0.5810547
vt 0.12915039 0.57128906
vt 0.12768555 0.5786133
vt 0.13110352 0.5698242
vt 0.119262695 0.5644531
vt 0.119262695 0.5698242
vt 0.124938965 0.57421875
vt 0.113342285 0.58496094
vt 0.10949707 0.58984375
vt 0.11260986 0.5908203
vt 0.1081543 0.59228516
vt 0.11230469 0.59375
vt 0.1038208 0.5878906
vt 0.119262695 0.5878906
vt 0.119262695 0.5834961
vt 0.119262695 0.5913086
vt 0.1262207 0.59375
vt 0.10601807 0.5864258
vt 0.111206055 0.5830078
vt 0.101989746 0.5805664
vt 0.12597656 0.5908203
vt 0.12524414 0.58496094
vt 0.1303711 0.59228516
vt 0.12902832 0.58984375
vt 0.13476562 0.5878906
vt 0.13256836 0.5864258
vt 0.12731934 0.5830078
vt 0.13659668 0.5805664
vt 0.13391113 0.5810547
vt 0.12792969 0.5810547
vt 0.13110352 0.5698242
vt 0.12915039 0.57128906
vt 0.12670898 0.57666016
vt 0.119262695 0.56152344
vt 0.119262695 0.5644531
vt 0.119262695 0.5698242
vt 0.109375 0.57128906
vt 0.113586426 0.57421875
vt 0.107421875 0.5698242
vt 0.10467529 0.5810547
vt 0.110839844 0.5786133
vt 0.11065674 0.5810547
vt 0.115112305 0.58203125
vt 0.115112305 0.58203125
vt 0.114990234 0.58203125
vt 0.114990234 0.58203125
vt 0.115112305 0.58203125
vt 0.114990234 0.58203125
vt 0.1149292 0.58203125
vt 0.1149292 0.58203125
vt 0.1149292 0.58203125
vt 0.114868164 0.58203125
vt 0.114868164 0.58203125
vt 0.114868164 0.58203125
vt 0.114746094 0.58203125
vt 0.114746094 0.58203125
vt 0.114746094 0.58203125
vt 0.11468506 0.58203125
vt 0.11468506 0.58203125
vt 0.11468506 0.58203125
vt 0.11566162 0.58203125
vt 0.115600586 0.58203125
vt 0.115600586 0.58203125
vt 0.115600586 0.58203125
vt 0.115478516 0.58203125
vt 0.115478516 0.58203125
vt 0.115478516 0.58203125
vt 0.11541748 0.58203125
vt 0.11541748 0.58203125
vt 0.11541748 0.58203125
vt 0.115356445 0.58203125
vt 0.115356445 0.58203125
vt 0.115356445 0.58203125
vt 0.115234375 0.58203125
vt 0.115234375 0.58203125
vt 0.115234375 0.58203125
vt 0.115234375 0.58203125
vt 0.115234375 0.58203125
vt 0.115234375 0.58203125
vt 0.115112305 0.58203125
vt 0.115112305 0.58203125
vt 0.115112305 0.58203125
vt 0.115112305 0.58203125
vt 0.114990234 0.58203125
vt 0.114990234 0.58203125
vt 0.114990234 0.58203125
vt 0.1149292 0.58203125
vt 0.1149292 0.58203125
vt 0.1149292 0.58203125
vt 0.114868164 0.58203125
vt 0.114868164 0.58203125
vt 0.114868164 0.58203125
vt 0.114746094 0.58203125
vt 0.114746094 0.58203125
vt 0.114746094 0.58203125
vt 0.11468506 0.58203125
vt 0.11468506 0.58203125
vt 0.11468506 0.58203125
vt 0.115600586 0.58203125
vt 0.11566162 0.58203125
vt 0.115600586 0.58203125
vt 0.115600586 0.58203125
vt 0.115478516 0.58203125
vt 0.115478516 0.58203125
vt 0.115478516 0.58203125
vt 0.11541748 0.58203125
vt 0.11541748 0.58203125
vt 0.11541748 0.58203125
vt 0.115356445 0.58203125
vt 0.115356445 0.58203125
vt 0.115356445 0.58203125
vt 0.115234375 0.58203125
vt 0.115234375 0.58203125
vt 0.115234375 0.58203125
vt 0.115234375 0.58203125
vt 0.115234375 0.58203125
vt 0.115234375 0.58203125
vt 0.115234375 0.58203125
vt 0.63964844 0.22277832
vt 0.640625 0.20715332
vt 0.6586914 0.21679688
vt 0.6557617 0.22961426
vt 0.65185547 0.24707031
vt 0.6381836 0.2421875
vt 0.64697266 0.26489258
vt 0.63671875 0.26245117
vt 0.6401367 0.2836914
vt 0.6333008 0.2836914
vt 0.6308594 0.30151367
vt 0.62890625 0.30151367
vt 0.6328125 0.31201172
vt 0.6489258 0.29492188
vt 0.6660156 0.2770996
vt 0.6484375 0.26489258
vt 0.6738281 0.2709961
vt 0.65478516 0.25805664
vt 0.62890625 0.31201172
vt 0.6269531 0.30151367
vt 0.62646484 0.28125
vt 0.6254883 0.31176758
vt 0.61816406 0.2824707
vt 0.60595703 0.2939453
vt 0.6230469 0.25756836
vt 0.58691406 0.2763672
vt 0.6152344 0.26049805
vt 0.6044922 0.26464844
vt 0.6015625 0.25805664
vt 0.58251953 0.2705078
vt 0.62109375 0.23510742
vt 0.6113281 0.2409668
vt 0.6191406 0.21350098
vt 0.60839844 0.2220459
vt 0.60595703 0.20800781
vt 0.61816406 0.19616699
vt 0.6386719 0.91259766
vt 0.6557617 0.91259766
vt 0.6557617 0.89404297
vt 0.6386719 0.89404297
vt 0.62353516 0.91259766
vt 0.6557617 0.875
vt 0.62353516 0.89404297
vt 0.60546875 0.91259766
vt 0.60546875 0.89404297
vt 0.6386719 0.875
vt 0.6557617 0.85546875
vt 0.62353516 0.875
vt 0.60546875 0.875
vt 0.6386719 0.85546875
vt 0.6557617 0.8359375
vt 0.62353516 0.85546875
vt 0.60546875 0.85546875
vt 0.6386719 0.8359375
vt 0.6557617 0.81689453
vt 0.62353516 0.8359375
vt 0.60546875 0.8359375
vt 0.6386719 0.81689453
vt 0.6557617 0.79833984
vt 0.62353516 0.81689453
vt 0.60546875 0.81689453
vt 0.6386719 0.79833984
vt 0.6557617 0.77978516
vt 0.62353516 0.79833984
vt 0.60546875 0.79833984
vt 0.6386719 0.77978516
vt 0.6557617 0.7607422
vt 0.62353516 0.77978516
vt 0.60546875 0.77978516
vt 0.6386719 0.7607422
vt 0.6557617 0.74121094
vt 0.62353516 0.7607422
vt 0.60546875 0.7607422
vt 0.6386719 0.74121094
vt 0.6557617 0.7216797
vt 0.62353516 0.74121094
vt 0.60546875 0.74121094
vt 0.6386719 0.7216797
vt 0.6557617 0.7026367
vt 0.62353516 0.7216797
vt 0.60546875 0.7216797
vt 0.6386719 0.7026367
vt 0.6557617 0.68408203
vt 0.6386719 0.68408203
vt 0.62353516 0.7026367
vt 0.60546875 0.7026367
vt 0.62353516 0.68408203
vt 0.60546875 0.68408203
vt 0.94140625 0.9008789
vt 0.9355469 0.89501953
vt 0.93847656 0.9033203
vt 0.9394531 0.8930664
vt 0.9453125 0.89941406
vt 0.9448242 0.8925781
vt 0.93359375 0.8876953
vt 0.94384766 0.88623047
vt 0.93847656 0.88671875
vt 0.9428711 0.8803711
vt 0.93359375 0.8808594
vt 0.9379883 0.8808594
vt 0.94189453 0.8696289
vt 0.9375 0.8696289
vt 0.93359375 0.8696289
vt 0.9375 0.86035156
vt 0.94189453 0.86035156
vt 0.93359375 0.86035156
vt 0.9379883 0.8510742
vt 0.94189453 0.8510742
vt 0.93408203 0.8510742
vt 0.94140625 0.8310547
vt 0.9375 0.8310547
vt 0.93408203 0.8310547
vt 0.93408203 0.8203125
vt 0.9375 0.8198242
vt 0.94140625 0.8198242
vt 0.93408203 0.80859375
vt 0.9375 0.80859375
vt 0.94091797 0.80859375
vt 0.93408203 0.8022461
vt 0.9316406 0.80859375
vt 0.93115234 0.8022461
vt 0.93115234 0.7919922
vt 0.9375 0.8022461
vt 0.94140625 0.8022461
vt 0.9345703 0.79248047
vt 0.94091797 0.7919922
vt 0.9448242 0.8022461
vt 0.94433594 0.79248047
vt 0.9375 0.79248047
vt 0.94140625 0.78125
vt 0.94433594 0.78125
vt 0.9448242 0.76953125
vt 0.9345703 0.78125
vt 0.9316406 0.7807617
vt 0.9316406 0.76953125
vt 0.9379883 0.78125
vt 0.94140625 0.76953125
vt 0.9448242 0.7583008
vt 0.9350586 0.77001953
vt 0.9321289 0.7583008
vt 0.94140625 0.7583008
vt 0.9453125 0.74658203
vt 0.9379883 0.77001953
vt 0.9350586 0.7583008
vt 0.9321289 0.74658203
vt 0.93847656 0.7583008
vt 0.94189453 0.74658203
vt 0.9453125 0.7348633
vt 0.9355469 0.74658203
vt 0.9326172 0.7348633
vt 0.93847656 0.74658203
vt 0.94189453 0.7348633
vt 0.93896484 0.7348633
vt 0.9423828 0.7236328
vt 0.9453125 0.7236328
vt 0.9453125 0.7128906
vt 0.9355469 0.7348633
vt 0.93603516 0.7236328
vt 0.93310547 0.7236328
vt 0.93896484 0.7236328
vt 0.93652344 0.7128906
vt 0.93359375 0.71240234
vt 0.9423828 0.7128906
vt 0.93652344 0.70214844
vt 0.93359375 0.70214844
vt 0.93408203 0.6923828
vt 0.9394531 0.7128906
vt 0.9423828 0.70214844
vt 0.9453125 0.70214844
vt 0.9453125 0.6923828
vt 0.9394531 0.70214844
vt 0.9370117 0.6923828
vt 0.9423828 0.6923828
vt 0.9423828 0.68310547
vt 0.9453125 0.6826172
vt 0.9448242 0.6738281
vt 0.9399414 0.6923828
vt 0.9375 0.68310547
vt 0.9350586 0.6826172
vt 0.9399414 0.68310547
vt 0.9379883 0.6738281
vt 0.93603516 0.6738281
vt 0.9423828 0.6738281
vt 0.94384766 0.66552734
vt 0.9404297 0.6738281
vt 0.93896484 0.66552734
vt 0.9370117 0.66503906
vt 0.9423828 0.66552734
vt 0.9394531 0.6567383
vt 0.93847656 0.6567383
vt 0.9404297 0.66552734
vt 0.94189453 0.6567383
vt 0.9428711 0.6567383
vt 0.94140625 0.64697266
vt 0.9404297 0.64697266
vt 0.9399414 0.64697266
vt 0.9404297 0.6567383
vt 0.94091797 0.64697266
vt 0.94091797 0.64160156
vt 0.94091797 0.64160156
vt 0.94091797 0.64697266
vt 0.94091797 0.64160156
vt 0.94091797 0.64160156
vt 0.94091797 0.64160156
vt 0.89697266 0.44458008
vt 0.9111328 0.44799805
vt 0.89746094 0.4477539
vt 0.9111328 0.44433594
vt 0.9248047 0.44384766
vt 0.9243164 0.4489746
vt 0.9477539 0.45141602
vt 0.9116211 0.43847656
vt 0.9248047 0.43774414
vt 0.9482422 0.44335938
vt 0.94873047 0.43676758
vt 0.9589844 0.44921875
vt 0.9584961 0.45239258
vt 0.96972656 0.45239258
vt 0.96972656 0.4482422
vt 0.9824219 0.44970703
vt 0.9589844 0.4428711
vt 0.98046875 0.44482422
vt 0.98828125 0.44482422
vt 0.9589844 0.43652344
vt 0.96875 0.44189453
vt 0.98583984 0.4411621
vt 0.9916992 0.43725586
vt 0.96777344 0.43579102
vt 0.97753906 0.43847656
vt 0.9902344 0.43530273
vt 0.9941406 0.4284668
vt 0.9746094 0.43286133
vt 0.9814453 0.43530273
vt 0.9848633 0.4309082
vt 0.98876953 0.42504883
vt 0.97753906 0.43017578
vt 0.9794922 0.42700195
vt 0.9824219 0.421875
vt 0.97558594 0.41796875
vt 0.9736328 0.42260742
vt 0.9711914 0.42651367
vt 0.9658203 0.42749023
vt 0.9580078 0.42773438
vt 0.94873047 0.4267578
vt 0.92529297 0.42651367
vt 0.9121094 0.4267578
vt 0.8979492 0.42773438
vt 0.89746094 0.43920898
vt 0.890625 0.42822266
vt 0.8901367 0.43969727
vt 0.87597656 0.42993164
vt 0.88964844 0.44604492
vt 0.8754883 0.4411621
vt 0.86865234 0.4309082
vt 0.87402344 0.44970703
vt 0.88916016 0.44995117
vt 0.8676758 0.4416504
vt 0.86083984 0.43188477
vt 0.8598633 0.4416504
vt 0.86621094 0.44995117
vt 0.84375 0.4411621
vt 0.84521484 0.4326172
vt 0.85839844 0.4501953
vt 0.828125 0.43969727
vt 0.82958984 0.4321289
vt 0.84228516 0.44995117
vt 0.8125 0.43823242
vt 0.81396484 0.43066406
vt 0.82666016 0.4494629
vt 0.7973633 0.43701172
vt 0.7988281 0.4296875
vt 0.7836914 0.42871094
vt 0.81152344 0.44873047
vt 0.8642578 0.46264648
vt 0.85595703 0.46240234
vt 0.85498047 0.46850586
vt 0.84033203 0.46142578
vt 0.82470703 0.46044922
vt 0.8720703 0.46264648
vt 0.8876953 0.46289062
vt 0.8720703 0.46484375
vt 0.8642578 0.4650879
vt 0.8588867 0.47094727
vt 0.8876953 0.46435547
vt 0.89501953 0.46264648
vt 0.8964844 0.4506836
vt 0.89501953 0.46411133
vt 0.90966797 0.46240234
vt 0.91015625 0.45263672
vt 0.9091797 0.46411133
vt 0.92285156 0.46191406
vt 0.92285156 0.4543457
vt 0.9223633 0.46435547
vt 0.9453125 0.46044922
vt 0.94628906 0.4567871
vt 0.94433594 0.4650879
vt 0.95703125 0.45776367
vt 0.9560547 0.46020508
vt 0.9536133 0.46533203
vt 0.96777344 0.45922852
vt 0.9658203 0.4609375
vt 0.9614258 0.46606445
vt 0.9741211 0.46533203
vt 0.9790039 0.4645996
vt 0.9692383 0.46801758
vt 0.97753906 0.46948242
vt 0.9824219 0.4699707
vt 0.97314453 0.47021484
vt 0.97802734 0.47485352
vt 0.98291016 0.4765625
vt 0.9790039 0.48217773
vt 0.9838867 0.48339844
vt 0.9707031 0.62597656
vt 0.9873047 0.62890625
vt 0.98779297 0.62353516
vt 0.9707031 0.6279297
vt 0.96191406 0.6171875
vt 0.95654297 0.6196289
vt 0.97021484 0.62939453
vt 0.95214844 0.6225586
vt 0.95166016 0.62890625
vt 0.97021484 0.63134766
vt 0.98779297 0.6323242
vt 0.9873047 0.63671875
vt 0.96972656 0.63720703
vt 0.95214844 0.63720703
vt 0.9873047 0.64404297
vt 0.97021484 0.6455078
vt 0.95458984 0.6479492
vt 0.9604492 0.6738281
vt 0.9736328 0.67089844
vt 0.9868164 0.66845703
vt 0.9873047 0.68408203
vt 0.97509766 0.68603516
vt 0.9628906 0.68896484
vt 0.9873047 0.7006836
vt 0.9770508 0.70214844
vt 0.96484375 0.7050781
vt 0.98779297 0.70947266
vt 0.97753906 0.7109375
vt 0.9658203 0.7138672
vt 0.98779297 0.72802734
vt 0.9785156 0.7285156
vt 0.9667969 0.73046875
vt 0.9873047 0.7373047
vt 0.9785156 0.73779297
vt 0.9667969 0.7397461
vt 0.9868164 0.74609375
vt 0.97802734 0.74658203
vt 0.9663086 0.74853516
vt 0.9848633 0.76416016
vt 0.9765625 0.76464844
vt 0.96484375 0.76660156
vt 0.9824219 0.78271484
vt 0.9741211 0.7836914
vt 0.9628906 0.78466797
vt 0.9794922 0.8017578
vt 0.9711914 0.8022461
vt 0.9609375 0.8027344
vt 0.96875 0.8198242
vt 0.97802734 0.81933594
vt 0.9589844 0.8208008
vt 0.9760742 0.8364258
vt 0.96728516 0.83740234
vt 0.9580078 0.8378906
vt 0.97509766 0.85302734
vt 0.9667969 0.8544922
vt 0.9580078 0.85498047
vt 0.9746094 0.8623047
vt 0.9667969 0.86279297
vt 0.9589844 0.86376953
vt 0.9746094 0.87060547
vt 0.96728516 0.87109375
vt 0.95996094 0.8720703
vt 0.97558594 0.8852539
vt 0.9692383 0.88623047
vt 0.9628906 0.88720703
vt 0.9765625 0.8959961
vt 0.9711914 0.89697266
vt 0.9741211 0.9082031
vt 0.9663086 0.8984375
vt 0.97753906 0.90771484
vt 0.9707031 0.90966797
vt 0.9794922 0.92041016
vt 0.97558594 0.9213867
vt 0.97753906 0.92089844
vt 0.98046875 0.9267578
vt 0.9785156 0.9272461
vt 0.9794922 0.9272461
vt 0.9814453 0.93359375
vt 0.94140625 0.48901367
vt 0.94677734 0.49194336
vt 0.9404297 0.4909668
vt 0.9189453 0.4897461
vt 0.9213867 0.48291016
vt 0.9086914 0.4807129
vt 0.9057617 0.4873047
vt 0.89501953 0.47875977
vt 0.8911133 0.48510742
vt 0.8876953 0.47705078
vt 0.88378906 0.48388672
vt 0.8725586 0.4736328
vt 0.86865234 0.4819336
vt 0.86083984 0.4807129
vt 0.8652344 0.4716797
vt 0.85302734 0.47973633
vt 0.83935547 0.46704102
vt 0.83740234 0.47827148
vt 0.83740234 0.4807129
vt 0.82373047 0.46606445
vt 0.8222656 0.47705078
vt 0.82177734 0.4819336
vt 0.8095703 0.4597168
vt 0.8076172 0.47631836
vt 0.8066406 0.48291016
vt 0.80859375 0.46533203
vt 0.7963867 0.44799805
vt 0.79296875 0.47583008
vt 0.7915039 0.48461914
vt 0.7783203 0.4753418
vt 0.77783203 0.48510742
vt 0.7626953 0.48657227
vt 0.7939453 0.46484375
vt 0.7949219 0.45898438
vt 0.78271484 0.43652344
vt 0.7817383 0.44750977
vt 0.7675781 0.4362793
vt 0.7685547 0.42797852
vt 0.76123047 0.42749023
vt 0.78027344 0.4584961
vt 0.7602539 0.43652344
vt 0.7524414 0.4272461
vt 0.76708984 0.44702148
vt 0.77978516 0.46435547
vt 0.7661133 0.4580078
vt 0.7597656 0.44677734
vt 0.7529297 0.43701172
vt 0.73828125 0.43823242
vt 0.7373047 0.42944336
vt 0.7529297 0.44702148
vt 0.75927734 0.45776367
vt 0.765625 0.4638672
vt 0.76416016 0.47485352
vt 0.72265625 0.44018555
vt 0.7216797 0.43286133
vt 0.73828125 0.44726562
vt 0.7524414 0.45751953
vt 0.75878906 0.46362305
vt 0.7631836 0.4855957
vt 0.7060547 0.4428711
vt 0.7050781 0.43725586
vt 0.6855469 0.44311523
vt 0.7236328 0.44799805
vt 0.73876953 0.45703125
vt 0.7573242 0.47460938
vt 0.7558594 0.48486328
vt 0.7558594 0.4873047
vt 0.7480469 0.48901367
vt 0.75146484 0.4633789
vt 0.7504883 0.4741211
vt 0.74902344 0.48413086
vt 0.73291016 0.48583984
vt 0.73583984 0.47216797
vt 0.73779297 0.4621582
vt 0.7338867 0.4814453
vt 0.71875 0.4765625
vt 0.71777344 0.4802246
vt 0.7211914 0.46899414
vt 0.7236328 0.45629883
vt 0.7026367 0.46972656
vt 0.70166016 0.4724121
vt 0.70458984 0.46411133
vt 0.72265625 0.46069336
vt 0.70654297 0.45507812
vt 0.68408203 0.46069336
vt 0.68359375 0.46240234
vt 0.7060547 0.45825195
vt 0.6850586 0.45776367
vt 0.6738281 0.4555664
vt 0.6738281 0.45654297
vt 0.66308594 0.45043945
vt 0.6743164 0.45410156
vt 0.68603516 0.45458984
vt 0.6748047 0.45239258
vt 0.68652344 0.45288086
vt 0.6748047 0.45166016
vt 0.70654297 0.44873047
vt 0.68652344 0.4494629
vt 0.68603516 0.44628906
vt 0.6748047 0.44677734
vt 0.6748047 0.4482422
vt 0.6748047 0.44995117
vt 0.37329102 0.51171875
vt 0.37524414 0.51660156
vt 0.37402344 0.51171875
vt 0.37280273 0.50634766
vt 0.3713379 0.50683594
vt 0.3708496 0.49658203
vt 0.36791992 0.4970703
vt 0.36938477 0.48754883
vt 0.36523438 0.4880371
vt 0.36865234 0.47875977
vt 0.3635254 0.4794922
vt 0.3684082 0.4741211
vt 0.36206055 0.46777344
vt 0.36816406 0.46728516
vt 0.36157227 0.46118164
vt 0.36791992 0.45996094
vt 0.36132812 0.45361328
vt 0.36767578 0.45336914
vt 0.36694336 0.43945312
vt 0.3605957 0.4399414
vt 0.35986328 0.4260254
vt 0.3659668 0.42626953
vt 0.36499023 0.41210938
vt 0.359375 0.41186523
vt 0.3642578 0.39770508
vt 0.359375 0.39648438
vt 0.3647461 0.38305664
vt 0.35986328 0.3815918
vt 0.36645508 0.36816406
vt 0.36157227 0.36694336
vt 0.3630371 0.35986328
vt 0.36767578 0.36108398
vt 0.36450195 0.35253906
vt 0.36914062 0.3540039
vt 0.37231445 0.33984375
vt 0.36816406 0.3383789
vt 0.37353516 0.3330078
vt 0.37060547 0.33154297
vt 0.37670898 0.31933594
vt 0.37573242 0.31884766
vt 0.38012695 0.3071289
vt 0.7133789 0.27807617
vt 0.72509766 0.26489258
vt 0.7109375 0.2763672
vt 0.70166016 0.29101562
vt 0.6972656 0.2878418
vt 0.68066406 0.31689453
vt 0.6723633 0.3112793
vt 0.65185547 0.33569336
vt 0.6640625 0.34204102
vt 0.6352539 0.36108398
vt 0.6508789 0.36743164
vt 0.63427734 0.4025879
vt 0.64501953 0.38183594
vt 0.61865234 0.39892578
vt 0.6147461 0.42041016
vt 0.6381836 0.4038086
vt 0.6328125 0.42651367
vt 0.7285156 0.38085938
vt 0.7158203 0.3869629
vt 0.71728516 0.39111328
vt 0.73046875 0.38452148
vt 0.7421875 0.37475586
vt 0.7192383 0.3947754
vt 0.7104492 0.3942871
vt 0.74365234 0.37817383
vt 0.7324219 0.3881836
vt 0.7548828 0.37304688
vt 0.75341797 0.36987305
vt 0.7451172 0.3815918
vt 0.765625 0.36791992
vt 0.76464844 0.36499023
vt 0.75634766 0.3762207
vt 0.7470703 0.38500977
vt 0.77685547 0.3630371
vt 0.77783203 0.36547852
vt 0.7758789 0.3605957
vt 0.78759766 0.35839844
vt 0.7871094 0.35668945
vt 0.76708984 0.3708496
vt 0.7578125 0.3791504
vt 0.79833984 0.35375977
vt 0.79833984 0.3527832
vt 0.8095703 0.34960938
vt 0.7988281 0.35473633
vt 0.7993164 0.3557129
vt 0.7885742 0.36010742
vt 0.7895508 0.3618164
vt 0.7685547 0.37353516
vt 0.7788086 0.36767578
vt 0.79052734 0.36328125
vt 0.7998047 0.3564453
vt 0.80908203 0.3486328
vt 0.78027344 0.36987305
vt 0.77001953 0.3762207
vt 0.7597656 0.38232422
vt 0.74902344 0.38842773
vt 0.73583984 0.3955078
vt 0.7338867 0.3918457
vt 0.7241211 0.40307617
vt 0.7211914 0.39868164
vt 0.71484375 0.4020996
vt 0.7128906 0.39819336
vt 0.7084961 0.40551758
vt 0.70654297 0.4013672
vt 0.70410156 0.39770508
vt 0.69628906 0.41235352
vt 0.69433594 0.40820312
vt 0.69189453 0.40429688
vt 0.6904297 0.41552734
vt 0.68847656 0.41137695
vt 0.68603516 0.40722656
vt 0.6772461 0.4177246
vt 0.6796875 0.421875
vt 0.6669922 0.42358398
vt 0.6748047 0.41333008
vt 0.6694336 0.42797852
vt 0.6640625 0.4189453
vt 0.6538086 0.43896484
vt 0.6459961 0.42822266
vt 0.64990234 0.43359375
vt 0.6503906 0.44335938
vt 0.6381836 0.4321289
vt 0.64404297 0.43725586
vt 0.6479492 0.4453125
vt 0.6401367 0.44067383
vt 0.63183594 0.43530273
vt 0.6464844 0.44726562
vt 0.63720703 0.44384766
vt 0.62597656 0.4399414
vt 0.62353516 0.44335938
vt 0.63623047 0.44580078
vt 0.6435547 0.4501953
vt 0.6225586 0.44921875
vt 0.6352539 0.4477539
vt 0.6357422 0.4506836
vt 0.625 0.4555664
vt 0.64208984 0.91259766
vt 0.6557617 0.89404297
vt 0.6557617 0.91259766
vt 0.64208984 0.89404297
vt 0.6269531 0.91259766
vt 0.6557617 0.875
vt 0.6269531 0.89404297
vt 0.60546875 0.91259766
vt 0.60546875 0.89404297
vt 0.64208984 0.875
vt 0.6557617 0.85546875
vt 0.6269531 0.875
vt 0.60546875 0.875
vt 0.64208984 0.85546875
vt 0.6557617 0.8359375
vt 0.6269531 0.85546875
vt 0.60546875 0.85546875
vt 0.64208984 0.8359375
vt 0.6557617 0.81689453
vt 0.6269531 0.8359375
vt 0.60546875 0.8359375
vt 0.64208984 0.81689453
vt 0.6557617 0.79833984
vt 0.6269531 0.81689453
vt 0.60546875 0.81689453
vt 0.64208984 0.79833984
vt 0.6557617 0.77978516
vt 0.6269531 0.79833984
vt 0.60546875 0.79833984
vt 0.64208984 0.77978516
vt 0.6557617 0.7607422
vt 0.6269531 0.77978516
vt 0.60546875 0.77978516
vt 0.64208984 0.7607422
vt 0.6557617 0.74121094
vt 0.6269531 0.7607422
vt 0.60546875 0.7607422
vt 0.64208984 0.74121094
vt 0.6557617 0.7216797
vt 0.6269531 0.74121094
vt 0.60546875 0.74121094
vt 0.64208984 0.7216797
vt 0.6557617 0.7026367
vt 0.6269531 0.7216797
vt 0.60546875 0.7216797
vt 0.64208984 0.7026367
vt 0.6557617 0.68408203
vt 0.64208984 0.68408203
vt 0.6269531 0.7026367
vt 0.60546875 0.7026367
vt 0.6269531 0.68408203
vt 0.60546875 0.68408203
vt 0.94140625 0.9008789
vt 0.93847656 0.9033203
vt 0.9355469 0.89501953
vt 0.9394531 0.8930664
vt 0.9453125 0.89941406
vt 0.9448242 0.8925781
vt 0.93359375 0.8876953
vt 0.94384766 0.88623047
vt 0.93847656 0.88671875
vt 0.9428711 0.8803711
vt 0.93359375 0.8808594
vt 0.9379883 0.8808594
vt 0.94189453 0.8696289
vt 0.9375 0.8696289
vt 0.93359375 0.8696289
vt 0.9375 0.86035156
vt 0.94189453 0.86035156
vt 0.93359375 0.86035156
vt 0.9379883 0.8510742
vt 0.94189453 0.8510742
vt 0.93408203 0.8510742
vt 0.94140625 0.8310547
vt 0.9375 0.8310547
vt 0.93408203 0.8310547
vt 0.93408203 0.8203125
vt 0.9375 0.8198242
vt 0.94140625 0.8198242
vt 0.93408203 0.80859375
vt 0.9375 0.80859375
vt 0.94091797 0.80859375
vt 0.93408203 0.8022461
vt 0.9316406 0.80859375
vt 0.93115234 0.8022461
vt 0.93115234 0.7919922
vt 0.9375 0.8022461
vt 0.94140625 0.8022461
vt 0.9345703 0.79248047
vt 0.94091797 0.7919922
vt 0.9448242 0.8022461
vt 0.94433594 0.79248047
vt 0.9375 0.79248047
vt 0.94140625 0.78125
vt 0.94433594 0.78125
vt 0.9448242 0.76953125
vt 0.9345703 0.78125
vt 0.9316406 0.7807617
vt 0.9316406 0.76953125
vt 0.9379883 0.78125
vt 0.94140625 0.76953125
vt 0.9448242 0.7583008
vt 0.9350586 0.77001953
vt 0.9321289 0.7583008
vt 0.94140625 0.7583008
vt 0.9453125 0.74658203
vt 0.9379883 0.77001953
vt 0.9350586 0.7583008
vt 0.9321289 0.74658203
vt 0.93847656 0.7583008
vt 0.94189453 0.74658203
vt 0.9453125 0.7348633
vt 0.9355469 0.74658203
vt 0.9326172 0.7348633
vt 0.93847656 0.74658203
vt 0.94189453 0.7348633
vt 0.93896484 0.7348633
vt 0.9423828 0.7236328
vt 0.9453125 0.7236328
vt 0.9453125 0.7128906
vt 0.9355469 0.7348633
vt 0.93603516 0.7236328
vt 0.93310547 0.7236328
vt 0.93896484 0.7236328
vt 0.93652344 0.7128906
vt 0.93359375 0.71240234
vt 0.9423828 0.7128906
vt 0.93652344 0.70214844
vt 0.93359375 0.70214844
vt 0.93408203 0.6923828
vt 0.9394531 0.7128906
vt 0.9423828 0.70214844
vt 0.9453125 0.70214844
vt 0.9453125 0.6923828
vt 0.9394531 0.70214844
vt 0.9370117 0.6923828
vt 0.9423828 0.6923828
vt 0.9423828 0.68310547
vt 0.9453125 0.6826172
vt 0.9448242 0.6738281
vt 0.9399414 0.6923828
vt 0.9375 0.68310547
vt 0.9350586 0.6826172
vt 0.9399414 0.68310547
vt 0.9379883 0.6738281
vt 0.93603516 0.6738281
vt 0.9423828 0.6738281
vt 0.94384766 0.66552734
vt 0.9404297 0.6738281
vt 0.93896484 0.66552734
vt 0.9370117 0.66503906
vt 0.9423828 0.66552734
vt 0.9394531 0.6567383
vt 0.93847656 0.6567383
vt 0.9404297 0.66552734
vt 0.94189453 0.6567383
vt 0.9428711 0.6567383
vt 0.94140625 0.64697266
vt 0.9404297 0.64697266
vt 0.9399414 0.64697266
vt 0.9404297 0.6567383
vt 0.94091797 0.64697266
vt 0.94091797 0.64160156
vt 0.94091797 0.64160156
vt 0.94091797 0.64697266
vt 0.94091797 0.64160156
vt 0.94091797 0.64160156
vt 0.94091797 0.64160156
vt 0.89697266 0.44458008
vt 0.89746094 0.4477539
vt 0.9111328 0.44799805
vt 0.9111328 0.44433594
vt 0.9248047 0.44384766
vt 0.9243164 0.4489746
vt 0.9477539 0.45141602
vt 0.9116211 0.43847656
vt 0.9248047 0.43774414
vt 0.9482422 0.44335938
vt 0.94873047 0.43676758
vt 0.9589844 0.44921875
vt 0.9584961 0.45239258
vt 0.96972656 0.45239258
vt 0.96972656 0.4482422
vt 0.9824219 0.44970703
vt 0.9589844 0.4428711
vt 0.98046875 0.44482422
vt 0.98828125 0.44482422
vt 0.9589844 0.43652344
vt 0.96875 0.44189453
vt 0.98583984 0.4411621
vt 0.9916992 0.43725586
vt 0.96777344 0.43579102
vt 0.97753906 0.43847656
vt 0.9902344 0.43530273
vt 0.9941406 0.4284668
vt 0.9746094 0.43286133
vt 0.9814453 0.43530273
vt 0.9848633 0.4309082
vt 0.98876953 0.42504883
vt 0.97753906 0.43017578
vt 0.9794922 0.42700195
vt 0.9824219 0.421875
vt 0.97558594 0.41796875
vt 0.9736328 0.42260742
vt 0.9711914 0.42651367
vt 0.9658203 0.42749023
vt 0.9580078 0.42773438
vt 0.94873047 0.4267578
vt 0.92529297 0.42651367
vt 0.9121094 0.4267578
vt 0.8979492 0.42773438
vt 0.89746094 0.43920898
vt 0.890625 0.42822266
vt 0.8901367 0.43969727
vt 0.87597656 0.42993164
vt 0.88964844 0.44604492
vt 0.8754883 0.4411621
vt 0.86865234 0.4309082
vt 0.87402344 0.44970703
vt 0.88916016 0.44995117
vt 0.8676758 0.4416504
vt 0.86083984 0.43188477
vt 0.8598633 0.4416504
vt 0.86621094 0.44995117
vt 0.84375 0.4411621
vt 0.84521484 0.4326172
vt 0.85839844 0.4501953
vt 0.828125 0.43969727
vt 0.82958984 0.4321289
vt 0.84228516 0.44995117
vt 0.8125 0.43823242
vt 0.81396484 0.43066406
vt 0.82666016 0.4494629
vt 0.7973633 0.43701172
vt 0.7988281 0.4296875
vt 0.7836914 0.42871094
vt 0.81152344 0.44873047
vt 0.8642578 0.46264648
vt 0.85595703 0.46240234
vt 0.85498047 0.46850586
vt 0.84033203 0.46142578
vt 0.82470703 0.46044922
vt 0.8720703 0.46264648
vt 0.8876953 0.46289062
vt 0.8720703 0.46484375
vt 0.8642578 0.4650879
vt 0.8588867 0.47094727
vt 0.8876953 0.46435547
vt 0.89501953 0.46264648
vt 0.8964844 0.4506836
vt 0.89501953 0.46411133
vt 0.90966797 0.46240234
vt 0.91015625 0.45263672
vt 0.9091797 0.46411133
vt 0.92285156 0.46191406
vt 0.92285156 0.4543457
vt 0.9223633 0.46435547
vt 0.9453125 0.46044922
vt 0.94628906 0.4567871
vt 0.94433594 0.4650879
vt 0.95703125 0.45776367
vt 0.9560547 0.46020508
vt 0.9536133 0.46533203
vt 0.96777344 0.45922852
vt 0.9658203 0.4609375
vt 0.9614258 0.46606445
vt 0.9741211 0.46533203
vt 0.9790039 0.4645996
vt 0.9692383 0.46801758
vt 0.97753906 0.46948242
vt 0.9824219 0.4699707
vt 0.97314453 0.47021484
vt 0.97802734 0.47485352
vt 0.98291016 0.4765625
vt 0.9790039 0.48217773
vt 0.9838867 0.48339844
vt 0.9707031 0.62597656
vt 0.98779297 0.62353516
vt 0.9873047 0.62890625
vt 0.9707031 0.6279297
vt 0.96191406 0.6171875
vt 0.95654297 0.6196289
vt 0.97021484 0.62939453
vt 0.95214844 0.6225586
vt 0.95166016 0.62890625
vt 0.97021484 0.63134766
vt 0.98779297 0.6323242
vt 0.9873047 0.63671875
vt 0.96972656 0.63720703
vt 0.95214844 0.63720703
vt 0.9873047 0.64404297
vt 0.97021484 0.6455078
vt 0.95458984 0.6479492
vt 0.9604492 0.6738281
vt 0.9736328 0.67089844
vt 0.9868164 0.66845703
vt 0.9873047 0.68408203
vt 0.97509766 0.68603516
vt 0.9628906 0.68896484
vt 0.9873047 0.7006836
vt 0.9770508 0.70214844
vt 0.96484375 0.7050781
vt 0.98779297 0.70947266
vt 0.97753906 0.7109375
vt 0.9658203 0.7138672
vt 0.98779297 0.72802734
vt 0.9785156 0.7285156
vt 0.9667969 0.73046875
vt 0.9873047 0.7373047
vt 0.9785156 0.73779297
vt 0.9667969 0.7397461
vt 0.9868164 0.74609375
vt 0.97802734 0.74658203
vt 0.9663086 0.74853516
vt 0.9848633 0.76416016
vt 0.9765625 0.76464844
vt 0.96484375 0.76660156
vt 0.9824219 0.78271484
vt 0.9741211 0.7836914
vt 0.9628906 0.78466797
vt 0.9794922 0.8017578
vt 0.9711914 0.8022461
vt 0.9609375 0.8027344
vt 0.96875 0.8198242
vt 0.97802734 0.81933594
vt 0.9589844 0.8208008
vt 0.9760742 0.8364258
vt 0.96728516 0.83740234
vt 0.9580078 0.8378906
vt 0.97509766 0.85302734
vt 0.9667969 0.8544922
vt 0.9580078 0.85498047
vt 0.9746094 0.8623047
vt 0.9667969 0.86279297
vt 0.9589844 0.86376953
vt 0.9746094 0.87060547
vt 0.96728516 0.87109375
vt 0.95996094 0.8720703
vt 0.97558594 0.8852539
vt 0.9692383 0.88623047
vt 0.9628906 0.88720703
vt 0.9765625 0.8959961
vt 0.9711914 0.89697266
vt 0.9741211 0.9082031
vt 0.9663086 0.8984375
vt 0.97753906 0.90771484
vt 0.9707031 0.90966797
vt 0.9794922 0.92041016
vt 0.97558594 0.9213867
vt 0.97753906 0.92089844
vt 0.98046875 0.9267578
vt 0.9785156 0.9272461
vt 0.9794922 0.9272461
vt 0.9814453 0.93359375
vt 0.94140625 0.48901367
vt 0.9404297 0.4909668
vt 0.94677734 0.49194336
vt 0.9189453 0.4897461
vt 0.9213867 0.48291016
vt 0.9086914 0.4807129
vt 0.9057617 0.4873047
vt 0.89501953 0.47875977
vt 0.8911133 0.48510742
vt 0.8876953 0.47705078
vt 0.88378906 0.48388672
vt 0.8725586 0.4736328
vt 0.86865234 0.4819336
vt 0.86083984 0.4807129
vt 0.8652344 0.4716797
vt 0.85302734 0.47973633
vt 0.83935547 0.46704102
vt 0.83740234 0.47827148
vt 0.83740234 0.4807129
vt 0.82373047 0.46606445
vt 0.8222656 0.47705078
vt 0.82177734 0.4819336
vt 0.8095703 0.4597168
vt 0.80859375 0.46533203
vt 0.8076172 0.47631836
vt 0.8066406 0.48291016
vt 0.7963867 0.44799805
vt 0.7949219 0.45898438
vt 0.79296875 0.47583008
vt 0.7915039 0.48461914
vt 0.7783203 0.4753418
vt 0.77783203 0.48510742
vt 0.7626953 0.48657227
vt 0.7939453 0.46484375
vt 0.78271484 0.43652344
vt 0.7817383 0.44750977
vt 0.7675781 0.4362793
vt 0.7685547 0.42797852
vt 0.76123047 0.42749023
vt 0.78027344 0.4584961
vt 0.7602539 0.43652344
vt 0.7524414 0.4272461
vt 0.76708984 0.44702148
vt 0.77978516 0.46435547
vt 0.7661133 0.4580078
vt 0.7597656 0.44677734
vt 0.7529297 0.43701172
vt 0.73828125 0.43823242
vt 0.7373047 0.42944336
vt 0.7529297 0.44702148
vt 0.75927734 0.45776367
vt 0.765625 0.4638672
vt 0.76416016 0.47485352
vt 0.72265625 0.44018555
vt 0.7216797 0.43286133
vt 0.73828125 0.44726562
vt 0.7524414 0.45751953
vt 0.75878906 0.46362305
vt 0.7631836 0.4855957
vt 0.7060547 0.4428711
vt 0.7050781 0.43725586
vt 0.6855469 0.44311523
vt 0.7236328 0.44799805
vt 0.73876953 0.45703125
vt 0.7573242 0.47460938
vt 0.7558594 0.48486328
vt 0.7558594 0.4873047
vt 0.7480469 0.48901367
vt 0.75146484 0.4633789
vt 0.7504883 0.4741211
vt 0.74902344 0.48413086
vt 0.73291016 0.48583984
vt 0.73583984 0.47216797
vt 0.73779297 0.4621582
vt 0.7338867 0.4814453
vt 0.71875 0.4765625
vt 0.71777344 0.4802246
vt 0.7211914 0.46899414
vt 0.7236328 0.45629883
vt 0.7026367 0.46972656
vt 0.70166016 0.4724121
vt 0.70458984 0.46411133
vt 0.72265625 0.46069336
vt 0.70654297 0.45507812
vt 0.68408203 0.46069336
vt 0.68359375 0.46240234
vt 0.7060547 0.45825195
vt 0.6850586 0.45776367
vt 0.6738281 0.4555664
vt 0.6738281 0.45654297
vt 0.66308594 0.45043945
vt 0.6743164 0.45410156
vt 0.68603516 0.45458984
vt 0.6748047 0.45239258
vt 0.68652344 0.45288086
vt 0.6748047 0.45166016
vt 0.70654297 0.44873047
vt 0.68652344 0.4494629
vt 0.68603516 0.44628906
vt 0.6748047 0.44677734
vt 0.6748047 0.4482422
vt 0.6748047 0.44995117
vt 0.37329102 0.51171875
vt 0.37402344 0.51171875
vt 0.37524414 0.51660156
vt 0.37280273 0.50634766
vt 0.3713379 0.50683594
vt 0.3708496 0.49658203
vt 0.36791992 0.4970703
vt 0.36938477 0.48754883
vt 0.36523438 0.4880371
vt 0.36865234 0.47875977
vt 0.3635254 0.4794922
vt 0.3684082 0.4741211
vt 0.36206055 0.46777344
vt 0.36816406 0.46728516
vt 0.36157227 0.46118164
vt 0.36791992 0.45996094
vt 0.36132812 0.45361328
vt 0.36767578 0.45336914
vt 0.36694336 0.43945312
vt 0.3605957 0.4399414
vt 0.35986328 0.4260254
vt 0.3659668 0.42626953
vt 0.36499023 0.41210938
vt 0.359375 0.41186523
vt 0.3642578 0.39770508
vt 0.359375 0.39648438
vt 0.3647461 0.38305664
vt 0.35986328 0.3815918
vt 0.36645508 0.36816406
vt 0.36157227 0.36694336
vt 0.3630371 0.35986328
vt 0.36767578 0.36108398
vt 0.36450195 0.35253906
vt 0.36914062 0.3540039
vt 0.37231445 0.33984375
vt 0.36816406 0.3383789
vt 0.37353516 0.3330078
vt 0.37060547 0.33154297
vt 0.37670898 0.31933594
vt 0.37573242 0.31884766
vt 0.38012695 0.3071289
vt 0.7133789 0.27807617
vt 0.7109375 0.2763672
vt 0.72509766 0.26489258
vt 0.70166016 0.29101562
vt 0.6972656 0.2878418
vt 0.68066406 0.31689453
vt 0.6723633 0.3112793
vt 0.65185547 0.33569336
vt 0.6640625 0.34204102
vt 0.6352539 0.36108398
vt 0.6508789 0.36743164
vt 0.63427734 0.4025879
vt 0.64501953 0.38183594
vt 0.61865234 0.39892578
vt 0.6147461 0.42041016
vt 0.6381836 0.4038086
vt 0.6328125 0.42651367
vt 0.7285156 0.38085938
vt 0.71728516 0.39111328
vt 0.7158203 0.3869629
vt 0.73046875 0.38452148
vt 0.7421875 0.37475586
vt 0.7192383 0.3947754
vt 0.7104492 0.3942871
vt 0.74365234 0.37817383
vt 0.7324219 0.3881836
vt 0.7548828 0.37304688
vt 0.75341797 0.36987305
vt 0.7451172 0.3815918
vt 0.765625 0.36791992
vt 0.76464844 0.36499023
vt 0.75634766 0.3762207
vt 0.7470703 0.38500977
vt 0.77685547 0.3630371
vt 0.77783203 0.36547852
vt 0.7758789 0.3605957
vt 0.78759766 0.35839844
vt 0.7871094 0.35668945
vt 0.76708984 0.3708496
vt 0.7578125 0.3791504
vt 0.79833984 0.35375977
vt 0.79833984 0.3527832
vt 0.8095703 0.34960938
vt 0.7988281 0.35473633
vt 0.7993164 0.3557129
vt 0.7885742 0.36010742
vt 0.7895508 0.3618164
vt 0.7685547 0.37353516
vt 0.7788086 0.36767578
vt 0.79052734 0.36328125
vt 0.7998047 0.3564453
vt 0.80908203 0.3486328
vt 0.78027344 0.36987305
vt 0.77001953 0.3762207
vt 0.7597656 0.38232422
vt 0.74902344 0.38842773
vt 0.73583984 0.3955078
vt 0.7338867 0.3918457
vt 0.7241211 0.40307617
vt 0.7211914 0.39868164
vt 0.71484375 0.4020996
vt 0.7128906 0.39819336
vt 0.7084961 0.40551758
vt 0.70654297 0.4013672
vt 0.70410156 0.39770508
vt 0.69628906 0.41235352
vt 0.69433594 0.40820312
vt 0.69189453 0.40429688
vt 0.6904297 0.41552734
vt 0.68847656 0.41137695
vt 0.68603516 0.40722656
vt 0.6772461 0.4177246
vt 0.6796875 0.421875
vt 0.6669922 0.42358398
vt 0.6748047 0.41333008
vt 0.6694336 0.42797852
vt 0.6640625 0.4189453
vt 0.6538086 0.43896484
vt 0.6459961 0.42822266
vt 0.64990234 0.43359375
vt 0.6503906 0.44335938
vt 0.6381836 0.4321289
vt 0.64404297 0.43725586
vt 0.6479492 0.4453125
vt 0.6401367 0.44067383
vt 0.63183594 0.43530273
vt 0.6464844 0.44726562
vt 0.63720703 0.44384766
vt 0.62597656 0.4399414
vt 0.62353516 0.44335938
vt 0.63623047 0.44580078
vt 0.6435547 0.4501953
vt 0.6225586 0.44921875
vt 0.6352539 0.4477539
vt 0.6357422 0.4506836
vt 0.625 0.4555664
vt 0.47705078 0.45239258
vt 0.45361328 0.46606445
vt 0.46533203 0.47265625
vt 0.4650879 0.44580078
vt 0.43603516 0.453125
vt 0.47460938 0.4255371
vt 0.48779297 0.43115234
vt 0.44848633 0.43603516
vt 0.42822266 0.42163086
vt 0.4169922 0.43310547
vt 0.40771484 0.41870117
vt 0.48291016 0.40234375
vt 0.49731445 0.40478516
vt 0.5019531 0.3786621
vt 0.4572754 0.41845703
vt 0.48706055 0.37817383
vt 0.5019531 0.34570312
vt 0.46313477 0.3996582
vt 0.41625977 0.41088867
vt 0.40014648 0.4008789
vt 0.43579102 0.40893555
vt 0.40454102 0.39819336
vt 0.39648438 0.38842773
vt 0.421875 0.40185547
vt 0.4074707 0.3942871
vt 0.4243164 0.39257812
vt 0.43969727 0.39526367
vt 0.46435547 0.37841797
vt 0.40893555 0.38989258
vt 0.4086914 0.3852539
vt 0.42333984 0.38208008
vt 0.43945312 0.3798828
vt 0.46020508 0.35791016
vt 0.41992188 0.37304688
vt 0.40698242 0.38085938
vt 0.40356445 0.37768555
vt 0.39892578 0.37573242
vt 0.39819336 0.3635254
vt 0.41333008 0.36499023
vt 0.39819336 0.3479004
vt 0.43554688 0.36621094
vt 0.42578125 0.3515625
vt 0.4165039 0.33862305
vt 0.45483398 0.34570312
vt 0.48461914 0.33325195
vt 0.48657227 0.34887695
vt 0.5 0.33154297
vt 0.49926758 0.32470703
vt 0.44799805 0.33496094
vt 0.48364258 0.3232422
vt 0.4987793 0.3215332
vt 0.48413086 0.31860352
vt 0.5 0.3125
vt 0.47338867 0.3227539
vt 0.46240234 0.3269043
vt 0.45410156 0.33081055
vt 0.44384766 0.3293457
vt 0.4501953 0.32592773
vt 0.43701172 0.32470703
vt 0.4165039 0.33862305
vt 0.43701172 0.32470703
vt 0.4465332 0.32104492
vt 0.4465332 0.32104492
vt 0.4572754 0.31762695
vt 0.4572754 0.31762695
vt 0.45629883 0.32299805
vt 0.4609375 0.3232422
vt 0.45776367 0.3215332
vt 0.47094727 0.31884766
vt 0.46972656 0.31469727
vt 0.46972656 0.31469727
vt 0.47998047 0.31274414
vt 0.47998047 0.31274414
vt 0.48950195 0.31152344
vt 0.4807129 0.3149414
vt 0.48950195 0.31152344
vt 0.48413086 0.31860352
vt 0.5 0.3125
vt 0.48413086 0.31860352
vt 0.48413086 0.31860352
vt 0.48950195 0.31152344
vt 0.48950195 0.31152344
vt 0.47998047 0.31274414
vt 0.47998047 0.31274414
vt 0.4807129 0.3149414
vt 0.46972656 0.31469727
vt 0.46972656 0.31469727
vt 0.4572754 0.31762695
vt 0.4572754 0.31762695
vt 0.47094727 0.31884766
vt 0.47338867 0.3227539
vt 0.4465332 0.32104492
vt 0.4465332 0.32104492
vt 0.43701172 0.32470703
vt 0.43701172 0.32470703
vt 0.4165039 0.33862305
vt 0.4165039 0.33862305
vt 0.44384766 0.3293457
vt 0.4501953 0.32592773
vt 0.44799805 0.33496094
vt 0.42578125 0.3515625
vt 0.39819336 0.3479004
vt 0.41333008 0.36499023
vt 0.39819336 0.3635254
vt 0.40356445 0.37768555
vt 0.39892578 0.37573242
vt 0.39648438 0.38842773
vt 0.45410156 0.33081055
vt 0.45483398 0.34570312
vt 0.43554688 0.36621094
vt 0.41992188 0.37304688
vt 0.45629883 0.32299805
vt 0.40698242 0.38085938
vt 0.4086914 0.3852539
vt 0.45776367 0.3215332
vt 0.4609375 0.3232422
vt 0.46240234 0.3269043
vt 0.48461914 0.33325195
vt 0.46020508 0.35791016
vt 0.43945312 0.3798828
vt 0.42333984 0.38208008
vt 0.48364258 0.3232422
vt 0.4987793 0.3215332
vt 0.5 0.3125
vt 0.49926758 0.32470703
vt 0.5 0.33154297
vt 0.5019531 0.34570312
vt 0.48657227 0.34887695
vt 0.48706055 0.37817383
vt 0.5019531 0.3786621
vt 0.46435547 0.37841797
vt 0.43969727 0.39526367
vt 0.48291016 0.40234375
vt 0.49731445 0.40478516
vt 0.48779297 0.43115234
vt 0.46313477 0.3996582
vt 0.47460938 0.4255371
vt 0.47705078 0.45239258
vt 0.4243164 0.39257812
vt 0.43579102 0.40893555
vt 0.4572754 0.41845703
vt 0.42822266 0.42163086
vt 0.44848633 0.43603516
vt 0.4650879 0.44580078
vt 0.45361328 0.46606445
vt 0.46533203 0.47265625
vt 0.43603516 0.453125
vt 0.4169922 0.43310547
vt 0.40771484 0.41870117
vt 0.421875 0.40185547
vt 0.41625977 0.41088867
vt 0.40014648 0.4008789
vt 0.40454102 0.39819336
vt 0.4074707 0.3942871
vt 0.40893555 0.38989258
vt 0.6113281 0.46704102
vt 0.59277344 0.4572754
vt 0.59521484 0.47094727
vt 0.6088867 0.45336914
vt 0.58984375 0.42993164
vt 0.6044922 0.42626953
vt 0.58740234 0.38867188
vt 0.6010742 0.39404297
vt 0.60009766 0.36254883
vt 0.58935547 0.36401367
vt 0.6074219 0.3317871
vt 0.5961914 0.32250977
vt 0.6113281 0.3137207
vt 0.5942383 0.31103516
vt 0.5942383 0.31103516
vt 0.6113281 0.3137207
vt 0.5600586 0.46899414
vt 0.5854492 0.46728516
vt 0.58496094 0.45385742
vt 0.5605469 0.4560547
vt 0.5371094 0.45654297
vt 0.53564453 0.46899414
vt 0.56152344 0.43481445
vt 0.58203125 0.43310547
vt 0.5761719 0.40771484
vt 0.54052734 0.4333496
vt 0.5126953 0.45336914
vt 0.5102539 0.46679688
vt 0.56152344 0.41015625
vt 0.49267578 0.4494629
vt 0.48999023 0.4638672
vt 0.5209961 0.42895508
vt 0.5004883 0.421875
vt 0.5136719 0.39013672
vt 0.5605469 0.3947754
vt 0.57128906 0.39282227
vt 0.54589844 0.4086914
vt 0.53271484 0.40454102
vt 0.55029297 0.39282227
vt 0.5595703 0.3779297
vt 0.56396484 0.37646484
vt 0.55859375 0.36572266
vt 0.5546875 0.3774414
vt 0.54248047 0.38842773
vt 0.53515625 0.37963867
vt 0.52685547 0.36035156
vt 0.55078125 0.37548828
vt 0.5385742 0.36206055
vt 0.54296875 0.33154297
vt 0.55126953 0.34326172
vt 0.5566406 0.35351562
vt 0.54785156 0.37182617
vt 0.55078125 0.36376953
vt 0.6113281 0.46704102
vt 0.59521484 0.47094727
vt 0.59277344 0.4572754
vt 0.6088867 0.45336914
vt 0.58984375 0.42993164
vt 0.6044922 0.42626953
vt 0.58740234 0.38867188
vt 0.6010742 0.39404297
vt 0.60009766 0.36254883
vt 0.58935547 0.36401367
vt 0.6035156 0.34716797
vt 0.59277344 0.34301758
vt 0.6074219 0.3317871
vt 0.5961914 0.32250977
vt 0.6113281 0.3137207
vt 0.5942383 0.31103516
vt 0.6113281 0.3137207
vt 0.5942383 0.31103516
vt 0.5600586 0.46899414
vt 0.58496094 0.45385742
vt 0.5854492 0.46728516
vt 0.5605469 0.4560547
vt 0.5371094 0.45654297
vt 0.53564453 0.46899414
vt 0.56152344 0.43481445
vt 0.58203125 0.43310547
vt 0.5761719 0.40771484
vt 0.5126953 0.45336914
vt 0.5102539 0.46679688
vt 0.54052734 0.4333496
vt 0.56152344 0.41015625
vt 0.49267578 0.4494629
vt 0.48999023 0.4638672
vt 0.5209961 0.42895508
vt 0.5004883 0.421875
vt 0.5136719 0.39013672
vt 0.5605469 0.3947754
vt 0.57128906 0.39282227
vt 0.54589844 0.4086914
vt 0.53271484 0.40454102
vt 0.55029297 0.39282227
vt 0.5595703 0.3779297
vt 0.56396484 0.37646484
vt 0.55859375 0.36572266
vt 0.5546875 0.3774414
vt 0.54248047 0.38842773
vt 0.53515625 0.37963867
vt 0.52685547 0.36035156
vt 0.55078125 0.37548828
vt 0.5385742 0.36206055
vt 0.53515625 0.34570312
vt 0.54785156 0.37182617
vt 0.55078125 0.36376953
vt 0.5527344 0.3605957
vt 0.5566406 0.35351562
vt 0.5444336 0.35327148
vt 0.54296875 0.33154297
vt 0.55126953 0.34326172
vt 0.35498047 0.59277344
vt 0.35546875 0.5761719
vt 0.34838867 0.57714844
vt 0.35888672 0.59228516
vt 0.35913086 0.6118164
vt 0.37060547 0.5756836
vt 0.37426758 0.59277344
vt 0.3630371 0.6113281
vt 0.37719727 0.61376953
vt 0.3828125 0.6459961
vt 0.3894043 0.6166992
vt 0.40039062 0.6191406
vt 0.38916016 0.59277344
vt 0.40429688 0.59277344
vt 0.40405273 0.57373047
vt 0.3864746 0.5751953
vt 0.38500977 0.56103516
vt 0.40283203 0.55908203
vt 0.40063477 0.5410156
vt 0.36889648 0.5620117
vt 0.3540039 0.56396484
vt 0.3527832 0.5488281
vt 0.3425293 0.5644531
vt 0.33544922 0.5488281
vt 0.33544922 0.5371094
vt 0.3684082 0.5444336
vt 0.36621094 0.5449219
vt 0.35229492 0.5390625
vt 0.3840332 0.54345703
vt 0.3720703 0.53564453
vt 0.3684082 0.5444336
vt 0.3720703 0.53564453
vt 0.38476562 0.5361328
vt 0.37597656 0.52734375
vt 0.37597656 0.52734375
vt 0.3798828 0.5209961
vt 0.3798828 0.5209961
vt 0.3864746 0.5292969
vt 0.39916992 0.53515625
vt 0.38476562 0.51464844
vt 0.38476562 0.51464844
vt 0.39916992 0.53515625
vt 0.40063477 0.5410156
vt 0.3984375 0.5292969
vt 0.3984375 0.5292969
vt 0.3984375 0.5239258
vt 0.38842773 0.5229492
vt 0.3984375 0.5239258
vt 0.39892578 0.5180664
vt 0.38964844 0.5097656
vt 0.38964844 0.5097656
vt 0.39111328 0.51660156
vt 0.39892578 0.5180664
vt 0.39990234 0.51220703
vt 0.39575195 0.50439453
vt 0.39575195 0.50439453
vt 0.40429688 0.49804688
vt 0.39404297 0.51123047
vt 0.39990234 0.51220703
vt 0.4013672 0.5058594
vt 0.39794922 0.5053711
vt 0.4013672 0.5058594
vt 0.40429688 0.49804688
vt 0.32836914 0.52001953
vt 0.3166504 0.48876953
vt 0.30786133 0.4946289
vt 0.3173828 0.5239258
vt 0.3347168 0.5463867
vt 0.30541992 0.52783203
vt 0.29101562 0.53222656
vt 0.31933594 0.54785156
vt 0.33520508 0.5727539
vt 0.3046875 0.5488281
vt 0.3173828 0.57177734
vt 0.3322754 0.5996094
vt 0.2902832 0.55078125
vt 0.28393555 0.5551758
vt 0.30200195 0.57177734
vt 0.28759766 0.57128906
vt 0.2685547 0.5908203
vt 0.30004883 0.5957031
vt 0.3154297 0.5966797
vt 0.28637695 0.5917969
vt 0.28564453 0.6015625
vt 0.2680664 0.60302734
vt 0.33007812 0.6113281
vt 0.3322754 0.5996094
vt 0.33007812 0.6113281
vt 0.3178711 0.61083984
vt 0.33032227 0.6225586
vt 0.33032227 0.6225586
vt 0.32250977 0.62353516
vt 0.33251953 0.6347656
vt 0.33251953 0.6347656
vt 0.33520508 0.6430664
vt 0.32885742 0.6352539
vt 0.3269043 0.63623047
vt 0.31591797 0.62597656
vt 0.3269043 0.63623047
vt 0.33520508 0.6430664
vt 0.31591797 0.62597656
vt 0.3071289 0.61279297
vt 0.3071289 0.61279297
vt 0.30004883 0.5957031
vt 0.29858398 0.60595703
vt 0.29858398 0.60595703
vt 0.2854004 0.6118164
vt 0.29614258 0.6152344
vt 0.29614258 0.6152344
vt 0.2932129 0.6274414
vt 0.2932129 0.6274414
vt 0.28515625 0.6245117
vt 0.27026367 0.61572266
vt 0.2902832 0.63964844
vt 0.2902832 0.63964844
vt 0.28710938 0.6538086
vt 0.2854004 0.6381836
vt 0.27026367 0.61572266
vt 0.2680664 0.60302734
vt 0.27368164 0.62841797
vt 0.27368164 0.62841797
vt 0.2788086 0.6411133
vt 0.2788086 0.6411133
vt 0.41186523 0.36914062
vt 0.4165039 0.33862305
vt 0.42578125 0.3515625
vt 0.515625 0.33935547
vt 0.41210938 0.3852539
vt 0.44726562 0.3774414
vt 0.5019531 0.34570312
vt 0.5019531 0.3786621
vt 0.48706055 0.37817383
vt 0.48657227 0.34887695
vt 0.48461914 0.33325195
vt 0.5 0.33154297
vt 0.49926758 0.32470703
vt 0.46020508 0.35791016
vt 0.46435547 0.37841797
vt 0.48364258 0.3232422
vt 0.4987793 0.3215332
vt 0.48413086 0.31860352
vt 0.5 0.3125
vt 0.47338867 0.3227539
vt 0.43847656 0.37646484
vt 0.43945312 0.3798828
vt 0.41210938 0.3852539
vt 0.41186523 0.36914062
vt 0.43896484 0.36254883
vt 0.42578125 0.3515625
vt 0.45483398 0.34570312
vt 0.4807129 0.3149414
vt 0.48950195 0.31152344
vt 0.47998047 0.31274414
vt 0.47094727 0.31884766
vt 0.46972656 0.31469727
vt 0.4572754 0.31762695
vt 0.46240234 0.3269043
vt 0.44799805 0.33496094
vt 0.4165039 0.33862305
vt 0.4609375 0.3232422
vt 0.45410156 0.33081055
vt 0.44384766 0.3293457
vt 0.43701172 0.32470703
vt 0.4465332 0.32104492
vt 0.4501953 0.32592773
vt 0.45629883 0.32299805
vt 0.45776367 0.3215332
vt 0.59472656 0.33325195
vt 0.5942383 0.31103516
vt 0.6113281 0.3137207
vt 0.6098633 0.3317871
vt 0.6142578 0.35717773
vt 0.60253906 0.36083984
vt 0.58935547 0.36401367
vt 0.6064453 0.36254883
vt 0.6035156 0.34716797
vt 0.59228516 0.34570312
vt 0.6074219 0.3317871
vt 0.59472656 0.33374023
vt 0.5961914 0.32250977
vt 0.6113281 0.3137207
vt 0.5942383 0.31103516
vt 0.53515625 0.34570312
vt 0.53564453 0.36157227
vt 0.5541992 0.36450195
vt 0.5551758 0.3527832
vt 0.55126953 0.34326172
vt 0.54296875 0.33154297
vt 0.43945312 0.3798828
vt 0.4140625 0.37548828
vt 0.4074707 0.38623047
vt 0.43554688 0.36621094
vt 0.41333008 0.36499023
vt 0.46020508 0.35791016
vt 0.46435547 0.37841797
vt 0.48706055 0.37817383
vt 0.42578125 0.3515625
vt 0.45483398 0.34570312
vt 0.48461914 0.33325195
vt 0.48657227 0.34887695
vt 0.5019531 0.34570312
vt 0.5019531 0.3786621
vt 0.5 0.33154297
vt 0.49926758 0.32470703
vt 0.48364258 0.3232422
vt 0.4987793 0.3215332
vt 0.48413086 0.31860352
vt 0.5 0.3125
vt 0.47338867 0.3227539
vt 0.46240234 0.3269043
vt 0.4807129 0.3149414
vt 0.48950195 0.31152344
vt 0.47998047 0.31274414
vt 0.47094727 0.31884766
vt 0.46972656 0.31469727
vt 0.4572754 0.31762695
vt 0.4609375 0.3232422
vt 0.45410156 0.33081055
vt 0.44799805 0.33496094
vt 0.45776367 0.3215332
vt 0.45629883 0.32299805
vt 0.4501953 0.32592773
vt 0.4465332 0.32104492
vt 0.44384766 0.3293457
vt 0.43701172 0.32470703
vt 0.4165039 0.33862305
vt 0.39819336 0.3479004
vt 0.39819336 0.3635254
vt 0.4140625 0.37548828
vt 0.39404297 0.37475586
vt 0.5541992 0.36450195
vt 0.5756836 0.36669922
vt 0.4140625 0.37548828
vt 0.39404297 0.37475586
vt 0.37426758 0.59277344
vt 0.40405273 0.57373047
vt 0.40429688 0.59277344
vt 0.37060547 0.5756836
vt 0.35888672 0.59228516
vt 0.40283203 0.55908203
vt 0.35620117 0.57910156
vt 0.35498047 0.59277344
vt 0.3491211 0.57910156
vt 0.36889648 0.5620117
vt 0.40063477 0.5410156
vt 0.3684082 0.5444336
vt 0.3720703 0.53564453
vt 0.39916992 0.53515625
vt 0.37597656 0.52734375
vt 0.3984375 0.5292969
vt 0.3798828 0.5209961
vt 0.3984375 0.5239258
vt 0.38476562 0.51464844
vt 0.39892578 0.5180664
vt 0.38964844 0.5097656
vt 0.39990234 0.51220703
vt 0.39575195 0.50439453
vt 0.4013672 0.5058594
vt 0.40429688 0.49804688
vt 0.35351562 0.5595703
vt 0.35351562 0.56689453
vt 0.34228516 0.56640625
vt 0.33935547 0.5571289
vt 0.3527832 0.5488281
vt 0.33544922 0.5488281
vt 0.36621094 0.5449219
vt 0.33544922 0.5371094
vt 0.35229492 0.5390625
vt 0.3647461 0.53515625
vt 0.33764648 0.52490234
vt 0.35229492 0.5288086
vt 0.36279297 0.5258789
vt 0.3413086 0.5126953
vt 0.35229492 0.51708984
vt 0.35986328 0.51416016
vt 0.34643555 0.50097656
vt 0.3527832 0.50390625
vt 0.35742188 0.5019531
vt 0.3544922 0.48876953
vt 0.3046875 0.5488281
vt 0.30200195 0.57177734
vt 0.27246094 0.58203125
vt 0.60253906 0.36083984
vt 0.2902832 0.63964844
vt 0.28710938 0.6538086
vt 0.2788086 0.6411133
vt 0.2932129 0.6274414
vt 0.27368164 0.62841797
vt 0.29614258 0.6152344
vt 0.27026367 0.61572266
vt 0.29858398 0.60595703
vt 0.2680664 0.60302734
vt 0.30004883 0.5957031
vt 0.27246094 0.58203125
vt 0.30200195 0.57177734
vt 0.3322754 0.5996094
vt 0.33520508 0.5727539
vt 0.3046875 0.5488281
vt 0.3347168 0.5463867
vt 0.33007812 0.6113281
vt 0.3071289 0.61279297
vt 0.31591797 0.62597656
vt 0.33032227 0.6225586
vt 0.33251953 0.6347656
vt 0.3269043 0.63623047
vt 0.33520508 0.6430664
vt 0.2290039 0.77490234
vt 0.2388916 0.74121094
vt 0.24853516 0.7651367
vt 0.21618652 0.7524414
vt 0.22009277 0.7265625
vt 0.20727539 0.734375
vt 0.19628906 0.7114258
vt 0.32055664 0.72558594
vt 0.34277344 0.75146484
vt 0.3178711 0.7495117
vt 0.34472656 0.7270508
vt 0.32299805 0.7138672
vt 0.34472656 0.7158203
vt 0.34375 0.69433594
vt 0.33007812 0.6933594
vt 0.33862305 0.6738281
vt 0.31835938 0.65283203
vt 0.31323242 0.64990234
vt 0.32104492 0.6435547
vt 0.3034668 0.6611328
vt 0.31567383 0.6699219
vt 0.29858398 0.66748047
vt 0.28515625 0.69384766
vt 0.3149414 0.69140625
vt 0.28100586 0.71875
vt 0.3149414 0.7133789
vt 0.2800293 0.7314453
vt 0.31567383 0.72509766
vt 0.3178711 0.7495117
vt 0.28051758 0.75439453
vt 0.25708008 0.73535156
vt 0.26049805 0.7602539
vt 0.25708008 0.72216797
vt 0.28149414 0.69384766
vt 0.26245117 0.6958008
vt 0.27734375 0.6699219
vt 0.26879883 0.6699219
vt 0.2734375 0.6542969
vt 0.26049805 0.7602539
vt 0.24853516 0.7651367
vt 0.2401123 0.7416992
vt 0.25439453 0.7368164
vt 0.2529297 0.7241211
vt 0.23876953 0.7290039
vt 0.24707031 0.70214844
vt 0.23937988 0.70458984
vt 0.24353027 0.68652344
vt 0.36328125 0.7290039
vt 0.3544922 0.75390625
vt 0.34277344 0.75146484
vt 0.34692383 0.72802734
vt 0.36621094 0.72216797
vt 0.35327148 0.7167969
vt 0.37573242 0.70654297
vt 0.3671875 0.70166016
vt 0.38500977 0.6933594
vt 0.38110352 0.6904297
vt 0.3918457 0.6845703
vt 0.37036133 0.7602539
vt 0.3544922 0.75390625
vt 0.36694336 0.72998047
vt 0.3840332 0.7402344
vt 0.3798828 0.7661133
vt 0.40673828 0.72216797
vt 0.3947754 0.74658203
vt 0.39794922 0.7758789
vt 0.41601562 0.74609375
vt 0.4104004 0.7324219
vt 0.43554688 0.7158203
vt 0.37280273 0.85791016
vt 0.3918457 0.8300781
vt 0.37475586 0.8642578
vt 0.38256836 0.8276367
vt 0.38916016 0.8149414
vt 0.3972168 0.81884766
vt 0.40429688 0.8051758
vt 0.39794922 0.8017578
vt 0.40698242 0.7895508
vt 0.41186523 0.79248047
vt 0.4194336 0.78125
vt 0.41577148 0.7792969
vt 0.4267578 0.7714844
vt 0.4248047 0.77001953
vt 0.43481445 0.76123047
vt 0.27734375 0.6699219
vt 0.27734375 0.6699219
vt 0.2734375 0.6542969
vt 0.28149414 0.69384766
vt 0.28149414 0.69384766
vt 0.27319336 0.6958008
vt 0.27368164 0.67041016
vt 0.2734375 0.6542969
vt 0.26879883 0.6699219
vt 0.26879883 0.6699219
vt 0.26245117 0.6958008
vt 0.26245117 0.6958008
vt 0.25708008 0.72216797
vt 0.25708008 0.72216797
vt 0.2705078 0.7211914
vt 0.28100586 0.71875
vt 0.2692871 0.73291016
vt 0.25708008 0.73535156
vt 0.26049805 0.7602539
vt 0.2800293 0.7314453
vt 0.28051758 0.75439453
vt 0.29858398 0.72802734
vt 0.29956055 0.75097656
vt 0.29833984 0.7163086
vt 0.28515625 0.69384766
vt 0.31567383 0.72509766
vt 0.3149414 0.7133789
vt 0.3178711 0.7495117
vt 0.3149414 0.69140625
vt 0.2998047 0.69433594
vt 0.31518555 0.67041016
vt 0.30615234 0.671875
vt 0.30908203 0.66552734
vt 0.29858398 0.66748047
vt 0.28515625 0.69384766
vt 0.29858398 0.66748047
vt 0.3034668 0.6611328
vt 0.3034668 0.6611328
vt 0.31518555 0.65234375
vt 0.31567383 0.6699219
vt 0.31323242 0.64990234
vt 0.31323242 0.64990234
vt 0.32104492 0.6435547
vt 0.31835938 0.65283203
vt 0.31835938 0.65283203
vt 0.31567383 0.6699219
vt 0.32104492 0.6435547
vt 0.3918457 0.8300781
vt 0.3918457 0.8300781
vt 0.3972168 0.81884766
vt 0.3972168 0.81884766
vt 0.40429688 0.8051758
vt 0.40429688 0.8051758
vt 0.41186523 0.79248047
vt 0.41186523 0.79248047
vt 0.4194336 0.78125
vt 0.4194336 0.78125
vt 0.4267578 0.7714844
vt 0.4267578 0.7714844
vt 0.43481445 0.76123047
vt 0.42578125 0.7709961
vt 0.43481445 0.76123047
vt 0.4177246 0.78027344
vt 0.4248047 0.77001953
vt 0.4248047 0.77001953
vt 0.41577148 0.7792969
vt 0.41577148 0.7792969
vt 0.40698242 0.7895508
vt 0.40942383 0.7910156
vt 0.40698242 0.7895508
vt 0.39794922 0.8017578
vt 0.40112305 0.80371094
vt 0.39794922 0.8017578
vt 0.38916016 0.8149414
vt 0.3930664 0.81689453
vt 0.38916016 0.8149414
vt 0.38256836 0.8276367
vt 0.38720703 0.8286133
vt 0.37475586 0.8642578
vt 0.37280273 0.85791016
vt 0.38256836 0.8276367
vt 0.37280273 0.85791016
vt 0.34472656 0.7270508
vt 0.34472656 0.7270508
vt 0.34472656 0.7158203
vt 0.34472656 0.7158203
vt 0.34375 0.69433594
vt 0.34375 0.69433594
vt 0.33862305 0.6738281
vt 0.33862305 0.6738281
vt 0.33007812 0.6933594
vt 0.32299805 0.7138672
vt 0.32055664 0.72558594
vt 0.34277344 0.75146484
vt 0.3371582 0.7910156
vt 0.31860352 0.7885742
vt 0.3022461 0.7885742
vt 0.3544922 0.75390625
vt 0.36328125 0.7290039
vt 0.34692383 0.72802734
vt 0.35961914 0.71972656
vt 0.36621094 0.72216797
vt 0.35327148 0.7167969
vt 0.34692383 0.72802734
vt 0.35327148 0.7167969
vt 0.3671875 0.70166016
vt 0.3671875 0.70166016
vt 0.38110352 0.6904297
vt 0.38110352 0.6904297
vt 0.3918457 0.6845703
vt 0.3828125 0.6923828
vt 0.38500977 0.6933594
vt 0.3708496 0.70458984
vt 0.37573242 0.70654297
vt 0.37573242 0.70654297
vt 0.36621094 0.72216797
vt 0.38500977 0.6933594
vt 0.3918457 0.6845703
vt 0.2529297 0.7241211
vt 0.2529297 0.7241211
vt 0.24707031 0.70214844
vt 0.24707031 0.70214844
vt 0.24353027 0.68652344
vt 0.24658203 0.7265625
vt 0.25439453 0.7368164
vt 0.2442627 0.7036133
vt 0.24853516 0.73876953
vt 0.23937988 0.70458984
vt 0.23937988 0.70458984
vt 0.23876953 0.7290039
vt 0.23876953 0.7290039
vt 0.2401123 0.7416992
vt 0.2401123 0.7416992
vt 0.24853516 0.7651367
vt 0.27124023 0.7973633
vt 0.28466797 0.79248047
vt 0.29638672 0.83496094
vt 0.28710938 0.83740234
vt 0.3083496 0.8339844
vt 0.3203125 0.83496094
vt 0.31201172 0.8520508
vt 0.29345703 0.8520508
vt 0.33129883 0.85253906
vt 0.28393555 0.8383789
vt 0.25756836 0.8491211
vt 0.24597168 0.8076172
vt 0.26171875 0.80078125
vt 0.2290039 0.77490234
vt 0.2388916 0.74121094
vt 0.21618652 0.7524414
vt 0.33154297 0.83691406
vt 0.33447266 0.83740234
vt 0.3684082 0.8520508
vt 0.3557129 0.84521484
vt 0.22009277 0.7265625
vt 0.20727539 0.734375
vt 0.19628906 0.7114258
vt 0.19628906 0.7114258
vt 0.22009277 0.7265625
vt 0.2388916 0.74121094
vt 0.34521484 0.7919922
vt 0.3623047 0.7973633
vt 0.38110352 0.80810547
vt 0.37036133 0.7602539
vt 0.36694336 0.72998047
vt 0.3798828 0.7661133
vt 0.39794922 0.7758789
vt 0.3840332 0.7402344
vt 0.40673828 0.72216797
vt 0.3947754 0.74658203
vt 0.41601562 0.74609375
vt 0.4104004 0.7324219
vt 0.43554688 0.7158203
vt 0.40673828 0.72216797
vt 0.43554688 0.7158203
vt 0.35742188 0.5019531
vt 0.35742188 0.5019531
vt 0.3544922 0.48876953
vt 0.35986328 0.51416016
vt 0.35986328 0.51416016
vt 0.3527832 0.50390625
vt 0.3544922 0.48876953
vt 0.36279297 0.5258789
vt 0.36279297 0.5258789
vt 0.34643555 0.50097656
vt 0.34643555 0.50097656
vt 0.3413086 0.5126953
vt 0.35229492 0.51708984
vt 0.3413086 0.5126953
vt 0.33764648 0.52490234
vt 0.3647461 0.53515625
vt 0.3647461 0.53515625
vt 0.35229492 0.5288086
vt 0.33764648 0.52490234
vt 0.33544922 0.5371094
vt 0.36621094 0.5449219
vt 0.7963867 0.9946289
vt 0.7963867 0.94091797
vt 0.7841797 0.9946289
vt 0.7841797 0.94140625
vt 0.7841797 0.9946289
vt 0.7841797 0.9375
vt 0.7841797 0.94140625
vt 0.83154297 0.65771484
vt 0.83154297 0.6582031
vt 0.8300781 0.65625
vt 0.83203125 0.65966797
vt 0.8261719 0.6538086
vt 0.828125 0.6557617
vt 0.81884766 0.65234375
vt 0.8222656 0.65625
vt 0.8120117 0.6533203
vt 0.82714844 0.66015625
vt 0.82958984 0.6586914
vt 0.8276367 0.66503906
vt 0.83154297 0.66064453
vt 0.82421875 0.66259766
vt 0.81591797 0.6582031
vt 0.8071289 0.6582031
vt 0.82958984 0.66796875
vt 0.83203125 0.6660156
vt 0.8178711 0.6611328
vt 0.8251953 0.6616211
vt 0.81103516 0.6640625
vt 0.8203125 0.66503906
vt 0.8100586 0.66308594
vt 0.81591797 0.6635742
vt 0.8051758 0.6748047
vt 0.8129883 0.66845703
vt 0.8227539 0.6699219
vt 0.81347656 0.6738281
vt 0.81884766 0.6772461
vt 0.81591797 0.67822266
vt 0.81933594 0.67822266
vt 0.82373047 0.6772461
vt 0.82470703 0.67285156
vt 0.81640625 0.67333984
vt 0.81103516 0.67578125
vt 0.82470703 0.6723633
vt 0.8222656 0.67578125
vt 0.8251953 0.6743164
vt 0.83154297 0.67041016
vt 0.83251953 0.6713867
vt 0.8334961 0.6645508
vt 0.8300781 0.67578125
vt 0.8300781 0.67578125
vt 0.8276367 0.67871094
vt 0.82910156 0.6743164
vt 0.82666016 0.6767578
vt 0.8203125 0.6816406
vt 0.8222656 0.6772461
vt 0.83154297 0.65771484
vt 0.83154297 0.66064453
vt 0.8334961 0.66308594
vt 0.8334961 0.6645508
vt 0.8129883 0.66845703
vt 0.81103516 0.67578125
vt 0.81347656 0.6738281
vt 0.81884766 0.6772461
vt 0.8203125 0.66503906
vt 0.81591797 0.6635742
vt 0.81103516 0.6640625
vt 0.81591797 0.6582031
vt 0.8222656 0.67578125
vt 0.82470703 0.6723633
vt 0.8227539 0.6699219
vt 0.8251953 0.6743164
vt 0.8222656 0.65625
vt 0.82421875 0.66259766
vt 0.8251953 0.6616211
vt 0.8276367 0.66503906
vt 0.8334961 0.66308594
vt 0.83154297 0.66064453
vt 0.83154297 0.65771484
vt 0.8334961 0.6645508
vt 0.83154297 0.65771484
vt 0.8300781 0.65625
vt 0.83154297 0.6582031
vt 0.83203125 0.65966797
vt 0.8261719 0.6538086
vt 0.828125 0.6557617
vt 0.81884766 0.65234375
vt 0.8222656 0.65625
vt 0.8120117 0.6533203
vt 0.82714844 0.66015625
vt 0.82958984 0.6586914
vt 0.8276367 0.66503906
vt 0.83154297 0.66064453
vt 0.82421875 0.66259766
vt 0.82958984 0.66796875
vt 0.83203125 0.6660156
vt 0.81591797 0.6582031
vt 0.8100586 0.66308594
vt 0.8071289 0.6582031
vt 0.8051758 0.6748047
vt 0.8178711 0.6611328
vt 0.8251953 0.6616211
vt 0.81103516 0.6640625
vt 0.8203125 0.66503906
vt 0.81591797 0.6635742
vt 0.8129883 0.66845703
vt 0.8227539 0.6699219
vt 0.81347656 0.6738281
vt 0.81884766 0.6772461
vt 0.81591797 0.67822266
vt 0.81933594 0.67822266
vt 0.82373047 0.6772461
vt 0.82470703 0.67285156
vt 0.81640625 0.67333984
vt 0.81103516 0.67578125
vt 0.82470703 0.6723633
vt 0.8222656 0.67578125
vt 0.8251953 0.6743164
vt 0.83154297 0.67041016
vt 0.83251953 0.6713867
vt 0.8334961 0.6645508
vt 0.8300781 0.67578125
vt 0.8300781 0.67578125
vt 0.8276367 0.67871094
vt 0.82910156 0.6743164
vt 0.82666016 0.6767578
vt 0.8203125 0.6816406
vt 0.8222656 0.6772461
vt 0.8129883 0.66845703
vt 0.81347656 0.6738281
vt 0.81103516 0.67578125
vt 0.81884766 0.6772461
vt 0.81103516 0.6640625
vt 0.81591797 0.6635742
vt 0.8203125 0.66503906
vt 0.81591797 0.6582031
vt 0.8222656 0.67578125
vt 0.8227539 0.6699219
vt 0.82470703 0.6723633
vt 0.8251953 0.6743164
vt 0.8222656 0.65625
vt 0.8251953 0.6616211
vt 0.82421875 0.66259766
vt 0.8276367 0.66503906
vt 0.78808594 0.2614746
vt 0.81689453 0.2878418
vt 0.78759766 0.26000977
vt 0.7583008 0.28759766
vt 0.81591797 0.28833008
vt 0.82128906 0.30541992
vt 0.8222656 0.3059082
vt 0.78759766 0.30395508
vt 0.81640625 0.31713867
vt 0.75927734 0.28808594
vt 0.75390625 0.30541992
vt 0.8173828 0.31811523
vt 0.7524414 0.3059082
vt 0.8076172 0.32470703
vt 0.8076172 0.32641602
vt 0.75878906 0.3173828
vt 0.7578125 0.31835938
vt 0.7973633 0.32470703
vt 0.7963867 0.3269043
vt 0.78759766 0.3203125
vt 0.7680664 0.32495117
vt 0.76708984 0.32666016
vt 0.7788086 0.32714844
vt 0.7783203 0.32495117
vt 0.78759766 0.3178711
vt 0.7788086 0.32373047
vt 0.7788086 0.32714844
vt 0.76708984 0.32666016
vt 0.78759766 0.3203125
vt 0.7685547 0.3239746
vt 0.7578125 0.31835938
vt 0.7597656 0.3166504
vt 0.7524414 0.3059082
vt 0.78759766 0.30395508
vt 0.7548828 0.30541992
vt 0.78759766 0.31713867
vt 0.7963867 0.32373047
vt 0.7963867 0.3269043
vt 0.7583008 0.28759766
vt 0.80615234 0.32373047
vt 0.8076172 0.32641602
vt 0.8173828 0.31811523
vt 0.8149414 0.3166504
vt 0.8222656 0.3059082
vt 0.81933594 0.30541992
vt 0.81689453 0.2878418
vt 0.7602539 0.28881836
vt 0.78759766 0.2626953
vt 0.78759766 0.26000977
vt 0.8144531 0.2890625
vt 0.78808594 0.32543945
vt 0.78759766 0.33203125
vt 0.78125 0.3317871
vt 0.7939453 0.33203125
vt 0.78759766 0.33911133
vt 0.78759766 0.33911133
vt 0.7939453 0.33203125
vt 0.78759766 0.33203125
vt 0.78125 0.3317871
vt 0.78808594 0.32543945
vt 0.9008789 0.019165039
vt 0.9008789 0.019165039
vt 0.9008789 0.019165039
vt 0.9008789 0.019165039
vt 0.9008789 0.019165039
vt 0.9008789 0.019165039
vt 0.9008789 0.019165039
vt 0.9008789 0.019165039
vt 0.9008789 0.019165039
vt 0.9008789 0.019165039
vt 0.9008789 0.019165039
vt 0.9008789 0.019165039
vt 0.9008789 0.019165039
vt 0.9008789 0.019165039
vt 0.9008789 0.019165039
vt 0.9008789 0.019165039
vt 0.9008789 0.019165039
vt 0.9008789 0.019165039
vt 0.9008789 0.019165039
vt 0.9008789 0.019165039
vt 0.9008789 0.019165039
vt 0.9008789 0.019165039
vt 0.9008789 0.019165039
vt 0.9008789 0.019165039
vt 0.9008789 0.019165039
vt 0.9008789 0.019165039
vt 0.9008789 0.019165039
vt 0.9008789 0.019165039
vt 0.9008789 0.019165039
vt 0.9008789 0.019165039
vt 0.9008789 0.019165039
vt 0.9008789 0.019165039
vt 0.9008789 0.019165039
vt 0.9008789 0.019165039
vt 0.9008789 0.019165039
vt 0.9008789 0.019165039
vt 0.9008789 0.019165039
vt 0.9008789 0.019165039
vt 0.9008789 0.019165039
vt 0.9008789 0.019165039
vt 0.9008789 0.019165039
vt 0.9008789 0.019165039
vt 0.9008789 0.019165039
vt 0.9008789 0.019165039
vt 0.9008789 0.019165039
vt 0.9008789 0.019165039
vt 0.9008789 0.019165039
vt 0.9008789 0.019165039
vt 0.9008789 0.019165039
vt 0.9008789 0.019165039
vt 0.9008789 0.019165039
vt 0.9008789 0.019165039
vt 0.9008789 0.019165039
vt 0.9008789 0.019165039
vt 0.9008789 0.019165039
vt 0.9008789 0.019165039
vt 0.9008789 0.019165039
vt 0.9008789 0.019165039
vt 0.9008789 0.019165039
vt 0.9008789 0.019165039
vt 0.9008789 0.019165039
vt 0.9008789 0.019165039
vt 0.9008789 0.019165039
vt 0.9008789 0.019165039
vt 0.9008789 0.019165039
vt 0.9008789 0.019165039
vt 0.9008789 0.019165039
vt 0.9008789 0.019165039
vt 0.9008789 0.019165039
vt 0.9008789 0.019165039
vt 0.21008301 0.953125
vt 0.2376709 0.9394531
vt 0.26220703 0.95410156
vt 0.21386719 0.9296875
vt 0.21862793 0.9160156
vt 0.19750977 0.8955078
vt 0.21801758 0.88378906
vt 0.21362305 0.8774414
vt 0.23791504 0.8701172
vt 0.24060059 0.875
vt 0.24267578 0.9238281
vt 0.26489258 0.93847656
vt 0.2697754 0.87890625
vt 0.27294922 0.8696289
vt 0.2680664 0.9194336
vt 0.28076172 0.9326172
vt 0.30078125 0.94189453
vt 0.29907227 0.9111328
vt 0.28125 0.9145508
vt 0.2824707 0.88427734
vt 0.2890625 0.86816406
vt 0.21008301 0.953125
vt 0.26220703 0.95410156
vt 0.2376709 0.9394531
vt 0.21386719 0.9296875
vt 0.21862793 0.9160156
vt 0.19750977 0.8955078
vt 0.21801758 0.88378906
vt 0.21362305 0.8774414
vt 0.23791504 0.8701172
vt 0.24060059 0.875
vt 0.24267578 0.9238281
vt 0.26489258 0.93847656
vt 0.2697754 0.87890625
vt 0.27294922 0.8696289
vt 0.2680664 0.9194336
vt 0.28076172 0.9326172
vt 0.30078125 0.94189453
vt 0.29907227 0.9111328
vt 0.28125 0.9145508
vt 0.2824707 0.88427734
vt 0.2890625 0.86816406
vt 0.97753906 0.12249756
vt 0.9873047 0.14428711
vt 0.9873047 0.14428711
vt 0.9941406 0.16625977
vt 0.97753906 0.12249756
vt 0.96484375 0.10046387
vt 0.96484375 0.10046387
vt 0.95166016 0.11053467
vt 0.9526367 0.12756348
vt 0.95166016 0.11053467
vt 0.9526367 0.12756348
vt 0.95410156 0.15515137
vt 0.95410156 0.15515137
vt 0.9560547 0.17736816
vt 0.9941406 0.16625977
vt 0.9941406 0.16625977
vt 0.9560547 0.17736816
vt 0.9560547 0.17736816
vt 0.9941406 0.16625977
vt 0.9560547 0.17736816
vt 0.9584961 0.1920166
vt 0.9970703 0.1809082
vt 0.9970703 0.1809082
vt 0.9584961 0.1920166
vt 0.96533203 0.22143555
vt 0.96533203 0.22143555
vt 0.97021484 0.24157715
vt 0.9980469 0.21362305
vt 0.9980469 0.21362305
vt 0.99365234 0.23486328
vt 0.99365234 0.23486328
vt 0.97021484 0.24157715
vt 0.9794922 0.27075195
vt 0.98339844 0.27001953
vt 0.98339844 0.27001953
vt 0.9794922 0.27075195
vt 0.98095703 0.2709961
vt 0.98095703 0.2709961
vt 0.9873047 0.14428711
vt 0.97753906 0.12249756
vt 0.97753906 0.12249756
vt 0.96484375 0.10046387
vt 0.9873047 0.14428711
vt 0.9941406 0.16625977
vt 0.96484375 0.10046387
vt 0.95166016 0.11053467
vt 0.95166016 0.11053467
vt 0.9526367 0.12756348
vt 0.9526367 0.12756348
vt 0.95410156 0.15515137
vt 0.95410156 0.15515137
vt 0.9560547 0.17736816
vt 0.9560547 0.17736816
vt 0.9941406 0.16625977
vt 0.9970703 0.1809082
vt 0.9970703 0.1809082
vt 0.9980469 0.21362305
vt 0.9584961 0.1920166
vt 0.9584961 0.1920166
vt 0.9980469 0.21362305
vt 0.96533203 0.22143555
vt 0.96533203 0.22143555
vt 0.97021484 0.24157715
vt 0.99365234 0.23486328
vt 0.99365234 0.23486328
vt 0.98339844 0.27001953
vt 0.97021484 0.24157715
vt 0.9794922 0.27075195
vt 0.98339844 0.27001953
vt 0.9794922 0.27075195
vt 0.98095703 0.2709961
vt 0.98095703 0.2709961
vt 0.48608398 0.8779297
vt 0.52490234 0.86328125
vt 0.48364258 0.87646484
vt 0.52685547 0.8642578
vt 0.4716797 0.8676758
vt 0.5644531 0.8569336
vt 0.5673828 0.85839844
vt 0.56103516 0.8154297
vt 0.5629883 0.81591797
vt 0.47973633 0.84521484
vt 0.4699707 0.8666992
vt 0.47827148 0.84472656
vt 0.4868164 0.8261719
vt 0.48535156 0.8256836
vt 0.5283203 0.83984375
vt 0.49853516 0.79541016
vt 0.4970703 0.7949219
vt 0.5625 0.7763672
vt 0.56396484 0.77685547
vt 0.5673828 0.74560547
vt 0.5317383 0.80566406
vt 0.5126953 0.7583008
vt 0.51123047 0.7578125
vt 0.56640625 0.74560547
vt 0.5703125 0.7182617
vt 0.5371094 0.7680664
vt 0.5239258 0.72802734
vt 0.5229492 0.72753906
vt 0.56933594 0.7182617
vt 0.5751953 0.6699219
vt 0.54345703 0.73779297
vt 0.5332031 0.70410156
vt 0.5317383 0.703125
vt 0.57421875 0.6694336
vt 0.57714844 0.6254883
vt 0.55029297 0.71191406
vt 0.5493164 0.66064453
vt 0.54833984 0.66015625
vt 0.56152344 0.6665039
vt 0.5761719 0.625
vt 0.5800781 0.6035156
vt 0.5644531 0.6201172
vt 0.56347656 0.6196289
vt 0.5708008 0.6230469
vt 0.57958984 0.60302734
vt 0.5727539 0.5986328
vt 0.57177734 0.59814453
vt 0.5761719 0.6010742
vt 0.5839844 0.5683594
vt 0.5854492 0.5620117
vt 0.48608398 0.8779297
vt 0.48364258 0.87646484
vt 0.52490234 0.86328125
vt 0.52685547 0.8642578
vt 0.4716797 0.8676758
vt 0.5644531 0.8569336
vt 0.5673828 0.85839844
vt 0.56103516 0.8154297
vt 0.5629883 0.81591797
vt 0.47973633 0.84521484
vt 0.4699707 0.8666992
vt 0.47827148 0.84472656
vt 0.4868164 0.8261719
vt 0.48535156 0.8256836
vt 0.5283203 0.83984375
vt 0.49853516 0.79541016
vt 0.4970703 0.7949219
vt 0.5625 0.7763672
vt 0.56396484 0.77685547
vt 0.5673828 0.74560547
vt 0.5317383 0.80566406
vt 0.5126953 0.7583008
vt 0.51123047 0.7578125
vt 0.56640625 0.74560547
vt 0.5703125 0.7182617
vt 0.5371094 0.7680664
vt 0.5239258 0.72802734
vt 0.5229492 0.72753906
vt 0.56933594 0.7182617
vt 0.5751953 0.6699219
vt 0.54345703 0.73779297
vt 0.5332031 0.70410156
vt 0.5317383 0.703125
vt 0.57421875 0.6694336
vt 0.57714844 0.6254883
vt 0.55029297 0.71191406
vt 0.5493164 0.66064453
vt 0.54833984 0.66015625
vt 0.56152344 0.6665039
vt 0.5761719 0.625
vt 0.5800781 0.6035156
vt 0.5644531 0.6201172
vt 0.56347656 0.6196289
vt 0.5708008 0.6230469
vt 0.57958984 0.60302734
vt 0.5727539 0.5986328
vt 0.57177734 0.59814453
vt 0.5761719 0.6010742
vt 0.5839844 0.5683594
vt 0.5854492 0.5620117
vt 0.61816406 0.19616699
vt 0.61816406 0.19616699
vt 0.60595703 0.20800781
vt 0.60595703 0.20800781
vt 0.60839844 0.2220459
vt 0.6191406 0.21350098
vt 0.6191406 0.21350098
vt 0.60839844 0.2220459
vt 0.6113281 0.2409668
vt 0.6113281 0.2409668
vt 0.6152344 0.26049805
vt 0.62109375 0.23510742
vt 0.62109375 0.23510742
vt 0.6152344 0.26049805
vt 0.61816406 0.2824707
vt 0.61816406 0.2824707
vt 0.6044922 0.26464844
vt 0.6230469 0.25756836
vt 0.6230469 0.25756836
vt 0.62646484 0.28125
vt 0.62646484 0.28125
vt 0.62890625 0.30151367
vt 0.62890625 0.30151367
vt 0.6044922 0.26464844
vt 0.6015625 0.25805664
vt 0.6015625 0.25805664
vt 0.58251953 0.2705078
vt 0.58691406 0.2763672
vt 0.58251953 0.2705078
vt 0.58691406 0.2763672
vt 0.60595703 0.2939453
vt 0.60595703 0.2939453
vt 0.6254883 0.31176758
vt 0.6254883 0.31176758
vt 0.62890625 0.31201172
vt 0.6269531 0.30151367
vt 0.62890625 0.31201172
vt 0.6328125 0.31201172
vt 0.6328125 0.31201172
vt 0.6489258 0.29492188
vt 0.6489258 0.29492188
vt 0.6660156 0.2770996
vt 0.6401367 0.2836914
vt 0.6308594 0.30151367
vt 0.6660156 0.2770996
vt 0.6738281 0.2709961
vt 0.6333008 0.2836914
vt 0.6333008 0.2836914
vt 0.63671875 0.26245117
vt 0.63671875 0.26245117
vt 0.6738281 0.2709961
vt 0.65478516 0.25805664
vt 0.6381836 0.2421875
vt 0.6381836 0.2421875
vt 0.6484375 0.26489258
vt 0.65478516 0.25805664
vt 0.6484375 0.26489258
vt 0.6401367 0.2836914
vt 0.64697266 0.26489258
vt 0.64697266 0.26489258
vt 0.65185547 0.24707031
vt 0.65185547 0.24707031
vt 0.6557617 0.22961426
vt 0.63964844 0.22277832
vt 0.63964844 0.22277832
vt 0.6557617 0.22961426
vt 0.6586914 0.21679688
vt 0.6586914 0.21679688
vt 0.640625 0.20715332
vt 0.640625 0.20715332
vt 0.42700195 0.89941406
vt 0.42700195 0.89941406
vt 0.39697266 0.86328125
vt 0.4189453 0.90625
vt 0.4189453 0.90625
vt 0.39697266 0.86328125
vt 0.39379883 0.87158203
vt 0.39379883 0.87158203
vt 0.38549805 0.8955078
vt 0.38549805 0.8955078
vt 0.37719727 0.9111328
vt 0.43115234 0.92822266
vt 0.43115234 0.92822266
vt 0.42358398 0.9321289
vt 0.42358398 0.9321289
vt 0.4008789 0.9145508
vt 0.3869629 0.92578125
vt 0.37719727 0.9111328
vt 0.36865234 0.91064453
vt 0.36865234 0.91064453
vt 0.36767578 0.89404297
vt 0.43115234 0.9511719
vt 0.43115234 0.9511719
vt 0.42163086 0.9536133
vt 0.42163086 0.9536133
vt 0.3955078 0.9560547
vt 0.3955078 0.9560547
vt 0.36767578 0.89404297
vt 0.36108398 0.8691406
vt 0.40478516 0.97753906
vt 0.40478516 0.97753906
vt 0.36108398 0.8691406
vt 0.33276367 0.9003906
vt 0.35864258 0.86083984
vt 0.34545898 0.9111328
vt 0.35766602 0.9248047
vt 0.38549805 0.95947266
vt 0.35864258 0.86083984
vt 0.32592773 0.89453125
vt 0.32592773 0.89453125
vt 0.33276367 0.9003906
vt 0.31640625 0.92285156
vt 0.31640625 0.92285156
vt 0.32177734 0.9277344
vt 0.32177734 0.9277344
vt 0.31298828 0.94433594
vt 0.32104492 0.9477539
vt 0.31298828 0.94433594
vt 0.32104492 0.9477539
vt 0.34545898 0.95410156
vt 0.34545898 0.95410156
vt 0.33520508 0.9741211
vt 0.35620117 0.9580078
vt 0.33520508 0.9741211
vt 0.33422852 0.984375
vt 0.3486328 0.97558594
vt 0.33422852 0.984375
vt 0.34692383 0.9868164
vt 0.34692383 0.9868164
vt 0.35546875 0.9873047
vt 0.35546875 0.9873047
vt 0.35473633 0.9941406
vt 0.39135742 0.97753906
vt 0.35473633 0.9941406
vt 0.38354492 0.99560547
vt 0.38354492 0.99560547
vt 0.38354492 0.98876953
vt 0.38354492 0.98876953
vt 0.39208984 0.98876953
vt 0.39208984 0.98876953
vt 0.40478516 0.98779297
vt 0.40478516 0.98779297
vt 0.48364258 0.87646484
vt 0.48364258 0.87646484
vt 0.4716797 0.8676758
vt 0.4716797 0.8676758
vt 0.52490234 0.86328125
vt 0.4699707 0.8666992
vt 0.48608398 0.8779297
vt 0.48608398 0.8779297
vt 0.52685547 0.8642578
vt 0.52685547 0.8642578
vt 0.4699707 0.8666992
vt 0.47827148 0.84472656
vt 0.5673828 0.85839844
vt 0.5673828 0.85839844
vt 0.47973633 0.84521484
vt 0.47827148 0.84472656
vt 0.48535156 0.8256836
vt 0.4868164 0.8261719
vt 0.48535156 0.8256836
vt 0.4970703 0.7949219
vt 0.5644531 0.8569336
vt 0.5629883 0.81591797
vt 0.5629883 0.81591797
vt 0.5283203 0.83984375
vt 0.56103516 0.8154297
vt 0.49853516 0.79541016
vt 0.4970703 0.7949219
vt 0.51123047 0.7578125
vt 0.56396484 0.77685547
vt 0.56396484 0.77685547
vt 0.5625 0.7763672
vt 0.5317383 0.80566406
vt 0.5673828 0.74560547
vt 0.5673828 0.74560547
vt 0.5126953 0.7583008
vt 0.51123047 0.7578125
vt 0.5229492 0.72753906
vt 0.5371094 0.7680664
vt 0.56640625 0.74560547
vt 0.5703125 0.7182617
vt 0.5703125 0.7182617
vt 0.5239258 0.72802734
vt 0.5229492 0.72753906
vt 0.5317383 0.703125
vt 0.54345703 0.73779297
vt 0.56933594 0.7182617
vt 0.5751953 0.6699219
vt 0.5751953 0.6699219
vt 0.5332031 0.70410156
vt 0.5317383 0.703125
vt 0.54833984 0.66015625
vt 0.55029297 0.71191406
vt 0.57421875 0.6694336
vt 0.57714844 0.6254883
vt 0.57714844 0.6254883
vt 0.54833984 0.66015625
vt 0.56347656 0.6196289
vt 0.5493164 0.66064453
vt 0.56152344 0.6665039
vt 0.5761719 0.625
vt 0.5800781 0.6035156
vt 0.5800781 0.6035156
vt 0.56347656 0.6196289
vt 0.57177734 0.59814453
vt 0.5708008 0.6230469
vt 0.5644531 0.6201172
vt 0.57177734 0.59814453
vt 0.5854492 0.5620117
vt 0.5854492 0.5620117
vt 0.57958984 0.60302734
vt 0.5839844 0.5683594
vt 0.5727539 0.5986328
vt 0.5761719 0.6010742
vt 0.4716797 0.8676758
vt 0.4716797 0.8676758
vt 0.48364258 0.87646484
vt 0.4699707 0.8666992
vt 0.4699707 0.8666992
vt 0.47827148 0.84472656
vt 0.47827148 0.84472656
vt 0.48364258 0.87646484
vt 0.52490234 0.86328125
vt 0.48608398 0.8779297
vt 0.47973633 0.84521484
vt 0.48608398 0.8779297
vt 0.52685547 0.8642578
vt 0.52685547 0.8642578
vt 0.5673828 0.85839844
vt 0.48535156 0.8256836
vt 0.48535156 0.8256836
vt 0.4868164 0.8261719
vt 0.5673828 0.85839844
vt 0.5629883 0.81591797
vt 0.4970703 0.7949219
vt 0.4970703 0.7949219
vt 0.5644531 0.8569336
vt 0.49853516 0.79541016
vt 0.5283203 0.83984375
vt 0.5629883 0.81591797
vt 0.56396484 0.77685547
vt 0.56103516 0.8154297
vt 0.51123047 0.7578125
vt 0.51123047 0.7578125
vt 0.5317383 0.80566406
vt 0.5126953 0.7583008
vt 0.56396484 0.77685547
vt 0.5673828 0.74560547
vt 0.5625 0.7763672
vt 0.5673828 0.74560547
vt 0.5703125 0.7182617
vt 0.5229492 0.72753906
vt 0.5229492 0.72753906
vt 0.5239258 0.72802734
vt 0.5371094 0.7680664
vt 0.56640625 0.74560547
vt 0.5703125 0.7182617
vt 0.5751953 0.6699219
vt 0.5317383 0.703125
vt 0.5317383 0.703125
vt 0.54345703 0.73779297
vt 0.5332031 0.70410156
vt 0.56933594 0.7182617
vt 0.5751953 0.6699219
vt 0.57714844 0.6254883
vt 0.54833984 0.66015625
vt 0.54833984 0.66015625
vt 0.55029297 0.71191406
vt 0.57421875 0.6694336
vt 0.57714844 0.6254883
vt 0.5800781 0.6035156
vt 0.5493164 0.66064453
vt 0.56152344 0.6665039
vt 0.56347656 0.6196289
vt 0.56347656 0.6196289
vt 0.5761719 0.625
vt 0.5800781 0.6035156
vt 0.5854492 0.5620117
vt 0.5708008 0.6230469
vt 0.5644531 0.6201172
vt 0.57177734 0.59814453
vt 0.57177734 0.59814453
vt 0.5854492 0.5620117
vt 0.57958984 0.60302734
vt 0.5839844 0.5683594
vt 0.5727539 0.5986328
vt 0.5761719 0.6010742
vt 0.12573242 0.5756836
vt 0.12573242 0.5756836
vt 0.12573242 0.5756836
vt 0.12573242 0.5756836
vt 0.12573242 0.5756836
vt 0.12573242 0.5756836
vt 0.12573242 0.5756836
vt 0.12573242 0.5756836
vt 0.12573242 0.5756836
vt 0.12573242 0.5756836
vt 0.12573242 0.5756836
vt 0.12573242 0.5756836
vt 0.12573242 0.5756836
vt 0.12573242 0.5756836
vt 0.12573242 0.5756836
vt 0.12573242 0.5756836
vt 0.12573242 0.5756836
vt 0.12573242 0.5756836
vt 0.12573242 0.5756836
vt 0.12573242 0.5756836
vt 0.12573242 0.5756836
vt 0.12573242 0.5756836
vt 0.12573242 0.5756836
vt 0.12573242 0.5756836
vt 0.12573242 0.5756836
vt 0.12573242 0.5756836
vt 0.12573242 0.5756836
vt 0.12573242 0.5756836
vt 0.12573242 0.5756836
vt 0.12573242 0.5756836
vt 0.12573242 0.5756836
vt 0.12573242 0.5756836
vt 0.12573242 0.5756836
vt 0.12573242 0.5756836
vt 0.12573242 0.5756836
vt 0.12573242 0.5756836
vt 0.12573242 0.5756836
vt 0.12573242 0.5756836
vt 0.12573242 0.5756836
vt 0.12573242 0.5756836
vt 0.12573242 0.5756836
vt 0.12573242 0.5756836
vt 0.12573242 0.5756836
vt 0.12573242 0.5756836
vt 0.12573242 0.5756836
vt 0.12573242 0.5756836
vt 0.12573242 0.5756836
vt 0.12573242 0.5756836
vt 0.12573242 0.5756836
vt 0.12573242 0.5756836
vt 0.12573242 0.5756836
vt 0.12573242 0.5756836
vn 0.33493152 0.88255596 -0.33002415
vn -0.14821106 0.98820484 -0.03853148
vn -0.57940996 0.43416122 -0.68977404
vn -0.33493158 0.8825559 -0.3300241
vn 0.57940996 0.4341612 -0.68977404
vn 0.14821106 0.98820484 -0.038531482
vn -0.9099714 0.41395497 -0.024357682
vn -0.39627647 0.84049886 0.36949506
vn 0.11239749 0.45635903 0.88266826
vn 0.39430875 0.74543834 -0.5374404
vn -0.084025085 0.30884546 -0.9473933
vn 0.9295833 0.36809283 -0.019557942
vn 0.9099497 0.4140051 -0.024318658
vn -0.11239277 0.45637047 0.88266295
vn 0.39621633 0.8405164 0.36951974
vn -0.39435816 0.7454771 -0.5373506
vn -0.9295774 0.36810753 -0.019564018
vn 0.083957896 0.30892208 -0.9473744
vn 0.34971985 -0.33776712 0.8738475
vn 0.5438922 0.421323 0.72571903
vn 0.553066 -0.25316066 0.7937428
vn 0.37846038 0.3804187 0.8438302
vn 0.27579963 0.2917403 0.9158724
vn 0.2665333 -0.37888145 0.886233
vn 0.2651535 -0.377571 0.8872056
vn 0.27676335 0.8623469 0.42398104
vn 0.31742108 0.8626313 0.39384148
vn 0.21870628 0.8537456 0.47253138
vn 0.10399411 0.96790934 -0.22877228
vn 0.03220184 0.99296933 -0.11390796
vn -0.3929963 0.4594024 -0.79655725
vn 0.13226092 0.862253 0.4889037
vn 0.278777 0.9545164 -0.105744116
vn 0.09427058 0.44827682 -0.88891
vn 0.6415133 -0.3439275 -0.68569285
vn -0.09591858 -0.6281831 -0.77213067
vn 0.37697446 -0.91345537 -0.15326306
vn 0.21338162 0.30662987 0.9276026
vn 0.61906284 0.58542144 -0.5234912
vn 0.3317524 0.27424285 0.90262467
vn 0.10995422 0.9157729 0.38635483
vn 0.48734695 -0.028029623 0.8727584
vn 0.42086124 -0.35150802 0.8362523
vn 0.84742254 0.16818133 0.5035773
vn 0.7668947 -0.37397617 0.52154994
vn 0.9470333 -0.30883268 0.08803549
vn 0.17018217 0.9854022 0.0045238878
vn 0.322373 0.906023 -0.27422225
vn -0.014219955 0.99952817 0.027225625
vn -0.0283616 0.9727643 -0.23005483
vn 0.31340238 0.7089734 0.6317719
vn 0.46657643 0.52255124 0.7136151
vn 0.64019567 0.63138884 0.43760437
vn 0.95301884 0.25020465 0.1707419
vn 0.038311716 0.9643965 0.26167083
vn 0.20576547 0.84269947 0.49751198
vn 0.95680034 0.28466025 0.059174728
vn 0.9428895 -0.33089995 -0.038271043
vn 0.5425901 0.8173545 0.1937205
vn 0.61554193 0.72460294 0.30993327
vn -0 0.96414155 0.26538846
vn -0 0.91331387 0.40725645
vn -0 0.89274323 0.45056576
vn -0 0.8839372 0.4676056
vn -0 0.93810743 0.34634462
vn -0 0.97453576 0.22423236
vn -0.06957995 0.9975758 -0.0010616331
vn -0 0.9998853 -0.015146367
vn -0 0.9730285 -0.23068511
vn -0.108178794 0.9688157 -0.22292037
vn -0.08038095 0.95593053 -0.28237492
vn -0 0.96371865 -0.26692018
vn 0.0110458955 0.94913703 -0.3146695
vn -0.0064979633 0.96511346 -0.26175135
vn -0 0.9701857 -0.24236244
vn -0 0.9492932 -0.31439212
vn 0.074885905 0.94938713 -0.30505124
vn 0.45557648 0.83320117 -0.31341004
vn 0.035937387 0.9475738 -0.31750962
vn 0.46285647 0.82245463 -0.33065405
vn 0.050479133 0.9425216 -0.3303103
vn -0 0.9452966 -0.3262122
vn 0.0627925 0.9944291 -0.084663086
vn -0 0.99628997 -0.08606037
vn 0.05648736 0.9473677 0.31512448
vn -0 0.98727745 -0.15900761
vn 0.0776867 0.82100844 0.5656057
vn -0.5857905 0.8085058 0.056283075
vn -0.5575187 0.7973412 0.2311272
vn 0.18410671 0.7807567 0.59709597
vn 0.14986259 0.8280366 0.5402745
vn 0.12382409 0.9391642 0.320372
vn 0.14210549 0.98626584 -0.08417728
vn 0.13402416 0.92860466 -0.34602144
vn 0.3754125 0.75924283 0.5316162
vn 0.40573674 0.6842732 0.6059274
vn 0.3945458 0.8551227 0.33630183
vn 0.70766574 0.49935445 0.49985433
vn 0.7069238 0.42654285 0.56419843
vn 0.117665395 0.935086 -0.3343186
vn 0.44583887 0.89141506 -0.08128297
vn 0.7507292 0.5665953 0.33966976
vn 0.88398486 0.041219566 0.4656949
vn 0.859168 0.0036208364 0.51168084
vn 0.71765655 -0.6635167 0.21145798
vn 0.73320293 -0.5993747 0.32119063
vn 0.94038653 0.06426002 0.3339819
vn 0.8254446 0.5633826 -0.03523122
vn 0.48409945 0.7917061 -0.37262478
vn 0.4908185 0.7858742 -0.3761636
vn 0.84532934 0.43042877 -0.31646365
vn 0.9972017 0.074479006 0.0064624795
vn 0.8484431 0.3912782 -0.35643452
vn 0.8702567 0.4344314 -0.23221226
vn 0.9180873 0.11253742 -0.38006702
vn 0.89101416 0.4099809 -0.19495998
vn 0.77672124 -0.5832017 0.23786537
vn 0.9574799 0.07074836 -0.27969053
vn 0.9676808 0.21645777 -0.1293829
vn 0.9909877 -0.039141674 -0.12810604
vn 0.8472115 -0.41938308 0.32611406
vn 0.9822704 0.18686229 -0.015077521
vn 0.867826 -0.49531245 -0.039289385
vn 0.51994693 -0.84817255 -0.10128432
vn 0.4554678 -0.88542354 0.09259682
vn 0.87467563 -0.3519493 -0.3332782
vn 0.7995711 -0.2153546 -0.5606323
vn 0.4031212 -0.9073154 0.11946624
vn 0.98712695 0.058199983 0.14897305
vn 0.9171774 -0.07507101 0.3913437
vn 0.29060596 -0.95639646 0.02922083
vn 0.9345423 0.07537335 -0.3477781
vn 0.975293 0.07364628 0.20827842
vn 0.64099765 -0.33622622 0.68998104
vn 0.98720795 0.14225985 -0.07198982
vn 0.84927815 -0.18040876 -0.49616468
vn 0.97005635 -0.23844095 -0.04622365
vn 0.5826128 -0.54190344 -0.6057252
vn 0.8245729 -0.29479006 0.48288536
vn 0.6124702 -0.52569467 -0.59036034
vn 0.5239204 -0.795771 -0.30373666
vn 0.7855463 -0.61857265 -0.016876264
vn 0.5733246 -0.59503543 0.5632332
vn 0.29283693 -0.77989817 -0.55317754
vn 0.4757675 -0.8794577 0.014118688
vn 0.2119649 -0.8319287 -0.5128017
vn 0.18946983 -0.9546551 -0.2296403
vn 0.037004456 -0.91610736 -0.39922178
vn -0.39808878 -0.84680384 -0.35277292
vn 0.27131832 -0.95645195 -0.107637405
vn -0 -0.9953815 -0.09599833
vn -0 -0.9816527 -0.1906775
vn -0 -0.9999398 0.0109770205
vn -0 -0.9646484 -0.26353982
vn 0.26145473 -0.96432096 0.041550744
vn -0 -0.99972004 0.023660125
vn -0.41638622 -0.894139 -0.16473575
vn -0 -0.98540246 -0.17024073
vn -0.4238286 -0.89422923 0.14395589
vn -0 -0.98756856 0.15718895
vn 0.23905182 -0.96966356 -0.051055808
vn -0 -0.9974152 -0.07185349
vn 0.3639437 -0.9310456 0.02644359
vn 0.21465069 -0.96843743 -0.12670478
vn -0 -0.99013734 -0.14009993
vn 0.3193172 -0.94305086 -0.09322812
vn 0.22193402 -0.9084992 -0.35408258
vn -0 -0.9317068 -0.36321136
vn -0.49136207 -0.78270787 0.38201025
vn -0 -0.884888 0.46580395
vn -0 -0.7996008 0.6005319
vn -0.51510584 -0.68540424 0.5146716
vn -0 -0.71380925 0.7003401
vn -0.48111433 -0.771262 0.4167541
vn -0.3944377 -0.65791756 0.6415321
vn 0.06216635 -0.62177664 0.7807235
vn -0 -0.7578896 0.65238285
vn 0.1779018 -0.69679207 0.69486094
vn -0 -0.89611053 0.44383103
vn -0.08126159 -0.6254284 0.7760386
vn -0.26703894 -0.9568576 0.11451501
vn -0.07708812 -0.8217202 0.5646532
vn 0.14119676 -0.9815393 0.12901208
vn 0.23088698 -0.78931403 0.56892395
vn 0.3226314 -0.50165075 0.80265534
vn 0.30580172 -0.54599553 0.77998346
vn 0.3888161 -0.6037119 0.69595546
vn 0.5265161 -0.5038391 0.68478245
vn 0.74586785 -0.39393568 0.53711814
vn 0.2651535 -0.377571 0.8872056
vn 0.42086124 -0.35150802 0.8362523
vn 0.2665333 -0.37888145 0.886233
vn 0.50412357 -0.7566059 0.41642162
vn 0.7668947 -0.37397617 0.52154994
vn -0 -0.9978956 -0.06484111
vn 0.5894404 -0.80773795 -0.0109293135
vn 0.9470333 -0.30883268 0.08803549
vn 0.9428895 -0.33089995 -0.038271043
vn 0.56704897 -0.8094569 -0.15243058
vn -0 -0.9776047 -0.21044944
vn 0.4437659 -0.6584434 0.607885
vn 0.7253923 -0.6883357 0.00013519201
vn 0.44664484 -0.7572356 0.47655287
vn 0.34971985 -0.33776712 0.8738475
vn 0.4858027 -0.7554221 0.43969667
vn 0.553066 -0.25316066 0.7937428
vn -0.34971985 -0.33776715 0.8738475
vn -0.553066 -0.2531607 0.7937428
vn -0.54389226 0.42132294 0.7257191
vn -0.37846038 0.3804187 0.8438302
vn -0.2757996 0.29174033 0.9158723
vn -0.2665333 -0.37888148 0.886233
vn -0.26515347 -0.377571 0.8872056
vn -0.27676335 0.8623469 0.42398104
vn -0.31742108 0.8626313 0.39384148
vn -0.21870631 0.8537457 0.4725314
vn -0.10399411 0.96790934 -0.22877225
vn -0.03220185 0.99296933 -0.11390796
vn 0.3929963 0.4594024 -0.79655725
vn -0.13226092 0.862253 0.4889037
vn -0.278777 0.9545164 -0.1057441
vn -0.094270594 0.44827682 -0.88891
vn -0.6415133 -0.34392747 -0.6856927
vn 0.095918566 -0.6281831 -0.77213067
vn -0.37697446 -0.91345537 -0.15326305
vn -0.21338162 0.30662987 0.9276026
vn -0.61906284 0.58542144 -0.5234912
vn -0.3317524 0.2742428 0.90262467
vn -0.109954245 0.9157729 0.38635483
vn -0.48734695 -0.028029611 0.8727584
vn -0.42086124 -0.35150802 0.8362523
vn -0.84742254 0.16818139 0.5035773
vn -0.7668947 -0.37397617 0.52154994
vn -0.9470333 -0.30883268 0.08803549
vn -0.17018217 0.9854022 0.0045239027
vn -0.322373 0.906023 -0.27422225
vn 0.014219955 0.99952817 0.027225625
vn 0.0283616 0.9727643 -0.23005483
vn -0.31340238 0.7089734 0.6317719
vn -0.46657643 0.52255124 0.7136151
vn -0.64019567 0.63138884 0.43760437
vn -0.95301884 0.2502047 0.17074193
vn -0.038311716 0.9643965 0.26167083
vn -0.20576547 0.84269947 0.49751192
vn -0.95680034 0.28466025 0.059174728
vn -0.9428895 -0.33089995 -0.038271043
vn -0.5425902 0.8173545 0.19372049
vn -0.61554193 0.72460294 0.30993327
vn -0 0.96414155 0.26538846
vn -0 0.91331387 0.40725645
vn -0 0.89274323 0.45056576
vn -0 0.8839372 0.4676056
vn -0 0.93810743 0.34634462
vn -0 0.97453576 0.22423236
vn 0.06957995 0.9975758 -0.0010616379
vn -0 0.9998853 -0.015146367
vn -0 0.9730285 -0.23068511
vn 0.10817878 0.9688157 -0.22292034
vn 0.08038093 0.95593053 -0.2823749
vn -0 0.96371865 -0.26692018
vn -0.011045891 0.94913703 -0.3146695
vn 0.006497962 0.96511346 -0.26175135
vn -0 0.9701857 -0.24236244
vn -0 0.9492932 -0.31439212
vn -0.07488589 0.94938713 -0.30505124
vn -0.45557645 0.83320117 -0.31341004
vn -0.035937387 0.9475738 -0.31750962
vn -0.46285647 0.82245463 -0.33065408
vn -0.050479133 0.9425216 -0.3303103
vn -0 0.9452966 -0.3262122
vn -0.0627925 0.9944291 -0.084663086
vn -0 0.99628997 -0.08606037
vn -0.056487374 0.9473677 0.31512445
vn -0 0.98727745 -0.15900761
vn 0.5857905 0.80850583 0.05628307
vn -0.07768678 0.82100856 0.5656057
vn 0.55751866 0.79734135 0.23112728
vn -0.123824075 0.9391642 0.32037193
vn -0.14986241 0.8280366 0.54027456
vn -0.18410628 0.7807568 0.5970961
vn -0.1421055 0.98626584 -0.084177285
vn -0.13402416 0.92860466 -0.34602144
vn -0.39454576 0.8551227 0.3363018
vn -0.3754122 0.75924265 0.53161657
vn -0.4057365 0.68427324 0.60592735
vn -0.70766574 0.49935418 0.49985462
vn -0.7069239 0.4265426 0.5641985
vn -0.117665395 0.935086 -0.33431864
vn -0.44583893 0.89141506 -0.08128296
vn -0.7507292 0.5665953 0.33966976
vn -0.88398486 0.041219577 0.46569496
vn -0.859168 0.0036208464 0.51168084
vn -0.7176566 -0.66351676 0.21145798
vn -0.7332028 -0.5993748 0.32119063
vn -0.94038653 0.064260006 0.3339819
vn -0.8254446 0.5633826 -0.03523122
vn -0.48409945 0.7917061 -0.37262478
vn -0.4908185 0.7858742 -0.37616366
vn -0.84532934 0.43042883 -0.31646365
vn -0.9972017 0.07447902 0.0064624613
vn -0.8484431 0.3912782 -0.35643452
vn -0.8702567 0.43443134 -0.23221226
vn -0.9180873 0.11253742 -0.38006702
vn -0.89101416 0.4099809 -0.19495998
vn -0.77672124 -0.5832017 0.23786537
vn -0.9574799 0.07074835 -0.27969053
vn -0.9676808 0.21645774 -0.1293829
vn -0.9909877 -0.0391417 -0.12810606
vn -0.8472115 -0.41938308 0.32611406
vn -0.9822704 0.18686229 -0.015077521
vn -0.867826 -0.4953125 -0.039289404
vn -0.51994693 -0.84817255 -0.101284325
vn -0.4554678 -0.88542354 0.09259683
vn -0.8746755 -0.3519493 -0.3332782
vn -0.7995711 -0.2153546 -0.56063217
vn -0.40312114 -0.9073154 0.11946624
vn -0.98712695 0.058199998 0.14897305
vn -0.9171774 -0.075071 0.3913437
vn -0.29060596 -0.95639646 0.02922083
vn -0.9345423 0.07537335 -0.3477781
vn -0.975293 0.07364627 0.20827842
vn -0.64099765 -0.3362262 0.68998104
vn -0.98720795 0.14225984 -0.07198982
vn -0.84927815 -0.18040876 -0.49616468
vn -0.97005635 -0.23844093 -0.046223674
vn -0.5826128 -0.5419034 -0.6057252
vn -0.8245729 -0.29479003 0.48288536
vn -0.6124702 -0.52569467 -0.59036034
vn -0.5239204 -0.79577094 -0.30373666
vn -0.7855463 -0.61857265 -0.016876264
vn -0.5733246 -0.59503543 0.5632332
vn -0.29283687 -0.77989817 -0.55317754
vn -0.4757675 -0.8794577 0.014118688
vn -0.2119649 -0.8319287 -0.5128017
vn -0.18946983 -0.9546551 -0.22964032
vn -0.037004445 -0.91610736 -0.39922172
vn 0.39808878 -0.84680384 -0.35277292
vn -0.27131838 -0.95645195 -0.10763743
vn -0 -0.9953815 -0.09599833
vn -0 -0.9816527 -0.1906775
vn -0 -0.9999398 0.0109770205
vn -0 -0.9646484 -0.26353982
vn -0.26145473 -0.96432096 0.041550744
vn -0 -0.99972004 0.023660125
vn 0.41638622 -0.894139 -0.16473575
vn -0 -0.98540246 -0.17024073
vn 0.4238286 -0.89422923 0.14395589
vn -0 -0.98756856 0.15718895
vn -0.23905182 -0.96966356 -0.051055808
vn -0 -0.9974152 -0.07185349
vn -0.3639437 -0.9310456 0.026443586
vn -0.21465069 -0.96843743 -0.12670478
vn -0 -0.99013734 -0.14009993
vn -0.3193172 -0.94305086 -0.09322812
vn -0.22193407 -0.9084992 -0.35408258
vn -0 -0.9317068 -0.36321136
vn 0.2670389 -0.9568576 0.11451501
vn -0.17539583 -0.61632204 -0.76771307
vn -0 -0.6220502 -0.78297734
vn -0 -0.21571873 -0.9764556
vn -0.14119676 -0.9815393 0.12901208
vn -0.23088698 -0.78931403 0.56892395
vn 0.077088125 -0.8217203 0.5646532
vn 0.48111424 -0.771262 0.41675404
vn -0.3226314 -0.50165075 0.80265534
vn 0.08126159 -0.62542844 0.7760385
vn -0.021480855 -0.22083102 -0.97507554
vn -0 0.0898027 -0.9959596
vn 0.06758284 0.08027881 -0.9944787
vn 0.59641135 0.11725175 -0.79406893
vn 0.48476726 -0.4657814 -0.74030286
vn 0.18103601 -0.83176994 -0.52477115
vn 0.8869346 -0.45273635 -0.09152474
vn 0.3887223 -0.92101526 -0.02501952
vn 0.95566213 0.20229752 -0.21397606
vn -0.13552289 -0.9807473 -0.14059956
vn 0.8960695 -0.44249424 -0.03547234
vn 0.9631309 0.2656668 -0.04242627
vn -0.5525314 -0.832509 0.040469773
vn 0.89998084 -0.43120244 -0.064023584
vn 0.9596734 0.27343306 -0.06527898
vn 0.4598706 -0.8870315 -0.041159287
vn 0.46246967 -0.886342 -0.022800079
vn -0.26269805 -0.96408594 -0.03908981
vn -0.26773894 -0.96333605 0.017303996
vn -0.8791839 -0.47574106 -0.026576806
vn -0.33824584 -0.93712765 0.085916266
vn -0.27882987 -0.95623034 0.08875457
vn -0.883066 -0.46508518 0.062370706
vn -0.88288105 -0.44918665 0.13693897
vn -0.97283036 0.20704089 0.10361123
vn -0.9668627 0.24852511 0.058410496
vn -0.96827745 0.24987718 0.00023574506
vn -0.8985522 -0.41064957 0.1548254
vn -0.6405322 0.7678501 0.011166802
vn -0.6345697 0.77283615 0.0067420495
vn -0.9076362 -0.35142413 0.22955976
vn -0.9541259 0.13269912 0.26839295
vn -0.9150936 0.109106235 0.38820043
vn -0.88819516 0.083154514 0.45187905
vn -0.7116417 0.44265577 0.5455473
vn -0.7469157 0.44615945 0.49300975
vn -0.42698392 0.7072032 0.5635143
vn -0.7764786 0.5097566 0.37044474
vn -0.41212434 0.7442907 0.52553296
vn -0.15110411 0.84253544 0.5170122
vn -0.14698884 0.98826337 -0.041589987
vn -0.13441151 0.9908823 -0.009265727
vn 0.4978402 0.8657543 -0.051230483
vn 0.4323315 0.8070095 -0.40227497
vn 0.49391133 0.8688691 -0.033438392
vn 0.9596734 0.27343306 -0.06527898
vn 0.9631309 0.2656668 -0.04242627
vn 0.95566213 0.20229752 -0.21397606
vn -0.19758072 0.938145 -0.28433394
vn 0.39177072 0.54207593 -0.7434174
vn 0.59641135 0.11725175 -0.79406893
vn -0.7042883 0.7033844 -0.09606485
vn -0.71297735 0.6830295 -0.15853678
vn -0.23552622 0.8867847 -0.3976687
vn -0.9116844 0.3949305 0.11340845
vn -0.57810307 0.8148032 0.043503694
vn -0.76541835 0.6034167 0.22365804
vn 0.20906606 0.83624095 -0.50694436
vn -0.24675399 0.95907336 -0.13889113
vn -0.35836655 0.8854382 0.29592675
vn 0.14001113 0.9283164 -0.34442043
vn -0.41199765 0.8120618 0.41329604
vn -0.047468282 0.93146884 0.36071125
vn -0.108564205 0.990121 0.08873772
vn -0.10470583 0.8791785 0.464846
vn 0.08492646 0.9942861 0.064674444
vn 0.1590428 0.8813943 -0.4448028
vn 0.14879364 0.48850274 -0.8597822
vn 0.06758284 0.08027881 -0.9944787
vn -0 0.4840797 -0.87502396
vn -0 0.0898027 -0.9959596
vn -0 0.89037734 -0.4552232
vn -0 0.9985116 0.05453923
vn -0 0.9439332 0.3301363
vn -0 0.9031052 0.42941937
vn -0 0.8766663 0.48109895
vn -0.0687324 0.86796856 0.49183986
vn -0.10337491 0.7970746 0.5949668
vn -0 0.8163285 0.57758796
vn -0.115740664 0.7766431 0.61921704
vn -0.12254631 0.7362399 0.6655323
vn -0 0.77533656 0.63154835
vn -0.11812874 0.704874 0.69942707
vn -0.48580274 -0.75542223 0.43969658
vn -0.553066 -0.2531607 0.7937428
vn -0.34971985 -0.33776715 0.8738475
vn -0.44664484 -0.7572356 0.47655287
vn -0.2665333 -0.37888148 0.886233
vn -0.7253923 -0.6883357 0.00013520209
vn -0.4437659 -0.6584434 0.607885
vn -0.3888161 -0.6037119 0.69595546
vn -0.26515347 -0.377571 0.8872056
vn -0.17790177 -0.69679207 0.69486094
vn -0.42086124 -0.35150802 0.8362523
vn -0.74586785 -0.39393568 0.53711814
vn -0.5265161 -0.5038391 0.68478245
vn -0.30580172 -0.54599553 0.77998346
vn -0.06216636 -0.6217767 0.78072345
vn -0.50412357 -0.7566059 0.41642162
vn -0.7668947 -0.37397617 0.52154994
vn 0.3944377 -0.65791756 0.6415321
vn -0.58944035 -0.807738 -0.010929319
vn -0.9470333 -0.30883268 0.08803549
vn -0.9428895 -0.33089995 -0.038271043
vn -0.5670489 -0.8094569 -0.15243058
vn -0 -0.9978956 -0.06484111
vn -0 -0.9776047 -0.21044944
vn -0 -0.89611053 0.44383103
vn -0 -0.7578896 0.65238285
vn -0 -0.71380925 0.7003401
vn 0.5151058 -0.6854043 0.5146717
vn -0 -0.7996008 0.6005319
vn 0.49136207 -0.78270787 0.38201025
vn -0 -0.884888 0.46580395
vn -0 -0.8142672 -0.5804901
vn -0 -0.14667878 -0.98918414
vn 0.5245899 0.029188737 -0.8508545
vn 0.5662724 -0.6215781 -0.5412728
vn -0 -0.9776047 -0.21044944
vn 0.56704897 -0.8094569 -0.15243058
vn 0.9229346 -0.16155751 -0.34941494
vn 0.9428895 -0.33089995 -0.038271043
vn 0.73240066 0.2628906 -0.6280747
vn 0.95680034 0.28466025 0.059174728
vn 0.8817386 0.4325203 -0.18831658
vn 0.70000064 0.4881564 -0.52125096
vn 0.46484715 0.5089985 -0.72445685
vn 0.6894571 0.40716207 -0.599056
vn -0.23233919 0.93276817 0.27561206
vn 0.46184394 0.8767157 -0.13442382
vn 0.47071257 0.88127583 0.04222015
vn -0 0.99854505 0.05392472
vn 0.5425901 0.8173545 0.1937205
vn -0 0.992258 0.124193124
vn -0 0.96414155 0.26538846
vn 0.86686766 -0.4623888 -0.18637888
vn 0.99276227 -0.10929816 -0.049767893
vn 0.53640485 -0.7843065 0.31166154
vn 0.9760612 -0.039861564 -0.21381162
vn 0.9343798 0.06066942 -0.35107496
vn 0.8261552 -0.32769638 -0.45834783
vn 0.65887654 0.20334956 -0.7242449
vn 0.9494752 -0.30926174 -0.053421415
vn 0.9519016 -0.23843089 -0.19244239
vn 0.9222184 -0.35885474 0.14400166
vn 0.6656415 -0.7461313 0.014473544
vn 0.9324824 -0.28481153 0.22216882
vn 0.64158773 -0.670362 0.37280035
vn 0.66913664 -0.7030714 0.24072121
vn 0.29703158 -0.91008556 0.28899246
vn 0.29492143 -0.8521847 0.43220666
vn -0 -0.94984573 0.31271905
vn -0 -0.88629156 0.46312767
vn -0 -0.99993527 -0.011382362
vn 0.30660746 -0.951799 -0.008396092
vn -0 -0.97490466 -0.22262287
vn 0.8236585 -0.55794495 -0.10141074
vn 0.43916705 -0.8682509 -0.23080885
vn 0.32804433 -0.8960949 -0.29899967
vn 0.41422066 -0.88988173 -0.1911325
vn -0 -0.9822896 0.18736847
vn 0.61970484 -0.75463974 -0.21560325
vn 0.39491522 -0.8481591 -0.35308367
vn 0.42063257 -0.8471144 -0.3247544
vn 0.60532 -0.7563932 -0.24790512
vn 0.40333277 -0.90161633 0.15623923
vn 0.79785836 -0.56683326 -0.2052367
vn 0.61227894 -0.7886154 -0.056570087
vn 0.40802124 -0.91261834 0.025422726
vn 0.84375876 -0.4990379 -0.19756591
vn 0.459412 -0.8569149 0.23374677
vn 0.45794 -0.857735 0.23362686
vn 0.94691575 -0.16947643 -0.27318197
vn 0.7952935 -0.598492 -0.09651665
vn 0.8495424 0.15598245 -0.5039318
vn 0.8952395 -0.12016588 -0.42907634
vn 0.7862885 -0.5502226 -0.281079
vn 0.514631 -0.84660065 0.13572863
vn 0.5215358 -0.8531575 -0.011081387
vn 0.50244707 -0.8063056 -0.31211913
vn 0.5715025 -0.8134843 0.107834265
vn 0.7341046 -0.6785944 0.024495738
vn -0 -0.9745589 0.22413152
vn -0 -0.8569634 -0.5153772
vn -0 -0.6868114 -0.72683567
vn 0.55513144 -0.74138165 -0.37707067
vn -0 -0.86929446 -0.49429467
vn 0.42316693 -0.8609922 -0.2821741
vn 0.30212975 -0.79268587 -0.5294967
vn -0 -0.8617907 -0.507264
vn 0.3537275 -0.8122538 -0.46381083
vn 0.25795358 -0.7438752 -0.61653036
vn -0 -0.7673641 -0.6412115
vn -0 -0.9109098 -0.41260564
vn 0.41050476 -0.7880832 -0.45870548
vn 0.3090295 -0.84769833 -0.431171
vn 0.56348264 -0.57027227 -0.5977262
vn 0.4331554 -0.6903463 -0.57948107
vn -0 -0.8097984 -0.58670825
vn -0 -0.28877783 -0.9573961
vn 0.41041222 -0.14076918 -0.9009694
vn -0 -0.14667878 -0.98918414
vn 0.68990374 -0.5061573 -0.5175304
vn 0.43631053 0.21720542 -0.87318665
vn 0.5245899 0.029188737 -0.8508545
vn 0.5988513 -0.13016738 -0.7902111
vn 0.7554699 -0.10799924 -0.6462208
vn 0.69121516 0.18363912 -0.69892657
vn 0.6143534 0.37871355 -0.69220376
vn 0.73240066 0.2628906 -0.6280747
vn 0.46484715 0.5089985 -0.72445685
vn 0.4269309 0.30763555 -0.8503472
vn 0.65887654 0.20334956 -0.7242449
vn 0.33544445 -0.06614374 -0.9397352
vn 0.46484715 0.5089985 -0.72445685
vn 0.45516992 0.7040195 -0.5451395
vn -0.23233919 0.93276817 0.27561206
vn 0.64548916 0.7602962 0.07275658
vn 0.5363511 0.22080511 0.8145996
vn -0.08175092 -0.36825666 0.9261231
vn 0.53640485 -0.7843065 0.31166154
vn 0.8261552 -0.32769638 -0.45834783
vn 0.33544445 -0.06614374 -0.9397352
vn 0.65887654 0.20334956 -0.7242449
vn 0.6448714 -0.65277964 -0.39751682
vn 0.8186783 -0.42658812 -0.38443258
vn 0.4269309 0.30763555 -0.8503472
vn 0.45516992 0.7040195 -0.5451395
vn 0.86686766 -0.4623888 -0.18637888
vn 0.9654227 -0.17674015 -0.19162944
vn 0.64548916 0.7602962 0.07275658
vn 0.5363511 0.22080511 0.8145996
vn 0.85218585 -0.49196842 0.17817482
vn -0.08175092 -0.36825666 0.9261231
vn 0.44162634 -0.8682406 0.22610706
vn 0.53640485 -0.7843065 0.31166154
vn -0 -0.8142672 -0.5804901
vn -0.5245899 0.029188737 -0.8508545
vn -0 -0.14667878 -0.98918414
vn -0.5662724 -0.6215781 -0.5412728
vn -0 -0.9776047 -0.21044944
vn -0.5670489 -0.8094569 -0.15243058
vn -0.9229346 -0.16155751 -0.34941494
vn -0.9428895 -0.33089995 -0.038271043
vn -0.73240066 0.2628906 -0.6280747
vn -0.95680034 0.28466025 0.059174728
vn -0.8817386 0.4325203 -0.18831658
vn -0.70000064 0.4881564 -0.52125096
vn -0.46484715 0.5089985 -0.72445685
vn -0.6894571 0.40716207 -0.599056
vn 0.23233919 0.93276817 0.27561206
vn -0.46184394 0.8767157 -0.13442382
vn -0.47071257 0.88127583 0.042220145
vn -0 0.99854505 0.05392472
vn -0.5425902 0.8173545 0.19372049
vn -0 0.992258 0.124193124
vn -0 0.96414155 0.26538846
vn -0.86686766 -0.4623888 -0.18637888
vn -0.53640485 -0.7843065 0.31166154
vn -0.99276227 -0.10929816 -0.0497679
vn -0.9760612 -0.03986156 -0.21381159
vn -0.9343798 0.06066942 -0.35107496
vn -0.8261551 -0.32769635 -0.45834795
vn -0.65887654 0.20334956 -0.7242449
vn -0.9494752 -0.30926174 -0.053421415
vn -0.9519016 -0.23843089 -0.19244239
vn -0.9222184 -0.35885474 0.14400163
vn -0.6656415 -0.7461313 0.014473544
vn -0.9324824 -0.28481153 0.2221688
vn -0.64158773 -0.670362 0.37280035
vn -0.6691366 -0.7030715 0.24072121
vn -0.29703158 -0.91008556 0.28899246
vn -0.29492143 -0.8521847 0.43220666
vn -0 -0.94984573 0.31271905
vn -0 -0.88629156 0.46312767
vn -0 -0.99993527 -0.011382362
vn -0.30660746 -0.951799 -0.008396092
vn -0 -0.97490466 -0.22262287
vn -0.8236585 -0.55794495 -0.10141074
vn -0.43916705 -0.8682509 -0.23080888
vn -0.32804433 -0.8960949 -0.29899967
vn -0.41422066 -0.88988173 -0.1911325
vn -0 -0.9822896 0.18736847
vn -0.61970484 -0.75463974 -0.21560325
vn -0.3949152 -0.8481592 -0.35308373
vn -0.42063254 -0.8471144 -0.3247544
vn -0.60532 -0.7563932 -0.24790512
vn -0.40333277 -0.90161633 0.15623923
vn -0.79785836 -0.5668332 -0.20523669
vn -0.61227894 -0.7886154 -0.056570087
vn -0.40802124 -0.91261834 0.025422722
vn -0.8437588 -0.49903786 -0.19756591
vn -0.459412 -0.8569149 0.23374677
vn -0.45794 -0.857735 0.23362686
vn -0.7952935 -0.598492 -0.096516654
vn -0.5215358 -0.8531575 -0.011081387
vn -0.94691575 -0.16947643 -0.27318197
vn -0.514631 -0.84660065 0.13572863
vn -0.5715025 -0.8134843 0.107834265
vn -0.50244707 -0.8063056 -0.31211913
vn -0.7341046 -0.6785944 0.024495738
vn -0 -0.9745589 0.22413152
vn -0 -0.8569634 -0.5153772
vn -0 -0.6868114 -0.72683567
vn -0.55513144 -0.74138165 -0.37707067
vn -0 -0.86929446 -0.49429467
vn -0.42316687 -0.86099225 -0.28217408
vn -0.30212972 -0.7926858 -0.5294967
vn -0 -0.8617907 -0.507264
vn -0.3537275 -0.8122538 -0.46381083
vn -0.25795358 -0.7438752 -0.61653036
vn -0 -0.7673641 -0.6412115
vn -0 -0.9109098 -0.41260564
vn -0.41050485 -0.78808314 -0.4587055
vn -0.3090295 -0.84769833 -0.431171
vn -0.4331554 -0.6903463 -0.57948107
vn -0 -0.8097984 -0.58670825
vn -0 -0.28877783 -0.9573961
vn -0.56348264 -0.57027227 -0.5977262
vn -0.41041222 -0.14076918 -0.9009694
vn -0 -0.14667878 -0.98918414
vn -0.43631053 0.21720542 -0.87318665
vn -0.5245899 0.029188737 -0.8508545
vn -0.5988513 -0.13016738 -0.7902111
vn -0.68990374 -0.50615734 -0.5175303
vn -0.6143534 0.37871355 -0.69220376
vn -0.73240066 0.2628906 -0.6280747
vn -0.7862886 -0.5502226 -0.28107908
vn -0.5215358 -0.8531575 -0.011081387
vn -0.459412 -0.8569149 0.23374677
vn -0.7554699 -0.10799924 -0.6462208
vn -0.69121516 0.18363912 -0.69892657
vn -0.8952395 -0.12016588 -0.42907634
vn -0.84954226 0.15598242 -0.5039318
vn -0.46484715 0.5089985 -0.72445685
vn -0.4269309 0.30763555 -0.8503472
vn -0.33544442 -0.06614379 -0.9397352
vn -0.65887654 0.20334956 -0.7242449
vn -0.46484715 0.5089985 -0.72445685
vn -0.45516992 0.7040195 -0.5451395
vn 0.23233919 0.93276817 0.27561206
vn -0.64548916 0.7602962 0.07275658
vn -0.53635114 0.22080511 0.8145996
vn 0.08175088 -0.36825666 0.9261231
vn -0.53640485 -0.7843065 0.31166154
vn -0.8261551 -0.32769635 -0.45834795
vn -0.65887654 0.20334956 -0.7242449
vn -0.33544442 -0.06614379 -0.9397352
vn -0.6448714 -0.65277964 -0.39751682
vn -0.8186783 -0.42658812 -0.38443258
vn -0.4269309 0.30763555 -0.8503472
vn -0.45516992 0.7040195 -0.5451395
vn -0.86686766 -0.4623888 -0.18637888
vn -0.9654227 -0.17674015 -0.19162944
vn -0.64548916 0.7602962 0.07275658
vn -0.53635114 0.22080511 0.8145996
vn -0.8521859 -0.4919684 0.17817484
vn 0.08175088 -0.36825666 0.9261231
vn -0.44162634 -0.8682406 0.22610706
vn -0.53640485 -0.7843065 0.31166154
vn -0.09591858 -0.6281831 -0.77213067
vn -0.6631264 0.39663076 -0.6347813
vn -0.3929963 0.4594024 -0.79655725
vn -0.2028518 -0.6760363 -0.7083969
vn 0.37697446 -0.91345537 -0.15326306
vn -0.69541264 0.38719085 -0.60537976
vn 0.23979735 -0.95135456 -0.19344693
vn -0.5683348 -0.46774206 -0.67691416
vn 0.5955721 -0.73651046 0.32069647
vn 0.4858027 -0.7554221 0.43969667
vn 0.553066 -0.25316066 0.7937428
vn 0.7820772 -0.20503551 0.58848584
vn 0.5438922 0.421323 0.72571903
vn 0.6448733 -0.7236785 0.24582072
vn -0.6373408 -0.53215104 -0.5573258
vn 0.11672322 -0.99309134 -0.012044918
vn -0.7092229 0.3760149 -0.59633505
vn 0.22998214 -0.95920825 -0.16440128
vn -0.64754987 -0.54413944 -0.5334712
vn -0.70670426 0.3750485 -0.5999231
vn -0.6842398 0.40449503 -0.6067946
vn -0.61820245 -0.55132055 -0.5602422
vn -0.65026104 0.45054343 -0.6116954
vn 0.09684161 -0.9884969 0.11617071
vn 0.85348195 -0.15682758 0.49696454
vn 0.7456442 -0.19507618 0.6371498
vn 0.1672318 -0.98203343 0.08742925
vn 0.84404993 -0.20939453 0.49369392
vn 0.7690101 0.40360335 0.49570933
vn 0.68367416 0.41524324 0.60013556
vn 0.31742108 0.8626313 0.39384148
vn 0.36052588 0.86429787 0.3507284
vn 0.03220184 0.99296933 -0.11390796
vn -0.12158325 0.9872658 -0.10258553
vn -0.3929963 0.4594024 -0.79655725
vn -0.6631264 0.39663076 -0.6347813
vn 0.42774963 0.8540825 0.29592788
vn -0.13138825 0.98449403 -0.116226465
vn -0.69541264 0.38719085 -0.60537976
vn 0.5755045 0.74050397 0.34705687
vn -0.12191785 0.986778 -0.10679545
vn -0.7092229 0.3760149 -0.59633505
vn 0.55213577 0.6941238 0.46188554
vn -0.1211382 0.9878083 -0.09777646
vn -0.70670426 0.3750485 -0.5999231
vn 0.75603426 -0.21196353 0.6192606
vn 0.543884 0.6907977 0.47643328
vn -0.12305507 0.9859161 -0.11325582
vn -0.6842398 0.40449503 -0.6067946
vn -0.65026104 0.45054343 -0.6116954
vn -0.1110715 0.9838425 -0.14041735
vn -0.6700919 0.4751006 -0.57031244
vn 0.52382195 0.7155166 0.4622192
vn -0.13045304 0.98761845 -0.08713117
vn -0.701302 0.50668806 -0.5014407
vn 0.19025756 -0.9782988 0.08205779
vn 0.73587304 -0.2215684 0.6398424
vn 0.50762206 0.69716394 0.5062433
vn -0.1467568 0.98916316 -0.004316073
vn -0.58906305 -0.552609 -0.5895999
vn 0.14143486 -0.98451614 0.1035574
vn -0.60555327 -0.5522673 -0.5729799
vn -0.6700919 0.4751006 -0.57031244
vn 0.6788742 -0.30020243 0.67008084
vn 0.06829015 -0.9900205 0.12327193
vn -0.66373485 -0.5405178 -0.5170073
vn -0.701302 0.50668806 -0.5014407
vn 0.494205 0.67953086 0.5422169
vn -0.69838583 -0.49889454 -0.5131874
vn -0.6352222 0.538948 -0.5531979
vn -0.55734164 0.52407354 -0.6439855
vn 0.6486461 -0.327053 0.6872369
vn 0.5578057 0.6730643 0.4856308
vn -0.009820435 -0.98865193 0.14990334
vn 0.6472612 -0.34376255 0.68035316
vn -0.055556677 0.9952917 -0.07942162
vn -0.6352222 0.538948 -0.5531979
vn 0.6309691 0.6550076 0.41574392
vn 0.029283904 0.9842971 -0.17407343
vn -0.55734164 0.52407354 -0.6439855
vn 0.6784337 -0.37940443 0.62911046
vn -0.026983913 -0.9934623 0.110925674
vn 0.03463727 0.9811948 -0.18988688
vn -0.5295321 0.524327 -0.66684103
vn 0.65120906 0.64725286 0.3962203
vn 0.65865165 0.6313155 0.4094126
vn 0.02986713 0.98052764 -0.19409662
vn -0.5380792 0.51632947 -0.6662392
vn -0.5617708 0.5241938 -0.6400268
vn 0.7151807 -0.37325084 0.59093183
vn 0.0273399 0.98557013 -0.16704506
vn -0.64374316 0.5212853 -0.5602289
vn -0.035862837 0.9969103 -0.069884285
vn 0.66372174 0.6064493 0.43782723
vn 0.67165655 0.5395113 0.5077451
vn 0.7231852 -0.36197075 0.588201
vn 0.7103656 -0.3700411 0.5987072
vn 0.7211431 -0.368216 0.58683014
vn -0.04981563 -0.99867153 -0.013170618
vn -0.12552014 -0.96879095 0.21374913
vn -0.8374843 -0.21159464 -0.503833
vn -0.012415935 -0.9987808 0.047778476
vn -0.025433477 -0.9996387 0.008705967
vn -0.694306 -0.32039163 -0.6444287
vn -0.64374316 0.5212853 -0.5602289
vn -0.5617708 0.5241938 -0.6400268
vn -0.5380792 0.51632947 -0.6662392
vn -0.65474665 -0.3845451 -0.6507165
vn -0.5295321 0.524327 -0.66684103
vn -0.6371966 -0.43935275 -0.63320583
vn -0.6626025 -0.482806 -0.57258725
vn -0.9075669 -0.41970542 0.013029279
vn -0.8374843 -0.21159464 -0.503833
vn -0.12552014 -0.96879095 0.21374913
vn -0.084031224 -0.8444638 0.5289798
vn 0.6567999 -0.35129967 0.6672349
vn -0.01966146 -0.8174203 0.57570606
vn 0.7103656 -0.3700411 0.5987072
vn 0.67165655 0.5395113 0.5077451
vn -0.6328765 -0.73999316 0.2277665
vn -0.9656025 -0.18449861 -0.18322723
vn -0.4991304 -0.85181916 0.15897477
vn -0.9134196 -0.30287135 -0.2719072
vn -0.857037 -0.3625209 -0.3661504
vn -0.40096548 -0.907718 0.12359061
vn 0.20730142 -0.8863291 0.41406143
vn -0.4189017 -0.8982491 0.13292801
vn -0.895139 -0.2595726 -0.36242005
vn 0.42812717 -0.79399586 0.43159923
vn -0.39980406 -0.9092425 0.11590838
vn -0.8829207 -0.22870287 -0.4100563
vn 0.47133294 -0.7605175 0.44660768
vn 0.952031 -0.28150716 0.11996097
vn 0.49599028 -0.7652136 0.41041675
vn 0.51581234 -0.79063255 0.32990575
vn 0.96005803 0.021993984 0.27893528
vn 0.96817905 0.09881127 0.2299256
vn 0.98144585 0.1651412 0.09742889
vn 0.7557954 -0.2695127 -0.5967715
vn 0.6424022 -0.7658385 -0.028476505
vn -0.098334245 -0.4818597 -0.8707133
vn -0.81412214 -0.1905541 -0.54853827
vn -0.33757788 -0.9406185 0.035748415
vn 0.528342 -0.6533264 0.54223543
vn 0.59919846 -0.6500242 0.46736473
vn 0.21876617 -0.9483605 -0.2296816
vn 0.62592393 -0.3032543 0.7185095
vn 0.5952771 -0.63865274 0.4876145
vn -0.012992363 -0.99628603 -0.08511879
vn -0.038219225 -0.9984023 -0.041619062
vn 0.74422246 -0.14212936 0.65263474
vn 0.74655247 0.20194173 0.63393915
vn 0.8472329 -0.08868613 0.5237662
vn 0.67969835 0.25238913 0.6887016
vn 0.5759873 -0.6570516 0.48633522
vn 0.5855867 0.48646727 0.6484117
vn 0.32914162 0.8006511 0.5006233
vn -0.2333818 0.9683538 0.08845248
vn -0.035862837 0.9969103 -0.069884285
vn -0.4297276 0.8974958 -0.09917303
vn 0.39480802 0.8024746 0.44739372
vn -0.49459156 0.78668183 -0.36947373
vn -0.09833334 0.9926097 0.07110933
vn 0.51216877 0.71837866 0.4707604
vn 0.7928641 0.1943831 0.5775653
vn 0.5228556 0.7288487 0.44204262
vn -0.17702474 0.980681 0.083229244
vn 0.53267145 0.74058574 0.40962657
vn -0.19027805 0.98118055 0.032848723
vn 0.8059358 0.21904095 0.54998946
vn 0.52883166 0.755465 0.3867943
vn -0.18980241 0.981724 -0.013895941
vn 0.8043461 -0.36461443 0.4691309
vn 0.7944703 0.28578448 0.5358582
vn 0.50393957 0.7649449 0.40112853
vn 0.46711972 0.77691287 0.42214388
vn -0.14821106 0.98820484 -0.03853148
vn 0.33493152 0.88255596 -0.33002415
vn 0.63590246 0.5900784 -0.49742892
vn 0.70421785 0.36252934 0.6104504
vn 0.88996464 -0.194839 -0.41231152
vn 0.74118674 0.35148272 0.5719283
vn 0.75012463 -0.4073622 0.5209308
vn 0.16576096 -0.94085175 -0.29550153
vn 0.100467704 -0.9832396 -0.15213865
vn 0.7674651 0.32829058 0.5506564
vn 0.73978657 -0.39676648 0.5434079
vn 0.7464055 -0.3905444 0.53884494
vn 0.15286991 -0.9880262 -0.020859357
vn 0.7548667 -0.40033117 0.51952976
vn 0.9989749 0.034984834 0.028726446
vn 0.79800487 0.40168184 0.44926605
vn 0.72305924 0.46497378 0.51086664
vn 0.27683866 0.9609068 0.004286305
vn 0.5553346 -0.6233936 0.5504397
vn -0.062145878 -0.99783725 0.021417562
vn 0.68680453 0.4832405 0.5429348
vn 0.16533624 0.98517865 -0.0456842
vn 0.54524434 -0.59215313 0.59334916
vn -0.07936553 -0.9967139 0.01620718
vn 0.65404874 0.49332973 0.57345104
vn 0.6328688 0.521062 0.5726879
vn 0.14058253 0.9815092 -0.1299085
vn 0.5224911 -0.59251344 0.613132
vn 0.4935326 -0.61695206 0.6130218
vn 0.49700636 -0.64617974 0.5791687
vn -0.05608937 -0.99767214 -0.038783174
vn 0.10750265 -0.94448674 -0.31046405
vn 0.63597304 0.5294342 0.5614603
vn 0.273636 0.8593892 -0.43194157
vn 0.9264458 0.31779268 -0.20175725
vn 0.2208373 0.28687724 -0.93216544
vn 0.10843282 -0.40654558 -0.9071731
vn 0.8329085 -0.51824075 -0.19413914
vn 0.63590246 0.5900784 -0.49742892
vn 0.33493152 0.88255596 -0.33002415
vn -0.57940996 0.43416122 -0.68977404
vn -0.44212276 -0.00970076 -0.896902
vn -0.23918548 -0.44410563 -0.8634585
vn 0.88996464 -0.194839 -0.41231152
vn 0.16576096 -0.94085175 -0.29550153
vn 0.100467704 -0.9832396 -0.15213865
vn -0.48858213 -0.5984889 -0.6349003
vn -0.49865937 -0.65997434 -0.56193656
vn 0.15286991 -0.9880262 -0.020859357
vn -0.6220415 0.027703686 -0.782494
vn 0.9989749 0.034984834 0.028726446
vn -0.7010702 -0.10605708 -0.7051612
vn -0.736023 -0.24125317 -0.6325085
vn -0.7711878 0.42167616 -0.47692636
vn -0.67487544 -0.269235 -0.68706316
vn -0.78198504 0.3049369 -0.54361093
vn -0.80699193 0.35033688 -0.47542402
vn -0.17702474 0.980681 0.083229244
vn -0.19027805 0.98118055 0.032848723
vn -0.18980241 0.981724 -0.013895941
vn -0.14821106 0.98820484 -0.03853148
vn -0.7711878 0.42167616 -0.47692636
vn -0.17702474 0.980681 0.083229244
vn -0.09833334 0.9926097 0.07110933
vn -0.66130805 0.49663186 -0.5621641
vn -0.7010702 -0.10605708 -0.7051612
vn -0.49459156 0.78668183 -0.36947373
vn -0.64758396 0.040689006 -0.7609069
vn -0.6220415 0.027703686 -0.782494
vn -0.5920755 0.1674271 -0.7882986
vn -0.51581967 -0.5296133 -0.6733794
vn -0.72971326 0.41853663 -0.54069
vn -0.4297276 0.8974958 -0.09917303
vn -0.75180185 0.4990997 -0.43092164
vn -0.2333818 0.9683538 0.08845248
vn -0.035862837 0.9969103 -0.069884285
vn -0.64374316 0.5212853 -0.5602289
vn -0.89527017 0.16164201 -0.41516638
vn -0.8374843 -0.21159464 -0.503833
vn -0.9075669 -0.41970542 0.013029279
vn -0.80871534 0.31222504 -0.49849272
vn -0.9656025 -0.18449861 -0.18322723
vn -0.585748 0.4243673 -0.6905155
vn -0.9134196 -0.30287135 -0.2719072
vn -0.857037 -0.3625209 -0.3661504
vn -0.18583521 0.43621618 -0.88044345
vn -0.097462736 -0.28853387 -0.9524963
vn -0.50292486 0.40539274 -0.7633632
vn -0.50558764 0.5734838 -0.64459085
vn -0.895139 -0.2595726 -0.36242005
vn 0.50038457 0.5335996 -0.6818261
vn 0.16021824 0.4720635 -0.866883
vn 0.6311722 -0.16679206 -0.7574972
vn -0.43415025 0.6552435 -0.6181987
vn -0.8829207 -0.22870287 -0.4100563
vn -0.29811454 0.5964766 -0.7452137
vn -0.81412214 -0.1905541 -0.54853827
vn -0.098334245 -0.4818597 -0.8707133
vn 0.7557954 -0.2695127 -0.5967715
vn 0.44497177 0.83879966 -0.31371227
vn 0.40887278 0.77082175 -0.4885252
vn 0.98144585 0.1651412 0.09742889
vn 0.96817905 0.09881127 0.2299256
vn 0.96005803 0.021993984 0.27893528
vn 0.539181 0.78792083 -0.29743004
vn 0.952031 -0.28150716 0.11996097
vn 0.6424022 -0.7658385 -0.028476505
vn 0.21876617 -0.9483605 -0.2296816
vn -0.012992363 -0.99628603 -0.08511879
vn -0.5967025 -0.48340133 -0.6405227
vn -0.038219225 -0.9984023 -0.041619062
vn -0.42609075 0.64196366 -0.63743967
vn 0.9989749 0.034984834 0.028726446
vn 0.27683866 0.9609068 0.004286305
vn 0.16533624 0.98517865 -0.0456842
vn -0.5874395 -0.5554291 -0.5885689
vn -0.5527507 -0.55685526 -0.61998284
vn -0.062145878 -0.99783725 0.021417562
vn -0.07936553 -0.9967139 0.01620718
vn -0.05608937 -0.99767214 -0.038783174
vn -0.44649425 0.5756468 -0.6850354
vn 0.14058253 0.9815092 -0.1299085
vn -0.2510426 0.45786434 -0.852841
vn 0.273636 0.8593892 -0.43194157
vn 0.2208373 0.28687724 -0.93216544
vn 0.10843282 -0.40654558 -0.9071731
vn -0.33947328 -0.53843284 -0.7712639
vn 0.10750265 -0.94448674 -0.31046405
vn 0.095918566 -0.6281831 -0.77213067
vn 0.3929963 0.4594024 -0.79655725
vn 0.6631384 0.3966332 -0.6347673
vn 0.2023692 -0.67589915 -0.7086657
vn -0.37697446 -0.91345537 -0.15326305
vn 0.69595975 0.38695246 -0.6049032
vn -0.23998144 -0.9512834 -0.19356892
vn 0.5599641 -0.47190657 -0.68098783
vn -0.5955721 -0.73651046 0.32069647
vn -0.48580274 -0.75542223 0.43969658
vn -0.553066 -0.2531607 0.7937428
vn -0.7820772 -0.20503551 0.58848584
vn -0.54389226 0.42132294 0.7257191
vn -0.6470088 -0.72329134 0.24130718
vn 0.61970824 -0.53966063 -0.5698492
vn -0.14453083 -0.98849237 -0.04465143
vn 0.7132488 0.37606415 -0.59148276
vn -0.2438496 -0.9545464 -0.17140144
vn 0.6368138 -0.5462487 -0.5441329
vn 0.7076194 0.3849083 -0.5925541
vn 0.6769727 0.4148128 -0.60797894
vn 0.6269702 -0.55163634 -0.5500961
vn 0.64567363 0.451006 -0.61619735
vn -0.11927281 -0.9888193 0.089501165
vn -0.85902554 -0.16629578 0.4841703
vn -0.7547684 -0.19532494 0.62623715
vn -0.15133764 -0.9826355 0.10735149
vn -0.84459597 -0.20967121 0.49264145
vn -0.76896596 0.40349206 0.4958685
vn -0.68367416 0.41524327 0.60013556
vn -0.31742108 0.8626313 0.39384148
vn -0.3605258 0.86429787 0.35072833
vn -0.03220185 0.99296933 -0.11390796
vn 0.12158324 0.9872658 -0.10258556
vn 0.3929963 0.4594024 -0.79655725
vn 0.6631384 0.3966332 -0.6347673
vn -0.42773983 0.8540854 0.2959337
vn 0.13150081 0.98453623 -0.115741044
vn 0.69595975 0.38695246 -0.6049032
vn -0.57076275 0.7420779 0.35149717
vn 0.1299547 0.9866274 -0.0983784
vn 0.7132488 0.37606415 -0.59148276
vn -0.53981715 0.70297587 0.46305758
vn 0.12920149 0.98760366 -0.08914025
vn 0.7076194 0.3849083 -0.5925541
vn -0.750207 -0.21078394 0.6267053
vn -0.54028076 0.7005663 0.46615842
vn 0.11728324 0.9858744 -0.119567506
vn 0.6769727 0.4148128 -0.60797894
vn 0.64567363 0.451006 -0.61619735
vn 0.10443843 0.98345953 -0.1479861
vn 0.6697963 0.47529885 -0.5704944
vn -0.5281409 0.7162503 0.45612803
vn 0.13037506 0.9876258 -0.087163664
vn 0.701302 0.50668806 -0.5014407
vn -0.16410749 -0.98018473 0.11093568
vn -0.7245295 -0.23202643 0.6490151
vn -0.5077184 0.69731575 0.50593746
vn 0.14675681 0.98916316 -0.004316062
vn 0.596479 -0.56312025 -0.5719339
vn -0.13550895 -0.9846794 0.10974416
vn 0.6071014 -0.55492204 -0.5687614
vn 0.6697963 0.47529885 -0.5704944
vn -0.6755463 -0.30263647 0.67234546
vn 0.66373485 -0.5405178 -0.5170072
vn 0.701302 0.50668806 -0.5014407
vn -0.06829016 -0.9900205 0.12327193
vn -0.49420497 0.67953086 0.5422169
vn 0.69838595 -0.49889448 -0.51318747
vn 0.6352222 0.53894794 -0.5531979
vn 0.5573416 0.5240735 -0.6439855
vn -0.6486461 -0.327053 0.68723696
vn -0.5578057 0.6730643 0.4856308
vn 0.009820435 -0.98865193 0.14990334
vn -0.6472612 -0.3437625 0.68035316
vn 0.05555669 0.9952917 -0.07942162
vn 0.6352222 0.53894794 -0.5531979
vn -0.6309691 0.6550076 0.41574392
vn -0.02928389 0.9842971 -0.17407343
vn 0.5573416 0.5240735 -0.6439855
vn -0.6784337 -0.37940434 0.62911046
vn 0.0269839 -0.9934623 0.110925674
vn -0.034637272 0.9811948 -0.18988691
vn 0.5295321 0.524327 -0.66684103
vn -0.6512091 0.64725274 0.39622036
vn -0.6586517 0.6313155 0.40941262
vn -0.029867133 0.98052764 -0.19409665
vn 0.5380792 0.51632947 -0.6662392
vn 0.5617708 0.5241938 -0.6400268
vn -0.7151807 -0.37325084 0.59093183
vn -0.027339913 0.98557013 -0.16704506
vn 0.6437431 0.52128524 -0.56022894
vn 0.035862837 0.9969103 -0.06988429
vn -0.66372174 0.6064493 0.43782723
vn -0.67165655 0.5395114 0.5077451
vn -0.72318524 -0.36197075 0.588201
vn -0.7103656 -0.37004104 0.5987072
vn -0.7211431 -0.368216 0.5868301
vn 0.049815655 -0.99867153 -0.013170631
vn 0.12552017 -0.96879095 0.2137491
vn 0.8374843 -0.21159464 -0.503833
vn 0.0124158915 -0.9987808 0.047778495
vn 0.025433453 -0.9996387 0.008705979
vn 0.694306 -0.32039168 -0.6444287
vn 0.6437431 0.52128524 -0.56022894
vn 0.5617708 0.5241938 -0.6400268
vn 0.5380792 0.51632947 -0.6662392
vn 0.65474665 -0.3845451 -0.6507165
vn 0.5295321 0.524327 -0.66684103
vn 0.63719666 -0.4393527 -0.6332059
vn 0.66260254 -0.48280597 -0.5725874
vn 0.57940996 0.4341612 -0.68977404
vn 0.18980241 0.981724 -0.013895945
vn 0.14821106 0.98820484 -0.038531482
vn 0.78198504 0.30493692 -0.54361093
vn 0.19027801 0.98118055 0.03284874
vn 0.80699205 0.350337 -0.47542393
vn 0.17702474 0.980681 0.08322925
vn 0.77118766 0.42167613 -0.4769263
vn 0.73602307 -0.24125318 -0.63250846
vn 0.7010702 -0.10605708 -0.7051612
vn 0.4986593 -0.65997434 -0.56193656
vn 0.6220415 0.027703686 -0.782494
vn -0.15286991 -0.9880262 -0.020859364
vn -0.9989749 0.034984857 0.028726455
vn -0.100467704 -0.9832396 -0.1521386
vn 0.48858225 -0.5984889 -0.63490033
vn 0.6748753 -0.26923496 -0.6870632
vn 0.44212276 -0.009700776 -0.896902
vn 0.23918548 -0.44410557 -0.8634585
vn -0.16576096 -0.94085175 -0.2955015
vn -0.8899645 -0.194839 -0.41231164
vn -0.6359025 0.59007835 -0.49742898
vn -0.33493158 0.8825559 -0.3300241
vn 0.8829207 -0.22870283 -0.4100563
vn 0.81412214 -0.19055404 -0.54853827
vn 0.0983343 -0.4818597 -0.8707133
vn 0.3375779 -0.9406185 0.035748426
vn -0.5158123 -0.79063255 0.32990578
vn -0.7557954 -0.26951274 -0.59677154
vn -0.98144597 0.16514114 0.09742895
vn -0.96817905 0.09881122 0.22992563
vn -0.9600579 0.02199404 0.27893528
vn 0.39980406 -0.9092425 0.11590839
vn 0.895139 -0.2595726 -0.36242005
vn -0.4959902 -0.7652136 0.41041672
vn 0.41890168 -0.8982491 0.132928
vn 0.857037 -0.3625209 -0.36615035
vn -0.47133294 -0.7605175 0.44660768
vn -0.952031 -0.28150713 0.11996095
vn -0.42812717 -0.79399586 0.43159923
vn 0.40096548 -0.907718 0.12359061
vn -0.2073014 -0.8863291 0.41406137
vn -0.6424021 -0.7658384 -0.028476479
vn 0.4991304 -0.85181916 0.15897478
vn 0.019661468 -0.8174203 0.57570606
vn 0.91341966 -0.30287135 -0.2719072
vn 0.9656025 -0.18449861 -0.18322723
vn 0.6328765 -0.73999316 0.2277665
vn 0.9075669 -0.4197054 0.013029285
vn -0.528342 -0.6533264 0.54223543
vn -0.5991985 -0.65002406 0.46736464
vn -0.21876617 -0.9483605 -0.2296816
vn -0.625924 -0.3032543 0.7185095
vn -0.6568 -0.3512996 0.66723484
vn 0.08403127 -0.8444638 0.5289798
vn 0.12552017 -0.96879095 0.2137491
vn 0.8374843 -0.21159464 -0.503833
vn -0.7103656 -0.37004104 0.5987072
vn -0.67165655 0.5395114 0.5077451
vn -0.5952771 -0.6386527 0.48761445
vn 0.012992365 -0.99628603 -0.08511881
vn 0.038219225 -0.9984023 -0.04161905
vn -0.74422264 -0.14212939 0.6526347
vn -0.74655247 0.20194173 0.63393915
vn -0.847233 -0.08868614 0.5237663
vn -0.67969835 0.25238913 0.6887016
vn -0.5855867 0.48646727 0.6484117
vn -0.5759872 -0.6570516 0.48633516
vn 0.23338173 0.9683538 0.08845247
vn 0.035862837 0.9969103 -0.06988429
vn -0.32914162 0.800651 0.5006233
vn 0.4297276 0.8974958 -0.099173054
vn -0.394808 0.8024746 0.44739372
vn 0.49459156 0.78668183 -0.36947373
vn 0.09833334 0.9926097 0.07110934
vn -0.51216877 0.71837866 0.47076043
vn -0.7928641 0.1943831 0.5775654
vn -0.5228556 0.7288487 0.44204268
vn 0.17702474 0.980681 0.08322925
vn -0.53267145 0.74058574 0.40962657
vn 0.19027801 0.98118055 0.03284874
vn -0.8059359 0.21904097 0.5499895
vn -0.52883166 0.755465 0.3867943
vn 0.18980241 0.981724 -0.013895945
vn -0.8043461 -0.3646143 0.4691309
vn -0.7944703 0.28578448 0.5358582
vn -0.50393957 0.7649449 0.4011286
vn -0.46711972 0.77691287 0.42214388
vn 0.14821106 0.98820484 -0.038531482
vn -0.33493158 0.8825559 -0.3300241
vn -0.6359025 0.59007835 -0.49742898
vn -0.70421785 0.3625293 0.6104503
vn -0.8899645 -0.194839 -0.41231164
vn -0.74118674 0.35148278 0.57192826
vn -0.75012463 -0.40736228 0.5209309
vn -0.16576096 -0.94085175 -0.2955015
vn -0.100467704 -0.9832396 -0.1521386
vn -0.7674651 0.32829058 0.55065644
vn -0.7397865 -0.39676654 0.54340786
vn -0.7464055 -0.39054447 0.53884494
vn -0.15286991 -0.9880262 -0.020859364
vn -0.7548668 -0.40033117 0.51952976
vn -0.9989749 0.034984857 0.028726455
vn -0.7980048 0.40168187 0.4492661
vn -0.72305924 0.4649738 0.51086664
vn -0.27683866 0.9609068 0.0042863046
vn -0.5553346 -0.62339365 0.5504398
vn 0.062145874 -0.99783725 0.021417562
vn -0.68680453 0.4832405 0.5429348
vn -0.16533619 0.98517865 -0.0456842
vn -0.54524434 -0.59215313 0.59334916
vn 0.079365514 -0.9967139 0.016207187
vn -0.65404874 0.49332973 0.57345104
vn -0.63286877 0.521062 0.5726878
vn -0.14058253 0.9815092 -0.1299085
vn -0.5224912 -0.59251344 0.61313194
vn -0.49353266 -0.616952 0.61302185
vn -0.49700633 -0.6461798 0.5791687
vn 0.056089345 -0.99767214 -0.03878314
vn -0.107502654 -0.9444868 -0.31046402
vn -0.63597304 0.5294342 0.5614603
vn -0.273636 0.8593892 -0.43194157
vn -0.9264458 0.31779265 -0.20175725
vn -0.22083728 0.28687721 -0.9321653
vn -0.10843283 -0.40654555 -0.9071731
vn -0.8329085 -0.51824075 -0.19413914
vn 0.77118766 0.42167613 -0.4769263
vn 0.09833334 0.9926097 0.07110934
vn 0.17702474 0.980681 0.08322925
vn 0.66130805 0.49663186 -0.5621641
vn 0.7010702 -0.10605708 -0.7051612
vn 0.49459156 0.78668183 -0.36947373
vn 0.64758396 0.040689014 -0.76090693
vn 0.6220415 0.027703686 -0.782494
vn 0.5920755 0.1674271 -0.7882986
vn 0.51581967 -0.52961326 -0.6733794
vn 0.7297132 0.41853666 -0.54069
vn 0.4297276 0.8974958 -0.099173054
vn 0.75180185 0.4990997 -0.43092164
vn 0.23338173 0.9683538 0.08845247
vn 0.035862837 0.9969103 -0.06988429
vn 0.6437431 0.52128524 -0.56022894
vn 0.89527017 0.16164201 -0.41516638
vn 0.8374843 -0.21159464 -0.503833
vn 0.9075669 -0.4197054 0.013029285
vn 0.80871534 0.31222504 -0.49849272
vn 0.9656025 -0.18449861 -0.18322723
vn 0.585748 0.42436725 -0.6905155
vn 0.91341966 -0.30287135 -0.2719072
vn 0.857037 -0.3625209 -0.36615035
vn 0.18583521 0.43621618 -0.88044345
vn 0.09746276 -0.28853384 -0.9524963
vn 0.5029248 0.40539268 -0.7633632
vn 0.50558764 0.5734838 -0.64459085
vn 0.895139 -0.2595726 -0.36242005
vn -0.50038457 0.5335996 -0.6818261
vn -0.16021822 0.47206348 -0.86688304
vn -0.6311722 -0.16679206 -0.7574972
vn 0.43415016 0.6552435 -0.61819863
vn 0.8829207 -0.22870283 -0.4100563
vn 0.29811454 0.5964766 -0.7452137
vn 0.81412214 -0.19055404 -0.54853827
vn 0.0983343 -0.4818597 -0.8707133
vn -0.7557954 -0.26951274 -0.59677154
vn -0.44497177 0.83879966 -0.31371227
vn -0.40887278 0.77082175 -0.4885252
vn -0.98144597 0.16514114 0.09742895
vn -0.96817905 0.09881122 0.22992563
vn -0.9600579 0.02199404 0.27893528
vn -0.539181 0.78792083 -0.29743004
vn -0.952031 -0.28150713 0.11996095
vn -0.6424021 -0.7658384 -0.028476479
vn -0.21876617 -0.9483605 -0.2296816
vn 0.012992365 -0.99628603 -0.08511881
vn 0.5967025 -0.48340133 -0.6405227
vn 0.038219225 -0.9984023 -0.04161905
vn 0.42609075 0.64196366 -0.63743967
vn -0.9989749 0.034984857 0.028726455
vn -0.27683866 0.9609068 0.0042863046
vn -0.16533619 0.98517865 -0.0456842
vn 0.5874395 -0.5554291 -0.58856887
vn 0.55275077 -0.55685544 -0.61998284
vn 0.062145874 -0.99783725 0.021417562
vn 0.079365514 -0.9967139 0.016207187
vn 0.056089345 -0.99767214 -0.03878314
vn 0.44649425 0.5756468 -0.6850354
vn -0.14058253 0.9815092 -0.1299085
vn 0.25104263 0.45786434 -0.852841
vn -0.273636 0.8593892 -0.43194157
vn -0.22083728 0.28687721 -0.9321653
vn -0.10843283 -0.40654555 -0.9071731
vn 0.33947328 -0.53843284 -0.7712639
vn -0.107502654 -0.9444868 -0.31046402
vn -0.5575187 0.7973412 0.2311272
vn 0.24196836 0.74804497 0.6179644
vn 0.18410671 0.7807567 0.59709597
vn -0.5246551 0.77382153 0.35487616
vn -0.83913 -0.080016114 -0.5380132
vn -0.8457664 -0.19727264 -0.49574462
vn 0.34853494 0.7782761 0.5223119
vn -0.9375097 -0.11346346 -0.32894003
vn -0.44350848 0.82451254 0.3513962
vn 0.40607694 0.8222479 0.39876023
vn -0.9513238 -0.123773165 -0.2822468
vn -0.4112366 0.88468647 0.21957749
vn 0.4002013 0.8520184 0.3374958
vn -0.9462848 -0.13395387 -0.2942815
vn -0.40264463 0.9055796 0.13342711
vn -0.93805116 -0.13404292 -0.31951898
vn 0.3854955 0.87052214 0.30591562
vn -0.39526197 0.91562766 0.07344307
vn -0.93482006 -0.105816275 -0.33899018
vn -0.33887655 0.93983495 0.043276437
vn 0.40843302 0.86998975 0.2762251
vn -0.94192237 -0.04804111 -0.33237672
vn 0.7238265 0.64015347 0.2574465
vn -0.21132778 0.9752686 0.064743355
vn -0.3508547 -0.22299273 -0.9094917
vn 0.37896317 0.48160908 -0.79021496
vn -0.94192237 -0.04804111 -0.33237672
vn -0.76199335 -0.56550664 -0.31554464
vn -0.3508547 -0.22299273 -0.9094917
vn -0.93482006 -0.105816275 -0.33899018
vn -0.6922778 -0.6347542 -0.34327662
vn -0.66813874 -0.65924984 -0.34493527
vn -0.93805116 -0.13404292 -0.31951898
vn -0.9462848 -0.13395387 -0.2942815
vn -0.65685153 -0.6646673 -0.3560386
vn -0.9513238 -0.123773165 -0.2822468
vn -0.6521203 -0.64495826 -0.3984569
vn -0.9375097 -0.11346346 -0.32894003
vn -0.5960681 -0.61411536 -0.5172669
vn -0.8457664 -0.19727264 -0.49574462
vn -0.49748677 -0.59524244 -0.6310257
vn -0.45045462 -0.5929805 -0.6674315
vn -0.83913 -0.080016114 -0.5380132
vn 0.37896317 0.48160908 -0.79021496
vn 0.96590114 -0.21958122 -0.13718298
vn 0.7238265 0.64015347 0.2574465
vn 0.8704396 0.4314931 0.23695722
vn 0.9476752 -0.29130474 -0.1305877
vn 0.93422335 -0.34235352 -0.10010376
vn 0.7553565 0.5889867 0.2872823
vn 0.87875414 0.3976011 0.26401636
vn 0.57723266 0.76278067 0.29149276
vn 0.40843302 0.86998975 0.2762251
vn 0.7389302 0.5925115 0.3207995
vn 0.57357085 0.7497333 0.33002475
vn 0.3854955 0.87052214 0.30591562
vn 0.88560075 0.3590505 0.29460815
vn 0.9202885 -0.38663054 -0.059883423
vn 0.891528 -0.45283562 0.01085364
vn 0.7420212 0.5748855 0.34483522
vn 0.75241816 0.5279896 0.39381963
vn 0.5839943 0.7302047 0.35461468
vn 0.4002013 0.8520184 0.3374958
vn 0.8908693 0.2911254 0.3487089
vn 0.83100885 -0.55196875 0.06895482
vn 0.595024 0.69339913 0.4063792
vn 0.40607694 0.8222479 0.39876023
vn 0.34853494 0.7782761 0.5223119
vn 0.89082116 0.20231168 0.40682638
vn 0.56791055 0.6600803 0.4917027
vn 0.87009984 0.08183157 0.48603493
vn 0.7343849 -0.66666913 0.12740076
vn 0.7523704 0.4783177 0.4529358
vn 0.72338694 0.42594394 0.54339945
vn 0.48110563 0.6435293 0.59532124
vn 0.24196836 0.74804497 0.6179644
vn 0.40573674 0.6842732 0.6059274
vn 0.18410671 0.7807567 0.59709597
vn 0.7069238 0.42654285 0.56419843
vn 0.859168 0.0036208364 0.51168084
vn 0.71765655 -0.6635167 0.21145798
vn -0.41600275 -0.7254487 -0.54833007
vn -0.47775072 -0.63408977 -0.6080167
vn 0.83100885 -0.55196875 0.06895482
vn -0.41600275 -0.7254487 -0.54833007
vn 0.7343849 -0.66666913 0.12740076
vn -0.3572627 -0.7898966 -0.49842426
vn 0.891528 -0.45283562 0.01085364
vn -0.2888595 -0.8275159 -0.481433
vn 0.9202885 -0.38663054 -0.059883423
vn -0.2826719 -0.8349292 -0.47221798
vn 0.93422335 -0.34235352 -0.10010376
vn -0.25168815 -0.85018957 -0.46241832
vn 0.9476752 -0.29130474 -0.1305877
vn -0.2094448 -0.8560684 -0.47252494
vn 0.96590114 -0.21958122 -0.13718298
vn -0.20549728 -0.8450862 -0.49355862
vn 0.37896317 0.48160908 -0.79021496
vn -0.3508547 -0.22299273 -0.9094917
vn -0.3572627 -0.7898966 -0.49842426
vn -0.8247104 -0.18138218 -0.5356801
vn -0.41600275 -0.7254487 -0.54833007
vn -0.8484536 -0.29789945 -0.4374727
vn -0.7105835 -0.40863806 -0.5727879
vn -0.84163254 -0.3791648 -0.38456297
vn -0.7556169 -0.5201243 -0.39813784
vn -0.2888595 -0.8275159 -0.481433
vn -0.8253679 -0.4525363 -0.3376072
vn -0.2826719 -0.8349292 -0.47221798
vn -0.25168815 -0.85018957 -0.46241832
vn -0.7572079 -0.46436685 -0.45934698
vn -0.66924244 -0.5633928 -0.48446167
vn -0.6107934 -0.5124827 -0.60356677
vn -0.5960681 -0.61411536 -0.5172669
vn -0.49748677 -0.59524244 -0.6310257
vn -0.685217 -0.6093035 -0.3990324
vn -0.6521203 -0.64495826 -0.3984569
vn -0.65685153 -0.6646673 -0.3560386
vn -0.6812222 -0.64046866 -0.354593
vn -0.66813874 -0.65924984 -0.34493527
vn -0.7266748 -0.5873481 -0.35632288
vn -0.6964232 -0.6323106 -0.33937904
vn -0.6922778 -0.6347542 -0.34327662
vn -0.8000447 -0.51578844 -0.30641615
vn -0.71279174 -0.6182985 -0.33111173
vn -0.73415977 -0.5880775 -0.33937332
vn -0.76199335 -0.56550664 -0.31554464
vn -0.73863375 -0.58601415 -0.3331782
vn -0.78336877 -0.53901696 -0.3095062
vn -0.2094448 -0.8560684 -0.47252494
vn -0.20549728 -0.8450862 -0.49355862
vn -0.3508547 -0.22299273 -0.9094917
vn -0.41600275 -0.7254487 -0.54833007
vn -0.78289974 -0.10697265 -0.6128824
vn -0.47775072 -0.63408977 -0.6080167
vn -0.8247104 -0.18138218 -0.5356801
vn -0.7105835 -0.40863806 -0.5727879
vn -0.66452223 -0.3682892 -0.6502101
vn -0.6107934 -0.5124827 -0.60356677
vn -0.5622496 -0.4893861 -0.6666158
vn -0.49748677 -0.59524244 -0.6310257
vn -0.45045462 -0.5929805 -0.6674315
vn 0.55751866 0.79734135 0.23112728
vn -0.18410628 0.7807568 0.5970961
vn -0.2419682 0.7480452 0.61796427
vn 0.5246551 0.77382153 0.3548762
vn 0.8391299 -0.080016084 -0.5380133
vn 0.8457664 -0.19727261 -0.49574462
vn -0.34853494 0.7782761 0.5223119
vn 0.9375097 -0.11346345 -0.32894003
vn 0.44350848 0.82451254 0.35139614
vn -0.40607694 0.8222479 0.39876023
vn 0.9513238 -0.12377309 -0.28224677
vn 0.41123655 0.88468647 0.21957748
vn -0.40020132 0.85201854 0.33749577
vn 0.9462848 -0.13395387 -0.29428148
vn 0.40264463 0.9055796 0.13342711
vn 0.93805116 -0.13404287 -0.31951898
vn -0.38549548 0.87052214 0.30591562
vn 0.39526197 0.9156278 0.07344305
vn 0.93482006 -0.10581623 -0.33899015
vn 0.33887663 0.93983495 0.043276437
vn -0.40843293 0.8699898 0.27622512
vn 0.94192237 -0.048041135 -0.33237672
vn -0.7238265 0.64015347 0.2574465
vn 0.21132776 0.9752686 0.06474341
vn 0.35085452 -0.22299276 -0.9094917
vn -0.37896347 0.4816089 -0.79021484
vn 0.94192237 -0.048041135 -0.33237672
vn 0.35085452 -0.22299276 -0.9094917
vn 0.76199335 -0.5655066 -0.3155446
vn 0.93482006 -0.10581623 -0.33899015
vn 0.6922778 -0.6347542 -0.34327656
vn 0.6681386 -0.65924984 -0.3449353
vn 0.93805116 -0.13404287 -0.31951898
vn 0.9462848 -0.13395387 -0.29428148
vn 0.65685153 -0.6646673 -0.3560386
vn 0.9513238 -0.12377309 -0.28224677
vn 0.6521203 -0.64495826 -0.39845693
vn 0.9375097 -0.11346345 -0.32894003
vn 0.5960681 -0.61411536 -0.51726705
vn 0.8457664 -0.19727261 -0.49574462
vn 0.4974867 -0.5952424 -0.6310257
vn 0.45045474 -0.5929805 -0.6674314
vn 0.8391299 -0.080016084 -0.5380133
vn -0.37896347 0.4816089 -0.79021484
vn -0.7238265 0.64015347 0.2574465
vn -0.96590114 -0.21958113 -0.13718297
vn -0.87043947 0.43149307 0.23695719
vn -0.9476752 -0.2913047 -0.1305877
vn -0.93422335 -0.3423535 -0.10010375
vn -0.7553565 0.5889867 0.2872823
vn -0.87875414 0.3976011 0.26401636
vn -0.5772328 0.76278067 0.2914928
vn -0.40843293 0.8699898 0.27622512
vn -0.73893017 0.5925116 0.3207995
vn -0.5735709 0.7497333 0.3300248
vn -0.38549548 0.87052214 0.30591562
vn -0.88560075 0.3590505 0.29460815
vn -0.9202885 -0.38663054 -0.05988341
vn -0.891528 -0.45283562 0.010853651
vn -0.7420212 0.5748855 0.34483522
vn -0.7524181 0.52798957 0.3938197
vn -0.5839944 0.7302047 0.3546147
vn -0.40020132 0.85201854 0.33749577
vn -0.8908693 0.2911254 0.34870893
vn -0.83100885 -0.55196875 0.06895479
vn -0.595024 0.6933992 0.40637922
vn -0.40607694 0.8222479 0.39876023
vn -0.34853494 0.7782761 0.5223119
vn -0.89082116 0.20231171 0.4068264
vn -0.56791055 0.6600803 0.4917027
vn -0.87009984 0.08183157 0.48603493
vn -0.7343851 -0.66666913 0.12740077
vn -0.7523704 0.47831774 0.45293587
vn -0.7233871 0.42594397 0.54339933
vn -0.48110566 0.64352953 0.59532106
vn -0.2419682 0.7480452 0.61796427
vn -0.4057365 0.68427324 0.60592735
vn -0.18410628 0.7807568 0.5970961
vn -0.7069239 0.4265426 0.5641985
vn -0.859168 0.0036208464 0.51168084
vn -0.7176566 -0.66351676 0.21145798
vn 0.41600272 -0.7254487 -0.54833007
vn 0.47775072 -0.6340898 -0.6080168
vn -0.83100885 -0.55196875 0.06895479
vn -0.7343851 -0.66666913 0.12740077
vn 0.41600272 -0.7254487 -0.54833007
vn 0.3572627 -0.7898966 -0.49842426
vn -0.891528 -0.45283562 0.010853651
vn 0.2888595 -0.8275159 -0.481433
vn -0.9202885 -0.38663054 -0.05988341
vn 0.2826719 -0.8349292 -0.47221798
vn -0.93422335 -0.3423535 -0.10010375
vn 0.2516881 -0.85018957 -0.46241832
vn -0.9476752 -0.2913047 -0.1305877
vn 0.20944484 -0.8560684 -0.47252494
vn -0.96590114 -0.21958113 -0.13718297
vn 0.20549732 -0.8450862 -0.49355862
vn -0.37896347 0.4816089 -0.79021484
vn 0.35085452 -0.22299276 -0.9094917
vn 0.3572627 -0.7898966 -0.49842426
vn 0.41600272 -0.7254487 -0.54833007
vn 0.8247104 -0.18138215 -0.5356801
vn 0.8484536 -0.29789945 -0.4374727
vn 0.71058357 -0.40863806 -0.5727879
vn 0.84163254 -0.3791648 -0.38456294
vn 0.7556169 -0.5201243 -0.39813784
vn 0.2888595 -0.8275159 -0.481433
vn 0.8253679 -0.45253637 -0.3376073
vn 0.2826719 -0.8349292 -0.47221798
vn 0.2516881 -0.85018957 -0.46241832
vn 0.7572079 -0.46436685 -0.45934698
vn 0.6692425 -0.56339276 -0.48446167
vn 0.6107935 -0.5124827 -0.60356677
vn 0.5960681 -0.61411536 -0.51726705
vn 0.4974867 -0.5952424 -0.6310257
vn 0.685217 -0.6093035 -0.39903247
vn 0.6521203 -0.64495826 -0.39845693
vn 0.65685153 -0.6646673 -0.3560386
vn 0.6812222 -0.6404687 -0.3545931
vn 0.6681386 -0.65924984 -0.3449353
vn 0.7266748 -0.5873481 -0.35632294
vn 0.6964232 -0.6323106 -0.33937904
vn 0.6922778 -0.6347542 -0.34327656
vn 0.8000447 -0.51578844 -0.30641615
vn 0.71279174 -0.6182985 -0.33111173
vn 0.73415977 -0.5880775 -0.33937332
vn 0.76199335 -0.5655066 -0.3155446
vn 0.73863375 -0.58601415 -0.3331782
vn 0.78336877 -0.53901696 -0.3095062
vn 0.20944484 -0.8560684 -0.47252494
vn 0.20549732 -0.8450862 -0.49355862
vn 0.35085452 -0.22299276 -0.9094917
vn 0.41600272 -0.7254487 -0.54833007
vn 0.47775072 -0.6340898 -0.6080168
vn 0.78289974 -0.106972665 -0.61288244
vn 0.8247104 -0.18138215 -0.5356801
vn 0.71058357 -0.40863806 -0.5727879
vn 0.66452223 -0.3682892 -0.6502101
vn 0.6107935 -0.5124827 -0.60356677
vn 0.5622497 -0.4893862 -0.66661566
vn 0.4974867 -0.5952424 -0.6310257
vn 0.45045474 -0.5929805 -0.6674314
vn -0.8149349 0.23087013 -0.53158265
vn -0.83913 -0.080016114 -0.5380132
vn -0.5575187 0.7973412 0.2311272
vn -0.5857905 0.8085058 0.056283075
vn -0 0.98727745 -0.15900761
vn -0 0.3727574 -0.9279288
vn -0.8149349 0.23087013 -0.53158265
vn -0.5857905 0.8085058 0.056283075
vn 0.8391299 -0.080016084 -0.5380133
vn 0.5857905 0.80850583 0.05628307
vn 0.55751866 0.79734135 0.23112728
vn 0.8149349 0.23087013 -0.53158265
vn -0 0.3727574 -0.9279288
vn -0 0.98727745 -0.15900761
vn -0.06758285 0.080278814 -0.9944787
vn -0 0.4840797 -0.87502396
vn -0 0.0898027 -0.9959596
vn -0.14879367 0.48850277 -0.8597822
vn -0.59641135 0.11725175 -0.79406893
vn -0 0.89037734 -0.4552232
vn -0.39177072 0.54207593 -0.7434174
vn -0.95566213 0.20229748 -0.21397606
vn -0.43233153 0.80700946 -0.402275
vn -0.9631309 0.26566678 -0.042426266
vn -0.1590428 0.8813943 -0.4448028
vn -0.08492646 0.9942861 0.064674444
vn -0 0.9985116 0.05453923
vn 0.047468275 0.93146884 0.36071125
vn -0 0.9439332 0.3301363
vn -0 0.9031052 0.42941937
vn -0.14001113 0.9283164 -0.34442043
vn -0.4978402 0.8657543 -0.051230483
vn -0.9596734 0.27343306 -0.06527898
vn -0.49391133 0.8688691 -0.033438396
vn 0.13441151 0.9908823 -0.009265727
vn 0.14698885 0.98826337 -0.04158999
vn 0.6345697 0.77283615 0.00674205
vn 0.6405323 0.76785004 0.011166798
vn 0.96827745 0.24987718 0.00023574506
vn 0.108564205 0.990121 0.08873772
vn -0.20906606 0.83624095 -0.50694436
vn 0.19758075 0.938145 -0.28433394
vn 0.9668627 0.24852511 0.058410496
vn 0.8791839 -0.475741 -0.026576802
vn 0.24675399 0.95907336 -0.13889113
vn 0.23552625 0.8867847 -0.39766866
vn 0.7042883 0.7033844 -0.09606485
vn 0.97283036 0.20704089 0.10361123
vn 0.71297735 0.6830295 -0.15853678
vn 0.883066 -0.46508518 0.06237072
vn 0.35836655 0.8854382 0.29592675
vn 0.57810307 0.8148032 0.043503705
vn 0.9116844 0.3949305 0.11340845
vn 0.76541835 0.6034167 0.22365807
vn 0.9541259 0.13269909 0.26839292
vn 0.7764786 0.5097566 0.37044474
vn 0.4119976 0.8120618 0.41329598
vn 0.10470583 0.8791785 0.46484596
vn -0 0.8766663 0.48109895
vn 0.41212434 0.7442907 0.52553296
vn 0.0687324 0.86796856 0.49183986
vn 0.10337491 0.7970746 0.59496695
vn -0 0.8163285 0.57758796
vn 0.15110411 0.84253544 0.5170122
vn 0.11574065 0.776643 0.619217
vn 0.11812873 0.704874 0.69942707
vn 0.12254629 0.73623985 0.6655323
vn -0 0.77533656 0.63154835
vn 0.42698392 0.7072032 0.5635143
vn 0.74691576 0.44615945 0.49300978
vn 0.7116417 0.44265577 0.5455473
vn 0.9150936 0.109106235 0.38820043
vn 0.88819516 0.08315452 0.45187905
vn 0.9076361 -0.35142416 0.22955976
vn 0.89855224 -0.41064954 0.1548254
vn 0.5525314 -0.832509 0.040469773
vn 0.88288105 -0.4491866 0.13693897
vn 0.33824587 -0.93712765 0.08591627
vn 0.13552286 -0.9807473 -0.14059956
vn -0.38872224 -0.92101526 -0.025019526
vn 0.27882993 -0.95623034 0.0887546
vn 0.26773894 -0.96333605 0.017304001
vn 0.262698 -0.96408594 -0.039089806
vn -0.4624696 -0.886342 -0.022800084
vn -0.4598706 -0.8870315 -0.04115928
vn -0.89606947 -0.44249424 -0.035472345
vn -0.89998084 -0.43120244 -0.06402358
vn -0.18103606 -0.83176994 -0.5247711
vn -0.9631309 0.26566678 -0.042426266
vn -0.9596734 0.27343306 -0.06527898
vn -0.95566213 0.20229748 -0.21397606
vn -0.8869346 -0.45273635 -0.09152474
vn -0.59641135 0.11725175 -0.79406893
vn 0.17539582 -0.61632204 -0.76771307
vn -0 -0.6220502 -0.78297734
vn -0 -0.21571873 -0.9764556
vn -0.4847673 -0.46578136 -0.7403029
vn 0.021480856 -0.22083104 -0.97507554
vn -0 0.0898027 -0.9959596
vn -0.06758285 0.080278814 -0.9944787
vn -0.669137 0.74120355 -0.0536011
vn -0.9685832 0.22975543 -0.095178045
vn -0.9655812 0.2564117 -0.04365879
vn -0.6332064 0.7650147 -0.117482096
vn -0.9666981 0.23772784 -0.094764665
vn 0.029731642 0.99795556 -0.056574095
vn -0.6226077 0.77750593 -0.088567406
vn -0.9625448 0.2669257 -0.04751864
vn 0.08548676 0.9870546 -0.13570201
vn 0.7931632 0.5979039 -0.11577173
vn 0.790337 0.6105638 -0.05078632
vn 0.10727787 0.9910194 -0.079824254
vn -0.60301054 0.79759485 0.014861251
vn -0.5799681 0.8064926 0.11492018
vn -0.95539206 0.2951573 -0.010404866
vn 0.11910316 0.9900828 0.074501306
vn 0.9827878 -0.16901916 -0.07457045
vn 0.9913728 -0.12593743 -0.036327206
vn 0.63133633 -0.77549726 -0.0042940984
vn 0.7981962 0.5993182 -0.060831152
vn -0.57279146 0.7988816 0.18357082
vn -0.943936 0.32963476 -0.018051287
vn 0.98176277 -0.18418942 -0.04707579
vn 0.5600813 -0.8268236 -0.051689386
vn -0.19463043 -0.98082113 0.010440606
vn -0.56477404 0.8061665 0.17642508
vn -0.924425 0.37566817 -0.06566456
vn 0.5234435 -0.85013133 -0.05730204
vn -0.27700585 -0.95812124 -0.07260537
vn -0.89738816 -0.4407711 -0.02037539
vn -0.53616905 0.84096026 0.072860226
vn -0.9228051 0.37547442 -0.08631263
vn -0.30886722 -0.9466369 -0.09208441
vn -0.9014995 -0.42390025 -0.087218806
vn -0.9655812 0.2564117 -0.04365879
vn -0.9685832 0.22975543 -0.095178045
vn -0.90935344 -0.4030726 -0.10299975
vn -0.9666981 0.23772784 -0.094764665
vn -0.91382766 -0.39586046 -0.09062837
vn -0.9625448 0.2669257 -0.04751864
vn -0.95539206 0.2951573 -0.010404866
vn -0.30307248 -0.9490755 -0.08603928
vn -0.9117452 -0.3921768 -0.1221398
vn -0.943936 0.32963476 -0.018051287
vn 0.5423974 -0.8398815 -0.020102218
vn -0.90369815 -0.3602832 -0.23135616
vn -0.924425 0.37566817 -0.06566456
vn -0.2816633 -0.94762355 -0.15058325
vn 0.9860092 -0.15622891 0.058123562
vn -0.89252996 -0.32996196 -0.30743355
vn -0.9228051 0.37547442 -0.08631263
vn -0.9093205 -0.343914 -0.2342209
vn -0.90789723 0.4109958 -0.08249377
vn -0.26805303 -0.8862077 -0.37786704
vn -0.25636736 -0.9230454 -0.2868152
vn 0.5748675 -0.81786394 -0.02502045
vn -0.9197208 -0.35914096 -0.15852924
vn -0.9214638 0.3721662 -0.11134186
vn 0.97980815 -0.13452454 0.14791583
vn -0.30051062 -0.9024577 -0.30864778
vn -0.91699743 -0.3624892 -0.16648537
vn -0.9332529 0.3355869 -0.12814207
vn -0.34875455 -0.91035855 -0.22275004
vn -0.9165069 -0.3595315 -0.17536283
vn -0.94407165 0.3039163 -0.12792
vn -0.37865424 -0.8993393 -0.2186545
vn 0.49303028 -0.85263515 -0.17301627
vn 0.54735833 -0.8119854 -0.20267844
vn -0.91329247 -0.37597767 -0.15664478
vn -0.9483133 0.29050806 -0.1276982
vn -0.39597303 -0.89080554 -0.22286992
vn -0.91007066 -0.3908294 -0.13792716
vn -0.9544949 0.28230938 -0.096130155
vn 0.5864523 -0.7893656 -0.18159218
vn -0.41718116 -0.88958836 -0.18599075
vn -0.90363306 -0.41626656 -0.100843646
vn -0.9596734 0.27343306 -0.06527898
vn -0.89998084 -0.43120244 -0.06402358
vn -0.43833932 -0.8861227 -0.15048338
vn -0.45461518 -0.8856027 -0.095040835
vn -0.4598706 -0.8870315 -0.04115928
vn 0.34615362 -0.91956997 -0.1859265
vn 0.26806465 -0.95820504 -0.0999217
vn 0.262698 -0.96408594 -0.039089806
vn 0.30520627 -0.9382583 -0.16285113
vn 0.40058404 -0.8920574 -0.20920345
vn 0.8751488 -0.47665688 -0.08314341
vn 0.8791839 -0.475741 -0.026576802
vn 0.96827745 0.24987718 0.00023574506
vn 0.882806 -0.44771934 -0.14212976
vn 0.8948417 -0.4203487 -0.15021831
vn 0.9679436 0.24584801 -0.051417798
vn 0.6345697 0.77283615 0.00674205
vn 0.4443137 -0.8755674 -0.18965012
vn 0.9598536 0.26054257 -0.103916004
vn 0.6424432 0.76554006 -0.034859672
vn 0.13441151 0.9908823 -0.009265727
vn 0.9198924 -0.361294 -0.15252762
vn 0.9427805 -0.3140303 -0.112026565
vn 0.95494115 0.2794909 -0.09986111
vn 0.13186714 0.99041814 -0.04102388
vn -0.49391133 0.8688691 -0.033438396
vn 0.6408678 0.7638865 -0.0759332
vn 0.9435826 0.31745052 -0.09421779
vn 0.9679865 -0.23786442 -0.080141746
vn 0.63435984 0.7687626 -0.081189804
vn 0.1216598 0.9898642 -0.073265806
vn -0.5058266 0.8601925 -0.06487167
vn 0.9303659 0.35430086 -0.0942875
vn 0.98372275 -0.17670108 0.03265505
vn -0.9544949 0.28230938 -0.096130155
vn -0.9596734 0.27343306 -0.06527898
vn -0.516132 0.8510444 -0.09659754
vn -0.9483133 0.29050806 -0.1276982
vn 0.10840247 0.9897126 -0.09337001
vn -0.5223444 0.8458071 -0.108474344
vn -0.94407165 0.3039163 -0.12792
vn -0.5045132 0.8551681 -0.11897091
vn -0.9332529 0.3355869 -0.12814207
vn 0.100336954 0.9884008 -0.11400141
vn -0.48082122 0.87236005 -0.0883114
vn -0.9214638 0.3721662 -0.11134186
vn 0.61421454 0.7844449 -0.08594612
vn -0.4810277 0.8763764 -0.024018869
vn -0.90789723 0.4109958 -0.08249377
vn 0.091671914 0.9931217 -0.072839595
vn 0.5886947 0.8071281 -0.04452912
vn 0.09340115 0.9944529 0.048371002
vn 0.77548283 0.631182 0.015347858
vn 0.084086895 0.9696695 0.22950073
vn 0.79428685 0.56189346 0.23105001
vn 0.0894106 0.933877 0.346236
vn 0.97760195 -0.16116437 0.13535306
vn 0.7765586 0.5303804 0.3400784
vn 0.11157276 0.9397433 0.32316282
vn 0.5890276 -0.8028445 -0.09212558
vn 0.97373194 -0.14042254 0.17924173
vn 0.7643407 0.5544881 0.32912955
vn 0.77397406 0.5878101 0.23546442
vn 0.1252697 0.96815175 0.2167708
vn 0.79079586 0.60474235 0.09449127
vn -0.023560135 0.98565674 0.16711007
vn 0.790337 0.6105638 -0.05078632
vn 0.029731642 0.99795556 -0.056574095
vn 0.71225876 0.6969475 0.08337658
vn -0.002052979 0.9336499 0.3581811
vn 0.94942975 0.31255257 0.029899012
vn 0.9913728 -0.12593743 -0.036327206
vn 0.740436 0.63089454 0.23178996
vn 0.008085204 0.93473375 0.35525683
vn 0.77575874 0.57892966 0.25107569
vn 0.0023015782 0.97843194 0.20655677
vn 0.9667351 0.20335197 0.15514942
vn 0.9939014 -0.1035313 0.037963998
vn 0.9733251 -0.17969854 0.14264198
vn 0.73128796 -0.67255306 0.113535255
vn 0.63133633 -0.77549726 -0.0042940984
vn -0.19463043 -0.98082113 0.010440606
vn 0.784992 -0.5659437 0.2519827
vn 0.9604142 -0.20359315 0.19014308
vn 0.79900867 0.59385556 0.09445027
vn 0.9746728 0.16207549 0.1540926
vn 0.7497483 0.6391186 -0.17147873
vn -0.0014399979 0.9941856 -0.107670605
vn -0.0078376 0.9616809 -0.2740589
vn 0.9910245 -0.02117536 0.13199298
vn 0.97889644 0.20334934 -0.020269929
vn 0.77597535 0.5869084 -0.23108605
vn -0.0023205064 0.7809505 -0.6245886
vn 0.5879412 0.41041967 -0.69705147
vn 0.71280175 0.108933926 -0.6928543
vn 0.99320316 0.11389093 -0.024004761
vn 0.93261117 0.26462218 -0.24538058
vn 0.95269966 0.20510013 -0.22427069
vn 0.5185292 -0.5639902 -0.64268374
vn 0.68498975 -0.7033235 -0.19006646
vn 0.87456983 0.18669656 -0.44751763
vn 0.5838158 0.63377786 -0.5074295
vn 0.988362 0.15211937 -0.00039589262
vn 0.5506113 0.7367236 -0.39251193
vn 0.98226905 -0.08822592 0.16541985
vn 0.98187387 0.18584426 0.037222568
vn 0.5425616 0.4358663 -0.71808606
vn 0.98541045 0.15981601 -0.058523983
vn 0.59392726 -0.07320849 -0.80118084
vn 0.96246564 -0.13201815 0.23713094
vn 0.9281643 -0.28856626 0.23503286
vn 0.86921364 -0.35362634 0.34556636
vn 0.6767598 -0.54249746 0.49768743
vn 0.7516467 -0.5721943 0.32805622
vn 0.9506183 -0.11512544 0.28822038
vn 0.9032171 -0.2551367 0.3451149
vn 0.985876 -0.15387584 -0.06611157
vn 0.9361172 -0.34201258 -0.08192674
vn 0.5313908 -0.19758351 -0.8237625
vn 0.45239156 -0.39684147 -0.79866064
vn 0.8426836 -0.3728356 0.38842997
vn 0.7278481 -0.6856651 -0.010032485
vn 0.025047716 -0.9133692 0.40636104
vn -0.0014365386 -0.9990509 0.043532632
vn -0.01787798 -0.6671761 -0.74468535
vn -0.50601697 -0.3726818 -0.77785295
vn -0.76877123 -0.6388784 0.028724967
vn -0.5733895 -0.12761822 -0.8092824
vn 0.0047009857 -0.75083745 0.6604703
vn 0.58151656 -0.5879913 0.5622321
vn 0.54711175 -0.49394688 0.6757849
vn 0.0067698183 -0.58288985 0.812523
vn 0.01487612 -0.76469386 0.6442221
vn -0.5473928 -0.45928842 0.6995822
vn -0.6815768 -0.53384674 0.5004605
vn -0.5998163 -0.5362421 0.59385574
vn -0.9715209 -0.22970054 -0.058179412
vn -0.8678554 -0.28526247 0.4067583
vn 0.020344488 -0.8756618 0.48249617
vn -0.994991 -0.036335047 -0.09312742
vn -0.5839827 0.013012809 -0.81166184
vn -0.4706788 0.4859838 -0.7363975
vn -0.932183 -0.18362239 0.3119579
vn 0.7186549 -0.6000141 0.3514517
vn 0.011706654 -0.8756539 0.48279718
vn -0.94325984 0.30735895 -0.12566368
vn -0.9319201 0.35593048 -0.06955896
vn -0.45026225 0.7793519 -0.435746
vn -0.53010416 0.62985194 -0.56769365
vn -0.9735666 0.011512446 0.2281129
vn -0.90735835 -0.30043244 0.29400888
vn -0.9632409 0.22910991 -0.14026995
vn -0.87905854 0.10058608 -0.46598116
vn -0.9876403 0.015824249 0.15593658
vn -0.99754673 0.003597396 0.0699115
vn -0.94593847 -0.24715433 0.21003583
vn -0.70702785 -0.6047657 0.36656523
vn -0.7381834 -0.58002406 0.34446695
vn -0.96401787 -0.19228914 0.1835605
vn -0.76227003 -0.59354 0.25817555
vn -0.99609023 -0.008740848 0.087908365
vn -0.037329074 -0.98076296 0.19159985
vn -0.77078587 -0.62836605 0.1050972
vn -0.89738816 -0.4407711 -0.02037539
vn -0.97777504 -0.1736641 0.117459916
vn -0.98583513 -0.16570103 0.025927205
vn -0.9647319 0.2605219 0.0376912
vn -0.9655812 0.2564117 -0.04365879
vn -0.669137 0.74120355 -0.0536011
vn -0.96747255 0.20121509 0.15332742
vn -0.7306301 0.6735606 0.111784555
vn 0.029731642 0.99795556 -0.056574095
vn -0.023560135 0.98565674 0.16711007
vn -0.7396345 0.61828125 0.26583678
vn -0.002052979 0.9336499 0.3581811
vn -0.77328664 0.5769972 0.26287264
vn 0.008085204 0.93473375 0.35525683
vn -0.9776659 0.1457456 0.15141885
vn -0.80211097 0.5882651 0.102771975
vn 0.0023015782 0.97843194 0.20655677
vn -0.98957205 0.08824436 -0.11384253
vn -0.9851527 0.16753556 -0.037497398
vn -0.9446713 0.20711116 -0.25436416
vn -0.65710115 -0.73647785 -0.16068095
vn -0.7603305 0.6278087 -0.16659458
vn -0.0014399979 0.9941856 -0.107670605
vn -0.96806306 0.14178446 -0.20676349
vn -0.5211035 -0.5837146 -0.62267846
vn -0.72598445 0.0743472 -0.68368053
vn -0.79145855 0.5683511 -0.2248787
vn -0.0078376 0.9616809 -0.2740589
vn -0.5986119 0.40005785 -0.6939868
vn -0.0023205064 0.7809505 -0.6245886
vn -0.17757946 -0.022898177 -0.98384005
vn 0.3920797 0.22008644 -0.8932163
vn -0.09327548 0.4658554 -0.879931
vn -0.05572783 0.7763938 -0.6277795
vn -0.4228676 0.73163575 -0.5346887
vn -0 0.13287963 -0.9911322
vn -0 0.99783045 -0.06583495
vn -0.12320933 0.5262368 -0.8413645
vn -0.10412342 0.75171345 -0.65121824
vn 0.49341416 0.27341837 -0.82570267
vn 0.7682706 0.5670911 -0.29693088
vn 0.2793224 0.886276 -0.36945048
vn -0.0036945173 0.87502825 -0.48405775
vn -0.10087433 0.8378137 -0.5365561
vn 0.3230508 0.2558913 -0.91113
vn -0.28257975 0.75746554 -0.58855313
vn -0 0.11314755 -0.9935782
vn -0 0.8342576 -0.5513749
vn -0.26990137 0.83065355 -0.486999
vn -0 0.8359611 -0.54878867
vn -0.073840104 0.80216885 -0.59251386
vn -0 0.81491035 -0.57958704
vn -0 0.59736955 -0.8019662
vn -0.03639894 0.8736496 -0.48519224
vn 0.4999899 0.7323618 -0.46222967
vn 0.14163285 0.7205111 -0.6788253
vn -0.004863002 0.87559223 -0.48302644
vn 0.5252534 0.73278826 -0.4325856
vn -0.17617808 0.9094153 0.3767292
vn 0.43138614 0.87531376 0.21847591
vn 0.28069407 0.94590133 -0.16273132
vn 0.2752285 0.95522106 -0.10863754
vn -0 0.9898925 -0.14182031
vn -0.6912818 0.011743837 -0.72248983
vn 0.16301373 -0.38370153 -0.9089553
vn 0.18410936 -0.017516132 -0.9827497
vn -0.5898447 -0.6054309 -0.5343563
vn -0.69298995 -0.042673524 -0.71968323
vn -0.5733 -0.63620245 -0.5163076
vn -0.99928075 -0.0004495354 0.03791818
vn 0.4065319 -0.6336961 -0.65814966
vn -0.17324606 -0.9779635 -0.11650449
vn 0.9195231 0.24623051 -0.30634594
vn 0.9828341 -0.09919084 -0.15555815
vn 0.18410936 -0.017516132 -0.9827497
vn 0.6660469 0.4585595 -0.5883066
vn 0.9055687 -0.38128087 -0.18593048
vn 0.7434386 -0.5520717 -0.37751266
vn 0.34126648 0.40663755 -0.8474569
vn 0.29277188 0.19753928 -0.93555486
vn -0.6912818 0.011743837 -0.72248983
vn 0.72193545 -0.5653991 -0.3989147
vn -0.5380479 0.5387481 -0.6482707
vn -0.69298995 -0.042673524 -0.71968323
vn -0.528584 0.5532161 -0.64385635
vn 0.21516381 -0.07754026 -0.9734947
vn 0.45267057 -0.60647595 -0.65366375
vn 0.93410784 -0.21645027 -0.283887
vn 0.09272175 0.13036475 -0.9871209
vn 0.9138049 -0.053363107 -0.4026328
vn 0.22196956 -0.4956843 -0.8396586
vn 0.9466002 0.09965059 -0.3066235
vn 0.061777804 -0.22199553 -0.9730886
vn 0.82607263 0.3638104 -0.43040213
vn 0.77680445 0.29613668 0.5557678
vn 0.7348847 -0.3463363 0.58309156
vn 0.5277785 0.79348785 0.3030298
vn 0.77680445 0.29613668 0.5557678
vn 0.6547468 0.5772281 0.48796958
vn 0.9295833 0.36809283 -0.019557942
vn 0.5100337 0.81136674 0.2855691
vn 0.77545285 0.30520165 0.55274296
vn -0.084025085 0.30884546 -0.9473933
vn -0.6204928 0.4185252 -0.6631932
vn -0.6300123 0.45505902 -0.62929004
vn 0.6492889 0.58878744 0.48140764
vn -0.26018316 0.23058368 0.9376224
vn -0.12905452 0.6321721 0.76400477
vn 0.66205394 0.5188403 0.54082286
vn -0.6772418 -0.16922192 0.71603596
vn -0.75109833 -0.13370088 0.6465102
vn -0.6017863 -0.15867122 0.78273654
vn 0.00043448343 0.99318755 -0.11652579
vn 0.39430875 0.74543834 -0.5374404
vn 0.009880088 0.99410087 -0.10800843
vn 0.66132396 0.5207447 0.5398848
vn -0.39627647 0.84049886 0.36949506
vn 0.11239749 0.45635903 0.88266826
vn -0.9099714 0.41395497 -0.024357682
vn -0.93972504 0.20743114 0.27182558
vn -0.62495464 0.46644557 -0.62598747
vn -0.49982563 -0.070625275 0.8632418
vn -0.60583025 0.45179316 -0.65486836
vn -0.8850661 0.4583719 0.08095123
vn -0.45377174 0.08029006 0.8874935
vn -0.528584 0.5532161 -0.64385635
vn -0.49542415 0.21668516 0.84119105
vn -0.6204928 0.4185252 -0.6631932
vn -0.5380479 0.5387481 -0.6482707
vn 0.21516381 -0.07754026 -0.9734947
vn 0.29277188 0.19753928 -0.93555486
vn -0.8929963 -0.41138995 0.18252638
vn -0.5952382 0.28431642 0.7515688
vn -0.59771395 -0.6563379 0.46038958
vn -0.7196115 0.2616415 0.6431974
vn -0.21943371 -0.5948245 0.7733258
vn -0.1724061 -0.9782326 -0.11548592
vn -0.8110321 0.14874835 0.56577456
vn 0.03410417 -0.22611263 0.973504
vn -0.8195432 -0.011602251 0.5729
vn 0.35747066 -0.8779298 0.3185185
vn 0.08273707 0.27261993 0.9585577
vn -0.12905452 0.6321721 0.76400477
vn 0.72742045 -0.36936545 0.57829803
vn 0.37180388 -0.86775964 0.3297805
vn 0.77545285 0.30520165 0.55274296
vn 0.5100337 0.81136674 0.2855691
vn 0.77680445 0.29613668 0.5557678
vn -0.59771395 -0.6563379 0.46038958
vn 0.35747066 -0.8779298 0.3185185
vn -0.1724061 -0.9782326 -0.11548592
vn -0.1724061 -0.9782326 -0.11548592
vn 0.37180388 -0.86775964 0.3297805
vn 0.35747066 -0.8779298 0.3185185
vn 0.009880088 0.99410087 -0.10800843
vn -0.39627647 0.84049886 0.36949506
vn -0.9099714 0.41395497 -0.024357682
vn -0.62495464 0.46644557 -0.62598747
vn 0.00043448343 0.99318755 -0.11652579
vn -0.6300123 0.45505902 -0.62929004
vn 0.39430875 0.74543834 -0.5374404
vn -0.084025085 0.30884546 -0.9473933
vn -0.8850661 0.4583719 0.08095123
vn -0.69298995 -0.042673524 -0.71968323
vn 0.516132 0.8510444 -0.096597545
vn 0.9483133 0.2905081 -0.12769821
vn 0.9544949 0.28230938 -0.096130155
vn 0.50582653 0.8601925 -0.06487167
vn -0.12165983 0.9898642 -0.073265806
vn 0.49391133 0.8688691 -0.033438392
vn 0.9596734 0.27343306 -0.06527898
vn -0.13186716 0.99041814 -0.04102388
vn -0.6408678 0.7638865 -0.075933196
vn -0.13441151 0.9908823 -0.009265727
vn -0.64244324 0.76554 -0.03485966
vn -0.9598536 0.26054257 -0.103916004
vn -0.6345697 0.77283615 0.0067420495
vn -0.9679436 0.24584799 -0.051417798
vn -0.96827745 0.24987718 0.00023574506
vn -0.882806 -0.44771934 -0.14212976
vn -0.8751488 -0.47665688 -0.08314341
vn -0.8791839 -0.47574106 -0.026576806
vn -0.26269805 -0.96408594 -0.03908981
vn -0.26806465 -0.95820504 -0.09992172
vn -0.30520627 -0.9382583 -0.16285117
vn 0.4598706 -0.8870315 -0.041159287
vn 0.45461518 -0.8856027 -0.09504085
vn 0.43833938 -0.8861226 -0.15048341
vn 0.89998084 -0.43120244 -0.064023584
vn 0.90363306 -0.41626656 -0.100843646
vn 0.9596734 0.27343306 -0.06527898
vn 0.91007066 -0.39082938 -0.13792716
vn 0.9544949 0.28230938 -0.096130155
vn 0.9483133 0.2905081 -0.12769821
vn 0.669137 0.74120355 -0.0536011
vn 0.9655812 0.2564117 -0.04365879
vn 0.9685832 0.22975543 -0.095178045
vn 0.6332064 0.7650147 -0.117482096
vn 0.9666981 0.23772784 -0.09476467
vn -0.029731642 0.99795556 -0.056574095
vn 0.6226077 0.77750593 -0.088567406
vn 0.9625448 0.2669257 -0.04751865
vn -0.08548676 0.9870546 -0.13570201
vn -0.7931632 0.5979039 -0.11577173
vn -0.790337 0.6105638 -0.05078632
vn -0.10727789 0.9910194 -0.079824254
vn 0.60301054 0.79759485 0.014861251
vn 0.57996804 0.8064926 0.11492018
vn 0.95539194 0.29515734 -0.0104048615
vn -0.11910319 0.9900828 0.07450132
vn -0.9827878 -0.16901913 -0.07457046
vn -0.9913728 -0.12593743 -0.03632721
vn -0.63133633 -0.77549726 -0.0042940984
vn -0.7981962 0.59931815 -0.060831152
vn 0.57279146 0.7988816 0.18357082
vn 0.943936 0.32963476 -0.018051289
vn -0.98176277 -0.18418942 -0.04707579
vn -0.5600813 -0.8268236 -0.051689386
vn 0.19463038 -0.98082113 0.010440612
vn 0.56477404 0.8061665 0.17642508
vn 0.924425 0.3756682 -0.065664575
vn -0.5234436 -0.85013133 -0.057302047
vn 0.27700582 -0.95812124 -0.072605364
vn 0.89738816 -0.4407711 -0.02037539
vn 0.53616905 0.84096026 0.07286023
vn 0.9228051 0.37547442 -0.08631263
vn 0.30886722 -0.9466369 -0.09208441
vn 0.9014995 -0.42390025 -0.087218806
vn 0.9655812 0.2564117 -0.04365879
vn 0.9685832 0.22975543 -0.095178045
vn 0.90935344 -0.4030726 -0.10299975
vn 0.9666981 0.23772784 -0.09476467
vn 0.91382766 -0.39586046 -0.09062836
vn 0.9625448 0.2669257 -0.04751865
vn 0.95539194 0.29515734 -0.0104048615
vn 0.3030725 -0.9490755 -0.086039305
vn 0.9117452 -0.3921768 -0.1221398
vn 0.943936 0.32963476 -0.018051289
vn -0.5423974 -0.8398815 -0.020102218
vn 0.90369815 -0.3602832 -0.23135613
vn 0.924425 0.3756682 -0.065664575
vn 0.2816633 -0.9476236 -0.15058325
vn -0.9860092 -0.15622893 0.058123562
vn 0.89252996 -0.32996196 -0.30743355
vn 0.9228051 0.37547442 -0.08631263
vn 0.9093205 -0.34391397 -0.23422088
vn 0.90789723 0.41099575 -0.082493745
vn 0.26805303 -0.8862077 -0.37786704
vn 0.25636733 -0.9230454 -0.2868152
vn -0.5748675 -0.81786394 -0.02502045
vn 0.9197208 -0.35914096 -0.15852924
vn 0.9214638 0.37216613 -0.11134185
vn -0.97980815 -0.13452457 0.1479158
vn -0.7907959 0.60474235 0.09449128
vn -0.77397406 0.5878101 0.23546442
vn -0.12526973 0.96815175 0.21677081
vn -0.11157274 0.9397433 0.3231628
vn -0.76434064 0.5544882 0.32912955
vn -0.089410596 0.933877 0.346236
vn -0.97373194 -0.14042254 0.17924172
vn -0.08408686 0.9696695 0.22950073
vn -0.7765586 0.5303805 0.3400784
vn -0.5890276 -0.8028445 -0.09212558
vn -0.79428685 0.56189346 0.23105001
vn -0.97760195 -0.16116437 0.13535306
vn -0.58645225 -0.78936553 -0.1815922
vn -0.98372275 -0.17670105 0.03265504
vn -0.77548283 0.631182 0.015347849
vn -0.09340112 0.9944529 0.048371002
vn -0.54735833 -0.8119854 -0.20267844
vn 0.48102766 0.8763764 -0.024018861
vn 0.90789723 0.41099575 -0.082493745
vn 0.9214638 0.37216613 -0.11134185
vn 0.4808212 0.87236005 -0.088311374
vn 0.9332529 0.3355869 -0.12814207
vn -0.091671914 0.9931217 -0.072839595
vn 0.5045132 0.8551681 -0.11897091
vn 0.94407165 0.3039163 -0.12792003
vn -0.9679865 -0.23786438 -0.08014176
vn -0.5886947 0.807128 -0.044529125
vn -0.10033698 0.9884008 -0.11400141
vn 0.5223444 0.8458071 -0.108474344
vn 0.9483133 0.2905081 -0.12769821
vn 0.516132 0.8510444 -0.096597545
vn -0.10840248 0.9897126 -0.09337001
vn -0.12165983 0.9898642 -0.073265806
vn -0.6343598 0.7687626 -0.0811898
vn -0.6408678 0.7638865 -0.075933196
vn -0.61421454 0.7844449 -0.08594612
vn -0.9303659 0.35430086 -0.0942875
vn -0.95494115 0.2794909 -0.09986111
vn -0.9598536 0.26054257 -0.103916004
vn -0.9435826 0.3174505 -0.09421779
vn -0.9427805 -0.3140303 -0.11202657
vn -0.8948417 -0.4203487 -0.15021831
vn -0.882806 -0.44771934 -0.14212976
vn -0.30520627 -0.9382583 -0.16285117
vn -0.9198924 -0.36129394 -0.15252762
vn -0.49303028 -0.85263515 -0.17301627
vn -0.3461537 -0.91956997 -0.18592648
vn 0.43833938 -0.8861226 -0.15048341
vn -0.4443137 -0.8755674 -0.18965012
vn -0.40058404 -0.8920574 -0.20920348
vn 0.4171812 -0.88958836 -0.18599078
vn 0.91007066 -0.39082938 -0.13792716
vn 0.37865418 -0.8993393 -0.2186545
vn 0.39597303 -0.89080554 -0.22286992
vn 0.91329247 -0.37597772 -0.15664478
vn 0.9483133 0.2905081 -0.12769821
vn 0.94407165 0.3039163 -0.12792003
vn 0.916507 -0.3595315 -0.17536284
vn 0.9332529 0.3355869 -0.12814207
vn 0.91699743 -0.36248922 -0.16648535
vn 0.34875453 -0.91035855 -0.22275004
vn 0.30051062 -0.9024577 -0.30864784
vn 0.023560163 0.98565674 0.16711007
vn -0.029731642 0.99795556 -0.056574095
vn -0.790337 0.6105638 -0.05078632
vn -0.71225876 0.6969475 0.08337658
vn 0.0020530242 0.9336499 0.3581811
vn -0.94942975 0.31255257 0.029899016
vn -0.9913728 -0.12593743 -0.03632721
vn -0.740436 0.6308945 0.23178996
vn -0.008085202 0.93473375 0.3552568
vn -0.77575874 0.57892966 0.2510757
vn -0.0023015782 0.97843194 0.20655677
vn -0.9667351 0.20335197 0.1551494
vn -0.9939014 -0.103531316 0.037963998
vn -0.9733251 -0.17969859 0.14264198
vn -0.731288 -0.67255306 0.11353526
vn -0.63133633 -0.77549726 -0.0042940984
vn 0.19463038 -0.98082113 0.010440612
vn -0.784992 -0.5659437 0.25198263
vn -0.9604142 -0.20359315 0.19014306
vn -0.79900855 0.5938555 0.09445028
vn -0.9746728 0.16207553 0.15409258
vn -0.7497483 0.6391187 -0.1714787
vn 0.0014399979 0.9941856 -0.10767059
vn 0.0078376 0.961681 -0.27405888
vn -0.9910245 -0.02117536 0.13199298
vn -0.97889644 0.20334935 -0.020269925
vn -0.77597535 0.5869084 -0.23108602
vn 0.0023205418 0.7809506 -0.62458843
vn -0.5879412 0.41041967 -0.69705147
vn -0.71280175 0.10893394 -0.6928543
vn -0.99320316 0.11389093 -0.02400476
vn -0.93261117 0.26462218 -0.24538057
vn -0.95269966 0.2051001 -0.22427063
vn -0.5185292 -0.5639902 -0.64268374
vn -0.68498975 -0.7033235 -0.19006644
vn -0.87456983 0.1866965 -0.44751757
vn -0.5838159 0.6337778 -0.5074295
vn -0.988362 0.15211934 -0.00039589993
vn -0.5506113 0.7367236 -0.39251193
vn -0.98226905 -0.088225916 0.16541985
vn -0.98187387 0.18584426 0.037222557
vn -0.5425616 0.4358663 -0.71808606
vn -0.98541045 0.15981603 -0.058523994
vn -0.5939273 -0.07320849 -0.80118084
vn -0.96246564 -0.13201813 0.23713091
vn -0.9281643 -0.28856626 0.23503286
vn -0.8692136 -0.3536263 0.3455664
vn -0.67675984 -0.5424974 0.49768743
vn -0.75164676 -0.57219434 0.32805616
vn -0.9506183 -0.11512544 0.28822038
vn -0.9032171 -0.2551367 0.3451149
vn -0.985876 -0.15387581 -0.066111565
vn -0.9361172 -0.34201258 -0.081926756
vn -0.53139085 -0.19758356 -0.8237625
vn -0.45239156 -0.3968415 -0.79866064
vn -0.8426836 -0.3728356 0.38842997
vn -0.72784805 -0.685665 -0.010032522
vn -0.025047706 -0.9133692 0.40636104
vn 0.0014365811 -0.9990509 0.04353256
vn 0.017877994 -0.6671761 -0.74468535
vn 0.50601697 -0.37268174 -0.77785295
vn 0.76877123 -0.6388784 0.02872496
vn 0.5733895 -0.12761822 -0.8092824
vn -0.004700975 -0.75083745 0.6604703
vn -0.58151656 -0.5879913 0.5622321
vn -0.54711175 -0.4939469 0.6757849
vn -0.006769818 -0.58288985 0.81252295
vn -0.014876132 -0.7646939 0.644222
vn 0.5473928 -0.45928848 0.69958216
vn 0.6815768 -0.53384674 0.50046057
vn 0.5998163 -0.5362422 0.59385574
vn 0.9715209 -0.22970052 -0.058179405
vn 0.8678554 -0.2852625 0.4067583
vn -0.020344468 -0.8756618 0.48249617
vn 0.994991 -0.036335047 -0.093127415
vn 0.5839827 0.013012809 -0.81166184
vn 0.4706788 0.48598385 -0.7363975
vn 0.932183 -0.18362239 0.3119579
vn -0.7186549 -0.60001415 0.35145172
vn -0.0117066195 -0.8756539 0.48279718
vn 0.94325984 0.30735895 -0.12566368
vn 0.9319201 0.35593048 -0.06955897
vn 0.45026225 0.7793519 -0.435746
vn 0.53010416 0.62985194 -0.56769365
vn 0.9735666 0.011512451 0.2281129
vn 0.90735835 -0.30043244 0.29400888
vn 0.9632409 0.22910991 -0.14026995
vn 0.87905854 0.10058607 -0.46598116
vn 0.9876403 0.015824245 0.15593657
vn 0.99754673 0.0035973934 0.0699115
vn 0.9459386 -0.24715436 0.21003582
vn 0.70702785 -0.60476583 0.36656523
vn 0.7381833 -0.58002406 0.34446692
vn 0.96401787 -0.19228916 0.18356046
vn 0.76227 -0.5935401 0.25817555
vn 0.99609023 -0.008740846 0.087908365
vn 0.03732907 -0.98076296 0.19159982
vn 0.77078587 -0.62836605 0.1050972
vn 0.89738816 -0.4407711 -0.02037539
vn 0.97777504 -0.17366414 0.11745993
vn 0.98583513 -0.16570105 0.025927203
vn 0.9647319 0.2605219 0.037691195
vn 0.9655812 0.2564117 -0.04365879
vn 0.669137 0.74120355 -0.0536011
vn 0.96747255 0.20121513 0.15332739
vn 0.73063016 0.6735606 0.11178455
vn -0.029731642 0.99795556 -0.056574095
vn 0.023560163 0.98565674 0.16711007
vn 0.7396345 0.61828125 0.26583672
vn 0.0020530242 0.9336499 0.3581811
vn 0.77328664 0.5769972 0.26287258
vn -0.008085202 0.93473375 0.3552568
vn 0.9776659 0.14574564 0.15141885
vn 0.80211097 0.58826524 0.102771975
vn -0.0023015782 0.97843194 0.20655677
vn 0.98957205 0.08824436 -0.11384253
vn 0.9851527 0.16753556 -0.037497398
vn 0.9446713 0.20711116 -0.25436416
vn 0.65710115 -0.73647785 -0.16068093
vn 0.7603305 0.6278087 -0.16659458
vn 0.0014399979 0.9941856 -0.10767059
vn 0.96806306 0.14178444 -0.20676346
vn 0.5211035 -0.5837146 -0.62267846
vn 0.72598445 0.0743472 -0.68368053
vn 0.79145855 0.5683511 -0.2248787
vn 0.0078376 0.961681 -0.27405888
vn 0.5986119 0.40005788 -0.6939868
vn 0.0023205418 0.7809506 -0.62458843
vn -0.25640783 0.2140302 0.94257414
vn -0 0.13470812 0.9908853
vn -0 -0.6059418 0.795509
vn 0.046996716 -0.17531817 0.98338944
vn -0.28069407 0.94590133 -0.16273132
vn -0.2752285 0.95522106 -0.1086375
vn 0.17617808 0.9094153 0.3767292
vn 0.13376404 -0.2952062 0.9460235
vn -0.43138614 0.87531376 0.21847588
vn -0.71016526 -0.12887982 0.6921382
vn -0.5252533 0.73278815 -0.4325856
vn -0.8497106 -0.50973034 0.13478471
vn -0.4999899 0.7323618 -0.46222973
vn 0.0030078087 -0.8746118 0.48481464
vn -0.8465767 -0.51536113 0.13308191
vn -0.2793224 0.886276 -0.36945048
vn -0.6891657 -0.40942883 0.59784496
vn -0.7682706 0.5670911 -0.29693088
vn 0.11968342 -0.7383291 0.6637365
vn -0.03069233 -0.87597966 0.48137054
vn -0.047108013 -0.81305546 0.58027726
vn -0 -0.7956707 0.6057296
vn -0 -0.8946228 0.44682205
vn 0.005495372 -0.87450147 0.48499185
vn -0.121309735 -0.88724387 0.44506425
vn -0 -0.8938738 0.44831863
vn -0.055517517 -0.8731404 0.48429716
vn -0 -0.8939547 -0.44815737
vn -0.35689035 -0.9308307 -0.07863526
vn 0.10832828 -0.88302976 0.45664355
vn 0.29438075 -0.9499234 0.10481266
vn -0.32305077 0.2558913 -0.91113
vn 0.12320933 0.5262368 -0.8413645
vn -0.015935855 -0.80499953 0.5930613
vn 0.54599833 -0.6174754 0.5662244
vn 0.4228676 0.73163575 -0.5346887
vn -0.10583307 -0.74631613 0.65712374
vn -0.84031975 -0.314888 0.4412575
vn -0.49341416 0.27341837 -0.82570267
vn -0.5904028 -0.80690163 0.018289303
vn -0.3920797 0.22008644 -0.8932163
vn -0.49364278 -0.8696024 0.010418403
vn 0.17757949 -0.022898177 -0.98384005
vn 0.23429197 -0.9529398 0.19238776
vn -0 -0.88937205 -0.4571842
vn -0 -0.3659855 0.93062055
vn 0.12772433 -0.9626871 -0.23857932
vn 0.09327551 0.4658554 -0.879931
vn 0.17757949 -0.022898177 -0.98384005
vn 0.09327551 0.4658554 -0.879931
vn -0.3920797 0.22008644 -0.8932163
vn 0.05572783 0.7763938 -0.6277795
vn 0.10412342 0.75171345 -0.65121824
vn -0.49341416 0.27341837 -0.82570267
vn -0.7682706 0.5670911 -0.29693088
vn -0.2793224 0.886276 -0.36945048
vn 0.4228676 0.73163575 -0.5346887
vn -0 0.13287963 -0.9911322
vn 0.23429197 -0.9529398 0.19238776
vn -0 -0.88937205 -0.4571842
vn 0.0036945173 0.87502825 -0.48405775
vn 0.12320933 0.5262368 -0.8413645
vn 0.03639894 0.8736496 -0.48519224
vn -0.4999899 0.7323618 -0.46222973
vn 0.10087433 0.8378137 -0.5365561
vn -0.32305077 0.2558913 -0.91113
vn 0.0048630172 0.87559223 -0.48302644
vn -0.5252533 0.73278815 -0.4325856
vn 0.17617808 0.9094153 0.3767292
vn -0.43138614 0.87531376 0.21847588
vn -0.28069407 0.94590133 -0.16273132
vn -0.14163284 0.7205111 -0.6788253
vn 0.07384012 0.80216885 -0.59251386
vn -0 0.59736955 -0.8019662
vn -0.2752285 0.95522106 -0.1086375
vn -0 0.81491035 -0.57958704
vn -0 0.9898925 -0.14182031
vn -0 0.8359611 -0.54878867
vn 0.2699014 0.83065355 -0.486999
vn -0 0.8342576 -0.5513749
vn -0 0.13470812 0.9908853
vn -0.25640783 0.2140302 0.94257414
vn 0.2752285 0.95522106 -0.10863754
vn 0.28257975 0.75746554 -0.58855313
vn -0 0.11314755 -0.9935782
vn -0.35689035 -0.9308307 -0.07863526
vn -0 -0.8939547 -0.44815737
vn 0.25640783 0.21403019 0.9425742
vn 0.28069407 0.94590133 -0.16273132
vn -0 -0.6059418 0.795509
vn -0.046996724 -0.17531806 0.98338944
vn -0.17617808 0.9094153 0.3767292
vn 0.35689038 -0.9308307 -0.078635246
vn 0.3230508 0.2558913 -0.91113
vn -0.13376404 -0.2952062 0.9460235
vn 0.43138614 0.87531376 0.21847591
vn 0.055517524 -0.8731404 0.48429716
vn -0 -0.8938738 0.44831863
vn -0.29438075 -0.9499234 0.10481266
vn -0.12320933 0.5262368 -0.8413645
vn 0.12130976 -0.88724387 0.44506428
vn -0 -0.8946228 0.44682205
vn -0.10832829 -0.88302976 0.45664352
vn 0.04710803 -0.81305546 0.58027726
vn -0 -0.7956707 0.6057296
vn -0.005495377 -0.87450147 0.48499185
vn -0.54599833 -0.6174753 0.56622434
vn -0.4228676 0.73163575 -0.5346887
vn -0.11968341 -0.7383291 0.6637365
vn 0.030692331 -0.87597966 0.48137054
vn 0.6891657 -0.40942886 0.59784496
vn 0.015935853 -0.80499953 0.5930613
vn -0.003007799 -0.8746118 0.48481464
vn 0.8465767 -0.51536113 0.13308191
vn 0.8497106 -0.50973034 0.13478476
vn -0 -0.3659855 0.93062055
vn -0 0.99783045 -0.06583495
vn 0.54599833 -0.6174754 0.5662244
vn -0.23429197 -0.9529398 0.19238773
vn -0.09327548 0.4658554 -0.879931
vn -0.12772432 -0.962687 -0.23857936
vn -0.17757946 -0.022898177 -0.98384005
vn 0.49364278 -0.8696024 0.010418375
vn 0.3920797 0.22008644 -0.8932163
vn 0.10583305 -0.74631613 0.65712374
vn 0.5904028 -0.80690163 0.018289331
vn 0.49341416 0.27341837 -0.82570267
vn 0.84031975 -0.314888 0.4412575
vn 0.7682706 0.5670911 -0.29693088
vn 0.2793224 0.886276 -0.36945048
vn 0.4999899 0.7323618 -0.46222967
vn 0.5252534 0.73278826 -0.4325856
vn 0.71016526 -0.12887986 0.6921382
vn 0.6913174 0.011027308 -0.722467
vn -0.16310784 -0.38408622 -0.9087759
vn 0.58963627 -0.6058335 -0.53413
vn -0.18407989 -0.018172057 -0.98274326
vn -0.9828341 -0.09919084 -0.15555815
vn -0.9195231 0.24623054 -0.30634594
vn -0.9055687 -0.38128087 -0.18593048
vn -0.40653074 -0.63372695 -0.6581207
vn -0.6660469 0.4585595 -0.5883066
vn -0.2929917 0.19761154 -0.9354708
vn -0.72193545 -0.5653991 -0.3989147
vn -0.74328107 -0.5522198 -0.37760624
vn -0.34126645 0.40663755 -0.8474569
vn 0.17323008 -0.9779684 -0.116486914
vn -0.21538225 -0.07732476 -0.97346354
vn -0.4526706 -0.60647595 -0.65366375
vn 0.53792626 0.5389337 -0.6482174
vn -0.9137663 -0.053315442 -0.40272656
vn 0.6202976 0.4189808 -0.66308826
vn -0.22196959 -0.4956843 -0.8396586
vn 0.69299984 -0.043254916 -0.719639
vn 0.52848125 0.55337423 -0.6438048
vn 0.6056735 0.45213762 -0.6547757
vn 0.9992785 -0.0007360842 0.037973363
vn 0.8850282 0.45842746 0.08105089
vn -0.8258573 0.36405244 -0.43061072
vn -0.061777804 -0.22199556 -0.9730886
vn 0.93968266 0.20751514 0.27190822
vn 0.62489927 0.46657068 -0.62594944
vn 0.9099497 0.4140051 -0.024318658
vn 0.26021656 0.23060608 0.93760765
vn -0.11239277 0.45637047 0.88266295
vn -0.9465537 0.09973575 -0.30673885
vn -0.09272175 0.13036472 -0.9871209
vn -0.66131437 0.52076674 0.5398752
vn 0.39621633 0.8405164 0.36951974
vn -0.009981548 0.9941099 -0.1079155
vn -0.66204464 0.518865 0.5408104
vn -0.0005551965 0.99320036 -0.11641642
vn -0.9340214 -0.21672091 -0.28396475
vn -0.6492308 0.58890605 0.48134083
vn -0.9295774 0.36810753 -0.019564018
vn -0.39435816 0.7454771 -0.5373506
vn -0.6546733 0.5773872 0.48788002
vn -0.7347899 -0.34664232 0.58302903
vn -0.3716185 -0.86789477 0.3296339
vn -0.7273403 -0.36961043 0.57824254
vn -0.3573156 -0.87803787 0.31839436
vn 0.17239867 -0.9782351 -0.11547626
vn 0.5731171 -0.63653225 -0.51610434
vn 0.58963627 -0.6058335 -0.53413
vn 0.8928968 -0.4115738 0.18259896
vn 0.597709 -0.65634644 0.4603837
vn 0.21949565 -0.59488744 0.77325976
vn -0.21538225 -0.07732476 -0.97346354
vn 0.083957896 0.30892208 -0.9473744
vn 0.6202976 0.4189808 -0.66308826
vn 0.62994725 0.45520625 -0.6292486
vn 0.6056735 0.45213762 -0.6547757
vn 0.62489927 0.46657068 -0.62594944
vn -0.5275404 0.7937364 0.3027929
vn -0.77678835 0.2962569 0.55572635
vn -0.7347899 -0.34664232 0.58302903
vn -0.5098464 0.8115483 0.28538725
vn -0.77543885 0.30529705 0.55270994
vn -0.7347899 -0.34664232 0.58302903
vn -0.7273403 -0.36961043 0.57824254
vn -0.082694896 0.27266002 0.95855
vn 0.12913732 0.6322571 0.7639205
vn -0.034054145 -0.22622839 0.9734788
vn -0.3573156 -0.87803787 0.31839436
vn 0.8195432 -0.011602251 0.5729
vn 0.21949565 -0.59488744 0.77325976
vn 0.8110321 0.14874835 0.56577456
vn 0.7196115 0.2616415 0.6431974
vn 0.5952382 0.28431648 0.7515688
vn 0.49542415 0.21668518 0.84119105
vn 0.45377174 0.08029009 0.8874935
vn 0.4998256 -0.070625275 0.8632418
vn 0.6017863 -0.15867122 0.78273654
vn 0.67724186 -0.16922191 0.7160359
vn 0.75109833 -0.13370088 0.6465102
vn 0.9992785 -0.0007360842 0.037973363
vn 0.5731171 -0.63653225 -0.51610434
vn 0.69299984 -0.043254916 -0.719639
vn -0.082694896 0.27266002 0.95855
vn 0.12913732 0.6322571 0.7639205
vn -0.77543885 0.30529705 0.55270994
vn -0.5098464 0.8115483 0.28538725
vn -0.009981548 0.9941099 -0.1079155
vn 0.9099497 0.4140051 -0.024318658
vn 0.39621633 0.8405164 0.36951974
vn 0.62489927 0.46657068 -0.62594944
vn -0.0005551965 0.99320036 -0.11641642
vn 0.62994725 0.45520625 -0.6292486
vn -0.39435816 0.7454771 -0.5373506
vn 0.083957896 0.30892208 -0.9473744
vn 0.06617319 -0.9962308 0.056083437
vn -0 -0.91212755 0.40990654
vn -0 -0.9974045 -0.07200084
vn -0.0808762 -0.90993726 0.40678394
vn -4.6348103E-07 -0.6106152 0.79192746
vn 0.019388733 -0.64373285 0.76500463
vn 0.21004592 -0.97543645 -0.06636696
vn 0.37006804 -0.5107607 -0.7759982
vn -0.12990288 -0.90924704 0.39546815
vn 0.059498467 -0.5304373 0.8456336
vn -0.17357089 -0.91178334 0.37218872
vn 0.30974448 0.28663543 0.9065861
vn 0.21932371 0.30101588 0.9280553
vn 0.60369307 -0.48206484 -0.63495517
vn 0.12853315 -0.9763265 -0.17397107
vn -0.04416776 -0.48838612 0.8715092
vn 0.14859238 0.35317054 0.9236834
vn -0.79314685 -0.6026157 0.08816115
vn -0.6633904 -0.34896603 0.66191834
vn 0.45378724 0.8534825 0.2562124
vn 0.30380175 0.903221 0.30314413
vn -0.6912303 0.4465675 0.56813556
vn -0.94446564 0.17456453 -0.2784094
vn -0.30325374 0.93943405 0.15969004
vn -0.39792675 0.8042367 -0.44142675
vn 0.31700948 0.8834839 -0.34490728
vn -0.47236362 -0.80174667 -0.36616248
vn -0.39698943 -0.2626723 -0.8794331
vn 0.4692908 -0.47878805 -0.74197584
vn -0.11641903 0.44902664 -0.88590163
vn 0.5423398 0.3780799 -0.750282
vn 0.6435382 0.38537827 -0.6613186
vn 0.42503926 0.57369274 -0.70015585
vn 0.40176064 0.84485555 -0.35328093
vn 0.29335335 0.8746166 -0.38599187
vn 1.3606923E-07 0.57744396 -0.81643033
vn -0 0.9120708 -0.41003275
vn 0.33851296 0.93408614 0.11354359
vn -3.8956938E-07 0.99472934 0.10253608
vn -3.8956938E-07 0.99472934 0.10253608
vn -8.5545344E-07 0.3789933 0.9253994
vn -4.6348103E-07 -0.6106152 0.79192746
vn 0.019388733 -0.64373285 0.76500463
vn -0.2193241 0.30101478 0.9280556
vn -3.8956938E-07 0.99472934 0.10253608
vn -0.01938863 -0.64373463 0.76500314
vn -0 -0.91212755 0.40990654
vn 0.0808761 -0.90993726 0.4067839
vn -0 -0.9974045 -0.07200084
vn -0.33851275 0.93408656 0.11354093
vn -0.2933528 0.8746166 -0.38599205
vn -0 0.9120708 -0.41003275
vn 1.3606923E-07 0.57744396 -0.81643033
vn -0.3097451 0.28663656 0.90658563
vn -0.45378676 0.8534836 0.2562095
vn -0.059497196 -0.5304393 0.84563243
vn -0.40176046 0.84485567 -0.35328105
vn -0.30380145 0.90322167 0.30314252
vn -0.31700942 0.883484 -0.34490713
vn -0.6435383 0.38537824 -0.66131836
vn -0.4250392 0.5736926 -0.7001561
vn -0.1485925 0.35317048 0.9236834
vn 0.1299028 -0.90924704 0.39546812
vn 0.044168252 -0.48838738 0.8715085
vn -0.06617283 -0.9962309 0.056082617
vn 0.39792752 0.80423623 -0.4414268
vn -0.54233986 0.37807992 -0.750282
vn 0.30325466 0.9394339 0.15968938
vn -0.6036931 -0.48206514 -0.634955
vn -0.46929052 -0.4787891 -0.7419753
vn 0.116419226 0.44902626 -0.8859018
vn 0.944466 0.17456368 -0.27840897
vn 0.6912304 0.44656643 0.56813633
vn 0.6633899 -0.3489674 0.66191804
vn 0.7931466 -0.602616 0.0881615
vn 0.3969892 -0.26267383 -0.8794328
vn 0.4723646 -0.8017466 -0.36616132
vn -0.1285323 -0.9763267 -0.1739697
vn 0.17357089 -0.9117832 0.3721888
vn -0.2100458 -0.97543645 -0.066366814
vn -0.3700689 -0.5107601 -0.7759981
vn -0 -0.44178182 -0.89712256
vn 0.06617319 -0.9962308 0.056083437
vn 0.42503926 0.57369274 -0.70015585
vn -0.06617321 -0.9962308 0.056083493
vn -0 -0.9974045 -0.07200082
vn -0 -0.91212755 0.4099066
vn 0.0808762 -0.90993726 0.40678394
vn 4.6142418E-07 -0.6106152 0.7919274
vn -0.01938873 -0.6437328 0.7650047
vn -0.21004589 -0.97543645 -0.06636692
vn -0.37006807 -0.51076066 -0.7759981
vn 0.12990288 -0.90924704 0.39546812
vn -0.059498467 -0.5304373 0.8456336
vn 0.17357086 -0.91178334 0.3721887
vn -0.30974448 0.28663543 0.9065861
vn -0.2193237 0.30101588 0.9280553
vn -0.60369307 -0.48206484 -0.63495517
vn -0.12853315 -0.9763265 -0.17397107
vn 0.04416776 -0.48838612 0.8715092
vn -0.14859238 0.35317054 0.9236834
vn 0.79314685 -0.6026157 0.08816113
vn 0.6633904 -0.34896603 0.66191834
vn -0.45378724 0.8534825 0.2562124
vn -0.30380177 0.903221 0.30314413
vn 0.6912303 0.4465675 0.56813556
vn 0.94446564 0.17456453 -0.2784094
vn 0.30325374 0.93943405 0.15969005
vn 0.39792675 0.8042367 -0.44142675
vn -0.3170095 0.8834839 -0.34490728
vn 0.47236365 -0.8017466 -0.36616245
vn 0.39698946 -0.26267236 -0.8794331
vn -0.4692908 -0.4787881 -0.74197584
vn 0.11641903 0.44902664 -0.88590163
vn -0.54233986 0.37807992 -0.750282
vn -0.6435381 0.38537824 -0.66131854
vn -0.42503926 0.57369274 -0.70015585
vn -0.40176064 0.84485555 -0.35328093
vn -0.29335335 0.8746166 -0.38599187
vn -1.3606923E-07 0.57744396 -0.81643033
vn -0 0.9120708 -0.41003275
vn -0.33851296 0.93408614 0.113543585
vn 3.8956935E-07 0.99472934 0.1025361
vn 3.8956935E-07 0.99472934 0.1025361
vn 8.5263713E-07 0.3789933 0.9253994
vn 4.6142418E-07 -0.6106152 0.7919274
vn -0.01938873 -0.6437328 0.7650047
vn 0.21932411 0.30101475 0.9280556
vn 3.8956935E-07 0.99472934 0.1025361
vn 0.019388637 -0.64373463 0.76500314
vn -0 -0.91212755 0.4099066
vn -0.08087611 -0.9099374 0.4067839
vn -0 -0.9974045 -0.07200082
vn 0.33851275 0.93408656 0.11354094
vn 0.29335278 0.8746166 -0.385992
vn -0 0.9120708 -0.41003275
vn -1.3606923E-07 0.57744396 -0.81643033
vn 0.3097451 0.28663653 0.90658563
vn 0.45378676 0.8534836 0.2562095
vn 0.059497185 -0.5304393 0.84563243
vn 0.40176046 0.84485567 -0.35328105
vn 0.30380145 0.90322167 0.3031425
vn 0.31700948 0.883484 -0.34490713
vn 0.64353824 0.38537824 -0.6613184
vn 0.42503923 0.57369256 -0.7001561
vn 0.1485925 0.35317048 0.9236834
vn -0.1299028 -0.90924704 0.39546815
vn -0.04416826 -0.48838738 0.8715085
vn 0.06617283 -0.9962309 0.056082614
vn -0.3979275 0.80423623 -0.44142687
vn 0.5423399 0.37807992 -0.750282
vn -0.30325472 0.9394339 0.15968932
vn 0.6036931 -0.48206514 -0.634955
vn 0.46929052 -0.4787891 -0.7419753
vn -0.11641911 0.44902626 -0.8859018
vn -0.944466 0.17456366 -0.2784089
vn -0.6912304 0.44656643 0.56813633
vn -0.6633899 -0.3489674 0.66191804
vn -0.7931466 -0.602616 0.08816151
vn -0.3969892 -0.26267385 -0.8794328
vn -0.4723646 -0.8017466 -0.36616132
vn 0.12853229 -0.9763267 -0.1739697
vn -0.17357089 -0.9117832 0.3721888
vn 0.21004584 -0.97543645 -0.06636682
vn 0.3700689 -0.5107601 -0.7759981
vn -0 -0.44178182 -0.89712256
vn -0.06617321 -0.9962308 0.056083493
vn -0.42503926 0.57369274 -0.70015585
vn -0.59546804 -0.68579614 -0.41845113
vn 0.7677642 -0.49526313 -0.40651253
vn -0.119897604 -0.47240373 -0.8731891
vn 0.7361093 -0.673435 -0.068032935
vn -0.66011304 -0.66326505 -0.35260507
vn 0.69717073 -0.71540093 -0.046417233
vn -0.72401834 -0.64236945 -0.25131425
vn 0.65558016 -0.7549753 0.015063017
vn -0.78406596 -0.6120381 -0.10319921
vn 0.6079021 -0.7893364 0.08604132
vn -0.8188338 -0.57127154 0.056213114
vn 0.5693907 -0.8087681 0.14727022
vn -0.8265249 -0.5288784 0.19272855
vn 0.5368332 -0.8143229 0.2206544
vn -0.7751161 -0.47820392 0.4129357
vn 0.4653914 -0.7609661 0.4520414
vn -0.16402002 -0.5279839 0.83326495
vn -0.8809839 -0.32509547 -0.3437736
vn 0.4478943 -0.74328476 -0.49690896
vn 0.0066033625 -0.53286093 -0.84617704
vn -0.8012671 -0.5893188 0.10331697
vn -0.7272781 -0.6810199 0.08531464
vn 0.5350312 -0.645551 -0.544982
vn -0.7038104 -0.708657 -0.04955961
vn 0.43134436 0.11834359 -0.8943919
vn -0.71304667 -0.34893373 -0.6081199
vn 0.28995666 0.64888746 -0.70347023
vn -0.6145092 -0.1622252 -0.77205014
vn 0.48315156 0.6557017 -0.5801895
vn -0.3822824 -0.23839074 -0.89276534
vn 0.71736884 0.5199948 -0.46366718
vn -0.1759047 -0.37103453 -0.9118064
vn 0.8323149 0.34987473 -0.4299298
vn -0.033006474 -0.6035609 -0.7966334
vn 0.90803224 0.11704536 -0.4022162
vn 0.6354522 -0.6700565 -0.38369864
vn -0.7628838 -0.23478544 -0.60239863
vn -0.9068848 0.3860842 0.16881627
vn -0.9762665 -0.17589381 0.12635292
vn -0.63417935 0.4149073 -0.65243274
vn -0.9553662 0.08461771 -0.28304648
vn -0.693246 0.44618446 -0.5659765
vn -0.88974947 0.26980793 -0.36817032
vn -0.89361197 0.40436843 -0.1947917
vn -0.8049647 0.2997211 0.5120538
vn -0.81144184 0.1595945 -0.56222034
vn -0.9254955 0.32620844 -0.19247366
vn -0.7488488 0.13993868 -0.6477983
vn -0.8288349 0.41858006 -0.37124592
vn -0.37846 0.6927596 -0.61388296
vn -0.7860739 0.338817 0.5170018
vn -0.9220575 0.3442872 0.17685118
vn -0.5743371 0.80908465 0.124575
vn -0.74898237 0.5950013 -0.2915455
vn -0.4660521 0.83151454 0.30228966
vn -0.911846 -0.26850155 0.31055427
vn -0.8903241 0.40396184 -0.21009019
vn -0.77513516 0.54510844 -0.31940934
vn -0.9380861 0.13754685 -0.3179233
vn -0.47978458 0.8141677 -0.32701352
vn -0.91337365 -0.25802752 -0.31491324
vn -0.94079953 0.33715418 -0.034974415
vn -0.9823131 -0.13054343 0.13423632
vn -0.99672914 0.0053642006 -0.08063648
vn -0.9976203 0.03601276 0.05879497
vn -0.19562247 0.94920844 -0.24644491
vn -0.9693561 -0.23251614 -0.07927869
vn -0.19406737 0.52928627 -0.82595026
vn -0.9225773 0.32427222 -0.20904234
vn -0.7252649 0.6830722 -0.08604157
vn -0.8011438 -0.5564007 -0.22042407
vn -0.51565385 -0.26840737 -0.8136698
vn -0.5396794 0.83732283 -0.08738882
vn -0.9127734 0.4071702 -0.03251553
vn -0.60827965 0.7826094 0.13235667
vn -0.73905796 0.67076015 0.0622433
vn -0.5771674 0.5930209 0.56143034
vn -0.5760717 0.6988437 0.42397985
vn -0.63563085 0.7710799 -0.037541457
vn -0.05615618 -0.046264164 0.9973495
vn -1.5537105E-05 3.5344656E-05 1
vn 0.40314984 0.33231583 0.85266435
vn 0.056119423 0.046244673 0.9973526
vn -0.30090633 0.83098185 0.4678938
vn -0.63563085 0.7710799 -0.037541457
vn 0.6688987 0.5513721 0.49856117
vn -0.47198096 0.6796838 0.5614837
vn -0.63563085 0.7710799 -0.037541457
vn -0.40311968 -0.33236548 0.8526592
vn -0.7582998 0.45391324 0.46791464
vn -0.66885114 -0.5513926 0.49860224
vn -0.14528333 0.95477563 0.25941506
vn -0.63563085 0.7710799 -0.037541457
vn 0.76745623 0.6326472 -0.10377147
vn -0.909509 0.32481366 0.25940222
vn -0.63563085 0.7710799 -0.037541457
vn -0.767457 -0.6326448 -0.10378041
vn -0.9543526 0.28520063 -0.088721834
vn -0.63563085 0.7710799 -0.037541457
vn -0.5869811 -0.48389667 -0.6490742
vn -0.8442214 0.40413213 -0.35208988
vn -0.63563085 0.7710799 -0.037541457
vn 2.003683E-05 7.885307E-06 -1
vn -0.09784169 0.99124056 -0.08870824
vn -0.63563085 0.7710799 -0.037541457
vn -0.23561661 0.9058223 -0.35209504
vn -0.63563085 0.7710799 -0.037541457
vn 0.5870021 0.48388594 -0.6490631
vn -0.54797345 0.6647259 -0.50780374
vn -0.63563085 0.7710799 -0.037541457
vn -0.63563085 0.7710799 -0.037541457
vn 0.6356294 -0.77108663 -0.037427843
vn 0.3015331 -0.83112586 0.4672339
vn 0.57750374 -0.59344506 0.5606356
vn -0.40311968 -0.33236548 0.8526592
vn 0.056119423 0.046244673 0.9973526
vn -0.66885114 -0.5513926 0.49860224
vn 0.57667905 -0.69956446 0.4219607
vn 0.6356294 -0.77108663 -0.037427843
vn -1.5537105E-05 3.5344656E-05 1
vn -0.05615618 -0.046264164 0.9973495
vn 0.14610663 -0.954754 0.25903216
vn 0.6356294 -0.77108663 -0.037427843
vn -0.767457 -0.6326448 -0.10378041
vn 0.47235337 -0.68013436 0.56062424
vn 0.6356294 -0.77108663 -0.037427843
vn 0.40314984 0.33231583 0.85266435
vn 0.75832015 -0.45458367 0.46723047
vn 0.6688987 0.5513721 0.49856117
vn 0.9093341 -0.32557568 0.25906
vn 0.6356294 -0.77108663 -0.037427843
vn 0.76745623 0.6326472 -0.10377147
vn 0.9541125 -0.28601214 -0.08869291
vn 0.6356294 -0.77108663 -0.037427843
vn 0.5870021 0.48388594 -0.6490631
vn 0.8440119 -0.40510878 -0.35146946
vn 0.6356294 -0.77108663 -0.037427843
vn 2.003683E-05 7.885307E-06 -1
vn 0.5481855 -0.6650052 -0.5072086
vn 0.6356294 -0.77108663 -0.037427843
vn 0.23663567 -0.9058068 -0.35145062
vn 0.6356294 -0.77108663 -0.037427843
vn -0.5869811 -0.48389667 -0.6490742
vn 0.09873194 -0.9911533 -0.08869698
vn 0.6356294 -0.77108663 -0.037427843
vn 0.6356294 -0.77108663 -0.037427843
vn -0.41548538 0.86534894 0.28025553
vn 0.27969533 0.2652429 0.9227224
vn -0.28693545 -0.69353503 0.6608155
vn -0.9547734 0.29280818 0.051682975
vn 0.401992 0.7051641 -0.58407706
vn 0.29077706 0.7012087 -0.6509647
vn -0.3455792 -0.91406626 0.21226846
vn 0.34479076 0.9143756 -0.21221809
vn -0.9675643 0.25204375 0.017127099
vn -0.33255294 -0.89247584 -0.3047875
vn 0.33143446 0.89290714 0.3047425
vn -0.9665671 0.2532285 -0.040290587
vn -0.2304649 -0.6318019 -0.7400759
vn 0.22930141 0.632275 0.74003327
vn -0.9552067 0.28221968 -0.089062475
vn -0.06661848 -0.201809 -0.9771566
vn 0.065718174 0.20216115 0.9771449
vn -0.9368265 0.3305279 -0.114487454
vn -0.9368265 0.3305279 -0.114487454
vn 0.115092315 0.2822876 -0.95240086
vn -0.11552213 -0.28211638 0.9523996
vn -0.91689587 0.38365227 -0.11005824
vn 0.26595896 0.6906996 -0.6724581
vn -0.26577297 -0.6907985 0.6724301
vn -0.901116 0.42652074 -0.07790958
vn 0.34558064 0.9140491 -0.21233998
vn -0.3447916 -0.9143667 0.21225522
vn -0.8934399 0.44828653 -0.02836139
vn 0.3326126 0.8924632 0.3047593
vn -0.33143872 -0.89290446 -0.30474573
vn -0.89526796 0.44481784 0.025148356
vn 0.24606296 0.67258793 0.6979102
vn -0.24627121 -0.6760277 -0.6945049
vn -0.9117726 0.40900117 0.03726737
vn 0.0017892921 0.022650212 0.99974185
vn -0.9396116 -0.14865676 0.30827147
vn -0.33253616 -0.9048525 -0.26582253
vn 0.401992 0.7051641 -0.58407706
vn 0.27969533 0.2652429 0.9227224
vn -0.41548538 0.86534894 0.28025553
vn 0.9811149 -0.07300797 0.1791183
vn 0.29077706 0.7012087 -0.6509647
vn -0.28693545 -0.69353503 0.6608155
vn 0.9032266 -0.4216122 0.08015427
vn 0.34479076 0.9143756 -0.21221809
vn 0.89344215 -0.44828203 0.028361274
vn -0.3455792 -0.91406626 0.21226846
vn 0.33143446 0.89290714 0.3047425
vn 0.8952882 -0.44478077 -0.02508162
vn -0.33255294 -0.89247584 -0.3047875
vn 0.22930141 0.632275 0.74003327
vn 0.9058301 -0.41785434 -0.06978174
vn -0.2304649 -0.6318019 -0.7400759
vn 0.065718174 0.20216115 0.9771449
vn 0.92257965 -0.37390265 -0.095097944
vn -0.06661848 -0.201809 -0.9771566
vn -0.11552213 -0.28211638 0.9523996
vn 0.92257965 -0.37390265 -0.095097944
vn 0.94164145 -0.32305914 -0.09457398
vn 0.115092315 0.2822876 -0.95240086
vn -0.26577297 -0.6907985 0.6724301
vn 0.95823056 -0.27814865 -0.06654079
vn 0.26595896 0.6906996 -0.6724581
vn -0.3447916 -0.9143667 0.21225522
vn 0.967561 -0.25205678 -0.017120894
vn 0.34558064 0.9140491 -0.21233998
vn -0.33143872 -0.89290446 -0.30474573
vn 0.3326126 0.8924632 0.3047593
vn 0.96656 -0.25325277 0.04030853
vn -0.24627121 -0.6760277 -0.6945049
vn 0.9545505 -0.292736 0.05602748
vn 0.24606296 0.67258793 0.6979102
vn 0.0017892921 0.022650212 0.99974185
vn 0.6141381 -0.7221979 0.31822094
vn -0.33253616 -0.9048525 -0.26582253
vn -0.9396116 -0.14865676 0.30827147
vn -0.95470303 -0.287198 -0.07784138
vn -0.6397966 -0.1674014 -0.7500914
vn -0.15662037 0.8893129 -0.42964235
vn -0.30365664 0.94972515 0.07625464
vn -0.26833642 0.95755696 0.10526264
vn -0.9634861 -0.25781578 -0.072287776
vn -0.1321974 0.9767284 0.16889523
vn -0.99572444 -0.07934575 -0.047298133
vn -0.31480652 0.9463992 0.072287396
vn -0.9744796 0.22423352 0.010427307
vn -0.36529315 0.92177784 0.1299483
vn -0.46740144 0.8828783 -0.045407057
vn 0.04520093 0.65306085 0.7559553
vn 0.3677677 0.69279927 0.62030333
vn 0.4259137 0.80833536 0.40643758
vn -0.6497639 0.6038546 -0.46169972
vn 0.5890506 0.8046032 0.07505357
vn -0.5511628 0.49570242 -0.671192
vn -0.36343536 0.68472415 0.63171804
vn -0.5546952 0.8232888 0.12045242
vn 0.38678735 0.92215955 0.004155473
vn -0.5640847 0.32921132 0.75725055
vn -0.6518777 0.7579241 0.024628812
vn -0.8211492 0.08057324 0.5649973
vn 0.6257649 0.7787465 -0.044409752
vn -0.8618645 0.059682153 0.50361454
vn -0.7501771 0.64464813 0.14718364
vn -0.06493165 0.9004639 -0.43005663
vn -0.12958245 0.81262684 -0.5681953
vn -0.9876621 0.07294878 0.13857208
vn 0.75287807 0.6550188 -0.06422599
vn -0.65006953 0.754129 0.093268566
vn 0.77246773 0.63125324 -0.06937506
vn -0.62077475 0.7809786 0.068636745
vn -0.65086514 0.63671696 -0.41348034
vn 0.482165 0.4438686 -0.75531286
vn 0.8257751 0.20425944 -0.5257125
vn 0.9725647 0.22999634 -0.03492177
vn 0.95722276 0.28852645 -0.021844624
vn 0.7483754 0.49690965 -0.43933487
vn 0.17349021 0.069762066 -0.9823616
vn 0.94043535 0.33955568 0.016831137
vn 0.0046778903 0.5564087 -0.8308956
vn -0.21841292 -0.056766413 -0.97420394
vn -0.4082181 0.38332474 -0.82850474
vn 0.6790051 0.6996163 -0.2224615
vn 0.92462635 0.37189183 0.08223493
vn -0.14930151 0.8779374 -0.45490125
vn -0.5850904 0.6554708 -0.47752208
vn 0.6341436 0.77063596 0.0631051
vn 0.91480637 0.36744615 0.16766797
vn -0.24905027 0.96812105 0.026751183
vn -0.70612025 0.7062985 -0.050366323
vn 0.6232103 0.69589376 0.3568485
vn 0.91794676 0.31114087 0.2460998
vn -0.27620304 0.8200881 0.501166
vn -0.7561731 0.55440223 0.34762114
vn 0.6523601 0.47642317 0.5894466
vn 0.9362763 0.2159297 0.27705768
vn -0.22564514 0.4590845 0.8592588
vn -0.72869956 0.23949653 0.6415905
vn 0.7188246 0.15693697 0.6772458
vn 0.9622776 0.124115005 0.24210979
vn -0.10818479 -0.035545725 0.99349517
vn -0.62098783 -0.17836563 0.7632561
vn 0.80133694 -0.1546146 0.57788706
vn 0.98388577 0.07571966 0.16197366
vn 0.045421373 -0.5202667 0.85279506
vn -0.44912058 -0.5979473 0.6638898
vn 0.87125695 -0.35517 0.33877072
vn 0.9938735 0.07905924 0.07723395
vn 0.1949859 -0.8516779 0.4864414
vn -0.25899452 -0.89701766 0.35816348
vn 0.9121527 -0.4075208 0.043637954
vn 0.9930756 0.11670123 0.013474605
vn 0.30463335 -0.952462 0.0038226359
vn -0.108578265 -0.99159735 -0.0703241
vn 0.91845465 -0.31489286 -0.23934
vn 0.98506397 0.17058106 -0.023475869
vn 0.34621012 -0.8059883 -0.4801265
vn -0.0419217 -0.8583259 -0.5113894
vn 0.88817674 -0.095172666 -0.44953775
vn 0.9725647 0.22999634 -0.03492177
vn 0.8257751 0.20425944 -0.5257125
vn 0.3009656 -0.43633494 -0.8479574
vn -0.08089315 -0.5200859 -0.8502746
vn 0.17349021 0.069762066 -0.9823616
vn -0.21841292 -0.056766413 -0.97420394
vn -0.34511557 -0.28119528 0.8954466
vn 0.24213645 -0.8089082 0.53575873
vn 0.05900037 -0.67251647 0.7377267
vn -0.3092406 -0.18249938 0.93330824
vn -0.5542187 0.24808532 0.7945409
vn -0.52390593 0.3164858 0.7907966
vn 0.5027427 -0.62774163 0.5942981
vn -0.40127236 0.54389745 0.7369912
vn 0.046933804 0.010323484 0.9988446
vn -0.14460698 0.79465353 0.58958864
vn 0.8260325 -0.29568622 0.47983333
vn 0.4943811 0.33063838 0.80390644
vn -0.030762514 0.92069584 0.3890666
vn 0.71835166 0.5459053 0.43122897
vn 0.9643066 0.0043572662 0.2647526
vn 0.76470727 0.6035379 0.22575359
vn 0.08428374 0.950436 0.2992785
vn 0.97758555 0.17394108 0.11862048
vn 0.77059186 0.60817087 0.19056846
vn 0.18648417 0.94860965 0.25566274
vn 0.98149765 0.1726046 0.08288623
vn 0.18358764 0.94904387 0.25614744
vn 0.759332 0.61269855 0.2191238
vn 0.98817086 0.12331897 0.09116431
vn 0.99785525 -0.034658752 0.05553002
vn 0.7316204 0.6318601 0.2558991
vn 0.14639105 0.95144695 0.27077386
vn 0.9606125 -0.2745335 -0.043070927
vn 0.67102104 0.6912154 0.26823872
vn 0.07808666 0.96808517 0.23814583
vn 0.85982454 -0.4957457 -0.12222136
vn 0.92878544 -0.34763002 -0.12849495
vn 0.816532 -0.5104344 -0.26968905
vn -0.5646257 -0.7229865 -0.398106
vn 0.5937135 0.7388701 0.3187087
vn 0.009657661 0.98027635 0.19739576
vn 0.79586273 -0.59817094 -0.093777254
vn -0.80362445 0.5927841 0.052864946
vn 0.816532 -0.5104344 -0.26968905
vn -0.5646257 -0.7229865 -0.398106
vn 0.5651377 0.7320277 0.38046643
vn -0.82350177 0.56722283 0.010153293
vn -0.53341895 -0.73855233 -0.41231617
vn -0.44861037 -0.7718692 -0.4505182
vn 0.81056434 -0.5848799 -0.030016312
vn -0.53341895 -0.73855233 -0.41231617
vn -0.44861037 -0.7718692 -0.4505182
vn 0.53021693 0.7435024 0.40752208
vn -0.85886717 0.50903004 -0.05688246
vn -0.35366097 -0.80318433 -0.4793942
vn 0.8488098 -0.5273184 0.038173422
vn -0.35366097 -0.80318433 -0.4793942
vn -0.88227445 0.44882023 -0.14195846
vn -0.25085828 -0.8354455 -0.48897958
vn 0.44128355 0.77837235 0.44654822
vn 0.8760982 -0.4657675 0.12454928
vn -0.25085828 -0.8354455 -0.48897958
vn 0.34079507 0.81164706 0.47443417
vn -0.8924163 0.38718903 -0.23168445
vn -0.148778 -0.86910594 -0.47172016
vn 0.8913715 -0.39625174 0.22009403
vn -0.148778 -0.86910594 -0.47172016
vn 0.23911433 0.84233105 0.48301417
vn -0.89719594 0.31594482 -0.30857462
vn 0.14361256 0.8728729 0.46633506
vn -0.89905584 0.2353576 -0.36919573
vn -0.056059815 -0.89990747 -0.43246263
vn 0.026041718 -0.9264786 -0.37544522
vn 0.8997139 -0.3146146 0.30254355
vn 0.9036846 -0.22476095 0.36446738
vn -0.056059815 -0.89990747 -0.43246263
vn 0.055034187 0.902842 0.42643604
vn 0.90484643 -0.12995523 0.4054189
vn 0.026041718 -0.9264786 -0.37544522
vn -0.89860904 0.15181214 -0.4116491
vn 0.9092945 -0.032725606 0.41486445
vn 0.09388256 -0.94837916 -0.30292395
vn 0.14505586 -0.9654164 -0.21663336
vn -0.020359378 0.929238 0.3689204
vn -0.9016468 0.067629375 -0.42715254
vn 0.09388256 -0.94837916 -0.30292395
vn 0.14505586 -0.9654164 -0.21663336
vn -0.07811924 0.9521127 0.2955991
vn 0.9231054 0.06266542 0.37940663
vn -0.91448456 -0.013073013 -0.40440962
vn -0.94072956 -0.08250971 -0.32896826
vn 0.17896831 -0.9768935 -0.11683135
vn 0.1974376 -0.98031116 -0.0028810725
vn -0.11498533 0.97161794 0.20672923
vn 0.9481578 0.14618109 0.2821843
vn 0.17896831 -0.9768935 -0.11683135
vn -0.13030966 0.9864878 0.099303596
vn 0.9741296 0.19698195 0.11076882
vn 0.1974376 -0.98031116 -0.0028810725
vn -0.97414917 -0.12575638 -0.18766685
vn 0.20356004 -0.97132283 0.1228623
vn -0.13022009 0.9909684 -0.03200656
vn 0.97546023 0.18544644 -0.11868763
vn 0.20356004 -0.97132283 0.1228623
vn -0.9924636 -0.12192866 0.012224731
vn 0.93231845 0.10353424 -0.34650102
vn 0.20443988 -0.9461421 0.2510371
vn -0.13024256 0.97420335 -0.18429483
vn -0.97213066 -0.06465035 0.22534914
vn 0.20443988 -0.9461421 0.2510371
vn 0.1899155 -0.9171533 0.3503739
vn 0.87856144 -0.0040858206 -0.47761184
vn 0.1899155 -0.9171533 0.3503739
vn -0.14751045 0.9310624 -0.3337118
vn -0.9293414 -0.014017248 0.36895555
vn 0.8657159 -0.07736751 -0.4945203
vn 0.19921666 -0.9055389 0.37458265
vn -0.18353625 0.88775873 -0.42213604
vn -0.17758068 0.87278247 -0.45466024
vn -0.9077169 -0.01722728 0.41922936
vn 0.19921666 -0.9055389 0.37458265
vn 0.92878544 -0.34763002 -0.12849495
vn 0.99785525 -0.034658752 0.05553002
vn 0.9606125 -0.2745335 -0.043070927
vn 0.9892168 -0.14376862 -0.02793825
vn 0.9997913 -0.01592254 0.0128017925
vn 0.98817086 0.12331897 0.09116431
vn 0.98149765 0.1726046 0.08288623
vn 0.98568374 -0.16500694 -0.034644656
vn 0.9669891 -0.24399999 -0.07345795
vn 0.9997768 -0.012138093 0.017291574
vn 0.94162303 -0.32761914 -0.07753571
vn 0.9832425 0.12168915 0.13574263
vn 0.97758555 0.17394108 0.11862048
vn 0.9643066 0.0043572662 0.2647526
vn 0.9445599 -0.13904363 0.29744494
vn 0.8260325 -0.29568622 0.47983333
vn 0.9921239 -0.08913049 0.088011146
vn 0.7742597 -0.45378542 0.44113576
vn 0.5027427 -0.62774163 0.5942981
vn 0.9008654 -0.43367296 -0.01921417
vn 0.920304 -0.24526933 0.3047678
vn 0.52458715 -0.70105696 0.4830398
vn 0.24213645 -0.8089082 0.53575873
vn 0.8125259 -0.5713097 0.11578781
vn 0.7166334 -0.45426232 0.529228
vn 0.31977442 -0.8132083 0.48624736
vn 0.05900037 -0.67251647 0.7377267
vn 0.6150961 -0.74833935 0.24828416
vn 0.44433123 -0.6396467 0.62723356
vn 0.22060907 -0.7641631 0.60612416
vn 0.13866001 -0.80010307 0.5836167
vn 0.41262782 -0.8675877 0.27754286
vn 0.25453606 -0.9419651 0.21889079
vn 0.1467378 -0.9707638 0.18996193
vn 0.110237494 -0.86538327 -0.48883492
vn 0.18342227 -0.9147576 -0.35996494
vn 0.3184531 -0.9289238 -0.18891296
vn 0.31078354 -0.92411023 -0.22233702
vn 0.36685282 -0.9060185 -0.21106741
vn 0.4243073 -0.8754466 -0.23142287
vn 0.53949183 -0.80625135 -0.24270824
vn 0.6548253 -0.72543687 -0.21200259
vn 0.74982893 -0.6387434 -0.17252058
vn 0.9963981 -0.08447957 0.0073507996
vn 0.82574964 -0.5526582 -0.11272334
vn 0.99686736 -0.033698782 0.07155201
vn 0.8930724 -0.44797182 -0.04174719
vn 0.816532 -0.5104344 -0.26968905
vn 0.9647292 0.22073716 0.14343196
vn 0.94147825 -0.33589476 0.02816742
vn 0.4326287 0.86412764 0.25713015
vn 0.009657661 0.98027635 0.19739576
vn 0.9228288 0.3316607 0.19592895
vn 0.9681575 -0.21464488 0.12883641
vn 0.8461396 0.4464519 0.29108158
vn 0.3380287 0.89763105 0.282834
vn 0.70213777 0.59373915 0.3930347
vn 0.9613457 -0.043794505 0.27183914
vn 0.20347084 0.92701745 0.31502098
vn 0.5176091 0.73578435 0.43669468
vn 0.9002533 0.15865393 0.4054293
vn 0.015471103 0.947579 0.31914672
vn 0.33445233 0.8494817 0.40807158
vn 0.79730326 0.38033658 0.46866983
vn -0.17025869 0.94837403 0.2675796
vn 0.17410274 0.93045706 0.32239404
vn 0.6545125 0.6141075 0.44100502
vn 0.4802138 0.79296 0.37497893
vn -0.31501555 0.93011975 0.18879166
vn -0.6544067 0.74623907 0.12197987
vn -0.8370979 0.54613954 0.0316032
vn -0.12510541 -0.6572404 -0.7432253
vn -0.9272925 0.37419805 -0.01022001
vn -0.9601353 0.2555264 -0.11334237
vn -0.48741728 0.8459923 0.21615146
vn -0.37448275 0.9025054 0.21271305
vn -0.86390203 0.49337357 0.10127084
vn -0.9217242 0.38784063 0.0020362015
vn -0.24612518 0.9616527 0.12102301
vn -0.79322475 0.5925645 0.14022052
vn -0.22595693 0.9501975 0.21463478
vn 0.07808666 0.96808517 0.23814583
vn -0.6763868 0.71675056 0.16961558
vn -0.06882951 0.96952873 0.23510946
vn 0.14639105 0.95144695 0.27077386
vn -0.5292835 0.82830006 0.18378748
vn 0.02501604 0.9715063 0.23569024
vn 0.18358764 0.94904387 0.25614744
vn -0.39040273 0.89897174 0.19858372
vn 0.03296982 0.96640766 0.25489044
vn 0.18648417 0.94860965 0.25566274
vn -0.29583168 0.9276915 0.22775446
vn 0.08428374 0.950436 0.2992785
vn -0.036176194 0.9522046 0.3033114
vn -0.22402573 0.9380411 0.26436967
vn -0.030762514 0.92069584 0.3890666
vn -0.18364328 0.91585666 0.35704583
vn -0.15518875 0.93030846 0.33232898
vn -0.2561815 0.86299837 0.43543655
vn -0.14460698 0.79465353 0.58958864
vn -0.14179371 0.8876865 0.43807214
vn -0.3331936 0.72604924 0.6015269
vn -0.40127236 0.54389745 0.7369912
vn -0.23500942 0.79054135 0.56552184
vn -0.48176587 0.584958 0.65247667
vn -0.52390593 0.3164858 0.7907966
vn -0.5398797 0.4352077 0.7205027
vn -0.5542187 0.24808532 0.7945409
vn -0.4030713 -0.5185438 -0.75408614
vn -0.9011478 0.15673248 -0.4041877
vn -0.88136536 0.289266 -0.37352413
vn -0.4423324 -0.52256215 -0.7288833
vn 0.110237494 -0.86538327 -0.48883492
vn 0.18342227 -0.9147576 -0.35996494
vn -0.48736846 -0.59187204 -0.6419963
vn 0.3184531 -0.9289238 -0.18891296
vn 0.31078354 -0.92411023 -0.22233702
vn -0.5819518 -0.64969903 -0.48910445
vn -0.92401415 0.1466423 -0.3531204
vn -0.9653076 0.09227897 -0.24426585
vn -0.6330169 -0.6967973 -0.33728772
vn 0.36685282 -0.9060185 -0.21106741
vn -0.98055226 0.12513225 -0.1511925
vn -0.63089544 -0.730282 -0.26202878
vn 0.4243073 -0.8754466 -0.23142287
vn 0.53949183 -0.80625135 -0.24270824
vn -0.57288677 -0.76990926 -0.2811415
vn -0.99017566 0.04345933 -0.13290378
vn -0.9679713 0.21499535 -0.12964728
vn -0.45685777 -0.830052 -0.31983522
vn 0.6548253 -0.72543687 -0.21200259
vn -0.9674055 0.20184274 -0.15292501
vn -0.3193711 -0.8820175 -0.34647837
vn 0.74982893 -0.6387434 -0.17252058
vn -0.96896553 0.13987952 -0.20381267
vn -0.15695705 -0.91794586 -0.36433476
vn 0.82574964 -0.5526582 -0.11272334
vn -0.9613801 0.022834167 -0.27427492
vn 0.035437115 -0.93353796 -0.35672247
vn 0.8930724 -0.44797182 -0.04174719
vn -0.9273853 -0.15270577 -0.34152216
vn 0.22029036 -0.9216793 -0.3193421
vn 0.94147825 -0.33589476 0.02816742
vn -0.8415008 -0.30858698 -0.4434529
vn 0.4054623 -0.8764386 -0.2597224
vn 0.9681575 -0.21464488 0.12883641
vn -0.6881309 -0.46203983 -0.5594598
vn 0.62733305 -0.769699 -0.11839289
vn 0.9613457 -0.043794505 0.27183914
vn -0.45787114 -0.66716725 -0.58757293
vn 0.80490893 -0.5868213 0.088104054
vn 0.9002533 0.15865393 0.4054293
vn -0.18605444 -0.8276866 -0.52945113
vn 0.89951336 -0.36107412 0.24597001
vn 0.79730326 0.38033658 0.46866983
vn 0.9412145 -0.11136964 0.31892312
vn 0.015539998 -0.8949078 -0.44598046
vn 0.6545125 0.6141075 0.44100502
vn 0.20852724 -0.9173898 -0.3389873
vn 0.9271226 0.13996156 0.34764138
vn 0.4802138 0.79296 0.37497893
vn 0.37511864 -0.89472634 -0.24238572
vn 0.88017166 0.34038347 0.3308126
vn 0.31055304 0.91073203 0.27225712
vn 0.49637297 -0.8530933 -0.16076595
vn 0.8341708 0.4678029 0.292095
vn 0.17581004 0.97787374 0.1133744
vn 0.5922882 -0.79984486 -0.09717487
vn 0.8048029 0.559109 0.19922209
vn -0.5183692 0.8546752 0.028698966
vn 0.6762171 -0.73523754 -0.04643474
vn 0.7695535 0.6385073 0.009781029
vn -0.58730304 0.8010961 -0.11541347
vn 0.71318203 -0.70065105 -0.021434415
vn 0.723169 0.66555977 -0.1845446
vn 0.6818492 0.6377944 -0.35818985
vn -0.64678514 0.7386842 -0.18977548
vn 0.720837 -0.6930748 -0.0064254464
vn -0.68284947 0.68917227 -0.24240126
vn 0.70668113 -0.70732975 0.016926788
vn -0.7224228 0.6412138 -0.25874746
vn 0.64907324 0.59661794 -0.47196504
vn 0.69908434 -0.71441966 0.02975945
vn -0.739674 0.6204649 -0.260587
vn 0.63510686 0.57669157 -0.51387364
vn -0.22016887 -0.43224415 -0.8744659
vn -0.9127276 0.39573464 -0.10159988
vn -0.9653076 0.09227897 -0.24426585
vn -0.98055226 0.12513225 -0.1511925
vn -0.99017566 0.04345933 -0.13290378
vn -0.9791501 0.17492792 -0.10327288
vn -0.9921903 -0.058539186 -0.11014292
vn -0.8688351 0.49236032 -0.05202731
vn -0.9526795 -0.27165562 -0.13640028
vn -0.92310137 0.3740938 -0.089094
vn -0.8688847 -0.46672675 -0.16494116
vn -0.97292095 0.19086546 -0.13036558
vn -0.76463956 -0.6175835 -0.18416564
vn -0.9836459 0.008490265 -0.17991257
vn -0.94743013 -0.043458737 -0.3169974
vn -0.6566955 -0.7019888 -0.2756131
vn -0.9283831 -0.09939293 -0.35808626
vn -0.7756014 -0.5606563 -0.2900123
vn -0.34284273 -0.8666597 -0.3624359
vn -0.72193545 -0.459925 -0.51698947
vn -0.6675048 -0.6644649 -0.33604145
vn -0.19661197 -0.9107073 -0.36325744
vn -0.5726337 -0.59371346 -0.5653273
vn -0.9716725 0.12954104 -0.19766529
vn -0.039548222 -0.945122 -0.32431507
vn -0.40994 -0.7229447 -0.5561477
vn -0.5514539 -0.7608349 -0.34209487
vn -0.43021125 0.89755255 0.096528664
vn 0.106127694 -0.9612206 -0.2545422
vn -0.2758446 -0.824106 -0.49473116
vn 0.23973987 -0.9576252 -0.15962103
vn -0.10978731 -0.91135687 -0.3967058
vn 0.11845085 -0.9455009 -0.30331057
vn -0.43698004 -0.8448468 -0.30867827
vn -0.96703714 0.0002966039 -0.25463507
vn 0.016705254 0.9764488 0.2151018
vn -0.52232295 0.85274225 -0.003068083
vn -0.11704862 0.98873085 0.09333239
vn 0.31055304 0.91073203 0.27225712
vn 0.17581004 0.97787374 0.1133744
vn -0.9518155 -0.12502436 -0.28002882
vn -0.13029265 0.98909587 -0.06865337
vn -0.7893379 0.25439936 -0.5587724
vn -0.5902982 0.8018946 -0.09226737
vn -0.33164263 -0.9122945 -0.24027455
vn -0.9339562 -0.23371781 -0.2703735
vn -0.6322731 0.7595693 -0.15259486
vn -0.080441065 0.9827162 -0.16672736
vn -0.08797328 0.95760703 -0.2743162
vn 0.8628785 0.47551414 -0.17125112
vn -0.66070503 0.72255665 -0.20342271
vn -0.9211344 -0.30659 -0.23982088
vn -0.24946147 -0.9560271 -0.1542111
vn 0.3303236 -0.94153994 -0.066248104
vn -0.1315154 0.88159823 -0.45330808
vn 0.8268132 0.41345727 -0.38135687
vn -0.6933109 0.67250425 -0.2589555
vn -0.9165606 -0.35431933 -0.1854035
vn -0.1997625 -0.9767676 -0.07758908
vn 0.7102998 -0.7036827 0.01745474
vn -0.16638954 0.7837438 -0.5983814
vn 0.77984804 0.28517687 -0.55723536
vn 0.73519343 0.14517477 -0.66212904
vn -0.7247238 0.6198064 -0.30102387
vn -0.91531974 -0.39565846 -0.07512699
vn 0.37327802 -0.92771953 8.3415754E-05
vn 0.79563224 -0.6034289 0.05331796
vn 0.25409445 -0.9343527 -0.24984226
vn -0.7893379 0.25439936 -0.5587724
vn -0.16344793 -0.9864764 0.012204125
vn 0.4139947 -0.9079694 0.06480704
vn 0.8351408 -0.5466249 0.061163526
vn 0.8628785 0.47551414 -0.17125112
vn 0.4573144 -0.8768407 0.14837092
vn -0.124530666 -0.9805399 0.15176854
vn 0.86575013 -0.49653518 0.06268546
vn 0.87323654 -0.4859143 0.036676146
vn 0.8268132 0.41345727 -0.38135687
vn 0.4827027 -0.8439943 0.23381996
vn -0.9126865 -0.3997814 0.08472419
vn 0.8567106 -0.5156656 0.011659539
vn 0.77984804 0.28517687 -0.55723536
vn 0.48411763 -0.8172792 0.31254575
vn -0.09384776 -0.9431347 0.31888792
vn -0.90623885 -0.34363168 0.24626876
vn 0.8269995 -0.56212795 0.009171744
vn 0.73519343 0.14517477 -0.66212904
vn -0.07833041 -0.8755811 0.4766781
vn 0.46669623 -0.7973743 0.382608
vn 0.80600744 -0.5916475 0.017471362
vn 0.7095884 0.06321023 -0.7017754
vn -0.35419035 -0.6844942 -0.6371946
vn 0.45057002 -0.786 0.42330924
vn -0.075680465 -0.7995398 0.59582597
vn -0.07702498 -0.75330555 0.65314466
vn -0.8929404 -0.2637982 0.3647849
vn -0.8799172 -0.21753429 0.42240325
vn -0.741317 0.5864082 -0.32645765
vn -0.7466816 0.5698125 -0.34319168
vn -0.19162384 0.6966775 -0.6913181
vn 0.7095884 0.06321023 -0.7017754
vn -0.2067085 0.65136385 -0.7300662
vn -0.7496259 0.5620331 -0.3495421
vn 0.69908434 -0.71441966 0.02975945
vn -0.22016887 -0.43224415 -0.8744659
vn -0.66921556 -0.6327704 0.389554
vn -0.6803659 -0.64335835 0.3509875
vn 0.70668113 -0.70732975 0.016926788
vn -0.7071888 -0.6642381 0.24222264
vn 0.720837 -0.6930748 -0.0064254464
vn -0.7373296 -0.6711046 0.07722448
vn 0.71318203 -0.70065105 -0.021434415
vn -0.7776836 -0.6200209 -0.10383713
vn 0.6762171 -0.73523754 -0.04643474
vn -0.797326 -0.5704381 -0.19715889
vn 0.5922882 -0.79984486 -0.09717487
vn -0.7278336 -0.628312 -0.27474055
vn 0.49637297 -0.8530933 -0.16076595
vn 0.25409445 -0.9343527 -0.24984226
vn 0.37511864 -0.89472634 -0.24238572
vn 0.11845085 -0.9455009 -0.30331057
vn -0.10978731 -0.91135687 -0.3967058
vn 0.20852724 -0.9173898 -0.3389873
vn 0.015539998 -0.8949078 -0.44598046
vn -0.2758446 -0.824106 -0.49473116
vn -0.40994 -0.7229447 -0.5561477
vn -0.18605444 -0.8276866 -0.52945113
vn -0.5726337 -0.59371346 -0.5653273
vn -0.45787114 -0.66716725 -0.58757293
vn -0.72193545 -0.459925 -0.51698947
vn -0.6881309 -0.46203983 -0.5594598
vn -0.9283831 -0.09939293 -0.35808626
vn -0.8415008 -0.30858698 -0.4434529
vn -0.9273853 -0.15270577 -0.34152216
vn -0.94743013 -0.043458737 -0.3169974
vn -0.9613801 0.022834167 -0.27427492
vn -0.9836459 0.008490265 -0.17991257
vn -0.97292095 0.19086546 -0.13036558
vn -0.96896553 0.13987952 -0.20381267
vn -0.92310137 0.3740938 -0.089094
vn -0.9674055 0.20184274 -0.15292501
vn -0.8688351 0.49236032 -0.05202731
vn -0.9679713 0.21499535 -0.12964728
vn -0.99017566 0.04345933 -0.13290378
vn -0.66921556 -0.6327704 0.389554
vn -0.22016887 -0.43224415 -0.8744659
vn -0.739674 0.6204649 -0.260587
vn -0.6803659 -0.64335835 0.3509875
vn -0.7224228 0.6412138 -0.25874746
vn -0.7071888 -0.6642381 0.24222264
vn -0.68284947 0.68917227 -0.24240126
vn -0.64678514 0.7386842 -0.18977548
vn -0.7373296 -0.6711046 0.07722448
vn -0.58730304 0.8010961 -0.11541347
vn -0.7776836 -0.6200209 -0.10383713
vn -0.7893379 0.25439936 -0.5587724
vn -0.797326 -0.5704381 -0.19715889
vn -0.5183692 0.8546752 0.028698966
vn 0.17581004 0.97787374 0.1133744
vn -0.7278336 -0.628312 -0.27474055
vn 0.25409445 -0.9343527 -0.24984226
vn 0.9807628 0.18224776 0.069929935
vn -0.12510541 -0.6572404 -0.7432253
vn -0.24612518 0.9616527 0.12102301
vn -0.21692963 0.97206014 0.089669846
vn 0.9721433 0.19755325 0.12613541
vn -0.99103445 -0.121239774 -0.05613961
vn -0.9217242 0.38784063 0.0020362015
vn -0.2093592 0.9759921 0.060067926
vn -0.98343647 -0.15283918 -0.09743133
vn -0.2221947 0.9750004 0.0019450382
vn 0.9634433 0.2221599 0.14974028
vn -0.97258455 -0.18239549 -0.14426087
vn -0.22897938 0.97113806 -0.06677751
vn 0.95695335 0.24312936 0.15851986
vn -0.962928 -0.20607455 -0.17407742
vn 0.19449364 -0.9756914 -0.10098823
vn -0.22770339 0.96230674 -0.1487176
vn -0.9486034 -0.2422357 -0.2036505
vn 0.9522493 0.26098746 0.15845126
vn -0.22015539 0.94472075 -0.24296974
vn 0.949744 0.2759625 0.14775325
vn -0.95525664 -0.22498065 -0.19201174
vn 0.22088866 -0.97386736 -0.052826636
vn -0.20617399 0.9151994 -0.34626907
vn 0.95026296 0.2849704 0.12566629
vn 0.23462401 -0.27948445 -0.9310425
vn -0.94071716 -0.27352014 -0.20059414
vn 0.2475532 -0.9445415 0.21577483
vn -0.9433895 -0.25925878 -0.20688458
vn 0.2477979 -0.9592464 0.13580371
vn 0.23487216 -0.9720263 0.00019624343
vn 0.24335177 -0.96788186 0.06312419
vn 0.949744 0.2759625 0.14775325
vn 0.95026296 0.2849704 0.12566629
vn 0.23462401 -0.27948445 -0.9310425
vn 0.9522493 0.26098746 0.15845126
vn 0.95695335 0.24312936 0.15851986
vn 0.9634433 0.2221599 0.14974028
vn 0.9721433 0.19755325 0.12613541
vn 0.9807628 0.18224776 0.069929935
vn 0.14483744 -0.97783196 -0.1512175
vn -0.12510541 -0.6572404 -0.7432253
vn 0.09525682 -0.98006505 -0.17435172
vn -0.6566955 -0.7019888 -0.2756131
vn -0.9950954 -0.09193384 -0.036515873
vn -0.76463956 -0.6175835 -0.18416564
vn -0.9983158 -0.055292495 -0.017558949
vn -0.86390203 0.49337357 0.10127084
vn -0.8688847 -0.46672675 -0.16494116
vn -0.99995804 -0.0085735535 0.0032420363
vn -0.79322475 0.5925645 0.14022052
vn -0.9526795 -0.27165562 -0.13640028
vn -0.9988489 0.046429656 0.012045077
vn -0.6763868 0.71675056 0.16961558
vn -0.991134 0.1328536 0.0018470396
vn -0.9921903 -0.058539186 -0.11014292
vn -0.9477019 0.31915104 0.0019272489
vn -0.5292835 0.82830006 0.18378748
vn -0.9791501 0.17492792 -0.10327288
vn -0.39040273 0.89897174 0.19858372
vn -0.9127276 0.39573464 -0.10159988
vn -0.29583168 0.9276915 0.22775446
vn -0.84017384 0.5416882 0.026110757
vn -0.9653076 0.09227897 -0.24426585
vn -0.22402573 0.9380411 0.26436967
vn -0.73631334 0.67573047 0.03508456
vn -0.92401415 0.1466423 -0.3531204
vn -0.66538656 0.7457958 0.032394372
vn -0.15518875 0.93030846 0.33232898
vn -0.9011478 0.15673248 -0.4041877
vn -0.6209547 0.7826834 0.04268468
vn -0.14179371 0.8876865 0.43807214
vn -0.23500942 0.79054135 0.56552184
vn -0.6321555 0.77207726 0.0653913
vn -0.88136536 0.289266 -0.37352413
vn -0.48176587 0.584958 0.65247667
vn -0.6462768 0.7539408 0.11789647
vn -0.6597277 0.75007266 0.046370756
vn -0.5398797 0.4352077 0.7205027
vn -0.82577515 0.20425944 -0.5257124
vn -0.95722276 0.28852645 -0.02184462
vn -0.9725647 0.22999634 -0.034921765
vn -0.7483754 0.49690962 -0.43933478
vn -0.17349023 0.069762036 -0.9823616
vn -0.94043535 0.3395557 0.016831141
vn -0.004677891 0.55640864 -0.8308956
vn 0.21841292 -0.056766417 -0.97420394
vn 0.4082181 0.3833247 -0.82850474
vn -0.6790051 0.6996163 -0.2224615
vn -0.92462635 0.37189186 0.08223494
vn 0.14930154 0.8779374 -0.45490125
vn 0.5850904 0.6554708 -0.47752208
vn -0.63414353 0.77063596 0.06310512
vn -0.91480637 0.3674462 0.16766797
vn 0.2490503 0.96812105 0.026751209
vn 0.70612025 0.7062985 -0.050366312
vn -0.6232103 0.69589376 0.3568486
vn -0.91794676 0.3111409 0.24609983
vn 0.27620304 0.82008815 0.5011659
vn 0.75617313 0.5544023 0.34762114
vn -0.65236014 0.4764231 0.58944666
vn -0.9362763 0.2159297 0.27705768
vn 0.22564517 0.45908448 0.8592588
vn 0.72869956 0.23949647 0.6415905
vn -0.7188246 0.15693697 0.6772458
vn -0.9622776 0.12411502 0.24210979
vn 0.1081848 -0.035545725 0.99349517
vn 0.62098783 -0.17836563 0.7632561
vn -0.801337 -0.15461461 0.57788706
vn -0.98388577 0.07571966 0.16197366
vn -0.045421384 -0.5202668 0.85279506
vn 0.44912052 -0.5979473 0.6638899
vn -0.87125695 -0.35517 0.33877072
vn -0.9938735 0.07905925 0.07723396
vn -0.1949859 -0.8516779 0.48644146
vn 0.25899452 -0.89701766 0.3581635
vn -0.91215265 -0.40752086 0.04363795
vn -0.9930756 0.116701216 0.013474604
vn -0.30463335 -0.952462 0.0038226303
vn 0.108578265 -0.99159735 -0.07032412
vn -0.91845465 -0.31489283 -0.23934
vn -0.98506397 0.17058104 -0.023475869
vn -0.34621012 -0.80598825 -0.48012644
vn 0.04192171 -0.8583259 -0.5113894
vn -0.88817674 -0.095172666 -0.44953775
vn -0.9725647 0.22999634 -0.034921765
vn -0.82577515 0.20425944 -0.5257124
vn -0.3009656 -0.43633494 -0.8479574
vn 0.08089315 -0.5200859 -0.8502746
vn -0.17349023 0.069762036 -0.9823616
vn 0.21841292 -0.056766417 -0.97420394
vn 0.34511557 -0.28119528 0.8954466
vn -0.05900038 -0.67251647 0.7377267
vn -0.24213642 -0.8089082 0.53575873
vn 0.30924067 -0.18249938 0.93330824
vn 0.55421877 0.24808532 0.7945409
vn 0.52390593 0.3164858 0.7907966
vn -0.50274277 -0.6277417 0.5942981
vn 0.4012724 0.5438975 0.7369912
vn -0.04693379 0.010323484 0.9988446
vn 0.14460696 0.79465353 0.58958864
vn -0.8260325 -0.29568622 0.47983333
vn -0.4943811 0.33063838 0.8039064
vn 0.030762507 0.92069584 0.3890666
vn -0.71835166 0.5459053 0.43122888
vn -0.9643066 0.0043572607 0.2647526
vn -0.7647074 0.6035379 0.22575362
vn -0.08428374 0.950436 0.2992785
vn -0.97758555 0.17394109 0.11862046
vn -0.7705919 0.60817087 0.19056846
vn -0.18648417 0.94860965 0.25566277
vn -0.98149765 0.1726046 0.08288623
vn -0.18358763 0.94904387 0.25614747
vn -0.759332 0.61269855 0.2191238
vn -0.98817086 0.123318955 0.091164306
vn -0.99785525 -0.034658745 0.05553001
vn -0.7316204 0.63186014 0.25589916
vn -0.14639106 0.95144695 0.27077392
vn -0.9606125 -0.27453345 -0.04307094
vn -0.67102104 0.6912154 0.26823872
vn -0.07808666 0.96808517 0.23814583
vn -0.85982454 -0.49574557 -0.12222138
vn -0.92878544 -0.34763 -0.12849495
vn -0.8165321 -0.51043427 -0.26968902
vn 0.5646256 -0.7229865 -0.39810598
vn -0.5937135 0.7388701 0.31870866
vn -0.009657662 0.98027635 0.19739577
vn -0.79586273 -0.5981709 -0.09377725
vn 0.8036244 0.59278417 0.052864973
vn -0.8165321 -0.51043427 -0.26968902
vn 0.5646256 -0.7229865 -0.39810598
vn -0.5651377 0.7320277 0.38046643
vn 0.82350177 0.56722283 0.010153254
vn 0.53341895 -0.73855233 -0.41231617
vn 0.44861037 -0.7718692 -0.4505182
vn -0.8105644 -0.5848798 -0.030016296
vn 0.53341895 -0.73855233 -0.41231617
vn 0.44861037 -0.7718692 -0.4505182
vn -0.53021693 0.7435024 0.40752208
vn 0.85886717 0.50903004 -0.05688246
vn 0.35366097 -0.80318433 -0.4793942
vn -0.8488098 -0.5273185 0.038173426
vn 0.35366097 -0.80318433 -0.4793942
vn 0.88227445 0.44882023 -0.14195839
vn 0.25085834 -0.8354455 -0.48897958
vn -0.44128355 0.77837235 0.44654822
vn -0.8760982 -0.46576753 0.12454933
vn 0.25085834 -0.8354455 -0.48897958
vn -0.34079504 0.811647 0.47443426
vn 0.8924164 0.387189 -0.23168448
vn 0.148778 -0.86910594 -0.47172016
vn -0.8913716 -0.39625177 0.22009403
vn 0.148778 -0.86910594 -0.47172016
vn -0.23911436 0.84233105 0.48301417
vn 0.89719594 0.31594482 -0.30857462
vn -0.14361256 0.8728729 0.46633506
vn 0.89905584 0.2353576 -0.36919573
vn 0.056059793 -0.89990747 -0.43246266
vn -0.026041718 -0.9264786 -0.37544528
vn -0.8997139 -0.3146146 0.30254355
vn -0.9036846 -0.22476095 0.36446738
vn 0.056059793 -0.89990747 -0.43246266
vn -0.055034187 0.902842 0.42643604
vn -0.90484643 -0.12995523 0.40541893
vn -0.026041718 -0.9264786 -0.37544528
vn 0.89860904 0.15181214 -0.4116491
vn -0.9092945 -0.032725606 0.41486445
vn -0.093882576 -0.94837916 -0.30292395
vn -0.14505586 -0.9654164 -0.21663335
vn 0.020359378 0.929238 0.3689204
vn 0.9016468 0.06762941 -0.4271525
vn -0.093882576 -0.94837916 -0.30292395
vn -0.14505586 -0.9654164 -0.21663335
vn 0.07811925 0.9521127 0.2955991
vn -0.9231054 0.06266549 0.3794066
vn 0.91448456 -0.013073049 -0.40440956
vn 0.94072956 -0.082509756 -0.3289682
vn -0.1789683 -0.9768935 -0.11683134
vn -0.19743761 -0.98031116 -0.0028810708
vn 0.114985324 0.97161794 0.2067292
vn -0.9481578 0.14618115 0.28218433
vn -0.1789683 -0.9768935 -0.11683134
vn 0.13030964 0.9864878 0.099303596
vn -0.9741296 0.19698195 0.11076883
vn -0.19743761 -0.98031116 -0.0028810708
vn 0.97414905 -0.12575643 -0.18766683
vn -0.2035601 -0.97132283 0.1228623
vn 0.1302201 0.9909684 -0.032006554
vn -0.97546023 0.18544643 -0.118687585
vn -0.2035601 -0.97132283 0.1228623
vn 0.9924636 -0.1219287 0.012224739
vn -0.93231845 0.10353424 -0.346501
vn -0.2044399 -0.9461421 0.2510371
vn 0.13024259 0.97420335 -0.18429482
vn 0.97213066 -0.064650394 0.22534917
vn -0.2044399 -0.9461421 0.2510371
vn -0.18991551 -0.9171533 0.35037383
vn -0.8785615 -0.00408586 -0.47761175
vn -0.18991551 -0.9171533 0.35037383
vn 0.14751048 0.93106234 -0.3337118
vn 0.9293414 -0.014017248 0.36895558
vn -0.8657158 -0.07736765 -0.49452025
vn -0.19921663 -0.9055388 0.37458265
vn 0.18353625 0.88775873 -0.422136
vn 0.17758064 0.87278247 -0.45466024
vn 0.9077169 -0.017227208 0.41922942
vn -0.19921663 -0.9055388 0.37458265
vn -0.92878544 -0.34763 -0.12849495
vn -0.9606125 -0.27453345 -0.04307094
vn -0.99785525 -0.034658745 0.05553001
vn -0.9892168 -0.14376862 -0.02793825
vn -0.9997913 -0.015922546 0.012801793
vn -0.98817086 0.123318955 0.091164306
vn -0.98149765 0.1726046 0.08288623
vn -0.98568374 -0.16500692 -0.034644656
vn -0.9669891 -0.24399996 -0.07345795
vn -0.9997768 -0.012138102 0.017291572
vn -0.94162303 -0.32761914 -0.07753571
vn -0.9832425 0.12168915 0.13574263
vn -0.97758555 0.17394109 0.11862046
vn -0.9643066 0.0043572607 0.2647526
vn -0.9445599 -0.13904363 0.29744488
vn -0.8260325 -0.29568622 0.47983333
vn -0.9921239 -0.08913049 0.08801114
vn -0.7742597 -0.45378542 0.44113576
vn -0.50274277 -0.6277417 0.5942981
vn -0.9008654 -0.43367296 -0.019214166
vn -0.9203041 -0.24526936 0.30476782
vn -0.52458715 -0.70105696 0.4830398
vn -0.24213642 -0.8089082 0.53575873
vn -0.8125259 -0.5713096 0.115787804
vn -0.7166334 -0.45426232 0.529228
vn -0.31977442 -0.8132083 0.48624736
vn -0.05900038 -0.67251647 0.7377267
vn -0.6150961 -0.74833935 0.24828416
vn -0.4443312 -0.6396467 0.6272335
vn -0.22060907 -0.7641631 0.60612416
vn -0.13866001 -0.80010307 0.5836166
vn -0.41262785 -0.8675877 0.27754286
vn -0.25453606 -0.9419651 0.21889079
vn -0.1467378 -0.9707638 0.18996193
vn -0.110237494 -0.86538327 -0.48883492
vn -0.18342227 -0.9147576 -0.35996494
vn -0.31845313 -0.92892385 -0.18891293
vn -0.31078354 -0.92411023 -0.22233702
vn -0.36685282 -0.9060185 -0.21106741
vn -0.4243073 -0.8754466 -0.23142287
vn -0.53949183 -0.80625135 -0.2427082
vn -0.6548253 -0.72543687 -0.21200259
vn -0.7498289 -0.63874346 -0.17252056
vn -0.9963981 -0.08447957 0.0073507996
vn -0.82574964 -0.5526582 -0.11272334
vn -0.99686736 -0.033698764 0.07155201
vn -0.8930724 -0.44797182 -0.041747186
vn -0.8165321 -0.51043427 -0.26968902
vn -0.9647292 0.22073716 0.14343196
vn -0.94147825 -0.33589476 0.028167423
vn -0.43262875 0.86412764 0.25713015
vn -0.009657662 0.98027635 0.19739577
vn -0.9228288 0.33166066 0.19592893
vn -0.9681575 -0.21464488 0.12883641
vn -0.8461396 0.4464519 0.29108158
vn -0.3380287 0.89763105 0.282834
vn -0.70213777 0.59373915 0.3930347
vn -0.9613457 -0.043794487 0.27183917
vn -0.20347086 0.92701745 0.31502098
vn -0.5176091 0.73578435 0.43669468
vn -0.9002533 0.15865393 0.4054293
vn -0.015471113 0.947579 0.31914675
vn -0.33445233 0.8494817 0.40807158
vn -0.7973034 0.38033658 0.46866986
vn 0.1702587 0.94837403 0.2675796
vn -0.17410274 0.93045706 0.32239404
vn -0.6545125 0.6141075 0.44100502
vn -0.48021385 0.7929599 0.3749789
vn 0.31501555 0.93011975 0.18879166
vn 0.6544067 0.746239 0.12197986
vn 0.83709776 0.54613954 0.031603195
vn 0.12510543 -0.65724033 -0.74322534
vn 0.9272925 0.37419805 -0.010220018
vn 0.9601353 0.2555264 -0.1133424
vn 0.48741728 0.84599227 0.21615148
vn 0.37448275 0.9025053 0.21271305
vn 0.86390203 0.4933735 0.101270825
vn 0.9217242 0.38784063 0.0020362015
vn 0.24612515 0.9616527 0.12102299
vn 0.79322475 0.5925645 0.14022052
vn 0.22595698 0.9501975 0.2146348
vn -0.07808666 0.96808517 0.23814583
vn 0.6763868 0.71675056 0.16961558
vn 0.06882951 0.96952873 0.23510946
vn -0.14639106 0.95144695 0.27077392
vn 0.5292835 0.82830006 0.18378748
vn -0.025016043 0.9715063 0.23569024
vn -0.18358763 0.94904387 0.25614747
vn 0.39040273 0.89897174 0.19858372
vn -0.03296982 0.96640766 0.25489047
vn -0.18648417 0.94860965 0.25566277
vn 0.29583168 0.9276915 0.22775446
vn -0.08428374 0.950436 0.2992785
vn 0.036176197 0.9522046 0.30331138
vn 0.22402573 0.9380411 0.26436973
vn 0.030762507 0.92069584 0.3890666
vn 0.18364327 0.91585666 0.35704583
vn 0.15518877 0.93030846 0.332329
vn 0.2561815 0.86299837 0.43543655
vn 0.14460696 0.79465353 0.58958864
vn 0.14179374 0.8876865 0.43807214
vn 0.3331936 0.72604924 0.6015269
vn 0.4012724 0.5438975 0.7369912
vn 0.23500942 0.79054135 0.56552184
vn 0.48176587 0.584958 0.65247667
vn 0.52390593 0.3164858 0.7907966
vn 0.5398797 0.4352077 0.7205027
vn 0.55421877 0.24808532 0.7945409
vn 0.4030713 -0.5185438 -0.75408614
vn 0.88136536 0.289266 -0.37352413
vn 0.9011478 0.1567325 -0.4041877
vn 0.4423324 -0.5225622 -0.72888327
vn -0.110237494 -0.86538327 -0.48883492
vn -0.18342227 -0.9147576 -0.35996494
vn 0.48736846 -0.59187204 -0.6419963
vn -0.31845313 -0.92892385 -0.18891293
vn -0.31078354 -0.92411023 -0.22233702
vn 0.5819518 -0.64969903 -0.48910445
vn 0.92401415 0.1466423 -0.3531204
vn 0.9653076 0.09227894 -0.24426585
vn 0.6330169 -0.6967974 -0.33728766
vn -0.36685282 -0.9060185 -0.21106741
vn 0.98055226 0.12513219 -0.15119252
vn 0.63089544 -0.730282 -0.26202878
vn -0.4243073 -0.8754466 -0.23142287
vn -0.53949183 -0.80625135 -0.2427082
vn 0.57288677 -0.76990926 -0.28114143
vn 0.99017566 0.043459322 -0.13290378
vn 0.9679713 0.21499535 -0.12964728
vn 0.45685777 -0.830052 -0.31983522
vn -0.6548253 -0.72543687 -0.21200259
vn 0.9674055 0.20184274 -0.15292501
vn 0.3193711 -0.8820175 -0.34647837
vn -0.7498289 -0.63874346 -0.17252056
vn 0.96896553 0.13987948 -0.20381269
vn 0.15695706 -0.91794586 -0.36433476
vn -0.82574964 -0.5526582 -0.11272334
vn 0.9613801 0.022834195 -0.2742749
vn -0.03543712 -0.93353796 -0.35672256
vn -0.8930724 -0.44797182 -0.041747186
vn 0.9273854 -0.15270577 -0.3415222
vn -0.22029035 -0.9216793 -0.31934214
vn -0.94147825 -0.33589476 0.028167423
vn 0.8415008 -0.30858698 -0.4434529
vn -0.4054622 -0.8764386 -0.25972244
vn -0.9681575 -0.21464488 0.12883641
vn 0.6881309 -0.46203983 -0.5594598
vn -0.62733305 -0.769699 -0.1183929
vn -0.9613457 -0.043794487 0.27183917
vn 0.45787114 -0.66716725 -0.58757293
vn -0.80490893 -0.5868213 0.08810405
vn -0.9002533 0.15865393 0.4054293
vn 0.18605441 -0.8276867 -0.5294512
vn -0.89951324 -0.36107415 0.24596998
vn -0.7973034 0.38033658 0.46866986
vn -0.9412146 -0.11136968 0.31892312
vn -0.015540079 -0.8949078 -0.44598046
vn -0.6545125 0.6141075 0.44100502
vn -0.20852731 -0.9173898 -0.3389873
vn -0.9271226 0.13996156 0.34764135
vn -0.48021385 0.7929599 0.3749789
vn -0.37511864 -0.89472634 -0.24238577
vn -0.88017166 0.34038353 0.3308126
vn -0.31055304 0.91073203 0.27225712
vn -0.49637297 -0.8530933 -0.16076599
vn -0.8341708 0.46780297 0.292095
vn -0.17581002 0.97787374 0.113374375
vn -0.5922882 -0.79984486 -0.0971749
vn -0.8048029 0.559109 0.19922212
vn 0.51836914 0.8546752 0.028698975
vn -0.67621714 -0.7352375 -0.046434734
vn -0.7695535 0.6385073 0.009781034
vn 0.58730304 0.8010961 -0.11541347
vn -0.7131821 -0.70065105 -0.021434426
vn -0.7231691 0.66555977 -0.18454461
vn -0.6818492 0.6377943 -0.3581899
vn 0.6467852 0.7386842 -0.1897755
vn -0.720837 -0.6930748 -0.006425504
vn 0.68284947 0.68917215 -0.24240129
vn -0.70668113 -0.70732975 0.01692677
vn 0.7224228 0.64121383 -0.2587475
vn -0.64907324 0.596618 -0.471965
vn -0.69908434 -0.71441966 0.02975947
vn 0.739674 0.6204649 -0.260587
vn -0.63510686 0.57669157 -0.51387364
vn 0.22016887 -0.43224415 -0.8744659
vn 0.9127276 0.39573464 -0.10159987
vn 0.98055226 0.12513219 -0.15119252
vn 0.9653076 0.09227894 -0.24426585
vn 0.99017566 0.043459322 -0.13290378
vn 0.9791501 0.17492792 -0.10327286
vn 0.9921903 -0.05853917 -0.11014292
vn 0.8688351 0.49236032 -0.05202731
vn 0.9526795 -0.27165562 -0.13640027
vn 0.92310137 0.3740938 -0.089094
vn 0.86888456 -0.4667268 -0.16494113
vn 0.97292095 0.19086541 -0.13036558
vn 0.76463956 -0.6175835 -0.18416563
vn 0.9836459 0.008490325 -0.17991257
vn 0.94743013 -0.04345871 -0.3169974
vn 0.6566955 -0.7019888 -0.2756131
vn 0.9283831 -0.09939285 -0.35808626
vn 0.7756014 -0.5606563 -0.2900123
vn 0.34284273 -0.8666597 -0.3624359
vn 0.72193545 -0.45992497 -0.51698947
vn 0.6675047 -0.6644649 -0.3360415
vn 0.19661196 -0.9107073 -0.36325744
vn 0.5726337 -0.59371346 -0.5653273
vn 0.9716725 0.12954101 -0.19766533
vn 0.5514539 -0.7608349 -0.34209487
vn 0.039548203 -0.945122 -0.32431507
vn 0.40994 -0.7229447 -0.5561477
vn 0.43021125 0.89755255 0.09652864
vn 0.96703714 0.0002966039 -0.25463507
vn -0.106127694 -0.9612206 -0.2545422
vn 0.27584454 -0.824106 -0.49473128
vn -0.23973987 -0.9576252 -0.15962103
vn 0.10978731 -0.91135687 -0.3967058
vn -0.11845088 -0.9455009 -0.3033106
vn 0.43698004 -0.8448468 -0.30867827
vn -0.016705249 0.9764488 0.2151018
vn 0.52232295 0.85274225 -0.0030680804
vn 0.11704863 0.98873085 0.093332395
vn -0.31055304 0.91073203 0.27225712
vn -0.17581002 0.97787374 0.113374375
vn 0.9518155 -0.12502436 -0.28002882
vn 0.13029264 0.98909587 -0.068653375
vn 0.7893379 0.25439936 -0.5587724
vn 0.5902982 0.8018946 -0.09226737
vn 0.33164263 -0.9122945 -0.24027455
vn 0.9339562 -0.23371781 -0.2703735
vn 0.6322731 0.7595693 -0.15259485
vn 0.08044104 0.9827162 -0.16672736
vn 0.08797328 0.95760703 -0.27431613
vn -0.8628785 0.4755142 -0.17125115
vn 0.6607051 0.72255653 -0.2034227
vn 0.9211344 -0.30658993 -0.23982088
vn 0.24946147 -0.9560271 -0.15421109
vn -0.3303236 -0.94153994 -0.066248104
vn 0.13151538 0.88159823 -0.45330808
vn -0.82681316 0.4134573 -0.38135684
vn 0.6933109 0.67250425 -0.2589555
vn 0.9165606 -0.3543193 -0.1854035
vn 0.1997625 -0.9767676 -0.07758907
vn -0.7102999 -0.7036827 0.017454742
vn 0.16638951 0.7837438 -0.5983814
vn -0.77984804 0.28517687 -0.55723536
vn -0.73519343 0.1451748 -0.66212904
vn 0.7247238 0.6198064 -0.3010239
vn 0.91531974 -0.39565846 -0.075127006
vn -0.37327805 -0.92771953 8.341702E-05
vn -0.79563236 -0.60342884 0.053317968
vn -0.25409445 -0.9343527 -0.24984229
vn 0.7893379 0.25439936 -0.5587724
vn 0.16344796 -0.9864764 0.0122041255
vn -0.4139947 -0.9079694 0.06480706
vn -0.8351408 -0.5466249 0.061163526
vn -0.8628785 0.4755142 -0.17125115
vn -0.4573144 -0.8768407 0.14837092
vn 0.124530666 -0.9805399 0.15176854
vn -0.86575013 -0.49653518 0.06268547
vn -0.87323654 -0.48591435 0.036676142
vn -0.82681316 0.4134573 -0.38135684
vn -0.48270267 -0.8439942 0.23381996
vn 0.9126865 -0.3997814 0.084724165
vn -0.8567106 -0.5156656 0.0116595365
vn -0.77984804 0.28517687 -0.55723536
vn -0.48411763 -0.8172792 0.31254578
vn 0.093847744 -0.9431347 0.31888798
vn 0.9062389 -0.34363165 0.24626872
vn -0.8269995 -0.56212795 0.0091717485
vn -0.73519343 0.1451748 -0.66212904
vn 0.07833041 -0.8755811 0.47667822
vn -0.46669626 -0.7973743 0.382608
vn -0.80600744 -0.59164745 0.017471362
vn -0.70958847 0.06321025 -0.7017754
vn 0.35419035 -0.6844942 -0.6371946
vn -0.45057002 -0.78599995 0.42330924
vn 0.075680465 -0.7995398 0.59582597
vn 0.07702498 -0.75330555 0.65314466
vn 0.8929404 -0.26379815 0.3647849
vn 0.8799172 -0.21753427 0.42240325
vn 0.741317 0.5864082 -0.32645765
vn 0.7466816 0.5698125 -0.34319168
vn 0.19162384 0.6966775 -0.6913181
vn -0.70958847 0.06321025 -0.7017754
vn 0.20670852 0.65136385 -0.7300662
vn 0.7496259 0.5620331 -0.3495421
vn -0.69908434 -0.71441966 0.02975947
vn 0.66921556 -0.6327703 0.389554
vn 0.22016887 -0.43224415 -0.8744659
vn 0.6803659 -0.64335835 0.3509875
vn -0.70668113 -0.70732975 0.01692677
vn 0.7071887 -0.6642382 0.2422226
vn -0.720837 -0.6930748 -0.006425504
vn 0.7373296 -0.6711046 0.07722446
vn -0.7131821 -0.70065105 -0.021434426
vn 0.7776836 -0.6200209 -0.10383713
vn -0.67621714 -0.7352375 -0.046434734
vn 0.797326 -0.5704381 -0.19715886
vn -0.5922882 -0.79984486 -0.0971749
vn 0.7278336 -0.628312 -0.27474055
vn -0.49637297 -0.8530933 -0.16076599
vn -0.25409445 -0.9343527 -0.24984229
vn -0.37511864 -0.89472634 -0.24238577
vn -0.11845088 -0.9455009 -0.3033106
vn 0.10978731 -0.91135687 -0.3967058
vn -0.20852731 -0.9173898 -0.3389873
vn -0.015540079 -0.8949078 -0.44598046
vn 0.27584454 -0.824106 -0.49473128
vn 0.40994 -0.7229447 -0.5561477
vn 0.18605441 -0.8276867 -0.5294512
vn 0.5726337 -0.59371346 -0.5653273
vn 0.45787114 -0.66716725 -0.58757293
vn 0.72193545 -0.45992497 -0.51698947
vn 0.6881309 -0.46203983 -0.5594598
vn 0.9283831 -0.09939285 -0.35808626
vn 0.8415008 -0.30858698 -0.4434529
vn 0.9273854 -0.15270577 -0.3415222
vn 0.94743013 -0.04345871 -0.3169974
vn 0.9613801 0.022834195 -0.2742749
vn 0.9836459 0.008490325 -0.17991257
vn 0.97292095 0.19086541 -0.13036558
vn 0.96896553 0.13987948 -0.20381269
vn 0.92310137 0.3740938 -0.089094
vn 0.9674055 0.20184274 -0.15292501
vn 0.8688351 0.49236032 -0.05202731
vn 0.9679713 0.21499535 -0.12964728
vn 0.99017566 0.043459322 -0.13290378
vn 0.66921556 -0.6327703 0.389554
vn 0.739674 0.6204649 -0.260587
vn 0.22016887 -0.43224415 -0.8744659
vn 0.6803659 -0.64335835 0.3509875
vn 0.7224228 0.64121383 -0.2587475
vn 0.7071887 -0.6642382 0.2422226
vn 0.68284947 0.68917215 -0.24240129
vn 0.6467852 0.7386842 -0.1897755
vn 0.7373296 -0.6711046 0.07722446
vn 0.58730304 0.8010961 -0.11541347
vn 0.7776836 -0.6200209 -0.10383713
vn 0.7893379 0.25439936 -0.5587724
vn 0.797326 -0.5704381 -0.19715886
vn 0.51836914 0.8546752 0.028698975
vn -0.17581002 0.97787374 0.113374375
vn 0.7278336 -0.628312 -0.27474055
vn -0.25409445 -0.9343527 -0.24984229
vn -0.9807628 0.18224774 0.069929935
vn 0.24612515 0.9616527 0.12102299
vn 0.12510543 -0.65724033 -0.74322534
vn 0.2169296 0.97206014 0.089669846
vn -0.9721433 0.19755325 0.12613541
vn 0.99103445 -0.12123978 -0.056139607
vn 0.9217242 0.38784063 0.0020362015
vn 0.20935912 0.9759921 0.060067933
vn 0.98343647 -0.15283923 -0.09743133
vn 0.2221947 0.9750004 0.0019450493
vn -0.9634433 0.22215986 0.14974026
vn 0.97258455 -0.18239549 -0.14426087
vn 0.22897944 0.97113806 -0.06677752
vn -0.95695335 0.24312933 0.15851985
vn 0.962928 -0.2060746 -0.17407742
vn -0.19449364 -0.9756914 -0.10098823
vn 0.22770347 0.96230674 -0.14871761
vn 0.9486034 -0.2422357 -0.20365046
vn -0.9522493 0.26098746 0.15845126
vn 0.22015552 0.94472075 -0.24296977
vn -0.949744 0.27596247 0.14775325
vn 0.95525664 -0.22498062 -0.19201167
vn -0.22088866 -0.97386736 -0.05282662
vn 0.20617406 0.9151994 -0.34626907
vn -0.95026296 0.28497043 0.12566629
vn -0.23462401 -0.27948445 -0.9310425
vn 0.94071716 -0.2735202 -0.20059414
vn -0.2475532 -0.9445415 0.21577483
vn 0.94338936 -0.25925884 -0.20688456
vn -0.24779788 -0.9592464 0.1358037
vn -0.23487216 -0.9720263 0.00019625388
vn -0.24335165 -0.96788186 0.06312418
vn -0.949744 0.27596247 0.14775325
vn -0.95026296 0.28497043 0.12566629
vn -0.23462401 -0.27948445 -0.9310425
vn -0.9522493 0.26098746 0.15845126
vn -0.95695335 0.24312933 0.15851985
vn -0.9634433 0.22215986 0.14974026
vn -0.9721433 0.19755325 0.12613541
vn -0.9807628 0.18224774 0.069929935
vn -0.14483742 -0.97783196 -0.15121749
vn 0.12510543 -0.65724033 -0.74322534
vn -0.09525682 -0.98006505 -0.1743517
vn 0.6566955 -0.7019888 -0.2756131
vn 0.9950954 -0.09193384 -0.036515873
vn 0.76463956 -0.6175835 -0.18416563
vn 0.9983158 -0.055292506 -0.017558949
vn 0.86390203 0.4933735 0.101270825
vn 0.86888456 -0.4667268 -0.16494113
vn 0.99995804 -0.008573575 0.0032420363
vn 0.79322475 0.5925645 0.14022052
vn 0.9526795 -0.27165562 -0.13640027
vn 0.9988489 0.046429656 0.012045071
vn 0.6763868 0.71675056 0.16961558
vn 0.991134 0.13285363 0.0018470342
vn 0.9921903 -0.05853917 -0.11014292
vn 0.9477019 0.31915104 0.0019272568
vn 0.5292835 0.82830006 0.18378748
vn 0.9791501 0.17492792 -0.10327286
vn 0.39040273 0.89897174 0.19858372
vn 0.9127276 0.39573464 -0.10159987
vn 0.29583168 0.9276915 0.22775446
vn 0.8401739 0.5416882 0.026110774
vn 0.9653076 0.09227894 -0.24426585
vn 0.22402573 0.9380411 0.26436973
vn 0.73631334 0.67573047 0.035084583
vn 0.92401415 0.1466423 -0.3531204
vn 0.66538656 0.7457958 0.032394383
vn 0.15518877 0.93030846 0.332329
vn 0.9011478 0.1567325 -0.4041877
vn 0.6209547 0.7826834 0.042684685
vn 0.14179374 0.8876865 0.43807214
vn 0.23500942 0.79054135 0.56552184
vn 0.63215554 0.77207726 0.0653913
vn 0.88136536 0.289266 -0.37352413
vn 0.48176587 0.584958 0.65247667
vn 0.6462768 0.7539408 0.11789647
vn 0.6597277 0.75007266 0.046370756
vn 0.5398797 0.4352077 0.7205027
vn -0 0.91971695 0.3925819
vn 0.019570569 0.77294135 0.63417554
vn -0 0.7747603 0.6322551
vn 0.018976657 0.920303 0.3907458
vn 0.3557391 0.7243731 0.5905364
vn 0.03967124 0.988337 0.14702445
vn -0 0.98878586 0.1493408
vn 0.34972116 0.8642515 0.36161393
vn 0.60370284 0.73630416 0.3056127
vn 0.6203108 0.6171959 0.48402864
vn 0.81741655 0.4629436 0.34280244
vn 0.08687657 0.98557013 -0.14527217
vn -0 0.9879935 -0.15449513
vn -0 0.8794391 -0.4760115
vn 0.3637909 0.92140645 0.13662472
vn 0.1534442 0.86833745 -0.47164056
vn -0 0.6686447 -0.74358207
vn 0.40448844 0.9062072 -0.123196885
vn 0.81088233 0.5357034 0.23556629
vn 0.93338954 0.29705182 0.20135584
vn 0.60973066 0.7823683 0.1269971
vn 0.9320058 0.3224743 0.16545509
vn 0.9877394 0.14480455 0.05833084
vn 0.81547105 0.56551635 0.12328074
vn 0.93767875 0.32890528 0.1121607
vn 0.84500617 0.5346682 -0.009714268
vn 0.64877737 0.7571172 -0.076560415
vn 0.46904305 0.77832 -0.41739246
vn 0.95125455 0.30521068 0.044284996
vn 0.97027874 0.23950852 -0.034566123
vn 0.89740837 0.40986148 -0.16331495
vn 0.7232222 0.6190492 -0.3061499
vn 0.54124755 0.55423915 -0.6323527
vn 0.93382114 0.21971382 -0.28231853
vn 0.98355454 0.14969236 -0.10105755
vn 0.9878562 0.07675824 -0.13508624
vn 0.99239516 -0.004090233 -0.12302449
vn 0.94089514 -0.18483374 -0.28381824
vn 0.93673193 -0.022560809 -0.34931976
vn 0.9479285 -0.05253582 -0.31412032
vn 0.80445594 0.3616064 -0.47126597
vn 0.8643529 -0.0150577575 -0.50266033
vn 0.5610109 -0.29150063 -0.7747865
vn 0.61567676 0.34893322 -0.7065322
vn 0.3261479 0.47440618 -0.81765896
vn 0.24168913 0.63785654 -0.7312492
vn -0 0.53741753 -0.8433163
vn -0 0.58702964 -0.80956537
vn 0.72672886 0.15355137 -0.6695425
vn 0.38408345 0.55310565 -0.7392929
vn -0 0.85828054 -0.5131808
vn 0.27186695 0.87405807 -0.40262997
vn -0 0.44772148 -0.8941731
vn 0.45985508 0.6647025 -0.58881575
vn 0.46437025 0.5157205 -0.7199949
vn 0.5509795 0.33500403 -0.76432574
vn 0.61226207 -0.5098239 -0.60433006
vn 0.5161277 -0.43453985 -0.73809713
vn -0.3629932 -0.93164617 0.016471814
vn -0.98632413 -0.16376898 -0.01855594
vn -0.6790486 0.38899916 0.6225533
vn -0.35847163 -0.926539 0.11412132
vn -0.60575265 0.47985053 0.6346708
vn -0.46595022 -0.8833245 0.05126613
vn -0.44138053 0.36061963 0.8216671
vn 0.49149022 -0.368516 -0.78907126
vn 0.38395122 0.50258124 -0.7745925
vn -0.43900084 0.046137854 -0.8973013
vn 0.5538424 0.090688914 -0.8276679
vn -0.30465287 -0.93300754 -0.19152944
vn -0.60014814 0.23366442 0.7649988
vn -0.112159126 -0.8894984 -0.4429593
vn -0.75204825 0.5960902 0.28124708
vn -0.89576584 -0.4219353 0.13990791
vn 0.5859492 0.23687859 -0.774953
vn -0.982929 -0.14143145 0.11767602
vn -0.33042267 -0.9343706 0.13331342
vn -0 -0.72461176 -0.6891573
vn -0.27186695 0.874058 -0.40262997
vn 0.330423 -0.93437046 0.13331357
vn 0.9829291 -0.14143127 0.11767597
vn 0.895766 -0.4219349 0.13990764
vn 0.11215909 -0.88949835 -0.4429594
vn 0.752049 0.5960915 0.28124234
vn -0.58594924 0.23687854 -0.774953
vn 0.30465284 -0.93300754 -0.19152944
vn 0.60014814 0.23366469 0.76499873
vn 0.4659502 -0.8833245 0.05126614
vn 0.44138044 0.36061963 0.8216671
vn -0.5538424 0.090688914 -0.8276679
vn -0.45985508 0.6647025 -0.5888156
vn 0.35847163 -0.926539 0.11412132
vn 0.60575265 0.47985056 0.6346708
vn 0.36299187 -0.93164676 0.016470272
vn 0.67904824 0.3889991 0.62255377
vn -0.56100684 -0.29148692 -0.7747946
vn 0.93869674 -0.07935455 0.3354868
vn -0.61226207 -0.5098239 -0.60433006
vn -0.5161277 -0.4345399 -0.73809713
vn -0.72672886 0.15355137 -0.6695425
vn -0.8643528 -0.015057757 -0.5026604
vn -0.9425514 -0.0030595511 -0.33404723
vn -0.93673193 -0.022560814 -0.34931976
vn -0.93486685 -0.20618068 -0.28898686
vn -0.9878562 0.07675824 -0.13508624
vn -0.9921312 -0.013571292 -0.12446525
vn -0.9877394 0.14480448 0.058330793
vn -0.5509795 0.33500403 -0.76432574
vn -0.61567676 0.34893322 -0.7065322
vn -0.80445594 0.3616064 -0.47126597
vn -0.93382114 0.21971385 -0.28231856
vn -0.49149013 -0.36851606 -0.7890712
vn -0.98355454 0.14969236 -0.101057544
vn -0.97027874 0.23950857 -0.034566127
vn 0.43900084 0.046137854 -0.8973013
vn -0.3839512 0.50258124 -0.7745925
vn -0.46437025 0.5157205 -0.7199949
vn -0.3261479 0.47440618 -0.81765896
vn -0.54124755 0.55423915 -0.6323527
vn -0.7232222 0.6190492 -0.3061499
vn -0.89740837 0.40986153 -0.16331495
vn -0.38408345 0.55310565 -0.7392929
vn -0 0.85828054 -0.5131808
vn -0 0.44772148 -0.8941731
vn -0 0.58702964 -0.80956537
vn -0 0.53741753 -0.8433163
vn -0 0.6686447 -0.74358207
vn -0.24168913 0.63785654 -0.7312492
vn -0.15344423 0.86833745 -0.4716406
vn -0 0.8794391 -0.4760115
vn -0.469043 0.77832 -0.41739246
vn -0.64877737 0.7571172 -0.076560415
vn -0.08687658 0.98557013 -0.14527217
vn -0 0.9879935 -0.15449513
vn -0 0.98878586 0.1493408
vn -0.40448844 0.9062072 -0.123196885
vn -0.039671246 0.988337 0.14702445
vn -0 0.91971695 0.3925819
vn -0.84500617 0.53466827 -0.009714268
vn -0.60973066 0.7823684 0.1269971
vn -0.36379096 0.92140645 0.13662475
vn -0.60370284 0.73630416 0.3056127
vn -0.34972116 0.8642515 0.36161393
vn -0.018976664 0.920303 0.3907457
vn -0.01957056 0.77294135 0.63417554
vn -0 0.7747603 0.6322551
vn -0.3557391 0.7243731 0.5905364
vn -0.6203108 0.61719596 0.48402864
vn -0.81741655 0.4629436 0.34280244
vn -0.81547105 0.56551635 0.12328074
vn -0.81088233 0.5357034 0.23556629
vn -0.93338954 0.29705182 0.20135584
vn -0.9320058 0.3224743 0.1654551
vn -0.93767864 0.32890525 0.11216068
vn -0.95125455 0.30521074 0.044285
vn -4.2070442E-05 -0.12804307 0.9917686
vn 0.20300181 -0.21239945 0.9558644
vn 0.004841505 -0.25044045 0.9681199
vn 0.21221307 -0.12634917 0.96902084
vn 0.5675101 -0.1762212 0.80428755
vn 0.5645265 -0.10864112 0.818234
vn 0.8720629 -0.005113244 0.48936707
vn 0.8308395 -0.045412224 0.554656
vn 0.99885356 -0.02876554 0.03826563
vn 0.8990201 0.40228772 0.17299552
vn 0.9479285 -0.05253582 -0.31412032
vn 0.8524439 0.46992338 -0.22915347
vn 0.5610109 -0.29150063 -0.7747865
vn 0.19162051 0.7679035 -0.611233
vn -0.99520606 0.043604806 -0.08754182
vn -0.98632413 -0.16376898 -0.01855594
vn -0 0.54085696 0.8411146
vn -0 0.7747603 0.6322551
vn 0.019570569 0.77294135 0.63417554
vn 0.04402694 0.54407537 0.8378805
vn 0.08258948 0.26980767 0.9593658
vn 1.0824906E-05 0.26650953 0.96383226
vn 0.38577843 0.5107982 0.76828384
vn 0.3557391 0.7243731 0.5905364
vn 0.6203108 0.6171959 0.48402864
vn 0.43098783 0.2559891 0.8652856
vn 0.15664913 -0.009058396 0.9876128
vn 2.4792624E-05 0.0031157983 0.99999523
vn 0.6517155 0.44077075 0.6172422
vn 0.21221307 -0.12634917 0.96902084
vn -4.2070442E-05 -0.12804307 0.9917686
vn 0.50910985 -0.035561867 0.8599665
vn 0.5645265 -0.10864112 0.818234
vn 0.8308395 -0.045412224 0.554656
vn 0.84057677 0.3473278 0.41568515
vn 0.81741655 0.4629436 0.34280244
vn 0.70253396 0.23304446 0.6724108
vn 0.768402 -0.029189328 0.6393016
vn 0.87316054 0.20846252 0.44060647
vn 0.9400963 0.25807467 0.22274722
vn 0.93338954 0.29705182 0.20135584
vn 0.9877394 0.14480455 0.05833084
vn 0.9538024 0.19261633 0.23056428
vn 0.9112721 0.024741959 0.41106063
vn 0.9443069 -0.1407589 0.2974413
vn 0.99885356 -0.02876554 0.03826563
vn 0.9695916 0.11199188 0.2176004
vn 0.9766569 -0.2134568 -0.024032163
vn 0.9479285 -0.05253582 -0.31412032
vn 0.94089514 -0.18483374 -0.28381824
vn 0.99239516 -0.004090233 -0.12302449
vn 0.98780394 0.013646005 0.1551036
vn 0.9998785 -0.011800743 0.010180568
vn -4.2070442E-05 -0.12804307 0.9917686
vn 0.004841505 -0.25044045 0.9681199
vn -0.19842523 -0.20104507 0.95927495
vn -0.21224102 -0.12636213 0.9690131
vn -0.55944693 -0.18415222 0.80815035
vn -0.56689525 -0.11339364 0.8159483
vn -0.86270654 0.0035068812 0.50569284
vn -0.82932246 -0.048765324 0.5566384
vn -0.9958378 0.030551035 0.085870385
vn -0.8733563 0.40119562 0.27620822
vn -0.974905 0.003085684 -0.22259977
vn -0.8634178 0.5025469 -0.044231307
vn -0.9425514 -0.0030595511 -0.33404723
vn -0.84328705 0.4754862 -0.250559
vn -0.56100684 -0.29148692 -0.7747946
vn -0.19160934 0.7678983 -0.611243
vn 0.93869674 -0.07935455 0.3354868
vn 0.97162974 -0.21930605 0.08854621
vn -0 0.54085696 0.8411146
vn -0.01957056 0.77294135 0.63417554
vn -0 0.7747603 0.6322551
vn -0.044026922 0.54407537 0.8378805
vn -0.08256008 0.26979238 0.9593727
vn 1.0824906E-05 0.26650953 0.96383226
vn -0.38577843 0.5107982 0.76828384
vn -0.3557391 0.7243731 0.5905364
vn -0.6203108 0.61719596 0.48402864
vn -0.15662786 -0.009066183 0.987616
vn 2.4792624E-05 0.0031157983 0.99999523
vn -0.43098783 0.2559891 0.8652856
vn -0.6517155 0.44077075 0.6172422
vn -0.21224102 -0.12636213 0.9690131
vn -4.2070442E-05 -0.12804307 0.9917686
vn -0.50911 -0.03556188 0.8599665
vn -0.56689525 -0.11339364 0.8159483
vn -0.82932246 -0.048765324 0.5566384
vn -0.84057677 0.3473278 0.41568512
vn -0.81741655 0.4629436 0.34280244
vn -0.70253396 0.23304448 0.6724108
vn -0.768402 -0.029189328 0.6393016
vn -0.87316054 0.20846249 0.44060653
vn -0.9400963 0.2580747 0.22274722
vn -0.93338954 0.29705182 0.20135584
vn -0.9877394 0.14480448 0.058330793
vn -0.9538024 0.19261633 0.23056428
vn -0.9112721 0.024741953 0.41106063
vn -0.9443069 -0.1407589 0.2974413
vn -0.9958378 0.030551035 0.085870385
vn -0.9695916 0.111991875 0.2176004
vn -0.9823674 -0.18610838 -0.017834388
vn -0.974905 0.003085684 -0.22259977
vn -0.98780394 0.013646009 0.15510361
vn -0.9999311 -0.00085486984 0.011711835
vn -0.99847597 -0.009643362 -0.05434015
vn -0.9921312 -0.013571292 -0.12446525
vn -0.9577083 -0.20913379 -0.19763087
vn -0.9425514 -0.0030595511 -0.33404723
vn -0.93486685 -0.20618068 -0.28898686
vn -0.8733563 0.40119562 0.27620822
vn -0.98197305 0.1885378 0.013505813
vn -0.8634178 0.5025469 -0.044231307
vn -0.9497607 0.10226538 0.29579794
vn -0.86270654 0.0035068812 0.50569284
vn -0.9594172 -0.2777028 0.04898677
vn -0.9223739 -0.26402265 0.2819899
vn -0.86270654 0.0035068812 0.50569284
vn -0.8205308 -0.19841737 0.5360595
vn -0.55944693 -0.18415222 0.80815035
vn -0.7555585 -0.34658343 0.5558877
vn -0.63243115 -0.52312374 0.57129
vn -0.86074674 -0.42296812 0.283219
vn -0.7244465 -0.63192946 0.2753949
vn -0.76914954 -0.63884705 0.01683537
vn -0.90696627 -0.4199793 0.03208584
vn -0.90025437 -0.4121112 -0.14037949
vn -0.7678033 -0.62065375 -0.15895593
vn -0.18028595 -0.90453416 -0.386413
vn -0.9456303 -0.30164945 -0.12161777
vn -0.98197305 0.1885378 0.013505813
vn -0.9515714 0.21393426 -0.22078048
vn -0.8634178 0.5025469 -0.044231307
vn -0.84328705 0.4754862 -0.250559
vn -0.19160934 0.7678983 -0.611243
vn -0.89706576 -0.32765445 -0.29650575
vn -0.89706576 -0.32765445 -0.29650575
vn -0.9066948 0.20098788 -0.3708211
vn -0.8895058 -0.39131594 -0.23590507
vn -0.68676555 0.53581256 -0.4911801
vn 0.91178954 0.3928496 0.11962028
vn 0.5181173 0.8527545 -0.06606248
vn -0.8747539 -0.37217394 -0.31031004
vn -0.6190878 0.5598232 -0.5507525
vn 0.55406624 0.82937646 -0.07173145
vn -0.5635065 0.53388375 -0.63041943
vn 0.5772698 0.8113035 -0.09244561
vn -0.860473 -0.36877394 -0.35155663
vn -0.12670776 -0.9624967 -0.23988587
vn -0.48405948 0.49657512 -0.7204856
vn 0.6055189 0.78925514 -0.102093466
vn 0.9643525 -0.23927939 0.113003075
vn 0.99433494 -0.094483085 -0.048692893
vn 0.9509116 -0.24506958 0.18896557
vn -0.12738147 -0.9731208 -0.191859
vn 0.9255662 -0.2514102 0.2830549
vn -0.83884186 -0.37308824 -0.396421
vn -0.13866462 -0.9816491 -0.13090916
vn 0.88669187 -0.2566041 0.3846189
vn -0.40765518 0.4441109 -0.7978614
vn 0.6262861 0.77400756 -0.093155764
vn -0.8073545 -0.3829878 -0.44888636
vn -0.15697095 -0.9837531 -0.0871204
vn 0.8420042 -0.24017054 0.48306012
vn -0.30086783 0.41411766 -0.8590606
vn 0.6585065 0.74949306 -0.06803935
vn 0.61569464 -0.40370703 -0.6767132
vn -0.7601868 -0.39730117 -0.5140698
vn -0.15448873 -0.98618525 -0.05976603
vn 0.84627926 -0.16747679 0.50573003
vn -0.6999025 -0.40472344 -0.58850276
vn -0.17457831 -0.98427814 -0.02681296
vn 0.61569464 -0.40370703 -0.6767132
vn 0.6837136 -0.44419038 0.57899106
vn 0.41937137 -0.32340413 0.8482556
vn 0.5675101 -0.1762212 0.80428755
vn 0.7509173 -0.3530341 0.558113
vn 0.82140785 -0.501557 0.27153224
vn 0.818593 -0.21766688 0.5315324
vn 0.8720629 -0.005113244 0.48936707
vn 0.8693947 -0.42440996 0.25303963
vn 0.92069817 -0.3899894 0.014940573
vn 0.92460936 -0.28688285 0.25059113
vn 0.90825653 -0.41747287 -0.028044298
vn 0.2978606 -0.83041763 -0.4708351
vn 0.9509993 0.09536856 0.29411757
vn 0.8990201 0.40228772 0.17299552
vn 0.95250815 -0.30428284 -0.011841032
vn 0.9654327 0.25944698 0.025040356
vn 0.8524439 0.46992338 -0.22915347
vn 0.8959072 -0.33135727 -0.29589286
vn 0.89252484 -0.38433987 -0.23597072
vn 0.95230335 0.2253436 -0.20576353
vn 0.90669715 0.2009948 -0.37081155
vn 0.19162051 0.7679035 -0.611233
vn 0.16646099 -0.9662425 -0.19663715
vn -0.99101406 -0.11781115 -0.063337676
vn -0.9497756 -0.24424794 0.1956252
vn 0.8595251 -0.36827925 -0.35438263
vn 0.17350833 -0.9790704 -0.1063765
vn -0.88782346 -0.2492756 0.38682184
vn 0.80356014 -0.37471506 -0.4624712
vn 0.18487807 -0.98201144 -0.038385678
vn -0.8563909 -0.17758189 0.48482928
vn -0.61512667 -0.4042529 -0.6769037
vn 0.7160706 -0.39434022 -0.5759677
vn 0.3328143 0.4233016 -0.84264475
vn 0.48767748 0.5003621 -0.71540785
vn -0.65740997 0.7481974 -0.0895143
vn -0.61512667 -0.4042529 -0.6769037
vn -0.5919689 0.797679 -0.11524341
vn 0.63655084 0.52957755 -0.56066996
vn -0.5265024 0.84437424 -0.09913319
vn -0.9966767 -0.032715958 0.07460091
vn 0.33623424 -0.9314299 -0.1392288
vn -0.7030916 -0.67864704 0.21236855
vn 0.86594105 0.16375586 -0.4725781
vn 0.3105336 -0.9375327 -0.15684728
vn -0.6982969 -0.6607613 0.2752741
vn 0.27177387 -0.9538 -0.12808008
vn -0.6793865 -0.6264604 0.38207504
vn 0.81135696 0.11753886 -0.5726119
vn -0.10449621 0.9432815 -0.3151199
vn 0.23434116 -0.9702349 -0.061060607
vn -0.6862418 -0.57834756 0.4411194
vn -0.4502787 -0.40620512 -0.7951394
vn 0.7568735 0.043651555 -0.6521022
vn -0.9536964 0.2266314 0.19774078
vn -0.99520606 0.043604806 -0.08754182
vn -0.94717586 0.21960558 0.23373328
vn -0.15643853 0.89630955 -0.414917
vn -0.95826995 0.20481667 0.19942085
vn -0.20633592 0.8029459 -0.55919886
vn -0.68632185 -0.5240134 -0.5043532
vn -0.98632413 -0.16376898 -0.01855594
vn -0.9125397 -0.40688097 0.041463625
vn -0.90900093 -0.18330155 -0.3743232
vn -0.53685457 -0.5151943 -0.6681033
vn -0.7102985 -0.25993487 -0.6541483
vn -1.7296876E-05 -0.9986076 0.052752994
vn 4.9761435E-05 -0.9965366 -0.083155975
vn -0.0892113 -0.9913993 -0.09575405
vn -0.12036428 -0.9922198 0.031818707
vn -0.29747823 -0.7686087 0.5663457
vn -0.00012838542 -0.8263589 0.5631438
vn -0 -0.5969735 0.80226094
vn -0.24126475 -0.9692379 -0.048674434
vn -0.19963402 -0.9515991 -0.23367813
vn -0.39011806 -0.5620186 0.72934425
vn -0 -0.8590582 0.511878
vn -0.33042267 -0.9343706 0.13331342
vn -0 -0.72461176 -0.6891573
vn -0.42183408 -0.74236506 0.5205287
vn -0.37063828 -0.83170223 -0.4133988
vn -0.3223807 -0.644201 -0.6935963
vn -0.53685457 -0.5151943 -0.6681033
vn -0.68632185 -0.5240134 -0.5043532
vn -0.4037216 -0.88743097 -0.22243023
vn -0.9125397 -0.40688097 0.041463625
vn -0.54760236 -0.747519 0.37596145
vn 0.883393 -0.4644169 -0.06272056
vn -0.89576584 -0.4219353 0.13990791
vn -0.75204825 0.5960902 0.28124708
vn -0.42880183 0.009739863 0.90334606
vn -0.60014814 0.23366442 0.7649988
vn -0.44138053 0.36061963 0.8216671
vn -0.46201205 -0.53676754 0.7059925
vn -0.72065836 -0.17968284 0.66960114
vn -0.98632413 -0.16376898 -0.01855594
vn -0.10848528 -0.6480893 0.75379795
vn -0.5288097 -0.3987887 0.7492181
vn -0.59742856 0.52371174 0.6072933
vn -0.6790486 0.38899916 0.6225533
vn -0.60575265 0.47985053 0.6346708
vn -0.49593526 0.43082386 0.75394905
vn -0.5237225 0.33909476 0.7814919
vn 0.19660784 0.041560948 0.97960097
vn -0.89962786 -0.2930796 -0.3236881
vn -0.99520606 0.043604806 -0.08754182
vn -0.98632413 -0.16376898 -0.01855594
vn -0.90900093 -0.18330155 -0.3743232
vn -0.7102985 -0.25993487 -0.6541483
vn -0.69225943 -0.255414 -0.6749374
vn 0.42391142 -0.20181052 -0.8829335
vn 0.4058968 -0.28885365 -0.8670706
vn 0.7599174 -0.25659388 -0.59723127
vn 0.68244785 -0.31265152 -0.6606921
vn 0.98621875 -0.11487946 0.119060576
vn 0.900681 -0.43316472 -0.03379355
vn 0.84342307 -0.41790357 0.3376303
vn 0.93869674 -0.07935455 0.3354868
vn 0.97162974 -0.21930605 0.08854621
vn 0.7599174 -0.25659388 -0.59723127
vn 0.4058968 -0.28885365 -0.8670706
vn 0.3292968 -0.45723122 -0.82613754
vn 0.63237345 -0.43137148 -0.6434458
vn 0.9829623 -0.17858295 -0.04351162
vn 0.98621875 -0.11487946 0.119060576
vn 0.3387246 -0.8626677 -0.37559307
vn 0.4729807 -0.7340773 -0.48725736
vn 0.28415254 -0.7055077 -0.64924276
vn 0.38635725 -0.8886532 -0.24702957
vn 0.8666486 -0.48963633 -0.09579445
vn 0.25205064 -0.96442866 -0.07967405
vn 0.28272653 -0.9411939 -0.18498579
vn 0.089448765 -0.9913784 -0.09574804
vn 0.8439707 -0.46924958 0.25984305
vn 0.5410775 -0.7431829 0.39359164
vn 0.29743582 -0.7684183 0.56662637
vn 0.12072798 -0.99216485 0.032152124
vn -1.7296876E-05 -0.9986076 0.052752994
vn 4.9761435E-05 -0.9965366 -0.083155975
vn -0.00012838542 -0.8263589 0.5631438
vn -0 -0.5969735 0.80226094
vn 0.3901181 -0.56201845 0.7293443
vn -0 -0.8590582 0.511878
vn 0.330423 -0.93437046 0.13331357
vn -0 -0.72461176 -0.6891573
vn 0.42183405 -0.742365 0.5205288
vn 0.4620121 -0.5367674 0.7059926
vn -0.883392 -0.46441826 -0.06272465
vn 0.895766 -0.4219349 0.13990764
vn 0.752049 0.5960915 0.28124234
vn 0.42880175 0.00974001 0.90334606
vn 0.60014814 0.23366469 0.76499873
vn 0.44138044 0.36061963 0.8216671
vn 0.10848514 -0.6480889 0.7537983
vn 0.52880955 -0.39878878 0.74921817
vn 0.72065824 -0.17968296 0.66960126
vn -0.1966073 0.041560765 0.9796011
vn 0.5237226 0.33909482 0.7814918
vn 0.49593514 0.4308238 0.7539491
vn 0.60575265 0.47985056 0.6346708
vn 0.59742844 0.5237115 0.6072936
vn 0.67904824 0.3889991 0.62255377
vn 0.93869674 -0.07935455 0.3354868
vn 0.98621875 -0.11487946 0.119060576
vn 0.9829623 -0.17858295 -0.04351162
vn 0.4729807 -0.7340773 -0.48725736
vn 0.63237345 -0.43137148 -0.6434458
vn 0.3292968 -0.45723122 -0.82613754
vn 0.28415254 -0.7055077 -0.64924276
vn 0.4729807 -0.7340773 -0.48725736
vn 0.63237345 -0.43137148 -0.6434458
vn 0.31931475 0.072772205 -0.94485044
vn 0.7027916 0.5099428 -0.49602658
vn 0.27168047 0.20044775 -0.94128126
vn 0.8104729 0.18263456 -0.55657727
vn 0.37762696 -0.116568364 -0.9185911
vn 0.80703086 0.5682035 0.16076699
vn 0.6933372 -0.19578159 -0.69350785
vn 0.42391142 -0.20181052 -0.8829335
vn 0.68244785 -0.31265152 -0.6606921
vn 0.9514848 0.3054961 0.03672726
vn 0.99433494 -0.094483085 -0.048692893
vn 0.91178954 0.3928496 0.11962028
vn 0.5181173 0.8527545 -0.06606248
vn 0.9643525 -0.23927939 0.113003075
vn 0.55406624 0.82937646 -0.07173145
vn 0.9509116 -0.24506958 0.18896557
vn 0.5772698 0.8113035 -0.09244561
vn 0.9255662 -0.2514102 0.2830549
vn 0.6055189 0.78925514 -0.102093466
vn 0.88669187 -0.2566041 0.3846189
vn 0.6262861 0.77400756 -0.093155764
vn 0.8420042 -0.24017054 0.48306012
vn 0.6585065 0.74949306 -0.06803935
vn 0.84627926 -0.16747679 0.50573003
vn 0.61569464 -0.40370703 -0.6767132
vn 0.9642752 -0.23550126 -0.12129484
vn 0.6933372 -0.19578159 -0.69350785
vn 0.68244785 -0.31265152 -0.6606921
vn 0.900681 -0.43316472 -0.03379355
vn 0.9534481 -0.20866276 0.21770783
vn 0.84342307 -0.41790357 0.3376303
vn 0.91178954 0.3928496 0.11962028
vn 0.97162974 -0.21930605 0.08854621
vn 0.9065302 -0.19381814 0.37501672
vn 0.8969798 -0.34437823 0.2771839
vn 0.9563149 -0.013943709 0.2920055
vn 0.86532485 -0.15628397 0.47622293
vn 0.8840949 -0.30325764 0.3555432
vn 0.93910056 -0.0052252924 0.34360263
vn 0.81014574 -0.10671985 0.5764328
vn 0.85245323 -0.2327285 0.4681461
vn 0.94233215 -0.0077366205 0.33458972
vn 0.7873068 -0.037543632 0.6154174
vn 0.8725741 -0.14004184 0.46797714
vn 0.4773437 -0.41503668 -0.7745241
vn -0.53977036 -0.045166254 -0.8405998
vn -0.9083584 -0.008998379 -0.41809574
vn -0.89962786 -0.2930796 -0.3236881
vn -0.69225943 -0.255414 -0.6749374
vn -0.6862418 -0.57834756 0.4411194
vn -0.4502787 -0.40620512 -0.7951394
vn -0.95826995 0.20481667 0.19942085
vn -0.6793865 -0.6264604 0.38207504
vn -0.94717586 0.21960558 0.23373328
vn -0.6982969 -0.6607613 0.2752741
vn -0.9536964 0.2266314 0.19774078
vn -0.7030916 -0.67864704 0.21236855
vn -0.99520606 0.043604806 -0.08754182
vn -0.9966767 -0.032715958 0.07460091
vn -0.89962786 -0.2930796 -0.3236881
vn -0.9083584 -0.008998379 -0.41809574
vn -0.99101406 -0.11781115 -0.063337676
vn -0.9146407 0.1713104 -0.36617634
vn -0.53977036 -0.045166254 -0.8405998
vn -0.41180152 0.16375224 -0.89644
vn -0.9497756 -0.24424794 0.1956252
vn -0.5265024 0.84437424 -0.09913319
vn -0.5919689 0.797679 -0.11524341
vn -0.88782346 -0.2492756 0.38682184
vn -0.8563909 -0.17758189 0.48482928
vn -0.65740997 0.7481974 -0.0895143
vn -0.61512667 -0.4042529 -0.6769037
vn 0.27168047 0.20044775 -0.94128126
vn 0.44147334 0.5280696 -0.72542655
vn 0.2423961 0.23843901 -0.9404207
vn 0.7027916 0.5099428 -0.49602658
vn 0.9659367 0.07872019 -0.24651445
vn 0.80703086 0.5682035 0.16076699
vn 0.99433494 -0.094483085 -0.048692893
vn -0.041899614 0.79008603 -0.61156243
vn -0.13306367 0.29920742 -0.9448645
vn -0.008816031 0.29817978 -0.95446897
vn -0.20842421 0.6847536 -0.6983351
vn -0.097827345 0.9948955 -0.024749164
vn 0.527781 0.83993715 -0.1263041
vn 0.47947678 0.8762503 -0.04782573
vn -0.16388194 0.9677064 0.19153887
vn 0.36926645 0.84185064 0.39361128
vn 0.33202222 0.7184124 0.61126494
vn -0.36034158 0.9314494 -0.05055712
vn 0.75194055 0.3998347 -0.52413523
vn -0.44338846 0.8958049 -0.030665698
vn 0.36926645 0.84185064 0.39361128
vn -0.49446768 0.867959 -0.04635604
vn 0.29631048 0.936491 0.18757613
vn -0.16388194 0.9677064 0.19153887
vn 0.31887022 0.947534 0.022382239
vn -0.097827345 0.9948955 -0.024749164
vn 0.27814174 0.7475291 -0.6031893
vn -0.041899614 0.79008603 -0.61156243
vn -0.008816031 0.29817978 -0.95446897
vn 0.09208068 0.28412437 -0.9543555
vn 0.48456374 0.679589 -0.5507784
vn 0.20005564 0.25597116 -0.9457572
vn 0.60782725 0.79075176 0.072508626
vn 0.29631048 0.936491 0.18757613
vn -0.0126441615 0.99910283 0.04041805
vn 0.8939144 0.12476586 0.43052348
vn 0.04310571 0.97241294 0.22924861
vn 0.56394917 0.36806452 -0.7392496
vn 0.20005564 0.25597116 -0.9457572
vn 0.2423961 0.23843901 -0.9404207
vn 0.44147334 0.5280696 -0.72542655
vn 0.48456374 0.679589 -0.5507784
vn 0.60782725 0.79075176 0.072508626
vn 0.051809207 0.9947914 -0.08778373
vn 0.9341162 0.11397355 0.3382854
vn 0.18768367 0.98195994 -0.023010584
vn 0.5163529 0.071682 -0.85337055
vn -0.2794303 0.82459223 -0.4919007
vn -0.14330514 0.3233772 -0.93535596
vn -0.13306367 0.29920742 -0.9448645
vn -0.20842421 0.6847536 -0.6983351
vn -0.25981945 0.9655666 0.013233582
vn -0.67646617 0.72375935 -0.136257
vn 0.3735208 0.7919366 0.48303083
vn -0.6672647 0.7404011 -0.081018515
vn 0.30641454 0.807997 0.50324047
vn -0.64980876 0.75129145 -0.11536776
vn 0.5422383 0.44934216 -0.70997834
vn -0.10555575 0.31395438 -0.94355214
vn -0.14330514 0.3233772 -0.93535596
vn -0.2794303 0.82459223 -0.4919007
vn -0.39934117 0.74001384 -0.54120815
vn -0.19854154 0.21806471 -0.9555255
vn -0.73629355 0.6566232 0.16345596
vn -0.67094225 0.42203444 -0.6096912
vn -0.41180152 0.16375224 -0.89644
vn -0.9146407 0.1713104 -0.36617634
vn -0.9179098 0.39256015 0.057777178
vn -0.99101406 -0.11781115 -0.063337676
vn -0.25981945 0.9655666 0.013233582
vn -0.73629355 0.6566232 0.16345596
vn -0.2794303 0.82459223 -0.4919007
vn -0.75213546 0.57874155 -0.3151993
vn -0.74018466 0.660403 -0.12646937
vn -0.13941081 0.6708879 0.72833645
vn -0.2991826 0.6091169 0.7344838
vn -0.77760786 0.6246688 -0.07151897
vn -0.7802865 0.5671627 -0.26358977
vn 0.13531049 0.31528723 0.9393003
vn 0.67613757 -0.20754454 0.7069393
vn -0.09429588 -0.018056966 -0.9953804
vn 0.62107486 -0.3406474 0.70585084
vn -0.08718621 0.038474333 -0.99544877
vn -0.5633083 -0.82605714 0.017700342
vn 0.3907478 -0.82592446 -0.40640488
vn 0.8939144 0.12476586 0.43052348
vn 0.56394917 0.36806452 -0.7392496
vn -0.27793187 -0.878836 -0.38781604
vn 0.29631048 0.936491 0.18757613
vn -0.53449136 -0.746546 -0.3962172
vn -0.43495524 -0.60343623 -0.66834015
vn 0.56394917 0.36806452 -0.7392496
vn -0.7167918 0.24847938 -0.65151167
vn 0.04310571 0.97241294 0.22924861
vn -0.0126441615 0.99910283 0.04041805
vn -0.84479696 0.008130186 -0.5350253
vn 0.60782725 0.79075176 0.072508626
vn -0.4618058 -0.8607651 -0.21405354
vn -0.51323617 -0.8484777 -0.12912889
vn -0.38865736 -0.9209167 -0.029290747
vn -0.46093982 -0.88464874 0.07022185
vn -0.5285597 -0.8431589 0.09852789
vn -0.5423431 -0.77698475 0.31962287
vn -0.36978957 -0.923951 0.097826906
vn -0.440328 -0.846074 0.30044967
vn -0.12558784 -0.984279 0.12418807
vn -0.15430765 -0.939489 0.30585873
vn -0.058161333 -0.99830663 -0.0010887671
vn -0.27793187 -0.878836 -0.38781604
vn 0.16528311 -0.9812081 0.09956009
vn 0.20032938 -0.97964716 -0.012634036
vn 0.122410536 -0.94868344 0.29157418
vn 0.25268835 -0.9526462 -0.16915621
vn 0.009384836 -0.9727834 -0.23152643
vn 0.8431121 -0.52028024 -0.13590609
vn 0.08034082 -0.8972431 -0.4341662
vn 0.16387402 -0.8369218 -0.52221376
vn -0.6446911 -0.1627652 -0.7469143
vn 0.29631048 0.936491 0.18757613
vn -0.49446768 0.867959 -0.04635604
vn -0.5211264 -0.059343252 -0.85141397
vn -0.44338846 0.8958049 -0.030665698
vn 0.22318546 -0.79542 -0.56346726
vn 0.8431121 -0.52028024 -0.13590609
vn -0.4051831 0.02723442 -0.91382974
vn -0.36034158 0.9314494 -0.05055712
vn 0.75194055 0.3998347 -0.52413523
vn 0.8623389 -0.42651355 0.27286944
vn 0.33202222 0.7184124 0.61126494
vn 0.36926645 0.84185064 0.39361128
vn 0.75194055 0.3998347 -0.52413523
vn 0.7286213 -0.68234545 0.059293196
vn -0.73629355 0.6566232 0.16345596
vn -0.13941081 0.6708879 0.72833645
vn 0.7464707 -0.19772694 0.6353625
vn -0.2991826 0.6091169 0.7344838
vn 0.66565275 -0.12492677 0.7357307
vn 0.13531049 0.31528723 0.9393003
vn 0.55330646 -0.090633795 0.8280323
vn 0.67613757 -0.20754454 0.7069393
vn 0.44698143 -0.09854727 0.8890984
vn 0.62107486 -0.3406474 0.70585084
vn 0.39015085 -0.14713398 0.9089191
vn -0.5633083 -0.82605714 0.017700342
vn 0.8482572 -0.25502908 -0.46413353
vn -0.5633083 -0.82605714 0.017700342
vn 0.79999155 -0.4086993 -0.4392931
vn -0.4175809 0.2770768 -0.8653639
vn -0.08718621 0.038474333 -0.99544877
vn -0.09429588 -0.018056966 -0.9953804
vn -0.35376495 0.15742576 -0.921991
vn -0.7802865 0.5671627 -0.26358977
vn 0.722002 -0.5571767 -0.4102038
vn -0.3275635 0.025443126 -0.9444865
vn -0.77760786 0.6246688 -0.07151897
vn 0.62870365 -0.65618426 -0.41731757
vn -0.3556279 -0.085615076 -0.9306981
vn -0.74018466 0.660403 -0.12646937
vn 0.5183634 -0.7473415 -0.4156683
vn -0.3857218 -0.21034138 -0.89831793
vn -0.75213546 0.57874155 -0.3151993
vn 0.48015678 -0.85434127 -0.19887286
vn 0.33497727 -0.9407609 0.05252851
vn 0.3698154 -0.9145361 -0.16389099
vn -0.3431665 -0.5073272 -0.7904783
vn -0.25981945 0.9655666 0.013233582
vn 0.29272383 -0.9531857 -0.07582654
vn -0.20842421 0.6847536 -0.6983351
vn 0.527781 0.83993715 -0.1263041
vn 0.83039385 -0.5352441 -0.15478976
vn 0.47947678 0.8762503 -0.04782573
vn 0.8409525 -0.44985133 -0.3007204
vn 0.36926645 0.84185064 0.39361128
vn 0.8431121 -0.52028024 -0.13590609
vn 0.25268835 -0.9526462 -0.16915621
vn 0.20032938 -0.97964716 -0.012634036
vn 0.16528311 -0.9812081 0.09956009
vn 0.24359182 -0.9349884 0.25779796
vn 0.19645424 -0.75325507 0.62770414
vn 0.093657 -0.7693748 0.63189465
vn -0.12630445 -0.7697767 0.6256924
vn 0.3419581 -0.9074428 0.24415626
vn 0.33497727 -0.9407609 0.05252851
vn 0.29272383 -0.9531857 -0.07582654
vn 0.14443617 -0.9783693 -0.14809373
vn 0.3698154 -0.9145361 -0.16389099
vn -0.694738 -0.5533391 -0.45951602
vn -0.20842421 0.6847536 -0.6983351
vn -0.67646617 0.72375935 -0.136257
vn -0.62037766 -0.46400943 -0.6323187
vn -0.6672647 0.7404011 -0.081018515
vn -0.5312093 -0.3377174 -0.77702236
vn -0.64980876 0.75129145 -0.11536776
vn 0.5422383 0.44934216 -0.70997834
vn 0.2836359 -0.8411191 -0.46050993
vn 0.9152908 -0.37702033 0.14176923
vn 0.19660872 -0.91402966 -0.35481653
vn 0.907982 -0.40004143 0.1246411
vn 0.3735208 0.7919366 0.48303083
vn -0.25981945 0.9655666 0.013233582
vn 0.30641454 0.807997 0.50324047
vn 0.5422383 0.44934216 -0.70997834
vn -0.4618058 -0.8607651 -0.21405354
vn 0.60782725 0.79075176 0.072508626
vn 0.9341162 0.11397355 0.3382854
vn 0.34586993 -0.9334338 -0.09526415
vn 0.5163529 0.071682 -0.85337055
vn -0.6300331 -0.7477567 -0.20956641
vn -0.5285597 -0.8431589 0.09852789
vn -0.6047297 -0.67483467 -0.42296576
vn -0.62981695 -0.774102 0.064006165
vn -0.7866792 0.2741794 -0.55313784
vn 0.18768367 0.98195994 -0.023010584
vn 0.051809207 0.9947914 -0.08778373
vn -0.9197429 0.1018437 -0.37907904
vn 0.44147334 0.5280696 -0.72542655
vn -0.6947255 -0.7001276 -0.16485703
vn -0.60958755 -0.735507 0.29569003
vn -0.45838758 -0.6681065 0.5861011
vn -0.3664555 -0.70560014 0.6064972
vn -0.19275713 -0.46694082 0.86302435
vn -0.28730962 -0.43783188 0.8519134
vn -0.045092635 -0.48367923 0.8740829
vn 0.08405031 -0.4839612 0.8710437
vn 0.004841505 -0.25044045 0.9681199
vn -0.19842523 -0.20104507 0.95927495
vn 0.20300181 -0.21239945 0.9558644
vn -0.38154048 -0.3706989 0.8467639
vn -0.55944693 -0.18415222 0.80815035
vn -0.63243115 -0.52312374 0.57129
vn -0.5281431 -0.62188685 0.5782055
vn -0.7244465 -0.63192946 0.2753949
vn -0.6947255 -0.7001276 -0.16485703
vn -0.76914954 -0.63884705 0.01683537
vn 0.1281629 -0.47824508 0.8688245
vn 0.24035355 -0.42721558 0.8716175
vn 0.5675101 -0.1762212 0.80428755
vn 0.41937137 -0.32340413 0.8482556
vn -0.042715814 -0.8885148 -0.45685533
vn -0.7678033 -0.62065375 -0.15895593
vn -0.18028595 -0.90453416 -0.386413
vn 0.99433494 -0.094483085 -0.048692893
vn 0.9659367 0.07872019 -0.24651445
vn 0.44147334 0.5280696 -0.72542655
vn 0.31030574 -0.7179664 0.6230847
vn 0.54385465 -0.57345504 0.61267567
vn 0.6837136 -0.44419038 0.57899106
vn 0.4658377 -0.8445862 0.2639499
vn 0.33497727 -0.9407609 0.05252851
vn 0.6882944 -0.653908 0.31409425
vn 0.82140785 -0.501557 0.27153224
vn 0.5050081 -0.8625601 0.030935925
vn 0.7286213 -0.68234545 0.059293196
vn 0.7933602 -0.5976541 0.11571235
vn 0.92069817 -0.3899894 0.014940573
vn 0.919663 -0.3874098 -0.06429204
vn 0.2978606 -0.83041763 -0.4708351
vn -0.73629355 0.6566232 0.16345596
vn -0.99101406 -0.11781115 -0.063337676
vn -0.234341 -0.970235 -0.06106036
vn 0.8725741 -0.14004184 0.46797714
vn 0.4773437 -0.41503668 -0.7745241
vn -0.2717738 -0.9538001 -0.12807979
vn 0.85245323 -0.2327285 0.4681461
vn -0.75687355 0.043651674 -0.65210205
vn 0.4773437 -0.41503668 -0.7745241
vn -0.3105311 -0.9375339 -0.1568461
vn 0.8840949 -0.30325764 0.3555432
vn 0.20633627 0.8029459 -0.5591987
vn 0.94233215 -0.0077366205 0.33458972
vn 0.93910056 -0.0052252924 0.34360263
vn -0.8113574 0.117538415 -0.5726115
vn 0.15643887 0.89630955 -0.4149168
vn 0.9563149 -0.013943709 0.2920055
vn -0.33649126 -0.93131 -0.13941075
vn 0.8969798 -0.34437823 0.2771839
vn -0.8659409 0.16375521 -0.4725785
vn 0.104497775 0.9432815 -0.31511933
vn 0.97162974 -0.21930605 0.08854621
vn 0.91178954 0.3928496 0.11962028
vn -0.62495464 0.46644557 -0.62598747
vn -0.6204928 0.4185252 -0.6631932
vn 0.69299984 -0.043254916 -0.719639
vn 0.58963627 -0.6058335 -0.53413
vn 0.5731171 -0.63653225 -0.51610434
vn -0.40653074 -0.63372695 -0.6581207
vn 0.17323008 -0.9779684 -0.116486914
vn -1.0648918E-07 -0.81656444 -0.57725424
vn 0.57334536 -0.6553701 -0.49169615
vn 0.33862373 -0.4517423 -0.8253865
vn 0.37799856 -0.8813373 -0.2834812
vn -0 -0.28842705 -0.9575019
vn 0.33862373 -0.4517423 -0.8253865
vn -0 0.10640081 -0.9943234
vn 0.6422804 -0.049712904 -0.76485586
vn -0 0.5689663 -0.8223608
vn 0.74099535 -0.55225635 -0.38201946
vn 0.57334536 -0.6553701 -0.49169615
vn 0.7832025 -0.61439115 0.095485136
vn 0.37799856 -0.8813373 -0.2834812
vn 0.7827312 0.45867914 0.42064878
vn 0.64819455 0.4038263 -0.64557576
vn -0 0.9283465 -0.37171605
vn 0.59321535 -0.7700831 0.23466459
vn 0.36290374 -0.9317992 -0.0071507166
vn 0.88978744 -0.18870504 -0.41553432
vn 0.48324224 0.6460538 0.5908396
vn 0.61370623 0.7118987 0.34141618
vn 0.9778501 -0.15697435 0.13844989
vn 0.7001586 0.7049559 -0.11320397
vn 0.6020278 0.7114821 0.36243036
vn -0 0.7885784 0.6149343
vn 0.8852339 0.4198289 0.20026177
vn 0.899672 -0.263957 0.3477314
vn -0.0607561 0.8310873 0.55281335
vn 0.42417553 -0.119985834 0.8975959
vn -0 0.08770905 0.9961461
vn -0 0.5729786 0.8195703
vn 0.48415503 -0.37779626 0.78921723
vn 0.63345826 -0.6892186 0.3517222
vn 0.8528559 -0.15463181 0.49872413
vn 0.18815112 0.74692416 0.63773304
vn 0.17290503 0.7003037 0.6925884
vn 0.30813694 0.43399137 0.84658325
vn 0.5080831 -0.52574635 0.6822333
vn 0.41845408 -0.8475359 0.3264643
vn -0 -0.9778201 0.20944695
vn -3.720262E-07 -0.99238634 -0.123163365
vn 0.9305609 -0.18148752 0.31799152
vn -0 -0.89439535 0.4472773
vn -0 0.4173957 0.90872484
vn -0 0.24179953 0.97032624
vn -0 -0.70640844 0.70780444
vn -0 0.5357452 0.84437966
vn -0 0.5729786 0.8195703
vn -1.0648918E-07 -0.81656444 -0.57725424
vn -0.37799898 -0.8813378 -0.2834793
vn -0.36290368 -0.9317992 -0.007151649
vn -3.720262E-07 -0.99238634 -0.123163365
vn 0.8852339 0.4198289 0.20026177
vn 0.18815112 0.74692416 0.63773304
vn -0.0607561 0.8310873 0.55281335
vn 0.42417553 -0.119985834 0.8975959
vn 0.9778501 -0.15697435 0.13844989
vn 0.6020278 0.7114821 0.36243036
vn 0.61370623 0.7118987 0.34141618
vn 0.64819455 0.4038263 -0.64557576
vn 0.30813694 0.43399137 0.84658325
vn 0.17290503 0.7003037 0.6925884
vn 0.899672 -0.263957 0.3477314
vn 0.5080831 -0.52574635 0.6822333
vn 0.6422804 -0.049712904 -0.76485586
vn 0.7827312 0.45867914 0.42064878
vn 0.48324224 0.6460538 0.5908396
vn 0.7832025 -0.61439115 0.095485136
vn 0.36290374 -0.9317992 -0.0071507166
vn 0.37799856 -0.8813373 -0.2834812
vn -1.0648918E-07 -0.81656444 -0.57725424
vn -3.720262E-07 -0.99238634 -0.123163365
vn -1.0648918E-07 -0.81656444 -0.57725424
vn -0.33862367 -0.45174256 -0.82538646
vn -0.5733451 -0.65537065 -0.49169576
vn -0.37799898 -0.8813378 -0.2834793
vn -0 -0.28842705 -0.9575019
vn -0.33862367 -0.45174256 -0.82538646
vn -0 0.10640081 -0.9943234
vn -0.6422804 -0.04971289 -0.76485586
vn -0 0.5689663 -0.8223608
vn -0.7409953 -0.5522565 -0.38201937
vn -0.5733451 -0.65537065 -0.49169576
vn -0.78320247 -0.61439115 0.0954851
vn -0.37799898 -0.8813378 -0.2834793
vn -0.7827312 0.45867914 0.42064878
vn -0.5932152 -0.77008337 0.23466454
vn -0.36290368 -0.9317992 -0.007151649
vn -0.64819455 0.40382624 -0.64557576
vn -0.7001586 0.70495594 -0.113203965
vn -0 0.9283465 -0.37171605
vn -0 0.7885784 0.6149343
vn -0.88978744 -0.18870504 -0.41553432
vn -0.48324227 0.64605373 0.59083956
vn -0.6137061 0.71189874 0.34141615
vn -0.9778501 -0.15697435 0.13844989
vn -0.6020278 0.7114821 0.36243036
vn -0.8852339 0.4198289 0.20026177
vn -0.899672 -0.263957 0.3477314
vn 0.0607561 0.8310873 0.55281335
vn -0.42417553 -0.119985834 0.8975959
vn -0 0.08770905 0.9961461
vn -0 0.5729786 0.8195703
vn -0.48415503 -0.3777963 0.7892173
vn -0.6334582 -0.6892186 0.35172224
vn -0.8528559 -0.15463181 0.49872413
vn -0.18815112 0.74692416 0.63773304
vn -0.17290503 0.7003037 0.6925884
vn -0.30813694 0.43399137 0.84658325
vn -0.5080831 -0.52574635 0.6822333
vn -0.4184542 -0.8475359 0.32646415
vn -0 -0.9778201 0.20944695
vn -3.720262E-07 -0.99238634 -0.123163365
vn -0.930561 -0.18148755 0.31799152
vn -0 -0.89439535 0.4472773
vn -0 0.4173957 0.90872484
vn -0 0.24179953 0.97032624
vn -0 -0.70640844 0.70780444
vn -0 0.5357452 0.84437966
vn -0 0.5729786 0.8195703
vn -0.8852339 0.4198289 0.20026177
vn 0.0607561 0.8310873 0.55281335
vn -0.18815112 0.74692416 0.63773304
vn -0.42417553 -0.119985834 0.8975959
vn -0.6137061 0.71189874 0.34141615
vn -0.6020278 0.7114821 0.36243036
vn -0.9778501 -0.15697435 0.13844989
vn -0.64819455 0.40382624 -0.64557576
vn -0.30813694 0.43399137 0.84658325
vn -0.899672 -0.263957 0.3477314
vn -0.17290503 0.7003037 0.6925884
vn -0.5080831 -0.52574635 0.6822333
vn -0.6422804 -0.04971289 -0.76485586
vn -0.48324227 0.64605373 0.59083956
vn -0.7827312 0.45867914 0.42064878
vn -0.78320247 -0.61439115 0.0954851
vn -0.57571304 -0.56058955 -0.5952258
vn 0.5982591 -0.6142935 -0.51451874
vn -1.808407E-05 1.2797354E-05 -1
vn -0.5982785 0.6142923 -0.5144975
vn -0.24755785 -0.9192722 -0.30602893
vn -0.16620824 -0.9858102 0.023519978
vn 0.695268 -0.7140835 0.08177485
vn -0.7168665 -0.69679844 -0.023969553
vn -0.2670195 -0.90173197 0.3399705
vn -0.9257147 -0.22213139 -0.30612072
vn -0.99001807 -0.13911554 0.022608731
vn 0.5518538 -0.56678444 0.61172926
vn -0.6952705 0.71408343 0.0817544
vn -0.44641796 -0.7139609 0.539417
vn 0.25004607 -0.25674897 0.9335722
vn -0.90909 -0.24203095 0.33908185
vn -0.5518642 0.56677204 0.61173135
vn -0.7188302 -0.44458205 0.53444356
vn -0.19580397 0.20126182 0.95976794
vn 3.125045E-05 -4.8663774E-06 1
vn -0.7262158 -0.4265966 0.5390973
vn -0.25005263 0.25676164 0.93356687
vn 0.1958154 -0.20124274 0.9597696
vn -0.46412393 -0.7063646 0.5344511
vn -0.6854384 -0.66681194 0.29246566
vn 0.7188383 0.44458365 0.53443146
vn 0.1958154 -0.20124274 0.9597696
vn -0.25005263 0.25676164 0.93356687
vn 3.125045E-05 -4.8663774E-06 1
vn 0.44640127 0.71395653 0.53943676
vn -0.5518642 0.56677204 0.61173135
vn 0.26701543 0.90173006 0.33997905
vn -0.6952705 0.71408343 0.0817544
vn 0.7168667 0.69679826 -0.02396894
vn 0.16620001 0.985811 0.023542063
vn 0.68544644 0.6668099 0.29245105
vn 0.46413377 0.7063751 0.5344286
vn -0.19580397 0.20126182 0.95976794
vn -0.5982785 0.6142923 -0.5144975
vn 0.7262109 0.42661512 0.5390893
vn 0.25004607 -0.25674897 0.9335722
vn 0.5518538 -0.56678444 0.61172926
vn 0.9090892 0.24203423 0.3390816
vn 0.695268 -0.7140835 0.08177485
vn 0.99001837 0.13911468 0.022599122
vn 0.5982591 -0.6142935 -0.51451874
vn 0.24754246 0.9192709 -0.30604538
vn 0.57569456 0.5605948 -0.59523875
vn -1.808407E-05 1.2797354E-05 -1
vn 0.9257162 0.22213484 -0.30611357
vn 0.010015639 -0.035577342 -0.9993167
vn 0.6794281 0.7329313 -0.034483798
vn -0.73350567 0.67806816 -0.046829287
vn 0.73381865 -0.67915386 0.016134242
vn -0.0100195175 0.035579525 0.9993166
vn -0.0100195175 0.035579525 0.9993166
vn 0.73381865 -0.67915386 0.016134242
vn -0.6791152 -0.7340201 0.004128484
vn -0.73350567 0.67806816 -0.046829287
vn 0.010015639 -0.035577342 -0.9993167
vn -0.5838159 0.6337778 -0.5074295
vn -0.5506113 0.7367236 -0.39251193
vn 0.010173289 0.83607876 -0.54851514
vn -0.5425616 0.4358663 -0.71808606
vn 0.016922407 0.7217489 -0.6919481
vn -0.87456983 0.1866965 -0.44751757
vn 0.0048104026 0.5251386 -0.85100317
vn -0.5939273 -0.07320849 -0.80118084
vn 0.027354801 -0.40759692 -0.9127521
vn 0.53010416 0.62985194 -0.56769365
vn 0.45026225 0.7793519 -0.435746
vn 0.4706788 0.48598385 -0.7363975
vn 0.87905854 0.10058607 -0.46598116
vn 0.5839827 0.013012809 -0.81166184
vn 0.00080807926 -0.9996984 -0.02454441
vn -0.68498975 -0.7033235 -0.19006644
vn 0.65710115 -0.73647785 -0.16068093
vn -0.5185292 -0.5639902 -0.64268374
vn 0.0016736826 0.0046500843 -0.99998784
vn 0.5733895 -0.12761822 -0.8092824
vn 0.003196562 -0.69854987 -0.7155541
vn 0.5211035 -0.5837146 -0.62267846
vn -0.71280175 0.10893394 -0.6928543
vn 0.72598445 0.0743472 -0.68368053
vn 0.0036668736 -0.0047695916 -0.9999819
vn -0.53139085 -0.19758356 -0.8237625
vn 0.50601697 -0.37268174 -0.77785295
vn -0.45239156 -0.3968415 -0.79866064
vn 0.0042280364 0.00031796758 -0.99999106
vn -0.5879412 0.41041967 -0.69705147
vn 0.0054074726 -0.0062291953 -0.999966
vn 0.017877994 -0.6671761 -0.74468535
vn 0.0041850153 0.0013120098 -0.99999046
vn 0.5986119 0.40005788 -0.6939868
vn 0.0023205418 0.7809506 -0.62458843
vn 0.5838158 0.63377786 -0.5074295
vn -0.010173288 0.83607864 -0.5485151
vn 0.5506113 0.7367236 -0.39251193
vn 0.5425616 0.4358663 -0.71808606
vn -0.016922405 0.7217489 -0.6919481
vn 0.87456983 0.18669656 -0.44751763
vn -0.0048104026 0.5251386 -0.85100317
vn 0.59392726 -0.07320849 -0.80118084
vn -0.027354805 -0.40759686 -0.9127522
vn -0.53010416 0.62985194 -0.56769365
vn -0.45026225 0.7793519 -0.435746
vn -0.4706788 0.4859838 -0.7363975
vn -0.87905854 0.10058608 -0.46598116
vn -0.5839827 0.013012809 -0.81166184
vn -0.0008080794 -0.9996984 -0.02454441
vn 0.68498975 -0.7033235 -0.19006646
vn -0.65710115 -0.73647785 -0.16068095
vn 0.5185292 -0.5639902 -0.64268374
vn -0.0016736827 0.004650085 -0.99998784
vn -0.5733895 -0.12761822 -0.8092824
vn -0.0031965624 -0.69854987 -0.7155541
vn -0.5211035 -0.5837146 -0.62267846
vn 0.71280175 0.108933926 -0.6928543
vn -0.72598445 0.0743472 -0.68368053
vn -0.0036668745 -0.0047695916 -0.9999819
vn 0.5313908 -0.19758351 -0.8237625
vn -0.50601697 -0.3726818 -0.77785295
vn 0.45239156 -0.39684147 -0.79866064
vn -0.0042280364 0.00031796758 -0.99999106
vn 0.5879412 0.41041967 -0.69705147
vn -0.0054074726 -0.0062291953 -0.999966
vn -0.01787798 -0.6671761 -0.74468535
vn -0.0041850153 0.0013120098 -0.99999046
vn -0.5986119 0.40005785 -0.6939868
vn -0.0023205064 0.7809505 -0.6245886
vn -0.38971457 -0.91063297 -0.1373687
vn -0.43916702 -0.8682509 -0.23080882
vn -0.6344115 -0.7693749 -0.07472764
vn -0.38979268 -0.8519622 -0.34960282
vn -0.3949152 -0.8481592 -0.35308373
vn -0.44718337 -0.86627537 -0.22269697
vn -0.40802124 -0.91261834 0.025422722
vn -0.47957325 -0.84474367 0.23752376
vn -0.3855896 -0.8392498 0.38338032
vn -0.40333277 -0.90161633 0.15623923
vn -0.42063254 -0.8471144 -0.3247544
vn -0.61970484 -0.75463974 -0.21560325
vn -0.61227894 -0.7886154 -0.056570087
vn -0.752684 -0.657739 -0.029091328
vn -0.60532 -0.7563932 -0.24790512
vn -0.8236585 -0.55794495 -0.101410724
vn -0.88749737 -0.45717126 -0.057817973
vn -0.88718694 -0.42071092 -0.18947709
vn -0.7978585 -0.5668332 -0.20523672
vn -0.8437588 -0.4990378 -0.19756593
vn -0.921803 -0.32871976 -0.20548165
vn 0.38971457 -0.91063297 -0.1373687
vn 0.6344115 -0.7693749 -0.07472764
vn 0.43916702 -0.8682509 -0.23080881
vn 0.38979268 -0.8519622 -0.34960282
vn 0.39491522 -0.8481591 -0.35308367
vn 0.44718337 -0.86627537 -0.22269697
vn 0.40802124 -0.91261834 0.025422726
vn 0.47957325 -0.84474367 0.23752376
vn 0.3855896 -0.8392498 0.38338032
vn 0.40333277 -0.90161633 0.15623923
vn 0.42063257 -0.8471144 -0.3247544
vn 0.61970484 -0.75463974 -0.21560325
vn 0.61227894 -0.7886154 -0.056570087
vn 0.752684 -0.657739 -0.029091328
vn 0.60532004 -0.75639313 -0.24790509
vn 0.8236585 -0.55794483 -0.101410694
vn 0.88749737 -0.45717126 -0.057817973
vn 0.88718694 -0.42071092 -0.18947709
vn 0.7978585 -0.5668332 -0.20523672
vn 0.8437588 -0.4990378 -0.19756593
vn 0.921803 -0.32871976 -0.20548165
vn -0.8012671 -0.5893188 0.10331697
vn -0.6296146 0.6504161 0.42490515
vn -0.7272781 -0.6810199 0.08531464
vn -0.7038104 -0.708657 -0.04955961
vn -0.53435063 0.79050565 0.29928294
vn -0.8809839 -0.32509547 -0.3437736
vn -0.55800563 0.80242133 -0.2115415
vn 0.0066033625 -0.53286093 -0.84617704
vn 0.7247154 0.6154097 -0.3099329
vn 0.31259698 0.5818289 -0.75083834
vn 0.4478943 -0.74328476 -0.49690896
vn 0.5350312 -0.645551 -0.544982
vn 0.6340922 0.7513578 -0.18272516
vn 0.43134436 0.11834359 -0.8943919
vn -0.46625382 0.2525863 0.84782517
vn -0.71304667 -0.34893373 -0.6081199
vn 0.58016324 0.6312326 0.51473886
vn 0.28995666 0.64888746 -0.70347023
vn -0.38761422 -0.57053596 0.72404695
vn 0.6758692 0.36754045 0.6388386
vn 0.48315156 0.6557017 -0.5801895
vn -0.55212533 -0.6338105 0.54170275
vn -0.6145092 -0.1622252 -0.77205014
vn 0.62120503 0.24589661 0.7440694
vn 0.71736884 0.5199948 -0.46366718
vn 0.52128863 0.12346145 0.84440243
vn 0.8323149 0.34987473 -0.4299298
vn -0.64274955 -0.6663728 0.37791592
vn -0.3822824 -0.23839074 -0.89276534
vn -0.62755615 -0.69132364 0.3581131
vn -0.1759047 -0.37103453 -0.9118064
vn 0.441933 0.083608925 0.8931432
vn 0.90803224 0.11704536 -0.4022162
vn -0.4885892 -0.75885 0.43061265
vn -0.033006474 -0.6035609 -0.7966334
vn 0.5188351 0.0064105014 0.85485023
vn 0.6354522 -0.6700565 -0.38369864
vn 0.35271966 -0.699706 0.6212893
vn -0.66011304 -0.66326505 -0.35260507
vn -0.59546804 -0.68579614 -0.41845113
vn -0.6919013 0.6913551 -0.20808816
vn -0.119897604 -0.47240373 -0.8731891
vn -0.6777382 0.7181834 -0.15774542
vn -0.72401834 -0.64236945 -0.25131425
vn -0.2260517 0.6525582 -0.7232346
vn 0.7677642 -0.49526313 -0.40651253
vn 0.66043586 0.7163208 -0.22518653
vn 0.7361093 -0.673435 -0.068032935
vn 0.6760537 0.71874446 0.16235095
vn 0.7206885 0.6738487 0.16289857
vn 0.69717073 -0.71540093 -0.046417233
vn 0.7555936 0.6332155 0.16767955
vn 0.65558016 -0.7549753 0.015063017
vn -0.6708956 0.73361903 -0.10817721
vn -0.78406596 -0.6120381 -0.10319921
vn -0.6562925 0.753864 -0.0311322
vn -0.8188338 -0.57127154 0.056213114
vn 0.77962005 0.60553336 0.15975575
vn 0.6079021 -0.7893364 0.08604132
vn -0.6104933 0.7894984 0.06316822
vn 0.80270565 0.57771635 0.14801162
vn 0.5693907 -0.8087681 0.14727022
vn 0.5368332 -0.8143229 0.2206544
vn -0.5489863 0.8203007 0.16037743
vn -0.8265249 -0.5288784 0.19272855
vn -0.7751161 -0.47820392 0.4129357
vn 0.8170869 0.5476784 0.18004788
vn 0.4653914 -0.7609661 0.4520414
vn -0.46464038 0.8044733 0.37004337
vn 0.7604883 0.51057076 0.401217
vn -0.16402002 -0.5279839 0.83326495
vn 0.105372936 0.59972984 0.79323435
vn 0.4898303 0.83820957 0.2397312
vn 0.38991392 0.7171064 -0.5776899
vn 0.730011 0.6833852 -0.008283027
vn 0.24080087 0.95147437 0.19160265
vn 0.7296663 0.6833639 -0.024514101
vn 0.5116084 0.75155276 -0.41644365
vn -0.14864732 0.9865523 0.06795923
vn 0.65927577 0.67692375 -0.3273067
vn -0.057769395 0.9016524 -0.42858568
vn 0.36020342 0.6540727 -0.6651634
vn 0.93634635 0.28449884 -0.20570868
vn 0.77954197 0.05430226 -0.62399167
vn 0.4489196 0.6356962 -0.62798214
vn 0.82345104 -0.00016795311 -0.5673872
vn 0.50271976 0.6744216 -0.54076636
vn 0.5992557 0.569357 -0.5627835
vn 0.8876633 -0.11771298 -0.44519374
vn 0.78887 0.5715431 -0.2258819
vn 0.10615624 0.9112198 -0.39800683
vn 0.2857946 0.89255494 -0.34880814
vn 0.65615606 0.6200553 -0.43010536
vn 0.7880907 0.43090937 -0.43957937
vn 0.9243365 -0.29024887 -0.24770458
vn 0.8835907 0.46071324 -0.08372986
vn 0.43937957 0.86358106 -0.24733226
vn 0.8102458 0.49183095 -0.31875384
vn 0.9326157 0.29026625 -0.21441405
vn 0.89133835 -0.4532518 -0.008877372
vn 0.92438203 0.35669225 0.13523476
vn 0.5232456 0.8498425 -0.06310137
vn 0.9223021 0.36077908 -0.13855396
vn 0.9771714 0.19605131 0.0818539
vn 0.8035508 -0.55776453 0.20785795
vn 0.82286745 0.28799766 0.4898434
vn 0.5208667 0.836845 0.16848852
vn 0.9587454 0.25728703 0.12087472
vn 0.8472097 0.15576877 0.5079092
vn 0.6064512 -0.6272691 0.48862094
vn 0.8383924 0.19442996 0.50921035
vn 0.5554076 0.27296767 0.7855006
vn 0.46835643 0.83385044 0.29212272
vn 0.514622 0.1646904 0.8414519
vn 0.33484945 -0.57015646 0.75019825
vn 0.5230625 0.17826621 0.83344275
vn 0.42159757 0.30561677 0.85372937
vn 0.38565096 0.17443678 0.906005
vn 0.23705272 -0.5256861 0.81698245
vn 0.38691488 0.1987011 0.9004525
vn 0.45119566 0.27872798 0.8477813
vn 0.9430972 0.009245463 0.33238873
vn -0.48983034 0.83820957 0.23973112
vn -0.730011 0.6833852 -0.008283028
vn -0.3899139 0.71710646 -0.5776898
vn -0.2408009 0.95147437 0.19160254
vn -0.7296663 0.6833639 -0.024514101
vn -0.5116084 0.7515527 -0.4164437
vn 0.14864731 0.9865523 0.06795923
vn -0.65856147 0.6773812 -0.32779783
vn 0.058653723 0.9014035 -0.42898902
vn -0.36020342 0.6540727 -0.6651634
vn -0.93634635 0.28449884 -0.2057087
vn -0.77954197 0.054302208 -0.62399167
vn -0.4489196 0.6356962 -0.62798214
vn -0.82345104 -0.00016797814 -0.5673872
vn -0.50271976 0.6744216 -0.54076636
vn -0.59925574 0.56935704 -0.5627835
vn -0.88766336 -0.11771299 -0.44519365
vn -0.7874931 0.57306945 -0.22681704
vn -0.10299846 0.91130143 -0.39864907
vn -0.28264567 0.8934823 -0.34899962
vn -0.65608525 0.62008274 -0.4301737
vn -0.7880907 0.4309094 -0.43957943
vn -0.9243365 -0.29024887 -0.24770454
vn -0.8827759 0.46217257 -0.08428016
vn -0.4383928 0.8640906 -0.24730365
vn -0.8101484 0.49194878 -0.31881955
vn -0.9326157 0.29026625 -0.21441403
vn -0.89133835 -0.4532518 -0.008877361
vn -0.9242372 0.35710812 0.1351275
vn -0.5232456 0.8498425 -0.06310137
vn -0.9222635 0.36087966 -0.13854897
vn -0.9771714 0.1960513 0.0818539
vn -0.8035507 -0.5577647 0.20785797
vn -0.82286745 0.2879977 0.4898433
vn -0.5208667 0.836845 0.16848852
vn -0.95873773 0.257311 0.12088428
vn -0.8472097 0.15576877 0.5079092
vn -0.6064512 -0.6272691 0.48862094
vn -0.8383924 0.19442996 0.50921035
vn -0.5554076 0.2729677 0.7855006
vn -0.4683564 0.83385044 0.29212278
vn -0.514622 0.1646904 0.8414519
vn -0.3348495 -0.57015646 0.75019825
vn -0.5230625 0.17826626 0.83344275
vn -0.42159757 0.30561677 0.85372937
vn -0.38565096 0.17443678 0.906005
vn -0.23705275 -0.5256861 0.81698245
vn -0.3869149 0.1987011 0.9004525
vn -0.45119566 0.27872798 0.8477813
vn -0.9430972 0.009245463 0.33238873
vn 0.36017197 -0.6595597 -0.6597401
vn 0.482165 0.4438686 -0.75531286
vn -0.65086514 0.63671696 -0.41348034
vn -0.7808849 -0.5417572 -0.3109947
vn -0.62077475 0.7809786 0.068636745
vn 0.6314505 -0.77431995 0.04122006
vn 0.77246773 0.63125324 -0.06937506
vn -0.7665608 -0.6181745 0.1739108
vn -0.65006953 0.754129 0.093268566
vn -0.73656625 -0.65190196 0.18026096
vn -0.7501771 0.64464813 0.14718364
vn 0.6567189 -0.75362694 0.027686933
vn 0.75287807 0.6550188 -0.06422599
vn -0.60891825 -0.78671056 0.10151325
vn -0.6518777 0.7579241 0.024628812
vn 0.6860447 -0.6579761 -0.31049988
vn -0.06493165 0.9004639 -0.43005663
vn 0.7806537 -0.6209337 -0.07085968
vn 0.6257649 0.7787465 -0.044409752
vn 0.93929785 -0.27343562 -0.20724998
vn 0.38678735 0.92215955 0.004155473
vn 0.46416003 -0.8708281 -0.16190676
vn -0.46740144 0.8828783 -0.045407057
vn 0.8101216 -0.30865136 -0.498435
vn -0.12958245 0.81262684 -0.5681953
vn 0.07978029 0.049583383 -0.99557847
vn -0.9876621 0.07294878 0.13857208
vn 0.08985435 -0.97586024 0.19905514
vn -0.69922036 -0.63300955 -0.3322495
vn -0.8618645 0.059682153 0.50361454
vn -0.8211492 0.08057324 0.5649973
vn 0.28018543 -0.79775435 0.5339327
vn -0.5640847 0.32921132 0.75725055
vn 0.19118899 -0.6416968 0.74274623
vn -0.36343536 0.68472415 0.63171804
vn 0.6764417 -0.7315387 -0.08530907
vn 0.30835158 -0.5808679 0.75333375
vn 0.04520093 0.65306085 0.7559553
vn 0.42637375 -0.51490027 0.74369556
vn 0.3677677 0.69279927 0.62030333
vn 0.50661564 -0.6741282 0.5374864
vn 0.4259137 0.80833536 0.40643758
vn 0.14339262 -0.9433012 -0.2993682
vn 0.22028576 -0.9707354 -0.095639065
vn 0.76047474 -0.61732537 0.2014638
vn 0.5890506 0.8046032 0.07505357
vn -0.33330792 -0.91384923 -0.23191677
vn -0.9744796 0.22423352 0.010427307
vn 0.07266304 -0.9938944 -0.083029255
vn -0.99572444 -0.07934575 -0.047298133
vn 0.9163293 0.22751197 -0.3295133
vn -0.5511628 0.49570242 -0.671192
vn 0.2581235 -0.96566343 0.029435424
vn -0.9634861 -0.25781578 -0.072287776
vn -0.19965604 -0.8460065 -0.49437883
vn -0.08175222 -0.039368406 -0.9958748
vn -0.6497639 0.6038546 -0.46169972
vn -0.31480652 0.9463992 0.072287396
vn -0.1321974 0.9767284 0.16889523
vn 0.9884496 0.08400054 0.12614048
vn -0.26833642 0.95755696 0.10526264
vn 0.947557 0.24829844 0.20120561
vn -0.30365664 0.94972515 0.07625464
vn 0.2885942 -0.95634305 0.046057884
vn -0.95470303 -0.287198 -0.07784138
vn 0.93688524 0.28995213 0.19538103
vn -0.15662037 0.8893129 -0.42964235
vn 0.88502926 0.34278703 -0.31499282
vn -0.6397966 -0.1674014 -0.7500914
vn 0.34562212 -0.68388045 -0.64253634
vn 0.6175368 0.78429824 0.059366815
vn -0.5396794 0.83732283 -0.08738882
vn -0.51565385 -0.26840737 -0.8136698
vn 0.94977087 0.24103393 0.19959417
vn -0.7252649 0.6830722 -0.08604157
vn 0.6004916 -0.20552792 -0.77276653
vn -0.8011438 -0.5564007 -0.22042407
vn 0.57633984 -0.813862 -0.07389834
vn -0.91337365 -0.25802752 -0.31491324
vn 0.35401616 -0.92709094 -0.123187274
vn -0.9380861 0.13754685 -0.3179233
vn 0.39845976 0.88580185 0.23787582
vn -0.73905796 0.67076015 0.0622433
vn 0.8773731 0.4081802 0.25220123
vn -0.9127734 0.4071702 -0.03251553
vn 0.9236156 -0.32163158 0.20853639
vn 0.9241746 -0.32564157 0.19964696
vn 0.587126 -0.6207919 -0.5195196
vn -0.77513516 0.54510844 -0.31940934
vn 0.8509158 0.03798551 -0.523927
vn -0.47978458 0.8141677 -0.32701352
vn 0.5204504 0.78258884 0.34159335
vn -0.60827965 0.7826094 0.13235667
vn 0.5521787 0.17354095 0.8154644
vn -0.7860739 0.338817 0.5170018
vn 0.76895756 0.2521796 0.5874604
vn -0.8288349 0.41858006 -0.37124592
vn 0.89477265 0.42394194 -0.14019723
vn -0.19562247 0.94920844 -0.24644491
vn 0.73998517 0.6626662 0.11530603
vn -0.37846 0.6927596 -0.61388296
vn 0.97849953 0.18555291 -0.09004949
vn 0.5154769 -0.8298572 0.21358971
vn -0.19406737 0.52928627 -0.82595026
vn 0.8893328 -0.4063167 0.20974761
vn 0.89222836 -0.40390334 0.20196669
vn 0.8114928 -0.16284798 0.56121296
vn 0.57056415 -0.28516835 -0.770153
vn -0.9693561 -0.23251614 -0.07927869
vn -0.096275136 -0.9923638 0.0771052
vn -0.99672914 0.0053642006 -0.08063648
vn -0.9976203 0.03601276 0.05879497
vn -0.32951543 -0.90887785 0.25565723
vn -0.94079953 0.33715418 -0.034974415
vn 0.33921507 -0.9016231 0.2683449
vn -0.9823131 -0.13054343 0.13423632
vn 0.27062705 -0.5075172 0.8180387
vn -0.17226031 -0.9206325 0.3503745
vn -0.8049647 0.2997211 0.5120538
vn -0.88974947 0.26980793 -0.36817032
vn 0.36195713 -0.7138426 0.59951293
vn -0.7628838 -0.23478544 -0.60239863
vn 0.69551384 -0.4440539 0.56486875
vn 0.053097386 -0.98839056 0.14235474
vn -0.9762665 -0.17589381 0.12635292
vn 0.6403297 -0.4129793 0.6476311
vn -0.12110647 -0.68490183 0.7185004
vn -0.9068848 0.3860842 0.16881627
vn 0.0957847 -0.14750506 0.98441225
vn 0.39878845 -0.5409154 0.7405256
vn -0.9553662 0.08461771 -0.28304648
vn -0.911846 -0.26850155 0.31055427
vn 0.7516537 -0.14536478 0.64333963
vn 0.08721385 -0.66947675 0.7376955
vn -0.4660521 0.83151454 0.30228966
vn 0.5313515 0.4331713 0.7280303
vn -0.74898237 0.5950013 -0.2915455
vn 0.67090535 0.11120565 0.733157
vn -0.9220575 0.3442872 0.17685118
vn 0.17758673 0.039799627 0.9833
vn -0.5743371 0.80908465 0.124575
vn 0.39638752 0.58436286 0.70809394
vn 0.26926044 -0.24534474 0.931292
vn 0.730011 0.6833852 -0.008283027
vn 0.7296663 0.6833639 -0.024514101
vn 0.29721415 -0.2880229 0.9103333
vn -0.38608155 -0.6185565 0.6843456
vn 0.93634635 0.28449884 -0.20570868
vn 0.09230673 0.027104095 0.99536175
vn 0.4898303 0.83820957 0.2397312
vn -0.2808206 0.04844048 0.95853716
vn 0.24080087 0.95147437 0.19160265
vn 0.6729034 -0.49852553 0.5465099
vn 0.77954197 0.05430226 -0.62399167
vn -0.83848894 0.2504022 0.4839783
vn -0.14864732 0.9865523 0.06795923
vn -0.26551753 -0.7124923 0.6495037
vn 0.40941924 -0.87643874 0.25343838
vn 0.82345104 -0.00016795311 -0.5673872
vn -0.35247335 -0.71416104 0.6047615
vn 0.3380045 -0.8977025 0.28263596
vn 0.8876633 -0.11771298 -0.44519374
vn -0.60362536 -0.5973969 0.52797097
vn -0.99488294 0.06460449 -0.0776803
vn -0.057769395 0.9016524 -0.42858568
vn -0.5026113 -0.67383033 0.5416038
vn -0.7631551 -0.58216685 0.28049234
vn -0.50948405 -0.6590611 0.55323094
vn 0.19722754 -0.9159962 0.3493599
vn 0.9243365 -0.29024887 -0.24770458
vn -0.9606096 0.21429045 -0.17694266
vn 0.10615624 0.9112198 -0.39800683
vn -0.87571096 -0.45269886 0.16791074
vn -0.6561099 -0.61988705 0.43041816
vn -0.87351406 0.36765078 -0.3190707
vn 0.2857946 0.89255494 -0.34880814
vn -0.71179324 -0.5397168 0.4495066
vn -0.040111683 -0.91818744 0.39411032
vn 0.89133835 -0.4532518 -0.008877372
vn -0.81045556 -0.4912527 0.31911215
vn -0.9485902 -0.3164097 0.007848329
vn -0.74453616 0.46880195 -0.47527942
vn 0.43937957 0.86358106 -0.24733226
vn -0.8762416 -0.41791144 0.2398971
vn -0.29040912 -0.9007635 0.32293603
vn 0.8035508 -0.55776453 0.20785795
vn -0.92234945 -0.3609207 0.1378684
vn -0.9552995 -0.19508897 -0.22213313
vn -0.48990265 0.52511764 -0.6958785
vn 0.5232456 0.8498425 -0.06310137
vn -0.9414807 -0.33281383 -0.05337707
vn -0.4604186 -0.8776988 0.1328895
vn 0.6064512 -0.6272691 0.48862094
vn -0.9582253 -0.25829065 -0.12284261
vn -0.80496025 -0.10681215 -0.58363533
vn -0.1695405 0.5360523 -0.8269849
vn 0.5208667 0.836845 0.16848852
vn -0.5006779 -0.84945893 -0.16655686
vn 0.33484945 -0.57015646 0.75019825
vn -0.8291152 -0.29958168 -0.47203684
vn -0.8390296 -0.19631597 -0.507434
vn -0.4968354 -0.07930582 -0.8642135
vn 0.017323414 0.6284754 -0.77763647
vn 0.46835643 0.83385044 0.29212272
vn -0.3506333 -0.8716175 -0.34254807
vn 0.23705272 -0.5256861 0.81698245
vn -0.52785885 -0.18058214 -0.8299128
vn -0.51944584 -0.3070026 -0.79744923
vn -0.24493115 -0.93794703 -0.24548733
vn 0.9430972 0.009245463 0.33238873
vn 0.67494273 -0.32373598 -0.6630591
vn -0.32444963 -0.008693607 -0.94586307
vn -0.34449062 -0.18615945 -0.9201472
vn -0.3921031 -0.38251618 -0.83662206
vn -0.38945258 -0.19930944 -0.8992232
vn -0.29721415 -0.2880229 0.9103333
vn -0.7296663 0.6833639 -0.024514101
vn -0.730011 0.6833852 -0.008283028
vn -0.6729034 -0.49852553 0.5465099
vn -0.93634635 0.28449884 -0.2057087
vn -0.40941927 -0.87643874 0.25343844
vn -0.77954197 0.054302208 -0.62399167
vn -0.26926044 -0.24534474 0.931292
vn 0.38608152 -0.6185565 0.6843456
vn -0.48983034 0.83820957 0.23973112
vn 0.26551753 -0.7124923 0.6495037
vn -0.09230678 0.027104065 0.99536175
vn -0.2408009 0.95147437 0.19160254
vn 0.2808206 0.048440438 0.95853716
vn 0.14864731 0.9865523 0.06795923
vn -0.33800456 -0.8977025 0.282636
vn -0.82345104 -0.00016797814 -0.5673872
vn 0.3524734 -0.71416104 0.60476154
vn 0.838489 0.25040212 0.4839783
vn 0.058653723 0.9014035 -0.42898902
vn -0.19722754 -0.9159962 0.3493599
vn -0.88766336 -0.11771299 -0.44519365
vn 0.60362536 -0.5973969 0.52797097
vn 0.50948405 -0.6590611 0.55323094
vn 0.5026113 -0.6738303 0.54160386
vn 0.9949468 0.06391342 -0.077433474
vn -0.10299846 0.91130143 -0.39864907
vn 0.7625904 -0.5826679 0.2809874
vn 0.04011173 -0.91818744 0.39411035
vn -0.9243365 -0.29024887 -0.24770454
vn 0.65600467 -0.61992896 0.43051815
vn 0.71179324 -0.5397168 0.4495066
vn 0.96147966 0.21134937 -0.17575051
vn -0.28264567 0.8934823 -0.34899962
vn 0.8746306 -0.45440072 0.16894168
vn 0.8749272 0.36517805 -0.3180368
vn -0.4383928 0.8640906 -0.24730365
vn 0.29040918 -0.90076345 0.32293594
vn -0.89133835 -0.4532518 -0.008877361
vn 0.8762416 -0.41791144 0.2398971
vn 0.81028455 -0.49144554 0.3192493
vn 0.948037 -0.31804872 0.008410061
vn 0.74497133 0.46837807 -0.47501558
vn -0.5232456 0.8498425 -0.06310137
vn 0.4604186 -0.8776988 0.13288948
vn -0.8035507 -0.5577647 0.20785797
vn 0.92226726 -0.36112446 0.13788481
vn 0.9414807 -0.33281386 -0.05337708
vn 0.95522016 -0.19551605 -0.22209884
vn 0.4899027 0.5251176 -0.69587845
vn -0.5208667 0.836845 0.16848852
vn 0.5006778 -0.849459 -0.16655686
vn -0.6064512 -0.6272691 0.48862094
vn 0.95820516 -0.25835344 -0.12286721
vn 0.8049603 -0.10681217 -0.5836353
vn 0.1695405 0.5360523 -0.8269849
vn -0.4683564 0.83385044 0.29212278
vn 0.8291152 -0.29958168 -0.47203684
vn 0.83902967 -0.19631602 -0.50743395
vn 0.3506333 -0.8716175 -0.342548
vn -0.3348495 -0.57015646 0.75019825
vn 0.49683538 -0.07930583 -0.86421365
vn -0.017323427 0.6284755 -0.7776364
vn -0.9430972 0.009245463 0.33238873
vn 0.5278588 -0.18058214 -0.8299128
vn 0.51944584 -0.3070026 -0.79744923
vn 0.24493115 -0.93794703 -0.24548735
vn -0.23705275 -0.5256861 0.81698245
vn -0.67494273 -0.32373598 -0.6630591
vn 0.32444966 -0.008693628 -0.94586295
vn 0.34449062 -0.1861595 -0.9201472
vn 0.39210314 -0.38251618 -0.83662206
vn 0.38945258 -0.19930944 -0.8992232
vn -0.43073735 0.30038965 0.85101783
vn -0.3530258 0.76769453 -0.53480643
vn 0.26185128 0.9208516 0.28890547
vn 0.27638638 -0.711884 0.645625
vn -0.94707435 -0.29257587 0.13209657
vn 0.95679694 0.28714094 0.04571461
vn 0.34558707 -0.9140605 0.21228065
vn -0.89343226 -0.44830167 0.028359609
vn -0.34480342 0.9143786 -0.21218476
vn 0.9675679 0.25203055 0.017113278
vn 0.3325583 -0.8924749 -0.30478442
vn -0.89528173 -0.44479373 -0.025081817
vn -0.33142912 0.8929083 0.30474493
vn 0.96656847 0.25322437 -0.04028323
vn 0.23045722 -0.631801 -0.74007905
vn -0.90583223 -0.41785148 -0.06977122
vn -0.22928786 0.63228375 0.74003
vn -0.9225766 -0.3738986 -0.09514292
vn 0.95521015 0.2822024 -0.08908055
vn 0.06659631 -0.20182043 -0.9771558
vn -0.06569184 0.2021863 0.9771413
vn 0.936821 0.3305112 -0.114581026
vn -0.11508645 0.28228903 -0.9524011
vn -0.94164246 -0.32305452 -0.09457975
vn 0.1155067 -0.28211322 0.9524024
vn 0.916895 0.38365188 -0.11006737
vn -0.26597857 0.69070435 -0.6724454
vn -0.95823896 -0.2781097 -0.066581875
vn 0.2657313 -0.6908267 0.6724175
vn 0.90111506 0.42652363 -0.07790489
vn -0.34558737 0.9140506 -0.21232237
vn -0.96755993 -0.2520605 -0.017125022
vn 0.34479466 -0.91436684 0.21224956
vn 0.89343226 0.44830066 -0.028376283
vn 0.33146805 -0.892894 -0.30474448
vn 0.89526117 0.44483092 0.025155907
vn -0.33258918 0.89247966 0.3047369
vn -0.96656036 -0.25325018 0.040318172
vn -0.24616471 0.6725176 0.6979419
vn -0.9544253 -0.29333422 0.055021808
vn 0.24630497 -0.67577296 -0.69474065
vn 0.91200626 0.40855223 0.036463242
vn -0.0028648053 0.02464017 0.9996923
vn -0.6164196 -0.72169393 0.31493616
vn 0.9408176 -0.14683163 0.30545512
vn 0.3333267 -0.90692157 -0.25765616
vn -0.01004654 -0.035586614 -0.9993161
vn 0.67911625 -0.7340194 0.0040663364
vn 0.73350614 0.6780658 -0.046856664
vn -0.73382014 -0.67915106 0.016181942
vn 0.010036822 0.035584234 0.9993162
vn -0.679422 0.73293644 -0.034496006
g Emma_S005_LOD1_0
f 3/3/3 2/2/2 1/1/1
f 6/6/6 5/5/5 4/4/4
f 9/9/9 8/8/8 7/7/7
f 12/12/12 11/11/11 10/10/10
f 15/15/15 14/14/14 13/13/13
f 18/18/18 17/17/17 16/16/16
f 21/21/21 20/20/20 19/19/19
f 20/20/20 22/22/22 19/19/19
f 22/22/22 23/23/23 19/19/19
f 23/23/23 24/24/24 19/19/19
f 24/24/24 23/23/23 25/25/25
f 22/22/22 20/20/20 26/26/26
f 20/20/20 27/27/27 26/26/26
f 22/22/22 26/26/26 28/28/28
f 23/23/23 22/22/22 28/28/28
f 29/29/29 26/26/26 27/27/27
f 28/28/28 26/26/26 29/29/29
f 30/30/30 29/29/29 27/27/27
f 30/30/30 31/31/31 29/29/29
f 23/23/23 28/28/28 32/32/32
f 33/33/33 28/28/28 29/29/29
f 28/28/28 33/33/33 32/32/32
f 31/31/31 34/34/34 29/29/29
f 29/29/29 34/34/34 33/33/33
f 35/35/35 34/34/34 31/31/31
f 36/36/36 35/35/35 31/31/31
f 35/35/35 36/36/36 37/37/37
f 38/38/38 23/23/23 32/32/32
f 23/23/23 38/38/38 25/25/25
f 34/34/34 39/39/39 33/33/33
f 39/39/39 34/34/34 35/35/35
f 38/38/38 40/40/40 25/25/25
f 38/38/38 32/32/32 41/41/41
f 40/40/40 38/38/38 41/41/41
f 25/25/25 40/40/40 42/42/42
f 43/43/43 25/25/25 42/42/42
f 43/43/43 42/42/42 44/44/44
f 45/45/45 43/43/43 44/44/44
f 45/45/45 44/44/44 46/46/46
f 33/33/33 47/47/47 32/32/32
f 33/33/33 39/39/39 48/48/48
f 47/47/47 33/33/33 48/48/48
f 32/32/32 47/47/47 49/49/49
f 41/41/41 32/32/32 49/49/49
f 47/47/47 48/48/48 50/50/50
f 49/49/49 47/47/47 50/50/50
f 51/51/51 40/40/40 41/41/41
f 42/42/42 40/40/40 52/52/52
f 51/51/51 52/52/52 40/40/40
f 44/44/44 42/42/42 53/53/53
f 42/42/42 52/52/52 53/53/53
f 44/44/44 54/54/54 46/46/46
f 54/54/54 44/44/44 53/53/53
f 41/41/41 55/55/55 51/51/51
f 55/55/55 41/41/41 49/49/49
f 56/56/56 52/52/52 51/51/51
f 55/55/55 56/56/56 51/51/51
f 54/54/54 57/57/57 46/46/46
f 57/57/57 58/58/58 46/46/46
f 59/59/59 57/57/57 54/54/54
f 60/60/60 59/59/59 54/54/54
f 60/60/60 54/54/54 53/53/53
f 61/61/61 59/59/59 60/60/60
f 62/62/62 61/61/61 60/60/60
f 63/63/63 62/62/62 60/60/60
f 53/53/53 63/63/63 60/60/60
f 64/64/64 63/63/63 53/53/53
f 52/52/52 64/64/64 53/53/53
f 56/56/56 64/64/64 52/52/52
f 65/65/65 64/64/64 56/56/56
f 66/66/66 65/65/65 56/56/56
f 55/55/55 66/66/66 56/56/56
f 66/66/66 55/55/55 67/67/67
f 68/68/68 66/66/66 67/67/67
f 67/67/67 55/55/55 49/49/49
f 68/68/68 67/67/67 69/69/69
f 67/67/67 49/49/49 70/70/70
f 67/67/67 70/70/70 69/69/69
f 49/49/49 50/50/50 70/70/70
f 70/70/70 71/71/71 69/69/69
f 71/71/71 72/72/72 69/69/69
f 50/50/50 73/73/73 70/70/70
f 73/73/73 71/71/71 70/70/70
f 50/50/50 48/48/48 73/73/73
f 71/71/71 74/74/74 72/72/72
f 74/74/74 75/75/75 72/72/72
f 76/76/76 75/75/75 74/74/74
f 77/77/77 74/74/74 71/71/71
f 73/73/73 77/77/77 71/71/71
f 48/48/48 78/78/78 73/73/73
f 48/48/48 39/39/39 78/78/78
f 79/79/79 76/76/76 74/74/74
f 79/79/79 74/74/74 77/77/77
f 80/80/80 77/77/77 73/73/73
f 78/78/78 80/80/80 73/73/73
f 76/76/76 79/79/79 81/81/81
f 82/82/82 76/76/76 81/81/81
f 82/82/82 81/81/81 83/83/83
f 84/84/84 82/82/82 83/83/83
f 83/83/83 85/85/85 84/84/84
f 85/85/85 86/86/86 84/84/84
f 85/85/85 87/87/87 86/86/86
f 87/87/87 88/88/88 86/86/86
f 88/88/88 87/87/87 89/89/89
f 90/90/90 89/89/89 87/87/87
f 91/91/91 87/87/87 85/85/85
f 91/91/91 90/90/90 87/87/87
f 92/92/92 85/85/85 83/83/83
f 92/92/92 91/91/91 85/85/85
f 83/83/83 81/81/81 93/93/93
f 93/93/93 92/92/92 83/83/83
f 81/81/81 79/79/79 94/94/94
f 81/81/81 94/94/94 93/93/93
f 91/91/91 95/95/95 90/90/90
f 95/95/95 96/96/96 90/90/90
f 92/92/92 97/97/97 91/91/91
f 92/92/92 93/93/93 97/97/97
f 97/97/97 95/95/95 91/91/91
f 95/95/95 98/98/98 96/96/96
f 98/98/98 99/99/99 96/96/96
f 79/79/79 100/100/100 94/94/94
f 100/100/100 79/79/79 77/77/77
f 101/101/101 93/93/93 94/94/94
f 93/93/93 101/101/101 97/97/97
f 97/97/97 102/102/102 95/95/95
f 102/102/102 98/98/98 95/95/95
f 98/98/98 103/103/103 99/99/99
f 103/103/103 104/104/104 99/99/99
f 105/105/105 104/104/104 103/103/103
f 106/106/106 105/105/105 103/103/103
f 107/107/107 103/103/103 98/98/98
f 102/102/102 107/107/107 98/98/98
f 106/106/106 103/103/103 107/107/107
f 102/102/102 97/97/97 108/108/108
f 97/97/97 101/101/101 108/108/108
f 107/107/107 102/102/102 108/108/108
f 109/109/109 101/101/101 94/94/94
f 94/94/94 100/100/100 109/109/109
f 101/101/101 109/109/109 108/108/108
f 100/100/100 110/110/110 109/109/109
f 100/100/100 77/77/77 110/110/110
f 77/77/77 80/80/80 110/110/110
f 109/109/109 111/111/111 108/108/108
f 109/109/109 110/110/110 111/111/111
f 112/112/112 107/107/107 108/108/108
f 112/112/112 108/108/108 111/111/111
f 110/110/110 80/80/80 113/113/113
f 110/110/110 113/113/113 111/111/111
f 80/80/80 114/114/114 113/113/113
f 114/114/114 80/80/80 78/78/78
f 113/113/113 115/115/115 111/111/111
f 115/115/115 113/113/113 114/114/114
f 116/116/116 114/114/114 78/78/78
f 39/39/39 116/116/116 78/78/78
f 107/107/107 112/112/112 117/117/117
f 117/117/117 106/106/106 107/107/107
f 118/118/118 112/112/112 111/111/111
f 115/115/115 118/118/118 111/111/111
f 119/119/119 114/114/114 116/116/116
f 119/119/119 115/115/115 114/114/114
f 39/39/39 120/120/120 116/116/116
f 120/120/120 39/39/39 35/35/35
f 121/121/121 120/120/120 35/35/35
f 120/120/120 122/122/122 116/116/116
f 122/122/122 119/119/119 116/116/116
f 112/112/112 123/123/123 117/117/117
f 123/123/123 112/112/112 118/118/118
f 123/123/123 124/124/124 117/117/117
f 117/117/117 125/125/125 106/106/106
f 124/124/124 125/125/125 117/117/117
f 126/126/126 123/123/123 118/118/118
f 123/123/123 126/126/126 124/124/124
f 118/118/118 115/115/115 127/127/127
f 126/126/126 118/118/118 127/127/127
f 125/125/125 128/128/128 106/106/106
f 106/106/106 128/128/128 105/105/105
f 120/120/120 129/129/129 122/122/122
f 120/120/120 121/121/121 129/129/129
f 122/122/122 129/129/129 130/130/130
f 130/130/130 129/129/129 121/121/121
f 131/131/131 125/125/125 124/124/124
f 125/125/125 131/131/131 128/128/128
f 115/115/115 132/132/132 127/127/127
f 119/119/119 132/132/132 115/115/115
f 122/122/122 133/133/133 119/119/119
f 133/133/133 122/122/122 130/130/130
f 133/133/133 130/130/130 134/134/134
f 135/135/135 132/132/132 119/119/119
f 133/133/133 135/135/135 119/119/119
f 132/132/132 136/136/136 127/127/127
f 136/136/136 132/132/132 135/135/135
f 133/133/133 137/137/137 135/135/135
f 137/137/137 136/136/136 135/135/135
f 127/127/127 136/136/136 138/138/138
f 126/126/126 127/127/127 138/138/138
f 139/139/139 133/133/133 134/134/134
f 139/139/139 137/137/137 133/133/133
f 136/136/136 137/137/137 140/140/140
f 136/136/136 140/140/140 138/138/138
f 141/141/141 126/126/126 138/138/138
f 126/126/126 141/141/141 124/124/124
f 142/142/142 137/137/137 139/139/139
f 137/137/137 142/142/142 140/140/140
f 143/143/143 142/142/142 139/139/139
f 139/139/139 134/134/134 143/143/143
f 138/138/138 140/140/140 144/144/144
f 141/141/141 138/138/138 144/144/144
f 142/142/142 145/145/145 140/140/140
f 143/143/143 145/145/145 142/142/142
f 140/140/140 146/146/146 144/144/144
f 140/140/140 145/145/145 146/146/146
f 124/124/124 141/141/141 147/147/147
f 141/141/141 144/144/144 148/148/148
f 147/147/147 141/141/141 148/148/148
f 144/144/144 146/146/146 149/149/149
f 148/148/148 144/144/144 149/149/149
f 150/150/150 124/124/124 147/147/147
f 150/150/150 131/131/131 124/124/124
f 151/151/151 150/150/150 147/147/147
f 131/131/131 150/150/150 151/151/151
f 152/152/152 151/151/151 147/147/147
f 152/152/152 147/147/147 148/148/148
f 153/153/153 131/131/131 151/151/151
f 154/154/154 152/152/152 148/148/148
f 131/131/131 153/153/153 155/155/155
f 153/153/153 156/156/156 155/155/155
f 131/131/131 155/155/155 128/128/128
f 154/154/154 148/148/148 157/157/157
f 149/149/149 157/157/157 148/148/148
f 158/158/158 154/154/154 157/157/157
f 157/157/157 159/159/159 158/158/158
f 157/157/157 149/149/149 159/159/159
f 159/159/159 160/160/160 158/158/158
f 155/155/155 156/156/156 161/161/161
f 156/156/156 162/162/162 161/161/161
f 128/128/128 155/155/155 163/163/163
f 155/155/155 161/161/161 163/163/163
f 128/128/128 163/163/163 105/105/105
f 161/161/161 162/162/162 164/164/164
f 161/161/161 164/164/164 163/163/163
f 162/162/162 165/165/165 164/164/164
f 164/164/164 166/166/166 163/163/163
f 163/163/163 166/166/166 105/105/105
f 167/167/167 164/164/164 165/165/165
f 164/164/164 167/167/167 166/166/166
f 168/168/168 167/167/167 165/165/165
f 159/159/159 169/169/169 160/160/160
f 169/169/169 170/170/170 160/160/160
f 171/171/171 170/170/170 169/169/169
f 172/172/172 171/171/171 169/169/169
f 171/171/171 172/172/172 173/173/173
f 169/169/169 159/159/159 174/174/174
f 169/169/169 174/174/174 172/172/172
f 172/172/172 175/175/175 173/173/173
f 174/174/174 175/175/175 172/172/172
f 175/175/175 176/176/176 173/173/173
f 173/173/173 176/176/176 177/177/177
f 176/176/176 178/178/178 177/177/177
f 179/179/179 177/177/177 178/178/178
f 180/180/180 176/176/176 175/175/175
f 180/180/180 175/175/175 174/174/174
f 159/159/159 181/181/181 174/174/174
f 149/149/149 181/181/181 159/159/159
f 181/181/181 149/149/149 146/146/146
f 182/182/182 174/174/174 181/181/181
f 182/182/182 180/180/180 174/174/174
f 183/183/183 181/181/181 146/146/146
f 183/183/183 182/182/182 181/181/181
f 183/183/183 146/146/146 145/145/145
f 184/184/184 182/182/182 183/183/183
f 183/183/183 145/145/145 184/184/184
f 182/182/182 184/184/184 180/180/180
f 184/184/184 145/145/145 143/143/143
f 184/184/184 143/143/143 185/185/185
f 184/184/184 185/185/185 180/180/180
f 134/134/134 185/185/185 143/143/143
f 176/176/176 180/180/180 186/186/186
f 180/180/180 185/185/185 186/186/186
f 185/185/185 134/134/134 186/186/186
f 176/176/176 186/186/186 178/178/178
f 186/186/186 187/187/187 178/178/178
f 134/134/134 188/188/188 186/186/186
f 188/188/188 187/187/187 186/186/186
f 189/189/189 188/188/188 134/134/134
f 189/189/189 187/187/187 188/188/188
f 130/130/130 189/189/189 134/134/134
f 189/189/189 130/130/130 121/121/121
f 187/187/187 189/189/189 121/121/121
f 187/187/187 190/190/190 178/178/178
f 190/190/190 191/191/191 178/178/178
f 192/192/192 190/190/190 187/187/187
f 178/178/178 191/191/191 193/193/193
f 193/193/193 179/179/179 178/178/178
f 191/191/191 194/194/194 193/193/193
f 179/179/179 193/193/193 195/195/195
f 193/193/193 194/194/194 196/196/196
f 193/193/193 196/196/196 195/195/195
f 194/194/194 197/197/197 196/196/196
f 196/196/196 197/197/197 198/198/198
f 199/199/199 196/196/196 198/198/198
f 196/196/196 199/199/199 195/195/195
f 199/199/199 200/200/200 195/195/195
f 201/201/201 187/187/187 121/121/121
f 201/201/201 192/192/192 187/187/187
f 121/121/121 202/202/202 201/201/201
f 202/202/202 121/121/121 35/35/35
f 202/202/202 35/35/35 37/37/37
f 201/201/201 203/203/203 192/192/192
f 202/202/202 203/203/203 201/201/201
f 203/203/203 202/202/202 37/37/37
f 203/203/203 204/204/204 192/192/192
f 205/205/205 203/203/203 37/37/37
f 204/204/204 203/203/203 205/205/205
f 206/206/206 204/204/204 205/205/205
f 209/209/209 208/208/208 207/207/207
f 210/210/210 209/209/209 207/207/207
f 211/211/211 210/210/210 207/207/207
f 212/212/212 211/211/211 207/207/207
f 211/211/211 212/212/212 213/213/213
f 209/209/209 210/210/210 214/214/214
f 215/215/215 209/209/209 214/214/214
f 214/214/214 210/210/210 216/216/216
f 210/210/210 211/211/211 216/216/216
f 214/214/214 217/217/217 215/215/215
f 214/214/214 216/216/216 217/217/217
f 217/217/217 218/218/218 215/215/215
f 219/219/219 218/218/218 217/217/217
f 216/216/216 211/211/211 220/220/220
f 216/216/216 221/221/221 217/217/217
f 221/221/221 216/216/216 220/220/220
f 222/222/222 219/219/219 217/217/217
f 222/222/222 217/217/217 221/221/221
f 222/222/222 223/223/223 219/219/219
f 223/223/223 224/224/224 219/219/219
f 224/224/224 223/223/223 225/225/225
f 211/211/211 226/226/226 220/220/220
f 226/226/226 211/211/211 213/213/213
f 227/227/227 222/222/222 221/221/221
f 223/223/223 222/222/222 227/227/227
f 228/228/228 226/226/226 213/213/213
f 220/220/220 226/226/226 229/229/229
f 226/226/226 228/228/228 229/229/229
f 228/228/228 213/213/213 230/230/230
f 213/213/213 231/231/231 230/230/230
f 230/230/230 231/231/231 232/232/232
f 231/231/231 233/233/233 232/232/232
f 232/232/232 233/233/233 234/234/234
f 235/235/235 221/221/221 220/220/220
f 227/227/227 221/221/221 236/236/236
f 221/221/221 235/235/235 236/236/236
f 235/235/235 220/220/220 237/237/237
f 220/220/220 229/229/229 237/237/237
f 236/236/236 235/235/235 238/238/238
f 235/235/235 237/237/237 238/238/238
f 228/228/228 239/239/239 229/229/229
f 228/228/228 230/230/230 240/240/240
f 240/240/240 239/239/239 228/228/228
f 230/230/230 232/232/232 241/241/241
f 240/240/240 230/230/230 241/241/241
f 242/242/242 232/232/232 234/234/234
f 232/232/232 242/242/242 241/241/241
f 243/243/243 229/229/229 239/239/239
f 229/229/229 243/243/243 237/237/237
f 240/240/240 244/244/244 239/239/239
f 244/244/244 243/243/243 239/239/239
f 245/245/245 242/242/242 234/234/234
f 246/246/246 245/245/245 234/234/234
f 245/245/245 247/247/247 242/242/242
f 247/247/247 248/248/248 242/242/242
f 242/242/242 248/248/248 241/241/241
f 247/247/247 249/249/249 248/248/248
f 249/249/249 250/250/250 248/248/248
f 250/250/250 251/251/251 248/248/248
f 251/251/251 241/241/241 248/248/248
f 251/251/251 252/252/252 241/241/241
f 252/252/252 240/240/240 241/241/241
f 252/252/252 244/244/244 240/240/240
f 253/253/253 244/244/244 252/252/252
f 253/253/253 254/254/254 244/244/244
f 254/254/254 243/243/243 244/244/244
f 243/243/243 254/254/254 255/255/255
f 254/254/254 256/256/256 255/255/255
f 243/243/243 255/255/255 237/237/237
f 255/255/255 256/256/256 257/257/257
f 237/237/237 255/255/255 258/258/258
f 258/258/258 255/255/255 257/257/257
f 238/238/238 237/237/237 258/258/258
f 259/259/259 258/258/258 257/257/257
f 260/260/260 259/259/259 257/257/257
f 261/261/261 238/238/238 258/258/258
f 259/259/259 261/261/261 258/258/258
f 236/236/236 238/238/238 261/261/261
f 262/262/262 259/259/259 260/260/260
f 263/263/263 262/262/262 260/260/260
f 263/263/263 264/264/264 262/262/262
f 262/262/262 265/265/265 259/259/259
f 265/265/265 261/261/261 259/259/259
f 266/266/266 236/236/236 261/261/261
f 227/227/227 236/236/236 266/266/266
f 264/264/264 267/267/267 262/262/262
f 262/262/262 267/267/267 265/265/265
f 268/268/268 266/266/266 261/261/261
f 265/265/265 268/268/268 261/261/261
f 267/267/267 264/264/264 269/269/269
f 264/264/264 270/270/270 269/269/269
f 269/269/269 270/270/270 271/271/271
f 270/270/270 272/272/272 271/271/271
f 273/273/273 271/271/271 272/272/272
f 274/274/274 273/273/273 272/272/272
f 273/273/273 274/274/274 275/275/275
f 276/276/276 273/273/273 275/275/275
f 276/276/276 275/275/275 277/277/277
f 273/273/273 278/278/278 271/271/271
f 278/278/278 273/273/273 276/276/276
f 279/279/279 276/276/276 277/277/277
f 279/279/279 278/278/278 276/276/276
f 280/280/280 279/279/279 277/277/277
f 269/269/269 271/271/271 281/281/281
f 278/278/278 281/281/281 271/271/271
f 267/267/267 269/269/269 282/282/282
f 282/282/282 269/269/269 281/281/281
f 283/283/283 278/278/278 279/279/279
f 281/281/281 278/278/278 283/283/283
f 284/284/284 279/279/279 280/280/280
f 284/284/284 283/283/283 279/279/279
f 285/285/285 284/284/284 280/280/280
f 286/286/286 284/284/284 285/285/285
f 287/287/287 286/286/286 285/285/285
f 288/288/288 267/267/267 282/282/282
f 267/267/267 288/288/288 265/265/265
f 281/281/281 289/289/289 282/282/282
f 289/289/289 281/281/281 283/283/283
f 290/290/290 283/283/283 284/284/284
f 286/286/286 290/290/290 284/284/284
f 291/291/291 286/286/286 287/287/287
f 292/292/292 291/291/291 287/287/287
f 292/292/292 293/293/293 291/291/291
f 293/293/293 294/294/294 291/291/291
f 291/291/291 295/295/295 286/286/286
f 295/295/295 290/290/290 286/286/286
f 291/291/291 294/294/294 295/295/295
f 283/283/283 290/290/290 296/296/296
f 289/289/289 283/283/283 296/296/296
f 290/290/290 295/295/295 296/296/296
f 289/289/289 297/297/297 282/282/282
f 297/297/297 289/289/289 296/296/296
f 288/288/288 282/282/282 297/297/297
f 298/298/298 288/288/288 297/297/297
f 265/265/265 288/288/288 298/298/298
f 268/268/268 265/265/265 298/298/298
f 299/299/299 297/297/297 296/296/296
f 298/298/298 297/297/297 299/299/299
f 295/295/295 300/300/300 296/296/296
f 296/296/296 300/300/300 299/299/299
f 268/268/268 298/298/298 301/301/301
f 301/301/301 298/298/298 299/299/299
f 302/302/302 268/268/268 301/301/301
f 268/268/268 302/302/302 266/266/266
f 303/303/303 301/301/301 299/299/299
f 301/301/301 303/303/303 302/302/302
f 302/302/302 304/304/304 266/266/266
f 304/304/304 227/227/227 266/266/266
f 300/300/300 295/295/295 305/305/305
f 294/294/294 305/305/305 295/295/295
f 300/300/300 306/306/306 299/299/299
f 306/306/306 303/303/303 299/299/299
f 302/302/302 307/307/307 304/304/304
f 303/303/303 307/307/307 302/302/302
f 308/308/308 227/227/227 304/304/304
f 308/308/308 223/223/223 227/227/227
f 308/308/308 309/309/309 223/223/223
f 310/310/310 308/308/308 304/304/304
f 307/307/307 310/310/310 304/304/304
f 311/311/311 300/300/300 305/305/305
f 300/300/300 311/311/311 306/306/306
f 312/312/312 311/311/311 305/305/305
f 313/313/313 305/305/305 294/294/294
f 313/313/313 312/312/312 305/305/305
f 311/311/311 314/314/314 306/306/306
f 314/314/314 311/311/311 312/312/312
f 303/303/303 306/306/306 315/315/315
f 306/306/306 314/314/314 315/315/315
f 316/316/316 313/313/313 294/294/294
f 316/316/316 294/294/294 293/293/293
f 317/317/317 308/308/308 310/310/310
f 309/309/309 308/308/308 317/317/317
f 317/317/317 310/310/310 318/318/318
f 317/317/317 318/318/318 309/309/309
f 313/313/313 319/319/319 312/312/312
f 319/319/319 313/313/313 316/316/316
f 320/320/320 303/303/303 315/315/315
f 320/320/320 307/307/307 303/303/303
f 321/321/321 310/310/310 307/307/307
f 310/310/310 321/321/321 318/318/318
f 318/318/318 321/321/321 322/322/322
f 320/320/320 323/323/323 307/307/307
f 323/323/323 321/321/321 307/307/307
f 324/324/324 320/320/320 315/315/315
f 320/320/320 324/324/324 323/323/323
f 325/325/325 321/321/321 323/323/323
f 324/324/324 325/325/325 323/323/323
f 324/324/324 315/315/315 326/326/326
f 315/315/315 314/314/314 326/326/326
f 321/321/321 327/327/327 322/322/322
f 325/325/325 327/327/327 321/321/321
f 325/325/325 324/324/324 328/328/328
f 328/328/328 324/324/324 326/326/326
f 314/314/314 329/329/329 326/326/326
f 329/329/329 314/314/314 312/312/312
f 325/325/325 330/330/330 327/327/327
f 330/330/330 325/325/325 328/328/328
f 330/330/330 331/331/331 327/327/327
f 322/322/322 327/327/327 331/331/331
f 328/328/328 326/326/326 332/332/332
f 326/326/326 329/329/329 332/332/332
f 333/333/333 330/330/330 328/328/328
f 333/333/333 331/331/331 330/330/330
f 334/334/334 328/328/328 332/332/332
f 333/333/333 328/328/328 334/334/334
f 329/329/329 312/312/312 335/335/335
f 332/332/332 329/329/329 336/336/336
f 329/329/329 335/335/335 336/336/336
f 334/334/334 332/332/332 337/337/337
f 332/332/332 336/336/336 337/337/337
f 312/312/312 338/338/338 335/335/335
f 319/319/319 338/338/338 312/312/312
f 338/338/338 339/339/339 335/335/335
f 338/338/338 319/319/319 339/339/339
f 339/339/339 340/340/340 335/335/335
f 335/335/335 340/340/340 336/336/336
f 319/319/319 341/341/341 339/339/339
f 340/340/340 342/342/342 336/336/336
f 341/341/341 319/319/319 343/343/343
f 344/344/344 341/341/341 343/343/343
f 343/343/343 319/319/319 316/316/316
f 336/336/336 342/342/342 345/345/345
f 345/345/345 337/337/337 336/336/336
f 342/342/342 346/346/346 345/345/345
f 347/347/347 345/345/345 346/346/346
f 337/337/337 345/345/345 347/347/347
f 348/348/348 347/347/347 346/346/346
f 344/344/344 343/343/343 349/349/349
f 350/350/350 344/344/344 349/349/349
f 343/343/343 316/316/316 351/351/351
f 349/349/349 343/343/343 351/351/351
f 351/351/351 316/316/316 293/293/293
f 350/350/350 349/349/349 352/352/352
f 352/352/352 349/349/349 351/351/351
f 353/353/353 350/350/350 352/352/352
f 354/354/354 352/352/352 351/351/351
f 354/354/354 351/351/351 293/293/293
f 352/352/352 355/355/355 353/353/353
f 355/355/355 352/352/352 354/354/354
f 355/355/355 356/356/356 353/353/353
f 357/357/357 337/337/337 347/347/347
f 337/337/337 357/357/357 334/334/334
f 356/356/356 355/355/355 358/358/358
f 359/359/359 356/356/356 358/358/358
f 360/360/360 359/359/359 358/358/358
f 357/357/357 361/361/361 334/334/334
f 334/334/334 361/361/361 333/333/333
f 333/333/333 361/361/361 362/362/362
f 333/333/333 362/362/362 331/331/331
f 363/363/363 361/361/361 357/357/357
f 363/363/363 362/362/362 361/361/361
f 357/357/357 347/347/347 364/364/364
f 364/364/364 363/363/363 357/357/357
f 331/331/331 362/362/362 365/365/365
f 365/365/365 322/322/322 331/331/331
f 362/362/362 363/363/363 366/366/366
f 365/365/365 362/362/362 366/366/366
f 366/366/366 363/363/363 364/364/364
f 367/367/367 360/360/360 358/358/358
f 368/368/368 360/360/360 367/367/367
f 369/369/369 368/368/368 367/367/367
f 369/369/369 367/367/367 370/370/370
f 371/371/371 367/367/367 358/358/358
f 367/367/367 371/371/371 370/370/370
f 371/371/371 358/358/358 372/372/372
f 358/358/358 355/355/355 372/372/372
f 370/370/370 371/371/371 373/373/373
f 371/371/371 372/372/372 373/373/373
f 372/372/372 374/374/374 373/373/373
f 375/375/375 370/370/370 373/373/373
f 355/355/355 376/376/376 372/372/372
f 376/376/376 374/374/374 372/372/372
f 355/355/355 354/354/354 376/376/376
f 375/375/375 373/373/373 377/377/377
f 373/373/373 374/374/374 377/377/377
f 378/378/378 375/375/375 377/377/377
f 376/376/376 354/354/354 379/379/379
f 379/379/379 354/354/354 293/293/293
f 377/377/377 380/380/380 378/378/378
f 380/380/380 381/381/381 378/378/378
f 382/382/382 380/380/380 377/377/377
f 383/383/383 382/382/382 377/377/377
f 374/374/374 383/383/383 377/377/377
f 384/384/384 382/382/382 383/383/383
f 385/385/385 384/384/384 383/383/383
f 383/383/383 374/374/374 385/385/385
f 386/386/386 384/384/384 385/385/385
f 376/376/376 387/387/387 374/374/374
f 376/376/376 379/379/379 387/387/387
f 374/374/374 388/388/388 385/385/385
f 374/374/374 387/387/387 388/388/388
f 389/389/389 386/386/386 385/385/385
f 385/385/385 388/388/388 389/389/389
f 388/388/388 387/387/387 390/390/390
f 388/388/388 390/390/390 389/389/389
f 390/390/390 391/391/391 389/389/389
f 389/389/389 392/392/392 386/386/386
f 391/391/391 392/392/392 389/389/389
f 392/392/392 393/393/393 386/386/386
f 387/387/387 394/394/394 390/390/390
f 387/387/387 379/379/379 394/394/394
f 390/390/390 394/394/394 391/391/391
f 392/392/392 395/395/395 393/393/393
f 395/395/395 396/396/396 393/393/393
f 379/379/379 397/397/397 394/394/394
f 293/293/293 397/397/397 379/379/379
f 398/398/398 394/394/394 397/397/397
f 394/394/394 398/398/398 391/391/391
f 399/399/399 397/397/397 293/293/293
f 399/399/399 398/398/398 397/397/397
f 400/400/400 399/399/399 293/293/293
f 399/399/399 400/400/400 401/401/401
f 402/402/402 399/399/399 401/401/401
f 402/402/402 401/401/401 403/403/403
f 402/402/402 404/404/404 399/399/399
f 404/404/404 398/398/398 399/399/399
f 405/405/405 402/402/402 403/403/403
f 404/404/404 402/402/402 405/405/405
f 405/405/405 403/403/403 406/406/406
f 396/396/396 395/395/395 407/407/407
f 408/408/408 396/396/396 407/407/407
f 408/408/408 407/407/407 409/409/409
f 409/409/409 407/407/407 410/410/410
f 411/411/411 408/408/408 409/409/409
f 412/412/412 411/411/411 409/409/409
f 413/413/413 412/412/412 409/409/409
f 409/409/409 410/410/410 413/413/413
f 410/410/410 414/414/414 413/413/413
f 415/415/415 407/407/407 395/395/395
f 407/407/407 415/415/415 410/410/410
f 410/410/410 416/416/416 414/414/414
f 416/416/416 417/417/417 414/414/414
f 418/418/418 415/415/415 395/395/395
f 418/418/418 395/395/395 392/392/392
f 391/391/391 418/418/418 392/392/392
f 418/418/418 419/419/419 415/415/415
f 419/419/419 418/418/418 391/391/391
f 410/410/410 415/415/415 420/420/420
f 419/419/419 420/420/420 415/415/415
f 421/421/421 419/419/419 391/391/391
f 398/398/398 421/421/421 391/391/391
f 422/422/422 419/419/419 421/421/421
f 420/420/420 419/419/419 422/422/422
f 398/398/398 423/423/423 421/421/421
f 423/423/423 422/422/422 421/421/421
f 398/398/398 404/404/404 423/423/423
f 424/424/424 410/410/410 420/420/420
f 416/416/416 410/410/410 424/424/424
f 425/425/425 420/420/420 422/422/422
f 420/420/420 425/425/425 424/424/424
f 422/422/422 423/423/423 426/426/426
f 423/423/423 404/404/404 426/426/426
f 425/425/425 422/422/422 426/426/426
f 424/424/424 425/425/425 427/427/427
f 416/416/416 424/424/424 427/427/427
f 426/426/426 404/404/404 428/428/428
f 428/428/428 429/429/429 426/426/426
f 428/428/428 404/404/404 405/405/405
f 430/430/430 425/425/425 426/426/426
f 425/425/425 430/430/430 427/427/427
f 426/426/426 429/429/429 430/430/430
f 428/428/428 405/405/405 431/431/431
f 429/429/429 428/428/428 431/431/431
f 431/431/431 405/405/405 406/406/406
f 427/427/427 430/430/430 432/432/432
f 430/430/430 429/429/429 432/432/432
f 427/427/427 433/433/433 416/416/416
f 427/427/427 432/432/432 433/433/433
f 433/433/433 434/434/434 416/416/416
f 416/416/416 434/434/434 417/417/417
f 434/434/434 435/435/435 417/417/417
f 434/434/434 436/436/436 435/435/435
f 436/436/436 437/437/437 435/435/435
f 436/436/436 434/434/434 438/438/438
f 434/434/434 433/433/433 438/438/438
f 438/438/438 433/433/433 432/432/432
f 439/439/439 438/438/438 432/432/432
f 439/439/439 432/432/432 429/429/429
f 440/440/440 439/439/439 429/429/429
f 440/440/440 429/429/429 441/441/441
f 429/429/429 431/431/431 441/441/441
f 441/441/441 431/431/431 442/442/442
f 431/431/431 443/443/443 442/442/442
f 431/431/431 406/406/406 443/443/443
f 443/443/443 444/444/444 442/442/442
f 443/443/443 406/406/406 444/444/444
f 444/444/444 445/445/445 442/442/442
f 406/406/406 446/446/446 444/444/444
f 444/444/444 447/447/447 445/445/445
f 444/444/444 446/446/446 447/447/447
f 447/447/447 448/448/448 445/445/445
f 446/446/446 449/449/449 447/447/447
f 452/452/452 451/451/451 450/450/450
f 453/453/453 452/452/452 450/450/450
f 453/453/453 450/450/450 225/225/225
f 452/452/452 453/453/453 454/454/454
f 455/455/455 453/453/453 225/225/225
f 223/223/223 455/455/455 225/225/225
f 309/309/309 455/455/455 223/223/223
f 453/453/453 455/455/455 456/456/456
f 453/453/453 456/456/456 454/454/454
f 455/455/455 309/309/309 456/456/456
f 454/454/454 456/456/456 457/457/457
f 457/457/457 456/456/456 309/309/309
f 458/458/458 454/454/454 457/457/457
f 458/458/458 457/457/457 459/459/459
f 460/460/460 458/458/458 459/459/459
f 461/461/461 457/457/457 309/309/309
f 318/318/318 461/461/461 309/309/309
f 461/461/461 318/318/318 322/322/322
f 457/457/457 461/461/461 462/462/462
f 462/462/462 461/461/461 322/322/322
f 457/457/457 462/462/462 463/463/463
f 462/462/462 322/322/322 463/463/463
f 457/457/457 463/463/463 459/459/459
f 322/322/322 365/365/365 463/463/463
f 365/365/365 366/366/366 463/463/463
f 366/366/366 464/464/464 463/463/463
f 463/463/463 464/464/464 459/459/459
f 460/460/460 459/459/459 465/465/465
f 466/466/466 460/460/460 465/465/465
f 464/464/464 366/366/366 467/467/467
f 467/467/467 366/366/366 364/364/364
f 466/466/466 465/465/465 468/468/468
f 469/469/469 466/466/466 468/468/468
f 469/469/469 468/468/468 470/470/470
f 468/468/468 471/471/471 470/470/470
f 471/471/471 468/468/468 472/472/472
f 468/468/468 465/465/465 472/472/472
f 473/473/473 471/471/471 472/472/472
f 465/465/465 474/474/474 472/472/472
f 474/474/474 465/465/465 459/459/459
f 475/475/475 474/474/474 459/459/459
f 459/459/459 464/464/464 475/475/475
f 464/464/464 476/476/476 475/475/475
f 464/464/464 467/467/467 476/476/476
f 467/467/467 477/477/477 476/476/476
f 477/477/477 478/478/478 476/476/476
f 467/467/467 364/364/364 477/477/477
f 478/478/478 477/477/477 479/479/479
f 364/364/364 479/479/479 477/477/477
f 480/480/480 478/478/478 479/479/479
f 347/347/347 479/479/479 364/364/364
f 480/480/480 479/479/479 348/348/348
f 479/479/479 347/347/347 348/348/348
f 483/483/483 482/482/482 481/481/481
f 484/484/484 483/483/483 481/481/481
f 484/484/484 481/481/481 485/485/485
f 486/486/486 484/484/484 485/485/485
f 487/487/487 483/483/483 484/484/484
f 487/487/487 484/484/484 486/486/486
f 488/488/488 487/487/487 486/486/486
f 483/483/483 487/487/487 489/489/489
f 487/487/487 488/488/488 490/490/490
f 487/487/487 491/491/491 489/489/489
f 491/491/491 487/487/487 490/490/490
f 491/491/491 492/492/492 489/489/489
f 492/492/492 493/493/493 489/489/489
f 494/494/494 493/493/493 492/492/492
f 495/495/495 493/493/493 494/494/494
f 496/496/496 494/494/494 492/492/492
f 492/492/492 491/491/491 496/496/496
f 497/497/497 491/491/491 490/490/490
f 491/491/491 497/497/497 496/496/496
f 496/496/496 497/497/497 498/498/498
f 499/499/499 497/497/497 490/490/490
f 497/497/497 500/500/500 498/498/498
f 497/497/497 499/499/499 500/500/500
f 499/499/499 501/501/501 500/500/500
f 504/504/504 503/503/503 502/502/502
f 503/503/503 505/505/505 502/502/502
f 502/502/502 505/505/505 506/506/506
f 507/507/507 502/502/502 506/506/506
f 508/508/508 507/507/507 506/506/506
f 505/505/505 503/503/503 509/509/509
f 505/505/505 510/510/510 506/506/506
f 510/510/510 505/505/505 509/509/509
f 503/503/503 511/511/511 509/509/509
f 512/512/512 509/509/509 511/511/511
f 503/503/503 513/513/513 511/511/511
f 513/513/513 514/514/514 511/511/511
f 514/514/514 515/515/515 511/511/511
f 515/515/515 512/512/512 511/511/511
f 516/516/516 515/515/515 514/514/514
f 515/515/515 516/516/516 512/512/512
f 517/517/517 516/516/516 514/514/514
f 517/517/517 518/518/518 516/516/516
f 519/519/519 518/518/518 517/517/517
f 516/516/516 518/518/518 520/520/520
f 521/521/521 516/516/516 520/520/520
f 516/516/516 521/521/521 512/512/512
f 520/520/520 522/522/522 521/521/521
f 510/510/510 509/509/509 523/523/523
f 509/509/509 512/512/512 523/523/523
f 524/524/524 512/512/512 521/521/521
f 522/522/522 525/525/525 521/521/521
f 525/525/525 524/524/524 521/521/521
f 525/525/525 522/522/522 526/526/526
f 526/526/526 522/522/522 527/527/527
f 512/512/512 528/528/528 523/523/523
f 528/528/528 512/512/512 524/524/524
f 525/525/525 529/529/529 524/524/524
f 525/525/525 526/526/526 529/529/529
f 524/524/524 530/530/530 528/528/528
f 529/529/529 530/530/530 524/524/524
f 528/528/528 531/531/531 523/523/523
f 530/530/530 531/531/531 528/528/528
f 532/532/532 530/530/530 529/529/529
f 531/531/531 530/530/530 532/532/532
f 531/531/531 533/533/533 523/523/523
f 533/533/533 510/510/510 523/523/523
f 533/533/533 531/531/531 534/534/534
f 534/534/534 531/531/531 532/532/532
f 535/535/535 532/532/532 529/529/529
f 526/526/526 535/535/535 529/529/529
f 533/533/533 536/536/536 510/510/510
f 536/536/536 533/533/533 534/534/534
f 535/535/535 537/537/537 532/532/532
f 534/534/534 532/532/532 537/537/537
f 526/526/526 538/538/538 535/535/535
f 538/538/538 537/537/537 535/535/535
f 510/510/510 536/536/536 539/539/539
f 510/510/510 539/539/539 506/506/506
f 536/536/536 534/534/534 540/540/540
f 540/540/540 534/534/534 537/537/537
f 536/536/536 540/540/540 539/539/539
f 541/541/541 506/506/506 539/539/539
f 541/541/541 508/508/508 506/506/506
f 542/542/542 539/539/539 540/540/540
f 542/542/542 541/541/541 539/539/539
f 543/543/543 540/540/540 537/537/537
f 543/543/543 542/542/542 540/540/540
f 526/526/526 544/544/544 538/538/538
f 544/544/544 526/526/526 527/527/527
f 545/545/545 537/537/537 538/538/538
f 545/545/545 543/543/543 537/537/537
f 546/546/546 543/543/543 545/545/545
f 547/547/547 545/545/545 538/538/538
f 544/544/544 547/547/547 538/538/538
f 545/545/545 547/547/547 546/546/546
f 548/548/548 544/544/544 527/527/527
f 548/548/548 547/547/547 544/544/544
f 549/549/549 548/548/548 527/527/527
f 548/548/548 549/549/549 550/550/550
f 550/550/550 551/551/551 548/548/548
f 551/551/551 552/552/552 548/548/548
f 552/552/552 547/547/547 548/548/548
f 552/552/552 551/551/551 553/553/553
f 552/552/552 554/554/554 547/547/547
f 554/554/554 552/552/552 553/553/553
f 547/547/547 554/554/554 546/546/546
f 554/554/554 553/553/553 555/555/555
f 553/553/553 556/556/556 555/555/555
f 554/554/554 555/555/555 557/557/557
f 546/546/546 554/554/554 557/557/557
f 558/558/558 555/555/555 556/556/556
f 558/558/558 557/557/557 555/555/555
f 559/559/559 558/558/558 556/556/556
f 559/559/559 560/560/560 558/558/558
f 558/558/558 561/561/561 557/557/557
f 561/561/561 546/546/546 557/557/557
f 560/560/560 562/562/562 558/558/558
f 562/562/562 561/561/561 558/558/558
f 561/561/561 563/563/563 546/546/546
f 561/561/561 562/562/562 563/563/563
f 562/562/562 560/560/560 564/564/564
f 562/562/562 564/564/564 563/563/563
f 560/560/560 565/565/565 564/564/564
f 565/565/565 566/566/566 564/564/564
f 566/566/566 567/567/567 564/564/564
f 563/563/563 564/564/564 567/567/567
f 567/567/567 566/566/566 568/568/568
f 563/563/563 569/569/569 546/546/546
f 569/569/569 543/543/543 546/546/546
f 570/570/570 567/567/567 568/568/568
f 568/568/568 571/571/571 570/570/570
f 572/572/572 563/563/563 567/567/567
f 563/563/563 572/572/572 569/569/569
f 572/572/572 567/567/567 570/570/570
f 543/543/543 569/569/569 573/573/573
f 572/572/572 573/573/573 569/569/569
f 542/542/542 543/543/543 573/573/573
f 573/573/573 572/572/572 574/574/574
f 573/573/573 574/574/574 542/542/542
f 572/572/572 570/570/570 574/574/574
f 574/574/574 541/541/541 542/542/542
f 570/570/570 571/571/571 575/575/575
f 570/570/570 575/575/575 574/574/574
f 541/541/541 574/574/574 575/575/575
f 571/571/571 576/576/576 575/575/575
f 508/508/508 541/541/541 575/575/575
f 508/508/508 575/575/575 576/576/576
f 577/577/577 508/508/508 576/576/576
f 580/580/580 579/579/579 578/578/578
f 579/579/579 581/581/581 578/578/578
f 582/582/582 578/578/578 581/581/581
f 583/583/583 582/582/582 581/581/581
f 583/583/583 584/584/584 582/582/582
f 585/585/585 584/584/584 583/583/583
f 586/586/586 585/585/585 583/583/583
f 587/587/587 586/586/586 583/583/583
f 590/590/590 589/589/589 588/588/588
f 589/589/589 591/591/591 588/588/588
f 588/588/588 591/591/591 592/592/592
f 592/592/592 591/591/591 589/589/589
f 589/589/589 593/593/593 592/592/592
f 593/593/593 594/594/594 592/592/592
f 592/592/592 595/595/595 588/588/588
f 596/596/596 592/592/592 594/594/594
f 597/597/597 596/596/596 594/594/594
f 596/596/596 597/597/597 598/598/598
f 596/596/596 599/599/599 592/592/592
f 599/599/599 596/596/596 598/598/598
f 592/592/592 599/599/599 595/595/595
f 598/598/598 600/600/600 599/599/599
f 599/599/599 601/601/601 595/595/595
f 600/600/600 601/601/601 599/599/599
f 595/595/595 601/601/601 602/602/602
f 600/600/600 602/602/602 601/601/601
f 605/605/605 604/604/604 603/603/603
f 604/604/604 606/606/606 603/603/603
f 603/603/603 606/606/606 607/607/607
f 606/606/606 608/608/608 607/607/607
f 604/604/604 609/609/609 606/606/606
f 606/606/606 609/609/609 608/608/608
f 609/609/609 610/610/610 608/608/608
f 609/609/609 604/604/604 611/611/611
f 610/610/610 609/609/609 612/612/612
f 613/613/613 609/609/609 611/611/611
f 609/609/609 613/613/613 612/612/612
f 614/614/614 613/613/613 611/611/611
f 615/615/615 614/614/614 611/611/611
f 615/615/615 616/616/616 614/614/614
f 615/615/615 617/617/617 616/616/616
f 616/616/616 618/618/618 614/614/614
f 613/613/613 614/614/614 618/618/618
f 613/613/613 619/619/619 612/612/612
f 619/619/619 613/613/613 618/618/618
f 619/619/619 618/618/618 620/620/620
f 619/619/619 621/621/621 612/612/612
f 622/622/622 619/619/619 620/620/620
f 621/621/621 619/619/619 622/622/622
f 623/623/623 621/621/621 622/622/622
f 626/626/626 625/625/625 624/624/624
f 627/627/627 626/626/626 624/624/624
f 627/627/627 624/624/624 628/628/628
f 624/624/624 629/629/629 628/628/628
f 629/629/629 630/630/630 628/628/628
f 626/626/626 627/627/627 631/631/631
f 632/632/632 627/627/627 628/628/628
f 627/627/627 632/632/632 631/631/631
f 633/633/633 626/626/626 631/631/631
f 631/631/631 634/634/634 633/633/633
f 635/635/635 626/626/626 633/633/633
f 636/636/636 635/635/635 633/633/633
f 637/637/637 636/636/636 633/633/633
f 634/634/634 637/637/637 633/633/633
f 637/637/637 638/638/638 636/636/636
f 638/638/638 637/637/637 634/634/634
f 638/638/638 639/639/639 636/636/636
f 640/640/640 639/639/639 638/638/638
f 640/640/640 641/641/641 639/639/639
f 640/640/640 638/638/638 642/642/642
f 638/638/638 643/643/643 642/642/642
f 643/643/643 638/638/638 634/634/634
f 644/644/644 642/642/642 643/643/643
f 631/631/631 632/632/632 645/645/645
f 634/634/634 631/631/631 645/645/645
f 634/634/634 646/646/646 643/643/643
f 647/647/647 644/644/644 643/643/643
f 646/646/646 647/647/647 643/643/643
f 644/644/644 647/647/647 648/648/648
f 644/644/644 648/648/648 649/649/649
f 650/650/650 634/634/634 645/645/645
f 634/634/634 650/650/650 646/646/646
f 651/651/651 647/647/647 646/646/646
f 648/648/648 647/647/647 651/651/651
f 652/652/652 646/646/646 650/650/650
f 652/652/652 651/651/651 646/646/646
f 653/653/653 650/650/650 645/645/645
f 653/653/653 652/652/652 650/650/650
f 652/652/652 654/654/654 651/651/651
f 652/652/652 653/653/653 654/654/654
f 655/655/655 653/653/653 645/645/645
f 632/632/632 655/655/655 645/645/645
f 653/653/653 655/655/655 656/656/656
f 653/653/653 656/656/656 654/654/654
f 654/654/654 657/657/657 651/651/651
f 657/657/657 648/648/648 651/651/651
f 658/658/658 655/655/655 632/632/632
f 655/655/655 658/658/658 656/656/656
f 659/659/659 657/657/657 654/654/654
f 654/654/654 656/656/656 659/659/659
f 660/660/660 648/648/648 657/657/657
f 659/659/659 660/660/660 657/657/657
f 656/656/656 661/661/661 659/659/659
f 656/656/656 658/658/658 661/661/661
f 659/659/659 662/662/662 660/660/660
f 658/658/658 632/632/632 663/663/663
f 661/661/661 658/658/658 663/663/663
f 663/663/663 632/632/632 628/628/628
f 664/664/664 648/648/648 660/660/660
f 648/648/648 664/664/664 649/649/649
f 662/662/662 665/665/665 660/660/660
f 665/665/665 664/664/664 660/660/660
f 665/665/665 662/662/662 666/666/666
f 664/664/664 667/667/667 649/649/649
f 665/665/665 667/667/667 664/664/664
f 667/667/667 668/668/668 649/649/649
f 668/668/668 667/667/667 669/669/669
f 670/670/670 669/669/669 667/667/667
f 671/671/671 670/670/670 667/667/667
f 665/665/665 671/671/671 667/667/667
f 670/670/670 671/671/671 672/672/672
f 673/673/673 671/671/671 665/665/665
f 671/671/671 673/673/673 672/672/672
f 673/673/673 665/665/665 666/666/666
f 672/672/672 673/673/673 674/674/674
f 675/675/675 672/672/672 674/674/674
f 674/674/674 673/673/673 676/676/676
f 673/673/673 666/666/666 676/676/676
f 674/674/674 677/677/677 675/675/675
f 676/676/676 677/677/677 674/674/674
f 677/677/677 678/678/678 675/675/675
f 679/679/679 678/678/678 677/677/677
f 680/680/680 677/677/677 676/676/676
f 666/666/666 680/680/680 676/676/676
f 681/681/681 679/679/679 677/677/677
f 680/680/680 681/681/681 677/677/677
f 679/679/679 681/681/681 682/682/682
f 683/683/683 679/679/679 682/682/682
f 684/684/684 683/683/683 682/682/682
f 681/681/681 680/680/680 685/685/685
f 682/682/682 681/681/681 685/685/685
f 685/685/685 680/680/680 666/666/666
f 686/686/686 684/684/684 682/682/682
f 682/682/682 685/685/685 686/686/686
f 684/684/684 686/686/686 687/687/687
f 686/686/686 688/688/688 687/687/687
f 689/689/689 687/687/687 688/688/688
f 685/685/685 690/690/690 686/686/686
f 686/686/686 690/690/690 688/688/688
f 691/691/691 685/685/685 666/666/666
f 690/690/690 685/685/685 691/691/691
f 689/689/689 688/688/688 692/692/692
f 693/693/693 689/689/689 692/692/692
f 694/694/694 691/691/691 666/666/666
f 694/694/694 666/666/666 695/695/695
f 694/694/694 695/695/695 696/696/696
f 661/661/661 694/694/694 696/696/696
f 697/697/697 690/690/690 691/691/691
f 691/691/691 694/694/694 697/697/697
f 688/688/688 690/690/690 698/698/698
f 690/690/690 697/697/697 698/698/698
f 692/692/692 688/688/688 698/698/698
f 699/699/699 694/694/694 661/661/661
f 694/694/694 699/699/699 697/697/697
f 698/698/698 697/697/697 699/699/699
f 663/663/663 699/699/699 661/661/661
f 700/700/700 698/698/698 699/699/699
f 700/700/700 699/699/699 663/663/663
f 698/698/698 700/700/700 692/692/692
f 628/628/628 700/700/700 663/663/663
f 630/630/630 700/700/700 628/628/628
f 700/700/700 630/630/630 692/692/692
f 692/692/692 630/630/630 693/693/693
f 630/630/630 701/701/701 693/693/693
f 704/704/704 703/703/703 702/702/702
f 705/705/705 704/704/704 702/702/702
f 702/702/702 706/706/706 705/705/705
f 706/706/706 707/707/707 705/705/705
f 708/708/708 707/707/707 706/706/706
f 708/708/708 709/709/709 707/707/707
f 709/709/709 710/710/710 707/707/707
f 710/710/710 711/711/711 707/707/707
f 714/714/714 713/713/713 712/712/712
f 715/715/715 714/714/714 712/712/712
f 716/716/716 715/715/715 712/712/712
f 714/714/714 715/715/715 716/716/716
f 716/716/716 717/717/717 714/714/714
f 716/716/716 718/718/718 717/717/717
f 712/712/712 719/719/719 716/716/716
f 716/716/716 720/720/720 718/718/718
f 720/720/720 721/721/721 718/718/718
f 721/721/721 720/720/720 722/722/722
f 723/723/723 720/720/720 716/716/716
f 720/720/720 723/723/723 722/722/722
f 719/719/719 723/723/723 716/716/716
f 724/724/724 722/722/722 723/723/723
f 719/719/719 725/725/725 723/723/723
f 725/725/725 724/724/724 723/723/723
f 725/725/725 719/719/719 726/726/726
f 726/726/726 724/724/724 725/725/725
f 729/729/729 728/728/728 727/727/727
f 728/728/728 730/730/730 727/727/727
f 731/731/731 727/727/727 730/730/730
f 728/728/728 732/732/732 730/730/730
f 733/733/733 731/731/731 730/730/730
f 732/732/732 734/734/734 730/730/730
f 733/733/733 730/730/730 734/734/734
f 733/733/733 735/735/735 731/731/731
f 735/735/735 736/736/736 731/731/731
f 737/737/737 736/736/736 735/735/735
f 738/738/738 737/737/737 735/735/735
f 737/737/737 738/738/738 739/739/739
f 735/735/735 733/733/733 740/740/740
f 738/738/738 735/735/735 740/740/740
f 734/734/734 732/732/732 741/741/741
f 734/734/734 741/741/741 742/742/742
f 732/732/732 743/743/743 741/741/741
f 744/744/744 733/733/733 734/734/734
f 733/733/733 744/744/744 740/740/740
f 744/744/744 734/734/734 742/742/742
f 742/742/742 740/740/740 744/744/744
f 745/745/745 741/741/741 743/743/743
f 742/742/742 741/741/741 745/745/745
f 746/746/746 745/745/745 743/743/743
f 745/745/745 746/746/746 747/747/747
f 748/748/748 745/745/745 747/747/747
f 748/748/748 747/747/747 749/749/749
f 750/750/750 742/742/742 745/745/745
f 750/750/750 745/745/745 748/748/748
f 751/751/751 740/740/740 742/742/742
f 742/742/742 750/750/750 752/752/752
f 751/751/751 742/742/742 752/752/752
f 753/753/753 750/750/750 748/748/748
f 752/752/752 750/750/750 753/753/753
f 740/740/740 751/751/751 754/754/754
f 754/754/754 738/738/738 740/740/740
f 754/754/754 755/755/755 738/738/738
f 751/751/751 755/755/755 754/754/754
f 755/755/755 756/756/756 738/738/738
f 738/738/738 756/756/756 739/739/739
f 739/739/739 756/756/756 757/757/757
f 756/756/756 758/758/758 757/757/757
f 758/758/758 756/756/756 755/755/755
f 757/757/757 758/758/758 759/759/759
f 758/758/758 760/760/760 759/759/759
f 759/759/759 760/760/760 761/761/761
f 760/760/760 762/762/762 761/761/761
f 763/763/763 758/758/758 755/755/755
f 760/760/760 758/758/758 763/763/763
f 760/760/760 764/764/764 762/762/762
f 764/764/764 760/760/760 763/763/763
f 764/764/764 765/765/765 762/762/762
f 755/755/755 766/766/766 763/763/763
f 766/766/766 755/755/755 751/751/751
f 764/764/764 763/763/763 766/766/766
f 765/765/765 764/764/764 767/767/767
f 767/767/767 764/764/764 766/766/766
f 768/768/768 765/765/765 767/767/767
f 766/766/766 751/751/751 769/769/769
f 767/767/767 766/766/766 769/769/769
f 751/751/751 752/752/752 769/769/769
f 768/768/768 767/767/767 770/770/770
f 770/770/770 767/767/767 769/769/769
f 771/771/771 768/768/768 770/770/770
f 769/769/769 752/752/752 772/772/772
f 772/772/772 752/752/752 753/753/753
f 770/770/770 769/769/769 773/773/773
f 773/773/773 769/769/769 772/772/772
f 771/771/771 770/770/770 774/774/774
f 774/774/774 770/770/770 773/773/773
f 775/775/775 771/771/771 774/774/774
f 776/776/776 775/775/775 774/774/774
f 777/777/777 776/776/776 774/774/774
f 777/777/777 774/774/774 773/773/773
f 778/778/778 776/776/776 777/777/777
f 779/779/779 777/777/777 773/773/773
f 773/773/773 772/772/772 779/779/779
f 780/780/780 778/778/778 777/777/777
f 780/780/780 777/777/777 779/779/779
f 781/781/781 778/778/778 780/780/780
f 772/772/772 753/753/753 782/782/782
f 753/753/753 748/748/748 782/782/782
f 772/772/772 783/783/783 779/779/779
f 783/783/783 772/772/772 782/782/782
f 784/784/784 780/780/780 779/779/779
f 779/779/779 783/783/783 784/784/784
f 785/785/785 781/781/781 780/780/780
f 785/785/785 780/780/780 784/784/784
f 748/748/748 786/786/786 782/782/782
f 786/786/786 748/748/748 749/749/749
f 782/782/782 787/787/787 783/783/783
f 782/782/782 786/786/786 787/787/787
f 788/788/788 786/786/786 749/749/749
f 786/786/786 788/788/788 787/787/787
f 789/789/789 788/788/788 749/749/749
f 783/783/783 790/790/790 784/784/784
f 787/787/787 790/790/790 783/783/783
f 791/791/791 787/787/787 788/788/788
f 787/787/787 791/791/791 790/790/790
f 788/788/788 789/789/789 792/792/792
f 792/792/792 791/791/791 788/788/788
f 789/789/789 793/793/793 792/792/792
f 784/784/784 790/790/790 794/794/794
f 794/794/794 785/785/785 784/784/784
f 792/792/792 793/793/793 795/795/795
f 793/793/793 796/796/796 795/795/795
f 795/795/795 796/796/796 797/797/797
f 790/790/790 798/798/798 794/794/794
f 791/791/791 798/798/798 790/790/790
f 794/794/794 799/799/799 785/785/785
f 794/794/794 798/798/798 799/799/799
f 791/791/791 792/792/792 800/800/800
f 792/792/792 795/795/795 800/800/800
f 801/801/801 798/798/798 791/791/791
f 798/798/798 801/801/801 799/799/799
f 800/800/800 801/801/801 791/791/791
f 799/799/799 802/802/802 785/785/785
f 785/785/785 802/802/802 781/781/781
f 802/802/802 803/803/803 781/781/781
f 799/799/799 801/801/801 804/804/804
f 802/802/802 799/799/799 804/804/804
f 802/802/802 805/805/805 803/803/803
f 805/805/805 802/802/802 804/804/804
f 805/805/805 806/806/806 803/803/803
f 807/807/807 801/801/801 800/800/800
f 801/801/801 807/807/807 804/804/804
f 808/808/808 800/800/800 795/795/795
f 808/808/808 807/807/807 800/800/800
f 806/806/806 805/805/805 809/809/809
f 810/810/810 806/806/806 809/809/809
f 804/804/804 811/811/811 805/805/805
f 804/804/804 807/807/807 811/811/811
f 811/811/811 809/809/809 805/805/805
f 811/811/811 812/812/812 809/809/809
f 810/810/810 809/809/809 813/813/813
f 812/812/812 813/813/813 809/809/809
f 814/814/814 810/810/810 813/813/813
f 814/814/814 813/813/813 815/815/815
f 807/807/807 816/816/816 811/811/811
f 807/807/807 808/808/808 816/816/816
f 811/811/811 816/816/816 812/812/812
f 813/813/813 817/817/817 815/815/815
f 813/813/813 812/812/812 817/817/817
f 815/815/815 817/817/817 818/818/818
f 817/817/817 819/819/819 818/818/818
f 817/817/817 820/820/820 819/819/819
f 812/812/812 820/820/820 817/817/817
f 820/820/820 821/821/821 819/819/819
f 821/821/821 820/820/820 822/822/822
f 820/820/820 812/812/812 822/822/822
f 823/823/823 821/821/821 822/822/822
f 816/816/816 824/824/824 812/812/812
f 812/812/812 824/824/824 822/822/822
f 822/822/822 825/825/825 823/823/823
f 825/825/825 826/826/826 823/823/823
f 826/826/826 825/825/825 827/827/827
f 816/816/816 828/828/828 824/824/824
f 808/808/808 828/828/828 816/816/816
f 822/822/822 824/824/824 829/829/829
f 825/825/825 822/822/822 829/829/829
f 828/828/828 829/829/829 824/824/824
f 825/825/825 830/830/830 827/827/827
f 831/831/831 827/827/827 830/830/830
f 832/832/832 831/831/831 830/830/830
f 833/833/833 832/832/832 830/830/830
f 825/825/825 829/829/829 834/834/834
f 830/830/830 825/825/825 834/834/834
f 834/834/834 833/833/833 830/830/830
f 829/829/829 828/828/828 834/834/834
f 833/833/833 834/834/834 835/835/835
f 828/828/828 836/836/836 834/834/834
f 834/834/834 836/836/836 835/835/835
f 828/828/828 808/808/808 836/836/836
f 835/835/835 836/836/836 797/797/797
f 808/808/808 837/837/837 836/836/836
f 836/836/836 837/837/837 797/797/797
f 837/837/837 808/808/808 795/795/795
f 837/837/837 795/795/795 797/797/797
f 840/840/840 839/839/839 838/838/838
f 841/841/841 840/840/840 838/838/838
f 841/841/841 842/842/842 840/840/840
f 843/843/843 841/841/841 838/838/838
f 842/842/842 841/841/841 843/843/843
f 842/842/842 844/844/844 840/840/840
f 845/845/845 844/844/844 842/842/842
f 846/846/846 843/843/843 838/838/838
f 838/838/838 847/847/847 846/846/846
f 846/846/846 847/847/847 848/848/848
f 843/843/843 846/846/846 848/848/848
f 847/847/847 849/849/849 848/848/848
f 848/848/848 849/849/849 850/850/850
f 851/851/851 848/848/848 850/850/850
f 852/852/852 843/843/843 848/848/848
f 852/852/852 848/848/848 851/851/851
f 853/853/853 851/851/851 850/850/850
f 854/854/854 853/853/853 850/850/850
f 855/855/855 852/852/852 851/851/851
f 851/851/851 853/853/853 855/855/855
f 854/854/854 856/856/856 853/853/853
f 856/856/856 854/854/854 857/857/857
f 853/853/853 858/858/858 855/855/855
f 859/859/859 852/852/852 855/855/855
f 859/859/859 855/855/855 858/858/858
f 860/860/860 858/858/858 853/853/853
f 856/856/856 860/860/860 853/853/853
f 861/861/861 860/860/860 856/856/856
f 862/862/862 859/859/859 858/858/858
f 860/860/860 862/862/862 858/858/858
f 860/860/860 861/861/861 862/862/862
f 861/861/861 863/863/863 862/862/862
f 863/863/863 861/861/861 864/864/864
f 861/861/861 865/865/865 864/864/864
f 866/866/866 852/852/852 859/859/859
f 867/867/867 865/865/865 861/861/861
f 868/868/868 867/867/867 857/857/857
f 869/869/869 861/861/861 856/856/856
f 869/869/869 856/856/856 857/857/857
f 867/867/867 869/869/869 857/857/857
f 869/869/869 867/867/867 861/861/861
f 866/866/866 870/870/870 852/852/852
f 852/852/852 870/870/870 843/843/843
f 870/870/870 866/866/866 871/871/871
f 866/866/866 872/872/872 871/871/871
f 870/870/870 873/873/873 843/843/843
f 870/870/870 871/871/871 873/873/873
f 873/873/873 842/842/842 843/843/843
f 874/874/874 871/871/871 872/872/872
f 875/875/875 874/874/874 872/872/872
f 874/874/874 875/875/875 876/876/876
f 871/871/871 877/877/877 873/873/873
f 871/871/871 874/874/874 877/877/877
f 877/877/877 878/878/878 873/873/873
f 874/874/874 879/879/879 877/877/877
f 877/877/877 879/879/879 878/878/878
f 842/842/842 873/873/873 880/880/880
f 878/878/878 880/880/880 873/873/873
f 881/881/881 874/874/874 876/876/876
f 874/874/874 881/881/881 879/879/879
f 882/882/882 842/842/842 880/880/880
f 882/882/882 845/845/845 842/842/842
f 883/883/883 882/882/882 880/880/880
f 883/883/883 880/880/880 878/878/878
f 882/882/882 884/884/884 845/845/845
f 882/882/882 883/883/883 884/884/884
f 884/884/884 885/885/885 845/845/845
f 883/883/883 886/886/886 884/884/884
f 886/886/886 883/883/883 887/887/887
f 887/887/887 883/883/883 878/878/878
f 888/888/888 886/886/886 887/887/887
f 887/887/887 889/889/889 888/888/888
f 890/890/890 887/887/887 878/878/878
f 890/890/890 889/889/889 887/887/887
f 891/891/891 890/890/890 878/878/878
f 879/879/879 891/891/891 878/878/878
f 889/889/889 890/890/890 892/892/892
f 890/890/890 891/891/891 892/892/892
f 893/893/893 889/889/889 892/892/892
f 893/893/893 892/892/892 894/894/894
f 895/895/895 893/893/893 894/894/894
f 891/891/891 896/896/896 892/892/892
f 892/892/892 896/896/896 894/894/894
f 894/894/894 897/897/897 895/895/895
f 895/895/895 897/897/897 898/898/898
f 896/896/896 891/891/891 899/899/899
f 891/891/891 879/879/879 899/899/899
f 896/896/896 900/900/900 894/894/894
f 897/897/897 894/894/894 900/900/900
f 896/896/896 899/899/899 900/900/900
f 897/897/897 901/901/901 898/898/898
f 898/898/898 901/901/901 902/902/902
f 898/898/898 902/902/902 903/903/903
f 903/903/903 902/902/902 904/904/904
f 905/905/905 904/904/904 902/902/902
f 906/906/906 905/905/905 902/902/902
f 906/906/906 902/902/902 901/901/901
f 907/907/907 905/905/905 906/906/906
f 908/908/908 901/901/901 897/897/897
f 908/908/908 906/906/906 901/901/901
f 909/909/909 907/907/907 906/906/906
f 906/906/906 908/908/908 909/909/909
f 909/909/909 910/910/910 907/907/907
f 911/911/911 910/910/910 909/909/909
f 912/912/912 908/908/908 897/897/897
f 912/912/912 897/897/897 900/900/900
f 908/908/908 913/913/913 909/909/909
f 911/911/911 909/909/909 913/913/913
f 913/913/913 908/908/908 912/912/912
f 913/913/913 914/914/914 911/911/911
f 914/914/914 913/913/913 912/912/912
f 912/912/912 900/900/900 914/914/914
f 914/914/914 915/915/915 911/911/911
f 900/900/900 916/916/916 914/914/914
f 916/916/916 915/915/915 914/914/914
f 899/899/899 916/916/916 900/900/900
f 916/916/916 899/899/899 915/915/915
f 899/899/899 917/917/917 915/915/915
f 899/899/899 879/879/879 917/917/917
f 879/879/879 918/918/918 917/917/917
f 881/881/881 918/918/918 879/879/879
f 917/917/917 918/918/918 919/919/919
f 918/918/918 881/881/881 919/919/919
f 920/920/920 917/917/917 919/919/919
f 881/881/881 921/921/921 919/919/919
f 921/921/921 881/881/881 876/876/876
f 922/922/922 921/921/921 876/876/876
f 920/920/920 919/919/919 923/923/923
f 923/923/923 919/919/919 921/921/921
f 920/920/920 923/923/923 924/924/924
f 922/922/922 925/925/925 921/921/921
f 925/925/925 923/923/923 921/921/921
f 922/922/922 926/926/926 925/925/925
f 923/923/923 927/927/927 924/924/924
f 927/927/927 923/923/923 925/925/925
f 924/924/924 927/927/927 928/928/928
f 924/924/924 928/928/928 929/929/929
f 930/930/930 927/927/927 925/925/925
f 926/926/926 930/930/930 925/925/925
f 928/928/928 927/927/927 930/930/930
f 926/926/926 931/931/931 930/930/930
f 931/931/931 928/928/928 930/930/930
f 931/931/931 926/926/926 932/932/932
f 928/928/928 931/931/931 932/932/932
f 926/926/926 933/933/933 932/932/932
f 933/933/933 934/934/934 932/932/932
f 928/928/928 935/935/935 929/929/929
f 935/935/935 928/928/928 932/932/932
f 929/929/929 935/935/935 936/936/936
f 935/935/935 937/937/937 936/936/936
f 935/935/935 932/932/932 937/937/937
f 936/936/936 937/937/937 938/938/938
f 938/938/938 937/937/937 939/939/939
f 934/934/934 940/940/940 932/932/932
f 939/939/939 940/940/940 934/934/934
f 932/932/932 940/940/940 937/937/937
f 937/937/937 940/940/940 939/939/939
f 943/943/943 942/942/942 941/941/941
f 944/944/944 943/943/943 941/941/941
f 944/944/944 941/941/941 945/945/945
f 941/941/941 946/946/946 945/945/945
f 945/945/945 946/946/946 947/947/947
f 947/947/947 948/948/948 945/945/945
f 948/948/948 949/949/949 945/945/945
f 944/944/944 945/945/945 949/949/949
f 949/949/949 948/948/948 950/950/950
f 948/948/948 951/951/951 950/950/950
f 950/950/950 951/951/951 952/952/952
f 951/951/951 953/953/953 952/952/952
f 950/950/950 952/952/952 954/954/954
f 955/955/955 950/950/950 954/954/954
f 949/949/949 950/950/950 955/955/955
f 955/955/955 954/954/954 956/956/956
f 957/957/957 944/944/944 949/949/949
f 957/957/957 949/949/949 955/955/955
f 957/957/957 958/958/958 944/944/944
f 958/958/958 957/957/957 955/955/955
f 958/958/958 943/943/943 944/944/944
f 959/959/959 955/955/955 956/956/956
f 959/959/959 958/958/958 955/955/955
f 956/956/956 960/960/960 959/959/959
f 960/960/960 961/961/961 959/959/959
f 958/958/958 959/959/959 961/961/961
f 962/962/962 958/958/958 961/961/961
f 958/958/958 962/962/962 943/943/943
f 962/962/962 963/963/963 943/943/943
f 966/966/966 965/965/965 964/964/964
f 967/967/967 966/966/966 964/964/964
f 967/967/967 964/964/964 968/968/968
f 969/969/969 966/966/966 967/967/967
f 970/970/970 967/967/967 968/968/968
f 967/967/967 970/970/970 969/969/969
f 971/971/971 970/970/970 968/968/968
f 970/970/970 972/972/972 969/969/969
f 973/973/973 970/970/970 971/971/971
f 970/970/970 973/973/973 972/972/972
f 969/969/969 972/972/972 974/974/974
f 975/975/975 969/969/969 974/974/974
f 975/975/975 974/974/974 976/976/976
f 977/977/977 975/975/975 976/976/976
f 977/977/977 976/976/976 978/978/978
f 976/976/976 979/979/979 978/978/978
f 976/976/976 980/980/980 979/979/979
f 976/976/976 974/974/974 980/980/980
f 980/980/980 981/981/981 979/979/979
f 981/981/981 980/980/980 982/982/982
f 974/974/974 983/983/983 980/980/980
f 980/980/980 983/983/983 982/982/982
f 972/972/972 983/983/983 974/974/974
f 983/983/983 984/984/984 982/982/982
f 984/984/984 983/983/983 985/985/985
f 986/986/986 984/984/984 985/985/985
f 986/986/986 985/985/985 987/987/987
f 988/988/988 983/983/983 972/972/972
f 985/985/985 983/983/983 988/988/988
f 989/989/989 988/988/988 972/972/972
f 973/973/973 989/989/989 972/972/972
f 985/985/985 990/990/990 987/987/987
f 987/987/987 990/990/990 991/991/991
f 992/992/992 987/987/987 991/991/991
f 990/990/990 985/985/985 993/993/993
f 991/991/991 990/990/990 993/993/993
f 994/994/994 985/985/985 988/988/988
f 985/985/985 994/994/994 993/993/993
f 995/995/995 994/994/994 988/988/988
f 989/989/989 995/995/995 988/988/988
f 993/993/993 994/994/994 995/995/995
f 991/991/991 996/996/996 992/992/992
f 996/996/996 997/997/997 992/992/992
f 997/997/997 996/996/996 998/998/998
f 999/999/999 997/997/997 998/998/998
f 1000/1000/1000 999/999/999 998/998/998
f 1000/1000/1000 998/998/998 1001/1001/1001
f 1002/1002/1002 996/996/996 991/991/991
f 998/998/998 996/996/996 1002/1002/1002
f 998/998/998 1003/1003/1003 1001/1001/1001
f 1003/1003/1003 998/998/998 1002/1002/1002
f 1003/1003/1003 1004/1004/1004 1001/1001/1001
f 1005/1005/1005 1004/1004/1004 1003/1003/1003
f 1002/1002/1002 1005/1005/1005 1003/1003/1003
f 1005/1005/1005 1002/1002/1002 1006/1006/1006
f 1007/1007/1007 1002/1002/1002 991/991/991
f 1002/1002/1002 1007/1007/1007 1006/1006/1006
f 1007/1007/1007 991/991/991 993/993/993
f 1008/1008/1008 1006/1006/1006 1007/1007/1007
f 993/993/993 1008/1008/1008 1007/1007/1007
f 993/993/993 995/995/995 1008/1008/1008
f 995/995/995 1009/1009/1009 1008/1008/1008
f 1009/1009/1009 995/995/995 1010/1010/1010
f 995/995/995 989/989/989 1010/1010/1010
f 1010/1010/1010 989/989/989 1011/1011/1011
f 989/989/989 973/973/973 1011/1011/1011
f 973/973/973 1012/1012/1012 1011/1011/1011
f 1012/1012/1012 1013/1013/1013 1011/1011/1011
f 1012/1012/1012 973/973/973 971/971/971
f 971/971/971 1014/1014/1014 1012/1012/1012
f 1014/1014/1014 971/971/971 1015/1015/1015
f 1016/1016/1016 1014/1014/1014 1015/1015/1015
f 1014/1014/1014 1016/1016/1016 1017/1017/1017
f 1013/1013/1013 1012/1012/1012 1018/1018/1018
f 1014/1014/1014 1018/1018/1018 1012/1012/1012
f 1019/1019/1019 1018/1018/1018 1014/1014/1014
f 1020/1020/1020 1013/1013/1013 1018/1018/1018
f 1020/1020/1020 1018/1018/1018 1019/1019/1019
f 1021/1021/1021 1020/1020/1020 1019/1019/1019
f 1022/1022/1022 1021/1021/1021 1019/1019/1019
f 1023/1023/1023 1014/1014/1014 1017/1017/1017
f 1023/1023/1023 1019/1019/1019 1014/1014/1014
f 1023/1023/1023 1017/1017/1017 1024/1024/1024
f 1025/1025/1025 1023/1023/1023 1024/1024/1024
f 1023/1023/1023 1025/1025/1025 1019/1019/1019
f 1024/1024/1024 1026/1026/1026 1025/1025/1025
f 1025/1025/1025 1026/1026/1026 1027/1027/1027
f 1027/1027/1027 1028/1028/1028 1025/1025/1025
f 1029/1029/1029 1022/1022/1022 1019/1019/1019
f 1025/1025/1025 1029/1029/1029 1019/1019/1019
f 1028/1028/1028 1029/1029/1029 1025/1025/1025
f 1022/1022/1022 1029/1029/1029 1030/1030/1030
f 1030/1030/1030 1029/1029/1029 1028/1028/1028
f 1033/1033/1033 1032/1032/1032 1031/1031/1031
f 1034/1034/1034 1033/1033/1033 1031/1031/1031
f 1031/1031/1031 1035/1035/1035 1034/1034/1034
f 1036/1036/1036 1033/1033/1033 1034/1034/1034
f 1035/1035/1035 1037/1037/1037 1034/1034/1034
f 1038/1038/1038 1036/1036/1036 1034/1034/1034
f 1034/1034/1034 1037/1037/1037 1038/1038/1038
f 1039/1039/1039 1037/1037/1037 1035/1035/1035
f 1040/1040/1040 1039/1039/1039 1035/1035/1035
f 1040/1040/1040 1041/1041/1041 1039/1039/1039
f 1041/1041/1041 1042/1042/1042 1039/1039/1039
f 1042/1042/1042 1041/1041/1041 1043/1043/1043
f 1037/1037/1037 1039/1039/1039 1044/1044/1044
f 1039/1039/1039 1042/1042/1042 1044/1044/1044
f 1036/1036/1036 1038/1038/1038 1045/1045/1045
f 1045/1045/1045 1038/1038/1038 1046/1046/1046
f 1047/1047/1047 1036/1036/1036 1045/1045/1045
f 1037/1037/1037 1048/1048/1048 1038/1038/1038
f 1048/1048/1048 1037/1037/1037 1044/1044/1044
f 1038/1038/1038 1048/1048/1048 1046/1046/1046
f 1044/1044/1044 1046/1046/1046 1048/1048/1048
f 1045/1045/1045 1049/1049/1049 1047/1047/1047
f 1045/1045/1045 1046/1046/1046 1049/1049/1049
f 1049/1049/1049 1050/1050/1050 1047/1047/1047
f 1050/1050/1050 1049/1049/1049 1051/1051/1051
f 1049/1049/1049 1052/1052/1052 1051/1051/1051
f 1051/1051/1051 1052/1052/1052 1053/1053/1053
f 1046/1046/1046 1054/1054/1054 1049/1049/1049
f 1049/1049/1049 1054/1054/1054 1052/1052/1052
f 1044/1044/1044 1055/1055/1055 1046/1046/1046
f 1054/1054/1054 1046/1046/1046 1056/1056/1056
f 1046/1046/1046 1055/1055/1055 1056/1056/1056
f 1054/1054/1054 1057/1057/1057 1052/1052/1052
f 1054/1054/1054 1056/1056/1056 1057/1057/1057
f 1055/1055/1055 1044/1044/1044 1058/1058/1058
f 1042/1042/1042 1058/1058/1058 1044/1044/1044
f 1059/1059/1059 1058/1058/1058 1042/1042/1042
f 1059/1059/1059 1055/1055/1055 1058/1058/1058
f 1060/1060/1060 1059/1059/1059 1042/1042/1042
f 1060/1060/1060 1042/1042/1042 1043/1043/1043
f 1060/1060/1060 1043/1043/1043 1061/1061/1061
f 1062/1062/1062 1060/1060/1060 1061/1061/1061
f 1060/1060/1060 1062/1062/1062 1059/1059/1059
f 1062/1062/1062 1061/1061/1061 1063/1063/1063
f 1064/1064/1064 1062/1062/1062 1063/1063/1063
f 1064/1064/1064 1063/1063/1063 1065/1065/1065
f 1066/1066/1066 1064/1064/1064 1065/1065/1065
f 1062/1062/1062 1067/1067/1067 1059/1059/1059
f 1062/1062/1062 1064/1064/1064 1067/1067/1067
f 1068/1068/1068 1064/1064/1064 1066/1066/1066
f 1064/1064/1064 1068/1068/1068 1067/1067/1067
f 1069/1069/1069 1068/1068/1068 1066/1066/1066
f 1070/1070/1070 1059/1059/1059 1067/1067/1067
f 1059/1059/1059 1070/1070/1070 1055/1055/1055
f 1067/1067/1067 1068/1068/1068 1070/1070/1070
f 1068/1068/1068 1069/1069/1069 1071/1071/1071
f 1068/1068/1068 1071/1071/1071 1070/1070/1070
f 1069/1069/1069 1072/1072/1072 1071/1071/1071
f 1055/1055/1055 1070/1070/1070 1073/1073/1073
f 1070/1070/1070 1071/1071/1071 1073/1073/1073
f 1056/1056/1056 1055/1055/1055 1073/1073/1073
f 1071/1071/1071 1072/1072/1072 1074/1074/1074
f 1071/1071/1071 1074/1074/1074 1073/1073/1073
f 1072/1072/1072 1075/1075/1075 1074/1074/1074
f 1056/1056/1056 1073/1073/1073 1076/1076/1076
f 1056/1056/1056 1076/1076/1076 1057/1057/1057
f 1073/1073/1073 1074/1074/1074 1077/1077/1077
f 1073/1073/1073 1077/1077/1077 1076/1076/1076
f 1074/1074/1074 1075/1075/1075 1078/1078/1078
f 1074/1074/1074 1078/1078/1078 1077/1077/1077
f 1075/1075/1075 1079/1079/1079 1078/1078/1078
f 1079/1079/1079 1080/1080/1080 1078/1078/1078
f 1080/1080/1080 1081/1081/1081 1078/1078/1078
f 1078/1078/1078 1081/1081/1081 1077/1077/1077
f 1080/1080/1080 1082/1082/1082 1081/1081/1081
f 1081/1081/1081 1083/1083/1083 1077/1077/1077
f 1076/1076/1076 1077/1077/1077 1083/1083/1083
f 1082/1082/1082 1084/1084/1084 1081/1081/1081
f 1081/1081/1081 1084/1084/1084 1083/1083/1083
f 1082/1082/1082 1085/1085/1085 1084/1084/1084
f 1057/1057/1057 1076/1076/1076 1086/1086/1086
f 1052/1052/1052 1057/1057/1057 1086/1086/1086
f 1087/1087/1087 1076/1076/1076 1083/1083/1083
f 1076/1076/1076 1087/1087/1087 1086/1086/1086
f 1084/1084/1084 1088/1088/1088 1083/1083/1083
f 1087/1087/1087 1083/1083/1083 1088/1088/1088
f 1085/1085/1085 1089/1089/1089 1084/1084/1084
f 1084/1084/1084 1089/1089/1089 1088/1088/1088
f 1090/1090/1090 1052/1052/1052 1086/1086/1086
f 1052/1052/1052 1090/1090/1090 1053/1053/1053
f 1091/1091/1091 1086/1086/1086 1087/1087/1087
f 1090/1090/1090 1086/1086/1086 1091/1091/1091
f 1090/1090/1090 1092/1092/1092 1053/1053/1053
f 1092/1092/1092 1090/1090/1090 1091/1091/1091
f 1092/1092/1092 1093/1093/1093 1053/1053/1053
f 1094/1094/1094 1087/1087/1087 1088/1088/1088
f 1094/1094/1094 1091/1091/1091 1087/1087/1087
f 1093/1093/1093 1092/1092/1092 1095/1095/1095
f 1096/1096/1096 1093/1093/1093 1095/1095/1095
f 1091/1091/1091 1097/1097/1097 1092/1092/1092
f 1097/1097/1097 1091/1091/1091 1094/1094/1094
f 1097/1097/1097 1095/1095/1095 1092/1092/1092
f 1094/1094/1094 1088/1088/1088 1098/1098/1098
f 1089/1089/1089 1098/1098/1098 1088/1088/1088
f 1096/1096/1096 1095/1095/1095 1099/1099/1099
f 1100/1100/1100 1096/1096/1096 1099/1099/1099
f 1100/1100/1100 1099/1099/1099 1101/1101/1101
f 1102/1102/1102 1094/1094/1094 1098/1098/1098
f 1102/1102/1102 1097/1097/1097 1094/1094/1094
f 1103/1103/1103 1098/1098/1098 1089/1089/1089
f 1102/1102/1102 1098/1098/1098 1103/1103/1103
f 1095/1095/1095 1097/1097/1097 1104/1104/1104
f 1099/1099/1099 1095/1095/1095 1104/1104/1104
f 1102/1102/1102 1105/1105/1105 1097/1097/1097
f 1105/1105/1105 1102/1102/1102 1103/1103/1103
f 1105/1105/1105 1104/1104/1104 1097/1097/1097
f 1106/1106/1106 1103/1103/1103 1089/1089/1089
f 1106/1106/1106 1089/1089/1089 1085/1085/1085
f 1107/1107/1107 1106/1106/1106 1085/1085/1085
f 1105/1105/1105 1103/1103/1103 1108/1108/1108
f 1103/1103/1103 1106/1106/1106 1108/1108/1108
f 1109/1109/1109 1106/1106/1106 1107/1107/1107
f 1106/1106/1106 1109/1109/1109 1108/1108/1108
f 1110/1110/1110 1109/1109/1109 1107/1107/1107
f 1105/1105/1105 1111/1111/1111 1104/1104/1104
f 1111/1111/1111 1105/1105/1105 1108/1108/1108
f 1104/1104/1104 1112/1112/1112 1099/1099/1099
f 1111/1111/1111 1112/1112/1112 1104/1104/1104
f 1109/1109/1109 1110/1110/1110 1113/1113/1113
f 1110/1110/1110 1114/1114/1114 1113/1113/1113
f 1115/1115/1115 1108/1108/1108 1109/1109/1109
f 1111/1111/1111 1108/1108/1108 1115/1115/1115
f 1113/1113/1113 1115/1115/1115 1109/1109/1109
f 1116/1116/1116 1115/1115/1115 1113/1113/1113
f 1113/1113/1113 1114/1114/1114 1117/1117/1117
f 1117/1117/1117 1116/1116/1116 1113/1113/1113
f 1114/1114/1114 1118/1118/1118 1117/1117/1117
f 1117/1117/1117 1118/1118/1118 1119/1119/1119
f 1120/1120/1120 1111/1111/1111 1115/1115/1115
f 1112/1112/1112 1111/1111/1111 1120/1120/1120
f 1120/1120/1120 1115/1115/1115 1116/1116/1116
f 1121/1121/1121 1117/1117/1117 1119/1119/1119
f 1116/1116/1116 1117/1117/1117 1121/1121/1121
f 1121/1121/1121 1119/1119/1119 1122/1122/1122
f 1123/1123/1123 1121/1121/1121 1122/1122/1122
f 1124/1124/1124 1121/1121/1121 1123/1123/1123
f 1124/1124/1124 1116/1116/1116 1121/1121/1121
f 1125/1125/1125 1124/1124/1124 1123/1123/1123
f 1124/1124/1124 1125/1125/1125 1126/1126/1126
f 1116/1116/1116 1124/1124/1124 1126/1126/1126
f 1125/1125/1125 1127/1127/1127 1126/1126/1126
f 1128/1128/1128 1120/1120/1120 1116/1116/1116
f 1128/1128/1128 1116/1116/1116 1126/1126/1126
f 1129/1129/1129 1126/1126/1126 1127/1127/1127
f 1130/1130/1130 1129/1129/1129 1127/1127/1127
f 1129/1129/1129 1130/1130/1130 1131/1131/1131
f 1132/1132/1132 1120/1120/1120 1128/1128/1128
f 1132/1132/1132 1112/1112/1112 1120/1120/1120
f 1128/1128/1128 1126/1126/1126 1133/1133/1133
f 1126/1126/1126 1129/1129/1129 1133/1133/1133
f 1133/1133/1133 1132/1132/1132 1128/1128/1128
f 1134/1134/1134 1129/1129/1129 1131/1131/1131
f 1131/1131/1131 1135/1135/1135 1134/1134/1134
f 1135/1135/1135 1136/1136/1136 1134/1134/1134
f 1136/1136/1136 1137/1137/1137 1134/1134/1134
f 1133/1133/1133 1129/1129/1129 1138/1138/1138
f 1129/1129/1129 1134/1134/1134 1138/1138/1138
f 1137/1137/1137 1138/1138/1138 1134/1134/1134
f 1132/1132/1132 1133/1133/1133 1138/1138/1138
f 1138/1138/1138 1137/1137/1137 1139/1139/1139
f 1140/1140/1140 1132/1132/1132 1138/1138/1138
f 1140/1140/1140 1138/1138/1138 1139/1139/1139
f 1112/1112/1112 1132/1132/1132 1140/1140/1140
f 1140/1140/1140 1139/1139/1139 1101/1101/1101
f 1141/1141/1141 1112/1112/1112 1140/1140/1140
f 1141/1141/1141 1140/1140/1140 1101/1101/1101
f 1112/1112/1112 1141/1141/1141 1099/1099/1099
f 1099/1099/1099 1141/1141/1141 1101/1101/1101
f 1144/1144/1144 1143/1143/1143 1142/1142/1142
f 1143/1143/1143 1145/1145/1145 1142/1142/1142
f 1145/1145/1145 1143/1143/1143 1146/1146/1146
f 1147/1147/1147 1145/1145/1145 1146/1146/1146
f 1146/1146/1146 1148/1148/1148 1147/1147/1147
f 1148/1148/1148 1149/1149/1149 1147/1147/1147
f 1150/1150/1150 1147/1147/1147 1149/1149/1149
f 1145/1145/1145 1147/1147/1147 1150/1150/1150
f 1151/1151/1151 1150/1150/1150 1149/1149/1149
f 1152/1152/1152 1150/1150/1150 1151/1151/1151
f 1153/1153/1153 1152/1152/1152 1151/1151/1151
f 1154/1154/1154 1152/1152/1152 1153/1153/1153
f 1155/1155/1155 1154/1154/1154 1153/1153/1153
f 1154/1154/1154 1156/1156/1156 1152/1152/1152
f 1152/1152/1152 1157/1157/1157 1150/1150/1150
f 1156/1156/1156 1157/1157/1157 1152/1152/1152
f 1158/1158/1158 1145/1145/1145 1150/1150/1150
f 1157/1157/1157 1158/1158/1158 1150/1150/1150
f 1145/1145/1145 1158/1158/1158 1159/1159/1159
f 1159/1159/1159 1158/1158/1158 1157/1157/1157
f 1142/1142/1142 1145/1145/1145 1159/1159/1159
f 1157/1157/1157 1156/1156/1156 1160/1160/1160
f 1160/1160/1160 1159/1159/1159 1157/1157/1157
f 1156/1156/1156 1161/1161/1161 1160/1160/1160
f 1162/1162/1162 1160/1160/1160 1161/1161/1161
f 1162/1162/1162 1163/1163/1163 1160/1160/1160
f 1163/1163/1163 1159/1159/1159 1160/1160/1160
f 1142/1142/1142 1159/1159/1159 1163/1163/1163
f 1164/1164/1164 1142/1142/1142 1163/1163/1163
f 1167/1167/1167 1166/1166/1166 1165/1165/1165
f 1168/1168/1168 1167/1167/1167 1165/1165/1165
f 1167/1167/1167 1168/1168/1168 1169/1169/1169
f 1170/1170/1170 1167/1167/1167 1169/1169/1169
f 1170/1170/1170 1169/1169/1169 1171/1171/1171
f 1169/1169/1169 1172/1172/1172 1171/1171/1171
f 1172/1172/1172 1169/1169/1169 1173/1173/1173
f 1174/1174/1174 1168/1168/1168 1165/1165/1165
f 1169/1169/1169 1168/1168/1168 1174/1174/1174
f 1175/1175/1175 1174/1174/1174 1165/1165/1165
f 1169/1169/1169 1176/1176/1176 1173/1173/1173
f 1176/1176/1176 1169/1169/1169 1174/1174/1174
f 1174/1174/1174 1175/1175/1175 1177/1177/1177
f 1176/1176/1176 1174/1174/1174 1177/1177/1177
f 1177/1177/1177 1175/1175/1175 1178/1178/1178
f 1173/1173/1173 1176/1176/1176 1179/1179/1179
f 1179/1179/1179 1176/1176/1176 1177/1177/1177
f 1180/1180/1180 1173/1173/1173 1179/1179/1179
f 1179/1179/1179 1177/1177/1177 1181/1181/1181
f 1181/1181/1181 1180/1180/1180 1179/1179/1179
f 1182/1182/1182 1177/1177/1177 1178/1178/1178
f 1177/1177/1177 1182/1182/1182 1181/1181/1181
f 1183/1183/1183 1180/1180/1180 1181/1181/1181
f 1183/1183/1183 1181/1181/1181 1182/1182/1182
f 1183/1183/1183 1184/1184/1184 1180/1180/1180
f 1185/1185/1185 1182/1182/1182 1178/1178/1178
f 1185/1185/1185 1183/1183/1183 1182/1182/1182
f 1186/1186/1186 1183/1183/1183 1185/1185/1185
f 1187/1187/1187 1185/1185/1185 1178/1178/1178
f 1187/1187/1187 1188/1188/1188 1185/1185/1185
f 1188/1188/1188 1189/1189/1189 1185/1185/1185
f 1189/1189/1189 1186/1186/1186 1185/1185/1185
f 1188/1188/1188 1190/1190/1190 1189/1189/1189
f 1186/1186/1186 1189/1189/1189 1190/1190/1190
f 1191/1191/1191 1184/1184/1184 1183/1183/1183
f 1191/1191/1191 1183/1183/1183 1186/1186/1186
f 1184/1184/1184 1191/1191/1191 1192/1192/1192
f 1193/1193/1193 1184/1184/1184 1192/1192/1192
f 1194/1194/1194 1191/1191/1191 1186/1186/1186
f 1192/1192/1192 1191/1191/1191 1194/1194/1194
f 1195/1195/1195 1194/1194/1194 1186/1186/1186
f 1196/1196/1196 1186/1186/1186 1190/1190/1190
f 1196/1196/1196 1195/1195/1195 1186/1186/1186
f 1197/1197/1197 1196/1196/1196 1190/1190/1190
f 1195/1195/1195 1196/1196/1196 1197/1197/1197
f 1198/1198/1198 1197/1197/1197 1190/1190/1190
f 1199/1199/1199 1195/1195/1195 1197/1197/1197
f 1199/1199/1199 1200/1200/1200 1195/1195/1195
f 1192/1192/1192 1201/1201/1201 1193/1193/1193
f 1201/1201/1201 1202/1202/1202 1193/1193/1193
f 1202/1202/1202 1201/1201/1201 1203/1203/1203
f 1204/1204/1204 1192/1192/1192 1194/1194/1194
f 1201/1201/1201 1192/1192/1192 1204/1204/1204
f 1205/1205/1205 1204/1204/1204 1194/1194/1194
f 1206/1206/1206 1201/1201/1201 1204/1204/1204
f 1206/1206/1206 1204/1204/1204 1205/1205/1205
f 1194/1194/1194 1195/1195/1195 1207/1207/1207
f 1207/1207/1207 1205/1205/1205 1194/1194/1194
f 1200/1200/1200 1208/1208/1208 1195/1195/1195
f 1195/1195/1195 1208/1208/1208 1207/1207/1207
f 1201/1201/1201 1209/1209/1209 1203/1203/1203
f 1209/1209/1209 1201/1201/1201 1206/1206/1206
f 1210/1210/1210 1208/1208/1208 1200/1200/1200
f 1211/1211/1211 1210/1210/1210 1200/1200/1200
f 1208/1208/1208 1212/1212/1212 1207/1207/1207
f 1212/1212/1212 1208/1208/1208 1210/1210/1210
f 1207/1207/1207 1212/1212/1212 1205/1205/1205
f 1213/1213/1213 1212/1212/1212 1210/1210/1210
f 1212/1212/1212 1213/1213/1213 1214/1214/1214
f 1212/1212/1212 1214/1214/1214 1205/1205/1205
f 1213/1213/1213 1215/1215/1215 1214/1214/1214
f 1216/1216/1216 1214/1214/1214 1215/1215/1215
f 1214/1214/1214 1217/1217/1217 1205/1205/1205
f 1216/1216/1216 1217/1217/1217 1214/1214/1214
f 1217/1217/1217 1218/1218/1218 1205/1205/1205
f 1218/1218/1218 1206/1206/1206 1205/1205/1205
f 1217/1217/1217 1216/1216/1216 1219/1219/1219
f 1218/1218/1218 1217/1217/1217 1219/1219/1219
f 1216/1216/1216 1220/1220/1220 1219/1219/1219
f 1219/1219/1219 1220/1220/1220 1221/1221/1221
f 1220/1220/1220 1222/1222/1222 1221/1221/1221
f 1223/1223/1223 1218/1218/1218 1219/1219/1219
f 1223/1223/1223 1219/1219/1219 1221/1221/1221
f 1224/1224/1224 1221/1221/1221 1222/1222/1222
f 1224/1224/1224 1222/1222/1222 1225/1225/1225
f 1218/1218/1218 1223/1223/1223 1226/1226/1226
f 1206/1206/1206 1218/1218/1218 1226/1226/1226
f 1227/1227/1227 1223/1223/1223 1221/1221/1221
f 1221/1221/1221 1224/1224/1224 1227/1227/1227
f 1226/1226/1226 1223/1223/1223 1227/1227/1227
f 1228/1228/1228 1224/1224/1224 1225/1225/1225
f 1228/1228/1228 1225/1225/1225 1229/1229/1229
f 1229/1229/1229 1225/1225/1225 1230/1230/1230
f 1229/1229/1229 1230/1230/1230 1231/1231/1231
f 1231/1231/1231 1232/1232/1232 1229/1229/1229
f 1232/1232/1232 1233/1233/1233 1229/1229/1229
f 1229/1229/1229 1233/1233/1233 1228/1228/1228
f 1232/1232/1232 1234/1234/1234 1233/1233/1233
f 1228/1228/1228 1235/1235/1235 1224/1224/1224
f 1233/1233/1233 1235/1235/1235 1228/1228/1228
f 1234/1234/1234 1236/1236/1236 1233/1233/1233
f 1235/1235/1235 1233/1233/1233 1236/1236/1236
f 1237/1237/1237 1236/1236/1236 1234/1234/1234
f 1237/1237/1237 1238/1238/1238 1236/1236/1236
f 1235/1235/1235 1239/1239/1239 1224/1224/1224
f 1224/1224/1224 1239/1239/1239 1227/1227/1227
f 1240/1240/1240 1235/1235/1235 1236/1236/1236
f 1236/1236/1236 1238/1238/1238 1240/1240/1240
f 1235/1235/1235 1240/1240/1240 1239/1239/1239
f 1241/1241/1241 1240/1240/1240 1238/1238/1238
f 1240/1240/1240 1241/1241/1241 1239/1239/1239
f 1227/1227/1227 1239/1239/1239 1241/1241/1241
f 1242/1242/1242 1241/1241/1241 1238/1238/1238
f 1243/1243/1243 1227/1227/1227 1241/1241/1241
f 1242/1242/1242 1243/1243/1243 1241/1241/1241
f 1243/1243/1243 1226/1226/1226 1227/1227/1227
f 1226/1226/1226 1243/1243/1243 1242/1242/1242
f 1244/1244/1244 1226/1226/1226 1242/1242/1242
f 1206/1206/1206 1226/1226/1226 1244/1244/1244
f 1245/1245/1245 1206/1206/1206 1244/1244/1244
f 1245/1245/1245 1209/1209/1209 1206/1206/1206
f 1245/1245/1245 1244/1244/1244 1246/1246/1246
f 1209/1209/1209 1245/1245/1245 1246/1246/1246
f 1244/1244/1244 1247/1247/1247 1246/1246/1246
f 1248/1248/1248 1209/1209/1209 1246/1246/1246
f 1209/1209/1209 1248/1248/1248 1203/1203/1203
f 1248/1248/1248 1249/1249/1249 1203/1203/1203
f 1246/1246/1246 1247/1247/1247 1250/1250/1250
f 1246/1246/1246 1250/1250/1250 1248/1248/1248
f 1250/1250/1250 1247/1247/1247 1251/1251/1251
f 1252/1252/1252 1249/1249/1249 1248/1248/1248
f 1250/1250/1250 1252/1252/1252 1248/1248/1248
f 1253/1253/1253 1249/1249/1249 1252/1252/1252
f 1254/1254/1254 1250/1250/1250 1251/1251/1251
f 1250/1250/1250 1254/1254/1254 1252/1252/1252
f 1254/1254/1254 1251/1251/1251 1255/1255/1255
f 1255/1255/1255 1251/1251/1251 1256/1256/1256
f 1254/1254/1254 1257/1257/1257 1252/1252/1252
f 1257/1257/1257 1253/1253/1253 1252/1252/1252
f 1254/1254/1254 1255/1255/1255 1257/1257/1257
f 1258/1258/1258 1253/1253/1253 1257/1257/1257
f 1255/1255/1255 1258/1258/1258 1257/1257/1257
f 1253/1253/1253 1258/1258/1258 1259/1259/1259
f 1258/1258/1258 1255/1255/1255 1259/1259/1259
f 1260/1260/1260 1253/1253/1253 1259/1259/1259
f 1261/1261/1261 1260/1260/1260 1259/1259/1259
f 1262/1262/1262 1255/1255/1255 1256/1256/1256
f 1255/1255/1255 1262/1262/1262 1259/1259/1259
f 1262/1262/1262 1256/1256/1256 1263/1263/1263
f 1264/1264/1264 1262/1262/1262 1263/1263/1263
f 1259/1259/1259 1262/1262/1262 1264/1264/1264
f 1264/1264/1264 1263/1263/1263 1265/1265/1265
f 1264/1264/1264 1265/1265/1265 1266/1266/1266
f 1267/1267/1267 1266/1266/1266 1261/1261/1261
f 1267/1267/1267 1261/1261/1261 1259/1259/1259
f 1267/1267/1267 1264/1264/1264 1266/1266/1266
f 1267/1267/1267 1259/1259/1259 1264/1264/1264
f 1270/1270/1270 1269/1269/1269 1268/1268/1268
f 1269/1269/1269 1271/1271/1271 1268/1268/1268
f 1268/1268/1268 1271/1271/1271 1272/1272/1272
f 1269/1269/1269 1273/1273/1273 1271/1271/1271
f 1271/1271/1271 1274/1274/1274 1272/1272/1272
f 1274/1274/1274 1271/1271/1271 1273/1273/1273
f 1274/1274/1274 1275/1275/1275 1272/1272/1272
f 1276/1276/1276 1274/1274/1274 1273/1273/1273
f 1274/1274/1274 1277/1277/1277 1275/1275/1275
f 1277/1277/1277 1274/1274/1274 1276/1276/1276
f 1276/1276/1276 1273/1273/1273 1278/1278/1278
f 1273/1273/1273 1279/1279/1279 1278/1278/1278
f 1278/1278/1278 1279/1279/1279 1280/1280/1280
f 1279/1279/1279 1281/1281/1281 1280/1280/1280
f 1280/1280/1280 1281/1281/1281 1282/1282/1282
f 1283/1283/1283 1280/1280/1280 1282/1282/1282
f 1284/1284/1284 1280/1280/1280 1283/1283/1283
f 1278/1278/1278 1280/1280/1280 1284/1284/1284
f 1285/1285/1285 1284/1284/1284 1283/1283/1283
f 1284/1284/1284 1285/1285/1285 1286/1286/1286
f 1287/1287/1287 1278/1278/1278 1284/1284/1284
f 1287/1287/1287 1284/1284/1284 1286/1286/1286
f 1287/1287/1287 1276/1276/1276 1278/1278/1278
f 1288/1288/1288 1287/1287/1287 1286/1286/1286
f 1287/1287/1287 1288/1288/1288 1289/1289/1289
f 1288/1288/1288 1290/1290/1290 1289/1289/1289
f 1289/1289/1289 1290/1290/1290 1291/1291/1291
f 1287/1287/1287 1292/1292/1292 1276/1276/1276
f 1287/1287/1287 1289/1289/1289 1292/1292/1292
f 1292/1292/1292 1293/1293/1293 1276/1276/1276
f 1293/1293/1293 1277/1277/1277 1276/1276/1276
f 1294/1294/1294 1289/1289/1289 1291/1291/1291
f 1294/1294/1294 1291/1291/1291 1295/1295/1295
f 1291/1291/1291 1296/1296/1296 1295/1295/1295
f 1289/1289/1289 1294/1294/1294 1297/1297/1297
f 1294/1294/1294 1295/1295/1295 1297/1297/1297
f 1289/1289/1289 1298/1298/1298 1292/1292/1292
f 1298/1298/1298 1289/1289/1289 1297/1297/1297
f 1298/1298/1298 1299/1299/1299 1292/1292/1292
f 1299/1299/1299 1293/1293/1293 1292/1292/1292
f 1298/1298/1298 1297/1297/1297 1299/1299/1299
f 1300/1300/1300 1295/1295/1295 1296/1296/1296
f 1301/1301/1301 1300/1300/1300 1296/1296/1296
f 1300/1300/1300 1301/1301/1301 1302/1302/1302
f 1301/1301/1301 1303/1303/1303 1302/1302/1302
f 1303/1303/1303 1304/1304/1304 1302/1302/1302
f 1302/1302/1302 1304/1304/1304 1305/1305/1305
f 1300/1300/1300 1306/1306/1306 1295/1295/1295
f 1300/1300/1300 1302/1302/1302 1306/1306/1306
f 1307/1307/1307 1302/1302/1302 1305/1305/1305
f 1302/1302/1302 1307/1307/1307 1306/1306/1306
f 1308/1308/1308 1307/1307/1307 1305/1305/1305
f 1308/1308/1308 1309/1309/1309 1307/1307/1307
f 1309/1309/1309 1306/1306/1306 1307/1307/1307
f 1306/1306/1306 1309/1309/1309 1310/1310/1310
f 1306/1306/1306 1311/1311/1311 1295/1295/1295
f 1311/1311/1311 1306/1306/1306 1310/1310/1310
f 1295/1295/1295 1311/1311/1311 1297/1297/1297
f 1310/1310/1310 1312/1312/1312 1311/1311/1311
f 1312/1312/1312 1297/1297/1297 1311/1311/1311
f 1299/1299/1299 1297/1297/1297 1312/1312/1312
f 1313/1313/1313 1299/1299/1299 1312/1312/1312
f 1299/1299/1299 1313/1313/1313 1314/1314/1314
f 1293/1293/1293 1299/1299/1299 1314/1314/1314
f 1293/1293/1293 1314/1314/1314 1315/1315/1315
f 1277/1277/1277 1293/1293/1293 1315/1315/1315
f 1316/1316/1316 1277/1277/1277 1315/1315/1315
f 1317/1317/1317 1316/1316/1316 1315/1315/1315
f 1277/1277/1277 1316/1316/1316 1275/1275/1275
f 1318/1318/1318 1275/1275/1275 1316/1316/1316
f 1275/1275/1275 1318/1318/1318 1319/1319/1319
f 1318/1318/1318 1320/1320/1320 1319/1319/1319
f 1320/1320/1320 1318/1318/1318 1321/1321/1321
f 1316/1316/1316 1317/1317/1317 1322/1322/1322
f 1322/1322/1322 1318/1318/1318 1316/1316/1316
f 1322/1322/1322 1323/1323/1323 1318/1318/1318
f 1317/1317/1317 1324/1324/1324 1322/1322/1322
f 1322/1322/1322 1324/1324/1324 1323/1323/1323
f 1324/1324/1324 1325/1325/1325 1323/1323/1323
f 1325/1325/1325 1326/1326/1326 1323/1323/1323
f 1318/1318/1318 1327/1327/1327 1321/1321/1321
f 1323/1323/1323 1327/1327/1327 1318/1318/1318
f 1321/1321/1321 1327/1327/1327 1328/1328/1328
f 1327/1327/1327 1329/1329/1329 1328/1328/1328
f 1329/1329/1329 1327/1327/1327 1323/1323/1323
f 1330/1330/1330 1328/1328/1328 1329/1329/1329
f 1330/1330/1330 1329/1329/1329 1331/1331/1331
f 1332/1332/1332 1331/1331/1331 1329/1329/1329
f 1326/1326/1326 1333/1333/1333 1323/1323/1323
f 1333/1333/1333 1329/1329/1329 1323/1323/1323
f 1333/1333/1333 1332/1332/1332 1329/1329/1329
f 1333/1333/1333 1326/1326/1326 1334/1334/1334
f 1333/1333/1333 1334/1334/1334 1332/1332/1332
f 1337/1337/1337 1336/1336/1336 1335/1335/1335
f 1336/1336/1336 1338/1338/1338 1335/1335/1335
f 1339/1339/1339 1335/1335/1335 1338/1338/1338
f 1340/1340/1340 1339/1339/1339 1338/1338/1338
f 1336/1336/1336 1341/1341/1341 1338/1338/1338
f 1342/1342/1342 1340/1340/1340 1338/1338/1338
f 1341/1341/1341 1343/1343/1343 1338/1338/1338
f 1343/1343/1343 1342/1342/1342 1338/1338/1338
f 1341/1341/1341 1344/1344/1344 1343/1343/1343
f 1345/1345/1345 1342/1342/1342 1343/1343/1343
f 1344/1344/1344 1346/1346/1346 1343/1343/1343
f 1346/1346/1346 1345/1345/1345 1343/1343/1343
f 1346/1346/1346 1344/1344/1344 1347/1347/1347
f 1348/1348/1348 1345/1345/1345 1346/1346/1346
f 1349/1349/1349 1346/1346/1346 1347/1347/1347
f 1349/1349/1349 1348/1348/1348 1346/1346/1346
f 1350/1350/1350 1348/1348/1348 1349/1349/1349
f 1349/1349/1349 1347/1347/1347 1351/1351/1351
f 1352/1352/1352 1350/1350/1350 1349/1349/1349
f 1352/1352/1352 1349/1349/1349 1351/1351/1351
f 1353/1353/1353 1350/1350/1350 1352/1352/1352
f 1352/1352/1352 1351/1351/1351 1354/1354/1354
f 1354/1354/1354 1353/1353/1353 1352/1352/1352
f 1351/1351/1351 1355/1355/1355 1354/1354/1354
f 1356/1356/1356 1353/1353/1353 1354/1354/1354
f 1354/1354/1354 1355/1355/1355 1357/1357/1357
f 1358/1358/1358 1356/1356/1356 1354/1354/1354
f 1358/1358/1358 1354/1354/1354 1357/1357/1357
f 1359/1359/1359 1356/1356/1356 1358/1358/1358
f 1357/1357/1357 1360/1360/1360 1358/1358/1358
f 1360/1360/1360 1359/1359/1359 1358/1358/1358
f 1363/1363/1363 1362/1362/1362 1361/1361/1361
f 1364/1364/1364 1361/1361/1361 1362/1362/1362
f 1365/1365/1365 1364/1364/1364 1362/1362/1362
f 1365/1365/1365 1366/1366/1366 1364/1364/1364
f 1366/1366/1366 1367/1367/1367 1364/1364/1364
f 1368/1368/1368 1367/1367/1367 1366/1366/1366
f 1369/1369/1369 1368/1368/1368 1366/1366/1366
f 1370/1370/1370 1368/1368/1368 1369/1369/1369
f 1371/1371/1371 1370/1370/1370 1369/1369/1369
f 1370/1370/1370 1371/1371/1371 1372/1372/1372
f 1371/1371/1371 1373/1373/1373 1372/1372/1372
f 1372/1372/1372 1373/1373/1373 1374/1374/1374
f 1373/1373/1373 1375/1375/1375 1374/1374/1374
f 1374/1374/1374 1375/1375/1375 1376/1376/1376
f 1377/1377/1377 1374/1374/1374 1376/1376/1376
f 1380/1380/1380 1379/1379/1379 1378/1378/1378
f 1380/1380/1380 1381/1381/1381 1379/1379/1379
f 1381/1381/1381 1382/1382/1382 1379/1379/1379
f 1382/1382/1382 1381/1381/1381 1383/1383/1383
f 1381/1381/1381 1380/1380/1380 1384/1384/1384
f 1381/1381/1381 1385/1385/1385 1383/1383/1383
f 1381/1381/1381 1384/1384/1384 1385/1385/1385
f 1384/1384/1384 1380/1380/1380 1386/1386/1386
f 1386/1386/1386 1380/1380/1380 1387/1387/1387
f 1384/1384/1384 1386/1386/1386 1388/1388/1388
f 1384/1384/1384 1388/1388/1388 1385/1385/1385
f 1386/1386/1386 1387/1387/1387 1389/1389/1389
f 1386/1386/1386 1389/1389/1389 1388/1388/1388
f 1387/1387/1387 1390/1390/1390 1389/1389/1389
f 1383/1383/1383 1385/1385/1385 1391/1391/1391
f 1392/1392/1392 1383/1383/1383 1391/1391/1391
f 1393/1393/1393 1392/1392/1392 1391/1391/1391
f 1385/1385/1385 1388/1388/1388 1394/1394/1394
f 1394/1394/1394 1388/1388/1388 1389/1389/1389
f 1391/1391/1391 1385/1385/1385 1394/1394/1394
f 1394/1394/1394 1395/1395/1395 1391/1391/1391
f 1396/1396/1396 1389/1389/1389 1390/1390/1390
f 1396/1396/1396 1394/1394/1394 1389/1389/1389
f 1394/1394/1394 1396/1396/1396 1395/1395/1395
f 1397/1397/1397 1396/1396/1396 1390/1390/1390
f 1398/1398/1398 1393/1393/1393 1391/1391/1391
f 1395/1395/1395 1398/1398/1398 1391/1391/1391
f 1399/1399/1399 1393/1393/1393 1398/1398/1398
f 1396/1396/1396 1397/1397/1397 1400/1400/1400
f 1396/1396/1396 1400/1400/1400 1395/1395/1395
f 1397/1397/1397 1401/1401/1401 1400/1400/1400
f 1401/1401/1401 1402/1402/1402 1400/1400/1400
f 1403/1403/1403 1399/1399/1399 1398/1398/1398
f 1403/1403/1403 1398/1398/1398 1395/1395/1395
f 1402/1402/1402 1404/1404/1404 1400/1400/1400
f 1400/1400/1400 1404/1404/1404 1395/1395/1395
f 1403/1403/1403 1405/1405/1405 1399/1399/1399
f 1405/1405/1405 1406/1406/1406 1399/1399/1399
f 1407/1407/1407 1403/1403/1403 1395/1395/1395
f 1404/1404/1404 1407/1407/1407 1395/1395/1395
f 1403/1403/1403 1407/1407/1407 1408/1408/1408
f 1408/1408/1408 1407/1407/1407 1404/1404/1404
f 1405/1405/1405 1403/1403/1403 1408/1408/1408
f 1409/1409/1409 1404/1404/1404 1402/1402/1402
f 1409/1409/1409 1408/1408/1408 1404/1404/1404
f 1410/1410/1410 1409/1409/1409 1402/1402/1402
f 1411/1411/1411 1409/1409/1409 1410/1410/1410
f 1412/1412/1412 1411/1411/1411 1410/1410/1410
f 1411/1411/1411 1413/1413/1413 1409/1409/1409
f 1413/1413/1413 1408/1408/1408 1409/1409/1409
f 1413/1413/1413 1414/1414/1414 1408/1408/1408
f 1414/1414/1414 1405/1405/1405 1408/1408/1408
f 1405/1405/1405 1414/1414/1414 1415/1415/1415
f 1406/1406/1406 1405/1405/1405 1415/1415/1415
f 1406/1406/1406 1415/1415/1415 1416/1416/1416
f 1415/1415/1415 1417/1417/1417 1416/1416/1416
f 1420/1420/1420 1419/1419/1419 1418/1418/1418
f 1419/1419/1419 1421/1421/1421 1418/1418/1418
f 1418/1418/1418 1421/1421/1421 1422/1422/1422
f 1421/1421/1421 1423/1423/1423 1422/1422/1422
f 1422/1422/1422 1423/1423/1423 1424/1424/1424
f 1423/1423/1423 1425/1425/1425 1424/1424/1424
f 1424/1424/1424 1425/1425/1425 1426/1426/1426
f 1425/1425/1425 1427/1427/1427 1426/1426/1426
f 1426/1426/1426 1427/1427/1427 1428/1428/1428
f 1427/1427/1427 1429/1429/1429 1428/1428/1428
f 1428/1428/1428 1429/1429/1429 1430/1430/1430
f 1429/1429/1429 1431/1431/1431 1430/1430/1430
f 1430/1430/1430 1431/1431/1431 1432/1432/1432
f 1431/1431/1431 1433/1433/1433 1432/1432/1432
f 1436/1436/1436 1435/1435/1435 1434/1434/1434
f 1435/1435/1435 1437/1437/1437 1434/1434/1434
f 1437/1437/1437 1435/1435/1435 1438/1438/1438
f 1434/1434/1434 1437/1437/1437 1439/1439/1439
f 1439/1439/1439 1437/1437/1437 1440/1440/1440
f 1441/1441/1441 1434/1434/1434 1439/1439/1439
f 1441/1441/1441 1439/1439/1439 1442/1442/1442
f 1439/1439/1439 1440/1440/1440 1442/1442/1442
f 1443/1443/1443 1441/1441/1441 1442/1442/1442
f 1444/1444/1444 1443/1443/1443 1442/1442/1442
f 1445/1445/1445 1437/1437/1437 1438/1438/1438
f 1437/1437/1437 1445/1445/1445 1440/1440/1440
f 1445/1445/1445 1438/1438/1438 1446/1446/1446
f 1445/1445/1445 1446/1446/1446 1440/1440/1440
f 1438/1438/1438 1447/1447/1447 1446/1446/1446
f 1446/1446/1446 1447/1447/1447 1448/1448/1448
f 1447/1447/1447 1449/1449/1449 1448/1448/1448
f 1446/1446/1446 1448/1448/1448 1450/1450/1450
f 1446/1446/1446 1450/1450/1450 1440/1440/1440
f 1448/1448/1448 1451/1451/1451 1450/1450/1450
f 1451/1451/1451 1452/1452/1452 1450/1450/1450
f 1452/1452/1452 1453/1453/1453 1450/1450/1450
f 1450/1450/1450 1453/1453/1453 1440/1440/1440
f 1453/1453/1453 1452/1452/1452 1454/1454/1454
f 1440/1440/1440 1455/1455/1455 1442/1442/1442
f 1453/1453/1453 1455/1455/1455 1440/1440/1440
f 1456/1456/1456 1453/1453/1453 1454/1454/1454
f 1455/1455/1455 1453/1453/1453 1456/1456/1456
f 1454/1454/1454 1457/1457/1457 1456/1456/1456
f 1458/1458/1458 1442/1442/1442 1455/1455/1455
f 1458/1458/1458 1444/1444/1444 1442/1442/1442
f 1459/1459/1459 1455/1455/1455 1456/1456/1456
f 1459/1459/1459 1458/1458/1458 1455/1455/1455
f 1457/1457/1457 1460/1460/1460 1456/1456/1456
f 1456/1456/1456 1460/1460/1460 1459/1459/1459
f 1461/1461/1461 1460/1460/1460 1457/1457/1457
f 1460/1460/1460 1462/1462/1462 1459/1459/1459
f 1459/1459/1459 1462/1462/1462 1458/1458/1458
f 1462/1462/1462 1460/1460/1460 1461/1461/1461
f 1458/1458/1458 1463/1463/1463 1444/1444/1444
f 1462/1462/1462 1463/1463/1463 1458/1458/1458
f 1461/1461/1461 1463/1463/1463 1462/1462/1462
f 1463/1463/1463 1464/1464/1464 1444/1444/1444
f 1464/1464/1464 1463/1463/1463 1465/1465/1465
f 1463/1463/1463 1461/1461/1461 1465/1465/1465
f 1466/1466/1466 1465/1465/1465 1461/1461/1461
f 1469/1469/1469 1468/1468/1468 1467/1467/1467
f 1468/1468/1468 1470/1470/1470 1467/1467/1467
f 1470/1470/1470 1468/1468/1468 1471/1471/1471
f 1468/1468/1468 1472/1472/1472 1471/1471/1471
f 1471/1471/1471 1472/1472/1472 1473/1473/1473
f 1472/1472/1472 1474/1474/1474 1473/1473/1473
f 1473/1473/1473 1474/1474/1474 1475/1475/1475
f 1474/1474/1474 1476/1476/1476 1475/1475/1475
f 1479/1479/1479 1478/1478/1478 1477/1477/1477
f 1480/1480/1480 1479/1479/1479 1477/1477/1477
f 1477/1477/1477 1481/1481/1481 1480/1480/1480
f 1481/1481/1481 1482/1482/1482 1480/1480/1480
f 1483/1483/1483 1479/1479/1479 1480/1480/1480
f 1482/1482/1482 1484/1484/1484 1480/1480/1480
f 1485/1485/1485 1483/1483/1483 1480/1480/1480
f 1484/1484/1484 1485/1485/1485 1480/1480/1480
f 1486/1486/1486 1483/1483/1483 1485/1485/1485
f 1484/1484/1484 1487/1487/1487 1485/1485/1485
f 1488/1488/1488 1486/1486/1486 1485/1485/1485
f 1487/1487/1487 1488/1488/1488 1485/1485/1485
f 1486/1486/1486 1488/1488/1488 1489/1489/1489
f 1487/1487/1487 1490/1490/1490 1488/1488/1488
f 1488/1488/1488 1491/1491/1491 1489/1489/1489
f 1490/1490/1490 1491/1491/1491 1488/1488/1488
f 1490/1490/1490 1492/1492/1492 1491/1491/1491
f 1489/1489/1489 1491/1491/1491 1493/1493/1493
f 1492/1492/1492 1494/1494/1494 1491/1491/1491
f 1491/1491/1491 1494/1494/1494 1493/1493/1493
f 1492/1492/1492 1495/1495/1495 1494/1494/1494
f 1493/1493/1493 1494/1494/1494 1496/1496/1496
f 1495/1495/1495 1496/1496/1496 1494/1494/1494
f 1497/1497/1497 1493/1493/1493 1496/1496/1496
f 1495/1495/1495 1498/1498/1498 1496/1496/1496
f 1497/1497/1497 1496/1496/1496 1499/1499/1499
f 1498/1498/1498 1500/1500/1500 1496/1496/1496
f 1496/1496/1496 1500/1500/1500 1499/1499/1499
f 1498/1498/1498 1501/1501/1501 1500/1500/1500
f 1502/1502/1502 1499/1499/1499 1500/1500/1500
f 1501/1501/1501 1502/1502/1502 1500/1500/1500
f 1505/1505/1505 1504/1504/1504 1503/1503/1503
f 1503/1503/1503 1506/1506/1506 1505/1505/1505
f 1506/1506/1506 1507/1507/1507 1505/1505/1505
f 1508/1508/1508 1507/1507/1507 1506/1506/1506
f 1509/1509/1509 1508/1508/1508 1506/1506/1506
f 1509/1509/1509 1510/1510/1510 1508/1508/1508
f 1510/1510/1510 1511/1511/1511 1508/1508/1508
f 1510/1510/1510 1512/1512/1512 1511/1511/1511
f 1512/1512/1512 1513/1513/1513 1511/1511/1511
f 1513/1513/1513 1512/1512/1512 1514/1514/1514
f 1515/1515/1515 1513/1513/1513 1514/1514/1514
f 1515/1515/1515 1514/1514/1514 1516/1516/1516
f 1517/1517/1517 1515/1515/1515 1516/1516/1516
f 1517/1517/1517 1516/1516/1516 1518/1518/1518
f 1516/1516/1516 1519/1519/1519 1518/1518/1518
f 1522/1522/1522 1521/1521/1521 1520/1520/1520
f 1523/1523/1523 1521/1521/1521 1522/1522/1522
f 1524/1524/1524 1523/1523/1523 1522/1522/1522
f 1523/1523/1523 1524/1524/1524 1525/1525/1525
f 1521/1521/1521 1523/1523/1523 1526/1526/1526
f 1527/1527/1527 1523/1523/1523 1525/1525/1525
f 1526/1526/1526 1523/1523/1523 1527/1527/1527
f 1521/1521/1521 1526/1526/1526 1528/1528/1528
f 1521/1521/1521 1528/1528/1528 1529/1529/1529
f 1528/1528/1528 1526/1526/1526 1530/1530/1530
f 1530/1530/1530 1526/1526/1526 1527/1527/1527
f 1529/1529/1529 1528/1528/1528 1531/1531/1531
f 1531/1531/1531 1528/1528/1528 1530/1530/1530
f 1532/1532/1532 1529/1529/1529 1531/1531/1531
f 1527/1527/1527 1525/1525/1525 1533/1533/1533
f 1525/1525/1525 1534/1534/1534 1533/1533/1533
f 1534/1534/1534 1535/1535/1535 1533/1533/1533
f 1530/1530/1530 1527/1527/1527 1536/1536/1536
f 1530/1530/1530 1536/1536/1536 1531/1531/1531
f 1527/1527/1527 1533/1533/1533 1536/1536/1536
f 1537/1537/1537 1536/1536/1536 1533/1533/1533
f 1531/1531/1531 1538/1538/1538 1532/1532/1532
f 1536/1536/1536 1538/1538/1538 1531/1531/1531
f 1538/1538/1538 1536/1536/1536 1537/1537/1537
f 1538/1538/1538 1539/1539/1539 1532/1532/1532
f 1535/1535/1535 1540/1540/1540 1533/1533/1533
f 1540/1540/1540 1537/1537/1537 1533/1533/1533
f 1535/1535/1535 1541/1541/1541 1540/1540/1540
f 1539/1539/1539 1538/1538/1538 1542/1542/1542
f 1542/1542/1542 1538/1538/1538 1537/1537/1537
f 1543/1543/1543 1539/1539/1539 1542/1542/1542
f 1544/1544/1544 1543/1543/1543 1542/1542/1542
f 1541/1541/1541 1545/1545/1545 1540/1540/1540
f 1540/1540/1540 1545/1545/1545 1537/1537/1537
f 1546/1546/1546 1544/1544/1544 1542/1542/1542
f 1546/1546/1546 1542/1542/1542 1537/1537/1537
f 1547/1547/1547 1545/1545/1545 1541/1541/1541
f 1548/1548/1548 1547/1547/1547 1541/1541/1541
f 1545/1545/1545 1549/1549/1549 1537/1537/1537
f 1549/1549/1549 1546/1546/1546 1537/1537/1537
f 1549/1549/1549 1545/1545/1545 1550/1550/1550
f 1549/1549/1549 1550/1550/1550 1546/1546/1546
f 1545/1545/1545 1547/1547/1547 1550/1550/1550
f 1546/1546/1546 1551/1551/1551 1544/1544/1544
f 1550/1550/1550 1551/1551/1551 1546/1546/1546
f 1551/1551/1551 1552/1552/1552 1544/1544/1544
f 1551/1551/1551 1553/1553/1553 1552/1552/1552
f 1553/1553/1553 1554/1554/1554 1552/1552/1552
f 1555/1555/1555 1553/1553/1553 1551/1551/1551
f 1550/1550/1550 1555/1555/1555 1551/1551/1551
f 1556/1556/1556 1555/1555/1555 1550/1550/1550
f 1547/1547/1547 1556/1556/1556 1550/1550/1550
f 1556/1556/1556 1547/1547/1547 1557/1557/1557
f 1547/1547/1547 1548/1548/1548 1557/1557/1557
f 1557/1557/1557 1548/1548/1548 1558/1558/1558
f 1559/1559/1559 1557/1557/1557 1558/1558/1558
f 1562/1562/1562 1561/1561/1561 1560/1560/1560
f 1563/1563/1563 1562/1562/1562 1560/1560/1560
f 1563/1563/1563 1560/1560/1560 1564/1564/1564
f 1565/1565/1565 1563/1563/1563 1564/1564/1564
f 1565/1565/1565 1564/1564/1564 1566/1566/1566
f 1567/1567/1567 1565/1565/1565 1566/1566/1566
f 1567/1567/1567 1566/1566/1566 1568/1568/1568
f 1569/1569/1569 1567/1567/1567 1568/1568/1568
f 1569/1569/1569 1568/1568/1568 1570/1570/1570
f 1571/1571/1571 1569/1569/1569 1570/1570/1570
f 1571/1571/1571 1570/1570/1570 1572/1572/1572
f 1573/1573/1573 1571/1571/1571 1572/1572/1572
f 1573/1573/1573 1572/1572/1572 1574/1574/1574
f 1575/1575/1575 1573/1573/1573 1574/1574/1574
f 1578/1578/1578 1577/1577/1577 1576/1576/1576
f 1579/1579/1579 1578/1578/1578 1576/1576/1576
f 1578/1578/1578 1579/1579/1579 1580/1580/1580
f 1579/1579/1579 1576/1576/1576 1581/1581/1581
f 1579/1579/1579 1581/1581/1581 1582/1582/1582
f 1576/1576/1576 1583/1583/1583 1581/1581/1581
f 1581/1581/1581 1583/1583/1583 1584/1584/1584
f 1582/1582/1582 1581/1581/1581 1584/1584/1584
f 1583/1583/1583 1585/1585/1585 1584/1584/1584
f 1585/1585/1585 1586/1586/1586 1584/1584/1584
f 1579/1579/1579 1587/1587/1587 1580/1580/1580
f 1587/1587/1587 1579/1579/1579 1582/1582/1582
f 1580/1580/1580 1587/1587/1587 1588/1588/1588
f 1588/1588/1588 1587/1587/1587 1582/1582/1582
f 1589/1589/1589 1580/1580/1580 1588/1588/1588
f 1589/1589/1589 1588/1588/1588 1590/1590/1590
f 1591/1591/1591 1589/1589/1589 1590/1590/1590
f 1590/1590/1590 1588/1588/1588 1592/1592/1592
f 1592/1592/1592 1588/1588/1588 1582/1582/1582
f 1593/1593/1593 1590/1590/1590 1592/1592/1592
f 1594/1594/1594 1593/1593/1593 1592/1592/1592
f 1595/1595/1595 1594/1594/1594 1592/1592/1592
f 1595/1595/1595 1592/1592/1592 1582/1582/1582
f 1594/1594/1594 1595/1595/1595 1596/1596/1596
f 1597/1597/1597 1582/1582/1582 1584/1584/1584
f 1597/1597/1597 1595/1595/1595 1582/1582/1582
f 1595/1595/1595 1598/1598/1598 1596/1596/1596
f 1595/1595/1595 1597/1597/1597 1598/1598/1598
f 1599/1599/1599 1596/1596/1596 1598/1598/1598
f 1584/1584/1584 1600/1600/1600 1597/1597/1597
f 1586/1586/1586 1600/1600/1600 1584/1584/1584
f 1597/1597/1597 1601/1601/1601 1598/1598/1598
f 1600/1600/1600 1601/1601/1601 1597/1597/1597
f 1602/1602/1602 1599/1599/1599 1598/1598/1598
f 1602/1602/1602 1598/1598/1598 1601/1601/1601
f 1602/1602/1602 1603/1603/1603 1599/1599/1599
f 1604/1604/1604 1602/1602/1602 1601/1601/1601
f 1604/1604/1604 1601/1601/1601 1600/1600/1600
f 1602/1602/1602 1604/1604/1604 1603/1603/1603
f 1605/1605/1605 1600/1600/1600 1586/1586/1586
f 1605/1605/1605 1604/1604/1604 1600/1600/1600
f 1605/1605/1605 1603/1603/1603 1604/1604/1604
f 1606/1606/1606 1605/1605/1605 1586/1586/1586
f 1605/1605/1605 1606/1606/1606 1607/1607/1607
f 1603/1603/1603 1605/1605/1605 1607/1607/1607
f 1607/1607/1607 1608/1608/1608 1603/1603/1603
f 1611/1611/1611 1610/1610/1610 1609/1609/1609
f 1612/1612/1612 1611/1611/1611 1609/1609/1609
f 1611/1611/1611 1612/1612/1612 1613/1613/1613
f 1614/1614/1614 1611/1611/1611 1613/1613/1613
f 1614/1614/1614 1613/1613/1613 1615/1615/1615
f 1616/1616/1616 1614/1614/1614 1615/1615/1615
f 1616/1616/1616 1615/1615/1615 1617/1617/1617
f 1618/1618/1618 1616/1616/1616 1617/1617/1617
f 1621/1621/1621 1620/1620/1620 1619/1619/1619
f 1622/1622/1622 1621/1621/1621 1619/1619/1619
f 1625/1625/1625 1624/1624/1624 1623/1623/1623
f 1626/1626/1626 1625/1625/1625 1623/1623/1623
f 1629/1629/1629 1628/1628/1628 1627/1627/1627
f 1628/1628/1628 1630/1630/1630 1627/1627/1627
f 1630/1630/1630 1628/1628/1628 1631/1631/1631
f 1628/1628/1628 1632/1632/1632 1631/1631/1631
f 1635/1635/1635 1634/1634/1634 1633/1633/1633
f 1634/1634/1634 1636/1636/1636 1633/1633/1633
f 1633/1633/1633 1636/1636/1636 1637/1637/1637
f 1636/1636/1636 1634/1634/1634 1638/1638/1638
f 1636/1636/1636 1639/1639/1639 1637/1637/1637
f 1637/1637/1637 1639/1639/1639 1640/1640/1640
f 1639/1639/1639 1641/1641/1641 1640/1640/1640
f 1640/1640/1640 1641/1641/1641 1642/1642/1642
f 1643/1643/1643 1636/1636/1636 1638/1638/1638
f 1636/1636/1636 1643/1643/1643 1639/1639/1639
f 1643/1643/1643 1638/1638/1638 1644/1644/1644
f 1638/1638/1638 1645/1645/1645 1644/1644/1644
f 1644/1644/1644 1645/1645/1645 1646/1646/1646
f 1645/1645/1645 1647/1647/1647 1646/1646/1646
f 1646/1646/1646 1647/1647/1647 1648/1648/1648
f 1643/1643/1643 1649/1649/1649 1639/1639/1639
f 1644/1644/1644 1649/1649/1649 1643/1643/1643
f 1641/1641/1641 1650/1650/1650 1642/1642/1642
f 1651/1651/1651 1642/1642/1642 1650/1650/1650
f 1652/1652/1652 1651/1651/1651 1650/1650/1650
f 1653/1653/1653 1652/1652/1652 1650/1650/1650
f 1654/1654/1654 1653/1653/1653 1650/1650/1650
f 1654/1654/1654 1650/1650/1650 1641/1641/1641
f 1655/1655/1655 1653/1653/1653 1654/1654/1654
f 1656/1656/1656 1655/1655/1655 1654/1654/1654
f 1655/1655/1655 1656/1656/1656 1657/1657/1657
f 1646/1646/1646 1658/1658/1658 1644/1644/1644
f 1658/1658/1658 1649/1649/1649 1644/1644/1644
f 1659/1659/1659 1639/1639/1639 1649/1649/1649
f 1641/1641/1641 1639/1639/1639 1659/1659/1659
f 1660/1660/1660 1654/1654/1654 1641/1641/1641
f 1654/1654/1654 1660/1660/1660 1656/1656/1656
f 1656/1656/1656 1661/1661/1661 1657/1657/1657
f 1657/1657/1657 1661/1661/1661 1662/1662/1662
f 1658/1658/1658 1663/1663/1663 1649/1649/1649
f 1663/1663/1663 1659/1659/1659 1649/1649/1649
f 1641/1641/1641 1659/1659/1659 1664/1664/1664
f 1660/1660/1660 1641/1641/1641 1664/1664/1664
f 1663/1663/1663 1664/1664/1664 1659/1659/1659
f 1660/1660/1660 1665/1665/1665 1656/1656/1656
f 1656/1656/1656 1665/1665/1665 1661/1661/1661
f 1665/1665/1665 1666/1666/1666 1661/1661/1661
f 1667/1667/1667 1665/1665/1665 1660/1660/1660
f 1664/1664/1664 1667/1667/1667 1660/1660/1660
f 1665/1665/1665 1667/1667/1667 1666/1666/1666
f 1661/1661/1661 1668/1668/1668 1662/1662/1662
f 1661/1661/1661 1666/1666/1666 1668/1668/1668
f 1663/1663/1663 1658/1658/1658 1669/1669/1669
f 1646/1646/1646 1669/1669/1669 1658/1658/1658
f 1664/1664/1664 1663/1663/1663 1670/1670/1670
f 1667/1667/1667 1664/1664/1664 1670/1670/1670
f 1670/1670/1670 1663/1663/1663 1669/1669/1669
f 1667/1667/1667 1670/1670/1670 1671/1671/1671
f 1667/1667/1667 1671/1671/1671 1666/1666/1666
f 1670/1670/1670 1672/1672/1672 1671/1671/1671
f 1672/1672/1672 1670/1670/1670 1669/1669/1669
f 1672/1672/1672 1673/1673/1673 1671/1671/1671
f 1671/1671/1671 1673/1673/1673 1666/1666/1666
f 1674/1674/1674 1672/1672/1672 1669/1669/1669
f 1674/1674/1674 1673/1673/1673 1672/1672/1672
f 1646/1646/1646 1675/1675/1675 1669/1669/1669
f 1674/1674/1674 1669/1669/1669 1675/1675/1675
f 1675/1675/1675 1646/1646/1646 1676/1676/1676
f 1676/1676/1676 1646/1646/1646 1648/1648/1648
f 1676/1676/1676 1648/1648/1648 1677/1677/1677
f 1674/1674/1674 1675/1675/1675 1678/1678/1678
f 1678/1678/1678 1675/1675/1675 1676/1676/1676
f 1679/1679/1679 1676/1676/1676 1677/1677/1677
f 1680/1680/1680 1679/1679/1679 1677/1677/1677
f 1681/1681/1681 1680/1680/1680 1677/1677/1677
f 1682/1682/1682 1676/1676/1676 1679/1679/1679
f 1678/1678/1678 1676/1676/1676 1682/1682/1682
f 1679/1679/1679 1680/1680/1680 1682/1682/1682
f 1680/1680/1680 1683/1683/1683 1682/1682/1682
f 1683/1683/1683 1680/1680/1680 1684/1684/1684
f 1680/1680/1680 1685/1685/1685 1684/1684/1684
f 1685/1685/1685 1680/1680/1680 1681/1681/1681
f 1686/1686/1686 1685/1685/1685 1681/1681/1681
f 1687/1687/1687 1678/1678/1678 1682/1682/1682
f 1688/1688/1688 1678/1678/1678 1687/1687/1687
f 1688/1688/1688 1674/1674/1674 1678/1678/1678
f 1689/1689/1689 1688/1688/1688 1687/1687/1687
f 1674/1674/1674 1688/1688/1688 1690/1690/1690
f 1690/1690/1690 1688/1688/1688 1689/1689/1689
f 1691/1691/1691 1690/1690/1690 1689/1689/1689
f 1673/1673/1673 1674/1674/1674 1690/1690/1690
f 1690/1690/1690 1691/1691/1691 105/105/105
f 1673/1673/1673 1690/1690/1690 1692/1692/1692
f 1692/1692/1692 1690/1690/1690 105/105/105
f 1693/1693/1693 1673/1673/1673 1692/1692/1692
f 1673/1673/1673 1693/1693/1693 1666/1666/1666
f 1692/1692/1692 105/105/105 1694/1694/1694
f 1692/1692/1692 1694/1694/1694 1693/1693/1693
f 166/166/166 1694/1694/1694 105/105/105
f 1693/1693/1693 1695/1695/1695 1666/1666/1666
f 1666/1666/1666 1695/1695/1695 1668/1668/1668
f 1694/1694/1694 1696/1696/1696 1693/1693/1693
f 1693/1693/1693 1696/1696/1696 1695/1695/1695
f 166/166/166 1697/1697/1697 1694/1694/1694
f 1694/1694/1694 1697/1697/1697 1696/1696/1696
f 1696/1696/1696 1697/1697/1697 1698/1698/1698
f 166/166/166 167/167/167 1697/1697/1697
f 1696/1696/1696 1699/1699/1699 1695/1695/1695
f 1695/1695/1695 1699/1699/1699 1668/1668/1668
f 1696/1696/1696 1698/1698/1698 1699/1699/1699
f 1699/1699/1699 1700/1700/1700 1668/1668/1668
f 1699/1699/1699 1698/1698/1698 1700/1700/1700
f 1662/1662/1662 1668/1668/1668 1700/1700/1700
f 1701/1701/1701 1662/1662/1662 1700/1700/1700
f 1701/1701/1701 1700/1700/1700 1702/1702/1702
f 1698/1698/1698 1702/1702/1702 1700/1700/1700
f 1703/1703/1703 1701/1701/1701 1702/1702/1702
f 1703/1703/1703 1702/1702/1702 1704/1704/1704
f 1702/1702/1702 1698/1698/1698 1704/1704/1704
f 1705/1705/1705 1703/1703/1703 1704/1704/1704
f 1697/1697/1697 167/167/167 1706/1706/1706
f 1698/1698/1698 1697/1697/1697 1706/1706/1706
f 1705/1705/1705 1704/1704/1704 1707/1707/1707
f 1708/1708/1708 1705/1705/1705 1707/1707/1707
f 1709/1709/1709 1707/1707/1707 1704/1704/1704
f 1698/1698/1698 1710/1710/1710 1704/1704/1704
f 1710/1710/1710 1709/1709/1709 1704/1704/1704
f 1698/1698/1698 1706/1706/1706 1710/1710/1710
f 1711/1711/1711 1709/1709/1709 1710/1710/1710
f 167/167/167 1712/1712/1712 1706/1706/1706
f 167/167/167 168/168/168 1712/1712/1712
f 168/168/168 1713/1713/1713 1712/1712/1712
f 1713/1713/1713 1714/1714/1714 1712/1712/1712
f 1706/1706/1706 1715/1715/1715 1710/1710/1710
f 1715/1715/1715 1711/1711/1711 1710/1710/1710
f 1712/1712/1712 1715/1715/1715 1706/1706/1706
f 1714/1714/1714 1716/1716/1716 1712/1712/1712
f 1716/1716/1716 1715/1715/1715 1712/1712/1712
f 1715/1715/1715 1716/1716/1716 1711/1711/1711
f 1714/1714/1714 1717/1717/1717 1716/1716/1716
f 1716/1716/1716 1718/1718/1718 1711/1711/1711
f 1717/1717/1717 1718/1718/1718 1716/1716/1716
f 1721/1721/1721 1720/1720/1720 1719/1719/1719
f 1720/1720/1720 1722/1722/1722 1719/1719/1719
f 1720/1720/1720 1723/1723/1723 1722/1722/1722
f 1719/1719/1719 1722/1722/1722 1724/1724/1724
f 1723/1723/1723 1725/1725/1725 1722/1722/1722
f 1723/1723/1723 1726/1726/1726 1725/1725/1725
f 1722/1722/1722 1727/1727/1727 1724/1724/1724
f 1727/1727/1727 1722/1722/1722 1725/1725/1725
f 1727/1727/1727 1728/1728/1728 1724/1724/1724
f 1728/1728/1728 1729/1729/1729 1724/1724/1724
f 1730/1730/1730 1727/1727/1727 1725/1725/1725
f 1727/1727/1727 1730/1730/1730 1728/1728/1728
f 1726/1726/1726 1731/1731/1731 1725/1725/1725
f 1730/1730/1730 1725/1725/1725 1731/1731/1731
f 1732/1732/1732 1731/1731/1731 1726/1726/1726
f 1733/1733/1733 1732/1732/1732 1726/1726/1726
f 1734/1734/1734 1730/1730/1730 1731/1731/1731
f 1734/1734/1734 1731/1731/1731 1732/1732/1732
f 1729/1729/1729 1728/1728/1728 1735/1735/1735
f 1736/1736/1736 1729/1729/1729 1735/1735/1735
f 1737/1737/1737 1736/1736/1736 1735/1735/1735
f 1730/1730/1730 1738/1738/1738 1728/1728/1728
f 1738/1738/1738 1730/1730/1730 1734/1734/1734
f 1739/1739/1739 1732/1732/1732 1733/1733/1733
f 1740/1740/1740 1739/1739/1739 1733/1733/1733
f 1741/1741/1741 1735/1735/1735 1728/1728/1728
f 1738/1738/1738 1741/1741/1741 1728/1728/1728
f 1742/1742/1742 1737/1737/1737 1735/1735/1735
f 1737/1737/1737 1742/1742/1742 1743/1743/1743
f 1739/1739/1739 1740/1740/1740 1744/1744/1744
f 1740/1740/1740 1745/1745/1745 1744/1744/1744
f 1741/1741/1741 1746/1746/1746 1735/1735/1735
f 1746/1746/1746 1742/1742/1742 1735/1735/1735
f 1742/1742/1742 1747/1747/1747 1743/1743/1743
f 1743/1743/1743 1747/1747/1747 1748/1748/1748
f 1744/1744/1744 1745/1745/1745 1749/1749/1749
f 1745/1745/1745 1750/1750/1750 1749/1749/1749
f 1742/1742/1742 1746/1746/1746 1751/1751/1751
f 1747/1747/1747 1742/1742/1742 1751/1751/1751
f 1747/1747/1747 1752/1752/1752 1748/1748/1748
f 1748/1748/1748 1752/1752/1752 1753/1753/1753
f 1752/1752/1752 1754/1754/1754 1753/1753/1753
f 1752/1752/1752 1747/1747/1747 1755/1755/1755
f 1752/1752/1752 1755/1755/1755 1754/1754/1754
f 1747/1747/1747 1751/1751/1751 1755/1755/1755
f 1755/1755/1755 1756/1756/1756 1754/1754/1754
f 1755/1755/1755 1757/1757/1757 1756/1756/1756
f 1755/1755/1755 1751/1751/1751 1757/1757/1757
f 1757/1757/1757 1758/1758/1758 1756/1756/1756
f 1759/1759/1759 1758/1758/1758 1757/1757/1757
f 1751/1751/1751 1746/1746/1746 1760/1760/1760
f 1751/1751/1751 1760/1760/1760 1757/1757/1757
f 1761/1761/1761 1759/1759/1759 1757/1757/1757
f 1761/1761/1761 1757/1757/1757 1760/1760/1760
f 1759/1759/1759 1761/1761/1761 1762/1762/1762
f 1746/1746/1746 1763/1763/1763 1760/1760/1760
f 1746/1746/1746 1741/1741/1741 1763/1763/1763
f 1761/1761/1761 1764/1764/1764 1762/1762/1762
f 1765/1765/1765 1762/1762/1762 1764/1764/1764
f 1766/1766/1766 1761/1761/1761 1760/1760/1760
f 1760/1760/1760 1763/1763/1763 1766/1766/1766
f 1764/1764/1764 1761/1761/1761 1766/1766/1766
f 1741/1741/1741 1767/1767/1767 1763/1763/1763
f 1741/1741/1741 1738/1738/1738 1767/1767/1767
f 1768/1768/1768 1765/1765/1765 1764/1764/1764
f 1765/1765/1765 1768/1768/1768 1769/1769/1769
f 1768/1768/1768 1770/1770/1770 1769/1769/1769
f 1769/1769/1769 1770/1770/1770 1771/1771/1771
f 1772/1772/1772 1768/1768/1768 1764/1764/1764
f 1770/1770/1770 1768/1768/1768 1772/1772/1772
f 1773/1773/1773 1764/1764/1764 1766/1766/1766
f 1773/1773/1773 1772/1772/1772 1764/1764/1764
f 1763/1763/1763 1774/1774/1774 1766/1766/1766
f 1766/1766/1766 1774/1774/1774 1773/1773/1773
f 1770/1770/1770 1775/1775/1775 1771/1771/1771
f 1771/1771/1771 1775/1775/1775 1776/1776/1776
f 1763/1763/1763 1767/1767/1767 1777/1777/1777
f 1774/1774/1774 1763/1763/1763 1777/1777/1777
f 1778/1778/1778 1770/1770/1770 1772/1772/1772
f 1775/1775/1775 1770/1770/1770 1778/1778/1778
f 1775/1775/1775 1779/1779/1779 1776/1776/1776
f 1780/1780/1780 1776/1776/1776 1779/1779/1779
f 1781/1781/1781 1775/1775/1775 1778/1778/1778
f 1779/1779/1779 1775/1775/1775 1781/1781/1781
f 1782/1782/1782 1780/1780/1780 1779/1779/1779
f 1783/1783/1783 1780/1780/1780 1782/1782/1782
f 1784/1784/1784 1779/1779/1779 1781/1781/1781
f 1779/1779/1779 1784/1784/1784 1782/1782/1782
f 1785/1785/1785 1781/1781/1781 1778/1778/1778
f 1784/1784/1784 1781/1781/1781 1785/1785/1785
f 1786/1786/1786 1778/1778/1778 1772/1772/1772
f 1786/1786/1786 1785/1785/1785 1778/1778/1778
f 1787/1787/1787 1783/1783/1783 1782/1782/1782
f 1788/1788/1788 1783/1783/1783 1787/1787/1787
f 1784/1784/1784 1789/1789/1789 1782/1782/1782
f 1782/1782/1782 1789/1789/1789 1787/1787/1787
f 1790/1790/1790 1788/1788/1788 1787/1787/1787
f 1791/1791/1791 1788/1788/1788 1790/1790/1790
f 1792/1792/1792 1786/1786/1786 1772/1772/1772
f 1792/1792/1792 1772/1772/1772 1773/1773/1773
f 1789/1789/1789 1793/1793/1793 1787/1787/1787
f 1787/1787/1787 1793/1793/1793 1790/1790/1790
f 1794/1794/1794 1791/1791/1791 1790/1790/1790
f 1791/1791/1791 1794/1794/1794 1795/1795/1795
f 1794/1794/1794 1796/1796/1796 1795/1795/1795
f 1793/1793/1793 1797/1797/1797 1790/1790/1790
f 1790/1790/1790 1797/1797/1797 1794/1794/1794
f 1794/1794/1794 1798/1798/1798 1796/1796/1796
f 1797/1797/1797 1798/1798/1798 1794/1794/1794
f 1798/1798/1798 1799/1799/1799 1796/1796/1796
f 1800/1800/1800 1793/1793/1793 1789/1789/1789
f 1797/1797/1797 1793/1793/1793 1800/1800/1800
f 1798/1798/1798 1801/1801/1801 1799/1799/1799
f 1801/1801/1801 1802/1802/1802 1799/1799/1799
f 1798/1798/1798 1797/1797/1797 1803/1803/1803
f 1803/1803/1803 1797/1797/1797 1800/1800/1800
f 1801/1801/1801 1798/1798/1798 1803/1803/1803
f 1804/1804/1804 1800/1800/1800 1789/1789/1789
f 1804/1804/1804 1789/1789/1789 1784/1784/1784
f 1801/1801/1801 1805/1805/1805 1802/1802/1802
f 1805/1805/1805 1806/1806/1806 1802/1802/1802
f 1807/1807/1807 1806/1806/1806 1805/1805/1805
f 1801/1801/1801 1803/1803/1803 1808/1808/1808
f 1805/1805/1805 1801/1801/1801 1808/1808/1808
f 1803/1803/1803 1800/1800/1800 1809/1809/1809
f 1800/1800/1800 1804/1804/1804 1809/1809/1809
f 1808/1808/1808 1803/1803/1803 1809/1809/1809
f 1810/1810/1810 1807/1807/1807 1805/1805/1805
f 1810/1810/1810 1805/1805/1805 1808/1808/1808
f 1811/1811/1811 1807/1807/1807 1810/1810/1810
f 1812/1812/1812 1804/1804/1804 1784/1784/1784
f 1812/1812/1812 1784/1784/1784 1785/1785/1785
f 1813/1813/1813 1810/1810/1810 1808/1808/1808
f 1813/1813/1813 1808/1808/1808 1809/1809/1809
f 1814/1814/1814 1811/1811/1811 1810/1810/1810
f 1814/1814/1814 1810/1810/1810 1813/1813/1813
f 1811/1811/1811 1814/1814/1814 1815/1815/1815
f 1804/1804/1804 1812/1812/1812 1816/1816/1816
f 1804/1804/1804 1816/1816/1816 1809/1809/1809
f 1812/1812/1812 1785/1785/1785 1817/1817/1817
f 1812/1812/1812 1817/1817/1817 1816/1816/1816
f 1818/1818/1818 1813/1813/1813 1809/1809/1809
f 1818/1818/1818 1809/1809/1809 1816/1816/1816
f 1814/1814/1814 1819/1819/1819 1815/1815/1815
f 1815/1815/1815 1819/1819/1819 1820/1820/1820
f 1821/1821/1821 1814/1814/1814 1813/1813/1813
f 1821/1821/1821 1813/1813/1813 1818/1818/1818
f 1819/1819/1819 1814/1814/1814 1821/1821/1821
f 1822/1822/1822 1818/1818/1818 1816/1816/1816
f 1822/1822/1822 1816/1816/1816 1817/1817/1817
f 1785/1785/1785 1823/1823/1823 1817/1817/1817
f 1785/1785/1785 1786/1786/1786 1823/1823/1823
f 1824/1824/1824 1821/1821/1821 1818/1818/1818
f 1824/1824/1824 1818/1818/1818 1822/1822/1822
f 1825/1825/1825 1819/1819/1819 1821/1821/1821
f 1825/1825/1825 1821/1821/1821 1824/1824/1824
f 1819/1819/1819 1826/1826/1826 1820/1820/1820
f 1826/1826/1826 1819/1819/1819 1825/1825/1825
f 1827/1827/1827 1822/1822/1822 1817/1817/1817
f 1823/1823/1823 1827/1827/1827 1817/1817/1817
f 1786/1786/1786 1828/1828/1828 1823/1823/1823
f 1828/1828/1828 1786/1786/1786 1792/1792/1792
f 1826/1826/1826 1829/1829/1829 1820/1820/1820
f 1829/1829/1829 1830/1830/1830 1820/1820/1820
f 1829/1829/1829 1826/1826/1826 1831/1831/1831
f 1831/1831/1831 1826/1826/1826 1825/1825/1825
f 1832/1832/1832 1829/1829/1829 1831/1831/1831
f 1831/1831/1831 1825/1825/1825 1833/1833/1833
f 1833/1833/1833 1825/1825/1825 1824/1824/1824
f 1832/1832/1832 1831/1831/1831 1834/1834/1834
f 1834/1834/1834 1831/1831/1831 1833/1833/1833
f 1835/1835/1835 1832/1832/1832 1834/1834/1834
f 1835/1835/1835 1834/1834/1834 1836/1836/1836
f 1834/1834/1834 1833/1833/1833 1836/1836/1836
f 1837/1837/1837 1835/1835/1835 1836/1836/1836
f 1833/1833/1833 1824/1824/1824 1838/1838/1838
f 1833/1833/1833 1838/1838/1838 1836/1836/1836
f 1837/1837/1837 1836/1836/1836 1839/1839/1839
f 1836/1836/1836 1838/1838/1838 1839/1839/1839
f 1840/1840/1840 1837/1837/1837 1839/1839/1839
f 1824/1824/1824 1841/1841/1841 1838/1838/1838
f 1841/1841/1841 1824/1824/1824 1822/1822/1822
f 1841/1841/1841 1822/1822/1822 1827/1827/1827
f 1840/1840/1840 1839/1839/1839 1842/1842/1842
f 1843/1843/1843 1840/1840/1840 1842/1842/1842
f 1843/1843/1843 1842/1842/1842 1750/1750/1750
f 1842/1842/1842 1749/1749/1749 1750/1750/1750
f 1838/1838/1838 1844/1844/1844 1839/1839/1839
f 1838/1838/1838 1841/1841/1841 1844/1844/1844
f 1842/1842/1842 1839/1839/1839 1844/1844/1844
f 1845/1845/1845 1841/1841/1841 1827/1827/1827
f 1841/1841/1841 1845/1845/1845 1844/1844/1844
f 1846/1846/1846 1842/1842/1842 1844/1844/1844
f 1842/1842/1842 1846/1846/1846 1749/1749/1749
f 1844/1844/1844 1845/1845/1845 1846/1846/1846
f 1847/1847/1847 1845/1845/1845 1827/1827/1827
f 1845/1845/1845 1847/1847/1847 1846/1846/1846
f 1847/1847/1847 1827/1827/1827 1823/1823/1823
f 1823/1823/1823 1828/1828/1828 1847/1847/1847
f 1846/1846/1846 1848/1848/1848 1749/1749/1749
f 1846/1846/1846 1847/1847/1847 1848/1848/1848
f 1744/1744/1744 1749/1749/1749 1848/1848/1848
f 1828/1828/1828 1849/1849/1849 1847/1847/1847
f 1847/1847/1847 1849/1849/1849 1848/1848/1848
f 1850/1850/1850 1744/1744/1744 1848/1848/1848
f 1850/1850/1850 1848/1848/1848 1849/1849/1849
f 1739/1739/1739 1744/1744/1744 1850/1850/1850
f 1849/1849/1849 1828/1828/1828 1851/1851/1851
f 1851/1851/1851 1828/1828/1828 1792/1792/1792
f 1852/1852/1852 1850/1850/1850 1849/1849/1849
f 1852/1852/1852 1849/1849/1849 1851/1851/1851
f 1853/1853/1853 1739/1739/1739 1850/1850/1850
f 1739/1739/1739 1853/1853/1853 1732/1732/1732
f 1792/1792/1792 1854/1854/1854 1851/1851/1851
f 1854/1854/1854 1792/1792/1792 1773/1773/1773
f 1774/1774/1774 1854/1854/1854 1773/1773/1773
f 1854/1854/1854 1855/1855/1855 1851/1851/1851
f 1855/1855/1855 1854/1854/1854 1774/1774/1774
f 1851/1851/1851 1855/1855/1855 1852/1852/1852
f 1777/1777/1777 1855/1855/1855 1774/1774/1774
f 1852/1852/1852 1856/1856/1856 1850/1850/1850
f 1855/1855/1855 1856/1856/1856 1852/1852/1852
f 1856/1856/1856 1855/1855/1855 1777/1777/1777
f 1856/1856/1856 1853/1853/1853 1850/1850/1850
f 1857/1857/1857 1856/1856/1856 1777/1777/1777
f 1856/1856/1856 1857/1857/1857 1853/1853/1853
f 1857/1857/1857 1777/1777/1777 1767/1767/1767
f 1853/1853/1853 1858/1858/1858 1732/1732/1732
f 1857/1857/1857 1858/1858/1858 1853/1853/1853
f 1858/1858/1858 1734/1734/1734 1732/1732/1732
f 1859/1859/1859 1857/1857/1857 1767/1767/1767
f 1858/1858/1858 1857/1857/1857 1859/1859/1859
f 1734/1734/1734 1858/1858/1858 1859/1859/1859
f 1738/1738/1738 1859/1859/1859 1767/1767/1767
f 1859/1859/1859 1738/1738/1738 1734/1734/1734
f 1862/1862/1862 1861/1861/1861 1860/1860/1860
f 1861/1861/1861 1863/1863/1863 1860/1860/1860
f 1864/1864/1864 1860/1860/1860 1863/1863/1863
f 1863/1863/1863 1861/1861/1861 1865/1865/1865
f 1861/1861/1861 1866/1866/1866 1865/1865/1865
f 1867/1867/1867 1864/1864/1864 1863/1863/1863
f 1867/1867/1867 1863/1863/1863 1865/1865/1865
f 1868/1868/1868 1864/1864/1864 1867/1867/1867
f 1869/1869/1869 1868/1868/1868 1867/1867/1867
f 1868/1868/1868 1869/1869/1869 1870/1870/1870
f 1871/1871/1871 1867/1867/1867 1865/1865/1865
f 1867/1867/1867 1871/1871/1871 1869/1869/1869
f 1866/1866/1866 1872/1872/1872 1865/1865/1865
f 1871/1871/1871 1865/1865/1865 1873/1873/1873
f 1865/1865/1865 1872/1872/1872 1873/1873/1873
f 1872/1872/1872 1866/1866/1866 1874/1874/1874
f 1866/1866/1866 1875/1875/1875 1874/1874/1874
f 1874/1874/1874 1875/1875/1875 1876/1876/1876
f 1873/1873/1873 1872/1872/1872 1877/1877/1877
f 1872/1872/1872 1874/1874/1874 1877/1877/1877
f 1871/1871/1871 1873/1873/1873 1878/1878/1878
f 1873/1873/1873 1877/1877/1877 1878/1878/1878
f 1869/1869/1869 1879/1879/1879 1870/1870/1870
f 1871/1871/1871 1880/1880/1880 1869/1869/1869
f 1869/1869/1869 1880/1880/1880 1879/1879/1879
f 1879/1879/1879 1881/1881/1881 1870/1870/1870
f 1881/1881/1881 1882/1882/1882 1870/1870/1870
f 1882/1882/1882 1881/1881/1881 1883/1883/1883
f 1884/1884/1884 1871/1871/1871 1878/1878/1878
f 1884/1884/1884 1880/1880/1880 1871/1871/1871
f 1880/1880/1880 1885/1885/1885 1879/1879/1879
f 1881/1881/1881 1879/1879/1879 1885/1885/1885
f 1881/1881/1881 1886/1886/1886 1883/1883/1883
f 1887/1887/1887 1883/1883/1883 1886/1886/1886
f 1888/1888/1888 1887/1887/1887 1886/1886/1886
f 1889/1889/1889 1888/1888/1888 1886/1886/1886
f 1885/1885/1885 1880/1880/1880 1890/1890/1890
f 1880/1880/1880 1884/1884/1884 1890/1890/1890
f 1891/1891/1891 1881/1881/1881 1885/1885/1885
f 1886/1886/1886 1881/1881/1881 1891/1891/1891
f 1891/1891/1891 1885/1885/1885 1890/1890/1890
f 1892/1892/1892 1889/1889/1889 1886/1886/1886
f 1892/1892/1892 1886/1886/1886 1891/1891/1891
f 1893/1893/1893 1889/1889/1889 1892/1892/1892
f 1894/1894/1894 1893/1893/1893 1892/1892/1892
f 1894/1894/1894 1892/1892/1892 1895/1895/1895
f 1892/1892/1892 1891/1891/1891 1895/1895/1895
f 1895/1895/1895 1891/1891/1891 1890/1890/1890
f 1896/1896/1896 1895/1895/1895 1890/1890/1890
f 1897/1897/1897 1896/1896/1896 1890/1890/1890
f 1897/1897/1897 1890/1890/1890 1884/1884/1884
f 1898/1898/1898 1896/1896/1896 1897/1897/1897
f 1899/1899/1899 1897/1897/1897 1884/1884/1884
f 1899/1899/1899 1884/1884/1884 1878/1878/1878
f 1900/1900/1900 1898/1898/1898 1897/1897/1897
f 1897/1897/1897 1899/1899/1899 1900/1900/1900
f 1898/1898/1898 1900/1900/1900 1901/1901/1901
f 1900/1900/1900 1902/1902/1902 1901/1901/1901
f 1903/1903/1903 1901/1901/1901 1902/1902/1902
f 1899/1899/1899 1904/1904/1904 1900/1900/1900
f 1900/1900/1900 1904/1904/1904 1902/1902/1902
f 1905/1905/1905 1899/1899/1899 1878/1878/1878
f 1906/1906/1906 1904/1904/1904 1899/1899/1899
f 1905/1905/1905 1906/1906/1906 1899/1899/1899
f 1907/1907/1907 1906/1906/1906 1905/1905/1905
f 1878/1878/1878 1908/1908/1908 1905/1905/1905
f 1877/1877/1877 1908/1908/1908 1878/1878/1878
f 1906/1906/1906 1909/1909/1909 1904/1904/1904
f 1904/1904/1904 1909/1909/1909 1902/1902/1902
f 1909/1909/1909 1906/1906/1906 1910/1910/1910
f 1909/1909/1909 1910/1910/1910 1902/1902/1902
f 1910/1910/1910 1906/1906/1906 1907/1907/1907
f 1911/1911/1911 1903/1903/1903 1902/1902/1902
f 1910/1910/1910 1911/1911/1911 1902/1902/1902
f 1903/1903/1903 1911/1911/1911 1912/1912/1912
f 1911/1911/1911 1910/1910/1910 1912/1912/1912
f 1913/1913/1913 1903/1903/1903 1912/1912/1912
f 1914/1914/1914 1913/1913/1913 1912/1912/1912
f 1910/1910/1910 1915/1915/1915 1912/1912/1912
f 1915/1915/1915 1910/1910/1910 1907/1907/1907
f 1916/1916/1916 1914/1914/1914 1912/1912/1912
f 1916/1916/1916 1912/1912/1912 1915/1915/1915
f 1877/1877/1877 1917/1917/1917 1908/1908/1908
f 1917/1917/1917 1877/1877/1877 1874/1874/1874
f 1914/1914/1914 1916/1916/1916 1918/1918/1918
f 1919/1919/1919 1914/1914/1914 1918/1918/1918
f 1919/1919/1919 1918/1918/1918 1920/1920/1920
f 1918/1918/1918 1921/1921/1921 1920/1920/1920
f 1920/1920/1920 1921/1921/1921 1922/1922/1922
f 1923/1923/1923 1918/1918/1918 1916/1916/1916
f 1921/1921/1921 1918/1918/1918 1923/1923/1923
f 1924/1924/1924 1916/1916/1916 1915/1915/1915
f 1924/1924/1924 1923/1923/1923 1916/1916/1916
f 1924/1924/1924 1915/1915/1915 1925/1925/1925
f 1925/1925/1925 1915/1915/1915 1907/1907/1907
f 1924/1924/1924 1925/1925/1925 1926/1926/1926
f 1923/1923/1923 1924/1924/1924 1926/1926/1926
f 1926/1926/1926 1925/1925/1925 1927/1927/1927
f 1925/1925/1925 1907/1907/1907 1927/1927/1927
f 1926/1926/1926 1928/1928/1928 1923/1923/1923
f 1928/1928/1928 1926/1926/1926 1927/1927/1927
f 1929/1929/1929 1928/1928/1928 1927/1927/1927
f 1930/1930/1930 1921/1921/1921 1923/1923/1923
f 1928/1928/1928 1930/1930/1930 1923/1923/1923
f 1921/1921/1921 1931/1931/1931 1922/1922/1922
f 1931/1931/1931 1921/1921/1921 1930/1930/1930
f 1928/1928/1928 1932/1932/1932 1930/1930/1930
f 1928/1928/1928 1929/1929/1929 1932/1932/1932
f 1932/1932/1932 1931/1931/1931 1930/1930/1930
f 1927/1927/1927 1907/1907/1907 1933/1933/1933
f 1927/1927/1927 1933/1933/1933 1929/1929/1929
f 1931/1931/1931 1934/1934/1934 1922/1922/1922
f 1934/1934/1934 1935/1935/1935 1922/1922/1922
f 1936/1936/1936 1935/1935/1935 1934/1934/1934
f 1932/1932/1932 1937/1937/1937 1931/1931/1931
f 1929/1929/1929 1937/1937/1937 1932/1932/1932
f 1937/1937/1937 1934/1934/1934 1931/1931/1931
f 1907/1907/1907 1938/1938/1938 1933/1933/1933
f 1938/1938/1938 1907/1907/1907 1905/1905/1905
f 1908/1908/1908 1938/1938/1938 1905/1905/1905
f 1908/1908/1908 1939/1939/1939 1938/1938/1938
f 1939/1939/1939 1933/1933/1933 1938/1938/1938
f 1917/1917/1917 1939/1939/1939 1908/1908/1908
f 1940/1940/1940 1936/1936/1936 1934/1934/1934
f 1936/1936/1936 1940/1940/1940 1941/1941/1941
f 1942/1942/1942 1936/1936/1936 1941/1941/1941
f 1943/1943/1943 1942/1942/1942 1941/1941/1941
f 1944/1944/1944 1940/1940/1940 1934/1934/1934
f 1937/1937/1937 1944/1944/1944 1934/1934/1934
f 1941/1941/1941 1940/1940/1940 1944/1944/1944
f 1945/1945/1945 1944/1944/1944 1937/1937/1937
f 1937/1937/1937 1929/1929/1929 1945/1945/1945
f 1946/1946/1946 1943/1943/1943 1941/1941/1941
f 1943/1943/1943 1946/1946/1946 1947/1947/1947
f 1948/1948/1948 1941/1941/1941 1944/1944/1944
f 1944/1944/1944 1945/1945/1945 1948/1948/1948
f 1948/1948/1948 1949/1949/1949 1941/1941/1941
f 1948/1948/1948 1945/1945/1945 1949/1949/1949
f 1949/1949/1949 1946/1946/1946 1941/1941/1941
f 1945/1945/1945 1929/1929/1929 1950/1950/1950
f 1945/1945/1945 1950/1950/1950 1949/1949/1949
f 1929/1929/1929 1951/1951/1951 1950/1950/1950
f 1933/1933/1933 1951/1951/1951 1929/1929/1929
f 1952/1952/1952 1951/1951/1951 1933/1933/1933
f 1951/1951/1951 1952/1952/1952 1950/1950/1950
f 1939/1939/1939 1952/1952/1952 1933/1933/1933
f 1949/1949/1949 1950/1950/1950 1953/1953/1953
f 1952/1952/1952 1953/1953/1953 1950/1950/1950
f 1952/1952/1952 1939/1939/1939 1954/1954/1954
f 1952/1952/1952 1954/1954/1954 1953/1953/1953
f 1939/1939/1939 1917/1917/1917 1954/1954/1954
f 1946/1946/1946 1949/1949/1949 1955/1955/1955
f 1955/1955/1955 1949/1949/1949 1953/1953/1953
f 1917/1917/1917 1956/1956/1956 1954/1954/1954
f 1956/1956/1956 1917/1917/1917 1874/1874/1874
f 1956/1956/1956 1874/1874/1874 1876/1876/1876
f 1957/1957/1957 1956/1956/1956 1876/1876/1876
f 1956/1956/1956 1957/1957/1957 1954/1954/1954
f 1958/1958/1958 1957/1957/1957 1876/1876/1876
f 1954/1954/1954 1959/1959/1959 1953/1953/1953
f 1954/1954/1954 1957/1957/1957 1959/1959/1959
f 1957/1957/1957 1958/1958/1958 1960/1960/1960
f 1957/1957/1957 1960/1960/1960 1959/1959/1959
f 1960/1960/1960 1958/1958/1958 1961/1961/1961
f 1960/1960/1960 1961/1961/1961 1959/1959/1959
f 1958/1958/1958 1962/1962/1962 1961/1961/1961
f 1961/1961/1961 1962/1962/1962 1963/1963/1963
f 1953/1953/1953 1959/1959/1959 1964/1964/1964
f 1955/1955/1955 1953/1953/1953 1964/1964/1964
f 1961/1961/1961 1964/1964/1964 1959/1959/1959
f 1965/1965/1965 1961/1961/1961 1963/1963/1963
f 1965/1965/1965 1963/1963/1963 1966/1966/1966
f 1967/1967/1967 1965/1965/1965 1966/1966/1966
f 1965/1965/1965 1968/1968/1968 1961/1961/1961
f 1965/1965/1965 1967/1967/1967 1968/1968/1968
f 1968/1968/1968 1964/1964/1964 1961/1961/1961
f 1967/1967/1967 1969/1969/1969 1968/1968/1968
f 1968/1968/1968 1969/1969/1969 1970/1970/1970
f 1964/1964/1964 1968/1968/1968 1970/1970/1970
f 1969/1969/1969 1971/1971/1971 1970/1970/1970
f 1955/1955/1955 1964/1964/1964 1972/1972/1972
f 1972/1972/1972 1964/1964/1964 1970/1970/1970
f 1973/1973/1973 1970/1970/1970 1971/1971/1971
f 1970/1970/1970 1973/1973/1973 1972/1972/1972
f 1974/1974/1974 1973/1973/1973 1971/1971/1971
f 1955/1955/1955 1972/1972/1972 1975/1975/1975
f 1975/1975/1975 1946/1946/1946 1955/1955/1955
f 1946/1946/1946 1975/1975/1975 1947/1947/1947
f 1972/1972/1972 1976/1976/1976 1975/1975/1975
f 1973/1973/1973 1976/1976/1976 1972/1972/1972
f 1947/1947/1947 1975/1975/1975 1977/1977/1977
f 1975/1975/1975 1976/1976/1976 1977/1977/1977
f 1976/1976/1976 1973/1973/1973 1977/1977/1977
f 1978/1978/1978 1947/1947/1947 1977/1977/1977
f 1973/1973/1973 1974/1974/1974 1979/1979/1979
f 1973/1973/1973 1979/1979/1979 1977/1977/1977
f 1974/1974/1974 1980/1980/1980 1979/1979/1979
f 1981/1981/1981 1978/1978/1978 1977/1977/1977
f 1981/1981/1981 1977/1977/1977 1979/1979/1979
f 1978/1978/1978 1981/1981/1981 1982/1982/1982
f 1981/1981/1981 1983/1983/1983 1982/1982/1982
f 1984/1984/1984 1979/1979/1979 1980/1980/1980
f 1984/1984/1984 1981/1981/1981 1979/1979/1979
f 1981/1981/1981 1984/1984/1984 1983/1983/1983
f 1985/1985/1985 1984/1984/1984 1980/1980/1980
f 1984/1984/1984 1986/1986/1986 1983/1983/1983
f 1984/1984/1984 1985/1985/1985 1986/1986/1986
f 1985/1985/1985 1987/1987/1987 1986/1986/1986
f 1990/1990/1990 1989/1989/1989 1988/1988/1988
f 1991/1991/1991 1989/1989/1989 1990/1990/1990
f 1992/1992/1992 1991/1991/1991 1990/1990/1990
f 1992/1992/1992 1990/1990/1990 1993/1993/1993
f 1994/1994/1994 1992/1992/1992 1993/1993/1993
f 1992/1992/1992 1995/1995/1995 1991/1991/1991
f 1989/1989/1989 1991/1991/1991 1996/1996/1996
f 1997/1997/1997 1989/1989/1989 1996/1996/1996
f 1998/1998/1998 1997/1997/1997 1996/1996/1996
f 1996/1996/1996 1999/1999/1999 1998/1998/1998
f 1996/1996/1996 1991/1991/1991 1999/1999/1999
f 2000/2000/2000 1991/1991/1991 1995/1995/1995
f 1991/1991/1991 2000/2000/2000 1999/1999/1999
f 2001/2001/2001 2000/2000/2000 1995/1995/1995
f 2001/2001/2001 1995/1995/1995 2002/2002/2002
f 2003/2003/2003 2001/2001/2001 2002/2002/2002
f 2003/2003/2003 2002/2002/2002 2004/2004/2004
f 2005/2005/2005 2003/2003/2003 2004/2004/2004
f 2001/2001/2001 2003/2003/2003 2006/2006/2006
f 2006/2006/2006 2003/2003/2003 2005/2005/2005
f 2001/2001/2001 2006/2006/2006 2000/2000/2000
f 2007/2007/2007 2006/2006/2006 2005/2005/2005
f 2006/2006/2006 2007/2007/2007 2008/2008/2008
f 2000/2000/2000 2006/2006/2006 2008/2008/2008
f 2007/2007/2007 2009/2009/2009 2008/2008/2008
f 2008/2008/2008 2009/2009/2009 2010/2010/2010
f 2000/2000/2000 2011/2011/2011 1999/1999/1999
f 2011/2011/2011 2000/2000/2000 2008/2008/2008
f 2011/2011/2011 2012/2012/2012 1999/1999/1999
f 2011/2011/2011 2008/2008/2008 2013/2013/2013
f 2013/2013/2013 2008/2008/2008 2010/2010/2010
f 2012/2012/2012 2011/2011/2011 2014/2014/2014
f 2014/2014/2014 2011/2011/2011 2013/2013/2013
f 2015/2015/2015 2012/2012/2012 2014/2014/2014
f 2015/2015/2015 2014/2014/2014 2016/2016/2016
f 2017/2017/2017 2015/2015/2015 2016/2016/2016
f 2016/2016/2016 2014/2014/2014 2018/2018/2018
f 2014/2014/2014 2013/2013/2013 2018/2018/2018
f 2013/2013/2013 2010/2010/2010 2018/2018/2018
f 2018/2018/2018 2010/2010/2010 2019/2019/2019
f 2010/2010/2010 2020/2020/2020 2019/2019/2019
f 2023/2023/2023 2022/2022/2022 2021/2021/2021
f 2022/2022/2022 2024/2024/2024 2021/2021/2021
f 2021/2021/2021 2024/2024/2024 2025/2025/2025
f 2024/2024/2024 2026/2026/2026 2025/2025/2025
f 2025/2025/2025 2026/2026/2026 2027/2027/2027
f 2024/2024/2024 2022/2022/2022 2028/2028/2028
f 2026/2026/2026 2024/2024/2024 2029/2029/2029
f 2029/2029/2029 2024/2024/2024 2028/2028/2028
f 2022/2022/2022 2030/2030/2030 2028/2028/2028
f 2031/2031/2031 2030/2030/2030 2022/2022/2022
f 2032/2032/2032 2031/2031/2031 2022/2022/2022
f 2030/2030/2030 2033/2033/2033 2028/2028/2028
f 2034/2034/2034 2031/2031/2031 2032/2032/2032
f 2028/2028/2028 2033/2033/2033 2035/2035/2035
f 2028/2028/2028 2035/2035/2035 2029/2029/2029
f 2033/2033/2033 2036/2036/2036 2035/2035/2035
f 2037/2037/2037 2034/2034/2034 2032/2032/2032
f 2032/2032/2032 2038/2038/2038 2037/2037/2037
f 2039/2039/2039 2034/2034/2034 2037/2037/2037
f 2038/2038/2038 2040/2040/2040 2037/2037/2037
f 2038/2038/2038 2041/2041/2041 2040/2040/2040
f 2041/2041/2041 2042/2042/2042 2040/2040/2040
f 2043/2043/2043 2039/2039/2039 2037/2037/2037
f 2044/2044/2044 2039/2039/2039 2043/2043/2043
f 2035/2035/2035 2036/2036/2036 2045/2045/2045
f 2036/2036/2036 2046/2046/2046 2045/2045/2045
f 2047/2047/2047 2044/2044/2044 2043/2043/2043
f 2048/2048/2048 2044/2044/2044 2047/2047/2047
f 2045/2045/2045 2046/2046/2046 2049/2049/2049
f 2046/2046/2046 2050/2050/2050 2049/2049/2049
f 2050/2050/2050 2048/2048/2048 2051/2051/2051
f 2051/2051/2051 2048/2048/2048 2047/2047/2047
f 2049/2049/2049 2050/2050/2050 2051/2051/2051
f 2049/2049/2049 2052/2052/2052 2045/2045/2045
f 2052/2052/2052 2053/2053/2053 2045/2045/2045
f 2045/2045/2045 2053/2053/2053 2035/2035/2035
f 2051/2051/2051 2054/2054/2054 2049/2049/2049
f 2054/2054/2054 2055/2055/2055 2049/2049/2049
f 2047/2047/2047 2056/2056/2056 2051/2051/2051
f 2056/2056/2056 2054/2054/2054 2051/2051/2051
f 2047/2047/2047 2043/2043/2043 2057/2057/2057
f 2047/2047/2047 2057/2057/2057 2056/2056/2056
f 2054/2054/2054 2058/2058/2058 2055/2055/2055
f 2058/2058/2058 2059/2059/2059 2055/2055/2055
f 2043/2043/2043 2060/2060/2060 2057/2057/2057
f 2043/2043/2043 2061/2061/2061 2060/2060/2060
f 2061/2061/2061 2062/2062/2062 2060/2060/2060
f 2056/2056/2056 2063/2063/2063 2054/2054/2054
f 2063/2063/2063 2058/2058/2058 2054/2054/2054
f 2063/2063/2063 2064/2064/2064 2058/2058/2058
f 2064/2064/2064 2065/2065/2065 2058/2058/2058
f 2057/2057/2057 2066/2066/2066 2056/2056/2056
f 2056/2056/2056 2066/2066/2066 2063/2063/2063
f 2064/2064/2064 2067/2067/2067 2065/2065/2065
f 2067/2067/2067 2068/2068/2068 2065/2065/2065
f 2069/2069/2069 2067/2067/2067 2064/2064/2064
f 2070/2070/2070 2066/2066/2066 2057/2057/2057
f 2071/2071/2071 2070/2070/2070 2057/2057/2057
f 2070/2070/2070 2072/2072/2072 2066/2066/2066
f 2066/2066/2066 2073/2073/2073 2063/2063/2063
f 2072/2072/2072 2073/2073/2073 2066/2066/2066
f 2063/2063/2063 2073/2073/2073 2064/2064/2064
f 2072/2072/2072 2074/2074/2074 2073/2073/2073
f 2074/2074/2074 2075/2075/2075 2073/2073/2073
f 2073/2073/2073 2075/2075/2075 2064/2064/2064
f 2075/2075/2075 2076/2076/2076 2064/2064/2064
f 2077/2077/2077 2069/2069/2069 2064/2064/2064
f 2076/2076/2076 2077/2077/2077 2064/2064/2064
f 2077/2077/2077 2076/2076/2076 2078/2078/2078
f 2079/2079/2079 2069/2069/2069 2077/2077/2077
f 2080/2080/2080 2077/2077/2077 2078/2078/2078
f 2081/2081/2081 2079/2079/2079 2077/2077/2077
f 2081/2081/2081 2077/2077/2077 2080/2080/2080
f 2082/2082/2082 2079/2079/2079 2081/2081/2081
f 2027/2027/2027 2082/2082/2082 2081/2081/2081
f 2083/2083/2083 2081/2081/2081 2080/2080/2080
f 2084/2084/2084 2082/2082/2082 2027/2027/2027
f 2083/2083/2083 2080/2080/2080 2085/2085/2085
f 2086/2086/2086 2083/2083/2083 2085/2085/2085
f 2086/2086/2086 2085/2085/2085 2087/2087/2087
f 2088/2088/2088 2086/2086/2086 2087/2087/2087
f 2089/2089/2089 2084/2084/2084 2027/2027/2027
f 2090/2090/2090 2084/2084/2084 2089/2089/2089
f 2091/2091/2091 2090/2090/2090 2089/2089/2089
f 2092/2092/2092 2090/2090/2090 2091/2091/2091
f 2093/2093/2093 2092/2092/2092 2091/2091/2091
f 2091/2091/2091 2089/2089/2089 2094/2094/2094
f 2095/2095/2095 2092/2092/2092 2093/2093/2093
f 2089/2089/2089 2026/2026/2026 2094/2094/2094
f 2026/2026/2026 2089/2089/2089 2027/2027/2027
f 2094/2094/2094 2026/2026/2026 2029/2029/2029
f 2096/2096/2096 2095/2095/2095 2093/2093/2093
f 2097/2097/2097 2095/2095/2095 2096/2096/2096
f 2096/2096/2096 2093/2093/2093 2098/2098/2098
f 2099/2099/2099 2097/2097/2097 2096/2096/2096
f 2068/2068/2068 2097/2097/2097 2099/2099/2099
f 2100/2100/2100 2068/2068/2068 2099/2099/2099
f 2101/2101/2101 2096/2096/2096 2098/2098/2098
f 2099/2099/2099 2096/2096/2096 2101/2101/2101
f 2101/2101/2101 2098/2098/2098 2102/2102/2102
f 2035/2035/2035 2102/2102/2102 2029/2029/2029
f 2053/2053/2053 2102/2102/2102 2035/2035/2035
f 2053/2053/2053 2101/2101/2101 2102/2102/2102
f 2100/2100/2100 2099/2099/2099 2103/2103/2103
f 2103/2103/2103 2099/2099/2099 2101/2101/2101
f 2103/2103/2103 2101/2101/2101 2053/2053/2053
f 2104/2104/2104 2100/2100/2100 2103/2103/2103
f 2105/2105/2105 2103/2103/2103 2053/2053/2053
f 2107/2107/2107 2093/2093/2093 2106/2106/2106
f 2108/2108/2108 2107/2107/2107 2106/2106/2106
f 2029/2029/2029 2110/2110/2110 2109/2109/2109
f 2110/2110/2110 2111/2111/2111 2109/2109/2109
f 2114/2114/2114 2113/2113/2113 2112/2112/2112
f 2115/2115/2115 2114/2114/2114 2112/2112/2112
f 2115/2115/2115 2112/2112/2112 2116/2116/2116
f 2117/2117/2117 2115/2115/2115 2116/2116/2116
f 2117/2117/2117 2116/2116/2116 2118/2118/2118
f 2119/2119/2119 2117/2117/2117 2118/2118/2118
f 2027/2027/2027 2120/2120/2120 2042/2042/2042
f 2121/2121/2121 2027/2027/2027 2042/2042/2042
f 2124/2124/2124 2123/2123/2123 2122/2122/2122
f 2125/2125/2125 2124/2124/2124 2122/2122/2122
f 2125/2125/2125 2122/2122/2122 2126/2126/2126
f 2124/2124/2124 2125/2125/2125 2127/2127/2127
f 2128/2128/2128 2124/2124/2124 2127/2127/2127
f 2129/2129/2129 2125/2125/2125 2126/2126/2126
f 2125/2125/2125 2129/2129/2129 2127/2127/2127
f 2129/2129/2129 2126/2126/2126 2130/2130/2130
f 2129/2129/2129 2131/2131/2131 2127/2127/2127
f 2132/2132/2132 2129/2129/2129 2130/2130/2130
f 2129/2129/2129 2132/2132/2132 2131/2131/2131
f 2132/2132/2132 2130/2130/2130 2133/2133/2133
f 2132/2132/2132 2134/2134/2134 2131/2131/2131
f 2135/2135/2135 2132/2132/2132 2133/2133/2133
f 2134/2134/2134 2132/2132/2132 2135/2135/2135
f 2136/2136/2136 2134/2134/2134 2135/2135/2135
f 2135/2135/2135 2133/2133/2133 2137/2137/2137
f 2136/2136/2136 2135/2135/2135 2138/2138/2138
f 2138/2138/2138 2135/2135/2135 2137/2137/2137
f 2139/2139/2139 2136/2136/2136 2138/2138/2138
f 2139/2139/2139 2138/2138/2138 2140/2140/2140
f 2141/2141/2141 2138/2138/2138 2137/2137/2137
f 2138/2138/2138 2141/2141/2141 2140/2140/2140
f 2142/2142/2142 2141/2141/2141 2137/2137/2137
f 2140/2140/2140 2141/2141/2141 2143/2143/2143
f 2144/2144/2144 2141/2141/2141 2142/2142/2142
f 2141/2141/2141 2144/2144/2144 2143/2143/2143
f 2145/2145/2145 2144/2144/2144 2142/2142/2142
f 2143/2143/2143 2144/2144/2144 2146/2146/2146
f 2144/2144/2144 2145/2145/2145 2147/2147/2147
f 2144/2144/2144 2147/2147/2147 2146/2146/2146
f 2146/2146/2146 2147/2147/2147 2148/2148/2148
f 2145/2145/2145 2149/2149/2149 2147/2147/2147
f 2147/2147/2147 2150/2150/2150 2148/2148/2148
f 2150/2150/2150 2147/2147/2147 2149/2149/2149
f 2151/2151/2151 2150/2150/2150 2149/2149/2149
f 2154/2154/2154 2153/2153/2153 2152/2152/2152
f 2155/2155/2155 2154/2154/2154 2152/2152/2152
f 2156/2156/2156 2154/2154/2154 2155/2155/2155
f 2155/2155/2155 2152/2152/2152 2157/2157/2157
f 2158/2158/2158 2156/2156/2156 2155/2155/2155
f 2159/2159/2159 2156/2156/2156 2158/2158/2158
f 2160/2160/2160 2155/2155/2155 2157/2157/2157
f 2155/2155/2155 2160/2160/2160 2158/2158/2158
f 2161/2161/2161 2160/2160/2160 2157/2157/2157
f 2162/2162/2162 2161/2161/2161 2157/2157/2157
f 2160/2160/2160 2163/2163/2163 2158/2158/2158
f 2163/2163/2163 2160/2160/2160 2161/2161/2161
f 2164/2164/2164 2159/2159/2159 2158/2158/2158
f 2158/2158/2158 2163/2163/2163 2164/2164/2164
f 2164/2164/2164 2165/2165/2165 2159/2159/2159
f 2165/2165/2165 2166/2166/2166 2159/2159/2159
f 2163/2163/2163 2167/2167/2167 2164/2164/2164
f 2164/2164/2164 2167/2167/2167 2165/2165/2165
f 2161/2161/2161 2162/2162/2162 2168/2168/2168
f 2162/2162/2162 2169/2169/2169 2168/2168/2168
f 2169/2169/2169 2170/2170/2170 2168/2168/2168
f 2171/2171/2171 2163/2163/2163 2161/2161/2161
f 2163/2163/2163 2171/2171/2171 2167/2167/2167
f 2165/2165/2165 2172/2172/2172 2166/2166/2166
f 2172/2172/2172 2173/2173/2173 2166/2166/2166
f 2168/2168/2168 2174/2174/2174 2161/2161/2161
f 2174/2174/2174 2171/2171/2171 2161/2161/2161
f 2170/2170/2170 2175/2175/2175 2168/2168/2168
f 2175/2175/2175 2170/2170/2170 2176/2176/2176
f 2173/2173/2173 2172/2172/2172 2177/2177/2177
f 2178/2178/2178 2173/2173/2173 2177/2177/2177
f 2179/2179/2179 2174/2174/2174 2168/2168/2168
f 2175/2175/2175 2179/2179/2179 2168/2168/2168
f 2180/2180/2180 2175/2175/2175 2176/2176/2176
f 2180/2180/2180 2176/2176/2176 2181/2181/2181
f 2178/2178/2178 2177/2177/2177 2182/2182/2182
f 2183/2183/2183 2178/2178/2178 2182/2182/2182
f 2179/2179/2179 2175/2175/2175 2184/2184/2184
f 2175/2175/2175 2180/2180/2180 2184/2184/2184
f 2185/2185/2185 2180/2180/2180 2181/2181/2181
f 2185/2185/2185 2181/2181/2181 2186/2186/2186
f 2187/2187/2187 2185/2185/2185 2186/2186/2186
f 2180/2180/2180 2185/2185/2185 2188/2188/2188
f 2188/2188/2188 2185/2185/2185 2187/2187/2187
f 2184/2184/2184 2180/2180/2180 2188/2188/2188
f 2189/2189/2189 2188/2188/2188 2187/2187/2187
f 2190/2190/2190 2188/2188/2188 2189/2189/2189
f 2184/2184/2184 2188/2188/2188 2190/2190/2190
f 2191/2191/2191 2190/2190/2190 2189/2189/2189
f 2191/2191/2191 2192/2192/2192 2190/2190/2190
f 2179/2179/2179 2184/2184/2184 2193/2193/2193
f 2193/2193/2193 2184/2184/2184 2190/2190/2190
f 2192/2192/2192 2194/2194/2194 2190/2190/2190
f 2190/2190/2190 2194/2194/2194 2193/2193/2193
f 2194/2194/2194 2192/2192/2192 2195/2195/2195
f 2196/2196/2196 2179/2179/2179 2193/2193/2193
f 2174/2174/2174 2179/2179/2179 2196/2196/2196
f 2197/2197/2197 2194/2194/2194 2195/2195/2195
f 2195/2195/2195 2198/2198/2198 2197/2197/2197
f 2194/2194/2194 2199/2199/2199 2193/2193/2193
f 2196/2196/2196 2193/2193/2193 2199/2199/2199
f 2194/2194/2194 2197/2197/2197 2199/2199/2199
f 2200/2200/2200 2174/2174/2174 2196/2196/2196
f 2171/2171/2171 2174/2174/2174 2200/2200/2200
f 2198/2198/2198 2201/2201/2201 2197/2197/2197
f 2201/2201/2201 2198/2198/2198 2202/2202/2202
f 2203/2203/2203 2201/2201/2201 2202/2202/2202
f 2203/2203/2203 2202/2202/2202 2204/2204/2204
f 2201/2201/2201 2205/2205/2205 2197/2197/2197
f 2201/2201/2201 2203/2203/2203 2205/2205/2205
f 2197/2197/2197 2206/2206/2206 2199/2199/2199
f 2205/2205/2205 2206/2206/2206 2197/2197/2197
f 2207/2207/2207 2196/2196/2196 2199/2199/2199
f 2207/2207/2207 2199/2199/2199 2206/2206/2206
f 2208/2208/2208 2203/2203/2203 2204/2204/2204
f 2208/2208/2208 2204/2204/2204 2209/2209/2209
f 2200/2200/2200 2196/2196/2196 2210/2210/2210
f 2196/2196/2196 2207/2207/2207 2210/2210/2210
f 2211/2211/2211 2171/2171/2171 2200/2200/2200
f 2171/2171/2171 2211/2211/2211 2167/2167/2167
f 2212/2212/2212 2211/2211/2211 2200/2200/2200
f 2210/2210/2210 2212/2212/2212 2200/2200/2200
f 2213/2213/2213 2167/2167/2167 2211/2211/2211
f 2212/2212/2212 2213/2213/2213 2211/2211/2211
f 2167/2167/2167 2213/2213/2213 2165/2165/2165
f 2213/2213/2213 2214/2214/2214 2165/2165/2165
f 2213/2213/2213 2212/2212/2212 2214/2214/2214
f 2214/2214/2214 2172/2172/2172 2165/2165/2165
f 2215/2215/2215 2212/2212/2212 2210/2210/2210
f 2212/2212/2212 2215/2215/2215 2214/2214/2214
f 2172/2172/2172 2214/2214/2214 2216/2216/2216
f 2214/2214/2214 2215/2215/2215 2216/2216/2216
f 2177/2177/2177 2172/2172/2172 2216/2216/2216
f 2217/2217/2217 2210/2210/2210 2207/2207/2207
f 2217/2217/2217 2215/2215/2215 2210/2210/2210
f 2177/2177/2177 2216/2216/2216 2218/2218/2218
f 2182/2182/2182 2177/2177/2177 2218/2218/2218
f 2215/2215/2215 2219/2219/2219 2216/2216/2216
f 2215/2215/2215 2217/2217/2217 2219/2219/2219
f 2220/2220/2220 2217/2217/2217 2207/2207/2207
f 2220/2220/2220 2207/2207/2207 2206/2206/2206
f 2216/2216/2216 2219/2219/2219 2221/2221/2221
f 2218/2218/2218 2216/2216/2216 2221/2221/2221
f 2217/2217/2217 2222/2222/2222 2219/2219/2219
f 2217/2217/2217 2220/2220/2220 2222/2222/2222
f 2221/2221/2221 2219/2219/2219 2222/2222/2222
f 2223/2223/2223 2220/2220/2220 2206/2206/2206
f 2220/2220/2220 2223/2223/2223 2222/2222/2222
f 2205/2205/2205 2223/2223/2223 2206/2206/2206
f 2224/2224/2224 2221/2221/2221 2222/2222/2222
f 2224/2224/2224 2222/2222/2222 2223/2223/2223
f 2221/2221/2221 2225/2225/2225 2218/2218/2218
f 2221/2221/2221 2224/2224/2224 2225/2225/2225
f 2218/2218/2218 2226/2226/2226 2182/2182/2182
f 2225/2225/2225 2226/2226/2226 2218/2218/2218
f 2227/2227/2227 2223/2223/2223 2205/2205/2205
f 2227/2227/2227 2224/2224/2224 2223/2223/2223
f 2226/2226/2226 2228/2228/2228 2182/2182/2182
f 2182/2182/2182 2228/2228/2228 2183/2183/2183
f 2228/2228/2228 2229/2229/2229 2183/2183/2183
f 2230/2230/2230 2229/2229/2229 2228/2228/2228
f 2231/2231/2231 2230/2230/2230 2228/2228/2228
f 2232/2232/2232 2230/2230/2230 2231/2231/2231
f 2228/2228/2228 2226/2226/2226 2233/2233/2233
f 2231/2231/2231 2228/2228/2228 2233/2233/2233
f 2234/2234/2234 2232/2232/2232 2231/2231/2231
f 2235/2235/2235 2232/2232/2232 2234/2234/2234
f 2224/2224/2224 2236/2236/2236 2225/2225/2225
f 2224/2224/2224 2227/2227/2227 2236/2236/2236
f 2225/2225/2225 2237/2237/2237 2226/2226/2226
f 2237/2237/2237 2233/2233/2233 2226/2226/2226
f 2233/2233/2233 2238/2238/2238 2231/2231/2231
f 2238/2238/2238 2234/2234/2234 2231/2231/2231
f 2239/2239/2239 2235/2235/2235 2234/2234/2234
f 2240/2240/2240 2235/2235/2235 2239/2239/2239
f 2241/2241/2241 2240/2240/2240 2239/2239/2239
f 2242/2242/2242 2239/2239/2239 2234/2234/2234
f 2241/2241/2241 2239/2239/2239 2242/2242/2242
f 2238/2238/2238 2242/2242/2242 2234/2234/2234
f 2243/2243/2243 2241/2241/2241 2242/2242/2242
f 2243/2243/2243 2242/2242/2242 2244/2244/2244
f 2244/2244/2244 2242/2242/2242 2238/2238/2238
f 2245/2245/2245 2243/2243/2243 2244/2244/2244
f 2246/2246/2246 2238/2238/2238 2233/2233/2233
f 2237/2237/2237 2246/2246/2246 2233/2233/2233
f 2246/2246/2246 2244/2244/2244 2238/2238/2238
f 2237/2237/2237 2225/2225/2225 2247/2247/2247
f 2246/2246/2246 2237/2237/2237 2247/2247/2247
f 2247/2247/2247 2225/2225/2225 2236/2236/2236
f 2245/2245/2245 2244/2244/2244 2248/2248/2248
f 2249/2249/2249 2245/2245/2245 2248/2248/2248
f 2244/2244/2244 2246/2246/2246 2250/2250/2250
f 2250/2250/2250 2246/2246/2246 2247/2247/2247
f 2248/2248/2248 2244/2244/2244 2250/2250/2250
f 2247/2247/2247 2236/2236/2236 2251/2251/2251
f 2250/2250/2250 2247/2247/2247 2251/2251/2251
f 2249/2249/2249 2248/2248/2248 2252/2252/2252
f 2253/2253/2253 2249/2249/2249 2252/2252/2252
f 2254/2254/2254 2253/2253/2253 2252/2252/2252
f 2248/2248/2248 2250/2250/2250 2255/2255/2255
f 2255/2255/2255 2250/2250/2250 2251/2251/2251
f 2252/2252/2252 2248/2248/2248 2255/2255/2255
f 2236/2236/2236 2256/2256/2256 2251/2251/2251
f 2227/2227/2227 2256/2256/2256 2236/2236/2236
f 2257/2257/2257 2254/2254/2254 2252/2252/2252
f 2258/2258/2258 2254/2254/2254 2257/2257/2257
f 2251/2251/2251 2259/2259/2259 2255/2255/2255
f 2256/2256/2256 2259/2259/2259 2251/2251/2251
f 2255/2255/2255 2260/2260/2260 2252/2252/2252
f 2259/2259/2259 2260/2260/2260 2255/2255/2255
f 2260/2260/2260 2257/2257/2257 2252/2252/2252
f 2261/2261/2261 2258/2258/2258 2257/2257/2257
f 2258/2258/2258 2261/2261/2261 2262/2262/2262
f 2260/2260/2260 2259/2259/2259 2263/2263/2263
f 2263/2263/2263 2259/2259/2259 2256/2256/2256
f 2257/2257/2257 2260/2260/2260 2264/2264/2264
f 2261/2261/2261 2257/2257/2257 2264/2264/2264
f 2264/2264/2264 2260/2260/2260 2263/2263/2263
f 2261/2261/2261 2265/2265/2265 2262/2262/2262
f 2261/2261/2261 2264/2264/2264 2265/2265/2265
f 2266/2266/2266 2262/2262/2262 2265/2265/2265
f 2267/2267/2267 2266/2266/2266 2265/2265/2265
f 2264/2264/2264 2268/2268/2268 2265/2265/2265
f 2267/2267/2267 2265/2265/2265 2268/2268/2268
f 2264/2264/2264 2263/2263/2263 2268/2268/2268
f 2269/2269/2269 2267/2267/2267 2268/2268/2268
f 2269/2269/2269 2268/2268/2268 2270/2270/2270
f 2263/2263/2263 2270/2270/2270 2268/2268/2268
f 2209/2209/2209 2269/2269/2269 2270/2270/2270
f 2270/2270/2270 2208/2208/2208 2209/2209/2209
f 2270/2270/2270 2263/2263/2263 2271/2271/2271
f 2208/2208/2208 2270/2270/2270 2271/2271/2271
f 2271/2271/2271 2263/2263/2263 2256/2256/2256
f 2208/2208/2208 2271/2271/2271 2272/2272/2272
f 2271/2271/2271 2256/2256/2256 2272/2272/2272
f 2203/2203/2203 2208/2208/2208 2272/2272/2272
f 2256/2256/2256 2227/2227/2227 2272/2272/2272
f 2203/2203/2203 2272/2272/2272 2205/2205/2205
f 2272/2272/2272 2227/2227/2227 2205/2205/2205
f 2275/2275/2275 2274/2274/2274 2273/2273/2273
f 2276/2276/2276 2275/2275/2275 2273/2273/2273
f 2273/2273/2273 2277/2277/2277 2276/2276/2276
f 2275/2275/2275 2276/2276/2276 2278/2278/2278
f 2279/2279/2279 2275/2275/2275 2278/2278/2278
f 2277/2277/2277 2280/2280/2280 2276/2276/2276
f 2276/2276/2276 2280/2280/2280 2278/2278/2278
f 2277/2277/2277 2281/2281/2281 2280/2280/2280
f 2281/2281/2281 2282/2282/2282 2280/2280/2280
f 2282/2282/2282 2281/2281/2281 2283/2283/2283
f 2280/2280/2280 2284/2284/2284 2278/2278/2278
f 2284/2284/2284 2280/2280/2280 2282/2282/2282
f 2285/2285/2285 2279/2279/2279 2278/2278/2278
f 2278/2278/2278 2284/2284/2284 2286/2286/2286
f 2285/2285/2285 2278/2278/2278 2286/2286/2286
f 2279/2279/2279 2285/2285/2285 2287/2287/2287
f 2288/2288/2288 2279/2279/2279 2287/2287/2287
f 2288/2288/2288 2287/2287/2287 2289/2289/2289
f 2285/2285/2285 2286/2286/2286 2290/2290/2290
f 2287/2287/2287 2285/2285/2285 2290/2290/2290
f 2286/2286/2286 2284/2284/2284 2291/2291/2291
f 2290/2290/2290 2286/2286/2286 2291/2291/2291
f 2292/2292/2292 2282/2282/2282 2283/2283/2283
f 2293/2293/2293 2284/2284/2284 2282/2282/2282
f 2293/2293/2293 2282/2282/2282 2292/2292/2292
f 2294/2294/2294 2292/2292/2292 2283/2283/2283
f 2295/2295/2295 2294/2294/2294 2283/2283/2283
f 2294/2294/2294 2295/2295/2295 2296/2296/2296
f 2284/2284/2284 2297/2297/2297 2291/2291/2291
f 2293/2293/2293 2297/2297/2297 2284/2284/2284
f 2298/2298/2298 2293/2293/2293 2292/2292/2292
f 2292/2292/2292 2294/2294/2294 2298/2298/2298
f 2299/2299/2299 2294/2294/2294 2296/2296/2296
f 2296/2296/2296 2300/2300/2300 2299/2299/2299
f 2300/2300/2300 2301/2301/2301 2299/2299/2299
f 2301/2301/2301 2302/2302/2302 2299/2299/2299
f 2293/2293/2293 2298/2298/2298 2303/2303/2303
f 2297/2297/2297 2293/2293/2293 2303/2303/2303
f 2294/2294/2294 2304/2304/2304 2298/2298/2298
f 2294/2294/2294 2299/2299/2299 2304/2304/2304
f 2298/2298/2298 2304/2304/2304 2303/2303/2303
f 2302/2302/2302 2305/2305/2305 2299/2299/2299
f 2299/2299/2299 2305/2305/2305 2304/2304/2304
f 2302/2302/2302 2306/2306/2306 2305/2305/2305
f 2306/2306/2306 2307/2307/2307 2305/2305/2305
f 2305/2305/2305 2307/2307/2307 2308/2308/2308
f 2304/2304/2304 2305/2305/2305 2308/2308/2308
f 2304/2304/2304 2308/2308/2308 2303/2303/2303
f 2308/2308/2308 2309/2309/2309 2303/2303/2303
f 2309/2309/2309 2310/2310/2310 2303/2303/2303
f 2303/2303/2303 2310/2310/2310 2297/2297/2297
f 2309/2309/2309 2311/2311/2311 2310/2310/2310
f 2310/2310/2310 2312/2312/2312 2297/2297/2297
f 2297/2297/2297 2312/2312/2312 2291/2291/2291
f 2311/2311/2311 2313/2313/2313 2310/2310/2310
f 2312/2312/2312 2310/2310/2310 2313/2313/2313
f 2313/2313/2313 2311/2311/2311 2314/2314/2314
f 2315/2315/2315 2313/2313/2313 2314/2314/2314
f 2314/2314/2314 2316/2316/2316 2315/2315/2315
f 2317/2317/2317 2312/2312/2312 2313/2313/2313
f 2317/2317/2317 2313/2313/2313 2315/2315/2315
f 2312/2312/2312 2318/2318/2318 2291/2291/2291
f 2317/2317/2317 2319/2319/2319 2312/2312/2312
f 2319/2319/2319 2318/2318/2318 2312/2312/2312
f 2319/2319/2319 2320/2320/2320 2318/2318/2318
f 2321/2321/2321 2291/2291/2291 2318/2318/2318
f 2321/2321/2321 2290/2290/2290 2291/2291/2291
f 2322/2322/2322 2319/2319/2319 2317/2317/2317
f 2322/2322/2322 2317/2317/2317 2315/2315/2315
f 2319/2319/2319 2322/2322/2322 2323/2323/2323
f 2323/2323/2323 2322/2322/2322 2315/2315/2315
f 2319/2319/2319 2323/2323/2323 2320/2320/2320
f 2316/2316/2316 2324/2324/2324 2315/2315/2315
f 2324/2324/2324 2323/2323/2323 2315/2315/2315
f 2324/2324/2324 2316/2316/2316 2325/2325/2325
f 2323/2323/2323 2324/2324/2324 2325/2325/2325
f 2316/2316/2316 2326/2326/2326 2325/2325/2325
f 2326/2326/2326 2327/2327/2327 2325/2325/2325
f 2328/2328/2328 2323/2323/2323 2325/2325/2325
f 2323/2323/2323 2328/2328/2328 2320/2320/2320
f 2327/2327/2327 2329/2329/2329 2325/2325/2325
f 2325/2325/2325 2329/2329/2329 2328/2328/2328
f 2330/2330/2330 2290/2290/2290 2321/2321/2321
f 2290/2290/2290 2330/2330/2330 2287/2287/2287
f 2329/2329/2329 2327/2327/2327 2331/2331/2331
f 2327/2327/2327 2332/2332/2332 2331/2331/2331
f 2331/2331/2331 2332/2332/2332 2333/2333/2333
f 2334/2334/2334 2331/2331/2331 2333/2333/2333
f 2334/2334/2334 2333/2333/2333 2335/2335/2335
f 2331/2331/2331 2336/2336/2336 2329/2329/2329
f 2331/2331/2331 2334/2334/2334 2336/2336/2336
f 2329/2329/2329 2337/2337/2337 2328/2328/2328
f 2336/2336/2336 2337/2337/2337 2329/2329/2329
f 2328/2328/2328 2337/2337/2337 2338/2338/2338
f 2328/2328/2328 2338/2338/2338 2320/2320/2320
f 2338/2338/2338 2337/2337/2337 2339/2339/2339
f 2337/2337/2337 2336/2336/2336 2339/2339/2339
f 2338/2338/2338 2339/2339/2339 2340/2340/2340
f 2320/2320/2320 2338/2338/2338 2340/2340/2340
f 2341/2341/2341 2339/2339/2339 2336/2336/2336
f 2339/2339/2339 2341/2341/2341 2340/2340/2340
f 2341/2341/2341 2342/2342/2342 2340/2340/2340
f 2334/2334/2334 2343/2343/2343 2336/2336/2336
f 2343/2343/2343 2341/2341/2341 2336/2336/2336
f 2344/2344/2344 2334/2334/2334 2335/2335/2335
f 2334/2334/2334 2344/2344/2344 2343/2343/2343
f 2345/2345/2345 2341/2341/2341 2343/2343/2343
f 2342/2342/2342 2341/2341/2341 2345/2345/2345
f 2344/2344/2344 2345/2345/2345 2343/2343/2343
f 2320/2320/2320 2340/2340/2340 2346/2346/2346
f 2346/2346/2346 2340/2340/2340 2342/2342/2342
f 2347/2347/2347 2344/2344/2344 2335/2335/2335
f 2348/2348/2348 2347/2347/2347 2335/2335/2335
f 2348/2348/2348 2349/2349/2349 2347/2347/2347
f 2350/2350/2350 2345/2345/2345 2344/2344/2344
f 2350/2350/2350 2342/2342/2342 2345/2345/2345
f 2347/2347/2347 2350/2350/2350 2344/2344/2344
f 2351/2351/2351 2320/2320/2320 2346/2346/2346
f 2320/2320/2320 2351/2351/2351 2318/2318/2318
f 2351/2351/2351 2321/2321/2321 2318/2318/2318
f 2352/2352/2352 2321/2321/2321 2351/2351/2351
f 2346/2346/2346 2352/2352/2352 2351/2351/2351
f 2352/2352/2352 2330/2330/2330 2321/2321/2321
f 2349/2349/2349 2353/2353/2353 2347/2347/2347
f 2353/2353/2353 2349/2349/2349 2354/2354/2354
f 2349/2349/2349 2355/2355/2355 2354/2354/2354
f 2355/2355/2355 2356/2356/2356 2354/2354/2354
f 2353/2353/2353 2357/2357/2357 2347/2347/2347
f 2357/2357/2357 2350/2350/2350 2347/2347/2347
f 2353/2353/2353 2354/2354/2354 2357/2357/2357
f 2357/2357/2357 2358/2358/2358 2350/2350/2350
f 2342/2342/2342 2350/2350/2350 2358/2358/2358
f 2356/2356/2356 2359/2359/2359 2354/2354/2354
f 2359/2359/2359 2356/2356/2356 2360/2360/2360
f 2354/2354/2354 2361/2361/2361 2357/2357/2357
f 2358/2358/2358 2357/2357/2357 2361/2361/2361
f 2362/2362/2362 2361/2361/2361 2354/2354/2354
f 2358/2358/2358 2361/2361/2361 2362/2362/2362
f 2359/2359/2359 2362/2362/2362 2354/2354/2354
f 2342/2342/2342 2358/2358/2358 2363/2363/2363
f 2363/2363/2363 2358/2358/2358 2362/2362/2362
f 2364/2364/2364 2342/2342/2342 2363/2363/2363
f 2364/2364/2364 2346/2346/2346 2342/2342/2342
f 2364/2364/2364 2365/2365/2365 2346/2346/2346
f 2365/2365/2365 2364/2364/2364 2363/2363/2363
f 2365/2365/2365 2352/2352/2352 2346/2346/2346
f 2363/2363/2363 2362/2362/2362 2366/2366/2366
f 2366/2366/2366 2365/2365/2365 2363/2363/2363
f 2352/2352/2352 2365/2365/2365 2367/2367/2367
f 2367/2367/2367 2365/2365/2365 2366/2366/2366
f 2330/2330/2330 2352/2352/2352 2367/2367/2367
f 2362/2362/2362 2359/2359/2359 2368/2368/2368
f 2362/2362/2362 2368/2368/2368 2366/2366/2366
f 2369/2369/2369 2330/2330/2330 2367/2367/2367
f 2330/2330/2330 2369/2369/2369 2287/2287/2287
f 2287/2287/2287 2369/2369/2369 2289/2289/2289
f 2369/2369/2369 2370/2370/2370 2289/2289/2289
f 2370/2370/2370 2369/2369/2369 2367/2367/2367
f 2370/2370/2370 2371/2371/2371 2289/2289/2289
f 2372/2372/2372 2367/2367/2367 2366/2366/2366
f 2370/2370/2370 2367/2367/2367 2372/2372/2372
f 2371/2371/2371 2370/2370/2370 2373/2373/2373
f 2373/2373/2373 2370/2370/2370 2372/2372/2372
f 2371/2371/2371 2373/2373/2373 2374/2374/2374
f 2374/2374/2374 2373/2373/2373 2372/2372/2372
f 2375/2375/2375 2371/2371/2371 2374/2374/2374
f 2375/2375/2375 2374/2374/2374 2376/2376/2376
f 2372/2372/2372 2366/2366/2366 2377/2377/2377
f 2366/2366/2366 2368/2368/2368 2377/2377/2377
f 2377/2377/2377 2374/2374/2374 2372/2372/2372
f 2374/2374/2374 2378/2378/2378 2376/2376/2376
f 2376/2376/2376 2378/2378/2378 2379/2379/2379
f 2378/2378/2378 2380/2380/2380 2379/2379/2379
f 2381/2381/2381 2378/2378/2378 2374/2374/2374
f 2380/2380/2380 2378/2378/2378 2381/2381/2381
f 2377/2377/2377 2381/2381/2381 2374/2374/2374
f 2382/2382/2382 2380/2380/2380 2381/2381/2381
f 2382/2382/2382 2381/2381/2381 2383/2383/2383
f 2381/2381/2381 2377/2377/2377 2383/2383/2383
f 2384/2384/2384 2382/2382/2382 2383/2383/2383
f 2377/2377/2377 2368/2368/2368 2385/2385/2385
f 2377/2377/2377 2385/2385/2385 2383/2383/2383
f 2383/2383/2383 2386/2386/2386 2384/2384/2384
f 2386/2386/2386 2383/2383/2383 2385/2385/2385
f 2386/2386/2386 2387/2387/2387 2384/2384/2384
f 2385/2385/2385 2368/2368/2368 2388/2388/2388
f 2359/2359/2359 2388/2388/2388 2368/2368/2368
f 2388/2388/2388 2359/2359/2359 2360/2360/2360
f 2389/2389/2389 2385/2385/2385 2388/2388/2388
f 2389/2389/2389 2386/2386/2386 2385/2385/2385
f 2388/2388/2388 2360/2360/2360 2390/2390/2390
f 2389/2389/2389 2388/2388/2388 2390/2390/2390
f 2386/2386/2386 2389/2389/2389 2390/2390/2390
f 2360/2360/2360 2391/2391/2391 2390/2390/2390
f 2387/2387/2387 2386/2386/2386 2392/2392/2392
f 2392/2392/2392 2386/2386/2386 2390/2390/2390
f 2393/2393/2393 2387/2387/2387 2392/2392/2392
f 2391/2391/2391 2394/2394/2394 2390/2390/2390
f 2390/2390/2390 2394/2394/2394 2392/2392/2392
f 2394/2394/2394 2391/2391/2391 2395/2395/2395
f 2396/2396/2396 2394/2394/2394 2395/2395/2395
f 2392/2392/2392 2397/2397/2397 2393/2393/2393
f 2394/2394/2394 2397/2397/2397 2392/2392/2392
f 2397/2397/2397 2394/2394/2394 2396/2396/2396
f 2397/2397/2397 2398/2398/2398 2393/2393/2393
f 2399/2399/2399 2397/2397/2397 2396/2396/2396
f 2398/2398/2398 2397/2397/2397 2399/2399/2399
f 2400/2400/2400 2398/2398/2398 2399/2399/2399
f 2403/2403/2403 2402/2402/2402 2401/2401/2401
f 2404/2404/2404 2403/2403/2403 2401/2401/2401
f 2405/2405/2405 2404/2404/2404 2401/2401/2401
f 2406/2406/2406 2405/2405/2405 2401/2401/2401
f 2405/2405/2405 2407/2407/2407 2404/2404/2404
f 2407/2407/2407 2408/2408/2408 2404/2404/2404
f 2407/2407/2407 2409/2409/2409 2408/2408/2408
f 2409/2409/2409 2410/2410/2410 2408/2408/2408
f 2409/2409/2409 2411/2411/2411 2410/2410/2410
f 2411/2411/2411 2412/2412/2412 2410/2410/2410
f 2410/2410/2410 2412/2412/2412 2408/2408/2408
f 2411/2411/2411 2413/2413/2413 2412/2412/2412
f 2408/2408/2408 2414/2414/2414 2404/2404/2404
f 2412/2412/2412 2414/2414/2414 2408/2408/2408
f 2413/2413/2413 2415/2415/2415 2412/2412/2412
f 2412/2412/2412 2415/2415/2415 2414/2414/2414
f 2413/2413/2413 2416/2416/2416 2415/2415/2415
f 2416/2416/2416 2417/2417/2417 2415/2415/2415
f 2416/2416/2416 2418/2418/2418 2417/2417/2417
f 2414/2414/2414 2419/2419/2419 2404/2404/2404
f 2419/2419/2419 2403/2403/2403 2404/2404/2404
f 2415/2415/2415 2420/2420/2420 2414/2414/2414
f 2414/2414/2414 2420/2420/2420 2419/2419/2419
f 2420/2420/2420 2415/2415/2415 2417/2417/2417
f 2419/2419/2419 2421/2421/2421 2403/2403/2403
f 2420/2420/2420 2421/2421/2421 2419/2419/2419
f 2421/2421/2421 2422/2422/2422 2403/2403/2403
f 2423/2423/2423 2422/2422/2422 2421/2421/2421
f 2420/2420/2420 2424/2424/2424 2421/2421/2421
f 2424/2424/2424 2420/2420/2420 2417/2417/2417
f 2425/2425/2425 2423/2423/2423 2421/2421/2421
f 2424/2424/2424 2425/2425/2425 2421/2421/2421
f 2423/2423/2423 2425/2425/2425 2426/2426/2426
f 2425/2425/2425 2427/2427/2427 2426/2426/2426
f 2426/2426/2426 2427/2427/2427 2428/2428/2428
f 2427/2427/2427 2429/2429/2429 2428/2428/2428
f 2430/2430/2430 2427/2427/2427 2425/2425/2425
f 2427/2427/2427 2430/2430/2430 2429/2429/2429
f 2430/2430/2430 2425/2425/2425 2424/2424/2424
f 2430/2430/2430 2431/2431/2431 2429/2429/2429
f 2430/2430/2430 2424/2424/2424 2431/2431/2431
f 2432/2432/2432 2429/2429/2429 2431/2431/2431
f 2433/2433/2433 2432/2432/2432 2431/2431/2431
f 2424/2424/2424 2434/2434/2434 2431/2431/2431
f 2434/2434/2434 2424/2424/2424 2417/2417/2417
f 2433/2433/2433 2431/2431/2431 2435/2435/2435
f 2435/2435/2435 2431/2431/2431 2434/2434/2434
f 2436/2436/2436 2433/2433/2433 2435/2435/2435
f 2437/2437/2437 2434/2434/2434 2417/2417/2417
f 2437/2437/2437 2417/2417/2417 2438/2438/2438
f 2418/2418/2418 2438/2438/2438 2417/2417/2417
f 2418/2418/2418 2439/2439/2439 2438/2438/2438
f 2439/2439/2439 2440/2440/2440 2438/2438/2438
f 2438/2438/2438 2440/2440/2440 2437/2437/2437
f 2439/2439/2439 2441/2441/2441 2440/2440/2440
f 2440/2440/2440 2442/2442/2442 2437/2437/2437
f 2441/2441/2441 2442/2442/2442 2440/2440/2440
f 2442/2442/2442 2434/2434/2434 2437/2437/2437
f 2441/2441/2441 2443/2443/2443 2442/2442/2442
f 2435/2435/2435 2434/2434/2434 2444/2444/2444
f 2434/2434/2434 2442/2442/2442 2444/2444/2444
f 2435/2435/2435 2444/2444/2444 2445/2445/2445
f 2446/2446/2446 2435/2435/2435 2445/2445/2445
f 2443/2443/2443 2447/2447/2447 2442/2442/2442
f 2444/2444/2444 2442/2442/2442 2447/2447/2447
f 2443/2443/2443 2448/2448/2448 2447/2447/2447
f 2448/2448/2448 2444/2444/2444 2447/2447/2447
f 2451/2451/2451 2450/2450/2450 2449/2449/2449
f 2451/2451/2451 2452/2452/2452 2450/2450/2450
f 2452/2452/2452 2451/2451/2451 2453/2453/2453
f 2451/2451/2451 2454/2454/2454 2453/2453/2453
f 2454/2454/2454 2455/2455/2455 2453/2453/2453
f 2456/2456/2456 2453/2453/2453 2455/2455/2455
f 2452/2452/2452 2453/2453/2453 2456/2456/2456
f 2452/2452/2452 2457/2457/2457 2450/2450/2450
f 2450/2450/2450 2457/2457/2457 2458/2458/2458
f 2450/2450/2450 2458/2458/2458 2459/2459/2459
f 2458/2458/2458 2460/2460/2460 2459/2459/2459
f 2461/2461/2461 2452/2452/2452 2456/2456/2456
f 2462/2462/2462 2457/2457/2457 2452/2452/2452
f 2452/2452/2452 2461/2461/2461 2462/2462/2462
f 2463/2463/2463 2461/2461/2461 2456/2456/2456
f 2464/2464/2464 2463/2463/2463 2456/2456/2456
f 2461/2461/2461 2465/2465/2465 2462/2462/2462
f 2462/2462/2462 2465/2465/2465 2466/2466/2466
f 2463/2463/2463 2464/2464/2464 2467/2467/2467
f 2464/2464/2464 2468/2468/2468 2467/2467/2467
f 2467/2467/2467 2468/2468/2468 2469/2469/2469
f 2468/2468/2468 2470/2470/2470 2469/2469/2469
f 2467/2467/2467 2469/2469/2469 2471/2471/2471
f 2463/2463/2463 2467/2467/2467 2472/2472/2472
f 2472/2472/2472 2467/2467/2467 2471/2471/2471
f 2461/2461/2461 2463/2463/2463 2473/2473/2473
f 2473/2473/2473 2463/2463/2463 2472/2472/2472
f 2474/2474/2474 2472/2472/2472 2471/2471/2471
f 2473/2473/2473 2472/2472/2472 2474/2474/2474
f 2474/2474/2474 2471/2471/2471 2475/2475/2475
f 2476/2476/2476 2473/2473/2473 2474/2474/2474
f 2477/2477/2477 2474/2474/2474 2475/2475/2475
f 2476/2476/2476 2478/2478/2478 2473/2473/2473
f 2479/2479/2479 2461/2461/2461 2473/2473/2473
f 2478/2478/2478 2479/2479/2479 2473/2473/2473
f 2479/2479/2479 2465/2465/2465 2461/2461/2461
f 2479/2479/2479 2478/2478/2478 2480/2480/2480
f 2477/2477/2477 2475/2475/2475 2481/2481/2481
f 2475/2475/2475 2482/2482/2482 2481/2481/2481
f 2483/2483/2483 2477/2477/2477 2481/2481/2481
f 2484/2484/2484 2465/2465/2465 2479/2479/2479
f 2484/2484/2484 2479/2479/2479 2480/2480/2480
f 2465/2465/2465 2484/2484/2484 2466/2466/2466
f 2484/2484/2484 2480/2480/2480 2485/2485/2485
f 2466/2466/2466 2484/2484/2484 2485/2485/2485
f 2466/2466/2466 2485/2485/2485 2486/2486/2486
f 2485/2485/2485 2487/2487/2487 2486/2486/2486
f 2488/2488/2488 2483/2483/2483 2481/2481/2481
f 2489/2489/2489 2483/2483/2483 2488/2488/2488
f 2481/2481/2481 2490/2490/2490 2488/2488/2488
f 2491/2491/2491 2489/2489/2489 2488/2488/2488
f 2490/2490/2490 2491/2491/2491 2488/2488/2488
f 2492/2492/2492 2489/2489/2489 2491/2491/2491
f 2487/2487/2487 2485/2485/2485 2493/2493/2493
f 2485/2485/2485 2494/2494/2494 2493/2493/2493
f 2495/2495/2495 2492/2492/2492 2491/2491/2491
f 2496/2496/2496 2492/2492/2492 2495/2495/2495
f 2493/2493/2493 2497/2497/2497 2487/2487/2487
f 2497/2497/2497 2498/2498/2498 2487/2487/2487
f 2493/2493/2493 2494/2494/2494 2499/2499/2499
f 2494/2494/2494 2500/2500/2500 2499/2499/2499
f 2497/2497/2497 2501/2501/2501 2498/2498/2498
f 2501/2501/2501 2502/2502/2502 2498/2498/2498
f 2503/2503/2503 2497/2497/2497 2493/2493/2493
f 2499/2499/2499 2503/2503/2503 2493/2493/2493
f 2497/2497/2497 2503/2503/2503 2501/2501/2501
f 2502/2502/2502 2501/2501/2501 2504/2504/2504
f 2505/2505/2505 2502/2502/2502 2504/2504/2504
f 2505/2505/2505 2504/2504/2504 2490/2490/2490
f 2501/2501/2501 2503/2503/2503 2506/2506/2506
f 2506/2506/2506 2503/2503/2503 2499/2499/2499
f 2501/2501/2501 2506/2506/2506 2504/2504/2504
f 2499/2499/2499 2500/2500/2500 2507/2507/2507
f 2500/2500/2500 2508/2508/2508 2507/2507/2507
f 2504/2504/2504 2509/2509/2509 2490/2490/2490
f 2490/2490/2490 2509/2509/2509 2491/2491/2491
f 2504/2504/2504 2510/2510/2510 2509/2509/2509
f 2506/2506/2506 2510/2510/2510 2504/2504/2504
f 2510/2510/2510 2506/2506/2506 2511/2511/2511
f 2512/2512/2512 2506/2506/2506 2499/2499/2499
f 2499/2499/2499 2507/2507/2507 2512/2512/2512
f 2506/2506/2506 2512/2512/2512 2511/2511/2511
f 2509/2509/2509 2513/2513/2513 2491/2491/2491
f 2510/2510/2510 2513/2513/2513 2509/2509/2509
f 2513/2513/2513 2495/2495/2495 2491/2491/2491
f 2510/2510/2510 2514/2514/2514 2513/2513/2513
f 2514/2514/2514 2510/2510/2510 2511/2511/2511
f 2513/2513/2513 2515/2515/2515 2495/2495/2495
f 2514/2514/2514 2515/2515/2515 2513/2513/2513
f 2507/2507/2507 2508/2508/2508 2516/2516/2516
f 2508/2508/2508 2517/2517/2517 2516/2516/2516
f 2517/2517/2517 2457/2457/2457 2516/2516/2516
f 2457/2457/2457 2518/2518/2518 2516/2516/2516
f 2457/2457/2457 2517/2517/2517 2458/2458/2458
f 2507/2507/2507 2516/2516/2516 2460/2460/2460
f 2460/2460/2460 2458/2458/2458 2519/2519/2519
f 2519/2519/2519 2507/2507/2507 2460/2460/2460
f 2458/2458/2458 2520/2520/2520 2519/2519/2519
f 2512/2512/2512 2507/2507/2507 2519/2519/2519
f 2519/2519/2519 2520/2520/2520 2521/2521/2521
f 2520/2520/2520 2522/2522/2522 2521/2521/2521
f 2523/2523/2523 2519/2519/2519 2521/2521/2521
f 2521/2521/2521 2522/2522/2522 2523/2523/2523
f 2523/2523/2523 2512/2512/2512 2519/2519/2519
f 2522/2522/2522 2524/2524/2524 2523/2523/2523
f 2512/2512/2512 2523/2523/2523 2525/2525/2525
f 2512/2512/2512 2525/2525/2525 2511/2511/2511
f 2523/2523/2523 2524/2524/2524 2526/2526/2526
f 2523/2523/2523 2526/2526/2526 2525/2525/2525
f 2524/2524/2524 2527/2527/2527 2526/2526/2526
f 2526/2526/2526 2528/2528/2528 2525/2525/2525
f 2526/2526/2526 2527/2527/2527 2528/2528/2528
f 2511/2511/2511 2525/2525/2525 2528/2528/2528
f 2527/2527/2527 2529/2529/2529 2528/2528/2528
f 2528/2528/2528 2529/2529/2529 2511/2511/2511
f 2529/2529/2529 2530/2530/2530 2511/2511/2511
f 2511/2511/2511 2530/2530/2530 2514/2514/2514
f 2530/2530/2530 2531/2531/2531 2514/2514/2514
f 2514/2514/2514 2531/2531/2531 2515/2515/2515
f 2531/2531/2531 2532/2532/2532 2515/2515/2515
f 2515/2515/2515 2532/2532/2532 2533/2533/2533
f 2515/2515/2515 2533/2533/2533 2495/2495/2495
f 2532/2532/2532 2496/2496/2496 2533/2533/2533
f 2533/2533/2533 2496/2496/2496 2495/2495/2495
f 2536/2536/2536 2535/2535/2535 2534/2534/2534
f 2535/2535/2535 2537/2537/2537 2534/2534/2534
f 2538/2538/2538 2537/2537/2537 2535/2535/2535
f 2539/2539/2539 2538/2538/2538 2535/2535/2535
f 2538/2538/2538 2540/2540/2540 2537/2537/2537
f 2539/2539/2539 2535/2535/2535 2541/2541/2541
f 2542/2542/2542 2539/2539/2539 2541/2541/2541
f 2540/2540/2540 2543/2543/2543 2537/2537/2537
f 2534/2534/2534 2537/2537/2537 2543/2543/2543
f 2540/2540/2540 2544/2544/2544 2543/2543/2543
f 2542/2542/2542 2541/2541/2541 2545/2545/2545
f 2546/2546/2546 2542/2542/2542 2545/2545/2545
f 2545/2545/2545 2541/2541/2541 2547/2547/2547
f 2544/2544/2544 2548/2548/2548 2543/2543/2543
f 2544/2544/2544 2549/2549/2549 2548/2548/2548
f 2550/2550/2550 2534/2534/2534 2543/2543/2543
f 2550/2550/2550 2543/2543/2543 2548/2548/2548
f 2549/2549/2549 2551/2551/2551 2548/2548/2548
f 2552/2552/2552 2550/2550/2550 2548/2548/2548
f 2549/2549/2549 2553/2553/2553 2551/2551/2551
f 2554/2554/2554 2534/2534/2534 2550/2550/2550
f 2555/2555/2555 2550/2550/2550 2552/2552/2552
f 2555/2555/2555 2554/2554/2554 2550/2550/2550
f 2556/2556/2556 2555/2555/2555 2552/2552/2552
f 2557/2557/2557 2554/2554/2554 2555/2555/2555
f 2558/2558/2558 2555/2555/2555 2556/2556/2556
f 2558/2558/2558 2557/2557/2557 2555/2555/2555
f 2553/2553/2553 2559/2559/2559 2551/2551/2551
f 2553/2553/2553 2560/2560/2560 2559/2559/2559
f 2561/2561/2561 2558/2558/2558 2556/2556/2556
f 2561/2561/2561 2556/2556/2556 2562/2562/2562
f 2563/2563/2563 2561/2561/2561 2562/2562/2562
f 2561/2561/2561 2563/2563/2563 2564/2564/2564
f 2563/2563/2563 2565/2565/2565 2564/2564/2564
f 2560/2560/2560 2566/2566/2566 2559/2559/2559
f 2560/2560/2560 2567/2567/2567 2566/2566/2566
f 2565/2565/2565 2568/2568/2568 2564/2564/2564
f 2565/2565/2565 2569/2569/2569 2568/2568/2568
f 2569/2569/2569 2570/2570/2570 2568/2568/2568
f 2568/2568/2568 2570/2570/2570 2571/2571/2571
f 2570/2570/2570 2572/2572/2572 2571/2571/2571
f 2567/2567/2567 2573/2573/2573 2566/2566/2566
f 2567/2567/2567 2546/2546/2546 2573/2573/2573
f 2546/2546/2546 2545/2545/2545 2573/2573/2573
f 2568/2568/2568 2574/2574/2574 2564/2564/2564
f 2568/2568/2568 2571/2571/2571 2574/2574/2574
f 2571/2571/2571 2572/2572/2572 2575/2575/2575
f 2572/2572/2572 2576/2576/2576 2575/2575/2575
f 2571/2571/2571 2577/2577/2577 2574/2574/2574
f 2571/2571/2571 2575/2575/2575 2577/2577/2577
f 2578/2578/2578 2573/2573/2573 2545/2545/2545
f 2579/2579/2579 2578/2578/2578 2545/2545/2545
f 2580/2580/2580 2578/2578/2578 2579/2579/2579
f 2579/2579/2579 2545/2545/2545 2547/2547/2547
f 2581/2581/2581 2580/2580/2580 2579/2579/2579
f 2579/2579/2579 2547/2547/2547 2582/2582/2582
f 2581/2581/2581 2579/2579/2579 2582/2582/2582
f 2583/2583/2583 2582/2582/2582 2547/2547/2547
f 2584/2584/2584 2583/2583/2583 2547/2547/2547
f 2583/2583/2583 2585/2585/2585 2582/2582/2582
f 2581/2581/2581 2582/2582/2582 2586/2586/2586
f 2585/2585/2585 2586/2586/2586 2582/2582/2582
f 2587/2587/2587 2581/2581/2581 2586/2586/2586
f 2575/2575/2575 2551/2551/2551 2577/2577/2577
f 2588/2588/2588 2551/2551/2551 2575/2575/2575
f 2589/2589/2589 2588/2588/2588 2575/2575/2575
f 2590/2590/2590 2588/2588/2588 2589/2589/2589
f 2591/2591/2591 2590/2590/2590 2589/2589/2589
f 2592/2592/2592 2590/2590/2590 2591/2591/2591
f 2593/2593/2593 2592/2592/2592 2591/2591/2591
f 2577/2577/2577 2551/2551/2551 2559/2559/2559
f 2594/2594/2594 2577/2577/2577 2559/2559/2559
f 2594/2594/2594 2559/2559/2559 2566/2566/2566
f 2574/2574/2574 2577/2577/2577 2594/2594/2594
f 2595/2595/2595 2594/2594/2594 2566/2566/2566
f 2595/2595/2595 2566/2566/2566 2573/2573/2573
f 2596/2596/2596 2595/2595/2595 2573/2573/2573
f 2597/2597/2597 2574/2574/2574 2594/2594/2594
f 2597/2597/2597 2594/2594/2594 2595/2595/2595
f 2564/2564/2564 2574/2574/2574 2597/2597/2597
f 2598/2598/2598 2597/2597/2597 2595/2595/2595
f 2598/2598/2598 2595/2595/2595 2599/2599/2599
f 2600/2600/2600 2598/2598/2598 2599/2599/2599
f 2601/2601/2601 2598/2598/2598 2600/2600/2600
f 2602/2602/2602 2564/2564/2564 2597/2597/2597
f 2603/2603/2603 2601/2601/2601 2600/2600/2600
f 2603/2603/2603 2600/2600/2600 2604/2604/2604
f 2605/2605/2605 2601/2601/2601 2603/2603/2603
f 2606/2606/2606 2603/2603/2603 2604/2604/2604
f 2607/2607/2607 2605/2605/2605 2603/2603/2603
f 2607/2607/2607 2603/2603/2603 2606/2606/2606
f 2608/2608/2608 2607/2607/2607 2606/2606/2606
f 2608/2608/2608 2606/2606/2606 2586/2586/2586
f 2609/2609/2609 2608/2608/2608 2586/2586/2586
f 2609/2609/2609 2586/2586/2586 2585/2585/2585
f 2610/2610/2610 2609/2609/2609 2585/2585/2585
f 2610/2610/2610 2585/2585/2585 2557/2557/2557
f 2611/2611/2611 2610/2610/2610 2557/2557/2557
f 2611/2611/2611 2557/2557/2557 2558/2558/2558
f 2612/2612/2612 2611/2611/2611 2558/2558/2558
f 2612/2612/2612 2558/2558/2558 2561/2561/2561
f 2613/2613/2613 2612/2612/2612 2561/2561/2561
f 2613/2613/2613 2561/2561/2561 2564/2564/2564
f 2614/2614/2614 2613/2613/2613 2564/2564/2564
f 2614/2614/2614 2564/2564/2564 2602/2602/2602
f 2615/2615/2615 2614/2614/2614 2602/2602/2602
f 2585/2585/2585 2617/2617/2617 2616/2616/2616
f 2617/2617/2617 2618/2618/2618 2616/2616/2616
f 2605/2605/2605 2615/2615/2615 2619/2619/2619
f 2615/2615/2615 2620/2620/2620 2619/2619/2619
f 2619/2619/2619 2620/2620/2620 2621/2621/2621
f 2620/2620/2620 2622/2622/2622 2621/2621/2621
f 2625/2625/2625 2624/2624/2624 2623/2623/2623
f 2624/2624/2624 2626/2626/2626 2623/2623/2623
f 2623/2623/2623 2626/2626/2626 2627/2627/2627
f 2626/2626/2626 2628/2628/2628 2627/2627/2627
f 2627/2627/2627 2628/2628/2628 2629/2629/2629
f 2628/2628/2628 2630/2630/2630 2629/2629/2629
f 2633/2633/2633 2632/2632/2632 2631/2631/2631
f 2632/2632/2632 2634/2634/2634 2631/2631/2631
f 2634/2634/2634 2632/2632/2632 2635/2635/2635
f 2636/2636/2636 2634/2634/2634 2635/2635/2635
f 2631/2631/2631 2634/2634/2634 2637/2637/2637
f 2631/2631/2631 2637/2637/2637 2638/2638/2638
f 2639/2639/2639 2634/2634/2634 2636/2636/2636
f 2634/2634/2634 2639/2639/2639 2637/2637/2637
f 2640/2640/2640 2639/2639/2639 2636/2636/2636
f 2637/2637/2637 2639/2639/2639 2641/2641/2641
f 2641/2641/2641 2639/2639/2639 2640/2640/2640
f 2640/2640/2640 2636/2636/2636 2642/2642/2642
f 2636/2636/2636 2643/2643/2643 2642/2642/2642
f 2637/2637/2637 2644/2644/2644 2638/2638/2638
f 2645/2645/2645 2637/2637/2637 2641/2641/2641
f 2637/2637/2637 2645/2645/2645 2644/2644/2644
f 2646/2646/2646 2641/2641/2641 2640/2640/2640
f 2640/2640/2640 2642/2642/2642 2647/2647/2647
f 2646/2646/2646 2640/2640/2640 2647/2647/2647
f 2648/2648/2648 2641/2641/2641 2646/2646/2646
f 2645/2645/2645 2641/2641/2641 2648/2648/2648
f 2646/2646/2646 2647/2647/2647 2649/2649/2649
f 2649/2649/2649 2648/2648/2648 2646/2646/2646
f 2642/2642/2642 2643/2643/2643 2650/2650/2650
f 2647/2647/2647 2642/2642/2642 2651/2651/2651
f 2642/2642/2642 2650/2650/2650 2651/2651/2651
f 2647/2647/2647 2652/2652/2652 2649/2649/2649
f 2652/2652/2652 2653/2653/2653 2649/2649/2649
f 2653/2653/2653 2648/2648/2648 2649/2649/2649
f 2652/2652/2652 2647/2647/2647 2654/2654/2654
f 2647/2647/2647 2651/2651/2651 2654/2654/2654
f 2652/2652/2652 2654/2654/2654 2653/2653/2653
f 2654/2654/2654 2651/2651/2651 2655/2655/2655
f 2654/2654/2654 2655/2655/2655 2653/2653/2653
f 2656/2656/2656 2651/2651/2651 2650/2650/2650
f 2651/2651/2651 2656/2656/2656 2655/2655/2655
f 2657/2657/2657 2645/2645/2645 2648/2648/2648
f 2648/2648/2648 2653/2653/2653 2658/2658/2658
f 2657/2657/2657 2648/2648/2648 2658/2658/2658
f 2645/2645/2645 2657/2657/2657 2659/2659/2659
f 2657/2657/2657 2658/2658/2658 2659/2659/2659
f 2645/2645/2645 2659/2659/2659 2644/2644/2644
f 2658/2658/2658 2653/2653/2653 2660/2660/2660
f 2653/2653/2653 2655/2655/2655 2660/2660/2660
f 2658/2658/2658 2660/2660/2660 2659/2659/2659
f 2660/2660/2660 2655/2655/2655 2661/2661/2661
f 2660/2660/2660 2661/2661/2661 2659/2659/2659
f 2655/2655/2655 2656/2656/2656 2661/2661/2661
f 2659/2659/2659 2661/2661/2661 2662/2662/2662
f 2644/2644/2644 2659/2659/2659 2662/2662/2662
f 2661/2661/2661 2656/2656/2656 2662/2662/2662
f 2644/2644/2644 2662/2662/2662 2663/2663/2663
f 2638/2638/2638 2644/2644/2644 2663/2663/2663
f 2656/2656/2656 2664/2664/2664 2662/2662/2662
f 2662/2662/2662 2664/2664/2664 2663/2663/2663
f 2664/2664/2664 2656/2656/2656 2650/2650/2650
f 2664/2664/2664 2665/2665/2665 2663/2663/2663
f 2665/2665/2665 2664/2664/2664 2650/2650/2650
f 2666/2666/2666 2663/2663/2663 2665/2665/2665
f 2667/2667/2667 2666/2666/2666 2665/2665/2665
f 2668/2668/2668 2665/2665/2665 2650/2650/2650
f 2665/2665/2665 2668/2668/2668 2667/2667/2667
f 2668/2668/2668 2669/2669/2669 2667/2667/2667
f 2643/2643/2643 2668/2668/2668 2650/2650/2650
f 2670/2670/2670 2668/2668/2668 2643/2643/2643
f 2671/2671/2671 2670/2670/2670 2643/2643/2643
f 2672/2672/2672 2671/2671/2671 2643/2643/2643
f 2673/2673/2673 2672/2672/2672 2643/2643/2643
f 2674/2674/2674 2671/2671/2671 2672/2672/2672
f 2675/2675/2675 2671/2671/2671 2674/2674/2674
f 2676/2676/2676 2674/2674/2674 2672/2672/2672
f 2672/2672/2672 2677/2677/2677 2676/2676/2676
f 2677/2677/2677 2678/2678/2678 2676/2676/2676
f 2678/2678/2678 2677/2677/2677 2679/2679/2679
f 2680/2680/2680 2675/2675/2675 2674/2674/2674
f 2680/2680/2680 2681/2681/2681 2675/2675/2675
f 2681/2681/2681 2682/2682/2682 2675/2675/2675
f 2683/2683/2683 2682/2682/2682 2681/2681/2681
f 2684/2684/2684 2674/2674/2674 2676/2676/2676
f 2685/2685/2685 2680/2680/2680 2674/2674/2674
f 2684/2684/2684 2685/2685/2685 2674/2674/2674
f 2676/2676/2676 2678/2678/2678 2686/2686/2686
f 2686/2686/2686 2684/2684/2684 2676/2676/2676
f 2687/2687/2687 2681/2681/2681 2680/2680/2680
f 2685/2685/2685 2687/2687/2687 2680/2680/2680
f 2688/2688/2688 2685/2685/2685 2684/2684/2684
f 2687/2687/2687 2685/2685/2685 2689/2689/2689
f 2685/2685/2685 2688/2688/2688 2689/2689/2689
f 2681/2681/2681 2687/2687/2687 2690/2690/2690
f 2690/2690/2690 2687/2687/2687 2689/2689/2689
f 2691/2691/2691 2683/2683/2683 2681/2681/2681
f 2691/2691/2691 2681/2681/2681 2690/2690/2690
f 2692/2692/2692 2684/2684/2684 2686/2686/2686
f 2692/2692/2692 2688/2688/2688 2684/2684/2684
f 2678/2678/2678 2693/2693/2693 2686/2686/2686
f 2694/2694/2694 2692/2692/2692 2686/2686/2686
f 2686/2686/2686 2693/2693/2693 2694/2694/2694
f 2693/2693/2693 2678/2678/2678 2695/2695/2695
f 2695/2695/2695 2678/2678/2678 2679/2679/2679
f 2696/2696/2696 2689/2689/2689 2688/2688/2688
f 2697/2697/2697 2690/2690/2690 2689/2689/2689
f 2697/2697/2697 2689/2689/2689 2696/2696/2696
f 2698/2698/2698 2688/2688/2688 2692/2692/2692
f 2698/2698/2698 2696/2696/2696 2688/2688/2688
f 2691/2691/2691 2690/2690/2690 2699/2699/2699
f 2690/2690/2690 2697/2697/2697 2700/2700/2700
f 2699/2699/2699 2690/2690/2690 2700/2700/2700
f 2701/2701/2701 2697/2697/2697 2696/2696/2696
f 2697/2697/2697 2701/2701/2701 2700/2700/2700
f 2702/2702/2702 2696/2696/2696 2698/2698/2698
f 2701/2701/2701 2696/2696/2696 2702/2702/2702
f 2703/2703/2703 2698/2698/2698 2692/2692/2692
f 2703/2703/2703 2702/2702/2702 2698/2698/2698
f 2703/2703/2703 2692/2692/2692 2704/2704/2704
f 2692/2692/2692 2694/2694/2694 2704/2704/2704
f 2704/2704/2704 2705/2705/2705 2703/2703/2703
f 2704/2704/2704 2694/2694/2694 2705/2705/2705
f 2705/2705/2705 2702/2702/2702 2703/2703/2703
f 2706/2706/2706 2701/2701/2701 2702/2702/2702
f 2701/2701/2701 2706/2706/2706 2700/2700/2700
f 2706/2706/2706 2702/2702/2702 2707/2707/2707
f 2700/2700/2700 2706/2706/2706 2707/2707/2707
f 2702/2702/2702 2705/2705/2705 2707/2707/2707
f 2708/2708/2708 2700/2700/2700 2707/2707/2707
f 2707/2707/2707 2705/2705/2705 2708/2708/2708
f 2699/2699/2699 2700/2700/2700 2708/2708/2708
f 2694/2694/2694 2709/2709/2709 2705/2705/2705
f 2705/2705/2705 2709/2709/2709 2708/2708/2708
f 2693/2693/2693 2709/2709/2709 2694/2694/2694
f 2708/2708/2708 2709/2709/2709 2710/2710/2710
f 2709/2709/2709 2693/2693/2693 2710/2710/2710
f 2710/2710/2710 2699/2699/2699 2708/2708/2708
f 2710/2710/2710 2693/2693/2693 2695/2695/2695
f 2711/2711/2711 2699/2699/2699 2710/2710/2710
f 2695/2695/2695 2711/2711/2711 2710/2710/2710
f 2711/2711/2711 2691/2691/2691 2699/2699/2699
f 2711/2711/2711 2695/2695/2695 2679/2679/2679
f 2683/2683/2683 2691/2691/2691 2711/2711/2711
f 2712/2712/2712 2711/2711/2711 2679/2679/2679
f 2712/2712/2712 2683/2683/2683 2711/2711/2711
f 2638/2638/2638 2712/2712/2712 2679/2679/2679
f 2712/2712/2712 2638/2638/2638 2683/2683/2683
f 2713/2713/2713 2638/2638/2638 2679/2679/2679
f 2638/2638/2638 2714/2714/2714 2683/2683/2683
f 2717/2717/2717 2716/2716/2716 2715/2715/2715
f 2718/2718/2718 2717/2717/2717 2715/2715/2715
f 2717/2717/2717 2718/2718/2718 2719/2719/2719
f 2718/2718/2718 2720/2720/2720 2719/2719/2719
f 2718/2718/2718 2715/2715/2715 2721/2721/2721
f 2721/2721/2721 2715/2715/2715 2722/2722/2722
f 2718/2718/2718 2723/2723/2723 2720/2720/2720
f 2723/2723/2723 2718/2718/2718 2721/2721/2721
f 2723/2723/2723 2724/2724/2724 2720/2720/2720
f 2723/2723/2723 2721/2721/2721 2725/2725/2725
f 2723/2723/2723 2725/2725/2725 2724/2724/2724
f 2720/2720/2720 2724/2724/2724 2726/2726/2726
f 2727/2727/2727 2720/2720/2720 2726/2726/2726
f 2728/2728/2728 2721/2721/2721 2722/2722/2722
f 2721/2721/2721 2729/2729/2729 2725/2725/2725
f 2729/2729/2729 2721/2721/2721 2728/2728/2728
f 2725/2725/2725 2730/2730/2730 2724/2724/2724
f 2726/2726/2726 2724/2724/2724 2731/2731/2731
f 2724/2724/2724 2730/2730/2730 2731/2731/2731
f 2725/2725/2725 2732/2732/2732 2730/2730/2730
f 2725/2725/2725 2729/2729/2729 2732/2732/2732
f 2731/2731/2731 2730/2730/2730 2733/2733/2733
f 2732/2732/2732 2733/2733/2733 2730/2730/2730
f 2727/2727/2727 2726/2726/2726 2734/2734/2734
f 2726/2726/2726 2731/2731/2731 2735/2735/2735
f 2734/2734/2734 2726/2726/2726 2735/2735/2735
f 2736/2736/2736 2731/2731/2731 2733/2733/2733
f 2737/2737/2737 2736/2736/2736 2733/2733/2733
f 2732/2732/2732 2737/2737/2737 2733/2733/2733
f 2731/2731/2731 2736/2736/2736 2738/2738/2738
f 2735/2735/2735 2731/2731/2731 2738/2738/2738
f 2738/2738/2738 2736/2736/2736 2737/2737/2737
f 2735/2735/2735 2738/2738/2738 2739/2739/2739
f 2739/2739/2739 2738/2738/2738 2737/2737/2737
f 2735/2735/2735 2740/2740/2740 2734/2734/2734
f 2740/2740/2740 2735/2735/2735 2739/2739/2739
f 2729/2729/2729 2741/2741/2741 2732/2732/2732
f 2737/2737/2737 2732/2732/2732 2742/2742/2742
f 2732/2732/2732 2741/2741/2741 2742/2742/2742
f 2741/2741/2741 2729/2729/2729 2743/2743/2743
f 2742/2742/2742 2741/2741/2741 2743/2743/2743
f 2743/2743/2743 2729/2729/2729 2728/2728/2728
f 2737/2737/2737 2742/2742/2742 2744/2744/2744
f 2739/2739/2739 2737/2737/2737 2744/2744/2744
f 2744/2744/2744 2742/2742/2742 2743/2743/2743
f 2739/2739/2739 2744/2744/2744 2745/2745/2745
f 2745/2745/2745 2744/2744/2744 2743/2743/2743
f 2740/2740/2740 2739/2739/2739 2745/2745/2745
f 2745/2745/2745 2743/2743/2743 2746/2746/2746
f 2743/2743/2743 2728/2728/2728 2746/2746/2746
f 2740/2740/2740 2745/2745/2745 2746/2746/2746
f 2746/2746/2746 2728/2728/2728 2747/2747/2747
f 2728/2728/2728 2722/2722/2722 2747/2747/2747
f 2748/2748/2748 2740/2740/2740 2746/2746/2746
f 2748/2748/2748 2746/2746/2746 2747/2747/2747
f 2740/2740/2740 2748/2748/2748 2734/2734/2734
f 2749/2749/2749 2748/2748/2748 2747/2747/2747
f 2748/2748/2748 2749/2749/2749 2734/2734/2734
f 2747/2747/2747 2750/2750/2750 2749/2749/2749
f 2750/2750/2750 2751/2751/2751 2749/2749/2749
f 2749/2749/2749 2752/2752/2752 2734/2734/2734
f 2752/2752/2752 2749/2749/2749 2751/2751/2751
f 2753/2753/2753 2752/2752/2752 2751/2751/2751
f 2752/2752/2752 2727/2727/2727 2734/2734/2734
f 2752/2752/2752 2754/2754/2754 2727/2727/2727
f 2754/2754/2754 2755/2755/2755 2727/2727/2727
f 2755/2755/2755 2756/2756/2756 2727/2727/2727
f 2756/2756/2756 2757/2757/2757 2727/2727/2727
f 2755/2755/2755 2758/2758/2758 2756/2756/2756
f 2755/2755/2755 2759/2759/2759 2758/2758/2758
f 2758/2758/2758 2760/2760/2760 2756/2756/2756
f 2761/2761/2761 2756/2756/2756 2760/2760/2760
f 2762/2762/2762 2761/2761/2761 2760/2760/2760
f 2761/2761/2761 2762/2762/2762 2763/2763/2763
f 2759/2759/2759 2764/2764/2764 2758/2758/2758
f 2765/2765/2765 2764/2764/2764 2759/2759/2759
f 2766/2766/2766 2765/2765/2765 2759/2759/2759
f 2766/2766/2766 2767/2767/2767 2765/2765/2765
f 2758/2758/2758 2768/2768/2768 2760/2760/2760
f 2764/2764/2764 2769/2769/2769 2758/2758/2758
f 2769/2769/2769 2768/2768/2768 2758/2758/2758
f 2762/2762/2762 2760/2760/2760 2770/2770/2770
f 2768/2768/2768 2770/2770/2770 2760/2760/2760
f 2765/2765/2765 2771/2771/2771 2764/2764/2764
f 2771/2771/2771 2769/2769/2769 2764/2764/2764
f 2769/2769/2769 2772/2772/2772 2768/2768/2768
f 2769/2769/2769 2771/2771/2771 2773/2773/2773
f 2772/2772/2772 2769/2769/2769 2773/2773/2773
f 2771/2771/2771 2765/2765/2765 2774/2774/2774
f 2771/2771/2771 2774/2774/2774 2773/2773/2773
f 2767/2767/2767 2775/2775/2775 2765/2765/2765
f 2765/2765/2765 2775/2775/2775 2774/2774/2774
f 2768/2768/2768 2776/2776/2776 2770/2770/2770
f 2772/2772/2772 2776/2776/2776 2768/2768/2768
f 2777/2777/2777 2762/2762/2762 2770/2770/2770
f 2776/2776/2776 2778/2778/2778 2770/2770/2770
f 2777/2777/2777 2770/2770/2770 2778/2778/2778
f 2762/2762/2762 2777/2777/2777 2779/2779/2779
f 2762/2762/2762 2779/2779/2779 2763/2763/2763
f 2773/2773/2773 2780/2780/2780 2772/2772/2772
f 2774/2774/2774 2781/2781/2781 2773/2773/2773
f 2773/2773/2773 2781/2781/2781 2780/2780/2780
f 2772/2772/2772 2782/2782/2782 2776/2776/2776
f 2780/2780/2780 2782/2782/2782 2772/2772/2772
f 2774/2774/2774 2775/2775/2775 2783/2783/2783
f 2781/2781/2781 2774/2774/2774 2784/2784/2784
f 2774/2774/2774 2783/2783/2783 2784/2784/2784
f 2781/2781/2781 2785/2785/2785 2780/2780/2780
f 2785/2785/2785 2781/2781/2781 2784/2784/2784
f 2780/2780/2780 2786/2786/2786 2782/2782/2782
f 2780/2780/2780 2785/2785/2785 2786/2786/2786
f 2782/2782/2782 2787/2787/2787 2776/2776/2776
f 2786/2786/2786 2787/2787/2787 2782/2782/2782
f 2776/2776/2776 2787/2787/2787 2788/2788/2788
f 2778/2778/2778 2776/2776/2776 2788/2788/2788
f 2789/2789/2789 2788/2788/2788 2787/2787/2787
f 2778/2778/2778 2788/2788/2788 2789/2789/2789
f 2786/2786/2786 2789/2789/2789 2787/2787/2787
f 2785/2785/2785 2790/2790/2790 2786/2786/2786
f 2790/2790/2790 2785/2785/2785 2784/2784/2784
f 2786/2786/2786 2790/2790/2790 2791/2791/2791
f 2790/2790/2790 2784/2784/2784 2791/2791/2791
f 2789/2789/2789 2786/2786/2786 2791/2791/2791
f 2784/2784/2784 2792/2792/2792 2791/2791/2791
f 2789/2789/2789 2791/2791/2791 2792/2792/2792
f 2784/2784/2784 2783/2783/2783 2792/2792/2792
f 2793/2793/2793 2778/2778/2778 2789/2789/2789
f 2793/2793/2793 2789/2789/2789 2792/2792/2792
f 2793/2793/2793 2777/2777/2777 2778/2778/2778
f 2793/2793/2793 2792/2792/2792 2794/2794/2794
f 2777/2777/2777 2793/2793/2793 2794/2794/2794
f 2783/2783/2783 2794/2794/2794 2792/2792/2792
f 2777/2777/2777 2794/2794/2794 2779/2779/2779
f 2783/2783/2783 2795/2795/2795 2794/2794/2794
f 2795/2795/2795 2779/2779/2779 2794/2794/2794
f 2775/2775/2775 2795/2795/2795 2783/2783/2783
f 2779/2779/2779 2795/2795/2795 2763/2763/2763
f 2775/2775/2775 2767/2767/2767 2795/2795/2795
f 2795/2795/2795 2796/2796/2796 2763/2763/2763
f 2767/2767/2767 2796/2796/2796 2795/2795/2795
f 2796/2796/2796 2722/2722/2722 2763/2763/2763
f 2722/2722/2722 2796/2796/2796 2767/2767/2767
f 2722/2722/2722 2797/2797/2797 2763/2763/2763
f 2798/2798/2798 2722/2722/2722 2767/2767/2767
f 2801/2801/2801 2800/2800/2800 2799/2799/2799
f 2800/2800/2800 2802/2802/2802 2799/2799/2799
f 2799/2799/2799 2802/2802/2802 2803/2803/2803
f 2802/2802/2802 2804/2804/2804 2803/2803/2803
f 2803/2803/2803 2804/2804/2804 2805/2805/2805
f 2804/2804/2804 2806/2806/2806 2805/2805/2805
f 2805/2805/2805 2806/2806/2806 2807/2807/2807
f 2806/2806/2806 2808/2808/2808 2807/2807/2807
f 2807/2807/2807 2808/2808/2808 2809/2809/2809
f 2808/2808/2808 2810/2810/2810 2809/2809/2809
f 2809/2809/2809 2810/2810/2810 2811/2811/2811
f 2810/2810/2810 2812/2812/2812 2811/2811/2811
f 2811/2811/2811 2812/2812/2812 2813/2813/2813
f 2812/2812/2812 2814/2814/2814 2813/2813/2813
f 2814/2814/2814 2815/2815/2815 2813/2813/2813
f 2818/2818/2818 2817/2817/2817 2816/2816/2816
f 2817/2817/2817 2819/2819/2819 2816/2816/2816
f 2819/2819/2819 2817/2817/2817 2820/2820/2820
f 2817/2817/2817 2821/2821/2821 2820/2820/2820
f 2820/2820/2820 2821/2821/2821 2822/2822/2822
f 2821/2821/2821 2823/2823/2823 2822/2822/2822
f 2822/2822/2822 2823/2823/2823 2824/2824/2824
f 2823/2823/2823 2825/2825/2825 2824/2824/2824
f 2824/2824/2824 2825/2825/2825 2826/2826/2826
f 2825/2825/2825 2827/2827/2827 2826/2826/2826
f 2826/2826/2826 2827/2827/2827 2828/2828/2828
f 2827/2827/2827 2829/2829/2829 2828/2828/2828
f 2828/2828/2828 2829/2829/2829 2830/2830/2830
f 2829/2829/2829 2831/2831/2831 2830/2830/2830
f 2830/2830/2830 2831/2831/2831 2832/2832/2832
f 2831/2831/2831 2833/2833/2833 2832/2832/2832
f 2833/2833/2833 2834/2834/2834 2832/2832/2832
f 2837/2837/2837 2836/2836/2836 2835/2835/2835
f 2836/2836/2836 2838/2838/2838 2835/2835/2835
f 2836/2836/2836 2839/2839/2839 2838/2838/2838
f 2835/2835/2835 2838/2838/2838 2840/2840/2840
f 2841/2841/2841 2835/2835/2835 2840/2840/2840
f 2840/2840/2840 2842/2842/2842 2841/2841/2841
f 2843/2843/2843 2841/2841/2841 2842/2842/2842
f 2840/2840/2840 2838/2838/2838 2844/2844/2844
f 2840/2840/2840 2844/2844/2844 2842/2842/2842
f 2844/2844/2844 2845/2845/2845 2842/2842/2842
f 2838/2838/2838 2846/2846/2846 2844/2844/2844
f 2838/2838/2838 2839/2839/2839 2846/2846/2846
f 2844/2844/2844 2847/2847/2847 2845/2845/2845
f 2844/2844/2844 2846/2846/2846 2847/2847/2847
f 2846/2846/2846 2848/2848/2848 2847/2847/2847
f 2847/2847/2847 2849/2849/2849 2845/2845/2845
f 2846/2846/2846 2850/2850/2850 2848/2848/2848
f 2850/2850/2850 2851/2851/2851 2848/2848/2848
f 2852/2852/2852 2850/2850/2850 2846/2846/2846
f 2839/2839/2839 2852/2852/2852 2846/2846/2846
f 2852/2852/2852 2839/2839/2839 2853/2853/2853
f 2839/2839/2839 2854/2854/2854 2853/2853/2853
f 2855/2855/2855 2843/2843/2843 2842/2842/2842
f 2842/2842/2842 2845/2845/2845 2856/2856/2856
f 2842/2842/2842 2856/2856/2856 2855/2855/2855
f 2845/2845/2845 2857/2857/2857 2856/2856/2856
f 2856/2856/2856 2858/2858/2858 2855/2855/2855
f 2859/2859/2859 2857/2857/2857 2845/2845/2845
f 2855/2855/2855 2860/2860/2860 2843/2843/2843
f 2861/2861/2861 2843/2843/2843 2860/2860/2860
f 2862/2862/2862 2855/2855/2855 2858/2858/2858
f 2855/2855/2855 2862/2862/2862 2860/2860/2860
f 2862/2862/2862 2863/2863/2863 2860/2860/2860
f 2864/2864/2864 2862/2862/2862 2858/2858/2858
f 2865/2865/2865 2862/2862/2862 2864/2864/2864
f 2866/2866/2866 2865/2865/2865 2864/2864/2864
f 2867/2867/2867 2859/2859/2859 2845/2845/2845
f 2849/2849/2849 2867/2867/2867 2845/2845/2845
f 2867/2867/2867 2868/2868/2868 2859/2859/2859
f 2868/2868/2868 2869/2869/2869 2859/2859/2859
f 2869/2869/2869 2868/2868/2868 2870/2870/2870
f 2868/2868/2868 2871/2871/2871 2870/2870/2870
f 2872/2872/2872 2867/2867/2867 2849/2849/2849
f 2872/2872/2872 2868/2868/2868 2867/2867/2867
f 2872/2872/2872 2849/2849/2849 2873/2873/2873
f 2874/2874/2874 2868/2868/2868 2872/2872/2872
f 2877/2877/2877 2876/2876/2876 2875/2875/2875
f 2878/2878/2878 2875/2875/2875 2876/2876/2876
f 2879/2879/2879 2878/2878/2878 2876/2876/2876
f 2878/2878/2878 2880/2880/2880 2875/2875/2875
f 2881/2881/2881 2879/2879/2879 2876/2876/2876
f 2880/2880/2880 2882/2882/2882 2875/2875/2875
f 2875/2875/2875 2882/2882/2882 2883/2883/2883
f 2880/2880/2880 2884/2884/2884 2882/2882/2882
f 2885/2885/2885 2881/2881/2881 2876/2876/2876
f 2885/2885/2885 2876/2876/2876 2886/2886/2886
f 2887/2887/2887 2881/2881/2881 2885/2885/2885
f 2888/2888/2888 2885/2885/2885 2886/2886/2886
f 2888/2888/2888 2887/2887/2887 2885/2885/2885
f 2889/2889/2889 2887/2887/2887 2888/2888/2888
f 2884/2884/2884 2890/2890/2890 2882/2882/2882
f 2882/2882/2882 2890/2890/2890 2891/2891/2891
f 2884/2884/2884 2892/2892/2892 2890/2890/2890
f 2893/2893/2893 2889/2889/2889 2888/2888/2888
f 2893/2893/2893 2888/2888/2888 2894/2894/2894
f 2895/2895/2895 2889/2889/2889 2893/2893/2893
f 2896/2896/2896 2895/2895/2895 2893/2893/2893
f 2896/2896/2896 2893/2893/2893 2897/2897/2897
f 2898/2898/2898 2895/2895/2895 2896/2896/2896
f 2899/2899/2899 2898/2898/2898 2896/2896/2896
f 2896/2896/2896 2900/2900/2900 2899/2899/2899
f 2901/2901/2901 2898/2898/2898 2899/2899/2899
f 2892/2892/2892 2902/2902/2902 2890/2890/2890
f 2890/2890/2890 2902/2902/2902 2903/2903/2903
f 2904/2904/2904 2902/2902/2902 2892/2892/2892
f 2905/2905/2905 2902/2902/2902 2904/2904/2904
f 2906/2906/2906 2904/2904/2904 2892/2892/2892
f 2906/2906/2906 2901/2901/2901 2904/2904/2904
f 2907/2907/2907 2901/2901/2901 2899/2899/2899
f 2901/2901/2901 2907/2907/2907 2904/2904/2904
f 2899/2899/2899 2908/2908/2908 2907/2907/2907
f 2904/2904/2904 2907/2907/2907 2909/2909/2909
f 2912/2912/2912 2911/2911/2911 2910/2910/2910
f 2913/2913/2913 2911/2911/2911 2912/2912/2912
f 2914/2914/2914 2913/2913/2913 2912/2912/2912
f 2913/2913/2913 2915/2915/2915 2911/2911/2911
f 2914/2914/2914 2912/2912/2912 2916/2916/2916
f 2917/2917/2917 2916/2916/2916 2912/2912/2912
f 2918/2918/2918 2914/2914/2914 2916/2916/2916
f 2919/2919/2919 2918/2918/2918 2916/2916/2916
f 2915/2915/2915 2920/2920/2920 2911/2911/2911
f 2911/2911/2911 2920/2920/2920 2921/2921/2921
f 2915/2915/2915 2922/2922/2922 2920/2920/2920
f 2923/2923/2923 2919/2919/2919 2916/2916/2916
f 2923/2923/2923 2916/2916/2916 2924/2924/2924
f 2925/2925/2925 2919/2919/2919 2923/2923/2923
f 2926/2926/2926 2923/2923/2923 2924/2924/2924
f 2926/2926/2926 2925/2925/2925 2923/2923/2923
f 2927/2927/2927 2925/2925/2925 2926/2926/2926
f 2928/2928/2928 2927/2927/2927 2926/2926/2926
f 2928/2928/2928 2926/2926/2926 2929/2929/2929
f 2930/2930/2930 2927/2927/2927 2928/2928/2928
f 2931/2931/2931 2930/2930/2930 2928/2928/2928
f 2931/2931/2931 2928/2928/2928 2932/2932/2932
f 2933/2933/2933 2930/2930/2930 2931/2931/2931
f 2934/2934/2934 2933/2933/2933 2931/2931/2931
f 2931/2931/2931 2935/2935/2935 2934/2934/2934
f 2936/2936/2936 2933/2933/2933 2934/2934/2934
f 2937/2937/2937 2936/2936/2936 2934/2934/2934
f 2934/2934/2934 2938/2938/2938 2937/2937/2937
f 2936/2936/2936 2937/2937/2937 2939/2939/2939
f 2939/2939/2939 2937/2937/2937 2940/2940/2940
f 2941/2941/2941 2936/2936/2936 2939/2939/2939
f 2941/2941/2941 2939/2939/2939 2922/2922/2922
f 2939/2939/2939 2942/2942/2942 2922/2922/2922
f 2943/2943/2943 2942/2942/2942 2939/2939/2939
f 2922/2922/2922 2942/2942/2942 2920/2920/2920
f 2920/2920/2920 2942/2942/2942 2944/2944/2944
f 2947/2947/2947 2946/2946/2946 2945/2945/2945
f 2948/2948/2948 2947/2947/2947 2945/2945/2945
f 2948/2948/2948 2945/2945/2945 2949/2949/2949
f 2950/2950/2950 2948/2948/2948 2949/2949/2949
f 2951/2951/2951 2947/2947/2947 2948/2948/2948
f 2948/2948/2948 2950/2950/2950 2952/2952/2952
f 2953/2953/2953 2951/2951/2951 2948/2948/2948
f 2953/2953/2953 2948/2948/2948 2952/2952/2952
f 2954/2954/2954 2951/2951/2951 2953/2953/2953
f 2953/2953/2953 2952/2952/2952 2955/2955/2955
f 2956/2956/2956 2954/2954/2954 2953/2953/2953
f 2956/2956/2956 2953/2953/2953 2955/2955/2955
f 2957/2957/2957 2954/2954/2954 2956/2956/2956
f 2956/2956/2956 2955/2955/2955 2958/2958/2958
f 2959/2959/2959 2957/2957/2957 2956/2956/2956
f 2959/2959/2959 2956/2956/2956 2958/2958/2958
f 2960/2960/2960 2957/2957/2957 2959/2959/2959
f 2959/2959/2959 2958/2958/2958 2961/2961/2961
f 2962/2962/2962 2960/2960/2960 2959/2959/2959
f 2962/2962/2962 2959/2959/2959 2961/2961/2961
f 2964/2964/2964 2960/2960/2960 2963/2963/2963
f 2963/2963/2963 2961/2961/2961 2965/2965/2965
f 2966/2966/2966 2964/2964/2964 2963/2963/2963
f 2966/2966/2966 2963/2963/2963 2965/2965/2965
f 2967/2967/2967 2964/2964/2964 2966/2966/2966
f 2966/2966/2966 2965/2965/2965 2968/2968/2968
f 2969/2969/2969 2967/2967/2967 2966/2966/2966
f 2969/2969/2969 2966/2966/2966 2968/2968/2968
f 2970/2970/2970 2967/2967/2967 2969/2969/2969
f 2969/2969/2969 2968/2968/2968 2971/2971/2971
f 2972/2972/2972 2970/2970/2970 2969/2969/2969
f 2972/2972/2972 2969/2969/2969 2971/2971/2971
f 2973/2973/2973 2970/2970/2970 2972/2972/2972
f 2972/2972/2972 2971/2971/2971 2974/2974/2974
f 2975/2975/2975 2973/2973/2973 2972/2972/2972
f 2975/2975/2975 2972/2972/2972 2974/2974/2974
f 2976/2976/2976 2973/2973/2973 2975/2975/2975
f 2975/2975/2975 2974/2974/2974 2977/2977/2977
f 2978/2978/2978 2976/2976/2976 2975/2975/2975
f 2978/2978/2978 2975/2975/2975 2977/2977/2977
f 2979/2979/2979 2976/2976/2976 2978/2978/2978
f 2980/2980/2980 2979/2979/2979 2978/2978/2978
f 2980/2980/2980 2978/2978/2978 2977/2977/2977
f 2981/2981/2981 2980/2980/2980 2977/2977/2977
f 2984/2984/2984 2983/2983/2983 2982/2982/2982
f 2983/2983/2983 2985/2985/2985 2982/2982/2982
f 2982/2982/2982 2985/2985/2985 2986/2986/2986
f 2985/2985/2985 2983/2983/2983 2987/2987/2987
f 2985/2985/2985 2988/2988/2988 2986/2986/2986
f 2988/2988/2988 2985/2985/2985 2987/2987/2987
f 2986/2986/2986 2988/2988/2988 2989/2989/2989
f 2988/2988/2988 2987/2987/2987 2990/2990/2990
f 2988/2988/2988 2990/2990/2990 2989/2989/2989
f 2987/2987/2987 2991/2991/2991 2990/2990/2990
f 2989/2989/2989 2990/2990/2990 2992/2992/2992
f 2990/2990/2990 2991/2991/2991 2993/2993/2993
f 2990/2990/2990 2993/2993/2993 2992/2992/2992
f 2991/2991/2991 2994/2994/2994 2993/2993/2993
f 2992/2992/2992 2993/2993/2993 2995/2995/2995
f 2993/2993/2993 2994/2994/2994 2996/2996/2996
f 2993/2993/2993 2996/2996/2996 2995/2995/2995
f 2994/2994/2994 2997/2997/2997 2996/2996/2996
f 2995/2995/2995 2996/2996/2996 2998/2998/2998
f 2996/2996/2996 2997/2997/2997 2999/2999/2999
f 2996/2996/2996 2999/2999/2999 2998/2998/2998
f 2997/2997/2997 3000/3000/3000 2999/2999/2999
f 2998/2998/2998 3002/3002/3002 3001/3001/3001
f 3002/3002/3002 3000/3000/3000 3003/3003/3003
f 3002/3002/3002 3003/3003/3003 3001/3001/3001
f 3000/3000/3000 3004/3004/3004 3003/3003/3003
f 3001/3001/3001 3003/3003/3003 3005/3005/3005
f 3003/3003/3003 3004/3004/3004 3006/3006/3006
f 3003/3003/3003 3006/3006/3006 3005/3005/3005
f 3004/3004/3004 3007/3007/3007 3006/3006/3006
f 3005/3005/3005 3006/3006/3006 3008/3008/3008
f 3006/3006/3006 3007/3007/3007 3009/3009/3009
f 3006/3006/3006 3009/3009/3009 3008/3008/3008
f 3007/3007/3007 3010/3010/3010 3009/3009/3009
f 3008/3008/3008 3009/3009/3009 3011/3011/3011
f 3009/3009/3009 3010/3010/3010 3012/3012/3012
f 3009/3009/3009 3013/3013/3013 3011/3011/3011
f 3013/3013/3013 3009/3009/3009 3012/3012/3012
f 3011/3011/3011 3013/3013/3013 3014/3014/3014
f 3013/3013/3013 3012/3012/3012 3015/3015/3015
f 3013/3013/3013 3015/3015/3015 3014/3014/3014
f 3012/3012/3012 3016/3016/3016 3015/3015/3015
f 3015/3015/3015 3016/3016/3016 3017/3017/3017
f 3014/3014/3014 3015/3015/3015 3018/3018/3018
f 3018/3018/3018 3015/3015/3015 3017/3017/3017
f 3019/3019/3019 3014/3014/3014 3018/3018/3018
f 3019/3019/3019 3018/3018/3018 3017/3017/3017
f 3020/3020/3020 3019/3019/3019 3017/3017/3017
f 3023/3023/3023 3022/3022/3022 3021/3021/3021
f 3024/3024/3024 3023/3023/3023 3021/3021/3021
f 3024/3024/3024 3021/3021/3021 3025/3025/3025
f 3021/3021/3021 3026/3026/3026 3025/3025/3025
f 3025/3025/3025 3026/3026/3026 3027/3027/3027
f 3026/3026/3026 3028/3028/3028 3027/3027/3027
f 3029/3029/3029 3027/3027/3027 3028/3028/3028
f 3030/3030/3030 3029/3029/3029 3028/3028/3028
f 3029/3029/3029 3030/3030/3030 3031/3031/3031
f 3030/3030/3030 3032/3032/3032 3031/3031/3031
f 3031/3031/3031 3033/3033/3033 3029/3029/3029
f 3033/3033/3033 3031/3031/3031 3032/3032/3032
f 3033/3033/3033 3034/3034/3034 3029/3029/3029
f 3034/3034/3034 3035/3035/3035 3029/3029/3029
f 3035/3035/3035 3036/3036/3036 3029/3029/3029
f 3035/3035/3035 3037/3037/3037 3036/3036/3036
f 3037/3037/3037 3038/3038/3038 3036/3036/3036
f 3039/3039/3039 3033/3033/3033 3032/3032/3032
f 3039/3039/3039 3032/3032/3032 3040/3040/3040
f 3032/3032/3032 3041/3041/3041 3040/3040/3040
f 3042/3042/3042 3039/3039/3039 3040/3040/3040
f 3041/3041/3041 3043/3043/3043 3040/3040/3040
f 3042/3042/3042 3040/3040/3040 3043/3043/3043
f 3044/3044/3044 3042/3042/3042 3043/3043/3043
f 3043/3043/3043 3041/3041/3041 3045/3045/3045
f 3046/3046/3046 3044/3044/3044 3043/3043/3043
f 3047/3047/3047 3043/3043/3043 3045/3045/3045
f 3048/3048/3048 3046/3046/3046 3043/3043/3043
f 3046/3046/3046 3048/3048/3048 3049/3049/3049
f 3050/3050/3050 3046/3046/3046 3049/3049/3049
f 3045/3045/3045 3051/3051/3051 3047/3047/3047
f 3051/3051/3051 3052/3052/3052 3047/3047/3047
f 3051/3051/3051 3053/3053/3053 3052/3052/3052
f 3053/3053/3053 3054/3054/3054 3052/3052/3052
f 3055/3055/3055 3054/3054/3054 3053/3053/3053
f 3056/3056/3056 3055/3055/3055 3053/3053/3053
f 3059/3059/3059 3058/3058/3058 3057/3057/3057
f 3060/3060/3060 3059/3059/3059 3057/3057/3057
f 3060/3060/3060 3057/3057/3057 3061/3061/3061
f 3062/3062/3062 3059/3059/3059 3060/3060/3060
f 3063/3063/3063 3060/3060/3060 3061/3061/3061
f 3063/3063/3063 3061/3061/3061 3064/3064/3064
f 3065/3065/3065 3063/3063/3063 3064/3064/3064
f 3066/3066/3066 3062/3062/3062 3060/3060/3060
f 3066/3066/3066 3060/3060/3060 3063/3063/3063
f 3067/3067/3067 3062/3062/3062 3066/3066/3066
f 3068/3068/3068 3063/3063/3063 3065/3065/3065
f 3068/3068/3068 3066/3066/3066 3063/3063/3063
f 3069/3069/3069 3068/3068/3068 3065/3065/3065
f 3070/3070/3070 3067/3067/3067 3066/3066/3066
f 3070/3070/3070 3066/3066/3066 3068/3068/3068
f 3071/3071/3071 3067/3067/3067 3070/3070/3070
f 3072/3072/3072 3068/3068/3068 3069/3069/3069
f 3072/3072/3072 3070/3070/3070 3068/3068/3068
f 3073/3073/3073 3072/3072/3072 3069/3069/3069
f 3074/3074/3074 3071/3071/3071 3070/3070/3070
f 3074/3074/3074 3070/3070/3070 3072/3072/3072
f 3075/3075/3075 3071/3071/3071 3074/3074/3074
f 3076/3076/3076 3072/3072/3072 3073/3073/3073
f 3076/3076/3076 3074/3074/3074 3072/3072/3072
f 3077/3077/3077 3076/3076/3076 3073/3073/3073
f 3078/3078/3078 3075/3075/3075 3074/3074/3074
f 3078/3078/3078 3074/3074/3074 3076/3076/3076
f 3079/3079/3079 3075/3075/3075 3078/3078/3078
f 3080/3080/3080 3076/3076/3076 3077/3077/3077
f 3080/3080/3080 3078/3078/3078 3076/3076/3076
f 3081/3081/3081 3080/3080/3080 3077/3077/3077
f 3082/3082/3082 3079/3079/3079 3078/3078/3078
f 3082/3082/3082 3078/3078/3078 3080/3080/3080
f 3083/3083/3083 3079/3079/3079 3082/3082/3082
f 3084/3084/3084 3080/3080/3080 3081/3081/3081
f 3084/3084/3084 3082/3082/3082 3080/3080/3080
f 3085/3085/3085 3084/3084/3084 3081/3081/3081
f 3086/3086/3086 3083/3083/3083 3082/3082/3082
f 3086/3086/3086 3082/3082/3082 3084/3084/3084
f 3087/3087/3087 3083/3083/3083 3086/3086/3086
f 3088/3088/3088 3084/3084/3084 3085/3085/3085
f 3088/3088/3088 3086/3086/3086 3084/3084/3084
f 3089/3089/3089 3088/3088/3088 3085/3085/3085
f 3090/3090/3090 3087/3087/3087 3086/3086/3086
f 3090/3090/3090 3086/3086/3086 3088/3088/3088
f 3091/3091/3091 3087/3087/3087 3090/3090/3090
f 3092/3092/3092 3088/3088/3088 3089/3089/3089
f 3092/3092/3092 3090/3090/3090 3088/3088/3088
f 3093/3093/3093 3092/3092/3092 3089/3089/3089
f 3094/3094/3094 3091/3091/3091 3090/3090/3090
f 3094/3094/3094 3090/3090/3090 3092/3092/3092
f 3095/3095/3095 3091/3091/3091 3094/3094/3094
f 3096/3096/3096 3092/3092/3092 3093/3093/3093
f 3096/3096/3096 3094/3094/3094 3092/3092/3092
f 3097/3097/3097 3096/3096/3096 3093/3093/3093
f 3098/3098/3098 3095/3095/3095 3094/3094/3094
f 3098/3098/3098 3094/3094/3094 3096/3096/3096
f 3099/3099/3099 3095/3095/3095 3098/3098/3098
f 3100/3100/3100 3096/3096/3096 3097/3097/3097
f 3100/3100/3100 3098/3098/3098 3096/3096/3096
f 3101/3101/3101 3100/3100/3100 3097/3097/3097
f 3102/3102/3102 3099/3099/3099 3098/3098/3098
f 3102/3102/3102 3098/3098/3098 3100/3100/3100
f 3103/3103/3103 3099/3099/3099 3102/3102/3102
f 3104/3104/3104 3103/3103/3103 3102/3102/3102
f 3105/3105/3105 3100/3100/3100 3101/3101/3101
f 3105/3105/3105 3102/3102/3102 3100/3100/3100
f 3104/3104/3104 3102/3102/3102 3105/3105/3105
f 3106/3106/3106 3105/3105/3105 3101/3101/3101
f 3107/3107/3107 3104/3104/3104 3105/3105/3105
f 3107/3107/3107 3105/3105/3105 3106/3106/3106
f 3108/3108/3108 3107/3107/3107 3106/3106/3106
f 3111/3111/3111 3110/3110/3110 3109/3109/3109
f 3110/3110/3110 3112/3112/3112 3109/3109/3109
f 3113/3113/3113 3109/3109/3109 3112/3112/3112
f 3114/3114/3114 3113/3113/3113 3112/3112/3112
f 3110/3110/3110 3115/3115/3115 3112/3112/3112
f 3114/3114/3114 3112/3112/3112 3116/3116/3116
f 3115/3115/3115 3117/3117/3117 3112/3112/3112
f 3112/3112/3112 3117/3117/3117 3116/3116/3116
f 3118/3118/3118 3116/3116/3116 3117/3117/3117
f 3115/3115/3115 3119/3119/3119 3117/3117/3117
f 3120/3120/3120 3118/3118/3118 3117/3117/3117
f 3119/3119/3119 3120/3120/3120 3117/3117/3117
f 3118/3118/3118 3120/3120/3120 3121/3121/3121
f 3120/3120/3120 3119/3119/3119 3122/3122/3122
f 3120/3120/3120 3122/3122/3122 3121/3121/3121
f 3119/3119/3119 3123/3123/3123 3122/3122/3122
f 3122/3122/3122 3124/3124/3124 3121/3121/3121
f 3122/3122/3122 3123/3123/3123 3124/3124/3124
f 3124/3124/3124 3125/3125/3125 3121/3121/3121
f 3123/3123/3123 3126/3126/3126 3124/3124/3124
f 3124/3124/3124 3127/3127/3127 3125/3125/3125
f 3127/3127/3127 3124/3124/3124 3126/3126/3126
f 3127/3127/3127 3128/3128/3128 3125/3125/3125
f 3129/3129/3129 3127/3127/3127 3126/3126/3126
f 3130/3130/3130 3128/3128/3128 3127/3127/3127
f 3127/3127/3127 3129/3129/3129 3131/3131/3131
f 3131/3131/3131 3130/3130/3130 3127/3127/3127
f 3129/3129/3129 3132/3132/3132 3131/3131/3131
f 3131/3131/3131 3132/3132/3132 3133/3133/3133
f 3131/3131/3131 3134/3134/3134 3130/3130/3130
f 3134/3134/3134 3131/3131/3131 3133/3133/3133
f 3134/3134/3134 3135/3135/3135 3130/3130/3130
f 3133/3133/3133 3136/3136/3136 3134/3134/3134
f 3135/3135/3135 3134/3134/3134 3137/3137/3137
f 3136/3136/3136 3137/3137/3137 3134/3134/3134
f 3138/3138/3138 3135/3135/3135 3137/3137/3137
f 3137/3137/3137 3136/3136/3136 3139/3139/3139
f 3139/3139/3139 3136/3136/3136 3140/3140/3140
f 3141/3141/3141 3139/3139/3139 3140/3140/3140
f 3141/3141/3141 3142/3142/3142 3139/3139/3139
f 3137/3137/3137 3143/3143/3143 3138/3138/3138
f 3143/3143/3143 3137/3137/3137 3139/3139/3139
f 3143/3143/3143 3144/3144/3144 3138/3138/3138
f 3142/3142/3142 3145/3145/3145 3139/3139/3139
f 3139/3139/3139 3145/3145/3145 3143/3143/3143
f 3144/3144/3144 3143/3143/3143 3146/3146/3146
f 3144/3144/3144 3146/3146/3146 3147/3147/3147
f 3146/3146/3146 3148/3148/3148 3147/3147/3147
f 3143/3143/3143 3149/3149/3149 3146/3146/3146
f 3145/3145/3145 3149/3149/3149 3143/3143/3143
f 3146/3146/3146 3150/3150/3150 3148/3148/3148
f 3146/3146/3146 3149/3149/3149 3150/3150/3150
f 3150/3150/3150 3151/3151/3151 3148/3148/3148
f 3151/3151/3151 3150/3150/3150 3152/3152/3152
f 3145/3145/3145 3142/3142/3142 3153/3153/3153
f 3142/3142/3142 3154/3154/3154 3153/3153/3153
f 3154/3154/3154 3155/3155/3155 3153/3153/3153
f 3149/3149/3149 3145/3145/3145 3156/3156/3156
f 3149/3149/3149 3156/3156/3156 3150/3150/3150
f 3145/3145/3145 3153/3153/3153 3156/3156/3156
f 3150/3150/3150 3157/3157/3157 3152/3152/3152
f 3150/3150/3150 3156/3156/3156 3157/3157/3157
f 3152/3152/3152 3157/3157/3157 3158/3158/3158
f 3155/3155/3155 3159/3159/3159 3153/3153/3153
f 3156/3156/3156 3153/3153/3153 3159/3159/3159
f 3155/3155/3155 3160/3160/3160 3159/3159/3159
f 3157/3157/3157 3161/3161/3161 3158/3158/3158
f 3158/3158/3158 3161/3161/3161 3162/3162/3162
f 3156/3156/3156 3163/3163/3163 3157/3157/3157
f 3163/3163/3163 3156/3156/3156 3159/3159/3159
f 3157/3157/3157 3163/3163/3163 3161/3161/3161
f 3160/3160/3160 3164/3164/3164 3159/3159/3159
f 3160/3160/3160 3165/3165/3165 3164/3164/3164
f 3163/3163/3163 3159/3159/3159 3166/3166/3166
f 3163/3163/3163 3166/3166/3166 3161/3161/3161
f 3159/3159/3159 3164/3164/3164 3166/3166/3166
f 3161/3161/3161 3167/3167/3167 3162/3162/3162
f 3161/3161/3161 3166/3166/3166 3167/3167/3167
f 3162/3162/3162 3167/3167/3167 3168/3168/3168
f 3165/3165/3165 3169/3169/3169 3164/3164/3164
f 3164/3164/3164 3169/3169/3169 3166/3166/3166
f 3165/3165/3165 3170/3170/3170 3169/3169/3169
f 3166/3166/3166 3171/3171/3171 3167/3167/3167
f 3169/3169/3169 3171/3171/3171 3166/3166/3166
f 3167/3167/3167 3172/3172/3172 3168/3168/3168
f 3167/3167/3167 3171/3171/3171 3172/3172/3172
f 3171/3171/3171 3169/3169/3169 3173/3173/3173
f 3171/3171/3171 3173/3173/3173 3172/3172/3172
f 3172/3172/3172 3174/3174/3174 3168/3168/3168
f 3172/3172/3172 3173/3173/3173 3174/3174/3174
f 3174/3174/3174 3175/3175/3175 3168/3168/3168
f 3175/3175/3175 3174/3174/3174 3176/3176/3176
f 3170/3170/3170 3177/3177/3177 3169/3169/3169
f 3169/3169/3169 3177/3177/3177 3173/3173/3173
f 3177/3177/3177 3170/3170/3170 3178/3178/3178
f 3177/3177/3177 3178/3178/3178 3173/3173/3173
f 3170/3170/3170 3179/3179/3179 3178/3178/3178
f 3173/3173/3173 3180/3180/3180 3174/3174/3174
f 3178/3178/3178 3180/3180/3180 3173/3173/3173
f 3178/3178/3178 3179/3179/3179 3181/3181/3181
f 3178/3178/3178 3181/3181/3181 3180/3180/3180
f 3179/3179/3179 3182/3182/3182 3181/3181/3181
f 3174/3174/3174 3183/3183/3183 3176/3176/3176
f 3174/3174/3174 3180/3180/3180 3183/3183/3183
f 3181/3181/3181 3182/3182/3182 3184/3184/3184
f 3182/3182/3182 3185/3185/3185 3184/3184/3184
f 3185/3185/3185 3186/3186/3186 3184/3184/3184
f 3181/3181/3181 3187/3187/3187 3180/3180/3180
f 3180/3180/3180 3187/3187/3187 3183/3183/3183
f 3181/3181/3181 3184/3184/3184 3187/3187/3187
f 3183/3183/3183 3188/3188/3188 3176/3176/3176
f 3183/3183/3183 3187/3187/3187 3188/3188/3188
f 3188/3188/3188 3189/3189/3189 3176/3176/3176
f 3189/3189/3189 3188/3188/3188 3190/3190/3190
f 3184/3184/3184 3191/3191/3191 3187/3187/3187
f 3187/3187/3187 3191/3191/3191 3188/3188/3188
f 3186/3186/3186 3192/3192/3192 3184/3184/3184
f 3184/3184/3184 3192/3192/3192 3191/3191/3191
f 3188/3188/3188 3193/3193/3193 3190/3190/3190
f 3188/3188/3188 3191/3191/3191 3193/3193/3193
f 3193/3193/3193 3194/3194/3194 3190/3190/3190
f 3194/3194/3194 3195/3195/3195 3190/3190/3190
f 3195/3195/3195 3194/3194/3194 3196/3196/3196
f 3191/3191/3191 3197/3197/3197 3193/3193/3193
f 3192/3192/3192 3197/3197/3197 3191/3191/3191
f 3194/3194/3194 3193/3193/3193 3197/3197/3197
f 3192/3192/3192 3186/3186/3186 3198/3198/3198
f 3192/3192/3192 3198/3198/3198 3197/3197/3197
f 3186/3186/3186 3199/3199/3199 3198/3198/3198
f 3198/3198/3198 3200/3200/3200 3197/3197/3197
f 3200/3200/3200 3194/3194/3194 3197/3197/3197
f 3198/3198/3198 3199/3199/3199 3201/3201/3201
f 3198/3198/3198 3201/3201/3201 3200/3200/3200
f 3199/3199/3199 3202/3202/3202 3201/3201/3201
f 3194/3194/3194 3203/3203/3203 3196/3196/3196
f 3196/3196/3196 3203/3203/3203 3204/3204/3204
f 3200/3200/3200 3205/3205/3205 3194/3194/3194
f 3201/3201/3201 3205/3205/3205 3200/3200/3200
f 3205/3205/3205 3203/3203/3203 3194/3194/3194
f 3206/3206/3206 3201/3201/3201 3202/3202/3202
f 3205/3205/3205 3201/3201/3201 3206/3206/3206
f 3207/3207/3207 3206/3206/3206 3202/3202/3202
f 3203/3203/3203 3208/3208/3208 3204/3204/3204
f 3208/3208/3208 3203/3203/3203 3205/3205/3205
f 3206/3206/3206 3207/3207/3207 3209/3209/3209
f 3207/3207/3207 3210/3210/3210 3209/3209/3209
f 3211/3211/3211 3205/3205/3205 3206/3206/3206
f 3211/3211/3211 3208/3208/3208 3205/3205/3205
f 3206/3206/3206 3209/3209/3209 3211/3211/3211
f 3208/3208/3208 3212/3212/3212 3204/3204/3204
f 3208/3208/3208 3211/3211/3211 3212/3212/3212
f 3212/3212/3212 3213/3213/3213 3204/3204/3204
f 3214/3214/3214 3213/3213/3213 3212/3212/3212
f 3209/3209/3209 3210/3210/3210 3215/3215/3215
f 3210/3210/3210 3216/3216/3216 3215/3215/3215
f 3209/3209/3209 3217/3217/3217 3211/3211/3211
f 3211/3211/3211 3217/3217/3217 3212/3212/3212
f 3209/3209/3209 3215/3215/3215 3217/3217/3217
f 3218/3218/3218 3214/3214/3214 3212/3212/3212
f 3212/3212/3212 3217/3217/3217 3218/3218/3218
f 3215/3215/3215 3216/3216/3216 3219/3219/3219
f 3216/3216/3216 3220/3220/3220 3219/3219/3219
f 3215/3215/3215 3221/3221/3221 3217/3217/3217
f 3221/3221/3221 3215/3215/3215 3219/3219/3219
f 3217/3217/3217 3221/3221/3221 3218/3218/3218
f 3222/3222/3222 3221/3221/3221 3219/3219/3219
f 3218/3218/3218 3221/3221/3221 3222/3222/3222
f 3223/3223/3223 3218/3218/3218 3222/3222/3222
f 3218/3218/3218 3223/3223/3223 3214/3214/3214
f 3223/3223/3223 3224/3224/3224 3214/3214/3214
f 3227/3227/3227 3226/3226/3226 3225/3225/3225
f 3226/3226/3226 3228/3228/3228 3225/3225/3225
f 3229/3229/3229 3228/3228/3228 3226/3226/3226
f 3230/3230/3230 3229/3229/3229 3226/3226/3226
f 3230/3230/3230 3231/3231/3231 3229/3229/3229
f 3228/3228/3228 3232/3232/3232 3225/3225/3225
f 3229/3229/3229 3233/3233/3233 3228/3228/3228
f 3233/3233/3233 3232/3232/3232 3228/3228/3228
f 3231/3231/3231 3234/3234/3234 3229/3229/3229
f 3235/3235/3235 3233/3233/3233 3229/3229/3229
f 3234/3234/3234 3235/3235/3235 3229/3229/3229
f 3234/3234/3234 3231/3231/3231 3236/3236/3236
f 3236/3236/3236 3231/3231/3231 3237/3237/3237
f 3237/3237/3237 3238/3238/3238 3236/3236/3236
f 3238/3238/3238 3239/3239/3239 3236/3236/3236
f 3238/3238/3238 3240/3240/3240 3239/3239/3239
f 3241/3241/3241 3234/3234/3234 3236/3236/3236
f 3241/3241/3241 3236/3236/3236 3239/3239/3239
f 3240/3240/3240 3242/3242/3242 3239/3239/3239
f 3242/3242/3242 3240/3240/3240 3243/3243/3243
f 3244/3244/3244 3235/3235/3235 3234/3234/3234
f 3241/3241/3241 3244/3244/3244 3234/3234/3234
f 3245/3245/3245 3241/3241/3241 3239/3239/3239
f 3245/3245/3245 3239/3239/3239 3242/3242/3242
f 3246/3246/3246 3242/3242/3242 3243/3243/3243
f 3246/3246/3246 3243/3243/3243 3247/3247/3247
f 3248/3248/3248 3244/3244/3244 3241/3241/3241
f 3245/3245/3245 3248/3248/3248 3241/3241/3241
f 3249/3249/3249 3245/3245/3245 3242/3242/3242
f 3249/3249/3249 3242/3242/3242 3246/3246/3246
f 3250/3250/3250 3246/3246/3246 3247/3247/3247
f 3251/3251/3251 3250/3250/3250 3247/3247/3247
f 3249/3249/3249 3252/3252/3252 3245/3245/3245
f 3252/3252/3252 3248/3248/3248 3245/3245/3245
f 3253/3253/3253 3249/3249/3249 3246/3246/3246
f 3253/3253/3253 3246/3246/3246 3250/3250/3250
f 3249/3249/3249 3253/3253/3253 3252/3252/3252
f 3254/3254/3254 3250/3250/3250 3251/3251/3251
f 3254/3254/3254 3253/3253/3253 3250/3250/3250
f 3255/3255/3255 3254/3254/3254 3251/3251/3251
f 3253/3253/3253 3256/3256/3256 3252/3252/3252
f 3253/3253/3253 3254/3254/3254 3256/3256/3256
f 3254/3254/3254 3255/3255/3255 3257/3257/3257
f 3254/3254/3254 3257/3257/3257 3256/3256/3256
f 3255/3255/3255 3258/3258/3258 3257/3257/3257
f 3257/3257/3257 3258/3258/3258 3259/3259/3259
f 3260/3260/3260 3257/3257/3257 3259/3259/3259
f 3260/3260/3260 3256/3256/3256 3257/3257/3257
f 3260/3260/3260 3261/3261/3261 3256/3256/3256
f 3261/3261/3261 3252/3252/3252 3256/3256/3256
f 3248/3248/3248 3252/3252/3252 3261/3261/3261
f 3262/3262/3262 3248/3248/3248 3261/3261/3261
f 3244/3244/3244 3248/3248/3248 3262/3262/3262
f 3263/3263/3263 3244/3244/3244 3262/3262/3262
f 3263/3263/3263 3264/3264/3264 3244/3244/3244
f 3264/3264/3264 3235/3235/3235 3244/3244/3244
f 3264/3264/3264 3265/3265/3265 3235/3235/3235
f 3265/3265/3265 3233/3233/3233 3235/3235/3235
f 3265/3265/3265 3266/3266/3266 3233/3233/3233
f 3266/3266/3266 3232/3232/3232 3233/3233/3233
f 3266/3266/3266 3267/3267/3267 3232/3232/3232
f 3267/3267/3267 3268/3268/3268 3232/3232/3232
f 3232/3232/3232 3268/3268/3268 3225/3225/3225
f 3268/3268/3268 3267/3267/3267 3269/3269/3269
f 3225/3225/3225 3268/3268/3268 3270/3270/3270
f 3270/3270/3270 3268/3268/3268 3269/3269/3269
f 3270/3270/3270 3269/3269/3269 3271/3271/3271
f 3272/3272/3272 3225/3225/3225 3270/3270/3270
f 3273/3273/3273 3270/3270/3270 3271/3271/3271
f 3273/3273/3273 3272/3272/3272 3270/3270/3270
f 3273/3273/3273 3271/3271/3271 3274/3274/3274
f 3275/3275/3275 3272/3272/3272 3273/3273/3273
f 3276/3276/3276 3272/3272/3272 3275/3275/3275
f 3277/3277/3277 3273/3273/3273 3274/3274/3274
f 3275/3275/3275 3273/3273/3273 3277/3277/3277
f 3277/3277/3277 3274/3274/3274 3278/3278/3278
f 3279/3279/3279 3277/3277/3277 3278/3278/3278
f 3280/3280/3280 3275/3275/3275 3277/3277/3277
f 3280/3280/3280 3277/3277/3277 3279/3279/3279
f 3279/3279/3279 3278/3278/3278 3281/3281/3281
f 3278/3278/3278 3282/3282/3282 3281/3281/3281
f 3283/3283/3283 3280/3280/3280 3279/3279/3279
f 3283/3283/3283 3279/3279/3279 3281/3281/3281
f 3281/3281/3281 3282/3282/3282 3284/3284/3284
f 3282/3282/3282 3285/3285/3285 3284/3284/3284
f 3286/3286/3286 3283/3283/3283 3281/3281/3281
f 3286/3286/3286 3281/3281/3281 3284/3284/3284
f 3284/3284/3284 3285/3285/3285 3287/3287/3287
f 3285/3285/3285 3288/3288/3288 3287/3287/3287
f 3289/3289/3289 3286/3286/3286 3284/3284/3284
f 3289/3289/3289 3284/3284/3284 3287/3287/3287
f 3287/3287/3287 3288/3288/3288 3290/3290/3290
f 3288/3288/3288 3291/3291/3291 3290/3290/3290
f 3291/3291/3291 3292/3292/3292 3290/3290/3290
f 3293/3293/3293 3289/3289/3289 3287/3287/3287
f 3293/3293/3293 3287/3287/3287 3290/3290/3290
f 3280/3280/3280 3283/3283/3283 3294/3294/3294
f 3283/3283/3283 3286/3286/3286 3295/3295/3295
f 3283/3283/3283 3295/3295/3295 3294/3294/3294
f 3294/3294/3294 3295/3295/3295 3296/3296/3296
f 3286/3286/3286 3297/3297/3297 3295/3295/3295
f 3286/3286/3286 3289/3289/3289 3297/3297/3297
f 3296/3296/3296 3295/3295/3295 3297/3297/3297
f 3289/3289/3289 3298/3298/3298 3297/3297/3297
f 3289/3289/3289 3293/3293/3293 3298/3298/3298
f 3280/3280/3280 3294/3294/3294 3299/3299/3299
f 3275/3275/3275 3280/3280/3280 3299/3299/3299
f 3275/3275/3275 3299/3299/3299 3300/3300/3300
f 3276/3276/3276 3275/3275/3275 3300/3300/3300
f 3301/3301/3301 3299/3299/3299 3294/3294/3294
f 3300/3300/3300 3299/3299/3299 3301/3301/3301
f 3302/3302/3302 3301/3301/3301 3294/3294/3294
f 3302/3302/3302 3294/3294/3294 3296/3296/3296
f 3296/3296/3296 3303/3303/3303 3302/3302/3302
f 3304/3304/3304 3300/3300/3300 3301/3301/3301
f 3276/3276/3276 3300/3300/3300 3305/3305/3305
f 3300/3300/3300 3304/3304/3304 3305/3305/3305
f 3306/3306/3306 3276/3276/3276 3305/3305/3305
f 3304/3304/3304 3307/3307/3307 3305/3305/3305
f 3305/3305/3305 3308/3308/3308 3306/3306/3306
f 3305/3305/3305 3307/3307/3307 3308/3308/3308
f 3308/3308/3308 3309/3309/3309 3306/3306/3306
f 3307/3307/3307 3310/3310/3310 3308/3308/3308
f 3309/3309/3309 3308/3308/3308 3311/3311/3311
f 3308/3308/3308 3310/3310/3310 3311/3311/3311
f 3312/3312/3312 3309/3309/3309 3311/3311/3311
f 3310/3310/3310 3313/3313/3313 3311/3311/3311
f 3311/3311/3311 3314/3314/3314 3312/3312/3312
f 3314/3314/3314 3311/3311/3311 3313/3313/3313
f 3314/3314/3314 3315/3315/3315 3312/3312/3312
f 3316/3316/3316 3314/3314/3314 3313/3313/3313
f 3317/3317/3317 3315/3315/3315 3314/3314/3314
f 3318/3318/3318 3314/3314/3314 3316/3316/3316
f 3318/3318/3318 3317/3317/3317 3314/3314/3314
f 3319/3319/3319 3318/3318/3318 3316/3316/3316
f 3320/3320/3320 3317/3317/3317 3318/3318/3318
f 3318/3318/3318 3319/3319/3319 3321/3321/3321
f 3321/3321/3321 3320/3320/3320 3318/3318/3318
f 3319/3319/3319 3322/3322/3322 3321/3321/3321
f 3321/3321/3321 3323/3323/3323 3320/3320/3320
f 3321/3321/3321 3322/3322/3322 3323/3323/3323
f 3323/3323/3323 3324/3324/3324 3320/3320/3320
f 3322/3322/3322 3325/3325/3325 3323/3323/3323
f 3323/3323/3323 3326/3326/3326 3324/3324/3324
f 3323/3323/3323 3325/3325/3325 3326/3326/3326
f 3326/3326/3326 3327/3327/3327 3324/3324/3324
f 3325/3325/3325 3328/3328/3328 3326/3326/3326
f 3329/3329/3329 3326/3326/3326 3328/3328/3328
f 3330/3330/3330 3327/3327/3327 3326/3326/3326
f 3329/3329/3329 3330/3330/3330 3326/3326/3326
f 3329/3329/3329 3331/3331/3331 3330/3330/3330
f 3331/3331/3331 3332/3332/3332 3330/3330/3330
f 3335/3335/3335 3334/3334/3334 3333/3333/3333
f 3334/3334/3334 3336/3336/3336 3333/3333/3333
f 3333/3333/3333 3336/3336/3336 3337/3337/3337
f 3336/3336/3336 3338/3338/3338 3337/3337/3337
f 3336/3336/3336 3339/3339/3339 3338/3338/3338
f 3339/3339/3339 3336/3336/3336 3334/3334/3334
f 3339/3339/3339 3340/3340/3340 3338/3338/3338
f 3340/3340/3340 3339/3339/3339 3341/3341/3341
f 3334/3334/3334 3342/3342/3342 3339/3339/3339
f 3339/3339/3339 3342/3342/3342 3341/3341/3341
f 3334/3334/3334 3343/3343/3343 3342/3342/3342
f 3342/3342/3342 3343/3343/3343 3344/3344/3344
f 3342/3342/3342 3345/3345/3345 3341/3341/3341
f 3345/3345/3345 3342/3342/3342 3344/3344/3344
f 3345/3345/3345 3346/3346/3346 3341/3341/3341
f 3344/3344/3344 3347/3347/3347 3345/3345/3345
f 3346/3346/3346 3345/3345/3345 3348/3348/3348
f 3347/3347/3347 3348/3348/3348 3345/3345/3345
f 3349/3349/3349 3346/3346/3346 3348/3348/3348
f 3349/3349/3349 3348/3348/3348 3350/3350/3350
f 3348/3348/3348 3347/3347/3347 3351/3351/3351
f 3348/3348/3348 3351/3351/3351 3350/3350/3350
f 3347/3347/3347 3352/3352/3352 3351/3351/3351
f 3351/3351/3351 3352/3352/3352 3353/3353/3353
f 3350/3350/3350 3351/3351/3351 3354/3354/3354
f 3354/3354/3354 3351/3351/3351 3353/3353/3353
f 3355/3355/3355 3350/3350/3350 3354/3354/3354
f 3354/3354/3354 3353/3353/3353 3356/3356/3356
f 3355/3355/3355 3354/3354/3354 3357/3357/3357
f 3357/3357/3357 3354/3354/3354 3356/3356/3356
f 3358/3358/3358 3355/3355/3355 3357/3357/3357
f 3357/3357/3357 3356/3356/3356 3359/3359/3359
f 3357/3357/3357 3360/3360/3360 3358/3358/3358
f 3360/3360/3360 3357/3357/3357 3359/3359/3359
f 3360/3360/3360 3361/3361/3361 3358/3358/3358
f 3360/3360/3360 3359/3359/3359 3362/3362/3362
f 3361/3361/3361 3360/3360/3360 3363/3363/3363
f 3363/3363/3363 3360/3360/3360 3362/3362/3362
f 3364/3364/3364 3361/3361/3361 3363/3363/3363
f 3363/3363/3363 3362/3362/3362 3365/3365/3365
f 3364/3364/3364 3363/3363/3363 3366/3366/3366
f 3366/3366/3366 3363/3363/3363 3365/3365/3365
f 3367/3367/3367 3364/3364/3364 3366/3366/3366
f 3365/3365/3365 3368/3368/3368 3366/3366/3366
f 3367/3367/3367 3366/3366/3366 3369/3369/3369
f 3368/3368/3368 3369/3369/3369 3366/3366/3366
f 3370/3370/3370 3367/3367/3367 3369/3369/3369
f 3369/3369/3369 3368/3368/3368 3371/3371/3371
f 3370/3370/3370 3369/3369/3369 3372/3372/3372
f 3372/3372/3372 3369/3369/3369 3371/3371/3371
f 3373/3373/3373 3370/3370/3370 3372/3372/3372
f 3372/3372/3372 3371/3371/3371 3374/3374/3374
f 3373/3373/3373 3372/3372/3372 3375/3375/3375
f 3375/3375/3375 3372/3372/3372 3374/3374/3374
f 3376/3376/3376 3373/3373/3373 3375/3375/3375
f 3375/3375/3375 3374/3374/3374 3377/3377/3377
f 3375/3375/3375 3378/3378/3378 3376/3376/3376
f 3378/3378/3378 3375/3375/3375 3377/3377/3377
f 3378/3378/3378 3379/3379/3379 3376/3376/3376
f 3378/3378/3378 3377/3377/3377 3380/3380/3380
f 3378/3378/3378 3380/3380/3380 3379/3379/3379
f 3377/3377/3377 3381/3381/3381 3380/3380/3380
f 3380/3380/3380 3382/3382/3382 3379/3379/3379
f 3380/3380/3380 3381/3381/3381 3383/3383/3383
f 3382/3382/3382 3380/3380/3380 3384/3384/3384
f 3384/3384/3384 3380/3380/3380 3383/3383/3383
f 3385/3385/3385 3382/3382/3382 3384/3384/3384
f 3384/3384/3384 3383/3383/3383 3386/3386/3386
f 3385/3385/3385 3384/3384/3384 3387/3387/3387
f 3387/3387/3387 3384/3384/3384 3386/3386/3386
f 3388/3388/3388 3385/3385/3385 3387/3387/3387
f 3387/3387/3387 3386/3386/3386 3389/3389/3389
f 3388/3388/3388 3387/3387/3387 3390/3390/3390
f 3390/3390/3390 3387/3387/3387 3389/3389/3389
f 3391/3391/3391 3388/3388/3388 3390/3390/3390
f 3390/3390/3390 3389/3389/3389 3392/3392/3392
f 3391/3391/3391 3390/3390/3390 3393/3393/3393
f 3393/3393/3393 3390/3390/3390 3392/3392/3392
f 3394/3394/3394 3391/3391/3391 3393/3393/3393
f 3392/3392/3392 3395/3395/3395 3393/3393/3393
f 3393/3393/3393 3396/3396/3396 3394/3394/3394
f 3395/3395/3395 3396/3396/3396 3393/3393/3393
f 3396/3396/3396 3397/3397/3397 3394/3394/3394
f 3395/3395/3395 3398/3398/3398 3396/3396/3396
f 3396/3396/3396 3399/3399/3399 3397/3397/3397
f 3398/3398/3398 3399/3399/3399 3396/3396/3396
f 3399/3399/3399 3398/3398/3398 3400/3400/3400
f 3399/3399/3399 3401/3401/3401 3397/3397/3397
f 3401/3401/3401 3399/3399/3399 3400/3400/3400
f 3398/3398/3398 3402/3402/3402 3400/3400/3400
f 3403/3403/3403 3401/3401/3401 3400/3400/3400
f 3400/3400/3400 3402/3402/3402 3404/3404/3404
f 3403/3403/3403 3400/3400/3400 3405/3405/3405
f 3406/3406/3406 3400/3400/3400 3404/3404/3404
f 3400/3400/3400 3406/3406/3406 3405/3405/3405
f 3404/3404/3404 3407/3407/3407 3406/3406/3406
f 3405/3405/3405 3406/3406/3406 3408/3408/3408
f 3407/3407/3407 3409/3409/3409 3406/3406/3406
f 3406/3406/3406 3409/3409/3409 3408/3408/3408
f 3407/3407/3407 3410/3410/3410 3409/3409/3409
f 3410/3410/3410 3408/3408/3408 3409/3409/3409
f 3413/3413/3413 3412/3412/3412 3411/3411/3411
f 3414/3414/3414 3413/3413/3413 3411/3411/3411
f 3415/3415/3415 3414/3414/3414 3411/3411/3411
f 3415/3415/3415 3416/3416/3416 3414/3414/3414
f 3416/3416/3416 3417/3417/3417 3414/3414/3414
f 3416/3416/3416 3418/3418/3418 3417/3417/3417
f 3418/3418/3418 3419/3419/3419 3417/3417/3417
f 3419/3419/3419 3418/3418/3418 3420/3420/3420
f 3421/3421/3421 3419/3419/3419 3420/3420/3420
f 3420/3420/3420 3422/3422/3422 3421/3421/3421
f 3422/3422/3422 3423/3423/3423 3421/3421/3421
f 3423/3423/3423 3422/3422/3422 3424/3424/3424
f 3422/3422/3422 3425/3425/3425 3424/3424/3424
f 3425/3425/3425 3296/3296/3296 3424/3424/3424
f 3296/3296/3296 3426/3426/3426 3424/3424/3424
f 3296/3296/3296 3427/3427/3427 3426/3426/3426
f 3427/3427/3427 3296/3296/3296 3297/3297/3297
f 3427/3427/3427 3297/3297/3297 3298/3298/3298
f 3427/3427/3427 3428/3428/3428 3426/3426/3426
f 3426/3426/3426 3428/3428/3428 3429/3429/3429
f 3430/3430/3430 3427/3427/3427 3298/3298/3298
f 3427/3427/3427 3430/3430/3430 3428/3428/3428
f 3428/3428/3428 3431/3431/3431 3429/3429/3429
f 3430/3430/3430 3431/3431/3431 3428/3428/3428
f 3431/3431/3431 3432/3432/3432 3429/3429/3429
f 3430/3430/3430 3298/3298/3298 3433/3433/3433
f 3293/3293/3293 3433/3433/3433 3298/3298/3298
f 3431/3431/3431 3434/3434/3434 3432/3432/3432
f 3434/3434/3434 3435/3435/3435 3432/3432/3432
f 3430/3430/3430 3436/3436/3436 3431/3431/3431
f 3436/3436/3436 3430/3430/3430 3433/3433/3433
f 3436/3436/3436 3434/3434/3434 3431/3431/3431
f 3293/3293/3293 3437/3437/3437 3433/3433/3433
f 3437/3437/3437 3293/3293/3293 3290/3290/3290
f 3434/3434/3434 3438/3438/3438 3435/3435/3435
f 3438/3438/3438 3439/3439/3439 3435/3435/3435
f 3438/3438/3438 3440/3440/3440 3439/3439/3439
f 3440/3440/3440 3441/3441/3441 3439/3439/3439
f 3442/3442/3442 3441/3441/3441 3440/3440/3440
f 3443/3443/3443 3438/3438/3438 3434/3434/3434
f 3436/3436/3436 3443/3443/3443 3434/3434/3434
f 3438/3438/3438 3443/3443/3443 3440/3440/3440
f 3436/3436/3436 3433/3433/3433 3444/3444/3444
f 3437/3437/3437 3444/3444/3444 3433/3433/3433
f 3443/3443/3443 3436/3436/3436 3444/3444/3444
f 3437/3437/3437 3290/3290/3290 3445/3445/3445
f 3292/3292/3292 3445/3445/3445 3290/3290/3290
f 3437/3437/3437 3446/3446/3446 3444/3444/3444
f 3446/3446/3446 3437/3437/3437 3445/3445/3445
f 3445/3445/3445 3292/3292/3292 3447/3447/3447
f 3446/3446/3446 3445/3445/3445 3447/3447/3447
f 3292/3292/3292 3448/3448/3448 3447/3447/3447
f 3447/3447/3447 3448/3448/3448 3449/3449/3449
f 3443/3443/3443 3444/3444/3444 3450/3450/3450
f 3446/3446/3446 3450/3450/3450 3444/3444/3444
f 3451/3451/3451 3447/3447/3447 3449/3449/3449
f 3451/3451/3451 3449/3449/3449 3452/3452/3452
f 3453/3453/3453 3446/3446/3446 3447/3447/3447
f 3446/3446/3446 3453/3453/3453 3450/3450/3450
f 3453/3453/3453 3447/3447/3447 3451/3451/3451
f 3454/3454/3454 3443/3443/3443 3450/3450/3450
f 3443/3443/3443 3454/3454/3454 3440/3440/3440
f 3453/3453/3453 3455/3455/3455 3450/3450/3450
f 3454/3454/3454 3450/3450/3450 3455/3455/3455
f 3456/3456/3456 3453/3453/3453 3451/3451/3451
f 3453/3453/3453 3456/3456/3456 3455/3455/3455
f 3457/3457/3457 3451/3451/3451 3452/3452/3452
f 3456/3456/3456 3451/3451/3451 3457/3457/3457
f 3457/3457/3457 3452/3452/3452 3458/3458/3458
f 3452/3452/3452 3459/3459/3459 3458/3458/3458
f 3460/3460/3460 3456/3456/3456 3457/3457/3457
f 3460/3460/3460 3457/3457/3457 3458/3458/3458
f 3456/3456/3456 3461/3461/3461 3455/3455/3455
f 3456/3456/3456 3460/3460/3460 3461/3461/3461
f 3462/3462/3462 3454/3454/3454 3455/3455/3455
f 3462/3462/3462 3455/3455/3455 3461/3461/3461
f 3440/3440/3440 3454/3454/3454 3463/3463/3463
f 3454/3454/3454 3462/3462/3462 3463/3463/3463
f 3458/3458/3458 3459/3459/3459 3464/3464/3464
f 3459/3459/3459 3465/3465/3465 3464/3464/3464
f 3466/3466/3466 3460/3460/3460 3458/3458/3458
f 3466/3466/3466 3458/3458/3458 3464/3464/3464
f 3460/3460/3460 3467/3467/3467 3461/3461/3461
f 3460/3460/3460 3466/3466/3466 3467/3467/3467
f 3468/3468/3468 3462/3462/3462 3461/3461/3461
f 3463/3463/3463 3462/3462/3462 3468/3468/3468
f 3468/3468/3468 3461/3461/3461 3467/3467/3467
f 3440/3440/3440 3463/3463/3463 3469/3469/3469
f 3469/3469/3469 3442/3442/3442 3440/3440/3440
f 3470/3470/3470 3464/3464/3464 3465/3465/3465
f 3471/3471/3471 3470/3470/3470 3465/3465/3465
f 3470/3470/3470 3471/3471/3471 3472/3472/3472
f 3473/3473/3473 3466/3466/3466 3464/3464/3464
f 3473/3473/3473 3464/3464/3464 3470/3470/3470
f 3466/3466/3466 3474/3474/3474 3467/3467/3467
f 3466/3466/3466 3473/3473/3473 3474/3474/3474
f 3475/3475/3475 3463/3463/3463 3468/3468/3468
f 3469/3469/3469 3463/3463/3463 3475/3475/3475
f 3469/3469/3469 3476/3476/3476 3442/3442/3442
f 3476/3476/3476 3469/3469/3469 3475/3475/3475
f 3476/3476/3476 3477/3477/3477 3442/3442/3442
f 3478/3478/3478 3477/3477/3477 3476/3476/3476
f 3479/3479/3479 3468/3468/3468 3467/3467/3467
f 3475/3475/3475 3468/3468/3468 3479/3479/3479
f 3479/3479/3479 3467/3467/3467 3474/3474/3474
f 3476/3476/3476 3475/3475/3475 3480/3480/3480
f 3480/3480/3480 3475/3475/3475 3479/3479/3479
f 3481/3481/3481 3478/3478/3478 3476/3476/3476
f 3481/3481/3481 3476/3476/3476 3480/3480/3480
f 3478/3478/3478 3481/3481/3481 3482/3482/3482
f 3480/3480/3480 3479/3479/3479 3483/3483/3483
f 3480/3480/3480 3483/3483/3483 3481/3481/3481
f 3484/3484/3484 3479/3479/3479 3474/3474/3474
f 3479/3479/3479 3484/3484/3484 3483/3483/3483
f 3481/3481/3481 3485/3485/3485 3482/3482/3482
f 3483/3483/3483 3485/3485/3485 3481/3481/3481
f 3485/3485/3485 3486/3486/3486 3482/3482/3482
f 3486/3486/3486 3487/3487/3487 3482/3482/3482
f 3483/3483/3483 3488/3488/3488 3485/3485/3485
f 3483/3483/3483 3484/3484/3484 3488/3488/3488
f 3488/3488/3488 3486/3486/3486 3485/3485/3485
f 3484/3484/3484 3474/3474/3474 3489/3489/3489
f 3473/3473/3473 3489/3489/3489 3474/3474/3474
f 3486/3486/3486 3490/3490/3490 3487/3487/3487
f 3490/3490/3490 3491/3491/3491 3487/3487/3487
f 3488/3488/3488 3492/3492/3492 3486/3486/3486
f 3492/3492/3492 3490/3490/3490 3486/3486/3486
f 3484/3484/3484 3493/3493/3493 3488/3488/3488
f 3493/3493/3493 3484/3484/3484 3489/3489/3489
f 3488/3488/3488 3493/3493/3493 3492/3492/3492
f 3494/3494/3494 3489/3489/3489 3473/3473/3473
f 3493/3493/3493 3489/3489/3489 3494/3494/3494
f 3490/3490/3490 3495/3495/3495 3491/3491/3491
f 3495/3495/3495 3496/3496/3496 3491/3491/3491
f 3493/3493/3493 3497/3497/3497 3492/3492/3492
f 3497/3497/3497 3493/3493/3493 3494/3494/3494
f 3492/3492/3492 3498/3498/3498 3490/3490/3490
f 3492/3492/3492 3497/3497/3497 3498/3498/3498
f 3498/3498/3498 3495/3495/3495 3490/3490/3490
f 3495/3495/3495 3499/3499/3499 3496/3496/3496
f 3499/3499/3499 3500/3500/3500 3496/3496/3496
f 3499/3499/3499 3501/3501/3501 3500/3500/3500
f 3499/3499/3499 3495/3495/3495 3502/3502/3502
f 3495/3495/3495 3498/3498/3498 3502/3502/3502
f 3499/3499/3499 3502/3502/3502 3501/3501/3501
f 3497/3497/3497 3503/3503/3503 3498/3498/3498
f 3497/3497/3497 3494/3494/3494 3503/3503/3503
f 3502/3502/3502 3498/3498/3498 3504/3504/3504
f 3498/3498/3498 3503/3503/3503 3504/3504/3504
f 3502/3502/3502 3504/3504/3504 3501/3501/3501
f 3494/3494/3494 3505/3505/3505 3503/3503/3503
f 3503/3503/3503 3505/3505/3505 3504/3504/3504
f 3506/3506/3506 3501/3501/3501 3504/3504/3504
f 3505/3505/3505 3506/3506/3506 3504/3504/3504
f 3505/3505/3505 3494/3494/3494 3507/3507/3507
f 3507/3507/3507 3494/3494/3494 3473/3473/3473
f 3507/3507/3507 3473/3473/3473 3470/3470/3470
f 3505/3505/3505 3508/3508/3508 3506/3506/3506
f 3508/3508/3508 3505/3505/3505 3507/3507/3507
f 3507/3507/3507 3470/3470/3470 3509/3509/3509
f 3508/3508/3508 3507/3507/3507 3509/3509/3509
f 3509/3509/3509 3470/3470/3470 3472/3472/3472
f 3472/3472/3472 3510/3510/3510 3509/3509/3509
f 3510/3510/3510 3511/3511/3511 3509/3509/3509
f 3510/3510/3510 3501/3501/3501 3511/3511/3511
f 3508/3508/3508 3509/3509/3509 3511/3511/3511
f 3508/3508/3508 3512/3512/3512 3506/3506/3506
f 3512/3512/3512 3501/3501/3501 3506/3506/3506
f 3512/3512/3512 3508/3508/3508 3511/3511/3511
f 3511/3511/3511 3501/3501/3501 3512/3512/3512
f 3515/3515/3515 3514/3514/3514 3513/3513/3513
f 3515/3515/3515 3513/3513/3513 3516/3516/3516
f 3513/3513/3513 3517/3517/3517 3516/3516/3516
f 3518/3518/3518 3516/3516/3516 3517/3517/3517
f 3519/3519/3519 3518/3518/3518 3517/3517/3517
f 3520/3520/3520 3518/3518/3518 3519/3519/3519
f 3521/3521/3521 3520/3520/3520 3519/3519/3519
f 3522/3522/3522 3520/3520/3520 3521/3521/3521
f 3523/3523/3523 3522/3522/3522 3521/3521/3521
f 3524/3524/3524 3522/3522/3522 3523/3523/3523
f 3523/3523/3523 3525/3525/3525 3524/3524/3524
f 3525/3525/3525 3526/3526/3526 3524/3524/3524
f 3525/3525/3525 3527/3527/3527 3526/3526/3526
f 3527/3527/3527 3528/3528/3528 3526/3526/3526
f 3527/3527/3527 3529/3529/3529 3528/3528/3528
f 3529/3529/3529 3530/3530/3530 3528/3528/3528
f 3531/3531/3531 3530/3530/3530 3529/3529/3529
f 3532/3532/3532 3531/3531/3531 3529/3529/3529
f 3532/3532/3532 3533/3533/3533 3531/3531/3531
f 3533/3533/3533 3534/3534/3534 3531/3531/3531
f 3535/3535/3535 3534/3534/3534 3533/3533/3533
f 3536/3536/3536 3535/3535/3535 3533/3533/3533
f 3537/3537/3537 3535/3535/3535 3536/3536/3536
f 3538/3538/3538 3537/3537/3537 3536/3536/3536
f 3537/3537/3537 3538/3538/3538 3539/3539/3539
f 3538/3538/3538 3540/3540/3540 3539/3539/3539
f 3541/3541/3541 3539/3539/3539 3540/3540/3540
f 3542/3542/3542 3541/3541/3541 3540/3540/3540
f 3542/3542/3542 3543/3543/3543 3541/3541/3541
f 3543/3543/3543 3544/3544/3544 3541/3541/3541
f 3543/3543/3543 3545/3545/3545 3544/3544/3544
f 3545/3545/3545 3546/3546/3546 3544/3544/3544
f 3547/3547/3547 3546/3546/3546 3545/3545/3545
f 3548/3548/3548 3547/3547/3547 3545/3545/3545
f 3547/3547/3547 3548/3548/3548 3549/3549/3549
f 3548/3548/3548 3550/3550/3550 3549/3549/3549
f 3551/3551/3551 3549/3549/3549 3550/3550/3550
f 3552/3552/3552 3551/3551/3551 3550/3550/3550
f 3553/3553/3553 3551/3551/3551 3552/3552/3552
f 3556/3556/3556 3555/3555/3555 3554/3554/3554
f 3556/3556/3556 3554/3554/3554 3557/3557/3557
f 3558/3558/3558 3556/3556/3556 3557/3557/3557
f 3557/3557/3557 3559/3559/3559 3558/3558/3558
f 3559/3559/3559 3560/3560/3560 3558/3558/3558
f 3560/3560/3560 3559/3559/3559 3561/3561/3561
f 3559/3559/3559 3562/3562/3562 3561/3561/3561
f 3561/3561/3561 3562/3562/3562 3563/3563/3563
f 3562/3562/3562 3564/3564/3564 3563/3563/3563
f 3565/3565/3565 3563/3563/3563 3564/3564/3564
f 3564/3564/3564 3566/3566/3566 3565/3565/3565
f 3565/3565/3565 3567/3567/3567 3563/3563/3563
f 3567/3567/3567 3565/3565/3565 3568/3568/3568
f 3565/3565/3565 3566/3566/3566 3569/3569/3569
f 3569/3569/3569 3570/3570/3570 3565/3565/3565
f 3573/3573/3573 3572/3572/3572 3571/3571/3571
f 3574/3574/3574 3573/3573/3573 3571/3571/3571
f 3574/3574/3574 3571/3571/3571 3575/3575/3575
f 3576/3576/3576 3573/3573/3573 3574/3574/3574
f 3577/3577/3577 3573/3573/3573 3576/3576/3576
f 3578/3578/3578 3574/3574/3574 3575/3575/3575
f 3579/3579/3579 3576/3576/3576 3574/3574/3574
f 3574/3574/3574 3578/3578/3578 3579/3579/3579
f 3580/3580/3580 3578/3578/3578 3575/3575/3575
f 3581/3581/3581 3580/3580/3580 3575/3575/3575
f 3578/3578/3578 3582/3582/3582 3579/3579/3579
f 3582/3582/3582 3578/3578/3578 3580/3580/3580
f 3583/3583/3583 3580/3580/3580 3581/3581/3581
f 3584/3584/3584 3583/3583/3583 3581/3581/3581
f 3585/3585/3585 3582/3582/3582 3580/3580/3580
f 3585/3585/3585 3580/3580/3580 3583/3583/3583
f 3579/3579/3579 3582/3582/3582 3586/3586/3586
f 3586/3586/3586 3582/3582/3582 3585/3585/3585
f 3587/3587/3587 3583/3583/3583 3584/3584/3584
f 3583/3583/3583 3587/3587/3587 3588/3588/3588
f 3589/3589/3589 3587/3587/3587 3584/3584/3584
f 3590/3590/3590 3587/3587/3587 3589/3589/3589
f 3588/3588/3588 3587/3587/3587 3590/3590/3590
f 3591/3591/3591 3590/3590/3590 3589/3589/3589
f 3592/3592/3592 3585/3585/3585 3583/3583/3583
f 3592/3592/3592 3583/3583/3583 3588/3588/3588
f 3593/3593/3593 3585/3585/3585 3592/3592/3592
f 3593/3593/3593 3586/3586/3586 3585/3585/3585
f 3594/3594/3594 3590/3590/3590 3591/3591/3591
f 3595/3595/3595 3594/3594/3594 3591/3591/3591
f 3594/3594/3594 3595/3595/3595 3596/3596/3596
f 3597/3597/3597 3594/3594/3594 3596/3596/3596
f 3590/3590/3590 3594/3594/3594 3597/3597/3597
f 3598/3598/3598 3597/3597/3597 3596/3596/3596
f 3599/3599/3599 3590/3590/3590 3597/3597/3597
f 3599/3599/3599 3588/3588/3588 3590/3590/3590
f 3600/3600/3600 3599/3599/3599 3597/3597/3597
f 3598/3598/3598 3600/3600/3600 3597/3597/3597
f 3599/3599/3599 3600/3600/3600 3588/3588/3588
f 3601/3601/3601 3592/3592/3592 3588/3588/3588
f 3601/3601/3601 3593/3593/3593 3592/3592/3592
f 3600/3600/3600 3602/3602/3602 3588/3588/3588
f 3602/3602/3602 3601/3601/3601 3588/3588/3588
f 3600/3600/3600 3598/3598/3598 3603/3603/3603
f 3598/3598/3598 3604/3604/3604 3603/3603/3603
f 3604/3604/3604 3598/3598/3598 3605/3605/3605
f 3603/3603/3603 3606/3606/3606 3600/3600/3600
f 3606/3606/3606 3602/3602/3602 3600/3600/3600
f 3606/3606/3606 3607/3607/3607 3602/3602/3602
f 3607/3607/3607 3601/3601/3601 3602/3602/3602
f 3607/3607/3607 3608/3608/3608 3601/3601/3601
f 3608/3608/3608 3593/3593/3593 3601/3601/3601
f 3608/3608/3608 3609/3609/3609 3593/3593/3593
f 3609/3609/3609 3586/3586/3586 3593/3593/3593
f 3609/3609/3609 3610/3610/3610 3586/3586/3586
f 3610/3610/3610 3611/3611/3611 3586/3586/3586
f 3611/3611/3611 3579/3579/3579 3586/3586/3586
f 3610/3610/3610 3612/3612/3612 3611/3611/3611
f 3611/3611/3611 3613/3613/3613 3579/3579/3579
f 3612/3612/3612 3613/3613/3613 3611/3611/3611
f 3613/3613/3613 3576/3576/3576 3579/3579/3579
f 3612/3612/3612 3614/3614/3614 3613/3613/3613
f 3615/3615/3615 3576/3576/3576 3613/3613/3613
f 3614/3614/3614 3615/3615/3615 3613/3613/3613
f 3615/3615/3615 3577/3577/3577 3576/3576/3576
f 3614/3614/3614 3616/3616/3616 3615/3615/3615
f 3615/3615/3615 3617/3617/3617 3577/3577/3577
f 3616/3616/3616 3617/3617/3617 3615/3615/3615
f 3617/3617/3617 3618/3618/3618 3577/3577/3577
f 3617/3617/3617 3616/3616/3616 3619/3619/3619
f 3617/3617/3617 3620/3620/3620 3618/3618/3618
f 3620/3620/3620 3617/3617/3617 3619/3619/3619
f 3620/3620/3620 3621/3621/3621 3618/3618/3618
f 3619/3619/3619 3622/3622/3622 3620/3620/3620
f 3620/3620/3620 3623/3623/3623 3621/3621/3621
f 3622/3622/3622 3623/3623/3623 3620/3620/3620
f 3623/3623/3623 3624/3624/3624 3621/3621/3621
f 3625/3625/3625 3623/3623/3623 3622/3622/3622
f 3623/3623/3623 3625/3625/3625 3624/3624/3624
f 3626/3626/3626 3625/3625/3625 3622/3622/3622
f 3627/3627/3627 3625/3625/3625 3626/3626/3626
f 3625/3625/3625 3628/3628/3628 3624/3624/3624
f 3625/3625/3625 3627/3627/3627 3628/3628/3628
f 3629/3629/3629 3627/3627/3627 3626/3626/3626
f 3627/3627/3627 3630/3630/3630 3628/3628/3628
f 3627/3627/3627 3629/3629/3629 3631/3631/3631
f 3630/3630/3630 3627/3627/3627 3632/3632/3632
f 3633/3633/3633 3627/3627/3627 3631/3631/3631
f 3627/3627/3627 3633/3633/3633 3632/3632/3632
f 3633/3633/3633 3631/3631/3631 3634/3634/3634
f 3632/3632/3632 3633/3633/3633 3635/3635/3635
f 3636/3636/3636 3633/3633/3633 3634/3634/3634
f 3633/3633/3633 3636/3636/3636 3635/3635/3635
f 3634/3634/3634 3637/3637/3637 3636/3636/3636
f 3636/3636/3636 3638/3638/3638 3635/3635/3635
f 3637/3637/3637 3638/3638/3638 3636/3636/3636
f 3638/3638/3638 3639/3639/3639 3635/3635/3635
f 3638/3638/3638 3637/3637/3637 3640/3640/3640
f 3638/3638/3638 3641/3641/3641 3639/3639/3639
f 3641/3641/3641 3638/3638/3638 3640/3640/3640
f 3641/3641/3641 3642/3642/3642 3639/3639/3639
f 3642/3642/3642 3641/3641/3641 3643/3643/3643
f 3641/3641/3641 3640/3640/3640 3644/3644/3644
f 3641/3641/3641 3644/3644/3644 3643/3643/3643
f 3644/3644/3644 3640/3640/3640 3645/3645/3645
f 3643/3643/3643 3644/3644/3644 3646/3646/3646
f 3645/3645/3645 3647/3647/3647 3644/3644/3644
f 3644/3644/3644 3647/3647/3647 3646/3646/3646
f 3645/3645/3645 3648/3648/3648 3647/3647/3647
f 3646/3646/3646 3647/3647/3647 3649/3649/3649
f 3647/3647/3647 3648/3648/3648 3649/3649/3649
f 3652/3652/3652 3651/3651/3651 3650/3650/3650
f 3651/3651/3651 3653/3653/3653 3650/3650/3650
f 3650/3650/3650 3653/3653/3653 3654/3654/3654
f 3651/3651/3651 3655/3655/3655 3653/3653/3653
f 3653/3653/3653 3656/3656/3656 3654/3654/3654
f 3654/3654/3654 3656/3656/3656 3657/3657/3657
f 3656/3656/3656 3658/3658/3658 3657/3657/3657
f 3655/3655/3655 3659/3659/3659 3653/3653/3653
f 3653/3653/3653 3659/3659/3659 3656/3656/3656
f 3655/3655/3655 3660/3660/3660 3659/3659/3659
f 3656/3656/3656 3661/3661/3661 3658/3658/3658
f 3659/3659/3659 3661/3661/3661 3656/3656/3656
f 3661/3661/3661 3662/3662/3662 3658/3658/3658
f 3660/3660/3660 3663/3663/3663 3659/3659/3659
f 3659/3659/3659 3663/3663/3663 3661/3661/3661
f 3660/3660/3660 3664/3664/3664 3663/3663/3663
f 3661/3661/3661 3665/3665/3665 3662/3662/3662
f 3663/3663/3663 3665/3665/3665 3661/3661/3661
f 3665/3665/3665 3666/3666/3666 3662/3662/3662
f 3664/3664/3664 3667/3667/3667 3663/3663/3663
f 3663/3663/3663 3667/3667/3667 3665/3665/3665
f 3664/3664/3664 3668/3668/3668 3667/3667/3667
f 3665/3665/3665 3669/3669/3669 3666/3666/3666
f 3667/3667/3667 3669/3669/3669 3665/3665/3665
f 3669/3669/3669 3670/3670/3670 3666/3666/3666
f 3668/3668/3668 3671/3671/3671 3667/3667/3667
f 3667/3667/3667 3671/3671/3671 3669/3669/3669
f 3668/3668/3668 3672/3672/3672 3671/3671/3671
f 3669/3669/3669 3673/3673/3673 3670/3670/3670
f 3671/3671/3671 3673/3673/3673 3669/3669/3669
f 3673/3673/3673 3674/3674/3674 3670/3670/3670
f 3672/3672/3672 3675/3675/3675 3671/3671/3671
f 3671/3671/3671 3675/3675/3675 3673/3673/3673
f 3672/3672/3672 3676/3676/3676 3675/3675/3675
f 3673/3673/3673 3677/3677/3677 3674/3674/3674
f 3675/3675/3675 3677/3677/3677 3673/3673/3673
f 3677/3677/3677 3678/3678/3678 3674/3674/3674
f 3676/3676/3676 3679/3679/3679 3675/3675/3675
f 3675/3675/3675 3679/3679/3679 3677/3677/3677
f 3676/3676/3676 3680/3680/3680 3679/3679/3679
f 3677/3677/3677 3681/3681/3681 3678/3678/3678
f 3679/3679/3679 3681/3681/3681 3677/3677/3677
f 3681/3681/3681 3682/3682/3682 3678/3678/3678
f 3680/3680/3680 3683/3683/3683 3679/3679/3679
f 3679/3679/3679 3683/3683/3683 3681/3681/3681
f 3680/3680/3680 3684/3684/3684 3683/3683/3683
f 3681/3681/3681 3685/3685/3685 3682/3682/3682
f 3683/3683/3683 3685/3685/3685 3681/3681/3681
f 3685/3685/3685 3686/3686/3686 3682/3682/3682
f 3684/3684/3684 3687/3687/3687 3683/3683/3683
f 3683/3683/3683 3687/3687/3687 3685/3685/3685
f 3684/3684/3684 3688/3688/3688 3687/3687/3687
f 3685/3685/3685 3689/3689/3689 3686/3686/3686
f 3687/3687/3687 3689/3689/3689 3685/3685/3685
f 3689/3689/3689 3690/3690/3690 3686/3686/3686
f 3688/3688/3688 3691/3691/3691 3687/3687/3687
f 3687/3687/3687 3691/3691/3691 3689/3689/3689
f 3688/3688/3688 3692/3692/3692 3691/3691/3691
f 3689/3689/3689 3693/3693/3693 3690/3690/3690
f 3691/3691/3691 3693/3693/3693 3689/3689/3689
f 3693/3693/3693 3694/3694/3694 3690/3690/3690
f 3692/3692/3692 3695/3695/3695 3691/3691/3691
f 3691/3691/3691 3695/3695/3695 3693/3693/3693
f 3692/3692/3692 3696/3696/3696 3695/3695/3695
f 3696/3696/3696 3697/3697/3697 3695/3695/3695
f 3693/3693/3693 3698/3698/3698 3694/3694/3694
f 3695/3695/3695 3698/3698/3698 3693/3693/3693
f 3695/3695/3695 3697/3697/3697 3698/3698/3698
f 3698/3698/3698 3699/3699/3699 3694/3694/3694
f 3697/3697/3697 3700/3700/3700 3698/3698/3698
f 3698/3698/3698 3700/3700/3700 3699/3699/3699
f 3700/3700/3700 3701/3701/3701 3699/3699/3699
f 3704/3704/3704 3703/3703/3703 3702/3702/3702
f 3705/3705/3705 3704/3704/3704 3702/3702/3702
f 3702/3702/3702 3706/3706/3706 3705/3705/3705
f 3706/3706/3706 3707/3707/3707 3705/3705/3705
f 3708/3708/3708 3704/3704/3704 3705/3705/3705
f 3705/3705/3705 3707/3707/3707 3709/3709/3709
f 3710/3710/3710 3708/3708/3708 3705/3705/3705
f 3710/3710/3710 3705/3705/3705 3709/3709/3709
f 3709/3709/3709 3711/3711/3711 3710/3710/3710
f 3712/3712/3712 3708/3708/3708 3710/3710/3710
f 3711/3711/3711 3713/3713/3713 3710/3710/3710
f 3713/3713/3713 3712/3712/3712 3710/3710/3710
f 3713/3713/3713 3711/3711/3711 3714/3714/3714
f 3712/3712/3712 3713/3713/3713 3715/3715/3715
f 3715/3715/3715 3713/3713/3713 3714/3714/3714
f 3716/3716/3716 3712/3712/3712 3715/3715/3715
f 3717/3717/3717 3715/3715/3715 3714/3714/3714
f 3716/3716/3716 3715/3715/3715 3717/3717/3717
f 3718/3718/3718 3717/3717/3717 3714/3714/3714
f 3719/3719/3719 3716/3716/3716 3717/3717/3717
f 3720/3720/3720 3717/3717/3717 3718/3718/3718
f 3717/3717/3717 3720/3720/3720 3719/3719/3719
f 3721/3721/3721 3720/3720/3720 3718/3718/3718
f 3720/3720/3720 3722/3722/3722 3719/3719/3719
f 3721/3721/3721 3723/3723/3723 3720/3720/3720
f 3722/3722/3722 3720/3720/3720 3724/3724/3724
f 3723/3723/3723 3724/3724/3724 3720/3720/3720
f 3725/3725/3725 3722/3722/3722 3724/3724/3724
f 3725/3725/3725 3724/3724/3724 3726/3726/3726
f 3727/3727/3727 3724/3724/3724 3723/3723/3723
f 3724/3724/3724 3727/3727/3727 3726/3726/3726
f 3728/3728/3728 3727/3727/3727 3723/3723/3723
f 3729/3729/3729 3726/3726/3726 3727/3727/3727
f 3727/3727/3727 3728/3728/3728 3730/3730/3730
f 3730/3730/3730 3729/3729/3729 3727/3727/3727
f 3728/3728/3728 3731/3731/3731 3730/3730/3730
f 3729/3729/3729 3730/3730/3730 3732/3732/3732
f 3729/3729/3729 3732/3732/3732 3733/3733/3733
f 3732/3732/3732 3734/3734/3734 3733/3733/3733
f 3735/3735/3735 3734/3734/3734 3732/3732/3732
f 3736/3736/3736 3730/3730/3730 3731/3731/3731
f 3730/3730/3730 3736/3736/3736 3732/3732/3732
f 3737/3737/3737 3736/3736/3736 3731/3731/3731
f 3738/3738/3738 3735/3735/3735 3732/3732/3732
f 3738/3738/3738 3732/3732/3732 3736/3736/3736
f 3736/3736/3736 3737/3737/3737 3739/3739/3739
f 3739/3739/3739 3737/3737/3737 3740/3740/3740
f 3741/3741/3741 3739/3739/3739 3740/3740/3740
f 3742/3742/3742 3736/3736/3736 3739/3739/3739
f 3742/3742/3742 3738/3738/3738 3736/3736/3736
f 3743/3743/3743 3739/3739/3739 3741/3741/3741
f 3742/3742/3742 3739/3739/3739 3743/3743/3743
f 3744/3744/3744 3743/3743/3743 3741/3741/3741
f 3743/3743/3743 3744/3744/3744 3745/3745/3745
f 3735/3735/3735 3738/3738/3738 3746/3746/3746
f 3747/3747/3747 3735/3735/3735 3746/3746/3746
f 3748/3748/3748 3747/3747/3747 3746/3746/3746
f 3738/3738/3738 3742/3742/3742 3749/3749/3749
f 3749/3749/3749 3742/3742/3742 3743/3743/3743
f 3746/3746/3746 3738/3738/3738 3749/3749/3749
f 3750/3750/3750 3743/3743/3743 3745/3745/3745
f 3749/3749/3749 3743/3743/3743 3750/3750/3750
f 3750/3750/3750 3745/3745/3745 3751/3751/3751
f 3752/3752/3752 3748/3748/3748 3746/3746/3746
f 3746/3746/3746 3749/3749/3749 3752/3752/3752
f 3753/3753/3753 3748/3748/3748 3752/3752/3752
f 3754/3754/3754 3750/3750/3750 3751/3751/3751
f 3754/3754/3754 3751/3751/3751 3755/3755/3755
f 3756/3756/3756 3749/3749/3749 3750/3750/3750
f 3749/3749/3749 3756/3756/3756 3752/3752/3752
f 3756/3756/3756 3750/3750/3750 3754/3754/3754
f 3757/3757/3757 3753/3753/3753 3752/3752/3752
f 3758/3758/3758 3753/3753/3753 3757/3757/3757
f 3752/3752/3752 3756/3756/3756 3759/3759/3759
f 3759/3759/3759 3756/3756/3756 3754/3754/3754
f 3757/3757/3757 3752/3752/3752 3759/3759/3759
f 3760/3760/3760 3754/3754/3754 3755/3755/3755
f 3759/3759/3759 3754/3754/3754 3760/3760/3760
f 3760/3760/3760 3755/3755/3755 3761/3761/3761
f 3762/3762/3762 3758/3758/3758 3757/3757/3757
f 3762/3762/3762 3757/3757/3757 3759/3759/3759
f 3763/3763/3763 3758/3758/3758 3762/3762/3762
f 3764/3764/3764 3759/3759/3759 3760/3760/3760
f 3764/3764/3764 3762/3762/3762 3759/3759/3759
f 3765/3765/3765 3760/3760/3760 3761/3761/3761
f 3764/3764/3764 3760/3760/3760 3765/3765/3765
f 3762/3762/3762 3764/3764/3764 3766/3766/3766
f 3766/3766/3766 3764/3764/3764 3765/3765/3765
f 3767/3767/3767 3765/3765/3765 3761/3761/3761
f 3766/3766/3766 3765/3765/3765 3767/3767/3767
f 3768/3768/3768 3767/3767/3767 3761/3761/3761
f 3767/3767/3767 3768/3768/3768 3769/3769/3769
f 3770/3770/3770 3763/3763/3763 3762/3762/3762
f 3770/3770/3770 3762/3762/3762 3766/3766/3766
f 3763/3763/3763 3770/3770/3770 3771/3771/3771
f 3771/3771/3771 3770/3770/3770 3766/3766/3766
f 3772/3772/3772 3763/3763/3763 3771/3771/3771
f 3773/3773/3773 3766/3766/3766 3767/3767/3767
f 3773/3773/3773 3771/3771/3771 3766/3766/3766
f 3772/3772/3772 3771/3771/3771 3774/3774/3774
f 3774/3774/3774 3771/3771/3771 3773/3773/3773
f 3775/3775/3775 3772/3772/3772 3774/3774/3774
f 3776/3776/3776 3767/3767/3767 3769/3769/3769
f 3773/3773/3773 3767/3767/3767 3776/3776/3776
f 3775/3775/3775 3774/3774/3774 3777/3777/3777
f 3778/3778/3778 3775/3775/3775 3777/3777/3777
f 3779/3779/3779 3778/3778/3778 3777/3777/3777
f 3780/3780/3780 3774/3774/3774 3773/3773/3773
f 3780/3780/3780 3773/3773/3773 3776/3776/3776
f 3777/3777/3777 3774/3774/3774 3780/3780/3780
f 3781/3781/3781 3776/3776/3776 3769/3769/3769
f 3780/3780/3780 3776/3776/3776 3781/3781/3781
f 3782/3782/3782 3781/3781/3781 3769/3769/3769
f 3781/3781/3781 3782/3782/3782 3783/3783/3783
f 3784/3784/3784 3777/3777/3777 3780/3780/3780
f 3784/3784/3784 3780/3780/3780 3781/3781/3781
f 3785/3785/3785 3779/3779/3779 3777/3777/3777
f 3785/3785/3785 3777/3777/3777 3784/3784/3784
f 3786/3786/3786 3781/3781/3781 3783/3783/3783
f 3784/3784/3784 3781/3781/3781 3786/3786/3786
f 3787/3787/3787 3786/3786/3786 3783/3783/3783
f 3788/3788/3788 3787/3787/3787 3783/3783/3783
f 3787/3787/3787 3788/3788/3788 3789/3789/3789
f 3790/3790/3790 3784/3784/3784 3786/3786/3786
f 3790/3790/3790 3785/3785/3785 3784/3784/3784
f 3786/3786/3786 3787/3787/3787 3790/3790/3790
f 3779/3779/3779 3785/3785/3785 3791/3791/3791
f 3791/3791/3791 3785/3785/3785 3790/3790/3790
f 3792/3792/3792 3779/3779/3779 3791/3791/3791
f 3793/3793/3793 3791/3791/3791 3790/3790/3790
f 3787/3787/3787 3793/3793/3793 3790/3790/3790
f 3792/3792/3792 3791/3791/3791 3794/3794/3794
f 3794/3794/3794 3791/3791/3791 3793/3793/3793
f 3795/3795/3795 3792/3792/3792 3794/3794/3794
f 3796/3796/3796 3787/3787/3787 3789/3789/3789
f 3796/3796/3796 3789/3789/3789 3797/3797/3797
f 3798/3798/3798 3793/3793/3793 3787/3787/3787
f 3798/3798/3798 3794/3794/3794 3793/3793/3793
f 3796/3796/3796 3798/3798/3798 3787/3787/3787
f 3794/3794/3794 3799/3799/3799 3795/3795/3795
f 3794/3794/3794 3798/3798/3798 3799/3799/3799
f 3799/3799/3799 3800/3800/3800 3795/3795/3795
f 3801/3801/3801 3796/3796/3796 3797/3797/3797
f 3796/3796/3796 3801/3801/3801 3798/3798/3798
f 3800/3800/3800 3799/3799/3799 3802/3802/3802
f 3803/3803/3803 3800/3800/3800 3802/3802/3802
f 3798/3798/3798 3804/3804/3804 3799/3799/3799
f 3801/3801/3801 3804/3804/3804 3798/3798/3798
f 3802/3802/3802 3799/3799/3799 3804/3804/3804
f 3805/3805/3805 3801/3801/3801 3797/3797/3797
f 3804/3804/3804 3801/3801/3801 3805/3805/3805
f 3806/3806/3806 3805/3805/3805 3797/3797/3797
f 3806/3806/3806 3807/3807/3807 3805/3805/3805
f 3803/3803/3803 3802/3802/3802 3808/3808/3808
f 3809/3809/3809 3803/3803/3803 3808/3808/3808
f 3810/3810/3810 3802/3802/3802 3804/3804/3804
f 3810/3810/3810 3804/3804/3804 3805/3805/3805
f 3808/3808/3808 3802/3802/3802 3810/3810/3810
f 3807/3807/3807 3811/3811/3811 3805/3805/3805
f 3810/3810/3810 3805/3805/3805 3811/3811/3811
f 3809/3809/3809 3808/3808/3808 3812/3812/3812
f 3813/3813/3813 3809/3809/3809 3812/3812/3812
f 3814/3814/3814 3808/3808/3808 3810/3810/3810
f 3808/3808/3808 3814/3814/3814 3812/3812/3812
f 3814/3814/3814 3810/3810/3810 3811/3811/3811
f 3814/3814/3814 3815/3815/3815 3812/3812/3812
f 3814/3814/3814 3811/3811/3811 3815/3815/3815
f 3811/3811/3811 3816/3816/3816 3815/3815/3815
f 3816/3816/3816 3811/3811/3811 3807/3807/3807
f 3817/3817/3817 3816/3816/3816 3807/3807/3807
f 3820/3820/3820 3819/3819/3819 3818/3818/3818
f 3821/3821/3821 3820/3820/3820 3818/3818/3818
f 3821/3821/3821 3822/3822/3822 3820/3820/3820
f 3822/3822/3822 3823/3823/3823 3820/3820/3820
f 3824/3824/3824 3823/3823/3823 3822/3822/3822
f 3825/3825/3825 3821/3821/3821 3818/3818/3818
f 3826/3826/3826 3822/3822/3822 3821/3821/3821
f 3825/3825/3825 3826/3826/3826 3821/3821/3821
f 3827/3827/3827 3824/3824/3824 3822/3822/3822
f 3826/3826/3826 3828/3828/3828 3822/3822/3822
f 3828/3828/3828 3827/3827/3827 3822/3822/3822
f 3824/3824/3824 3827/3827/3827 3829/3829/3829
f 3824/3824/3824 3829/3829/3829 3830/3830/3830
f 3831/3831/3831 3830/3830/3830 3829/3829/3829
f 3832/3832/3832 3831/3831/3831 3829/3829/3829
f 3833/3833/3833 3831/3831/3831 3832/3832/3832
f 3827/3827/3827 3834/3834/3834 3829/3829/3829
f 3829/3829/3829 3834/3834/3834 3832/3832/3832
f 3835/3835/3835 3833/3833/3833 3832/3832/3832
f 3833/3833/3833 3835/3835/3835 3836/3836/3836
f 3828/3828/3828 3837/3837/3837 3827/3827/3827
f 3837/3837/3837 3834/3834/3834 3827/3827/3827
f 3834/3834/3834 3838/3838/3838 3832/3832/3832
f 3832/3832/3832 3838/3838/3838 3835/3835/3835
f 3835/3835/3835 3839/3839/3839 3836/3836/3836
f 3836/3836/3836 3839/3839/3839 3840/3840/3840
f 3837/3837/3837 3841/3841/3841 3834/3834/3834
f 3841/3841/3841 3838/3838/3838 3834/3834/3834
f 3838/3838/3838 3842/3842/3842 3835/3835/3835
f 3835/3835/3835 3842/3842/3842 3839/3839/3839
f 3839/3839/3839 3843/3843/3843 3840/3840/3840
f 3843/3843/3843 3844/3844/3844 3840/3840/3840
f 3845/3845/3845 3842/3842/3842 3838/3838/3838
f 3841/3841/3841 3845/3845/3845 3838/3838/3838
f 3842/3842/3842 3846/3846/3846 3839/3839/3839
f 3839/3839/3839 3846/3846/3846 3843/3843/3843
f 3846/3846/3846 3842/3842/3842 3845/3845/3845
f 3843/3843/3843 3847/3847/3847 3844/3844/3844
f 3846/3846/3846 3847/3847/3847 3843/3843/3843
f 3847/3847/3847 3848/3848/3848 3844/3844/3844
f 3849/3849/3849 3846/3846/3846 3845/3845/3845
f 3847/3847/3847 3846/3846/3846 3849/3849/3849
f 3848/3848/3848 3847/3847/3847 3850/3850/3850
f 3850/3850/3850 3847/3847/3847 3849/3849/3849
f 3851/3851/3851 3848/3848/3848 3850/3850/3850
f 3851/3851/3851 3850/3850/3850 3852/3852/3852
f 3850/3850/3850 3853/3853/3853 3852/3852/3852
f 3849/3849/3849 3853/3853/3853 3850/3850/3850
f 3854/3854/3854 3853/3853/3853 3849/3849/3849
f 3845/3845/3845 3854/3854/3854 3849/3849/3849
f 3845/3845/3845 3841/3841/3841 3854/3854/3854
f 3841/3841/3841 3855/3855/3855 3854/3854/3854
f 3841/3841/3841 3837/3837/3837 3855/3855/3855
f 3837/3837/3837 3856/3856/3856 3855/3855/3855
f 3857/3857/3857 3856/3856/3856 3837/3837/3837
f 3828/3828/3828 3857/3857/3857 3837/3837/3837
f 3858/3858/3858 3857/3857/3857 3828/3828/3828
f 3826/3826/3826 3858/3858/3858 3828/3828/3828
f 3859/3859/3859 3858/3858/3858 3826/3826/3826
f 3825/3825/3825 3859/3859/3859 3826/3826/3826
f 3860/3860/3860 3859/3859/3859 3825/3825/3825
f 3861/3861/3861 3860/3860/3860 3825/3825/3825
f 3861/3861/3861 3825/3825/3825 3818/3818/3818
f 3860/3860/3860 3861/3861/3861 3862/3862/3862
f 3861/3861/3861 3818/3818/3818 3863/3863/3863
f 3861/3861/3861 3863/3863/3863 3862/3862/3862
f 3862/3862/3862 3863/3863/3863 3864/3864/3864
f 3818/3818/3818 3865/3865/3865 3863/3863/3863
f 3863/3863/3863 3866/3866/3866 3864/3864/3864
f 3865/3865/3865 3866/3866/3866 3863/3863/3863
f 3864/3864/3864 3866/3866/3866 3867/3867/3867
f 3865/3865/3865 3868/3868/3868 3866/3866/3866
f 3865/3865/3865 3869/3869/3869 3868/3868/3868
f 3866/3866/3866 3870/3870/3870 3867/3867/3867
f 3866/3866/3866 3868/3868/3868 3870/3870/3870
f 3867/3867/3867 3870/3870/3870 3871/3871/3871
f 3870/3870/3870 3872/3872/3872 3871/3871/3871
f 3868/3868/3868 3873/3873/3873 3870/3870/3870
f 3870/3870/3870 3873/3873/3873 3872/3872/3872
f 3871/3871/3871 3872/3872/3872 3874/3874/3874
f 3875/3875/3875 3871/3871/3871 3874/3874/3874
f 3873/3873/3873 3876/3876/3876 3872/3872/3872
f 3872/3872/3872 3876/3876/3876 3874/3874/3874
f 3875/3875/3875 3874/3874/3874 3877/3877/3877
f 3878/3878/3878 3875/3875/3875 3877/3877/3877
f 3876/3876/3876 3879/3879/3879 3874/3874/3874
f 3874/3874/3874 3879/3879/3879 3877/3877/3877
f 3878/3878/3878 3877/3877/3877 3880/3880/3880
f 3881/3881/3881 3878/3878/3878 3880/3880/3880
f 3879/3879/3879 3882/3882/3882 3877/3877/3877
f 3877/3877/3877 3882/3882/3882 3880/3880/3880
f 3881/3881/3881 3880/3880/3880 3883/3883/3883
f 3884/3884/3884 3881/3881/3881 3883/3883/3883
f 3885/3885/3885 3884/3884/3884 3883/3883/3883
f 3882/3882/3882 3886/3886/3886 3880/3880/3880
f 3880/3880/3880 3886/3886/3886 3883/3883/3883
f 3876/3876/3876 3873/3873/3873 3887/3887/3887
f 3879/3879/3879 3876/3876/3876 3888/3888/3888
f 3888/3888/3888 3876/3876/3876 3887/3887/3887
f 3888/3888/3888 3887/3887/3887 3889/3889/3889
f 3890/3890/3890 3879/3879/3879 3888/3888/3888
f 3882/3882/3882 3879/3879/3879 3890/3890/3890
f 3888/3888/3888 3889/3889/3889 3890/3890/3890
f 3891/3891/3891 3882/3882/3882 3890/3890/3890
f 3886/3886/3886 3882/3882/3882 3891/3891/3891
f 3887/3887/3887 3873/3873/3873 3892/3892/3892
f 3873/3873/3873 3868/3868/3868 3892/3892/3892
f 3892/3892/3892 3868/3868/3868 3893/3893/3893
f 3868/3868/3868 3869/3869/3869 3893/3893/3893
f 3892/3892/3892 3894/3894/3894 3887/3887/3887
f 3892/3892/3892 3893/3893/3893 3894/3894/3894
f 3894/3894/3894 3895/3895/3895 3887/3887/3887
f 3887/3887/3887 3895/3895/3895 3889/3889/3889
f 3896/3896/3896 3889/3889/3889 3895/3895/3895
f 3893/3893/3893 3897/3897/3897 3894/3894/3894
f 3893/3893/3893 3869/3869/3869 3898/3898/3898
f 3897/3897/3897 3893/3893/3893 3898/3898/3898
f 3869/3869/3869 3899/3899/3899 3898/3898/3898
f 3900/3900/3900 3897/3897/3897 3898/3898/3898
f 3901/3901/3901 3898/3898/3898 3899/3899/3899
f 3900/3900/3900 3898/3898/3898 3901/3901/3901
f 3902/3902/3902 3901/3901/3901 3899/3899/3899
f 3903/3903/3903 3900/3900/3900 3901/3901/3901
f 3901/3901/3901 3902/3902/3902 3904/3904/3904
f 3903/3903/3903 3901/3901/3901 3904/3904/3904
f 3902/3902/3902 3905/3905/3905 3904/3904/3904
f 3906/3906/3906 3903/3903/3903 3904/3904/3904
f 3907/3907/3907 3904/3904/3904 3905/3905/3905
f 3904/3904/3904 3907/3907/3907 3906/3906/3906
f 3908/3908/3908 3907/3907/3907 3905/3905/3905
f 3907/3907/3907 3909/3909/3909 3906/3906/3906
f 3908/3908/3908 3910/3910/3910 3907/3907/3907
f 3907/3907/3907 3911/3911/3911 3909/3909/3909
f 3910/3910/3910 3911/3911/3911 3907/3907/3907
f 3911/3911/3911 3912/3912/3912 3909/3909/3909
f 3910/3910/3910 3913/3913/3913 3911/3911/3911
f 3912/3912/3912 3911/3911/3911 3914/3914/3914
f 3913/3913/3913 3914/3914/3914 3911/3911/3911
f 3915/3915/3915 3912/3912/3912 3914/3914/3914
f 3916/3916/3916 3914/3914/3914 3913/3913/3913
f 3915/3915/3915 3914/3914/3914 3916/3916/3916
f 3917/3917/3917 3916/3916/3916 3913/3913/3913
f 3918/3918/3918 3915/3915/3915 3916/3916/3916
f 3919/3919/3919 3916/3916/3916 3917/3917/3917
f 3918/3918/3918 3916/3916/3916 3919/3919/3919
f 3920/3920/3920 3919/3919/3919 3917/3917/3917
f 3921/3921/3921 3918/3918/3918 3919/3919/3919
f 3919/3919/3919 3922/3922/3922 3921/3921/3921
f 3920/3920/3920 3923/3923/3923 3919/3919/3919
f 3923/3923/3923 3922/3922/3922 3919/3919/3919
f 3924/3924/3924 3922/3922/3922 3923/3923/3923
f 3925/3925/3925 3924/3924/3924 3923/3923/3923
f 3928/3928/3928 3927/3927/3927 3926/3926/3926
f 3929/3929/3929 3928/3928/3928 3926/3926/3926
f 3929/3929/3929 3926/3926/3926 3930/3930/3930
f 3931/3931/3931 3929/3929/3929 3930/3930/3930
f 3932/3932/3932 3929/3929/3929 3931/3931/3931
f 3928/3928/3928 3929/3929/3929 3932/3932/3932
f 3933/3933/3933 3932/3932/3932 3931/3931/3931
f 3932/3932/3932 3933/3933/3933 3934/3934/3934
f 3932/3932/3932 3935/3935/3935 3928/3928/3928
f 3935/3935/3935 3932/3932/3932 3934/3934/3934
f 3935/3935/3935 3936/3936/3936 3928/3928/3928
f 3936/3936/3936 3935/3935/3935 3937/3937/3937
f 3938/3938/3938 3935/3935/3935 3934/3934/3934
f 3935/3935/3935 3938/3938/3938 3937/3937/3937
f 3939/3939/3939 3938/3938/3938 3934/3934/3934
f 3940/3940/3940 3937/3937/3937 3938/3938/3938
f 3938/3938/3938 3939/3939/3939 3941/3941/3941
f 3941/3941/3941 3940/3940/3940 3938/3938/3938
f 3939/3939/3939 3942/3942/3942 3941/3941/3941
f 3941/3941/3941 3942/3942/3942 3943/3943/3943
f 3940/3940/3940 3941/3941/3941 3944/3944/3944
f 3944/3944/3944 3941/3941/3941 3943/3943/3943
f 3945/3945/3945 3940/3940/3940 3944/3944/3944
f 3945/3945/3945 3944/3944/3944 3946/3946/3946
f 3944/3944/3944 3943/3943/3943 3947/3947/3947
f 3944/3944/3944 3947/3947/3947 3946/3946/3946
f 3943/3943/3943 3948/3948/3948 3947/3947/3947
f 3946/3946/3946 3947/3947/3947 3949/3949/3949
f 3947/3947/3947 3948/3948/3948 3950/3950/3950
f 3947/3947/3947 3950/3950/3950 3949/3949/3949
f 3948/3948/3948 3951/3951/3951 3950/3950/3950
f 3949/3949/3949 3950/3950/3950 3952/3952/3952
f 3953/3953/3953 3950/3950/3950 3951/3951/3951
f 3950/3950/3950 3953/3953/3953 3952/3952/3952
f 3954/3954/3954 3953/3953/3953 3951/3951/3951
f 3952/3952/3952 3953/3953/3953 3955/3955/3955
f 3953/3953/3953 3954/3954/3954 3956/3956/3956
f 3953/3953/3953 3956/3956/3956 3955/3955/3955
f 3954/3954/3954 3957/3957/3957 3956/3956/3956
f 3955/3955/3955 3956/3956/3956 3958/3958/3958
f 3956/3956/3956 3957/3957/3957 3959/3959/3959
f 3956/3956/3956 3959/3959/3959 3958/3958/3958
f 3957/3957/3957 3960/3960/3960 3959/3959/3959
f 3961/3961/3961 3958/3958/3958 3959/3959/3959
f 3959/3959/3959 3960/3960/3960 3962/3962/3962
f 3962/3962/3962 3961/3961/3961 3959/3959/3959
f 3960/3960/3960 3963/3963/3963 3962/3962/3962
f 3961/3961/3961 3962/3962/3962 3964/3964/3964
f 3962/3962/3962 3963/3963/3963 3965/3965/3965
f 3962/3962/3962 3965/3965/3965 3964/3964/3964
f 3963/3963/3963 3966/3966/3966 3965/3965/3965
f 3964/3964/3964 3965/3965/3965 3967/3967/3967
f 3965/3965/3965 3966/3966/3966 3968/3968/3968
f 3965/3965/3965 3968/3968/3968 3967/3967/3967
f 3966/3966/3966 3969/3969/3969 3968/3968/3968
f 3967/3967/3967 3968/3968/3968 3970/3970/3970
f 3971/3971/3971 3968/3968/3968 3969/3969/3969
f 3968/3968/3968 3971/3971/3971 3970/3970/3970
f 3972/3972/3972 3971/3971/3971 3969/3969/3969
f 3970/3970/3970 3971/3971/3971 3973/3973/3973
f 3973/3973/3973 3971/3971/3971 3972/3972/3972
f 3974/3974/3974 3970/3970/3970 3973/3973/3973
f 3975/3975/3975 3973/3973/3973 3972/3972/3972
f 3974/3974/3974 3973/3973/3973 3976/3976/3976
f 3973/3973/3973 3975/3975/3975 3977/3977/3977
f 3973/3973/3973 3977/3977/3977 3976/3976/3976
f 3975/3975/3975 3978/3978/3978 3977/3977/3977
f 3976/3976/3976 3977/3977/3977 3979/3979/3979
f 3977/3977/3977 3978/3978/3978 3980/3980/3980
f 3977/3977/3977 3980/3980/3980 3979/3979/3979
f 3978/3978/3978 3981/3981/3981 3980/3980/3980
f 3979/3979/3979 3980/3980/3980 3982/3982/3982
f 3980/3980/3980 3981/3981/3981 3983/3983/3983
f 3980/3980/3980 3983/3983/3983 3982/3982/3982
f 3981/3981/3981 3984/3984/3984 3983/3983/3983
f 3982/3982/3982 3983/3983/3983 3985/3985/3985
f 3983/3983/3983 3984/3984/3984 3986/3986/3986
f 3983/3983/3983 3986/3986/3986 3985/3985/3985
f 3984/3984/3984 3987/3987/3987 3986/3986/3986
f 3988/3988/3988 3985/3985/3985 3986/3986/3986
f 3989/3989/3989 3986/3986/3986 3987/3987/3987
f 3989/3989/3989 3988/3988/3988 3986/3986/3986
f 3990/3990/3990 3989/3989/3989 3987/3987/3987
f 3991/3991/3991 3988/3988/3988 3989/3989/3989
f 3992/3992/3992 3989/3989/3989 3990/3990/3990
f 3992/3992/3992 3991/3991/3991 3989/3989/3989
f 3991/3991/3991 3992/3992/3992 3993/3993/3993
f 3994/3994/3994 3992/3992/3992 3990/3990/3990
f 3992/3992/3992 3994/3994/3994 3993/3993/3993
f 3995/3995/3995 3991/3991/3991 3993/3993/3993
f 3994/3994/3994 3996/3996/3996 3993/3993/3993
f 3995/3995/3995 3993/3993/3993 3997/3997/3997
f 3993/3993/3993 3996/3996/3996 3998/3998/3998
f 3993/3993/3993 3999/3999/3999 3997/3997/3997
f 3999/3999/3999 3993/3993/3993 3998/3998/3998
f 4000/4000/4000 3997/3997/3997 3999/3999/3999
f 3999/3999/3999 3998/3998/3998 4001/4001/4001
f 4002/4002/4002 4000/4000/4000 3999/3999/3999
f 4002/4002/4002 3999/3999/3999 4001/4001/4001
f 4003/4003/4003 4000/4000/4000 4002/4002/4002
f 4001/4001/4001 4003/4003/4003 4002/4002/4002
f 4006/4006/4006 4005/4005/4005 4004/4004/4004
f 4005/4005/4005 4007/4007/4007 4004/4004/4004
f 4007/4007/4007 4008/4008/4008 4004/4004/4004
f 4009/4009/4009 4008/4008/4008 4007/4007/4007
f 4010/4010/4010 4009/4009/4009 4007/4007/4007
f 4011/4011/4011 4009/4009/4009 4010/4010/4010
f 4012/4012/4012 4011/4011/4011 4010/4010/4010
f 4011/4011/4011 4012/4012/4012 4013/4013/4013
f 4012/4012/4012 4014/4014/4014 4013/4013/4013
f 4015/4015/4015 4013/4013/4013 4014/4014/4014
f 4016/4016/4016 4015/4015/4015 4014/4014/4014
f 4015/4015/4015 4016/4016/4016 4017/4017/4017
f 4018/4018/4018 4015/4015/4015 4017/4017/4017
f 3889/3889/3889 4018/4018/4018 4017/4017/4017
f 4019/4019/4019 3889/3889/3889 4017/4017/4017
f 4020/4020/4020 3889/3889/3889 4019/4019/4019
f 3889/3889/3889 4020/4020/4020 3890/3890/3890
f 3890/3890/3890 4020/4020/4020 3891/3891/3891
f 4021/4021/4021 4020/4020/4020 4019/4019/4019
f 4021/4021/4021 4019/4019/4019 4022/4022/4022
f 4020/4020/4020 4023/4023/4023 3891/3891/3891
f 4023/4023/4023 4020/4020/4020 4021/4021/4021
f 4024/4024/4024 4021/4021/4021 4022/4022/4022
f 4024/4024/4024 4023/4023/4023 4021/4021/4021
f 4025/4025/4025 4024/4024/4024 4022/4022/4022
f 3891/3891/3891 4023/4023/4023 4026/4026/4026
f 4026/4026/4026 3886/3886/3886 3891/3891/3891
f 4027/4027/4027 4023/4023/4023 4024/4024/4024
f 4023/4023/4023 4027/4027/4027 4026/4026/4026
f 4028/4028/4028 4024/4024/4024 4025/4025/4025
f 4028/4028/4028 4027/4027/4027 4024/4024/4024
f 4029/4029/4029 4028/4028/4028 4025/4025/4025
f 4030/4030/4030 3886/3886/3886 4026/4026/4026
f 3886/3886/3886 4030/4030/4030 3883/3883/3883
f 4026/4026/4026 4027/4027/4027 4031/4031/4031
f 4031/4031/4031 4030/4030/4030 4026/4026/4026
f 4032/4032/4032 4028/4028/4028 4029/4029/4029
f 4033/4033/4033 4032/4032/4032 4029/4029/4029
f 4034/4034/4034 4032/4032/4032 4033/4033/4033
f 4035/4035/4035 4034/4034/4034 4033/4033/4033
f 4034/4034/4034 4035/4035/4035 4036/4036/4036
f 4037/4037/4037 4027/4027/4027 4028/4028/4028
f 4032/4032/4032 4037/4037/4037 4028/4028/4028
f 4027/4027/4027 4037/4037/4037 4031/4031/4031
f 4037/4037/4037 4032/4032/4032 4034/4034/4034
f 3883/3883/3883 4030/4030/4030 4038/4038/4038
f 4038/4038/4038 3885/3885/3885 3883/3883/3883
f 4039/4039/4039 4030/4030/4030 4031/4031/4031
f 4030/4030/4030 4039/4039/4039 4038/4038/4038
f 3885/3885/3885 4038/4038/4038 4040/4040/4040
f 4038/4038/4038 4039/4039/4039 4040/4040/4040
f 4041/4041/4041 3885/3885/3885 4040/4040/4040
f 4041/4041/4041 4040/4040/4040 4042/4042/4042
f 4031/4031/4031 4037/4037/4037 4043/4043/4043
f 4043/4043/4043 4039/4039/4039 4031/4031/4031
f 4040/4040/4040 4044/4044/4044 4042/4042/4042
f 4042/4042/4042 4044/4044/4044 4045/4045/4045
f 4039/4039/4039 4046/4046/4046 4040/4040/4040
f 4046/4046/4046 4039/4039/4039 4043/4043/4043
f 4040/4040/4040 4046/4046/4046 4044/4044/4044
f 4037/4037/4037 4047/4047/4047 4043/4043/4043
f 4047/4047/4047 4037/4037/4037 4034/4034/4034
f 4048/4048/4048 4046/4046/4046 4043/4043/4043
f 4043/4043/4043 4047/4047/4047 4048/4048/4048
f 4046/4046/4046 4049/4049/4049 4044/4044/4044
f 4049/4049/4049 4046/4046/4046 4048/4048/4048
f 4044/4044/4044 4050/4050/4050 4045/4045/4045
f 4044/4044/4044 4049/4049/4049 4050/4050/4050
f 4045/4045/4045 4050/4050/4050 4051/4051/4051
f 4052/4052/4052 4045/4045/4045 4051/4051/4051
f 4049/4049/4049 4053/4053/4053 4050/4050/4050
f 4050/4050/4050 4053/4053/4053 4051/4051/4051
f 4054/4054/4054 4049/4049/4049 4048/4048/4048
f 4053/4053/4053 4049/4049/4049 4054/4054/4054
f 4047/4047/4047 4055/4055/4055 4048/4048/4048
f 4048/4048/4048 4055/4055/4055 4054/4054/4054
f 4047/4047/4047 4034/4034/4034 4056/4056/4056
f 4055/4055/4055 4047/4047/4047 4056/4056/4056
f 4052/4052/4052 4051/4051/4051 4057/4057/4057
f 4058/4058/4058 4052/4052/4052 4057/4057/4057
f 4053/4053/4053 4059/4059/4059 4051/4051/4051
f 4051/4051/4051 4059/4059/4059 4057/4057/4057
f 4060/4060/4060 4053/4053/4053 4054/4054/4054
f 4059/4059/4059 4053/4053/4053 4060/4060/4060
f 4055/4055/4055 4061/4061/4061 4054/4054/4054
f 4055/4055/4055 4056/4056/4056 4061/4061/4061
f 4054/4054/4054 4061/4061/4061 4060/4060/4060
f 4062/4062/4062 4056/4056/4056 4034/4034/4034
f 4034/4034/4034 4036/4036/4036 4062/4062/4062
f 4057/4057/4057 4063/4063/4063 4058/4058/4058
f 4063/4063/4063 4064/4064/4064 4058/4058/4058
f 4064/4064/4064 4063/4063/4063 4065/4065/4065
f 4059/4059/4059 4066/4066/4066 4057/4057/4057
f 4057/4057/4057 4066/4066/4066 4063/4063/4063
f 4067/4067/4067 4059/4059/4059 4060/4060/4060
f 4066/4066/4066 4059/4059/4059 4067/4067/4067
f 4056/4056/4056 4068/4068/4068 4061/4061/4061
f 4056/4056/4056 4062/4062/4062 4068/4068/4068
f 4069/4069/4069 4062/4062/4062 4036/4036/4036
f 4062/4062/4062 4069/4069/4069 4068/4068/4068
f 4070/4070/4070 4069/4069/4069 4036/4036/4036
f 4070/4070/4070 4071/4071/4071 4069/4069/4069
f 4061/4061/4061 4072/4072/4072 4060/4060/4060
f 4061/4061/4061 4068/4068/4068 4072/4072/4072
f 4060/4060/4060 4072/4072/4072 4067/4067/4067
f 4068/4068/4068 4069/4069/4069 4073/4073/4073
f 4068/4068/4068 4073/4073/4073 4072/4072/4072
f 4071/4071/4071 4074/4074/4074 4069/4069/4069
f 4069/4069/4069 4074/4074/4074 4073/4073/4073
f 4074/4074/4074 4071/4071/4071 4075/4075/4075
f 4072/4072/4072 4073/4073/4073 4076/4076/4076
f 4076/4076/4076 4073/4073/4073 4074/4074/4074
f 4072/4072/4072 4077/4077/4077 4067/4067/4067
f 4077/4077/4077 4072/4072/4072 4076/4076/4076
f 4078/4078/4078 4074/4074/4074 4075/4075/4075
f 4078/4078/4078 4076/4076/4076 4074/4074/4074
f 4079/4079/4079 4078/4078/4078 4075/4075/4075
f 4080/4080/4080 4079/4079/4079 4075/4075/4075
f 4081/4081/4081 4076/4076/4076 4078/4078/4078
f 4077/4077/4077 4076/4076/4076 4081/4081/4081
f 4079/4079/4079 4081/4081/4081 4078/4078/4078
f 4067/4067/4067 4077/4077/4077 4082/4082/4082
f 4082/4082/4082 4066/4066/4066 4067/4067/4067
f 4083/4083/4083 4079/4079/4079 4080/4080/4080
f 4084/4084/4084 4083/4083/4083 4080/4080/4080
f 4085/4085/4085 4081/4081/4081 4079/4079/4079
f 4083/4083/4083 4085/4085/4085 4079/4079/4079
f 4086/4086/4086 4077/4077/4077 4081/4081/4081
f 4077/4077/4077 4086/4086/4086 4082/4082/4082
f 4086/4086/4086 4081/4081/4081 4085/4085/4085
f 4082/4082/4082 4087/4087/4087 4066/4066/4066
f 4082/4082/4082 4086/4086/4086 4087/4087/4087
f 4088/4088/4088 4083/4083/4083 4084/4084/4084
f 4089/4089/4089 4088/4088/4088 4084/4084/4084
f 4090/4090/4090 4086/4086/4086 4085/4085/4085
f 4086/4086/4086 4090/4090/4090 4087/4087/4087
f 4091/4091/4091 4085/4085/4085 4083/4083/4083
f 4090/4090/4090 4085/4085/4085 4091/4091/4091
f 4088/4088/4088 4091/4091/4091 4083/4083/4083
f 4092/4092/4092 4088/4088/4088 4089/4089/4089
f 4093/4093/4093 4092/4092/4092 4089/4089/4089
f 4094/4094/4094 4092/4092/4092 4093/4093/4093
f 4088/4088/4088 4092/4092/4092 4095/4095/4095
f 4091/4091/4091 4088/4088/4088 4095/4095/4095
f 4095/4095/4095 4092/4092/4092 4094/4094/4094
f 4096/4096/4096 4090/4090/4090 4091/4091/4091
f 4087/4087/4087 4090/4090/4090 4096/4096/4096
f 4091/4091/4091 4095/4095/4095 4097/4097/4097
f 4096/4096/4096 4091/4091/4091 4097/4097/4097
f 4097/4097/4097 4095/4095/4095 4094/4094/4094
f 4098/4098/4098 4087/4087/4087 4096/4096/4096
f 4098/4098/4098 4096/4096/4096 4097/4097/4097
f 4094/4094/4094 4099/4099/4099 4097/4097/4097
f 4099/4099/4099 4098/4098/4098 4097/4097/4097
f 4087/4087/4087 4098/4098/4098 4100/4100/4100
f 4087/4087/4087 4100/4100/4100 4066/4066/4066
f 4066/4066/4066 4100/4100/4100 4063/4063/4063
f 4101/4101/4101 4098/4098/4098 4099/4099/4099
f 4098/4098/4098 4101/4101/4101 4100/4100/4100
f 4063/4063/4063 4100/4100/4100 4102/4102/4102
f 4100/4100/4100 4101/4101/4101 4102/4102/4102
f 4063/4063/4063 4102/4102/4102 4065/4065/4065
f 4103/4103/4103 4065/4065/4065 4102/4102/4102
f 4104/4104/4104 4103/4103/4103 4102/4102/4102
f 4094/4094/4094 4103/4103/4103 4104/4104/4104
f 4102/4102/4102 4101/4101/4101 4104/4104/4104
f 4105/4105/4105 4101/4101/4101 4099/4099/4099
f 4094/4094/4094 4105/4105/4105 4099/4099/4099
f 4101/4101/4101 4105/4105/4105 4104/4104/4104
f 4094/4094/4094 4104/4104/4104 4105/4105/4105
f 4108/4108/4108 4107/4107/4107 4106/4106/4106
f 4106/4106/4106 4107/4107/4107 4109/4109/4109
f 4110/4110/4110 4106/4106/4106 4109/4109/4109
f 4109/4109/4109 4111/4111/4111 4110/4110/4110
f 4111/4111/4111 4112/4112/4112 4110/4110/4110
f 4111/4111/4111 4113/4113/4113 4112/4112/4112
f 4113/4113/4113 4114/4114/4114 4112/4112/4112
f 4113/4113/4113 4115/4115/4115 4114/4114/4114
f 4115/4115/4115 4116/4116/4116 4114/4114/4114
f 4116/4116/4116 4115/4115/4115 4117/4117/4117
f 4117/4117/4117 4118/4118/4118 4116/4116/4116
f 4117/4117/4117 4119/4119/4119 4118/4118/4118
f 4120/4120/4120 4118/4118/4118 4119/4119/4119
f 4121/4121/4121 4120/4120/4120 4119/4119/4119
f 4122/4122/4122 4120/4120/4120 4121/4121/4121
f 4123/4123/4123 4122/4122/4122 4121/4121/4121
f 4123/4123/4123 4124/4124/4124 4122/4122/4122
f 4124/4124/4124 4125/4125/4125 4122/4122/4122
f 4126/4126/4126 4125/4125/4125 4124/4124/4124
f 4127/4127/4127 4126/4126/4126 4124/4124/4124
f 4127/4127/4127 4128/4128/4128 4126/4126/4126
f 4128/4128/4128 4129/4129/4129 4126/4126/4126
f 4128/4128/4128 4130/4130/4130 4129/4129/4129
f 4130/4130/4130 4131/4131/4131 4129/4129/4129
f 4131/4131/4131 4130/4130/4130 4132/4132/4132
f 4133/4133/4133 4131/4131/4131 4132/4132/4132
f 4132/4132/4132 4134/4134/4134 4133/4133/4133
f 4134/4134/4134 4135/4135/4135 4133/4133/4133
f 4136/4136/4136 4135/4135/4135 4134/4134/4134
f 4137/4137/4137 4136/4136/4136 4134/4134/4134
f 4138/4138/4138 4136/4136/4136 4137/4137/4137
f 4139/4139/4139 4138/4138/4138 4137/4137/4137
f 4139/4139/4139 4140/4140/4140 4138/4138/4138
f 4140/4140/4140 4141/4141/4141 4138/4138/4138
f 4141/4141/4141 4140/4140/4140 4142/4142/4142
f 4143/4143/4143 4141/4141/4141 4142/4142/4142
f 4142/4142/4142 4144/4144/4144 4143/4143/4143
f 4144/4144/4144 4145/4145/4145 4143/4143/4143
f 4144/4144/4144 4146/4146/4146 4145/4145/4145
f 4149/4149/4149 4148/4148/4148 4147/4147/4147
f 4147/4147/4147 4148/4148/4148 4150/4150/4150
f 4148/4148/4148 4151/4151/4151 4150/4150/4150
f 4152/4152/4152 4150/4150/4150 4151/4151/4151
f 4153/4153/4153 4152/4152/4152 4151/4151/4151
f 4152/4152/4152 4153/4153/4153 4154/4154/4154
f 4155/4155/4155 4152/4152/4152 4154/4154/4154
f 4155/4155/4155 4154/4154/4154 4156/4156/4156
f 4157/4157/4157 4155/4155/4155 4156/4156/4156
f 4157/4157/4157 4156/4156/4156 4158/4158/4158
f 4158/4158/4158 4159/4159/4159 4157/4157/4157
f 4156/4156/4156 4160/4160/4160 4158/4158/4158
f 4158/4158/4158 4160/4160/4160 4161/4161/4161
f 4159/4159/4159 4158/4158/4158 4162/4162/4162
f 4163/4163/4163 4162/4162/4162 4158/4158/4158
f 4166/4166/4166 4165/4165/4165 4164/4164/4164
f 4165/4165/4165 4167/4167/4167 4164/4164/4164
f 4164/4164/4164 4167/4167/4167 4168/4168/4168
f 4165/4165/4165 4169/4169/4169 4167/4167/4167
f 4165/4165/4165 4170/4170/4170 4169/4169/4169
f 4167/4167/4167 4171/4171/4171 4168/4168/4168
f 4169/4169/4169 4172/4172/4172 4167/4167/4167
f 4171/4171/4171 4167/4167/4167 4172/4172/4172
f 4171/4171/4171 4173/4173/4173 4168/4168/4168
f 4173/4173/4173 4174/4174/4174 4168/4168/4168
f 4175/4175/4175 4171/4171/4171 4172/4172/4172
f 4171/4171/4171 4175/4175/4175 4173/4173/4173
f 4173/4173/4173 4176/4176/4176 4174/4174/4174
f 4176/4176/4176 4177/4177/4177 4174/4174/4174
f 4175/4175/4175 4178/4178/4178 4173/4173/4173
f 4173/4173/4173 4178/4178/4178 4176/4176/4176
f 4175/4175/4175 4172/4172/4172 4179/4179/4179
f 4175/4175/4175 4179/4179/4179 4178/4178/4178
f 4176/4176/4176 4180/4180/4180 4177/4177/4177
f 4180/4180/4180 4176/4176/4176 4181/4181/4181
f 4180/4180/4180 4182/4182/4182 4177/4177/4177
f 4180/4180/4180 4183/4183/4183 4182/4182/4182
f 4180/4180/4180 4181/4181/4181 4183/4183/4183
f 4183/4183/4183 4184/4184/4184 4182/4182/4182
f 4178/4178/4178 4185/4185/4185 4176/4176/4176
f 4176/4176/4176 4185/4185/4185 4181/4181/4181
f 4178/4178/4178 4186/4186/4186 4185/4185/4185
f 4179/4179/4179 4186/4186/4186 4178/4178/4178
f 4183/4183/4183 4187/4187/4187 4184/4184/4184
f 4187/4187/4187 4188/4188/4188 4184/4184/4184
f 4188/4188/4188 4187/4187/4187 4189/4189/4189
f 4187/4187/4187 4190/4190/4190 4189/4189/4189
f 4187/4187/4187 4183/4183/4183 4190/4190/4190
f 4190/4190/4190 4191/4191/4191 4189/4189/4189
f 4183/4183/4183 4192/4192/4192 4190/4190/4190
f 4181/4181/4181 4192/4192/4192 4183/4183/4183
f 4192/4192/4192 4193/4193/4193 4190/4190/4190
f 4193/4193/4193 4191/4191/4191 4190/4190/4190
f 4193/4193/4193 4192/4192/4192 4181/4181/4181
f 4185/4185/4185 4194/4194/4194 4181/4181/4181
f 4186/4186/4186 4194/4194/4194 4185/4185/4185
f 4195/4195/4195 4193/4193/4193 4181/4181/4181
f 4194/4194/4194 4195/4195/4195 4181/4181/4181
f 4191/4191/4191 4193/4193/4193 4196/4196/4196
f 4197/4197/4197 4191/4191/4191 4196/4196/4196
f 4191/4191/4191 4197/4197/4197 4198/4198/4198
f 4199/4199/4199 4196/4196/4196 4193/4193/4193
f 4195/4195/4195 4199/4199/4199 4193/4193/4193
f 4200/4200/4200 4199/4199/4199 4195/4195/4195
f 4194/4194/4194 4200/4200/4200 4195/4195/4195
f 4201/4201/4201 4200/4200/4200 4194/4194/4194
f 4186/4186/4186 4201/4201/4201 4194/4194/4194
f 4202/4202/4202 4201/4201/4201 4186/4186/4186
f 4179/4179/4179 4202/4202/4202 4186/4186/4186
f 4203/4203/4203 4202/4202/4202 4179/4179/4179
f 4204/4204/4204 4203/4203/4203 4179/4179/4179
f 4172/4172/4172 4204/4204/4204 4179/4179/4179
f 4205/4205/4205 4203/4203/4203 4204/4204/4204
f 4206/4206/4206 4204/4204/4204 4172/4172/4172
f 4206/4206/4206 4205/4205/4205 4204/4204/4204
f 4169/4169/4169 4206/4206/4206 4172/4172/4172
f 4207/4207/4207 4205/4205/4205 4206/4206/4206
f 4169/4169/4169 4208/4208/4208 4206/4206/4206
f 4208/4208/4208 4207/4207/4207 4206/4206/4206
f 4170/4170/4170 4208/4208/4208 4169/4169/4169
f 4209/4209/4209 4207/4207/4207 4208/4208/4208
f 4210/4210/4210 4208/4208/4208 4170/4170/4170
f 4210/4210/4210 4209/4209/4209 4208/4208/4208
f 4211/4211/4211 4210/4210/4210 4170/4170/4170
f 4209/4209/4209 4210/4210/4210 4212/4212/4212
f 4213/4213/4213 4210/4210/4210 4211/4211/4211
f 4210/4210/4210 4213/4213/4213 4212/4212/4212
f 4214/4214/4214 4213/4213/4213 4211/4211/4211
f 4215/4215/4215 4212/4212/4212 4213/4213/4213
f 4216/4216/4216 4213/4213/4213 4214/4214/4214
f 4216/4216/4216 4215/4215/4215 4213/4213/4213
f 4217/4217/4217 4216/4216/4216 4214/4214/4214
f 4216/4216/4216 4218/4218/4218 4215/4215/4215
f 4218/4218/4218 4216/4216/4216 4217/4217/4217
f 4218/4218/4218 4219/4219/4219 4215/4215/4215
f 4218/4218/4218 4220/4220/4220 4219/4219/4219
f 4221/4221/4221 4218/4218/4218 4217/4217/4217
f 4220/4220/4220 4218/4218/4218 4221/4221/4221
f 4220/4220/4220 4222/4222/4222 4219/4219/4219
f 4223/4223/4223 4220/4220/4220 4221/4221/4221
f 4222/4222/4222 4220/4220/4220 4224/4224/4224
f 4220/4220/4220 4223/4223/4223 4225/4225/4225
f 4220/4220/4220 4226/4226/4226 4224/4224/4224
f 4226/4226/4226 4220/4220/4220 4225/4225/4225
f 4224/4224/4224 4226/4226/4226 4227/4227/4227
f 4226/4226/4226 4225/4225/4225 4228/4228/4228
f 4226/4226/4226 4229/4229/4229 4227/4227/4227
f 4229/4229/4229 4226/4226/4226 4228/4228/4228
f 4230/4230/4230 4227/4227/4227 4229/4229/4229
f 4231/4231/4231 4229/4229/4229 4228/4228/4228
f 4231/4231/4231 4230/4230/4230 4229/4229/4229
f 4232/4232/4232 4231/4231/4231 4228/4228/4228
f 4230/4230/4230 4231/4231/4231 4233/4233/4233
f 4234/4234/4234 4231/4231/4231 4232/4232/4232
f 4231/4231/4231 4234/4234/4234 4233/4233/4233
f 4235/4235/4235 4234/4234/4234 4232/4232/4232
f 4234/4234/4234 4235/4235/4235 4236/4236/4236
f 4233/4233/4233 4234/4234/4234 4237/4237/4237
f 4237/4237/4237 4234/4234/4234 4236/4236/4236
f 4233/4233/4233 4237/4237/4237 4238/4238/4238
f 4237/4237/4237 4236/4236/4236 4239/4239/4239
f 4240/4240/4240 4238/4238/4238 4237/4237/4237
f 4240/4240/4240 4237/4237/4237 4239/4239/4239
f 4241/4241/4241 4238/4238/4238 4240/4240/4240
f 4240/4240/4240 4239/4239/4239 4242/4242/4242
f 4241/4241/4241 4240/4240/4240 4242/4242/4242
f 4245/4245/4245 4244/4244/4244 4243/4243/4243
f 4244/4244/4244 4246/4246/4246 4243/4243/4243
f 4246/4246/4246 4244/4244/4244 4247/4247/4247
f 4246/4246/4246 4248/4248/4248 4243/4243/4243
f 4248/4248/4248 4249/4249/4249 4243/4243/4243
f 4250/4250/4250 4246/4246/4246 4247/4247/4247
f 4246/4246/4246 4250/4250/4250 4248/4248/4248
f 4251/4251/4251 4250/4250/4250 4247/4247/4247
f 4252/4252/4252 4251/4251/4251 4247/4247/4247
f 4251/4251/4251 4252/4252/4252 4253/4253/4253
f 4249/4249/4249 4248/4248/4248 4254/4254/4254
f 4255/4255/4255 4249/4249/4249 4254/4254/4254
f 4255/4255/4255 4254/4254/4254 4256/4256/4256
f 4250/4250/4250 4257/4257/4257 4248/4248/4248
f 4250/4250/4250 4251/4251/4251 4257/4257/4257
f 4254/4254/4254 4258/4258/4258 4256/4256/4256
f 4256/4256/4256 4258/4258/4258 4259/4259/4259
f 4254/4254/4254 4248/4248/4248 4260/4260/4260
f 4248/4248/4248 4257/4257/4257 4260/4260/4260
f 4254/4254/4254 4260/4260/4260 4258/4258/4258
f 4261/4261/4261 4251/4251/4251 4253/4253/4253
f 4261/4261/4261 4253/4253/4253 4262/4262/4262
f 4251/4251/4251 4263/4263/4263 4257/4257/4257
f 4257/4257/4257 4263/4263/4263 4260/4260/4260
f 4264/4264/4264 4261/4261/4261 4262/4262/4262
f 4262/4262/4262 4265/4265/4265 4264/4264/4264
f 4251/4251/4251 4261/4261/4261 4266/4266/4266
f 4266/4266/4266 4261/4261/4261 4264/4264/4264
f 4263/4263/4263 4251/4251/4251 4266/4266/4266
f 4267/4267/4267 4266/4266/4266 4264/4264/4264
f 4264/4264/4264 4265/4265/4265 4267/4267/4267
f 4263/4263/4263 4266/4266/4266 4268/4268/4268
f 4268/4268/4268 4266/4266/4266 4267/4267/4267
f 4263/4263/4263 4269/4269/4269 4260/4260/4260
f 4269/4269/4269 4263/4263/4263 4268/4268/4268
f 4260/4260/4260 4270/4270/4270 4258/4258/4258
f 4260/4260/4260 4269/4269/4269 4270/4270/4270
f 4267/4267/4267 4265/4265/4265 4271/4271/4271
f 4271/4271/4271 4268/4268/4268 4267/4267/4267
f 4268/4268/4268 4271/4271/4271 4272/4272/4272
f 4271/4271/4271 4265/4265/4265 4272/4272/4272
f 4269/4269/4269 4268/4268/4268 4273/4273/4273
f 4273/4273/4273 4268/4268/4268 4272/4272/4272
f 4269/4269/4269 4274/4274/4274 4270/4270/4270
f 4274/4274/4274 4269/4269/4269 4273/4273/4273
f 4258/4258/4258 4270/4270/4270 4275/4275/4275
f 4270/4270/4270 4274/4274/4274 4275/4275/4275
f 4276/4276/4276 4273/4273/4273 4272/4272/4272
f 4274/4274/4274 4273/4273/4273 4276/4276/4276
f 4272/4272/4272 4265/4265/4265 4277/4277/4277
f 4277/4277/4277 4276/4276/4276 4272/4272/4272
f 4277/4277/4277 4265/4265/4265 4278/4278/4278
f 4276/4276/4276 4277/4277/4277 4278/4278/4278
f 4278/4278/4278 4265/4265/4265 4279/4279/4279
f 4279/4279/4279 4280/4280/4280 4278/4278/4278
f 4280/4280/4280 4281/4281/4281 4278/4278/4278
f 4281/4281/4281 4276/4276/4276 4278/4278/4278
f 4281/4281/4281 4280/4280/4280 4282/4282/4282
f 4283/4283/4283 4274/4274/4274 4276/4276/4276
f 4283/4283/4283 4276/4276/4276 4281/4281/4281
f 4274/4274/4274 4283/4283/4283 4275/4275/4275
f 4284/4284/4284 4281/4281/4281 4282/4282/4282
f 4284/4284/4284 4283/4283/4283 4281/4281/4281
f 4282/4282/4282 4285/4285/4285 4284/4284/4284
f 4286/4286/4286 4283/4283/4283 4284/4284/4284
f 4283/4283/4283 4286/4286/4286 4275/4275/4275
f 4275/4275/4275 4286/4286/4286 4287/4287/4287
f 4288/4288/4288 4275/4275/4275 4287/4287/4287
f 4288/4288/4288 4258/4258/4258 4275/4275/4275
f 4258/4258/4258 4288/4288/4288 4259/4259/4259
f 4259/4259/4259 4288/4288/4288 4287/4287/4287
f 4289/4289/4289 4259/4259/4259 4287/4287/4287
f 4289/4289/4289 4287/4287/4287 4290/4290/4290
f 4284/4284/4284 4285/4285/4285 4291/4291/4291
f 4291/4291/4291 4286/4286/4286 4284/4284/4284
f 4287/4287/4287 4292/4292/4292 4290/4290/4290
f 4293/4293/4293 4290/4290/4290 4292/4292/4292
f 4294/4294/4294 4293/4293/4293 4292/4292/4292
f 4294/4294/4294 4295/4295/4295 4293/4293/4293
f 4296/4296/4296 4292/4292/4292 4287/4287/4287
f 4296/4296/4296 4294/4294/4294 4292/4292/4292
f 4297/4297/4297 4287/4287/4287 4286/4286/4286
f 4297/4297/4297 4296/4296/4296 4287/4287/4287
f 4298/4298/4298 4286/4286/4286 4291/4291/4291
f 4298/4298/4298 4297/4297/4297 4286/4286/4286
f 4285/4285/4285 4299/4299/4299 4291/4291/4291
f 4300/4300/4300 4298/4298/4298 4291/4291/4291
f 4299/4299/4299 4300/4300/4300 4291/4291/4291
f 4299/4299/4299 4285/4285/4285 4301/4301/4301
f 4285/4285/4285 4302/4302/4302 4301/4301/4301
f 4302/4302/4302 4303/4303/4303 4301/4301/4301
f 4301/4301/4301 4304/4304/4304 4299/4299/4299
f 4301/4301/4301 4303/4303/4303 4304/4304/4304
f 4304/4304/4304 4300/4300/4300 4299/4299/4299
f 4303/4303/4303 4305/4305/4305 4304/4304/4304
f 4304/4304/4304 4305/4305/4305 4306/4306/4306
f 4304/4304/4304 4306/4306/4306 4300/4300/4300
f 4305/4305/4305 4307/4307/4307 4306/4306/4306
f 4300/4300/4300 4308/4308/4308 4298/4298/4298
f 4306/4306/4306 4308/4308/4308 4300/4300/4300
f 4309/4309/4309 4297/4297/4297 4298/4298/4298
f 4308/4308/4308 4309/4309/4309 4298/4298/4298
f 4306/4306/4306 4310/4310/4310 4308/4308/4308
f 4309/4309/4309 4308/4308/4308 4310/4310/4310
f 4309/4309/4309 4310/4310/4310 4306/4306/4306
f 4297/4297/4297 4309/4309/4309 4311/4311/4311
f 4311/4311/4311 4309/4309/4309 4306/4306/4306
f 4296/4296/4296 4297/4297/4297 4311/4311/4311
f 4306/4306/4306 4307/4307/4307 4312/4312/4312
f 4312/4312/4312 4311/4311/4311 4306/4306/4306
f 4307/4307/4307 4313/4313/4313 4312/4312/4312
f 4312/4312/4312 4313/4313/4313 4314/4314/4314
f 4312/4312/4312 4314/4314/4314 4311/4311/4311
f 4313/4313/4313 4315/4315/4315 4314/4314/4314
f 4315/4315/4315 4316/4316/4316 4314/4314/4314
f 4311/4311/4311 4317/4317/4317 4296/4296/4296
f 4314/4314/4314 4317/4317/4317 4311/4311/4311
f 4317/4317/4317 4294/4294/4294 4296/4296/4296
f 4314/4314/4314 4318/4318/4318 4317/4317/4317
f 4316/4316/4316 4318/4318/4318 4314/4314/4314
f 4294/4294/4294 4317/4317/4317 4318/4318/4318
f 4318/4318/4318 4316/4316/4316 4294/4294/4294
f 4316/4316/4316 4319/4319/4319 4294/4294/4294
f 4294/4294/4294 4319/4319/4319 4295/4295/4295
f 4319/4319/4319 4320/4320/4320 4295/4295/4295
f 4295/4295/4295 4320/4320/4320 4321/4321/4321
f 4320/4320/4320 4322/4322/4322 4321/4321/4321
f 4321/4321/4321 4322/4322/4322 4323/4323/4323
f 4322/4322/4322 4324/4324/4324 4323/4323/4323
f 4323/4323/4323 4324/4324/4324 4325/4325/4325
f 4324/4324/4324 4326/4326/4326 4325/4325/4325
f 4327/4327/4327 4321/4321/4321 4323/4323/4323
f 4323/4323/4323 4325/4325/4325 4327/4327/4327
f 4325/4325/4325 4326/4326/4326 4328/4328/4328
f 4326/4326/4326 4329/4329/4329 4328/4328/4328
f 4328/4328/4328 4329/4329/4329 4330/4330/4330
f 4329/4329/4329 4331/4331/4331 4330/4330/4330
f 4325/4325/4325 4328/4328/4328 4332/4332/4332
f 4327/4327/4327 4325/4325/4325 4332/4332/4332
f 4332/4332/4332 4328/4328/4328 4330/4330/4330
f 4321/4321/4321 4327/4327/4327 4333/4333/4333
f 4327/4327/4327 4332/4332/4332 4333/4333/4333
f 4330/4330/4330 4331/4331/4331 4334/4334/4334
f 4331/4331/4331 4335/4335/4335 4334/4334/4334
f 4334/4334/4334 4335/4335/4335 4336/4336/4336
f 4335/4335/4335 4337/4337/4337 4336/4336/4336
f 4336/4336/4336 4337/4337/4337 4338/4338/4338
f 4337/4337/4337 4339/4339/4339 4338/4338/4338
f 4334/4334/4334 4336/4336/4336 4340/4340/4340
f 4338/4338/4338 4340/4340/4340 4336/4336/4336
f 4341/4341/4341 4334/4334/4334 4340/4340/4340
f 4330/4330/4330 4334/4334/4334 4341/4341/4341
f 4340/4340/4340 4338/4338/4338 4342/4342/4342
f 4341/4341/4341 4340/4340/4340 4342/4342/4342
f 4338/4338/4338 4343/4343/4343 4342/4342/4342
f 4338/4338/4338 4344/4344/4344 4343/4343/4343
f 4345/4345/4345 4343/4343/4343 4344/4344/4344
f 4346/4346/4346 4345/4345/4345 4344/4344/4344
f 4345/4345/4345 4346/4346/4346 4347/4347/4347
f 4346/4346/4346 4348/4348/4348 4347/4347/4347
f 4349/4349/4349 4347/4347/4347 4348/4348/4348
f 4350/4350/4350 4341/4341/4341 4342/4342/4342
f 4351/4351/4351 4342/4342/4342 4343/4343/4343
f 4351/4351/4351 4350/4350/4350 4342/4342/4342
f 4352/4352/4352 4343/4343/4343 4345/4345/4345
f 4352/4352/4352 4351/4351/4351 4343/4343/4343
f 4353/4353/4353 4345/4345/4345 4347/4347/4347
f 4353/4353/4353 4352/4352/4352 4345/4345/4345
f 4354/4354/4354 4330/4330/4330 4341/4341/4341
f 4354/4354/4354 4341/4341/4341 4350/4350/4350
f 4349/4349/4349 4355/4355/4355 4347/4347/4347
f 4355/4355/4355 4353/4353/4353 4347/4347/4347
f 4349/4349/4349 4356/4356/4356 4355/4355/4355
f 4353/4353/4353 4355/4355/4355 4356/4356/4356
f 4357/4357/4357 4330/4330/4330 4354/4354/4354
f 4354/4354/4354 4358/4358/4358 4357/4357/4357
f 4357/4357/4357 4358/4358/4358 4330/4330/4330
f 4358/4358/4358 4354/4354/4354 4350/4350/4350
f 4358/4358/4358 4332/4332/4332 4330/4330/4330
f 4359/4359/4359 4358/4358/4358 4350/4350/4350
f 4358/4358/4358 4359/4359/4359 4332/4332/4332
f 4359/4359/4359 4350/4350/4350 4351/4351/4351
f 4360/4360/4360 4359/4359/4359 4351/4351/4351
f 4351/4351/4351 4361/4361/4361 4360/4360/4360
f 4359/4359/4359 4333/4333/4333 4332/4332/4332
f 4333/4333/4333 4359/4359/4359 4360/4360/4360
f 4351/4351/4351 4352/4352/4352 4361/4361/4361
f 4362/4362/4362 4352/4352/4352 4353/4353/4353
f 4352/4352/4352 4362/4362/4362 4361/4361/4361
f 4363/4363/4363 4353/4353/4353 4356/4356/4356
f 4363/4363/4363 4362/4362/4362 4353/4353/4353
f 4364/4364/4364 4333/4333/4333 4360/4360/4360
f 4321/4321/4321 4333/4333/4333 4364/4364/4364
f 4365/4365/4365 4321/4321/4321 4364/4364/4364
f 4366/4366/4366 4321/4321/4321 4365/4365/4365
f 4367/4367/4367 4365/4365/4365 4364/4364/4364
f 4364/4364/4364 4360/4360/4360 4367/4367/4367
f 4360/4360/4360 4368/4368/4368 4367/4367/4367
f 4369/4369/4369 4368/4368/4368 4360/4360/4360
f 4370/4370/4370 4369/4369/4369 4360/4360/4360
f 4361/4361/4361 4370/4370/4370 4360/4360/4360
f 4370/4370/4370 4371/4371/4371 4369/4369/4369
f 4371/4371/4371 4370/4370/4370 4361/4361/4361
f 4371/4371/4371 4372/4372/4372 4369/4369/4369
f 4362/4362/4362 4373/4373/4373 4361/4361/4361
f 4373/4373/4373 4371/4371/4371 4361/4361/4361
f 4374/4374/4374 4362/4362/4362 4363/4363/4363
f 4362/4362/4362 4374/4374/4374 4373/4373/4373
f 4371/4371/4371 4375/4375/4375 4372/4372/4372
f 4375/4375/4375 4376/4376/4376 4372/4372/4372
f 4377/4377/4377 4376/4376/4376 4375/4375/4375
f 4373/4373/4373 4378/4378/4378 4371/4371/4371
f 4378/4378/4378 4375/4375/4375 4371/4371/4371
f 4374/4374/4374 4378/4378/4378 4373/4373/4373
f 4379/4379/4379 4377/4377/4377 4375/4375/4375
f 4379/4379/4379 4375/4375/4375 4378/4378/4378
f 4377/4377/4377 4379/4379/4379 4380/4380/4380
f 4381/4381/4381 4374/4374/4374 4363/4363/4363
f 4381/4381/4381 4363/4363/4363 4356/4356/4356
f 4374/4374/4374 4382/4382/4382 4378/4378/4378
f 4382/4382/4382 4374/4374/4374 4381/4381/4381
f 4383/4383/4383 4379/4379/4379 4378/4378/4378
f 4382/4382/4382 4383/4383/4383 4378/4378/4378
f 4382/4382/4382 4384/4384/4384 4383/4383/4383
f 4383/4383/4383 4385/4385/4385 4379/4379/4379
f 4384/4384/4384 4385/4385/4385 4383/4383/4383
f 4379/4379/4379 4386/4386/4386 4380/4380/4380
f 4385/4385/4385 4386/4386/4386 4379/4379/4379
f 4386/4386/4386 4387/4387/4387 4380/4380/4380
f 4387/4387/4387 4388/4388/4388 4380/4380/4380
f 4387/4387/4387 4386/4386/4386 4389/4389/4389
f 4386/4386/4386 4385/4385/4385 4389/4389/4389
f 4385/4385/4385 4384/4384/4384 4389/4389/4389
f 4384/4384/4384 4390/4390/4390 4389/4389/4389
f 4390/4390/4390 4384/4384/4384 4391/4391/4391
f 4384/4384/4384 4382/4382/4382 4392/4392/4392
f 4392/4392/4392 4382/4382/4382 4381/4381/4381
f 4384/4384/4384 4393/4393/4393 4391/4391/4391
f 4393/4393/4393 4384/4384/4384 4392/4392/4392
f 4391/4391/4391 4393/4393/4393 4394/4394/4394
f 4393/4393/4393 4395/4395/4395 4394/4394/4394
f 4393/4393/4393 4392/4392/4392 4395/4395/4395
f 4349/4349/4349 4394/4394/4394 4395/4395/4395
f 4392/4392/4392 4396/4396/4396 4395/4395/4395
f 4392/4392/4392 4381/4381/4381 4396/4396/4396
f 4349/4349/4349 4395/4395/4395 4396/4396/4396
f 4381/4381/4381 4397/4397/4397 4396/4396/4396
f 4349/4349/4349 4396/4396/4396 4397/4397/4397
f 4397/4397/4397 4381/4381/4381 4356/4356/4356
f 4349/4349/4349 4397/4397/4397 4356/4356/4356
f 4400/4400/4400 4399/4399/4399 4398/4398/4398
f 4399/4399/4399 4401/4401/4401 4398/4398/4398
f 4401/4401/4401 4399/4399/4399 4402/4402/4402
f 4403/4403/4403 4401/4401/4401 4402/4402/4402
f 4402/4402/4402 4404/4404/4404 4403/4403/4403
f 4404/4404/4404 4405/4405/4405 4403/4403/4403
f 4406/4406/4406 4405/4405/4405 4404/4404/4404
f 4407/4407/4407 4406/4406/4406 4404/4404/4404
f 4408/4408/4408 4406/4406/4406 4407/4407/4407
f 4409/4409/4409 4408/4408/4408 4407/4407/4407
f 4410/4410/4410 4408/4408/4408 4409/4409/4409
f 4411/4411/4411 4410/4410/4410 4409/4409/4409
f 4411/4411/4411 4412/4412/4412 4410/4410/4410
f 4412/4412/4412 4413/4413/4413 4410/4410/4410
f 4416/4416/4416 4415/4415/4415 4414/4414/4414
f 4417/4417/4417 4416/4416/4416 4414/4414/4414
f 4418/4418/4418 4417/4417/4417 4414/4414/4414
f 4419/4419/4419 4418/4418/4418 4414/4414/4414
f 4417/4417/4417 4420/4420/4420 4416/4416/4416
f 4420/4420/4420 4421/4421/4421 4416/4416/4416
f 4422/4422/4422 4421/4421/4421 4420/4420/4420
f 4417/4417/4417 4418/4418/4418 4423/4423/4423
f 4420/4420/4420 4417/4417/4417 4423/4423/4423
f 4424/4424/4424 4418/4418/4418 4419/4419/4419
f 4423/4423/4423 4418/4418/4418 4424/4424/4424
f 4425/4425/4425 4424/4424/4424 4419/4419/4419
f 4426/4426/4426 4422/4422/4422 4420/4420/4420
f 4426/4426/4426 4420/4420/4420 4423/4423/4423
f 4427/4427/4427 4424/4424/4424 4425/4425/4425
f 4428/4428/4428 4427/4427/4427 4425/4425/4425
f 4429/4429/4429 4424/4424/4424 4427/4427/4427
f 4429/4429/4429 4423/4423/4423 4424/4424/4424
f 4430/4430/4430 4429/4429/4429 4427/4427/4427
f 4429/4429/4429 4430/4430/4430 4431/4431/4431
f 4426/4426/4426 4432/4432/4432 4422/4422/4422
f 4432/4432/4432 4433/4433/4433 4422/4422/4422
f 4434/4434/4434 4426/4426/4426 4423/4423/4423
f 4434/4434/4434 4423/4423/4423 4429/4429/4429
f 4426/4426/4426 4434/4434/4434 4432/4432/4432
f 4435/4435/4435 4434/4434/4434 4429/4429/4429
f 4435/4435/4435 4429/4429/4429 4431/4431/4431
f 4434/4434/4434 4435/4435/4435 4436/4436/4436
f 4434/4434/4434 4436/4436/4436 4432/4432/4432
f 4433/4433/4433 4432/4432/4432 4437/4437/4437
f 4438/4438/4438 4433/4433/4433 4437/4437/4437
f 4437/4437/4437 4439/4439/4439 4438/4438/4438
f 4437/4437/4437 4432/4432/4432 4440/4440/4440
f 4432/4432/4432 4436/4436/4436 4440/4440/4440
f 4440/4440/4440 4439/4439/4439 4437/4437/4437
f 4435/4435/4435 4441/4441/4441 4436/4436/4436
f 4435/4435/4435 4431/4431/4431 4441/4441/4441
f 4440/4440/4440 4436/4436/4436 4441/4441/4441
f 4431/4431/4431 4442/4442/4442 4441/4441/4441
f 4442/4442/4442 4431/4431/4431 4443/4443/4443
f 4444/4444/4444 4440/4440/4440 4441/4441/4441
f 4444/4444/4444 4439/4439/4439 4440/4440/4440
f 4444/4444/4444 4441/4441/4441 4442/4442/4442
f 4445/4445/4445 4442/4442/4442 4443/4443/4443
f 4443/4443/4443 4446/4446/4446 4445/4445/4445
f 4446/4446/4446 4447/4447/4447 4445/4445/4445
f 4447/4447/4447 4448/4448/4448 4445/4445/4445
f 4449/4449/4449 4444/4444/4444 4442/4442/4442
f 4449/4449/4449 4439/4439/4439 4444/4444/4444
f 4442/4442/4442 4445/4445/4445 4449/4449/4449
f 4448/4448/4448 4450/4450/4450 4445/4445/4445
f 4448/4448/4448 4439/4439/4439 4450/4450/4450
f 4445/4445/4445 4450/4450/4450 4449/4449/4449
f 4439/4439/4439 4449/4449/4449 4450/4450/4450
f 4453/4453/4453 4452/4452/4452 4451/4451/4451
f 4454/4454/4454 4453/4453/4453 4451/4451/4451
f 4453/4453/4453 4454/4454/4454 4455/4455/4455
f 4454/4454/4454 4456/4456/4456 4455/4455/4455
f 4457/4457/4457 4455/4455/4455 4456/4456/4456
f 4458/4458/4458 4457/4457/4457 4456/4456/4456
f 4458/4458/4458 4459/4459/4459 4457/4457/4457
f 4459/4459/4459 4460/4460/4460 4457/4457/4457
f 4459/4459/4459 4461/4461/4461 4460/4460/4460
f 4461/4461/4461 4462/4462/4462 4460/4460/4460
f 4461/4461/4461 4463/4463/4463 4462/4462/4462
f 4463/4463/4463 4464/4464/4464 4462/4462/4462
f 4463/4463/4463 4465/4465/4465 4464/4464/4464
f 4465/4465/4465 4466/4466/4466 4464/4464/4464
f 4465/4465/4465 4467/4467/4467 4466/4466/4466
f 4467/4467/4467 4468/4468/4468 4466/4466/4466
f 4471/4471/4471 4470/4470/4470 4469/4469/4469
f 4470/4470/4470 4472/4472/4472 4469/4469/4469
f 4472/4472/4472 4473/4473/4473 4469/4469/4469
f 4473/4473/4473 4474/4474/4474 4469/4469/4469
f 4475/4475/4475 4472/4472/4472 4470/4470/4470
f 4476/4476/4476 4475/4475/4475 4470/4470/4470
f 4476/4476/4476 4477/4477/4477 4475/4475/4475
f 4473/4473/4473 4478/4478/4478 4474/4474/4474
f 4478/4478/4478 4479/4479/4479 4474/4474/4474
f 4473/4473/4473 4472/4472/4472 4480/4480/4480
f 4472/4472/4472 4475/4475/4475 4480/4480/4480
f 4473/4473/4473 4480/4480/4480 4478/4478/4478
f 4477/4477/4477 4481/4481/4481 4475/4475/4475
f 4475/4475/4475 4481/4481/4481 4480/4480/4480
f 4478/4478/4478 4482/4482/4482 4479/4479/4479
f 4482/4482/4482 4483/4483/4483 4479/4479/4479
f 4478/4478/4478 4484/4484/4484 4482/4482/4482
f 4480/4480/4480 4484/4484/4484 4478/4478/4478
f 4484/4484/4484 4485/4485/4485 4482/4482/4482
f 4485/4485/4485 4484/4484/4484 4486/4486/4486
f 4487/4487/4487 4481/4481/4481 4477/4477/4477
f 4488/4488/4488 4487/4487/4487 4477/4477/4477
f 4481/4481/4481 4489/4489/4489 4480/4480/4480
f 4480/4480/4480 4489/4489/4489 4484/4484/4484
f 4489/4489/4489 4481/4481/4481 4487/4487/4487
f 4489/4489/4489 4490/4490/4490 4484/4484/4484
f 4484/4484/4484 4490/4490/4490 4486/4486/4486
f 4490/4490/4490 4489/4489/4489 4491/4491/4491
f 4491/4491/4491 4489/4489/4489 4487/4487/4487
f 4487/4487/4487 4488/4488/4488 4492/4492/4492
f 4488/4488/4488 4493/4493/4493 4492/4492/4492
f 4494/4494/4494 4492/4492/4492 4493/4493/4493
f 4487/4487/4487 4492/4492/4492 4495/4495/4495
f 4491/4491/4491 4487/4487/4487 4495/4495/4495
f 4494/4494/4494 4495/4495/4495 4492/4492/4492
f 4496/4496/4496 4490/4490/4490 4491/4491/4491
f 4486/4486/4486 4490/4490/4490 4496/4496/4496
f 4491/4491/4491 4495/4495/4495 4496/4496/4496
f 4497/4497/4497 4486/4486/4486 4496/4496/4496
f 4486/4486/4486 4497/4497/4497 4498/4498/4498
f 4495/4495/4495 4499/4499/4499 4496/4496/4496
f 4494/4494/4494 4499/4499/4499 4495/4495/4495
f 4496/4496/4496 4499/4499/4499 4497/4497/4497
f 4497/4497/4497 4500/4500/4500 4498/4498/4498
f 4501/4501/4501 4498/4498/4498 4500/4500/4500
f 4499/4499/4499 4502/4502/4502 4497/4497/4497
f 4494/4494/4494 4502/4502/4502 4499/4499/4499
f 4500/4500/4500 4497/4497/4497 4502/4502/4502
f 4502/4502/4502 4494/4494/4494 4503/4503/4503
f 4503/4503/4503 4500/4500/4500 4502/4502/4502
f 4494/4494/4494 4504/4504/4504 4503/4503/4503
f 4503/4503/4503 4504/4504/4504 4500/4500/4500
f 4505/4505/4505 4504/4504/4504 4494/4494/4494
f 4506/4506/4506 4501/4501/4501 4500/4500/4500
f 4504/4504/4504 4506/4506/4506 4500/4500/4500
f 4504/4504/4504 4505/4505/4505 4506/4506/4506
f 4507/4507/4507 4501/4501/4501 4506/4506/4506
f 4505/4505/4505 4508/4508/4508 4506/4506/4506
f 4508/4508/4508 4507/4507/4507 4506/4506/4506
f 4511/4511/4511 4510/4510/4510 4509/4509/4509
f 4510/4510/4510 4512/4512/4512 4509/4509/4509
f 4509/4509/4509 4512/4512/4512 4513/4513/4513
f 4512/4512/4512 4510/4510/4510 4514/4514/4514
f 4515/4515/4515 4512/4512/4512 4514/4514/4514
f 4512/4512/4512 4515/4515/4515 4516/4516/4516
f 4515/4515/4515 4517/4517/4517 4516/4516/4516
f 4516/4516/4516 4517/4517/4517 4518/4518/4518
f 4518/4518/4518 4517/4517/4517 4519/4519/4519
f 4520/4520/4520 4518/4518/4518 4519/4519/4519
f 4519/4519/4519 4517/4517/4517 4521/4521/4521
f 4520/4520/4520 4519/4519/4519 4521/4521/4521
f 4517/4517/4517 4515/4515/4515 4521/4521/4521
f 4522/4522/4522 4520/4520/4520 4521/4521/4521
f 4523/4523/4523 4522/4522/4522 4521/4521/4521
f 4521/4521/4521 4515/4515/4515 4524/4524/4524
f 4524/4524/4524 4523/4523/4523 4521/4521/4521
f 4515/4515/4515 4514/4514/4514 4524/4524/4524
f 4523/4523/4523 4524/4524/4524 4525/4525/4525
f 4524/4524/4524 4514/4514/4514 4525/4525/4525
f 4526/4526/4526 4523/4523/4523 4525/4525/4525
f 4527/4527/4527 4526/4526/4526 4525/4525/4525
f 4514/4514/4514 4528/4528/4528 4525/4525/4525
f 4529/4529/4529 4528/4528/4528 4514/4514/4514
f 4529/4529/4529 4530/4530/4530 4528/4528/4528
f 4530/4530/4530 4529/4529/4529 4531/4531/4531
f 4532/4532/4532 4530/4530/4530 4531/4531/4531
f 4532/4532/4532 4533/4533/4533 4530/4530/4530
f 4525/4525/4525 4528/4528/4528 4534/4534/4534
f 4530/4530/4530 4535/4535/4535 4528/4528/4528
f 4533/4533/4533 4536/4536/4536 4530/4530/4530
f 4530/4530/4530 4536/4536/4536 4535/4535/4535
f 4537/4537/4537 4525/4525/4525 4534/4534/4534
f 4537/4537/4537 4527/4527/4527 4525/4525/4525
f 4537/4537/4537 4534/4534/4534 4538/4538/4538
f 4534/4534/4534 4539/4539/4539 4538/4538/4538
f 4539/4539/4539 4540/4540/4540 4538/4538/4538
f 4541/4541/4541 4537/4537/4537 4538/4538/4538
f 4537/4537/4537 4541/4541/4541 4527/4527/4527
f 4538/4538/4538 4540/4540/4540 4542/4542/4542
f 4541/4541/4541 4538/4538/4538 4542/4542/4542
f 4540/4540/4540 4543/4543/4543 4542/4542/4542
f 4542/4542/4542 4543/4543/4543 4544/4544/4544
f 4543/4543/4543 4545/4545/4545 4544/4544/4544
f 4546/4546/4546 4541/4541/4541 4542/4542/4542
f 4546/4546/4546 4542/4542/4542 4544/4544/4544
f 4541/4541/4541 4547/4547/4547 4527/4527/4527
f 4541/4541/4541 4546/4546/4546 4547/4547/4547
f 4544/4544/4544 4545/4545/4545 4548/4548/4548
f 4545/4545/4545 4549/4549/4549 4548/4548/4548
f 4547/4547/4547 4550/4550/4550 4527/4527/4527
f 4550/4550/4550 4551/4551/4551 4527/4527/4527
f 4552/4552/4552 4550/4550/4550 4547/4547/4547
f 4553/4553/4553 4552/4552/4552 4547/4547/4547
f 4546/4546/4546 4553/4553/4553 4547/4547/4547
f 4554/4554/4554 4552/4552/4552 4553/4553/4553
f 4555/4555/4555 4546/4546/4546 4544/4544/4544
f 4546/4546/4546 4555/4555/4555 4553/4553/4553
f 4555/4555/4555 4544/4544/4544 4548/4548/4548
f 4556/4556/4556 4554/4554/4554 4553/4553/4553
f 4555/4555/4555 4556/4556/4556 4553/4553/4553
f 4557/4557/4557 4554/4554/4554 4556/4556/4556
f 4548/4548/4548 4549/4549/4549 4558/4558/4558
f 4549/4549/4549 4559/4559/4559 4558/4558/4558
f 4560/4560/4560 4555/4555/4555 4548/4548/4548
f 4555/4555/4555 4560/4560/4560 4556/4556/4556
f 4560/4560/4560 4548/4548/4548 4558/4558/4558
f 4561/4561/4561 4557/4557/4557 4556/4556/4556
f 4560/4560/4560 4561/4561/4561 4556/4556/4556
f 4562/4562/4562 4557/4557/4557 4561/4561/4561
f 4558/4558/4558 4559/4559/4559 4563/4563/4563
f 4559/4559/4559 4564/4564/4564 4563/4563/4563
f 4563/4563/4563 4564/4564/4564 4565/4565/4565
f 4566/4566/4566 4560/4560/4560 4558/4558/4558
f 4560/4560/4560 4566/4566/4566 4561/4561/4561
f 4566/4566/4566 4558/4558/4558 4563/4563/4563
f 4567/4567/4567 4562/4562/4562 4561/4561/4561
f 4566/4566/4566 4567/4567/4567 4561/4561/4561
f 4568/4568/4568 4562/4562/4562 4567/4567/4567
f 4569/4569/4569 4563/4563/4563 4565/4565/4565
f 4569/4569/4569 4566/4566/4566 4563/4563/4563
f 4566/4566/4566 4569/4569/4569 4567/4567/4567
f 4569/4569/4569 4565/4565/4565 4570/4570/4570
f 4569/4569/4569 4570/4570/4570 4567/4567/4567
f 4570/4570/4570 4568/4568/4568 4567/4567/4567
f 4571/4571/4571 4568/4568/4568 4570/4570/4570
f 4574/4574/4574 4573/4573/4573 4572/4572/4572
f 4575/4575/4575 4574/4574/4574 4572/4572/4572
f 4575/4575/4575 4572/4572/4572 4576/4576/4576
f 4574/4574/4574 4575/4575/4575 4577/4577/4577
f 4574/4574/4574 4577/4577/4577 4578/4578/4578
f 4579/4579/4579 4575/4575/4575 4576/4576/4576
f 4579/4579/4579 4576/4576/4576 4580/4580/4580
f 4577/4577/4577 4575/4575/4575 4581/4581/4581
f 4577/4577/4577 4581/4581/4581 4578/4578/4578
f 4575/4575/4575 4579/4579/4579 4581/4581/4581
f 4582/4582/4582 4579/4579/4579 4580/4580/4580
f 4581/4581/4581 4579/4579/4579 4582/4582/4582
f 4582/4582/4582 4580/4580/4580 4583/4583/4583
f 4581/4581/4581 4584/4584/4584 4578/4578/4578
f 4578/4578/4578 4584/4584/4584 4585/4585/4585
f 4584/4584/4584 4581/4581/4581 4586/4586/4586
f 4586/4586/4586 4581/4581/4581 4582/4582/4582
f 4584/4584/4584 4587/4587/4587 4585/4585/4585
f 4587/4587/4587 4584/4584/4584 4586/4586/4586
f 4588/4588/4588 4585/4585/4585 4587/4587/4587
f 4586/4586/4586 4582/4582/4582 4589/4589/4589
f 4582/4582/4582 4590/4590/4590 4589/4589/4589
f 4590/4590/4590 4582/4582/4582 4583/4583/4583
f 4589/4589/4589 4591/4591/4591 4586/4586/4586
f 4591/4591/4591 4587/4587/4587 4586/4586/4586
f 4587/4587/4587 4591/4591/4591 4588/4588/4588
f 4591/4591/4591 4592/4592/4592 4588/4588/4588
f 4592/4592/4592 4591/4591/4591 4589/4589/4589
f 4592/4592/4592 4593/4593/4593 4588/4588/4588
f 4590/4590/4590 4583/4583/4583 4594/4594/4594
f 4583/4583/4583 4595/4595/4595 4594/4594/4594
f 4595/4595/4595 4596/4596/4596 4594/4594/4594
f 4590/4590/4590 4597/4597/4597 4589/4589/4589
f 4597/4597/4597 4590/4590/4590 4594/4594/4594
f 4594/4594/4594 4596/4596/4596 4598/4598/4598
f 4596/4596/4596 4599/4599/4599 4598/4598/4598
f 4598/4598/4598 4600/4600/4600 4594/4594/4594
f 4600/4600/4600 4597/4597/4597 4594/4594/4594
f 4598/4598/4598 4599/4599/4599 4601/4601/4601
f 4600/4600/4600 4598/4598/4598 4601/4601/4601
f 4599/4599/4599 4602/4602/4602 4601/4601/4601
f 4601/4601/4601 4602/4602/4602 4603/4603/4603
f 4603/4603/4603 4604/4604/4604 4601/4601/4601
f 4604/4604/4604 4600/4600/4600 4601/4601/4601
f 4605/4605/4605 4604/4604/4604 4603/4603/4603
f 4600/4600/4600 4604/4604/4604 4606/4606/4606
f 4597/4597/4597 4600/4600/4600 4606/4606/4606
f 4604/4604/4604 4605/4605/4605 4606/4606/4606
f 4605/4605/4605 4607/4607/4607 4606/4606/4606
f 4608/4608/4608 4607/4607/4607 4605/4605/4605
f 4607/4607/4607 4609/4609/4609 4606/4606/4606
f 4610/4610/4610 4597/4597/4597 4606/4606/4606
f 4606/4606/4606 4609/4609/4609 4610/4610/4610
f 4609/4609/4609 4611/4611/4611 4610/4610/4610
f 4597/4597/4597 4610/4610/4610 4589/4589/4589
f 4610/4610/4610 4611/4611/4611 4589/4589/4589
f 4611/4611/4611 4612/4612/4612 4589/4589/4589
f 4589/4589/4589 4612/4612/4612 4613/4613/4613
f 4613/4613/4613 4592/4592/4592 4589/4589/4589
f 4612/4612/4612 4614/4614/4614 4613/4613/4613
f 4615/4615/4615 4592/4592/4592 4613/4613/4613
f 4592/4592/4592 4615/4615/4615 4593/4593/4593
f 4613/4613/4613 4614/4614/4614 4616/4616/4616
f 4616/4616/4616 4615/4615/4615 4613/4613/4613
f 4614/4614/4614 4617/4617/4617 4616/4616/4616
f 4616/4616/4616 4617/4617/4617 4618/4618/4618
f 4617/4617/4617 4619/4619/4619 4618/4618/4618
f 4620/4620/4620 4615/4615/4615 4616/4616/4616
f 4618/4618/4618 4620/4620/4620 4616/4616/4616
f 4615/4615/4615 4621/4621/4621 4593/4593/4593
f 4615/4615/4615 4620/4620/4620 4621/4621/4621
f 4618/4618/4618 4619/4619/4619 4622/4622/4622
f 4619/4619/4619 4623/4623/4623 4622/4622/4622
f 4622/4622/4622 4623/4623/4623 4624/4624/4624
f 4622/4622/4622 4625/4625/4625 4618/4618/4618
f 4625/4625/4625 4620/4620/4620 4618/4618/4618
f 4624/4624/4624 4625/4625/4625 4622/4622/4622
f 4621/4621/4621 4626/4626/4626 4593/4593/4593
f 4626/4626/4626 4627/4627/4627 4593/4593/4593
f 4628/4628/4628 4626/4626/4626 4621/4621/4621
f 4620/4620/4620 4629/4629/4629 4621/4621/4621
f 4629/4629/4629 4628/4628/4628 4621/4621/4621
f 4620/4620/4620 4625/4625/4625 4629/4629/4629
f 4630/4630/4630 4628/4628/4628 4629/4629/4629
f 4631/4631/4631 4625/4625/4625 4624/4624/4624
f 4625/4625/4625 4631/4631/4631 4629/4629/4629
f 4631/4631/4631 4630/4630/4630 4629/4629/4629
f 4624/4624/4624 4630/4630/4630 4631/4631/4631
f 4634/4634/4634 4633/4633/4633 4632/4632/4632
f 4633/4633/4633 4635/4635/4635 4632/4632/4632
f 4632/4632/4632 4635/4635/4635 4636/4636/4636
f 4635/4635/4635 4637/4637/4637 4636/4636/4636
f 4640/4640/4640 4639/4639/4639 4638/4638/4638
f 4641/4641/4641 4640/4640/4640 4638/4638/4638
f 4641/4641/4641 4638/4638/4638 4642/4642/4642
f 4638/4638/4638 4643/4643/4643 4642/4642/4642
f 4642/4642/4642 4643/4643/4643 4644/4644/4644
f 4640/4640/4640 4641/4641/4641 4645/4645/4645
f 4645/4645/4645 4641/4641/4641 4642/4642/4642
f 4646/4646/4646 4640/4640/4640 4645/4645/4645
f 4647/4647/4647 4642/4642/4642 4644/4644/4644
f 4644/4644/4644 4648/4648/4648 4647/4647/4647
f 4648/4648/4648 4649/4649/4649 4647/4647/4647
f 4650/4650/4650 4649/4649/4649 4648/4648/4648
f 4649/4649/4649 4651/4651/4651 4647/4647/4647
f 4647/4647/4647 4651/4651/4651 4642/4642/4642
f 4652/4652/4652 4646/4646/4646 4645/4645/4645
f 4652/4652/4652 4653/4653/4653 4646/4646/4646
f 4653/4653/4653 4652/4652/4652 4654/4654/4654
f 4652/4652/4652 4655/4655/4655 4654/4654/4654
f 4652/4652/4652 4656/4656/4656 4655/4655/4655
f 4656/4656/4656 4652/4652/4652 4645/4645/4645
f 4656/4656/4656 4657/4657/4657 4655/4655/4655
f 4658/4658/4658 4656/4656/4656 4645/4645/4645
f 4658/4658/4658 4645/4645/4645 4642/4642/4642
f 4656/4656/4656 4658/4658/4658 4657/4657/4657
f 4649/4649/4649 4659/4659/4659 4651/4651/4651
f 4659/4659/4659 4649/4649/4649 4660/4660/4660
f 4660/4660/4660 4661/4661/4661 4659/4659/4659
f 4659/4659/4659 4661/4661/4661 4662/4662/4662
f 4659/4659/4659 4662/4662/4662 4651/4651/4651
f 4661/4661/4661 4663/4663/4663 4662/4662/4662
f 4662/4662/4662 4663/4663/4663 4664/4664/4664
f 4651/4651/4651 4665/4665/4665 4642/4642/4642
f 4665/4665/4665 4651/4651/4651 4662/4662/4662
f 4642/4642/4642 4665/4665/4665 4658/4658/4658
f 4658/4658/4658 4666/4666/4666 4657/4657/4657
f 4667/4667/4667 4657/4657/4657 4666/4666/4666
f 4668/4668/4668 4665/4665/4665 4662/4662/4662
f 4668/4668/4668 4662/4662/4662 4664/4664/4664
f 4665/4665/4665 4669/4669/4669 4658/4658/4658
f 4658/4658/4658 4669/4669/4669 4666/4666/4666
f 4665/4665/4665 4668/4668/4668 4669/4669/4669
f 4670/4670/4670 4667/4667/4667 4666/4666/4666
f 4667/4667/4667 4670/4670/4670 4671/4671/4671
f 4672/4672/4672 4671/4671/4671 4670/4670/4670
f 4673/4673/4673 4670/4670/4670 4666/4666/4666
f 4673/4673/4673 4672/4672/4672 4670/4670/4670
f 4669/4669/4669 4673/4673/4673 4666/4666/4666
f 4664/4664/4664 4672/4672/4672 4673/4673/4673
f 4674/4674/4674 4673/4673/4673 4669/4669/4669
f 4668/4668/4668 4674/4674/4674 4669/4669/4669
f 4674/4674/4674 4664/4664/4664 4673/4673/4673
f 4674/4674/4674 4668/4668/4668 4675/4675/4675
f 4675/4675/4675 4664/4664/4664 4674/4674/4674
f 4675/4675/4675 4668/4668/4668 4664/4664/4664
f 4678/4678/4678 4677/4677/4677 4676/4676/4676
f 4679/4679/4679 4678/4678/4678 4676/4676/4676
f 4680/4680/4680 4679/4679/4679 4676/4676/4676
f 4681/4681/4681 4680/4680/4680 4676/4676/4676
f 4684/4684/4684 4683/4683/4683 4682/4682/4682
f 4685/4685/4685 4684/4684/4684 4682/4682/4682
f 4686/4686/4686 4684/4684/4684 4685/4685/4685
f 4687/4687/4687 4686/4686/4686 4685/4685/4685
f 4688/4688/4688 4686/4686/4686 4687/4687/4687
f 4689/4689/4689 4686/4686/4686 4688/4688/4688
f 4690/4690/4690 4689/4689/4689 4688/4688/4688
f 4693/4693/4693 4692/4692/4692 4691/4691/4691
f 4694/4694/4694 4693/4693/4693 4691/4691/4691
f 4695/4695/4695 4694/4694/4694 4691/4691/4691
f 4696/4696/4696 4695/4695/4695 4691/4691/4691
f 4699/4699/4699 4698/4698/4698 4697/4697/4697
f 4698/4698/4698 4700/4700/4700 4697/4697/4697
f 4700/4700/4700 4698/4698/4698 4701/4701/4701
f 4697/4697/4697 4700/4700/4700 4702/4702/4702
f 4703/4703/4703 4697/4697/4697 4702/4702/4702
f 4704/4704/4704 4703/4703/4703 4702/4702/4702
f 4705/4705/4705 4700/4700/4700 4701/4701/4701
f 4700/4700/4700 4706/4706/4706 4702/4702/4702
f 4706/4706/4706 4700/4700/4700 4705/4705/4705
f 4702/4702/4702 4706/4706/4706 4707/4707/4707
f 4708/4708/4708 4702/4702/4702 4707/4707/4707
f 4708/4708/4708 4704/4704/4704 4702/4702/4702
f 4704/4704/4704 4708/4708/4708 4709/4709/4709
f 4709/4709/4709 4708/4708/4708 4707/4707/4707
f 4710/4710/4710 4704/4704/4704 4709/4709/4709
f 4711/4711/4711 4709/4709/4709 4707/4707/4707
f 4711/4711/4711 4707/4707/4707 4712/4712/4712
f 4707/4707/4707 4713/4713/4713 4712/4712/4712
f 4714/4714/4714 4712/4712/4712 4713/4713/4713
f 4715/4715/4715 4714/4714/4714 4713/4713/4713
f 4715/4715/4715 4716/4716/4716 4714/4714/4714
f 4717/4717/4717 4713/4713/4713 4707/4707/4707
f 4717/4717/4717 4715/4715/4715 4713/4713/4713
f 4718/4718/4718 4707/4707/4707 4706/4706/4706
f 4718/4718/4718 4717/4717/4717 4707/4707/4707
f 4719/4719/4719 4715/4715/4715 4717/4717/4717
f 4715/4715/4715 4719/4719/4719 4720/4720/4720
f 4721/4721/4721 4720/4720/4720 4719/4719/4719
f 4722/4722/4722 4719/4719/4719 4717/4717/4717
f 4721/4721/4721 4719/4719/4719 4722/4722/4722
f 4717/4717/4717 4718/4718/4718 4722/4722/4722
f 4723/4723/4723 4721/4721/4721 4722/4722/4722
f 4723/4723/4723 4722/4722/4722 4724/4724/4724
f 4718/4718/4718 4725/4725/4725 4722/4722/4722
f 4722/4722/4722 4725/4725/4725 4724/4724/4724
f 4726/4726/4726 4718/4718/4718 4706/4706/4706
f 4725/4725/4725 4718/4718/4718 4726/4726/4726
f 4726/4726/4726 4706/4706/4706 4727/4727/4727
f 4727/4727/4727 4706/4706/4706 4705/4705/4705
f 4725/4725/4725 4728/4728/4728 4724/4724/4724
f 4725/4725/4725 4729/4729/4729 4728/4728/4728
f 4729/4729/4729 4725/4725/4725 4726/4726/4726
f 4724/4724/4724 4728/4728/4728 4729/4729/4729
f 4730/4730/4730 4729/4729/4729 4726/4726/4726
f 4724/4724/4724 4729/4729/4729 4730/4730/4730
f 4730/4730/4730 4726/4726/4726 4727/4727/4727
f 4731/4731/4731 4724/4724/4724 4730/4730/4730
f 4731/4731/4731 4730/4730/4730 4732/4732/4732
f 4732/4732/4732 4730/4730/4730 4727/4727/4727
f 4733/4733/4733 4731/4731/4731 4732/4732/4732
f 4732/4732/4732 4734/4734/4734 4733/4733/4733
f 4734/4734/4734 4732/4732/4732 4727/4727/4727
f 4705/4705/4705 4734/4734/4734 4727/4727/4727
f 4735/4735/4735 4734/4734/4734 4705/4705/4705
f 4705/4705/4705 4701/4701/4701 4735/4735/4735
f 4701/4701/4701 4736/4736/4736 4735/4735/4735
f 4736/4736/4736 4701/4701/4701 4737/4737/4737
f 4738/4738/4738 4736/4736/4736 4737/4737/4737
f 4741/4741/4741 4740/4740/4740 4739/4739/4739
f 4742/4742/4742 4741/4741/4741 4739/4739/4739
f 4745/4745/4745 4744/4744/4744 4743/4743/4743
f 4744/4744/4744 4746/4746/4746 4743/4743/4743
f 4747/4747/4747 4743/4743/4743 4746/4746/4746
f 4744/4744/4744 4748/4748/4748 4746/4746/4746
f 4749/4749/4749 4747/4747/4747 4746/4746/4746
f 4747/4747/4747 4749/4749/4749 4750/4750/4750
f 4749/4749/4749 4751/4751/4751 4750/4750/4750
f 4748/4748/4748 4752/4752/4752 4746/4746/4746
f 4748/4748/4748 4753/4753/4753 4752/4752/4752
f 4753/4753/4753 4754/4754/4754 4752/4752/4752
f 4754/4754/4754 4753/4753/4753 4755/4755/4755
f 4753/4753/4753 4756/4756/4756 4755/4755/4755
f 4755/4755/4755 4756/4756/4756 4757/4757/4757
f 4756/4756/4756 4758/4758/4758 4757/4757/4757
f 4757/4757/4757 4758/4758/4758 4759/4759/4759
f 4758/4758/4758 4760/4760/4760 4759/4759/4759
f 4759/4759/4759 4760/4760/4760 4761/4761/4761
f 4760/4760/4760 4762/4762/4762 4761/4761/4761
f 4761/4761/4761 4762/4762/4762 4763/4763/4763
f 4762/4762/4762 4764/4764/4764 4763/4763/4763
f 4763/4763/4763 4764/4764/4764 4765/4765/4765
f 4764/4764/4764 4766/4766/4766 4765/4765/4765
f 4765/4765/4765 4766/4766/4766 4767/4767/4767
f 4752/4752/4752 4768/4768/4768 4746/4746/4746
f 4768/4768/4768 4769/4769/4769 4746/4746/4746
f 4769/4769/4769 4768/4768/4768 4770/4770/4770
f 4768/4768/4768 4771/4771/4771 4770/4770/4770
f 4772/4772/4772 4768/4768/4768 4752/4752/4752
f 4768/4768/4768 4772/4772/4772 4771/4771/4771
f 4772/4772/4772 4773/4773/4773 4771/4771/4771
f 4774/4774/4774 4772/4772/4772 4752/4752/4752
f 4775/4775/4775 4773/4773/4773 4772/4772/4772
f 4776/4776/4776 4772/4772/4772 4774/4774/4774
f 4776/4776/4776 4775/4775/4775 4772/4772/4772
f 4777/4777/4777 4776/4776/4776 4774/4774/4774
f 4778/4778/4778 4775/4775/4775 4776/4776/4776
f 4779/4779/4779 4776/4776/4776 4777/4777/4777
f 4779/4779/4779 4778/4778/4778 4776/4776/4776
f 4780/4780/4780 4779/4779/4779 4777/4777/4777
f 4781/4781/4781 4778/4778/4778 4779/4779/4779
f 4782/4782/4782 4779/4779/4779 4780/4780/4780
f 4782/4782/4782 4781/4781/4781 4779/4779/4779
f 4783/4783/4783 4782/4782/4782 4780/4780/4780
f 4784/4784/4784 4781/4781/4781 4782/4782/4782
f 4785/4785/4785 4782/4782/4782 4783/4783/4783
f 4785/4785/4785 4784/4784/4784 4782/4782/4782
f 4786/4786/4786 4785/4785/4785 4783/4783/4783
f 4787/4787/4787 4784/4784/4784 4785/4785/4785
f 4787/4787/4787 4785/4785/4785 4786/4786/4786
f 4790/4790/4790 4789/4789/4789 4788/4788/4788
f 4791/4791/4791 4790/4790/4790 4788/4788/4788
f 4794/4794/4794 4793/4793/4793 4792/4792/4792
f 4794/4794/4794 4792/4792/4792 4795/4795/4795
f 4796/4796/4796 4794/4794/4794 4795/4795/4795
f 4796/4796/4796 4795/4795/4795 4797/4797/4797
f 4798/4798/4798 4796/4796/4796 4797/4797/4797
f 4798/4798/4798 4797/4797/4797 4799/4799/4799
f 4800/4800/4800 4798/4798/4798 4799/4799/4799
f 4801/4801/4801 4800/4800/4800 4799/4799/4799
f 4802/4802/4802 4800/4800/4800 4801/4801/4801
f 4803/4803/4803 4802/4802/4802 4801/4801/4801
f 4803/4803/4803 4801/4801/4801 4804/4804/4804
f 4805/4805/4805 4803/4803/4803 4804/4804/4804
f 4806/4806/4806 4803/4803/4803 4805/4805/4805
f 4807/4807/4807 4806/4806/4806 4805/4805/4805
f 4804/4804/4804 4801/4801/4801 4808/4808/4808
f 4801/4801/4801 4809/4809/4809 4808/4808/4808
f 4809/4809/4809 4810/4810/4810 4808/4808/4808
f 4810/4810/4810 4811/4811/4811 4808/4808/4808
f 4812/4812/4812 4811/4811/4811 4810/4810/4810
f 4813/4813/4813 4812/4812/4812 4810/4810/4810
f 4813/4813/4813 4814/4814/4814 4812/4812/4812
f 4817/4817/4817 4816/4816/4816 4815/4815/4815
f 4816/4816/4816 4818/4818/4818 4815/4815/4815
f 4818/4818/4818 4816/4816/4816 4819/4819/4819
f 4820/4820/4820 4818/4818/4818 4819/4819/4819
f 4820/4820/4820 4819/4819/4819 4821/4821/4821
f 4824/4824/4824 4823/4823/4823 4822/4822/4822
f 4823/4823/4823 4825/4825/4825 4822/4822/4822
f 4822/4822/4822 4825/4825/4825 4826/4826/4826
f 4825/4825/4825 4827/4827/4827 4826/4826/4826
f 4826/4826/4826 4827/4827/4827 4828/4828/4828
f 4829/4829/4829 4826/4826/4826 4828/4828/4828
f 4828/4828/4828 4830/4830/4830 4829/4829/4829
f 4833/4833/4833 4832/4832/4832 4831/4831/4831
f 4832/4832/4832 4834/4834/4834 4831/4831/4831
f 4834/4834/4834 4835/4835/4835 4831/4831/4831
f 4835/4835/4835 4834/4834/4834 4836/4836/4836
f 4835/4835/4835 4836/4836/4836 4837/4837/4837
f 4838/4838/4838 4835/4835/4835 4837/4837/4837
f 4837/4837/4837 4839/4839/4839 4838/4838/4838
f 4839/4839/4839 4840/4840/4840 4838/4838/4838
f 4839/4839/4839 4841/4841/4841 4840/4840/4840
f 4841/4841/4841 4842/4842/4842 4840/4840/4840
f 4843/4843/4843 4842/4842/4842 4841/4841/4841
f 4844/4844/4844 4843/4843/4843 4841/4841/4841
f 4841/4841/4841 4845/4845/4845 4844/4844/4844
f 4845/4845/4845 4846/4846/4846 4844/4844/4844
f 4845/4845/4845 4841/4841/4841 4847/4847/4847
f 4841/4841/4841 4839/4839/4839 4847/4847/4847
f 4847/4847/4847 4839/4839/4839 4848/4848/4848
f 4849/4849/4849 4847/4847/4847 4848/4848/4848
f 4849/4849/4849 4848/4848/4848 4850/4850/4850
f 4851/4851/4851 4849/4849/4849 4850/4850/4850
f 4850/4850/4850 4852/4852/4852 4851/4851/4851
f 4855/4855/4855 4854/4854/4854 4853/4853/4853
f 4856/4856/4856 4855/4855/4855 4853/4853/4853
f 4856/4856/4856 4857/4857/4857 4855/4855/4855
f 4857/4857/4857 4858/4858/4858 4855/4855/4855
f 4858/4858/4858 4857/4857/4857 4859/4859/4859
f 4860/4860/4860 4858/4858/4858 4859/4859/4859
f 4861/4861/4861 4860/4860/4860 4859/4859/4859
f 4864/4864/4864 4863/4863/4863 4862/4862/4862
f 4865/4865/4865 4864/4864/4864 4862/4862/4862
f 4862/4862/4862 4866/4866/4866 4865/4865/4865
f 4866/4866/4866 4867/4867/4867 4865/4865/4865
f 4867/4867/4867 4866/4866/4866 4868/4868/4868
f 4869/4869/4869 4867/4867/4867 4868/4868/4868
f 4868/4868/4868 4870/4870/4870 4869/4869/4869
f 4870/4870/4870 4871/4871/4871 4869/4869/4869
f 4872/4872/4872 4871/4871/4871 4870/4870/4870
f 4875/4875/4875 4874/4874/4874 4873/4873/4873
f 4876/4876/4876 4875/4875/4875 4873/4873/4873
f 4876/4876/4876 4873/4873/4873 4877/4877/4877
f 4875/4875/4875 4876/4876/4876 4878/4878/4878
f 4879/4879/4879 4876/4876/4876 4877/4877/4877
f 4877/4877/4877 4880/4880/4880 4879/4879/4879
f 4880/4880/4880 4881/4881/4881 4879/4879/4879
f 4882/4882/4882 4878/4878/4878 4876/4876/4876
f 4879/4879/4879 4882/4882/4882 4876/4876/4876
f 4882/4882/4882 4879/4879/4879 4881/4881/4881
f 4883/4883/4883 4878/4878/4878 4882/4882/4882
f 4881/4881/4881 4883/4883/4883 4882/4882/4882
f 4886/4886/4886 4885/4885/4885 4884/4884/4884
f 4885/4885/4885 4887/4887/4887 4884/4884/4884
f 4888/4888/4888 4887/4887/4887 4885/4885/4885
f 4889/4889/4889 4888/4888/4888 4885/4885/4885
f 4888/4888/4888 4889/4889/4889 4890/4890/4890
f 4891/4891/4891 4888/4888/4888 4890/4890/4890
f 4892/4892/4892 4891/4891/4891 4890/4890/4890
f 4893/4893/4893 4892/4892/4892 4890/4890/4890
f 4893/4893/4893 4894/4894/4894 4892/4892/4892
f 4894/4894/4894 4895/4895/4895 4892/4892/4892
f 4894/4894/4894 4896/4896/4896 4895/4895/4895
f 4896/4896/4896 4897/4897/4897 4895/4895/4895
f 4896/4896/4896 4898/4898/4898 4897/4897/4897
f 4901/4901/4901 4900/4900/4900 4899/4899/4899
f 4899/4899/4899 4900/4900/4900 4902/4902/4902
f 4900/4900/4900 4903/4903/4903 4902/4902/4902
f 4902/4902/4902 4904/4904/4904 4899/4899/4899
f 4904/4904/4904 4905/4905/4905 4899/4899/4899
f 4899/4899/4899 4905/4905/4905 4906/4906/4906
f 4907/4907/4907 4906/4906/4906 4905/4905/4905
f 4905/4905/4905 4904/4904/4904 4907/4907/4907
f 4907/4907/4907 4908/4908/4908 4906/4906/4906
f 4909/4909/4909 4908/4908/4908 4907/4907/4907
f 4910/4910/4910 4909/4909/4909 4907/4907/4907
f 4904/4904/4904 4910/4910/4910 4907/4907/4907
f 4911/4911/4911 4909/4909/4909 4910/4910/4910
f 4912/4912/4912 4911/4911/4911 4910/4910/4910
f 4913/4913/4913 4904/4904/4904 4902/4902/4902
f 4910/4910/4910 4904/4904/4904 4913/4913/4913
f 4912/4912/4912 4910/4910/4910 4913/4913/4913
f 4914/4914/4914 4913/4913/4913 4902/4902/4902
f 4913/4913/4913 4915/4915/4915 4912/4912/4912
f 4915/4915/4915 4916/4916/4916 4912/4912/4912
f 4915/4915/4915 4917/4917/4917 4916/4916/4916
f 4918/4918/4918 4915/4915/4915 4913/4913/4913
f 4914/4914/4914 4918/4918/4918 4913/4913/4913
f 4917/4917/4917 4915/4915/4915 4919/4919/4919
f 4918/4918/4918 4919/4919/4919 4915/4915/4915
f 4918/4918/4918 4914/4914/4914 4920/4920/4920
f 4921/4921/4921 4919/4919/4919 4918/4918/4918
f 4920/4920/4920 4921/4921/4921 4918/4918/4918
f 4914/4914/4914 4922/4922/4922 4920/4920/4920
f 4914/4914/4914 4923/4923/4923 4922/4922/4922
f 4924/4924/4924 4920/4920/4920 4922/4922/4922
f 4925/4925/4925 4924/4924/4924 4922/4922/4922
f 4924/4924/4924 4926/4926/4926 4920/4920/4920
f 4926/4926/4926 4921/4921/4921 4920/4920/4920
f 4925/4925/4925 4922/4922/4922 4927/4927/4927
f 4922/4922/4922 4928/4928/4928 4927/4927/4927
f 4923/4923/4923 4928/4928/4928 4922/4922/4922
f 4929/4929/4929 4927/4927/4927 4928/4928/4928
f 4930/4930/4930 4929/4929/4929 4928/4928/4928
f 4930/4930/4930 4928/4928/4928 4923/4923/4923
f 4929/4929/4929 4930/4930/4930 4931/4931/4931
f 4932/4932/4932 4930/4930/4930 4923/4923/4923
f 4931/4931/4931 4930/4930/4930 4932/4932/4932
f 4923/4923/4923 4933/4933/4933 4932/4932/4932
f 4933/4933/4933 4934/4934/4934 4932/4932/4932
f 4932/4932/4932 4934/4934/4934 4935/4935/4935
f 4935/4935/4935 4931/4931/4931 4932/4932/4932
f 4934/4934/4934 4936/4936/4936 4935/4935/4935
f 4931/4931/4931 4935/4935/4935 4937/4937/4937
f 4938/4938/4938 4931/4931/4931 4937/4937/4937
f 4935/4935/4935 4936/4936/4936 4939/4939/4939
f 4935/4935/4935 4939/4939/4939 4937/4937/4937
f 4936/4936/4936 4940/4940/4940 4939/4939/4939
f 4939/4939/4939 4940/4940/4940 4941/4941/4941
f 4937/4937/4937 4939/4939/4939 4941/4941/4941
f 4941/4941/4941 4942/4942/4942 4937/4937/4937
f 4942/4942/4942 4938/4938/4938 4937/4937/4937
f 4942/4942/4942 4943/4943/4943 4938/4938/4938
f 4943/4943/4943 4944/4944/4944 4938/4938/4938
f 4945/4945/4945 4943/4943/4943 4942/4942/4942
f 4948/4948/4948 4947/4947/4947 4946/4946/4946
f 4949/4949/4949 4948/4948/4948 4946/4946/4946
f 4950/4950/4950 4948/4948/4948 4949/4949/4949
f 4951/4951/4951 4950/4950/4950 4949/4949/4949
f 4952/4952/4952 4950/4950/4950 4951/4951/4951
f 4953/4953/4953 4952/4952/4952 4951/4951/4951
f 4954/4954/4954 4952/4952/4952 4953/4953/4953
f 4955/4955/4955 4954/4954/4954 4953/4953/4953
f 4956/4956/4956 4954/4954/4954 4955/4955/4955
f 4957/4957/4957 4956/4956/4956 4955/4955/4955
f 4958/4958/4958 4956/4956/4956 4957/4957/4957
f 4957/4957/4957 4955/4955/4955 4959/4959/4959
f 4960/4960/4960 4957/4957/4957 4959/4959/4959
f 4955/4955/4955 4953/4953/4953 4961/4961/4961
f 4955/4955/4955 4961/4961/4961 4959/4959/4959
f 4962/4962/4962 4960/4960/4960 4959/4959/4959
f 4962/4962/4962 4959/4959/4959 4961/4961/4961
f 4962/4962/4962 4963/4963/4963 4960/4960/4960
f 4964/4964/4964 4963/4963/4963 4962/4962/4962
f 4965/4965/4965 4964/4964/4964 4962/4962/4962
f 4965/4965/4965 4962/4962/4962 4961/4961/4961
f 4966/4966/4966 4964/4964/4964 4965/4965/4965
f 4953/4953/4953 4967/4967/4967 4961/4961/4961
f 4965/4965/4965 4961/4961/4961 4967/4967/4967
f 4953/4953/4953 4951/4951/4951 4967/4967/4967
f 4968/4968/4968 4966/4966/4966 4965/4965/4965
f 4968/4968/4968 4965/4965/4965 4967/4967/4967
f 4969/4969/4969 4966/4966/4966 4968/4968/4968
f 4951/4951/4951 4970/4970/4970 4967/4967/4967
f 4968/4968/4968 4967/4967/4967 4970/4970/4970
f 4951/4951/4951 4949/4949/4949 4970/4970/4970
f 4971/4971/4971 4969/4969/4969 4968/4968/4968
f 4971/4971/4971 4968/4968/4968 4970/4970/4970
f 4972/4972/4972 4969/4969/4969 4971/4971/4971
f 4949/4949/4949 4973/4973/4973 4970/4970/4970
f 4971/4971/4971 4970/4970/4970 4973/4973/4973
f 4949/4949/4949 4946/4946/4946 4973/4973/4973
f 4974/4974/4974 4972/4972/4972 4971/4971/4971
f 4974/4974/4974 4971/4971/4971 4973/4973/4973
f 4975/4975/4975 4972/4972/4972 4974/4974/4974
f 4946/4946/4946 4976/4976/4976 4973/4973/4973
f 4974/4974/4974 4973/4973/4973 4976/4976/4976
f 4977/4977/4977 4976/4976/4976 4946/4946/4946
f 4976/4976/4976 4977/4977/4977 4978/4978/4978
f 4979/4979/4979 4975/4975/4975 4974/4974/4974
f 4979/4979/4979 4974/4974/4974 4976/4976/4976
f 4979/4979/4979 4976/4976/4976 4978/4978/4978
f 4980/4980/4980 4975/4975/4975 4979/4979/4979
f 4978/4978/4978 4980/4980/4980 4979/4979/4979
f 4983/4983/4983 4982/4982/4982 4981/4981/4981
f 4984/4984/4984 4983/4983/4983 4981/4981/4981
f 4985/4985/4985 4983/4983/4983 4984/4984/4984
f 4986/4986/4986 4985/4985/4985 4984/4984/4984
f 4987/4987/4987 4985/4985/4985 4986/4986/4986
f 4988/4988/4988 4987/4987/4987 4986/4986/4986
f 4988/4988/4988 4986/4986/4986 4989/4989/4989
f 4990/4990/4990 4989/4989/4989 4986/4986/4986
f 4984/4984/4984 4990/4990/4990 4986/4986/4986
f 4984/4984/4984 4981/4981/4981 4990/4990/4990
f 4981/4981/4981 4991/4991/4991 4990/4990/4990
f 4981/4981/4981 4992/4992/4992 4991/4991/4991
f 4992/4992/4992 4926/4926/4926 4991/4991/4991
f 4992/4992/4992 4993/4993/4993 4926/4926/4926
f 4993/4993/4993 4994/4994/4994 4926/4926/4926
f 4926/4926/4926 4994/4994/4994 4921/4921/4921
f 4994/4994/4994 4995/4995/4995 4921/4921/4921
f 4921/4921/4921 4995/4995/4995 4919/4919/4919
f 4992/4992/4992 4996/4996/4996 4993/4993/4993
f 4996/4996/4996 4992/4992/4992 4997/4997/4997
f 4992/4992/4992 4998/4998/4998 4997/4997/4997
f 4998/4998/4998 4999/4999/4999 4997/4997/4997
f 5000/5000/5000 4997/4997/4997 4999/4999/4999
f 5001/5001/5001 4999/4999/4999 4998/4998/4998
f 4998/4998/4998 5002/5002/5002 5001/5001/5001
f 5002/5002/5002 5003/5003/5003 5001/5001/5001
f 5001/5001/5001 5003/5003/5003 5004/5004/5004
f 5001/5001/5001 5004/5004/5004 4999/4999/4999
f 5003/5003/5003 5005/5005/5005 5004/5004/5004
f 5004/5004/5004 5005/5005/5005 5006/5006/5006
f 5005/5005/5005 5007/5007/5007 5006/5006/5006
f 5006/5006/5006 5007/5007/5007 5008/5008/5008
f 5008/5008/5008 5009/5009/5009 5006/5006/5006
f 5006/5006/5006 5009/5009/5009 5004/5004/5004
f 5008/5008/5008 5010/5010/5010 5009/5009/5009
f 5009/5009/5009 5011/5011/5011 5004/5004/5004
f 5004/5004/5004 5011/5011/5011 4999/4999/4999
f 5011/5011/5011 5009/5009/5009 5010/5010/5010
f 4999/4999/4999 5011/5011/5011 5012/5012/5012
f 5000/5000/5000 4999/4999/4999 5012/5012/5012
f 5012/5012/5012 5011/5011/5011 5010/5010/5010
f 5012/5012/5012 5013/5013/5013 5000/5000/5000
f 5013/5013/5013 5014/5014/5014 5000/5000/5000
f 5015/5015/5015 5013/5013/5013 5012/5012/5012
f 5010/5010/5010 5015/5015/5015 5012/5012/5012
f 5016/5016/5016 5015/5015/5015 5010/5010/5010
f 5019/5019/5019 5018/5018/5018 5017/5017/5017
f 5020/5020/5020 5019/5019/5019 5017/5017/5017
f 5021/5021/5021 5019/5019/5019 5020/5020/5020
f 5017/5017/5017 5022/5022/5022 5020/5020/5020
f 5017/5017/5017 5023/5023/5023 5022/5022/5022
f 5024/5024/5024 5021/5021/5021 5020/5020/5020
f 5022/5022/5022 5024/5024/5024 5020/5020/5020
f 5023/5023/5023 5025/5025/5025 5022/5022/5022
f 5023/5023/5023 4917/4917/4917 5025/5025/5025
f 5024/5024/5024 5026/5026/5026 5021/5021/5021
f 5026/5026/5026 5027/5027/5027 5021/5021/5021
f 5028/5028/5028 5027/5027/5027 5026/5026/5026
f 5024/5024/5024 5022/5022/5022 5029/5029/5029
f 5026/5026/5026 5024/5024/5024 5029/5029/5029
f 5029/5029/5029 5028/5028/5028 5026/5026/5026
f 5022/5022/5022 5025/5025/5025 5029/5029/5029
f 5030/5030/5030 5028/5028/5028 5029/5029/5029
f 5031/5031/5031 5030/5030/5030 5029/5029/5029
f 5025/5025/5025 5031/5031/5031 5029/5029/5029
f 5025/5025/5025 5032/5032/5032 5031/5031/5031
f 5025/5025/5025 4917/4917/4917 5032/5032/5032
f 4917/4917/4917 5033/5033/5033 5032/5032/5032
f 4917/4917/4917 4919/4919/4919 5033/5033/5033
f 4919/4919/4919 5034/5034/5034 5033/5033/5033
f 4995/4995/4995 5034/5034/5034 4919/4919/4919
f 5035/5035/5035 5034/5034/5034 4995/4995/4995
f 5036/5036/5036 5033/5033/5033 5034/5034/5034
f 5035/5035/5035 5036/5036/5036 5034/5034/5034
f 5037/5037/5037 5035/5035/5035 4995/4995/4995
f 4995/4995/4995 4994/4994/4994 5037/5037/5037
f 4994/4994/4994 5038/5038/5038 5037/5037/5037
f 5038/5038/5038 4994/4994/4994 4993/4993/4993
f 5035/5035/5035 5037/5037/5037 5039/5039/5039
f 5037/5037/5037 5038/5038/5038 5039/5039/5039
f 5040/5040/5040 5035/5035/5035 5039/5039/5039
f 5035/5035/5035 5040/5040/5040 5036/5036/5036
f 5041/5041/5041 5039/5039/5039 5038/5038/5038
f 5042/5042/5042 5036/5036/5036 5040/5040/5040
f 5036/5036/5036 5042/5042/5042 5033/5033/5033
f 5042/5042/5042 5040/5040/5040 5043/5043/5043
f 5043/5043/5043 5044/5044/5044 5042/5042/5042
f 5042/5042/5042 5045/5045/5045 5033/5033/5033
f 5042/5042/5042 5044/5044/5044 5045/5045/5045
f 5033/5033/5033 5045/5045/5045 5032/5032/5032
f 5045/5045/5045 5044/5044/5044 5032/5032/5032
f 5044/5044/5044 5046/5046/5046 5032/5032/5032
f 5047/5047/5047 5032/5032/5032 5046/5046/5046
f 5048/5048/5048 5047/5047/5047 5046/5046/5046
f 5038/5038/5038 5049/5049/5049 5041/5041/5041
f 5049/5049/5049 5038/5038/5038 4993/4993/4993
f 5041/5041/5041 5049/5049/5049 5050/5050/5050
f 5049/5049/5049 4993/4993/4993 5050/5050/5050
f 5051/5051/5051 5041/5041/5041 5050/5050/5050
f 5052/5052/5052 5051/5051/5051 5050/5050/5050
f 5047/5047/5047 5048/5048/5048 5053/5053/5053
f 5048/5048/5048 5054/5054/5054 5053/5053/5053
f 5053/5053/5053 5054/5054/5054 5055/5055/5055
f 5055/5055/5055 5056/5056/5056 5053/5053/5053
f 5056/5056/5056 5057/5057/5057 5053/5053/5053
f 5053/5053/5053 5057/5057/5057 5047/5047/5047
f 5057/5057/5057 5058/5058/5058 5047/5047/5047
f 4993/4993/4993 5059/5059/5059 5050/5050/5050
f 4996/4996/4996 5059/5059/5059 4993/4993/4993
f 5052/5052/5052 5050/5050/5050 5060/5060/5060
f 5060/5060/5060 5050/5050/5050 5059/5059/5059
f 5061/5061/5061 5052/5052/5052 5060/5060/5060
f 4996/4996/4996 5062/5062/5062 5059/5059/5059
f 5059/5059/5059 5062/5062/5062 5060/5060/5060
f 4996/4996/4996 5063/5063/5063 5062/5062/5062
f 5060/5060/5060 5064/5064/5064 5061/5061/5061
f 5060/5060/5060 5062/5062/5062 5064/5064/5064
f 5064/5064/5064 5065/5065/5065 5061/5061/5061
f 5063/5063/5063 5066/5066/5066 5062/5062/5062
f 5062/5062/5062 5066/5066/5066 5064/5064/5064
f 5066/5066/5066 5063/5063/5063 5067/5067/5067
f 5065/5065/5065 5064/5064/5064 5068/5068/5068
f 5066/5066/5066 5068/5068/5068 5064/5064/5064
f 5069/5069/5069 5065/5065/5065 5068/5068/5068
f 5070/5070/5070 5068/5068/5068 5066/5066/5066
f 5068/5068/5068 5070/5070/5070 5069/5069/5069
f 5067/5067/5067 5070/5070/5070 5066/5066/5066
f 5071/5071/5071 5069/5069/5069 5070/5070/5070
f 5067/5067/5067 5071/5071/5071 5070/5070/5070
f 5067/5067/5067 5072/5072/5072 5071/5071/5071
f 5072/5072/5072 5073/5073/5073 5071/5071/5071
f 5076/5076/5076 5075/5075/5075 5074/5074/5074
f 5074/5074/5074 5075/5075/5075 5077/5077/5077
f 5075/5075/5075 5078/5078/5078 5077/5077/5077
f 5079/5079/5079 5074/5074/5074 5077/5077/5077
f 5079/5079/5079 5080/5080/5080 5074/5074/5074
f 5077/5077/5077 5078/5078/5078 5081/5081/5081
f 5078/5078/5078 5082/5082/5082 5081/5081/5081
f 5083/5083/5083 5080/5080/5080 5079/5079/5079
f 5083/5083/5083 5084/5084/5084 5080/5080/5080
f 5085/5085/5085 5084/5084/5084 5083/5083/5083
f 5086/5086/5086 5079/5079/5079 5077/5077/5077
f 5083/5083/5083 5079/5079/5079 5086/5086/5086
f 5086/5086/5086 5077/5077/5077 5081/5081/5081
f 5087/5087/5087 5085/5085/5085 5083/5083/5083
f 5087/5087/5087 5083/5083/5083 5086/5086/5086
f 5088/5088/5088 5085/5085/5085 5087/5087/5087
f 5081/5081/5081 5082/5082/5082 5089/5089/5089
f 5082/5082/5082 5090/5090/5090 5089/5089/5089
f 5091/5091/5091 5086/5086/5086 5081/5081/5081
f 5087/5087/5087 5086/5086/5086 5091/5091/5091
f 5091/5091/5091 5081/5081/5081 5089/5089/5089
f 5092/5092/5092 5088/5088/5088 5087/5087/5087
f 5092/5092/5092 5087/5087/5087 5091/5091/5091
f 5093/5093/5093 5088/5088/5088 5092/5092/5092
f 4533/4533/4533 5093/5093/5093 5092/5092/5092
f 4533/4533/4533 5092/5092/5092 4536/4536/4536
f 5092/5092/5092 5091/5091/5091 4536/4536/4536
f 4536/4536/4536 5091/5091/5091 5089/5089/5089
f 4536/4536/4536 5089/5089/5089 4535/4535/4535
f 5089/5089/5089 5090/5090/5090 4535/4535/4535
f 5090/5090/5090 5094/5094/5094 4535/4535/4535
f 2080/2080/2080 5095/5095/5095 2062/2062/2062
f 5096/5096/5096 2080/2080/2080 2062/2062/2062
f 5099/5099/5099 5098/5098/5098 5097/5097/5097
f 5098/5098/5098 2534/2534/2534 5097/5097/5097
f 5098/5098/5098 5101/5101/5101 5100/5100/5100
f 2535/2535/2535 5098/5098/5098 5100/5100/5100
f 5104/5104/5104 5103/5103/5103 5102/5102/5102
f 5103/5103/5103 5105/5105/5105 5102/5102/5102
f 5107/5107/5107 5102/5102/5102 5106/5106/5106
f 5107/5107/5107 5106/5106/5106 5108/5108/5108
f 5109/5109/5109 5107/5107/5107 5108/5108/5108
f 5109/5109/5109 5108/5108/5108 5110/5110/5110
f 5107/5107/5107 5109/5109/5109 5111/5111/5111
f 5112/5112/5112 5107/5107/5107 5111/5111/5111
f 5111/5111/5111 5113/5113/5113 5112/5112/5112
f 5113/5113/5113 5114/5114/5114 5112/5112/5112
f 5115/5115/5115 5111/5111/5111 5109/5109/5109
f 5115/5115/5115 5113/5113/5113 5111/5111/5111
f 5116/5116/5116 5109/5109/5109 5110/5110/5110
f 5110/5110/5110 5117/5117/5117 5116/5116/5116
f 5114/5114/5114 5113/5113/5113 5118/5118/5118
f 5119/5119/5119 5114/5114/5114 5118/5118/5118
f 5116/5116/5116 5120/5120/5120 5109/5109/5109
f 5120/5120/5120 5121/5121/5121 5109/5109/5109
f 5122/5122/5122 5120/5120/5120 5116/5116/5116
f 5120/5120/5120 5122/5122/5122 5123/5123/5123
f 5123/5123/5123 5121/5121/5121 5120/5120/5120
f 5113/5113/5113 5121/5121/5121 5123/5123/5123
f 5117/5117/5117 5124/5124/5124 5116/5116/5116
f 5124/5124/5124 5125/5125/5125 5116/5116/5116
f 5124/5124/5124 5117/5117/5117 5126/5126/5126
f 5127/5127/5127 5125/5125/5125 5124/5124/5124
f 5123/5123/5123 5125/5125/5125 5127/5127/5127
f 5127/5127/5127 5124/5124/5124 5126/5126/5126
f 5128/5128/5128 5113/5113/5113 5123/5123/5123
f 5128/5128/5128 5123/5123/5123 5127/5127/5127
f 5129/5129/5129 5127/5127/5127 5126/5126/5126
f 5126/5126/5126 5130/5130/5130 5129/5129/5129
f 5131/5131/5131 5130/5130/5130 5126/5126/5126
f 5130/5130/5130 5131/5131/5131 5132/5132/5132
f 5133/5133/5133 5130/5130/5130 5132/5132/5132
f 5128/5128/5128 5134/5134/5134 5113/5113/5113
f 5134/5134/5134 5118/5118/5118 5113/5113/5113
f 5135/5135/5135 5128/5128/5128 5127/5127/5127
f 5136/5136/5136 5135/5135/5135 5127/5127/5127
f 5136/5136/5136 5130/5130/5130 5135/5135/5135
f 5135/5135/5135 5137/5137/5137 5128/5128/5128
f 5130/5130/5130 5137/5137/5137 5135/5135/5135
f 5128/5128/5128 5138/5138/5138 5134/5134/5134
f 5139/5139/5139 5137/5137/5137 5130/5130/5130
f 5134/5134/5134 5138/5138/5138 5139/5139/5139
f 5130/5130/5130 5133/5133/5133 5139/5139/5139
f 5118/5118/5118 5134/5134/5134 5140/5140/5140
f 5134/5134/5134 5139/5139/5139 5140/5140/5140
f 5140/5140/5140 5119/5119/5119 5118/5118/5118
f 5140/5140/5140 5141/5141/5141 5119/5119/5119
f 5141/5141/5141 5142/5142/5142 5119/5119/5119
f 5141/5141/5141 5140/5140/5140 5143/5143/5143
f 5144/5144/5144 5141/5141/5141 5143/5143/5143
f 5145/5145/5145 5144/5144/5144 5143/5143/5143
f 5145/5145/5145 5143/5143/5143 5146/5146/5146
f 5146/5146/5146 5143/5143/5143 5140/5140/5140
f 5146/5146/5146 5140/5140/5140 5139/5139/5139
f 5147/5147/5147 5146/5146/5146 5139/5139/5139
f 5139/5139/5139 5133/5133/5133 5147/5147/5147
f 5133/5133/5133 5148/5148/5148 5147/5147/5147
f 5133/5133/5133 5149/5149/5149 5148/5148/5148
f 5152/5152/5152 5151/5151/5151 5150/5150/5150
f 5153/5153/5153 5152/5152/5152 5150/5150/5150
f 5156/5156/5156 5155/5155/5155 5154/5154/5154
f 5156/5156/5156 5157/5157/5157 5155/5155/5155
f 5160/5160/5160 5159/5159/5159 5158/5158/5158
f 5161/5161/5161 5159/5159/5159 5160/5160/5160
f 5164/5164/5164 5163/5163/5163 5162/5162/5162
f 5163/5163/5163 5165/5165/5165 5162/5162/5162
f 5168/5168/5168 5167/5167/5167 5166/5166/5166
f 5168/5168/5168 5169/5169/5169 5167/5167/5167
f 5172/5172/5172 5171/5171/5171 5170/5170/5170
f 5173/5173/5173 5172/5172/5172 5170/5170/5170
f 5176/5176/5176 5175/5175/5175 5174/5174/5174
f 5177/5177/5177 5176/5176/5176 5174/5174/5174
f 5179/5179/5179 5178/5178/5178 5174/5174/5174
f 5178/5178/5178 5179/5179/5179 5180/5180/5180
f 5179/5179/5179 5181/5181/5181 5180/5180/5180
f 5180/5180/5180 5181/5181/5181 5182/5182/5182
f 5183/5183/5183 5181/5181/5181 5179/5179/5179
f 5184/5184/5184 5183/5183/5183 5179/5179/5179
f 5185/5185/5185 5183/5183/5183 5184/5184/5184
f 5186/5186/5186 5185/5185/5185 5184/5184/5184
f 5183/5183/5183 5187/5187/5187 5181/5181/5181
f 5185/5185/5185 5187/5187/5187 5183/5183/5183
f 5188/5188/5188 5185/5185/5185 5186/5186/5186
f 5189/5189/5189 5188/5188/5188 5186/5186/5186
f 5181/5181/5181 5190/5190/5190 5182/5182/5182
f 5182/5182/5182 5190/5190/5190 5191/5191/5191
f 5192/5192/5192 5182/5182/5182 5191/5191/5191
f 5192/5192/5192 5191/5191/5191 5193/5193/5193
f 5194/5194/5194 5190/5190/5190 5181/5181/5181
f 5195/5195/5195 5194/5194/5194 5181/5181/5181
f 5190/5190/5190 5194/5194/5194 5196/5196/5196
f 5197/5197/5197 5196/5196/5196 5194/5194/5194
f 5195/5195/5195 5197/5197/5197 5194/5194/5194
f 5195/5195/5195 5185/5185/5185 5197/5197/5197
f 5198/5198/5198 5191/5191/5191 5190/5190/5190
f 5198/5198/5198 5199/5199/5199 5191/5191/5191
f 5198/5198/5198 5197/5197/5197 5199/5199/5199
f 5191/5191/5191 5199/5199/5199 5193/5193/5193
f 5185/5185/5185 5200/5200/5200 5197/5197/5197
f 5197/5197/5197 5200/5200/5200 5199/5199/5199
f 5199/5199/5199 5201/5201/5201 5193/5193/5193
f 5202/5202/5202 5193/5193/5193 5201/5201/5201
f 5202/5202/5202 5203/5203/5203 5193/5193/5193
f 5204/5204/5204 5203/5203/5203 5202/5202/5202
f 5205/5205/5205 5204/5204/5204 5202/5202/5202
f 5200/5200/5200 5185/5185/5185 5206/5206/5206
f 5185/5185/5185 5188/5188/5188 5206/5206/5206
f 5200/5200/5200 5207/5207/5207 5199/5199/5199
f 5207/5207/5207 5208/5208/5208 5199/5199/5199
f 5202/5202/5202 5208/5208/5208 5207/5207/5207
f 5209/5209/5209 5207/5207/5207 5200/5200/5200
f 5209/5209/5209 5202/5202/5202 5207/5207/5207
f 5210/5210/5210 5200/5200/5200 5206/5206/5206
f 5209/5209/5209 5211/5211/5211 5202/5202/5202
f 5210/5210/5210 5206/5206/5206 5211/5211/5211
f 5205/5205/5205 5202/5202/5202 5211/5211/5211
f 5188/5188/5188 5212/5212/5212 5206/5206/5206
f 5212/5212/5212 5211/5211/5211 5206/5206/5206
f 5189/5189/5189 5212/5212/5212 5188/5188/5188
f 5213/5213/5213 5212/5212/5212 5189/5189/5189
f 5214/5214/5214 5213/5213/5213 5189/5189/5189
f 5212/5212/5212 5213/5213/5213 5215/5215/5215
f 5213/5213/5213 5216/5216/5216 5215/5215/5215
f 5216/5216/5216 5217/5217/5217 5215/5215/5215
f 5215/5215/5215 5217/5217/5217 5218/5218/5218
f 5215/5215/5215 5218/5218/5218 5212/5212/5212
f 5212/5212/5212 5218/5218/5218 5211/5211/5211
f 5218/5218/5218 5219/5219/5219 5211/5211/5211
f 5205/5205/5205 5211/5211/5211 5219/5219/5219
f 5220/5220/5220 5205/5205/5205 5219/5219/5219
f 5221/5221/5221 5205/5205/5205 5220/5220/5220
f 5224/5224/5224 5223/5223/5223 5222/5222/5222
f 5225/5225/5225 5223/5223/5223 5224/5224/5224
f 5228/5228/5228 5227/5227/5227 5226/5226/5226
f 5227/5227/5227 5229/5229/5229 5226/5226/5226
f 5232/5232/5232 5231/5231/5231 5230/5230/5230
f 5233/5233/5233 5232/5232/5232 5230/5230/5230
f 5236/5236/5236 5235/5235/5235 5234/5234/5234
f 5237/5237/5237 5235/5235/5235 5236/5236/5236
f 5240/5240/5240 5239/5239/5239 5238/5238/5238
f 5240/5240/5240 5238/5238/5238 5241/5241/5241
f 5239/5239/5239 5242/5242/5242 5238/5238/5238
f 5242/5242/5242 5239/5239/5239 5243/5243/5243
f 5239/5239/5239 5244/5244/5244 5243/5243/5243
f 5238/5238/5238 5242/5242/5242 5245/5245/5245
f 5243/5243/5243 5245/5245/5245 5242/5242/5242
f 5243/5243/5243 5244/5244/5244 5246/5246/5246
f 5246/5246/5246 5245/5245/5245 5243/5243/5243
f 5238/5238/5238 5245/5245/5245 5247/5247/5247
f 5238/5238/5238 5247/5247/5247 5241/5241/5241
f 5245/5245/5245 5248/5248/5248 5247/5247/5247
f 5241/5241/5241 5247/5247/5247 5248/5248/5248
f 5244/5244/5244 5249/5249/5249 5246/5246/5246
f 5250/5250/5250 5241/5241/5241 5248/5248/5248
f 5246/5246/5246 5249/5249/5249 5251/5251/5251
f 5251/5251/5251 5245/5245/5245 5246/5246/5246
f 5249/5249/5249 5252/5252/5252 5251/5251/5251
f 5250/5250/5250 5248/5248/5248 5253/5253/5253
f 5245/5245/5245 5253/5253/5253 5248/5248/5248
f 5254/5254/5254 5250/5250/5250 5253/5253/5253
f 5251/5251/5251 5252/5252/5252 5255/5255/5255
f 5255/5255/5255 5245/5245/5245 5251/5251/5251
f 5252/5252/5252 5256/5256/5256 5255/5255/5255
f 5255/5255/5255 5256/5256/5256 5257/5257/5257
f 5254/5254/5254 5253/5253/5253 5258/5258/5258
f 5245/5245/5245 5258/5258/5258 5253/5253/5253
f 5259/5259/5259 5254/5254/5254 5258/5258/5258
f 5259/5259/5259 5258/5258/5258 5260/5260/5260
f 5258/5258/5258 5261/5261/5261 5260/5260/5260
f 5257/5257/5257 5260/5260/5260 5261/5261/5261
f 5258/5258/5258 5245/5245/5245 5261/5261/5261
f 5262/5262/5262 5245/5245/5245 5255/5255/5255
f 5262/5262/5262 5255/5255/5255 5257/5257/5257
f 5262/5262/5262 5257/5257/5257 5261/5261/5261
f 5261/5261/5261 5245/5245/5245 5262/5262/5262
f 5265/5265/5265 5264/5264/5264 5263/5263/5263
f 5263/5263/5263 5264/5264/5264 5266/5266/5266
f 5267/5267/5267 5265/5265/5265 5263/5263/5263
f 5268/5268/5268 5265/5265/5265 5267/5267/5267
f 5269/5269/5269 5268/5268/5268 5267/5267/5267
f 5270/5270/5270 5268/5268/5268 5269/5269/5269
f 5271/5271/5271 5267/5267/5267 5263/5263/5263
f 5267/5267/5267 5271/5271/5271 5269/5269/5269
f 5272/5272/5272 5270/5270/5270 5269/5269/5269
f 5269/5269/5269 5271/5271/5271 5272/5272/5272
f 5273/5273/5273 5271/5271/5271 5263/5263/5263
f 5273/5273/5273 5263/5263/5263 5266/5266/5266
f 5274/5274/5274 5271/5271/5271 5273/5273/5273
f 5273/5273/5273 5266/5266/5266 5274/5274/5274
f 5266/5266/5266 5275/5275/5275 5274/5274/5274
f 5276/5276/5276 5270/5270/5270 5272/5272/5272
f 5277/5277/5277 5274/5274/5274 5275/5275/5275
f 5277/5277/5277 5271/5271/5271 5274/5274/5274
f 5278/5278/5278 5277/5277/5277 5275/5275/5275
f 5278/5278/5278 5279/5279/5279 5277/5277/5277
f 5279/5279/5279 5280/5280/5280 5277/5277/5277
f 5271/5271/5271 5277/5277/5277 5280/5280/5280
f 5279/5279/5279 5281/5281/5281 5280/5280/5280
f 5281/5281/5281 5282/5282/5282 5280/5280/5280
f 5282/5282/5282 5271/5271/5271 5280/5280/5280
f 5281/5281/5281 5283/5283/5283 5282/5282/5282
f 5284/5284/5284 5276/5276/5276 5272/5272/5272
f 5272/5272/5272 5271/5271/5271 5284/5284/5284
f 5276/5276/5276 5284/5284/5284 5285/5285/5285
f 5285/5285/5285 5284/5284/5284 5271/5271/5271
f 5286/5286/5286 5276/5276/5276 5285/5285/5285
f 5286/5286/5286 5285/5285/5285 5283/5283/5283
f 5283/5283/5283 5287/5287/5287 5282/5282/5282
f 5287/5287/5287 5271/5271/5271 5282/5282/5282
f 5285/5285/5285 5287/5287/5287 5283/5283/5283
f 5285/5285/5285 5271/5271/5271 5287/5287/5287
f 5290/5290/5290 5289/5289/5289 5288/5288/5288
f 5289/5289/5289 5291/5291/5291 5288/5288/5288
f 5289/5289/5289 5290/5290/5290 5292/5292/5292
f 5291/5291/5291 5289/5289/5289 5292/5292/5292
f 5295/5295/5295 5294/5294/5294 5293/5293/5293
f 5296/5296/5296 5295/5295/5295 5293/5293/5293
f 5294/5294/5294 5295/5295/5295 5297/5297/5297
f 5295/5295/5295 5296/5296/5296 5297/5297/5297
f 5300/5300/5300 5299/5299/5299 5298/5298/5298
f 5301/5301/5301 5299/5299/5299 5300/5300/5300
f 5302/5302/5302 5300/5300/5300 5298/5298/5298
f 5302/5302/5302 5298/5298/5298 5303/5303/5303
f 5304/5304/5304 5301/5301/5301 5300/5300/5300
f 5305/5305/5305 5301/5301/5301 5304/5304/5304
f 5306/5306/5306 5302/5302/5302 5303/5303/5303
f 5300/5300/5300 5302/5302/5302 5307/5307/5307
f 5307/5307/5307 5302/5302/5302 5306/5306/5306
f 5308/5308/5308 5300/5300/5300 5307/5307/5307
f 5308/5308/5308 5309/5309/5309 5300/5300/5300
f 5309/5309/5309 5304/5304/5304 5300/5300/5300
f 5310/5310/5310 5307/5307/5307 5306/5306/5306
f 5309/5309/5309 5311/5311/5311 5304/5304/5304
f 5306/5306/5306 5303/5303/5303 5312/5312/5312
f 5306/5306/5306 5312/5312/5312 5310/5310/5310
f 5303/5303/5303 5313/5313/5313 5312/5312/5312
f 5312/5312/5312 5314/5314/5314 5310/5310/5310
f 5312/5312/5312 5313/5313/5313 5315/5315/5315
f 5311/5311/5311 5316/5316/5316 5304/5304/5304
f 5316/5316/5316 5305/5305/5305 5304/5304/5304
f 5316/5316/5316 5311/5311/5311 5317/5317/5317
f 5314/5314/5314 5312/5312/5312 5318/5318/5318
f 5318/5318/5318 5312/5312/5312 5315/5315/5315
f 5319/5319/5319 5314/5314/5314 5318/5318/5318
f 5318/5318/5318 5315/5315/5315 5320/5320/5320
f 5321/5321/5321 5319/5319/5319 5318/5318/5318
f 5305/5305/5305 5316/5316/5316 5322/5322/5322
f 5322/5322/5322 5316/5316/5316 5317/5317/5317
f 5323/5323/5323 5305/5305/5305 5322/5322/5322
f 5317/5317/5317 5324/5324/5324 5322/5322/5322
f 5323/5323/5323 5322/5322/5322 5325/5325/5325
f 5326/5326/5326 5318/5318/5318 5320/5320/5320
f 5326/5326/5326 5321/5321/5321 5318/5318/5318
f 5326/5326/5326 5320/5320/5320 5327/5327/5327
f 5324/5324/5324 5328/5328/5328 5322/5322/5322
f 5322/5322/5322 5328/5328/5328 5325/5325/5325
f 5324/5324/5324 5329/5329/5329 5328/5328/5328
f 5328/5328/5328 5329/5329/5329 5325/5325/5325
f 5326/5326/5326 5330/5330/5330 5321/5321/5321
f 5330/5330/5330 5326/5326/5326 5327/5327/5327
f 5330/5330/5330 5331/5331/5331 5321/5321/5321
f 5330/5330/5330 5327/5327/5327 5332/5332/5332
f 5330/5330/5330 5332/5332/5332 5331/5331/5331
f 5335/5335/5335 5334/5334/5334 5333/5333/5333
f 5335/5335/5335 5336/5336/5336 5334/5334/5334
f 5334/5334/5334 5337/5337/5337 5333/5333/5333
f 5333/5333/5333 5337/5337/5337 5338/5338/5338
f 5336/5336/5336 5339/5339/5339 5334/5334/5334
f 5336/5336/5336 5340/5340/5340 5339/5339/5339
f 5337/5337/5337 5341/5341/5341 5338/5338/5338
f 5337/5337/5337 5334/5334/5334 5342/5342/5342
f 5337/5337/5337 5342/5342/5342 5341/5341/5341
f 5334/5334/5334 5343/5343/5343 5342/5342/5342
f 5344/5344/5344 5343/5343/5343 5334/5334/5334
f 5339/5339/5339 5344/5344/5344 5334/5334/5334
f 5342/5342/5342 5345/5345/5345 5341/5341/5341
f 5346/5346/5346 5344/5344/5344 5339/5339/5339
f 5338/5338/5338 5341/5341/5341 5347/5347/5347
f 5347/5347/5347 5341/5341/5341 5345/5345/5345
f 5348/5348/5348 5338/5338/5338 5347/5347/5347
f 5349/5349/5349 5347/5347/5347 5345/5345/5345
f 5348/5348/5348 5347/5347/5347 5350/5350/5350
f 5351/5351/5351 5346/5346/5346 5339/5339/5339
f 5340/5340/5340 5351/5351/5351 5339/5339/5339
f 5346/5346/5346 5351/5351/5351 5352/5352/5352
f 5347/5347/5347 5349/5349/5349 5353/5353/5353
f 5347/5347/5347 5353/5353/5353 5350/5350/5350
f 5349/5349/5349 5354/5354/5354 5353/5353/5353
f 5350/5350/5350 5353/5353/5353 5355/5355/5355
f 5354/5354/5354 5356/5356/5356 5353/5353/5353
f 5351/5351/5351 5340/5340/5340 5357/5357/5357
f 5351/5351/5351 5357/5357/5357 5352/5352/5352
f 5340/5340/5340 5358/5358/5358 5357/5357/5357
f 5359/5359/5359 5352/5352/5352 5357/5357/5357
f 5357/5357/5357 5358/5358/5358 5360/5360/5360
f 5353/5353/5353 5361/5361/5361 5355/5355/5355
f 5356/5356/5356 5361/5361/5361 5353/5353/5353
f 5355/5355/5355 5361/5361/5361 5362/5362/5362
f 5363/5363/5363 5359/5359/5359 5357/5357/5357
f 5363/5363/5363 5357/5357/5357 5360/5360/5360
f 5364/5364/5364 5359/5359/5359 5363/5363/5363
f 5364/5364/5364 5363/5363/5363 5360/5360/5360
f 5365/5365/5365 5361/5361/5361 5356/5356/5356
f 5361/5361/5361 5365/5365/5365 5362/5362/5362
f 5366/5366/5366 5365/5365/5365 5356/5356/5356
f 5362/5362/5362 5365/5365/5365 5367/5367/5367
f 5367/5367/5367 5365/5365/5365 5366/5366/5366
f 5370/5370/5370 5369/5369/5369 5368/5368/5368
f 5369/5369/5369 5371/5371/5371 5368/5368/5368
f 5372/5372/5372 5371/5371/5371 5369/5369/5369
f 5373/5373/5373 5371/5371/5371 5372/5372/5372
f 5374/5374/5374 5373/5373/5373 5372/5372/5372
f 5375/5375/5375 5373/5373/5373 5374/5374/5374
f 5376/5376/5376 5375/5375/5375 5374/5374/5374
f 5377/5377/5377 5374/5374/5374 5372/5372/5372
f 5376/5376/5376 5374/5374/5374 5377/5377/5377
f 5378/5378/5378 5372/5372/5372 5369/5369/5369
f 5378/5378/5378 5377/5377/5377 5372/5372/5372
f 5370/5370/5370 5379/5379/5379 5369/5369/5369
f 5378/5378/5378 5369/5369/5369 5379/5379/5379
f 5377/5377/5377 5380/5380/5380 5376/5376/5376
f 5380/5380/5380 5381/5381/5381 5376/5376/5376
f 5378/5378/5378 5382/5382/5382 5377/5377/5377
f 5382/5382/5382 5378/5378/5378 5379/5379/5379
f 5382/5382/5382 5380/5380/5380 5377/5377/5377
f 5379/5379/5379 5370/5370/5370 5383/5383/5383
f 5382/5382/5382 5379/5379/5379 5383/5383/5383
f 5370/5370/5370 5384/5384/5384 5383/5383/5383
f 5384/5384/5384 5385/5385/5385 5383/5383/5383
f 5386/5386/5386 5382/5382/5382 5383/5383/5383
f 5382/5382/5382 5386/5386/5386 5380/5380/5380
f 5385/5385/5385 5386/5386/5386 5383/5383/5383
f 5380/5380/5380 5387/5387/5387 5381/5381/5381
f 5386/5386/5386 5387/5387/5387 5380/5380/5380
f 5387/5387/5387 5386/5386/5386 5385/5385/5385
f 5381/5381/5381 5387/5387/5387 5388/5388/5388
f 5387/5387/5387 5385/5385/5385 5388/5388/5388
f 5391/5391/5391 5390/5390/5390 5389/5389/5389
f 5392/5392/5392 5391/5391/5391 5389/5389/5389
f 5392/5392/5392 5393/5393/5393 5391/5391/5391
f 5392/5392/5392 5394/5394/5394 5393/5393/5393
f 5394/5394/5394 5395/5395/5395 5393/5393/5393
f 5394/5394/5394 5396/5396/5396 5395/5395/5395
f 5396/5396/5396 5397/5397/5397 5395/5395/5395
f 5395/5395/5395 5398/5398/5398 5393/5393/5393
f 5395/5395/5395 5397/5397/5397 5398/5398/5398
f 5393/5393/5393 5399/5399/5399 5391/5391/5391
f 5398/5398/5398 5399/5399/5399 5393/5393/5393
f 5400/5400/5400 5390/5390/5390 5391/5391/5391
f 5391/5391/5391 5399/5399/5399 5400/5400/5400
f 5401/5401/5401 5398/5398/5398 5397/5397/5397
f 5402/5402/5402 5401/5401/5401 5397/5397/5397
f 5403/5403/5403 5399/5399/5399 5398/5398/5398
f 5399/5399/5399 5403/5403/5403 5400/5400/5400
f 5401/5401/5401 5403/5403/5403 5398/5398/5398
f 5390/5390/5390 5400/5400/5400 5404/5404/5404
f 5400/5400/5400 5403/5403/5403 5404/5404/5404
f 5405/5405/5405 5390/5390/5390 5404/5404/5404
f 5406/5406/5406 5405/5405/5405 5404/5404/5404
f 5403/5403/5403 5407/5407/5407 5404/5404/5404
f 5407/5407/5407 5403/5403/5403 5401/5401/5401
f 5407/5407/5407 5406/5406/5406 5404/5404/5404
f 5408/5408/5408 5401/5401/5401 5402/5402/5402
f 5408/5408/5408 5407/5407/5407 5401/5401/5401
f 5407/5407/5407 5408/5408/5408 5406/5406/5406
f 5408/5408/5408 5402/5402/5402 5409/5409/5409
f 5406/5406/5406 5408/5408/5408 5409/5409/5409
f 5412/5412/5412 5411/5411/5411 5410/5410/5410
f 5412/5412/5412 5413/5413/5413 5411/5411/5411
f 5411/5411/5411 5414/5414/5414 5410/5410/5410
f 5415/5415/5415 5410/5410/5410 5414/5414/5414
f 5416/5416/5416 5415/5415/5415 5414/5414/5414
f 5415/5415/5415 5416/5416/5416 5417/5417/5417
f 5416/5416/5416 5414/5414/5414 5418/5418/5418
f 5414/5414/5414 5411/5411/5411 5418/5418/5418
f 5416/5416/5416 5419/5419/5419 5417/5417/5417
f 5419/5419/5419 5416/5416/5416 5418/5418/5418
f 5420/5420/5420 5417/5417/5417 5419/5419/5419
f 5418/5418/5418 5420/5420/5420 5419/5419/5419
f 5421/5421/5421 5420/5420/5420 5418/5418/5418
f 5422/5422/5422 5421/5421/5421 5418/5418/5418
f 5411/5411/5411 5422/5422/5422 5418/5418/5418
f 5423/5423/5423 5421/5421/5421 5422/5422/5422
f 5413/5413/5413 5424/5424/5424 5411/5411/5411
f 5422/5422/5422 5411/5411/5411 5424/5424/5424
f 5413/5413/5413 5425/5425/5425 5424/5424/5424
f 5426/5426/5426 5423/5423/5423 5422/5422/5422
f 5426/5426/5426 5422/5422/5422 5424/5424/5424
f 5427/5427/5427 5423/5423/5423 5426/5426/5426
f 5425/5425/5425 5428/5428/5428 5424/5424/5424
f 5426/5426/5426 5424/5424/5424 5428/5428/5428
f 5429/5429/5429 5427/5427/5427 5426/5426/5426
f 5429/5429/5429 5426/5426/5426 5428/5428/5428
f 5430/5430/5430 5427/5427/5427 5429/5429/5429
f 5431/5431/5431 5428/5428/5428 5425/5425/5425
f 5428/5428/5428 5431/5431/5431 5429/5429/5429
f 5432/5432/5432 5431/5431/5431 5425/5425/5425
f 5433/5433/5433 5430/5430/5430 5429/5429/5429
f 5431/5431/5431 5433/5433/5433 5429/5429/5429
f 5434/5434/5434 5430/5430/5430 5433/5433/5433
f 5435/5435/5435 5434/5434/5434 5433/5433/5433
f 5435/5435/5435 5433/5433/5433 5431/5431/5431
f 5434/5434/5434 5435/5435/5435 5436/5436/5436
f 5431/5431/5431 5432/5432/5432 5437/5437/5437
f 5437/5437/5437 5435/5435/5435 5431/5431/5431
f 5432/5432/5432 5438/5438/5438 5437/5437/5437
f 5437/5437/5437 5438/5438/5438 5439/5439/5439
f 5437/5437/5437 5439/5439/5439 5435/5435/5435
f 5438/5438/5438 5440/5440/5440 5439/5439/5439
f 5435/5435/5435 5441/5441/5441 5436/5436/5436
f 5439/5439/5439 5441/5441/5441 5435/5435/5435
f 5442/5442/5442 5436/5436/5436 5441/5441/5441
f 5439/5439/5439 5440/5440/5440 5443/5443/5443
f 5441/5441/5441 5439/5439/5439 5443/5443/5443
f 5440/5440/5440 5444/5444/5444 5443/5443/5443
f 5445/5445/5445 5442/5442/5442 5441/5441/5441
f 5445/5445/5445 5441/5441/5441 5443/5443/5443
f 5446/5446/5446 5442/5442/5442 5445/5445/5445
f 5444/5444/5444 5446/5446/5446 5447/5447/5447
f 5443/5443/5443 5444/5444/5444 5447/5447/5447
f 5445/5445/5445 5443/5443/5443 5447/5447/5447
f 5447/5447/5447 5446/5446/5446 5445/5445/5445
f 5450/5450/5450 5449/5449/5449 5448/5448/5448
f 5449/5449/5449 5450/5450/5450 5451/5451/5451
f 5452/5452/5452 5450/5450/5450 5448/5448/5448
f 5452/5452/5452 5448/5448/5448 5453/5453/5453
f 5450/5450/5450 5454/5454/5454 5451/5451/5451
f 5451/5451/5451 5454/5454/5454 5455/5455/5455
f 5454/5454/5454 5456/5456/5456 5455/5455/5455
f 5456/5456/5456 5454/5454/5454 5450/5450/5450
f 5455/5455/5455 5456/5456/5456 5457/5457/5457
f 5458/5458/5458 5456/5456/5456 5450/5450/5450
f 5456/5456/5456 5458/5458/5458 5457/5457/5457
f 5450/5450/5450 5452/5452/5452 5458/5458/5458
f 5458/5458/5458 5459/5459/5459 5457/5457/5457
f 5452/5452/5452 5459/5459/5459 5458/5458/5458
f 5459/5459/5459 5460/5460/5460 5457/5457/5457
f 5459/5459/5459 5461/5461/5461 5460/5460/5460
f 5459/5459/5459 5452/5452/5452 5461/5461/5461
f 5461/5461/5461 5462/5462/5462 5460/5460/5460
f 5463/5463/5463 5452/5452/5452 5453/5453/5453
f 5452/5452/5452 5463/5463/5463 5461/5461/5461
f 5463/5463/5463 5453/5453/5453 5464/5464/5464
f 5465/5465/5465 5463/5463/5463 5464/5464/5464
f 5461/5461/5461 5463/5463/5463 5465/5465/5465
f 5465/5465/5465 5464/5464/5464 5466/5466/5466
f 5461/5461/5461 5467/5467/5467 5462/5462/5462
f 5467/5467/5467 5461/5461/5461 5465/5465/5465
f 5467/5467/5467 5468/5468/5468 5462/5462/5462
f 5469/5469/5469 5465/5465/5465 5466/5466/5466
f 5467/5467/5467 5465/5465/5465 5469/5469/5469
f 5467/5467/5467 5470/5470/5470 5468/5468/5468
f 5470/5470/5470 5467/5467/5467 5469/5469/5469
f 5470/5470/5470 5471/5471/5471 5468/5468/5468
f 5471/5471/5471 5470/5470/5470 5472/5472/5472
f 5473/5473/5473 5469/5469/5469 5466/5466/5466
f 5469/5469/5469 5473/5473/5473 5470/5470/5470
f 5474/5474/5474 5473/5473/5473 5466/5466/5466
f 5473/5473/5473 5474/5474/5474 5475/5475/5475
f 5470/5470/5470 5476/5476/5476 5472/5472/5472
f 5473/5473/5473 5476/5476/5476 5470/5470/5470
f 5472/5472/5472 5476/5476/5476 5477/5477/5477
f 5478/5478/5478 5473/5473/5473 5475/5475/5475
f 5476/5476/5476 5473/5473/5473 5478/5478/5478
f 5476/5476/5476 5479/5479/5479 5477/5477/5477
f 5479/5479/5479 5476/5476/5476 5478/5478/5478
f 5477/5477/5477 5479/5479/5479 5480/5480/5480
f 5481/5481/5481 5478/5478/5478 5475/5475/5475
f 5480/5480/5480 5481/5481/5481 5475/5475/5475
f 5479/5479/5479 5481/5481/5481 5480/5480/5480
f 5478/5478/5478 5481/5481/5481 5479/5479/5479
f 5484/5484/5484 5483/5483/5483 5482/5482/5482
f 5483/5483/5483 5485/5485/5485 5482/5482/5482
f 5484/5484/5484 5486/5486/5486 5483/5483/5483
f 5485/5485/5485 5483/5483/5483 5487/5487/5487
f 5488/5488/5488 5485/5485/5485 5487/5487/5487
f 5487/5487/5487 5489/5489/5489 5488/5488/5488
f 5489/5489/5489 5490/5490/5490 5488/5488/5488
f 5486/5486/5486 5491/5491/5491 5483/5483/5483
f 5491/5491/5491 5486/5486/5486 5492/5492/5492
f 5493/5493/5493 5491/5491/5491 5492/5492/5492
f 5494/5494/5494 5491/5491/5491 5493/5493/5493
f 5483/5483/5483 5491/5491/5491 5494/5494/5494
f 5495/5495/5495 5494/5494/5494 5493/5493/5493
f 5496/5496/5496 5487/5487/5487 5483/5483/5483
f 5496/5496/5496 5483/5483/5483 5494/5494/5494
f 5489/5489/5489 5487/5487/5487 5496/5496/5496
f 5494/5494/5494 5495/5495/5495 5497/5497/5497
f 5494/5494/5494 5497/5497/5497 5496/5496/5496
f 5495/5495/5495 5498/5498/5498 5497/5497/5497
f 5489/5489/5489 5499/5499/5499 5490/5490/5490
f 5499/5499/5499 5500/5500/5500 5490/5490/5490
f 5500/5500/5500 5499/5499/5499 5501/5501/5501
f 5502/5502/5502 5489/5489/5489 5496/5496/5496
f 5497/5497/5497 5502/5502/5502 5496/5496/5496
f 5499/5499/5499 5489/5489/5489 5502/5502/5502
f 5503/5503/5503 5497/5497/5497 5498/5498/5498
f 5497/5497/5497 5503/5503/5503 5502/5502/5502
f 5504/5504/5504 5503/5503/5503 5498/5498/5498
f 5499/5499/5499 5505/5505/5505 5501/5501/5501
f 5501/5501/5501 5505/5505/5505 5506/5506/5506
f 5507/5507/5507 5499/5499/5499 5502/5502/5502
f 5503/5503/5503 5507/5507/5507 5502/5502/5502
f 5505/5505/5505 5499/5499/5499 5507/5507/5507
f 5508/5508/5508 5503/5503/5503 5504/5504/5504
f 5503/5503/5503 5508/5508/5508 5507/5507/5507
f 5509/5509/5509 5508/5508/5508 5504/5504/5504
f 5505/5505/5505 5510/5510/5510 5506/5506/5506
f 5506/5506/5506 5510/5510/5510 5511/5511/5511
f 5512/5512/5512 5505/5505/5505 5507/5507/5507
f 5508/5508/5508 5512/5512/5512 5507/5507/5507
f 5510/5510/5510 5505/5505/5505 5512/5512/5512
f 5513/5513/5513 5508/5508/5508 5509/5509/5509
f 5508/5508/5508 5513/5513/5513 5512/5512/5512
f 5514/5514/5514 5513/5513/5513 5509/5509/5509
f 5510/5510/5510 5515/5515/5515 5511/5511/5511
f 5511/5511/5511 5515/5515/5515 5516/5516/5516
f 5517/5517/5517 5510/5510/5510 5512/5512/5512
f 5513/5513/5513 5517/5517/5517 5512/5512/5512
f 5515/5515/5515 5510/5510/5510 5517/5517/5517
f 5518/5518/5518 5513/5513/5513 5514/5514/5514
f 5519/5519/5519 5518/5518/5518 5514/5514/5514
f 5517/5517/5517 5513/5513/5513 5520/5520/5520
f 5520/5520/5520 5515/5515/5515 5517/5517/5517
f 5513/5513/5513 5518/5518/5518 5520/5520/5520
f 5515/5515/5515 5521/5521/5521 5516/5516/5516
f 5521/5521/5521 5515/5515/5515 5520/5520/5520
f 5516/5516/5516 5521/5521/5521 5522/5522/5522
f 5523/5523/5523 5518/5518/5518 5519/5519/5519
f 5524/5524/5524 5523/5523/5523 5519/5519/5519
f 5520/5520/5520 5518/5518/5518 5525/5525/5525
f 5525/5525/5525 5521/5521/5521 5520/5520/5520
f 5518/5518/5518 5523/5523/5523 5525/5525/5525
f 5521/5521/5521 5526/5526/5526 5522/5522/5522
f 5526/5526/5526 5521/5521/5521 5525/5525/5525
f 5527/5527/5527 5523/5523/5523 5524/5524/5524
f 5528/5528/5528 5527/5527/5527 5524/5524/5524
f 5525/5525/5525 5523/5523/5523 5529/5529/5529
f 5529/5529/5529 5526/5526/5526 5525/5525/5525
f 5523/5523/5523 5527/5527/5527 5529/5529/5529
f 5526/5526/5526 5530/5530/5530 5522/5522/5522
f 5530/5530/5530 5526/5526/5526 5529/5529/5529
f 5527/5527/5527 5530/5530/5530 5529/5529/5529
f 5530/5530/5530 5527/5527/5527 5528/5528/5528
f 5530/5530/5530 5531/5531/5531 5522/5522/5522
f 5531/5531/5531 5530/5530/5530 5528/5528/5528
f 5534/5534/5534 5533/5533/5533 5532/5532/5532
f 5535/5535/5535 5534/5534/5534 5532/5532/5532
f 5536/5536/5536 5533/5533/5533 5534/5534/5534
f 5534/5534/5534 5535/5535/5535 5537/5537/5537
f 5535/5535/5535 5538/5538/5538 5537/5537/5537
f 5539/5539/5539 5537/5537/5537 5538/5538/5538
f 5540/5540/5540 5539/5539/5539 5538/5538/5538
f 5541/5541/5541 5536/5536/5536 5534/5534/5534
f 5536/5536/5536 5541/5541/5541 5542/5542/5542
f 5541/5541/5541 5543/5543/5543 5542/5542/5542
f 5541/5541/5541 5544/5544/5544 5543/5543/5543
f 5541/5541/5541 5534/5534/5534 5544/5544/5544
f 5544/5544/5544 5545/5545/5545 5543/5543/5543
f 5537/5537/5537 5546/5546/5546 5534/5534/5534
f 5534/5534/5534 5546/5546/5546 5544/5544/5544
f 5537/5537/5537 5539/5539/5539 5546/5546/5546
f 5545/5545/5545 5544/5544/5544 5547/5547/5547
f 5547/5547/5547 5544/5544/5544 5546/5546/5546
f 5548/5548/5548 5545/5545/5545 5547/5547/5547
f 5549/5549/5549 5539/5539/5539 5540/5540/5540
f 5550/5550/5550 5549/5549/5549 5540/5540/5540
f 5549/5549/5549 5550/5550/5550 5551/5551/5551
f 5539/5539/5539 5552/5552/5552 5546/5546/5546
f 5552/5552/5552 5547/5547/5547 5546/5546/5546
f 5539/5539/5539 5549/5549/5549 5552/5552/5552
f 5547/5547/5547 5553/5553/5553 5548/5548/5548
f 5553/5553/5553 5547/5547/5547 5552/5552/5552
f 5553/5553/5553 5554/5554/5554 5548/5548/5548
f 5555/5555/5555 5549/5549/5549 5551/5551/5551
f 5555/5555/5555 5551/5551/5551 5556/5556/5556
f 5549/5549/5549 5557/5557/5557 5552/5552/5552
f 5557/5557/5557 5553/5553/5553 5552/5552/5552
f 5549/5549/5549 5555/5555/5555 5557/5557/5557
f 5553/5553/5553 5558/5558/5558 5554/5554/5554
f 5558/5558/5558 5553/5553/5553 5557/5557/5557
f 5558/5558/5558 5559/5559/5559 5554/5554/5554
f 5560/5560/5560 5555/5555/5555 5556/5556/5556
f 5560/5560/5560 5556/5556/5556 5561/5561/5561
f 5555/5555/5555 5562/5562/5562 5557/5557/5557
f 5562/5562/5562 5558/5558/5558 5557/5557/5557
f 5555/5555/5555 5560/5560/5560 5562/5562/5562
f 5558/5558/5558 5563/5563/5563 5559/5559/5559
f 5563/5563/5563 5558/5558/5558 5562/5562/5562
f 5563/5563/5563 5564/5564/5564 5559/5559/5559
f 5565/5565/5565 5560/5560/5560 5561/5561/5561
f 5565/5565/5565 5561/5561/5561 5566/5566/5566
f 5560/5560/5560 5567/5567/5567 5562/5562/5562
f 5567/5567/5567 5563/5563/5563 5562/5562/5562
f 5560/5560/5560 5565/5565/5565 5567/5567/5567
f 5563/5563/5563 5568/5568/5568 5564/5564/5564
f 5568/5568/5568 5569/5569/5569 5564/5564/5564
f 5563/5563/5563 5567/5567/5567 5570/5570/5570
f 5565/5565/5565 5570/5570/5570 5567/5567/5567
f 5568/5568/5568 5563/5563/5563 5570/5570/5570
f 5571/5571/5571 5565/5565/5565 5566/5566/5566
f 5565/5565/5565 5571/5571/5571 5570/5570/5570
f 5571/5571/5571 5566/5566/5566 5572/5572/5572
f 5568/5568/5568 5573/5573/5573 5569/5569/5569
f 5573/5573/5573 5574/5574/5574 5569/5569/5569
f 5568/5568/5568 5570/5570/5570 5575/5575/5575
f 5571/5571/5571 5575/5575/5575 5570/5570/5570
f 5573/5573/5573 5568/5568/5568 5575/5575/5575
f 5576/5576/5576 5571/5571/5571 5572/5572/5572
f 5571/5571/5571 5576/5576/5576 5575/5575/5575
f 5573/5573/5573 5577/5577/5577 5574/5574/5574
f 5577/5577/5577 5578/5578/5578 5574/5574/5574
f 5573/5573/5573 5575/5575/5575 5579/5579/5579
f 5576/5576/5576 5579/5579/5579 5575/5575/5575
f 5577/5577/5577 5573/5573/5573 5579/5579/5579
f 5580/5580/5580 5576/5576/5576 5572/5572/5572
f 5576/5576/5576 5580/5580/5580 5579/5579/5579
f 5580/5580/5580 5577/5577/5577 5579/5579/5579
f 5577/5577/5577 5580/5580/5580 5578/5578/5578
f 5581/5581/5581 5580/5580/5580 5572/5572/5572
f 5580/5580/5580 5581/5581/5581 5578/5578/5578
f 5584/5584/5584 5583/5583/5583 5582/5582/5582
f 5585/5585/5585 5584/5584/5584 5582/5582/5582
f 5586/5586/5586 5584/5584/5584 5585/5585/5585
f 5582/5582/5582 5583/5583/5583 5587/5587/5587
f 5585/5585/5585 5582/5582/5582 5587/5587/5587
f 5583/5583/5583 5588/5588/5588 5587/5587/5587
f 5589/5589/5589 5586/5586/5586 5585/5585/5585
f 5589/5589/5589 5585/5585/5585 5587/5587/5587
f 5590/5590/5590 5586/5586/5586 5589/5589/5589
f 5591/5591/5591 5590/5590/5590 5589/5589/5589
f 5589/5589/5589 5587/5587/5587 5591/5591/5591
f 5592/5592/5592 5590/5590/5590 5591/5591/5591
f 5587/5587/5587 5588/5588/5588 5593/5593/5593
f 5587/5587/5587 5593/5593/5593 5591/5591/5591
f 5588/5588/5588 5594/5594/5594 5593/5593/5593
f 5595/5595/5595 5592/5592/5592 5591/5591/5591
f 5591/5591/5591 5593/5593/5593 5595/5595/5595
f 5596/5596/5596 5592/5592/5592 5595/5595/5595
f 5597/5597/5597 5596/5596/5596 5595/5595/5595
f 5598/5598/5598 5596/5596/5596 5597/5597/5597
f 5597/5597/5597 5595/5595/5595 5599/5599/5599
f 5593/5593/5593 5599/5599/5599 5595/5595/5595
f 5593/5593/5593 5594/5594/5594 5599/5599/5599
f 5594/5594/5594 5600/5600/5600 5599/5599/5599
f 5599/5599/5599 5600/5600/5600 5601/5601/5601
f 5601/5601/5601 5597/5597/5597 5599/5599/5599
f 5600/5600/5600 5602/5602/5602 5601/5601/5601
f 5601/5601/5601 5602/5602/5602 5603/5603/5603
f 5602/5602/5602 5604/5604/5604 5603/5603/5603
f 5605/5605/5605 5598/5598/5598 5597/5597/5597
f 5606/5606/5606 5598/5598/5598 5605/5605/5605
f 5607/5607/5607 5606/5606/5606 5605/5605/5605
f 5608/5608/5608 5606/5606/5606 5607/5607/5607
f 5605/5605/5605 5609/5609/5609 5607/5607/5607
f 5609/5609/5609 5605/5605/5605 5597/5597/5597
f 5610/5610/5610 5608/5608/5608 5607/5607/5607
f 5609/5609/5609 5610/5610/5610 5607/5607/5607
f 5611/5611/5611 5608/5608/5608 5610/5610/5610
f 5609/5609/5609 5611/5611/5611 5610/5610/5610
f 5612/5612/5612 5611/5611/5611 5609/5609/5609
f 5613/5613/5613 5612/5612/5612 5609/5609/5609
f 5613/5613/5613 5609/5609/5609 5597/5597/5597
f 5614/5614/5614 5612/5612/5612 5613/5613/5613
f 5615/5615/5615 5614/5614/5614 5613/5613/5613
f 5615/5615/5615 5613/5613/5613 5597/5597/5597
f 5616/5616/5616 5614/5614/5614 5615/5615/5615
f 5617/5617/5617 5615/5615/5615 5597/5597/5597
f 5597/5597/5597 5601/5601/5601 5617/5617/5617
f 5601/5601/5601 5603/5603/5603 5617/5617/5617
f 5618/5618/5618 5616/5616/5616 5615/5615/5615
f 5618/5618/5618 5615/5615/5615 5617/5617/5617
f 5603/5603/5603 5618/5618/5618 5617/5617/5617
f 5619/5619/5619 5616/5616/5616 5618/5618/5618
f 5620/5620/5620 5619/5619/5619 5618/5618/5618
f 5620/5620/5620 5618/5618/5618 5603/5603/5603
f 5621/5621/5621 5619/5619/5619 5620/5620/5620
f 5622/5622/5622 5621/5621/5621 5620/5620/5620
f 5623/5623/5623 5621/5621/5621 5622/5622/5622
f 5622/5622/5622 5620/5620/5620 5624/5624/5624
f 5620/5620/5620 5625/5625/5625 5624/5624/5624
f 5625/5625/5625 5620/5620/5620 5603/5603/5603
f 5626/5626/5626 5622/5622/5622 5624/5624/5624
f 5626/5626/5626 5623/5623/5623 5622/5622/5622
f 5627/5627/5627 5623/5623/5623 5626/5626/5626
f 5603/5603/5603 5628/5628/5628 5625/5625/5625
f 5628/5628/5628 5624/5624/5624 5625/5625/5625
f 5603/5603/5603 5604/5604/5604 5628/5628/5628
f 5604/5604/5604 5629/5629/5629 5628/5628/5628
f 5628/5628/5628 5629/5629/5629 5630/5630/5630
f 5624/5624/5624 5628/5628/5628 5630/5630/5630
f 5629/5629/5629 5631/5631/5631 5630/5630/5630
f 5632/5632/5632 5627/5627/5627 5626/5626/5626
f 5633/5633/5633 5627/5627/5627 5632/5632/5632
f 5630/5630/5630 5631/5631/5631 5634/5634/5634
f 5631/5631/5631 5635/5635/5635 5634/5634/5634
f 5632/5632/5632 5626/5626/5626 5636/5636/5636
f 5636/5636/5636 5626/5626/5626 5624/5624/5624
f 5637/5637/5637 5633/5633/5633 5632/5632/5632
f 5637/5637/5637 5632/5632/5632 5636/5636/5636
f 5638/5638/5638 5633/5633/5633 5637/5637/5637
f 5636/5636/5636 5638/5638/5638 5637/5637/5637
f 5639/5639/5639 5638/5638/5638 5636/5636/5636
f 5624/5624/5624 5639/5639/5639 5636/5636/5636
f 5640/5640/5640 5639/5639/5639 5624/5624/5624
f 5641/5641/5641 5624/5624/5624 5630/5630/5630
f 5641/5641/5641 5640/5640/5640 5624/5624/5624
f 5630/5630/5630 5634/5634/5634 5641/5641/5641
f 5642/5642/5642 5640/5640/5640 5641/5641/5641
f 5643/5643/5643 5642/5642/5642 5641/5641/5641
f 5634/5634/5634 5643/5643/5643 5641/5641/5641
f 5644/5644/5644 5642/5642/5642 5643/5643/5643
f 5634/5634/5634 5645/5645/5645 5643/5643/5643
f 5634/5634/5634 5635/5635/5635 5645/5645/5645
f 5635/5635/5635 5646/5646/5646 5645/5645/5645
f 5647/5647/5647 5644/5644/5644 5643/5643/5643
f 5645/5645/5645 5647/5647/5647 5643/5643/5643
f 5648/5648/5648 5644/5644/5644 5647/5647/5647
f 5649/5649/5649 5648/5648/5648 5647/5647/5647
f 5649/5649/5649 5647/5647/5647 5645/5645/5645
f 5650/5650/5650 5648/5648/5648 5649/5649/5649
f 5646/5646/5646 5650/5650/5650 5651/5651/5651
f 5645/5645/5645 5646/5646/5646 5651/5651/5651
f 5651/5651/5651 5649/5649/5649 5645/5645/5645
f 5651/5651/5651 5650/5650/5650 5649/5649/5649
f 5654/5654/5654 5653/5653/5653 5652/5652/5652
f 5652/5652/5652 5653/5653/5653 5655/5655/5655
f 5653/5653/5653 5656/5656/5656 5655/5655/5655
f 5657/5657/5657 5654/5654/5654 5652/5652/5652
f 5652/5652/5652 5655/5655/5655 5657/5657/5657
f 5658/5658/5658 5654/5654/5654 5657/5657/5657
f 5659/5659/5659 5658/5658/5658 5657/5657/5657
f 5655/5655/5655 5659/5659/5659 5657/5657/5657
f 5660/5660/5660 5658/5658/5658 5659/5659/5659
f 5661/5661/5661 5660/5660/5660 5659/5659/5659
f 5659/5659/5659 5655/5655/5655 5661/5661/5661
f 5662/5662/5662 5660/5660/5660 5661/5661/5661
f 5655/5655/5655 5656/5656/5656 5663/5663/5663
f 5656/5656/5656 5664/5664/5664 5663/5663/5663
f 5663/5663/5663 5664/5664/5664 5665/5665/5665
f 5655/5655/5655 5663/5663/5663 5665/5665/5665
f 5664/5664/5664 5666/5666/5666 5665/5665/5665
f 5655/5655/5655 5667/5667/5667 5661/5661/5661
f 5655/5655/5655 5665/5665/5665 5667/5667/5667
f 5661/5661/5661 5667/5667/5667 5668/5668/5668
f 5669/5669/5669 5662/5662/5662 5661/5661/5661
f 5669/5669/5669 5661/5661/5661 5668/5668/5668
f 5670/5670/5670 5662/5662/5662 5669/5669/5669
f 5671/5671/5671 5670/5670/5670 5669/5669/5669
f 5669/5669/5669 5668/5668/5668 5671/5671/5671
f 5672/5672/5672 5670/5670/5670 5671/5671/5671
f 5665/5665/5665 5666/5666/5666 5673/5673/5673
f 5666/5666/5666 5674/5674/5674 5673/5673/5673
f 5667/5667/5667 5665/5665/5665 5675/5675/5675
f 5675/5675/5675 5665/5665/5665 5673/5673/5673
f 5673/5673/5673 5674/5674/5674 5675/5675/5675
f 5667/5667/5667 5675/5675/5675 5668/5668/5668
f 5674/5674/5674 5676/5676/5676 5675/5675/5675
f 5675/5675/5675 5676/5676/5676 5677/5677/5677
f 5675/5675/5675 5677/5677/5677 5668/5668/5668
f 5676/5676/5676 5678/5678/5678 5677/5677/5677
f 5679/5679/5679 5672/5672/5672 5671/5671/5671
f 5680/5680/5680 5672/5672/5672 5679/5679/5679
f 5677/5677/5677 5678/5678/5678 5681/5681/5681
f 5678/5678/5678 5682/5682/5682 5681/5681/5681
f 5683/5683/5683 5680/5680/5680 5679/5679/5679
f 5684/5684/5684 5683/5683/5683 5679/5679/5679
f 5685/5685/5685 5680/5680/5680 5683/5683/5683
f 5679/5679/5679 5671/5671/5671 5686/5686/5686
f 5686/5686/5686 5684/5684/5684 5679/5679/5679
f 5668/5668/5668 5687/5687/5687 5671/5671/5671
f 5671/5671/5671 5687/5687/5687 5686/5686/5686
f 5677/5677/5677 5688/5688/5688 5668/5668/5668
f 5668/5668/5668 5688/5688/5688 5687/5687/5687
f 5689/5689/5689 5685/5685/5685 5683/5683/5683
f 5690/5690/5690 5685/5685/5685 5689/5689/5689
f 5691/5691/5691 5689/5689/5689 5683/5683/5683
f 5691/5691/5691 5690/5690/5690 5689/5689/5689
f 5684/5684/5684 5691/5691/5691 5683/5683/5683
f 5692/5692/5692 5690/5690/5690 5691/5691/5691
f 5684/5684/5684 5692/5692/5692 5691/5691/5691
f 5693/5693/5693 5692/5692/5692 5684/5684/5684
f 5694/5694/5694 5693/5693/5693 5684/5684/5684
f 5695/5695/5695 5693/5693/5693 5694/5694/5694
f 5694/5694/5694 5684/5684/5684 5696/5696/5696
f 5696/5696/5696 5695/5695/5695 5694/5694/5694
f 5684/5684/5684 5686/5686/5686 5696/5696/5696
f 5697/5697/5697 5695/5695/5695 5696/5696/5696
f 5696/5696/5696 5686/5686/5686 5698/5698/5698
f 5698/5698/5698 5686/5686/5686 5687/5687/5687
f 5699/5699/5699 5697/5697/5697 5696/5696/5696
f 5698/5698/5698 5699/5699/5699 5696/5696/5696
f 5700/5700/5700 5697/5697/5697 5699/5699/5699
f 5698/5698/5698 5700/5700/5700 5699/5699/5699
f 5701/5701/5701 5700/5700/5700 5698/5698/5698
f 5702/5702/5702 5701/5701/5701 5698/5698/5698
f 5702/5702/5702 5698/5698/5698 5687/5687/5687
f 5703/5703/5703 5701/5701/5701 5702/5702/5702
f 5687/5687/5687 5704/5704/5704 5702/5702/5702
f 5688/5688/5688 5704/5704/5704 5687/5687/5687
f 5705/5705/5705 5703/5703/5703 5702/5702/5702
f 5705/5705/5705 5702/5702/5702 5704/5704/5704
f 5706/5706/5706 5703/5703/5703 5705/5705/5705
f 5707/5707/5707 5704/5704/5704 5688/5688/5688
f 5707/5707/5707 5705/5705/5705 5704/5704/5704
f 5708/5708/5708 5706/5706/5706 5705/5705/5705
f 5709/5709/5709 5706/5706/5706 5708/5708/5708
f 5710/5710/5710 5708/5708/5708 5705/5705/5705
f 5710/5710/5710 5709/5709/5709 5708/5708/5708
f 5707/5707/5707 5710/5710/5710 5705/5705/5705
f 5711/5711/5711 5710/5710/5710 5707/5707/5707
f 5712/5712/5712 5709/5709/5709 5710/5710/5710
f 5711/5711/5711 5712/5712/5712 5710/5710/5710
f 5713/5713/5713 5712/5712/5712 5711/5711/5711
f 5714/5714/5714 5707/5707/5707 5688/5688/5688
f 5711/5711/5711 5707/5707/5707 5714/5714/5714
f 5714/5714/5714 5688/5688/5688 5677/5677/5677
f 5681/5681/5681 5714/5714/5714 5677/5677/5677
f 5715/5715/5715 5713/5713/5713 5711/5711/5711
f 5716/5716/5716 5713/5713/5713 5715/5715/5715
f 5717/5717/5717 5716/5716/5716 5715/5715/5715
f 5715/5715/5715 5711/5711/5711 5717/5717/5717
f 5718/5718/5718 5716/5716/5716 5717/5717/5717
f 5711/5711/5711 5719/5719/5719 5717/5717/5717
f 5719/5719/5719 5718/5718/5718 5717/5717/5717
f 5719/5719/5719 5711/5711/5711 5714/5714/5714
f 5720/5720/5720 5718/5718/5718 5719/5719/5719
f 5721/5721/5721 5719/5719/5719 5714/5714/5714
f 5721/5721/5721 5720/5720/5720 5719/5719/5719
f 5721/5721/5721 5714/5714/5714 5681/5681/5681
f 5722/5722/5722 5720/5720/5720 5721/5721/5721
f 5723/5723/5723 5721/5721/5721 5681/5681/5681
f 5723/5723/5723 5722/5722/5722 5721/5721/5721
f 5681/5681/5681 5682/5682/5682 5723/5723/5723
f 5682/5682/5682 5722/5722/5722 5723/5723/5723
f 5726/5726/5726 5725/5725/5725 5724/5724/5724
f 5727/5727/5727 5726/5726/5726 5724/5724/5724
f 5727/5727/5727 5724/5724/5724 5728/5728/5728
f 5729/5729/5729 5726/5726/5726 5727/5727/5727
f 5724/5724/5724 5725/5725/5725 5730/5730/5730
f 5728/5728/5728 5724/5724/5724 5730/5730/5730
f 5725/5725/5725 5731/5731/5731 5730/5730/5730
f 5730/5730/5730 5731/5731/5731 5732/5732/5732
f 5732/5732/5732 5728/5728/5728 5730/5730/5730
f 5731/5731/5731 5733/5733/5733 5732/5732/5732
f 5734/5734/5734 5729/5729/5729 5727/5727/5727
f 5735/5735/5735 5729/5729/5729 5734/5734/5734
f 5732/5732/5732 5733/5733/5733 5736/5736/5736
f 5733/5733/5733 5737/5737/5737 5736/5736/5736
f 5727/5727/5727 5738/5738/5738 5734/5734/5734
f 5738/5738/5738 5727/5727/5727 5728/5728/5728
f 5739/5739/5739 5735/5735/5735 5734/5734/5734
f 5738/5738/5738 5739/5739/5739 5734/5734/5734
f 5740/5740/5740 5735/5735/5735 5739/5739/5739
f 5738/5738/5738 5741/5741/5741 5739/5739/5739
f 5738/5738/5738 5728/5728/5728 5741/5741/5741
f 5742/5742/5742 5740/5740/5740 5739/5739/5739
f 5741/5741/5741 5742/5742/5742 5739/5739/5739
f 5743/5743/5743 5740/5740/5740 5742/5742/5742
f 5728/5728/5728 5732/5732/5732 5744/5744/5744
f 5732/5732/5732 5736/5736/5736 5744/5744/5744
f 5736/5736/5736 5737/5737/5737 5745/5745/5745
f 5737/5737/5737 5746/5746/5746 5745/5745/5745
f 5728/5728/5728 5747/5747/5747 5741/5741/5741
f 5744/5744/5744 5747/5747/5747 5728/5728/5728
f 5748/5748/5748 5744/5744/5744 5736/5736/5736
f 5745/5745/5745 5748/5748/5748 5736/5736/5736
f 5744/5744/5744 5748/5748/5748 5747/5747/5747
f 5742/5742/5742 5741/5741/5741 5749/5749/5749
f 5749/5749/5749 5741/5741/5741 5747/5747/5747
f 5750/5750/5750 5743/5743/5743 5742/5742/5742
f 5750/5750/5750 5742/5742/5742 5749/5749/5749
f 5751/5751/5751 5743/5743/5743 5750/5750/5750
f 5745/5745/5745 5746/5746/5746 5752/5752/5752
f 5746/5746/5746 5753/5753/5753 5752/5752/5752
f 5754/5754/5754 5748/5748/5748 5745/5745/5745
f 5752/5752/5752 5754/5754/5754 5745/5745/5745
f 5748/5748/5748 5755/5755/5755 5747/5747/5747
f 5755/5755/5755 5749/5749/5749 5747/5747/5747
f 5748/5748/5748 5754/5754/5754 5755/5755/5755
f 5752/5752/5752 5753/5753/5753 5756/5756/5756
f 5754/5754/5754 5752/5752/5752 5756/5756/5756
f 5753/5753/5753 5757/5757/5757 5756/5756/5756
f 5749/5749/5749 5758/5758/5758 5750/5750/5750
f 5758/5758/5758 5749/5749/5749 5755/5755/5755
f 5759/5759/5759 5751/5751/5751 5750/5750/5750
f 5758/5758/5758 5759/5759/5759 5750/5750/5750
f 5760/5760/5760 5751/5751/5751 5759/5759/5759
f 5754/5754/5754 5761/5761/5761 5755/5755/5755
f 5761/5761/5761 5758/5758/5758 5755/5755/5755
f 5762/5762/5762 5754/5754/5754 5756/5756/5756
f 5754/5754/5754 5762/5762/5762 5761/5761/5761
f 5756/5756/5756 5757/5757/5757 5763/5763/5763
f 5762/5762/5762 5756/5756/5756 5763/5763/5763
f 5757/5757/5757 5764/5764/5764 5763/5763/5763
f 5758/5758/5758 5765/5765/5765 5759/5759/5759
f 5765/5765/5765 5758/5758/5758 5761/5761/5761
f 5766/5766/5766 5760/5760/5760 5759/5759/5759
f 5765/5765/5765 5766/5766/5766 5759/5759/5759
f 5767/5767/5767 5760/5760/5760 5766/5766/5766
f 5762/5762/5762 5768/5768/5768 5761/5761/5761
f 5768/5768/5768 5765/5765/5765 5761/5761/5761
f 5769/5769/5769 5762/5762/5762 5763/5763/5763
f 5762/5762/5762 5769/5769/5769 5768/5768/5768
f 5763/5763/5763 5764/5764/5764 5770/5770/5770
f 5769/5769/5769 5763/5763/5763 5770/5770/5770
f 5764/5764/5764 5771/5771/5771 5770/5770/5770
f 5765/5765/5765 5772/5772/5772 5766/5766/5766
f 5772/5772/5772 5765/5765/5765 5768/5768/5768
f 5773/5773/5773 5767/5767/5767 5766/5766/5766
f 5772/5772/5772 5773/5773/5773 5766/5766/5766
f 5774/5774/5774 5767/5767/5767 5773/5773/5773
f 5769/5769/5769 5775/5775/5775 5768/5768/5768
f 5775/5775/5775 5772/5772/5772 5768/5768/5768
f 5776/5776/5776 5769/5769/5769 5770/5770/5770
f 5769/5769/5769 5776/5776/5776 5775/5775/5775
f 5770/5770/5770 5771/5771/5771 5777/5777/5777
f 5776/5776/5776 5770/5770/5770 5777/5777/5777
f 5771/5771/5771 5778/5778/5778 5777/5777/5777
f 5779/5779/5779 5774/5774/5774 5773/5773/5773
f 5780/5780/5780 5774/5774/5774 5779/5779/5779
f 5772/5772/5772 5781/5781/5781 5773/5773/5773
f 5781/5781/5781 5779/5779/5779 5773/5773/5773
f 5772/5772/5772 5775/5775/5775 5782/5782/5782
f 5776/5776/5776 5782/5782/5782 5775/5775/5775
f 5781/5781/5781 5772/5772/5772 5782/5782/5782
f 5783/5783/5783 5776/5776/5776 5777/5777/5777
f 5776/5776/5776 5783/5783/5783 5782/5782/5782
f 5777/5777/5777 5778/5778/5778 5784/5784/5784
f 5783/5783/5783 5777/5777/5777 5784/5784/5784
f 5778/5778/5778 5785/5785/5785 5784/5784/5784
f 5786/5786/5786 5780/5780/5780 5779/5779/5779
f 5787/5787/5787 5780/5780/5780 5786/5786/5786
f 5781/5781/5781 5782/5782/5782 5788/5788/5788
f 5783/5783/5783 5788/5788/5788 5782/5782/5782
f 5781/5781/5781 5789/5789/5789 5779/5779/5779
f 5789/5789/5789 5786/5786/5786 5779/5779/5779
f 5789/5789/5789 5781/5781/5781 5788/5788/5788
f 5790/5790/5790 5787/5787/5787 5786/5786/5786
f 5791/5791/5791 5787/5787/5787 5790/5790/5790
f 5785/5785/5785 5791/5791/5791 5792/5792/5792
f 5784/5784/5784 5785/5785/5785 5792/5792/5792
f 5792/5792/5792 5791/5791/5791 5790/5790/5790
f 5783/5783/5783 5793/5793/5793 5788/5788/5788
f 5793/5793/5793 5783/5783/5783 5784/5784/5784
f 5792/5792/5792 5794/5794/5794 5784/5784/5784
f 5794/5794/5794 5792/5792/5792 5790/5790/5790
f 5794/5794/5794 5793/5793/5793 5784/5784/5784
f 5795/5795/5795 5790/5790/5790 5786/5786/5786
f 5789/5789/5789 5795/5795/5795 5786/5786/5786
f 5795/5795/5795 5794/5794/5794 5790/5790/5790
f 5793/5793/5793 5796/5796/5796 5788/5788/5788
f 5789/5789/5789 5788/5788/5788 5796/5796/5796
f 5793/5793/5793 5794/5794/5794 5796/5796/5796
f 5794/5794/5794 5795/5795/5795 5796/5796/5796
f 5795/5795/5795 5789/5789/5789 5796/5796/5796
f 5799/5799/5799 5798/5798/5798 5797/5797/5797
f 5797/5797/5797 5798/5798/5798 5800/5800/5800
f 5798/5798/5798 5801/5801/5801 5800/5800/5800
f 5800/5800/5800 5801/5801/5801 5802/5802/5802
f 5801/5801/5801 5803/5803/5803 5802/5802/5802
f 5804/5804/5804 5799/5799/5799 5797/5797/5797
f 5804/5804/5804 5797/5797/5797 5805/5805/5805
f 5806/5806/5806 5799/5799/5799 5804/5804/5804
f 5807/5807/5807 5797/5797/5797 5800/5800/5800
f 5802/5802/5802 5807/5807/5807 5800/5800/5800
f 5797/5797/5797 5807/5807/5807 5805/5805/5805
f 5808/5808/5808 5806/5806/5806 5804/5804/5804
f 5804/5804/5804 5805/5805/5805 5808/5808/5808
f 5809/5809/5809 5806/5806/5806 5808/5808/5808
f 5810/5810/5810 5809/5809/5809 5808/5808/5808
f 5805/5805/5805 5810/5810/5810 5808/5808/5808
f 5811/5811/5811 5809/5809/5809 5810/5810/5810
f 5802/5802/5802 5803/5803/5803 5812/5812/5812
f 5803/5803/5803 5813/5813/5813 5812/5812/5812
f 5814/5814/5814 5807/5807/5807 5802/5802/5802
f 5805/5805/5805 5807/5807/5807 5814/5814/5814
f 5812/5812/5812 5814/5814/5814 5802/5802/5802
f 5815/5815/5815 5811/5811/5811 5810/5810/5810
f 5816/5816/5816 5811/5811/5811 5815/5815/5815
f 5812/5812/5812 5813/5813/5813 5817/5817/5817
f 5813/5813/5813 5818/5818/5818 5817/5817/5817
f 5810/5810/5810 5805/5805/5805 5819/5819/5819
f 5815/5815/5815 5810/5810/5810 5819/5819/5819
f 5814/5814/5814 5812/5812/5812 5820/5820/5820
f 5812/5812/5812 5817/5817/5817 5820/5820/5820
f 5821/5821/5821 5805/5805/5805 5814/5814/5814
f 5821/5821/5821 5819/5819/5819 5805/5805/5805
f 5814/5814/5814 5820/5820/5820 5821/5821/5821
f 5822/5822/5822 5816/5816/5816 5815/5815/5815
f 5823/5823/5823 5816/5816/5816 5822/5822/5822
f 5819/5819/5819 5824/5824/5824 5815/5815/5815
f 5824/5824/5824 5819/5819/5819 5821/5821/5821
f 5824/5824/5824 5822/5822/5822 5815/5815/5815
f 5817/5817/5817 5818/5818/5818 5825/5825/5825
f 5818/5818/5818 5826/5826/5826 5825/5825/5825
f 5820/5820/5820 5827/5827/5827 5821/5821/5821
f 5827/5827/5827 5824/5824/5824 5821/5821/5821
f 5828/5828/5828 5820/5820/5820 5817/5817/5817
f 5825/5825/5825 5828/5828/5828 5817/5817/5817
f 5820/5820/5820 5828/5828/5828 5827/5827/5827
f 5829/5829/5829 5823/5823/5823 5822/5822/5822
f 5830/5830/5830 5823/5823/5823 5829/5829/5829
f 5824/5824/5824 5831/5831/5831 5822/5822/5822
f 5831/5831/5831 5824/5824/5824 5827/5827/5827
f 5831/5831/5831 5829/5829/5829 5822/5822/5822
f 5832/5832/5832 5830/5830/5830 5829/5829/5829
f 5829/5829/5829 5831/5831/5831 5832/5832/5832
f 5833/5833/5833 5830/5830/5830 5832/5832/5832
f 5825/5825/5825 5826/5826/5826 5834/5834/5834
f 5826/5826/5826 5835/5835/5835 5834/5834/5834
f 5836/5836/5836 5828/5828/5828 5825/5825/5825
f 5834/5834/5834 5836/5836/5836 5825/5825/5825
f 5828/5828/5828 5837/5837/5837 5827/5827/5827
f 5837/5837/5837 5831/5831/5831 5827/5827/5827
f 5828/5828/5828 5836/5836/5836 5837/5837/5837
f 5831/5831/5831 5838/5838/5838 5832/5832/5832
f 5838/5838/5838 5831/5831/5831 5837/5837/5837
f 5839/5839/5839 5833/5833/5833 5832/5832/5832
f 5832/5832/5832 5838/5838/5838 5839/5839/5839
f 5840/5840/5840 5833/5833/5833 5839/5839/5839
f 5834/5834/5834 5835/5835/5835 5841/5841/5841
f 5835/5835/5835 5842/5842/5842 5841/5841/5841
f 5836/5836/5836 5843/5843/5843 5837/5837/5837
f 5843/5843/5843 5838/5838/5838 5837/5837/5837
f 5844/5844/5844 5836/5836/5836 5834/5834/5834
f 5841/5841/5841 5844/5844/5844 5834/5834/5834
f 5836/5836/5836 5844/5844/5844 5843/5843/5843
f 5838/5838/5838 5845/5845/5845 5839/5839/5839
f 5845/5845/5845 5838/5838/5838 5843/5843/5843
f 5846/5846/5846 5840/5840/5840 5839/5839/5839
f 5839/5839/5839 5845/5845/5845 5846/5846/5846
f 5847/5847/5847 5840/5840/5840 5846/5846/5846
f 5841/5841/5841 5842/5842/5842 5848/5848/5848
f 5842/5842/5842 5849/5849/5849 5848/5848/5848
f 5850/5850/5850 5845/5845/5845 5843/5843/5843
f 5844/5844/5844 5850/5850/5850 5843/5843/5843
f 5845/5845/5845 5851/5851/5851 5846/5846/5846
f 5851/5851/5851 5845/5845/5845 5850/5850/5850
f 5852/5852/5852 5847/5847/5847 5846/5846/5846
f 5846/5846/5846 5851/5851/5851 5852/5852/5852
f 5853/5853/5853 5847/5847/5847 5852/5852/5852
f 5854/5854/5854 5844/5844/5844 5841/5841/5841
f 5848/5848/5848 5854/5854/5854 5841/5841/5841
f 5850/5850/5850 5844/5844/5844 5855/5855/5855
f 5855/5855/5855 5851/5851/5851 5850/5850/5850
f 5844/5844/5844 5854/5854/5854 5855/5855/5855
f 5848/5848/5848 5849/5849/5849 5856/5856/5856
f 5849/5849/5849 5857/5857/5857 5856/5856/5856
f 5851/5851/5851 5858/5858/5858 5852/5852/5852
f 5858/5858/5858 5851/5851/5851 5855/5855/5855
f 5859/5859/5859 5853/5853/5853 5852/5852/5852
f 5852/5852/5852 5858/5858/5858 5859/5859/5859
f 5860/5860/5860 5853/5853/5853 5859/5859/5859
f 5855/5855/5855 5854/5854/5854 5861/5861/5861
f 5861/5861/5861 5858/5858/5858 5855/5855/5855
f 5862/5862/5862 5854/5854/5854 5848/5848/5848
f 5856/5856/5856 5862/5862/5862 5848/5848/5848
f 5854/5854/5854 5862/5862/5862 5861/5861/5861
f 5856/5856/5856 5857/5857/5857 5863/5863/5863
f 5857/5857/5857 5864/5864/5864 5863/5863/5863
f 5864/5864/5864 5860/5860/5860 5865/5865/5865
f 5865/5865/5865 5860/5860/5860 5859/5859/5859
f 5863/5863/5863 5864/5864/5864 5865/5865/5865
f 5866/5866/5866 5858/5858/5858 5861/5861/5861
f 5858/5858/5858 5866/5866/5866 5859/5859/5859
f 5867/5867/5867 5865/5865/5865 5859/5859/5859
f 5865/5865/5865 5867/5867/5867 5863/5863/5863
f 5866/5866/5866 5867/5867/5867 5859/5859/5859
f 5863/5863/5863 5868/5868/5868 5856/5856/5856
f 5868/5868/5868 5862/5862/5862 5856/5856/5856
f 5867/5867/5867 5868/5868/5868 5863/5863/5863
f 5869/5869/5869 5866/5866/5866 5861/5861/5861
f 5861/5861/5861 5862/5862/5862 5869/5869/5869
f 5862/5862/5862 5868/5868/5868 5869/5869/5869
f 5868/5868/5868 5867/5867/5867 5869/5869/5869
f 5867/5867/5867 5866/5866/5866 5869/5869/5869
f 5872/5872/5872 5871/5871/5871 5870/5870/5870
f 5870/5870/5870 5873/5873/5873 5872/5872/5872
f 5871/5871/5871 5874/5874/5874 5870/5870/5870
f 5870/5870/5870 5874/5874/5874 5873/5873/5873
f 5873/5873/5873 5875/5875/5875 5872/5872/5872
f 5872/5872/5872 5875/5875/5875 5871/5871/5871
f 5873/5873/5873 5874/5874/5874 5876/5876/5876
f 5875/5875/5875 5873/5873/5873 5876/5876/5876
f 5874/5874/5874 5871/5871/5871 5877/5877/5877
f 5874/5874/5874 5877/5877/5877 5876/5876/5876
f 5878/5878/5878 5871/5871/5871 5875/5875/5875
f 5871/5871/5871 5878/5878/5878 5877/5877/5877
f 5879/5879/5879 5875/5875/5875 5876/5876/5876
f 5879/5879/5879 5878/5878/5878 5875/5875/5875
f 5876/5876/5876 5877/5877/5877 5880/5880/5880
f 5879/5879/5879 5876/5876/5876 5880/5880/5880
f 5877/5877/5877 5878/5878/5878 5881/5881/5881
f 5877/5877/5877 5881/5881/5881 5880/5880/5880
f 5882/5882/5882 5878/5878/5878 5879/5879/5879
f 5878/5878/5878 5882/5882/5882 5881/5881/5881
f 5883/5883/5883 5879/5879/5879 5880/5880/5880
f 5883/5883/5883 5882/5882/5882 5879/5879/5879
f 5880/5880/5880 5881/5881/5881 5884/5884/5884
f 5883/5883/5883 5880/5880/5880 5884/5884/5884
f 5881/5881/5881 5882/5882/5882 5885/5885/5885
f 5881/5881/5881 5885/5885/5885 5884/5884/5884
f 5886/5886/5886 5882/5882/5882 5883/5883/5883
f 5882/5882/5882 5886/5886/5886 5885/5885/5885
f 5885/5885/5885 5887/5887/5887 5884/5884/5884
f 5885/5885/5885 5886/5886/5886 5887/5887/5887
f 5888/5888/5888 5883/5883/5883 5884/5884/5884
f 5888/5888/5888 5886/5886/5886 5883/5883/5883
f 5887/5887/5887 5889/5889/5889 5884/5884/5884
f 5888/5888/5888 5884/5884/5884 5889/5889/5889
f 5890/5890/5890 5886/5886/5886 5888/5888/5888
f 5886/5886/5886 5890/5890/5890 5887/5887/5887
f 5891/5891/5891 5888/5888/5888 5889/5889/5889
f 5891/5891/5891 5890/5890/5890 5888/5888/5888
f 5889/5889/5889 5887/5887/5887 5892/5892/5892
f 5891/5891/5891 5889/5889/5889 5892/5892/5892
f 5887/5887/5887 5890/5890/5890 5893/5893/5893
f 5887/5887/5887 5893/5893/5893 5892/5892/5892
f 5894/5894/5894 5890/5890/5890 5891/5891/5891
f 5890/5890/5890 5894/5894/5894 5893/5893/5893
f 5895/5895/5895 5891/5891/5891 5892/5892/5892
f 5895/5895/5895 5894/5894/5894 5891/5891/5891
f 5892/5892/5892 5893/5893/5893 5896/5896/5896
f 5895/5895/5895 5892/5892/5892 5896/5896/5896
f 5893/5893/5893 5894/5894/5894 5897/5897/5897
f 5893/5893/5893 5897/5897/5897 5896/5896/5896
f 5898/5898/5898 5894/5894/5894 5895/5895/5895
f 5894/5894/5894 5898/5898/5898 5897/5897/5897
f 5899/5899/5899 5895/5895/5895 5896/5896/5896
f 5899/5899/5899 5898/5898/5898 5895/5895/5895
f 5896/5896/5896 5897/5897/5897 5900/5900/5900
f 5899/5899/5899 5896/5896/5896 5900/5900/5900
f 5897/5897/5897 5898/5898/5898 5901/5901/5901
f 5897/5897/5897 5901/5901/5901 5900/5900/5900
f 5902/5902/5902 5898/5898/5898 5899/5899/5899
f 5898/5898/5898 5902/5902/5902 5901/5901/5901
f 5903/5903/5903 5902/5902/5902 5899/5899/5899
f 5903/5903/5903 5899/5899/5899 5900/5900/5900
f 5904/5904/5904 5902/5902/5902 5903/5903/5903
f 5902/5902/5902 5904/5904/5904 5901/5901/5901
f 5905/5905/5905 5903/5903/5903 5900/5900/5900
f 5905/5905/5905 5904/5904/5904 5903/5903/5903
f 5900/5900/5900 5901/5901/5901 5906/5906/5906
f 5906/5906/5906 5905/5905/5905 5900/5900/5900
f 5901/5901/5901 5907/5907/5907 5906/5906/5906
f 5904/5904/5904 5907/5907/5907 5901/5901/5901
f 5906/5906/5906 5907/5907/5907 5908/5908/5908
f 5905/5905/5905 5906/5906/5906 5908/5908/5908
f 5907/5907/5907 5904/5904/5904 5909/5909/5909
f 5907/5907/5907 5909/5909/5909 5908/5908/5908
f 5910/5910/5910 5904/5904/5904 5905/5905/5905
f 5904/5904/5904 5910/5910/5910 5909/5909/5909
f 5911/5911/5911 5905/5905/5905 5908/5908/5908
f 5911/5911/5911 5910/5910/5910 5905/5905/5905
f 5908/5908/5908 5909/5909/5909 5912/5912/5912
f 5908/5908/5908 5912/5912/5912 5911/5911/5911
f 5909/5909/5909 5910/5910/5910 5913/5913/5913
f 5909/5909/5909 5913/5913/5913 5912/5912/5912
f 5912/5912/5912 5914/5914/5914 5911/5911/5911
f 5911/5911/5911 5914/5914/5914 5910/5910/5910
f 5910/5910/5910 5915/5915/5915 5913/5913/5913
f 5913/5913/5913 5915/5915/5915 5912/5912/5912
f 5914/5914/5914 5915/5915/5915 5910/5910/5910
f 5915/5915/5915 5914/5914/5914 5912/5912/5912
f 5918/5918/5918 5917/5917/5917 5916/5916/5916
f 5917/5917/5917 5919/5919/5919 5916/5916/5916
f 5917/5917/5917 5918/5918/5918 5920/5920/5920
f 5919/5919/5919 5917/5917/5917 5920/5920/5920
f 5919/5919/5919 5921/5921/5921 5916/5916/5916
f 5921/5921/5921 5918/5918/5918 5916/5916/5916
f 5921/5921/5921 5919/5919/5919 5920/5920/5920
f 5918/5918/5918 5921/5921/5921 5920/5920/5920
