g WP_Emma_S005_SP01_Hat
v 0.10735195 0.049649052 0.10317367
v 0.10544094 0.0051825973 -0.068481445
v 0.116268806 0.0051823924 0.10316574
v -0.10544092 0.0051825973 -0.068481445
v -0.10735182 0.049649198 0.10317367
v -0.116268784 0.0051825596 0.10316574
v -0.07455797 0.07974005 -0.06850807
v -0.08221441 0.08739697 0.103165664
v -0.044466496 0.11253447 0.1031736
v -0 0.11062296 -0.068534546
v 1.14440915E-07 0.121451296 0.103165664
v 0.044466667 0.11253442 0.1031736
v 0.07455799 0.07974005 -0.06850807
v 0.10735195 0.049649052 0.10317367
v 0.08221453 0.08739687 0.103165664
v 0.10544094 0.0051825973 -0.068481445
v 0.10735189 -0.039284263 0.10317367
v 0.116268806 0.0051823924 0.10316574
v -0.10735189 -0.0392841 0.10317367
v -0.10544092 0.0051825973 -0.068481445
v -0.116268784 0.0051825596 0.10316574
v -0.10735189 -0.0392841 0.10317367
v -0.07455797 -0.069375485 -0.06850799
v -0.07455797 0.07974005 -0.06850807
v -0.10735182 0.049649198 0.10317367
v -0.10544092 0.0051825973 -0.068481445
v -0 0.0051826597 0.10987815
v -0.10602903 -0.038736112 0.104807205
v -0.11476503 0.0051825596 0.104807205
v -0 0.0051826597 0.10987815
v 0.04391863 -0.1008466 0.104807205
v -5.7220458E-08 -0.109582536 0.104807205
v 0.044466667 0.11253442 0.1031736
v 0.07455799 0.07974005 -0.06850807
v 0.08221453 0.08739687 0.103165664
v 0.10735189 -0.039284263 0.10317367
v 0.10544094 0.0051825973 -0.068481445
v 0.07455799 -0.069375485 -0.06850799
v -0 0.0051826597 0.10987815
v -0.11476503 0.0051825596 0.104807205
v -0.106029 0.04910122 0.104807205
v -0.06485411 -0.14697075 0.14016968
v -0.06363588 -0.14438327 0.13762695
v -0.067162916 -0.14232308 0.13681267
v -0.06903513 -0.14413057 0.13888817
v -0.06472623 -0.14640361 0.1421444
v -0.07327558 -0.13563824 0.12724106
v -0.07052557 -0.13623805 0.12740287
v -0.069275685 -0.14313753 0.14064132
v -0.07298544 -0.11306855 0.07471679
v -0.06933771 -0.1155673 0.07511352
v -0.060111027 -0.106671855 0.014958496
v -0.06593347 -0.13903849 0.13880126
v -0.061997812 -0.14169918 0.13997315
v -0.05798475 -0.13508004 0.13205917
v -0.06861967 -0.13107878 0.12988433
v -0.039135743 -0.11310572 0.08333664
v -0.07385969 -0.13300982 0.12799552
v -0.07334032 -0.10858206 0.07546852
v -0.06506475 -0.10079752 0.014859542
v -0.034563903 -0.10774407 -0.03682846
v -0.06713755 -0.1066988 0.07744881
v -0.064870626 -0.09599977 0.015770568
v -0.0571002 -0.09298139 0.01815666
v -0.021031303 -0.097247265 0.025914
v -0.0061967275 -0.09375144 -0.02757637
v -0.03780502 -0.09527064 -0.035328902
v -0.030656451 -0.09296265 -0.033218917
v -0.0012550735 -0.09696533 -0.053973768
v -0.040327433 -0.100799225 -0.03692322
v -0.011746234 -0.09766483 -0.056405257
v 0.00063945766 -0.10585717 -0.062606886
v -0.015383568 -0.10035944 -0.057687834
v -0.017587014 -0.105144925 -0.059066314
v -0.012588996 -0.10999745 -0.05908035
v 0.12506492 -0.14186607 0.12877166
v 0.12496077 -0.13647194 0.1231443
v 0.12288356 -0.13933814 0.12661506
v 0.12758166 -0.13810991 0.12469421
v 0.12537211 -0.1413095 0.13081314
v 0.12682274 -0.12845677 0.110371165
v 0.1241884 -0.12942539 0.11120674
v 0.11038049 -0.1049116 0.058396146
v 0.10713997 -0.10795329 0.059624556
v 0.08148203 -0.099594 0.0017183685
v 0.12722777 -0.12566243 0.11098488
v 0.12814878 -0.13706616 0.12643524
v 0.12383991 -0.13325395 0.12557854
v 0.12151861 -0.13679329 0.12949027
v 0.112821884 -0.13010791 0.119000696
v 0.12250604 -0.124825 0.114187695
v 0.0787533 -0.109301336 0.075624466
v 0.10445804 -0.09910432 0.06285965
v 0.044072438 -0.0949081 0.02296936
v 0.11038124 -0.10024598 0.059229277
v 0.08569315 -0.09290841 0.0005845642
v 0.07762337 -0.08588236 0.006205215
v 0.03807823 -0.08891362 -0.03884071
v 0.01516756 -0.09286759 -0.027009735
v 0.08514793 -0.087992586 0.0017281341
v 0.047752075 -0.095741555 -0.045303114
v 0.042860754 -0.103633605 -0.044008713
v 0.015492001 -0.10861435 -0.060944747
v 0.044965267 -0.090372205 -0.042856216
v 0.013832016 -0.09602391 -0.05758232
v 0.0038818931 -0.09665003 -0.052458115
v 0.0008666801 -0.10600533 -0.06100044
v 0.017467918 -0.098332 -0.059892196
v 0.01990057 -0.10297716 -0.0620137
v -0 -0.0978772 -0.12153946
v -0 -0.097598344 -0.12774651
v -0.072677135 -0.06749462 -0.1277092
v -0.072874315 -0.06769179 -0.12150337
v -0 -0.100258365 -0.06853439
v -0.102781005 0.0051825857 -0.12767181
v -0.07455797 -0.069375485 -0.06850799
v -0.10305986 0.005182588 -0.12146713
v -0.072677135 0.077859074 -0.12770927
v -0.10544092 0.0051825973 -0.068481445
v -0.072874315 0.078056246 -0.12150344
v -0 0.1079629 -0.12774658
v -0.07455797 0.07974005 -0.06850807
v -0 0.10824174 -0.12153961
v -0 0.11062296 -0.068534546
v -0.15999258 -0.10176813 -0.12967491
v -0.18871064 -0.032394007 -0.12961929
v -0.102781005 0.0051825857 -0.12767181
v -0.072677135 -0.06749462 -0.1277092
v -0.106950164 -0.15481055 -0.12975372
v -0.03757616 -0.18352863 -0.12980941
v -0 -0.097598344 -0.12774651
v 0.0375762 -0.18352863 -0.12980941
v 0.072677135 -0.06749462 -0.1277092
v 0.106950186 -0.15481055 -0.12975372
v 0.15999265 -0.10176813 -0.12967491
v 0.102781005 0.0051825857 -0.12767181
v 0.18871063 -0.03239401 -0.12961929
v -0 0.0051826597 0.10987815
v -0.106029 0.04910122 0.104807205
v -0.08115106 0.08633365 0.10480712
v -0.04391855 0.111211546 0.10480712
v -0 0.0051826597 0.10987815
v 1.14440915E-07 0.119947486 0.10480712
v 0.04391878 0.111211486 0.10480712
v 0.08115118 0.08633354 0.10480712
v 0.10602911 0.04910107 0.104807205
v 0.11476503 0.0051823948 0.104807205
v 0.10602903 -0.038736265 0.104807205
v 0.08115108 -0.0759687 0.104807205
v 0.04391863 -0.1008466 0.104807205
v -5.7220458E-08 -0.109582536 0.104807205
v -0.043918744 -0.100846544 0.104807205
v -0.08115114 -0.075968586 0.104807205
v -0.10602903 -0.038736112 0.104807205
v -0.18871064 -0.032394007 -0.12961929
v -0.18871064 0.04275783 -0.12961929
v -0.102781005 0.0051825857 -0.12767181
v -0.072677135 0.077859074 -0.12770927
v -0.15999258 0.112131864 -0.12967506
v -0.106950164 0.16517429 -0.12975387
v -0 0.1079629 -0.12774658
v -0.03757612 0.19389209 -0.12980957
v 0.03757616 0.19389209 -0.12980957
v 0.106950186 0.16517429 -0.12975387
v 0.072677135 0.077859074 -0.12770927
v 0.15999262 0.11213184 -0.12967506
v 0.18871066 0.042757824 -0.12961929
v 0.102781005 0.0051825857 -0.12767181
v 0.18871063 -0.03239401 -0.12961929
v -0.18871064 0.042758286 -0.14040451
v -0.18871064 0.04275783 -0.12961929
v -0.18871064 -0.032394007 -0.12961929
v -0.18871064 -0.032393645 -0.14040451
v -0.15999258 -0.10176813 -0.12967491
v -0.15999262 -0.10176775 -0.14043258
v -0.106950164 -0.15481055 -0.12975372
v -0.106950164 -0.15481016 -0.14047241
v -0.03757616 -0.18352863 -0.12980941
v -0.0375762 -0.18352824 -0.14050049
v 0.0375762 -0.18352863 -0.12980941
v 0.03757618 -0.18352824 -0.14050049
v 0.106950186 -0.15481055 -0.12975372
v 0.106950186 -0.15481016 -0.14047241
v 0.15999265 -0.10176813 -0.12967491
v 0.15999262 -0.10176775 -0.14043258
v 0.18871063 -0.03239401 -0.12961929
v 0.18871063 -0.032393645 -0.14040451
v 0.18871066 0.042757824 -0.12961929
v 0.18871063 0.042758286 -0.14040451
v -0 -0.0978772 -0.12153946
v 0.072677135 -0.06749462 -0.1277092
v -0 -0.097598344 -0.12774651
v 0.0728743 -0.06769179 -0.12150337
v -0 -0.100258365 -0.06853439
v 0.102781005 0.0051825857 -0.12767181
v 0.07455799 -0.069375485 -0.06850799
v 0.10305984 0.005182588 -0.12146713
v 0.072677135 0.077859074 -0.12770927
v 0.10544094 0.0051825973 -0.068481445
v 0.0728743 0.078056246 -0.12150344
v -0 0.1079629 -0.12774658
v 0.07455799 0.07974005 -0.06850807
v -0 0.10824174 -0.12153961
v -0 0.11062296 -0.068534546
v -0.07455797 -0.069375485 -0.06850799
v -0.10735189 -0.0392841 0.10317367
v -0.08221449 -0.077031925 0.10316574
v -0.04446665 -0.102169454 0.10317367
v -0 -0.100258365 -0.06853439
v -5.7220458E-08 -0.111086346 0.10316581
v 0.044466533 -0.10216952 0.10317367
v 0.07455799 -0.069375485 -0.06850799
v 0.07455799 -0.069375485 -0.06850799
v 0.08221441 -0.07703204 0.10316574
v 0.10735189 -0.039284263 0.10317367
v -0.15999258 0.112131864 -0.12967506
v -0.18871064 0.04275783 -0.12961929
v -0.18871064 0.042758286 -0.14040451
v -0.15999258 0.11213225 -0.14043273
v -0.106950164 0.16517429 -0.12975387
v -0.10695005 0.16517468 -0.14047249
v -0.03757612 0.19389209 -0.12980957
v -0.03757612 0.19389278 -0.14050063
v 0.03757614 0.19389278 -0.14050063
v 0.03757616 0.19389209 -0.12980957
v 0.10695005 0.16517468 -0.14047249
v 0.106950186 0.16517429 -0.12975387
v 0.1599926 0.11213225 -0.14043273
v 0.15999262 0.11213184 -0.12967506
v 0.18871063 0.042758286 -0.14040451
v 0.18871066 0.042757824 -0.12961929
v 0.006740017 -0.14167759 -0.09227043
v -0 -0.13956979 -0.09305496
v -0 -0.13546394 -0.0822522
v 0.00821579 -0.13746841 -0.08105461
v -0 -0.13057908 -0.07044403
v 0.067557104 -0.1706768 -0.11422233
v 0.011951408 -0.12573314 -0.09879852
v 0.07273983 -0.13661326 -0.1208725
v 0.008995552 -0.13270591 -0.06905799
v -0 -0.12477168 -0.05726532
v 0.008736229 -0.12718597 -0.05605995
v 0.07169107 -0.16145137 -0.08893913
v 0.07775566 -0.17466705 -0.11581642
v 0.0829384 -0.1406035 -0.12246665
v 0.08545999 -0.16639832 -0.090038605
v 0.09595022 -0.15522268 -0.05513832
v 0.08025728 -0.15078974 -0.05676735
v 0.08619007 -0.14105166 -0.02885643
v 0.09137277 -0.10698811 -0.035506666
v 0.013862209 -0.11129731 -0.06278854
v 0.10419056 -0.1103171 -0.033478394
v 0.09900785 -0.14438066 -0.026828155
v 0.09264259 -0.16877571 -0.09012626
v 0.09064272 -0.13233475 -0.096688844
v 0.097825274 -0.14212298 -0.09677658
v 0.103821486 -0.15738824 -0.054182738
v 0.10900419 -0.13073553 -0.0608329
v 0.10113292 -0.12115913 -0.06178856
v -0.011951408 -0.12573314 -0.09879852
v -0 -0.12285499 -0.09973449
v -0 -0.11879298 -0.089040376
v -0.013321476 -0.12151596 -0.0876464
v -0.07273981 -0.13661326 -0.1208725
v -0 -0.11399601 -0.07744415
v -0.076873794 -0.12738784 -0.09558937
v -0.0829384 -0.1406035 -0.12246665
v -0.090642676 -0.13233475 -0.096688844
v -0.014068203 -0.11678493 -0.07575066
v -0 -0.10823302 -0.06436981
v -0.013862209 -0.11129731 -0.06278854
v -0.085439965 -0.11672618 -0.06341758
v -0.09137277 -0.10698811 -0.035506666
v -0.10113291 -0.12115913 -0.06178856
v -0.104190536 -0.1103171 -0.033478394
v -0.097825296 -0.14212298 -0.09677658
v -0.10900419 -0.13073553 -0.0608329
v 0.097825274 -0.14212298 -0.09677658
v 0.10900419 -0.13073553 -0.0608329
v 0.10113292 -0.12115913 -0.06178856
v 0.09064272 -0.13233475 -0.096688844
v 0.076873794 -0.12738784 -0.09558937
v 0.0829384 -0.1406035 -0.12246665
v 0.07273983 -0.13661326 -0.1208725
v 0.0133214565 -0.12151596 -0.0876464
v 0.011951408 -0.12573314 -0.09879852
v 0.08543999 -0.11672618 -0.06341758
v 0.09137277 -0.10698811 -0.035506666
v 0.10419056 -0.1103171 -0.033478394
v 0.013862209 -0.11129731 -0.06278854
v 0.014068203 -0.11678493 -0.07575066
v -0 -0.11879298 -0.089040376
v -0 -0.11399601 -0.07744415
v -0 -0.12285499 -0.09973449
v 0.006740017 -0.14167759 -0.09227043
v -0 -0.10823302 -0.06436981
v -0 -0.13956979 -0.09305496
v -0.011951408 -0.12573314 -0.09879852
v -0.006739998 -0.14167759 -0.09227043
v -0 -0.13546394 -0.0822522
v -0.07273981 -0.13661326 -0.1208725
v -0 -0.12477168 -0.05726532
v 0.008736229 -0.12718597 -0.05605995
v -0.00821577 -0.13746841 -0.08105461
v -0 -0.13057908 -0.07044403
v -0.06755709 -0.1706768 -0.11422233
v -0.0829384 -0.1406035 -0.12246665
v -0.077755675 -0.17466705 -0.11581642
v -0.07169107 -0.16145137 -0.08893913
v -0.08545999 -0.16639832 -0.090038605
v -0.008995552 -0.13270591 -0.06905799
v -0.008736229 -0.12718597 -0.05605995
v -0.013862209 -0.11129731 -0.06278854
v -0.08025728 -0.15078974 -0.05676735
v -0.08619009 -0.14105166 -0.02885643
v -0.09137277 -0.10698811 -0.035506666
v -0.09595022 -0.15522268 -0.05513832
v -0.09900785 -0.14438066 -0.026828155
v -0.104190536 -0.1103171 -0.033478394
v -0.092642576 -0.16877571 -0.09012626
v -0.097825296 -0.14212298 -0.09677658
v -0.090642676 -0.13233475 -0.096688844
v -0.10900419 -0.13073553 -0.0608329
v -0.103821464 -0.15738824 -0.054182738
v -0.10113291 -0.12115913 -0.06178856
v -0.077755675 -0.17466705 -0.11581642
v -0.0829384 -0.1406035 -0.12246665
v -0.090642676 -0.13233475 -0.096688844
v -0.08545999 -0.16639832 -0.090038605
v -0.09595022 -0.15522268 -0.05513832
v -0.10113291 -0.12115913 -0.06178856
v -0.104190536 -0.1103171 -0.033478394
v -0.09900785 -0.14438066 -0.026828155
v 0.08545999 -0.16639832 -0.090038605
v 0.09064272 -0.13233475 -0.096688844
v 0.0829384 -0.1406035 -0.12246665
v 0.07775566 -0.17466705 -0.11581642
v 0.09900785 -0.14438066 -0.026828155
v 0.10419056 -0.1103171 -0.033478394
v 0.10113292 -0.12115913 -0.06178856
v 0.09595022 -0.15522268 -0.05513832
v 0.15701643 0.11014276 -0.14049247
v 0.051020086 0.08150598 -0.14213105
v 0.076323815 0.05620232 -0.14211197
v 0.10496055 0.16219848 -0.14053147
v 0.1599926 0.11213225 -0.14043273
v 0.18871063 0.042758286 -0.14040451
v 0.18520023 0.042059302 -0.14046478
v 0.18871063 -0.032393645 -0.14040451
v 0.18520023 -0.031694658 -0.14046478
v 0.10695005 0.16517468 -0.14047249
v 0.036877155 0.19038242 -0.14055908
v 0.03757614 0.19389278 -0.14050063
v -0.03757612 0.19389278 -0.14050063
v 0.017925529 0.095205866 -0.14214431
v 0.051020086 0.08150598 -0.14213105
v -0.036877118 0.19038242 -0.14055908
v -0.017925529 0.095205866 -0.14214431
v -0.104960576 0.16219848 -0.14053147
v -0.10695005 0.16517468 -0.14047249
v -0.15701638 0.110142775 -0.14049247
v -0.15999258 0.11213225 -0.14043273
v -0.07632383 0.05620233 -0.14211197
v -0.051020104 0.08150598 -0.14213105
v -0.09002367 0.023107743 -0.14209846
v -0.18520021 0.042059302 -0.14046478
v -0.09002367 -0.012743194 -0.14209846
v -0.18520021 -0.03169466 -0.14046478
v -0.18871064 0.042758286 -0.14040451
v -0.07632387 -0.045837834 -0.14211188
v -0.18871064 -0.032393645 -0.14040451
v -0.15701647 -0.09977827 -0.14049232
v -0.15999262 -0.10176775 -0.14043258
v -0.051020145 -0.071141504 -0.14213096
v -0.10496069 -0.15183398 -0.14053139
v -0.017925568 -0.084841356 -0.14214423
v -0.036877193 -0.18001784 -0.14055893
v 0.017925568 -0.08484136 -0.14214423
v 0.036877193 -0.18001784 -0.14055893
v 0.051020145 -0.071141504 -0.14213096
v 0.10496071 -0.15183398 -0.14053139
v 0.03757618 -0.18352824 -0.14050049
v 0.07632383 -0.045837834 -0.14211188
v 0.106950186 -0.15481016 -0.14047241
v 0.15701644 -0.09977827 -0.14049232
v 0.15999262 -0.10176775 -0.14043258
v 0.09002365 -0.012743194 -0.14209846
v 0.18520023 -0.031694658 -0.14046478
v 0.18520023 -0.031694658 -0.14046478
v 0.09002365 0.023107743 -0.14209846
v 0.18520023 0.042059302 -0.14046478
v 0.076323815 0.05620232 -0.14211197
v 0.15701643 0.11014276 -0.14049247
v 0.15999262 -0.10176775 -0.14043258
v 0.18871063 -0.032393645 -0.14040451
v 0.18520023 -0.031694658 -0.14046478
v 0.15701644 -0.09977827 -0.14049232
v -0.15999262 -0.10176775 -0.14043258
v -0.10496069 -0.15183398 -0.14053139
v -0.15701647 -0.09977827 -0.14049232
v -0.106950164 -0.15481016 -0.14047241
v -0.036877193 -0.18001784 -0.14055893
v -0.0375762 -0.18352824 -0.14050049
v 0.036877193 -0.18001784 -0.14055893
v 0.03757618 -0.18352824 -0.14050049
v -0.18871064 0.042758286 -0.14040451
v -0.18520021 0.042059302 -0.14046478
v -0.15701638 0.110142775 -0.14049247
v -0.017925529 0.095205866 -0.14214431
v -0.036877118 0.19038242 -0.14055908
v -0.104960576 0.16219848 -0.14053147
v -0.011893215 0.06491073 0.007139053
v -7.6293944E-08 0.0051822877 -0.042823486
v 0.0118930815 0.06491073 0.007139053
v -0.033850633 0.055821203 0.007147903
v 0.0338505 0.055821203 0.007147903
v -0.05063902 0.039032858 0.007160568
v 0.050638884 0.039032858 0.007160568
v -0.059728526 0.017075429 0.007169571
v 0.05972839 0.017075429 0.007169571
v -0.059728526 -0.00671077 0.007169571
v 0.05972839 -0.006710771 0.007169571
v -0.050639056 -0.028668242 0.007160568
v 0.050638884 -0.028668242 0.007160568
v -0.03385065 -0.0454566 0.0071479795
v 0.033850536 -0.0454566 0.0071479795
v -0.011893253 -0.0545461 0.0071391296
v 0.0118931 -0.05454611 0.0071391296
v 0.12288356 -0.13933814 0.12661506
v 0.11862646 -0.14095482 0.125736
v 0.119656 -0.14396298 0.12799598
v 0.12506492 -0.14186607 0.12877166
v 0.10692207 -0.14257728 0.118511274
v 0.119251676 -0.14362812 0.13009132
v 0.10312116 -0.14485058 0.120283045
v 0.12537211 -0.1413095 0.13081314
v 0.105026126 -0.14539658 0.11902229
v 0.06919411 -0.13624497 0.07496109
v 0.11645397 -0.13863252 0.12853897
v 0.12151861 -0.13679329 0.12949027
v 0.112821884 -0.13010791 0.119000696
v 0.104602374 -0.13925113 0.121725306
v 0.0787533 -0.109301336 0.075624466
v 0.06302349 -0.1315237 0.07968025
v 0.044072438 -0.0949081 0.02296936
v 0.065832324 -0.13946114 0.07618233
v 0.03175453 -0.12920247 0.02375656
v 0.039157715 -0.12606518 0.020249251
v 0.062641315 -0.13842095 0.07814751
v 0.028609484 -0.119779706 0.027102508
v 0.01516756 -0.09286759 -0.027009735
v 0.028007792 -0.12740102 0.026109084
v 0.0087596895 -0.11965045 -0.028148193
v 0.017818183 -0.11681078 -0.032611616
v 0.0051530073 -0.11016237 -0.024538726
v 0.0038818931 -0.09665003 -0.052458115
v 0.005053482 -0.11617835 -0.025528107
v 0.0033641432 -0.11410244 -0.055547103
v 0.008281937 -0.11292651 -0.05825981
v 0.0008666801 -0.10600533 -0.06100044
v 0.0007713318 -0.109639436 -0.053319473
v 0.00059144973 -0.105498835 -0.05237396
v 0.007872467 -0.10423919 -0.056482315
v 0.0008666801 -0.10600533 -0.06100044
v 0.008281937 -0.11292651 -0.05825981
v 0.017818183 -0.11681078 -0.032611616
v 0.015492001 -0.10861435 -0.060944747
v 0.024081992 -0.10300344 -0.033638306
v 0.042860754 -0.103633605 -0.044008713
v 0.039157715 -0.12606518 0.020249251
v 0.08148203 -0.099594 0.0017183685
v 0.056212083 -0.10834194 0.0140065765
v 0.085408516 -0.1197684 0.06914558
v 0.06919411 -0.13624497 0.07496109
v 0.10713997 -0.10795329 0.059624556
v 0.10692207 -0.14257728 0.118511274
v 0.11547348 -0.13471012 0.11514648
v 0.1241884 -0.12942539 0.11120674
v 0.11862646 -0.14095482 0.125736
v 0.12496077 -0.13647194 0.1231443
v 0.12288356 -0.13933814 0.12661506
v -0.06363588 -0.14438327 0.13762695
v -0.06485411 -0.14697075 0.14016968
v -0.06023069 -0.1487162 0.14012694
v -0.060160313 -0.1458033 0.13775764
v -0.059423313 -0.14832418 0.14197311
v -0.06472623 -0.14640361 0.1421444
v -0.049063623 -0.14906964 0.13025208
v -0.05127153 -0.14660712 0.13020797
v -0.02726343 -0.13779509 0.080606
v -0.057764873 -0.14324327 0.13984656
v -0.061997812 -0.14169918 0.13997315
v -0.05798475 -0.13508004 0.13205917
v -0.04706793 -0.14828989 0.13097496
v -0.048761692 -0.14305721 0.13264008
v -0.020997925 -0.13242628 0.08352394
v -0.039135743 -0.11310572 0.08333664
v -0.021031303 -0.097247265 0.025914
v -0.020190734 -0.13902608 0.08204147
v -0.023484515 -0.14044721 0.080968246
v -0.002810688 -0.11912664 0.02625122
v -0.0061967275 -0.09375144 -0.02757637
v -0.0015886115 -0.126375 0.025224227
v -0.0053982544 -0.12859946 0.023925247
v -0.013447017 -0.12655686 0.022386169
v 0.0026260947 -0.11865887 -0.030005721
v -0.007144928 -0.11712011 -0.032043763
v -0.0047733686 -0.11321262 -0.05825653
v 0.0062641525 -0.11483351 -0.028456725
v 0.00055603025 -0.11368864 -0.056881864
v 0.00063945766 -0.10585717 -0.062606886
v 0.005695324 -0.10906254 -0.027543334
v 0.0029541014 -0.10905547 -0.055441283
v 0.0028546522 -0.10504644 -0.05462448
v -0.0012550735 -0.09696533 -0.053973768
v 0.00063945766 -0.10585717 -0.062606886
v -0.0050006104 -0.10480477 -0.05674286
v -0.0047733686 -0.11321262 -0.05825653
v -0.012588996 -0.10999745 -0.05908035
v -0.007144928 -0.11712011 -0.032043763
v -0.014813651 -0.10466877 -0.031596906
v -0.034563903 -0.10774407 -0.03682846
v -0.032794245 -0.111759536 0.020496445
v -0.060111027 -0.106671855 0.014958496
v -0.013447017 -0.12655686 0.022386169
v -0.06933771 -0.1155673 0.07511352
v -0.04558569 -0.12407962 0.07892326
v -0.02726343 -0.13779509 0.080606
v -0.05127153 -0.14660712 0.13020797
v -0.060907494 -0.14016972 0.12904724
v -0.07052557 -0.13623805 0.12740287
v -0.060160313 -0.1458033 0.13775764
v -0.067162916 -0.14232308 0.13681267
v -0.06363588 -0.14438327 0.13762695
v -0.08758188 0.022621525 -0.14039597
v -0.09002367 0.023107743 -0.14209846
v -0.09002367 -0.012743194 -0.14209846
v -0.08758188 -0.012256977 -0.14039597
v -0.07425363 0.054818444 -0.14040916
v -0.07632387 -0.045837834 -0.14211188
v -0.07632383 0.05620233 -0.14211197
v -0.07425367 -0.04445396 -0.14040908
v -0.04963621 0.079435766 -0.14042762
v -0.051020145 -0.071141504 -0.14213096
v -0.051020104 0.08150598 -0.14213105
v -0.049636286 -0.06907129 -0.14042754
v -0.017439308 0.09276405 -0.1404406
v -0.017925568 -0.084841356 -0.14214423
v -0.017925529 0.095205866 -0.14214431
v -0.017439347 -0.08239954 -0.14044052
v 0.017439326 0.09276405 -0.1404406
v 0.017925568 -0.08484136 -0.14214423
v 0.017925529 0.095205866 -0.14214431
v 0.017439365 -0.08239955 -0.14044052
v 0.04963621 0.079435766 -0.14042762
v 0.051020145 -0.071141504 -0.14213096
v 0.051020086 0.08150598 -0.14213105
v 0.049636286 -0.06907129 -0.14042754
v 0.0742536 0.054818444 -0.14040916
v 0.07632383 -0.045837834 -0.14211188
v 0.076323815 0.05620232 -0.14211197
v 0.07425361 -0.04445396 -0.14040908
v 0.08758182 0.022621525 -0.14039597
v 0.09002365 -0.012743194 -0.14209846
v 0.09002365 0.023107743 -0.14209846
v 0.08758182 -0.012256978 -0.14039597
v -5.7220458E-08 -0.109582536 0.104807205
v -5.7220458E-08 -0.111086346 0.10316581
v -0.04446665 -0.102169454 0.10317367
v -0.043918744 -0.100846544 0.104807205
v 0.04391863 -0.1008466 0.104807205
v -0.08221449 -0.077031925 0.10316574
v 0.044466533 -0.10216952 0.10317367
v -0.08115114 -0.075968586 0.104807205
v 0.08115108 -0.0759687 0.104807205
v -0.10735189 -0.0392841 0.10317367
v 0.08221441 -0.07703204 0.10316574
v -0.10602903 -0.038736112 0.104807205
v 0.10602903 -0.038736265 0.104807205
v -0.116268784 0.0051825596 0.10316574
v 0.10735189 -0.039284263 0.10317367
v -0.11476503 0.0051825596 0.104807205
v 0.11476503 0.0051823948 0.104807205
v -0.10735182 0.049649198 0.10317367
v 0.116268806 0.0051823924 0.10316574
v -0.106029 0.04910122 0.104807205
v 0.10602911 0.04910107 0.104807205
v -0.08221441 0.08739697 0.103165664
v 0.10735195 0.049649052 0.10317367
v -0.08115106 0.08633365 0.10480712
v 0.08115118 0.08633354 0.10480712
v -0.044466496 0.11253447 0.1031736
v 0.08221453 0.08739687 0.103165664
v -0.04391855 0.111211546 0.10480712
v 0.04391878 0.111211486 0.10480712
v 1.14440915E-07 0.121451296 0.103165664
v 0.044466667 0.11253442 0.1031736
v 1.14440915E-07 0.119947486 0.10480712
v 0.08758182 -0.012256978 -0.14039597
v 0.05268036 -0.03003289 0.0002646637
v 0.07425361 -0.04445396 -0.14040908
v 0.062136266 -0.007190231 0.00027397156
v 0.08758182 0.022621525 -0.14039597
v 0.035215188 -0.047498047 0.00025161743
v 0.049636286 -0.06907129 -0.14042754
v 0.062136266 0.017554883 0.00027397156
v 0.0742536 0.054818444 -0.14040916
v 0.01237257 -0.056953993 0.00024230957
v 0.017439365 -0.08239955 -0.14044052
v 0.05268036 0.040397506 0.0002646637
v 0.04963621 0.079435766 -0.14042762
v -0.012372703 -0.05695398 0.00024230957
v -0.017439347 -0.08239954 -0.14044052
v 0.035215147 0.05786266 0.00025154112
v 0.017439326 0.09276405 -0.1404406
v -0.0352153 -0.047498055 0.00025161743
v -0.049636286 -0.06907129 -0.14042754
v 0.012372532 0.06731862 0.00024223328
v -0.017439308 0.09276405 -0.1404406
v -0.052680492 -0.03003289 0.00026474
v -0.07425367 -0.04445396 -0.14040908
v -0.012372665 0.06731862 0.00024223328
v -0.04963621 0.079435766 -0.14042762
v -0.0621364 -0.0071902284 0.00027397156
v -0.08758188 -0.012256977 -0.14039597
v -0.035215262 0.05786266 0.00025154112
v -0.07425363 0.054818444 -0.14040916
v -0.0621364 0.017554883 0.00027397156
v -0.08758188 0.022621525 -0.14039597
v -0.05268045 0.040397506 0.0002646637
v -0.050639056 -0.028668242 0.007160568
v -0.03385065 -0.0454566 0.0071479795
v -0.059728526 -0.00671077 0.007169571
v -0.059728526 0.017075429 0.007169571
v -0.011893253 -0.0545461 0.0071391296
v -0.05063902 0.039032858 0.007160568
v -0.033850633 0.055821203 0.007147903
v 0.0118931 -0.05454611 0.0071391296
v -0.011893215 0.06491073 0.007139053
v 0.033850536 -0.0454566 0.0071479795
v 0.0118930815 0.06491073 0.007139053
v 0.050638884 -0.028668242 0.007160568
v 0.0338505 0.055821203 0.007147903
v 0.05972839 -0.006710771 0.007169571
v 0.050638884 0.039032858 0.007160568
v 0.05972839 0.017075429 0.007169571
v -0.0023756789 -0.14509216 -0.07295227
v 0.0012138557 -0.14667043 -0.06972839
v 0.004803371 -0.14509216 -0.07295227
v 0.0012138557 -0.14211065 -0.067496106
v 0.004803371 -0.14053237 -0.07072006
v -0.0023756789 -0.14053237 -0.07072006
v 0.0012138557 -0.14351393 -0.07617622
v 0.0012138557 -0.13895413 -0.07394402
v -0.0023709296 -0.15237726 -0.079367444
v 0.001218605 -0.15451743 -0.07648567
v 0.0048081395 -0.15237726 -0.079367444
v 0.001218605 -0.15044166 -0.07345871
v 0.0048081395 -0.14830148 -0.07634041
v -0.0023709105 -0.14830148 -0.07634041
v 0.001218605 -0.15023707 -0.08224914
v 0.001218605 -0.1461613 -0.079222105
v 0.0012180901 -0.15339915 -0.0843367
v 0.0042984197 -0.1572166 -0.0840242
v 0.0012181092 -0.1557594 -0.082319185
v -0.0018622398 -0.1572166 -0.0840242
v 0.0012180901 -0.15920986 -0.0863562
v 0.0042984006 -0.15485631 -0.08604149
v -0.0018622398 -0.15485631 -0.08604141
v 0.0012181092 -0.1568496 -0.088373564
v 0.003582611 -0.1584551 -0.09025184
v -0.0011463928 -0.1584551 -0.09025184
v 0.0068785283 -0.15644385 -0.087898865
v -0.0044423104 -0.15644385 -0.087898865
v 0.003582611 -0.16081534 -0.08823471
v -0.0011463928 -0.16081534 -0.08823463
v 0.0068785283 -0.1588042 -0.08588165
v -0.0044423104 -0.15880418 -0.085881576
v 0.009171943 -0.1605853 -0.09274445
v 0.017009525 -0.15448233 -0.085604094
v 0.0044709775 -0.16547172 -0.08890365
v 0.0012181092 -0.16299951 -0.09079002
v 0.017009525 -0.15684263 -0.08358673
v 0.008025264 -0.1632352 -0.086287
v 0.005235462 -0.16318351 -0.09578415
v 0.0012180901 -0.16063924 -0.092807464
v 0.0012180901 -0.1664722 -0.09963203
v 0.016835174 -0.1613799 -0.08411636
v 0.0012181092 -0.16821074 -0.0921083
v -0.0020347976 -0.16547172 -0.08890365
v -0.002799244 -0.16318351 -0.09578407
v -0.0067357635 -0.16058527 -0.092744365
v -0.0055890847 -0.16323513 -0.086287
v -0.0143990135 -0.1613799 -0.08411629
v -0.014573402 -0.15684263 -0.083586805
v -0.014573402 -0.15448233 -0.085604094
v -0.014224644 -0.15883633 -0.09069794
v -0.023831291 -0.16505058 -0.088411026
v -0.021147823 -0.16164432 -0.09398338
v -0.026514778 -0.16137595 -0.088890456
v -0.026514739 -0.15901569 -0.09090782
v -0.026340121 -0.17278613 -0.097461395
v -0.029951438 -0.17078212 -0.09989563
v -0.029951438 -0.16842185 -0.10191315
v -0.017542686 -0.1826535 -0.11378501
v -0.02272888 -0.1677093 -0.101079404
v -0.015243873 -0.18328853 -0.109749064
v 0.0012181092 -0.19319691 -0.12134201
v -0.017542724 -0.18029323 -0.11580223
v -0.012944946 -0.17684276 -0.11176536
v 0.0012181092 -0.19389278 -0.12693489
v 0.0012181092 -0.19153251 -0.12895225
v 0.019978905 -0.18265346 -0.11378501
v 0.0012181092 -0.1854187 -0.12179924
v 0.019978905 -0.18029319 -0.1158023
v 0.015381126 -0.17684276 -0.11176529
v 0.017680015 -0.18328853 -0.109749064
v 0.032387637 -0.16842185 -0.10191315
v 0.032387655 -0.17078212 -0.0998957
v 0.028776398 -0.17278612 -0.09746147
v 0.025165118 -0.16770935 -0.101079404
v 0.023584042 -0.16164432 -0.09398338
v 0.026267529 -0.16505061 -0.08841095
v 0.028950976 -0.16137595 -0.08889038
v 0.028950976 -0.15901569 -0.09090782
v 0.016660862 -0.15883633 -0.09069801
vt 0.3322754 0.43041992
vt 0.3322754 0.36499023
vt 0.3322754 0.43041992
vt 0.3322754 0.36499023
vt 0.3322754 0.43041992
vt 0.3322754 0.43041992
vt 0.3322754 0.36499023
vt 0.3322754 0.43041992
vt 0.3322754 0.43041992
vt 0.3322754 0.36499023
vt 0.3322754 0.43041992
vt 0.3322754 0.43041992
vt 0.3322754 0.36499023
vt 0.3322754 0.43041992
vt 0.3322754 0.43041992
vt 0.3322754 0.36499023
vt 0.3322754 0.43041992
vt 0.3322754 0.43041992
vt 0.3322754 0.43041992
vt 0.3322754 0.36499023
vt 0.3322754 0.43041992
vt 0.3322754 0.43041992
vt 0.3322754 0.36499023
vt 0.3322754 0.36499023
vt 0.3322754 0.43041992
vt 0.3322754 0.36499023
vt 0.3322754 0.43286133
vt 0.3322754 0.4309082
vt 0.3322754 0.4309082
vt 0.3322754 0.43286133
vt 0.3322754 0.4309082
vt 0.3322754 0.4309082
vt 0.3322754 0.43041992
vt 0.3322754 0.36499023
vt 0.3322754 0.43041992
vt 0.3322754 0.43041992
vt 0.3322754 0.36499023
vt 0.3322754 0.36499023
vt 0.3322754 0.43286133
vt 0.3322754 0.4309082
vt 0.3322754 0.4309082
vt 0.16186523 0.5517578
vt 0.1616211 0.5517578
vt 0.16174316 0.55126953
vt 0.1619873 0.55126953
vt 0.1619873 0.5517578
vt 0.1619873 0.55078125
vt 0.16186523 0.55078125
vt 0.16210938 0.55126953
vt 0.16210938 0.5473633
vt 0.16174316 0.5473633
vt 0.1616211 0.54345703
vt 0.16235352 0.55126953
vt 0.16247559 0.5517578
vt 0.16308594 0.55126953
vt 0.16247559 0.55078125
vt 0.16455078 0.54785156
vt 0.16210938 0.55078125
vt 0.16235352 0.5473633
vt 0.16210938 0.54345703
vt 0.1616211 0.54052734
vt 0.16271973 0.5473633
vt 0.16235352 0.54345703
vt 0.1628418 0.54345703
vt 0.1652832 0.54345703
vt 0.16418457 0.5395508
vt 0.16247559 0.54052734
vt 0.1628418 0.54052734
vt 0.1628418 0.5385742
vt 0.16210938 0.54052734
vt 0.16247559 0.5390625
vt 0.16186523 0.53808594
vt 0.16235352 0.5390625
vt 0.16210938 0.5390625
vt 0.16174316 0.5390625
vt 0.16186523 0.5517578
vt 0.16174316 0.55126953
vt 0.1616211 0.5517578
vt 0.1619873 0.55126953
vt 0.1619873 0.5517578
vt 0.1619873 0.55078125
vt 0.16186523 0.55078125
vt 0.16210938 0.5473633
vt 0.16174316 0.5473633
vt 0.1616211 0.54345703
vt 0.16210938 0.55078125
vt 0.16210938 0.55126953
vt 0.16235352 0.55126953
vt 0.16247559 0.5517578
vt 0.16308594 0.55126953
vt 0.16247559 0.55078125
vt 0.16455078 0.54785156
vt 0.16271973 0.5473633
vt 0.1652832 0.54345703
vt 0.16235352 0.5473633
vt 0.16210938 0.54345703
vt 0.1628418 0.54345703
vt 0.1628418 0.54052734
vt 0.16418457 0.5395508
vt 0.16235352 0.54345703
vt 0.16210938 0.54052734
vt 0.1616211 0.54052734
vt 0.16174316 0.5390625
vt 0.16247559 0.54052734
vt 0.16247559 0.5390625
vt 0.1628418 0.5385742
vt 0.16186523 0.53808594
vt 0.16235352 0.5390625
vt 0.16210938 0.5390625
vt 0.49536133 0.25512695
vt 0.49536133 0.25195312
vt 0.4543457 0.25195312
vt 0.4543457 0.25512695
vt 0.49536133 0.28222656
vt 0.41308594 0.25195312
vt 0.4543457 0.28222656
vt 0.41308594 0.25512695
vt 0.3720703 0.25195312
vt 0.41308594 0.28222656
vt 0.3720703 0.25512695
vt 0.3310547 0.25195312
vt 0.3720703 0.28222656
vt 0.3310547 0.25512695
vt 0.3310547 0.28222656
vt 0.33374023 0.2939453
vt 0.33398438 0.2939453
vt 0.33325195 0.39331055
vt 0.33276367 0.39331055
vt 0.33325195 0.2939453
vt 0.33251953 0.2939453
vt 0.33203125 0.39331055
vt 0.3317871 0.2939453
vt 0.33129883 0.39331055
vt 0.3310547 0.2939453
vt 0.33032227 0.2939453
vt 0.3310547 0.39331055
vt 0.33007812 0.2939453
vt 0.3322754 0.43286133
vt 0.3322754 0.4309082
vt 0.3322754 0.4309082
vt 0.3322754 0.4309082
vt 0.3322754 0.43286133
vt 0.3322754 0.4309082
vt 0.3322754 0.4309082
vt 0.3322754 0.4309082
vt 0.3322754 0.4309082
vt 0.3322754 0.4309082
vt 0.3322754 0.4309082
vt 0.3322754 0.4309082
vt 0.3322754 0.4309082
vt 0.3322754 0.4309082
vt 0.3322754 0.4309082
vt 0.3322754 0.4309082
vt 0.3322754 0.4309082
vt 0.33398438 0.2939453
vt 0.33398438 0.2939453
vt 0.33325195 0.39331055
vt 0.33276367 0.39331055
vt 0.33374023 0.2939453
vt 0.33325195 0.2939453
vt 0.33203125 0.39331055
vt 0.33251953 0.2939453
vt 0.3317871 0.2939453
vt 0.3310547 0.2939453
vt 0.33129883 0.39331055
vt 0.33032227 0.2939453
vt 0.33007812 0.2939453
vt 0.3310547 0.39331055
vt 0.33007812 0.2939453
vt 0.33422852 0.30444336
vt 0.33422852 0.31079102
vt 0.33422852 0.31079102
vt 0.33422852 0.30444336
vt 0.33374023 0.31079102
vt 0.33374023 0.30444336
vt 0.33325195 0.31079102
vt 0.33325195 0.30444336
vt 0.33251953 0.31079102
vt 0.33251953 0.30444336
vt 0.3317871 0.31079102
vt 0.3317871 0.30444336
vt 0.3310547 0.31079102
vt 0.3310547 0.30444336
vt 0.33032227 0.31079102
vt 0.33032227 0.30444336
vt 0.33007812 0.31079102
vt 0.33007812 0.30444336
vt 0.33007812 0.31079102
vt 0.33007812 0.30444336
vt 0.49536133 0.25512695
vt 0.4543457 0.25195312
vt 0.49536133 0.25195312
vt 0.4543457 0.25512695
vt 0.49536133 0.28222656
vt 0.41333008 0.25195312
vt 0.4543457 0.28222656
vt 0.41333008 0.25512695
vt 0.37231445 0.25195312
vt 0.41333008 0.28222656
vt 0.37231445 0.25512695
vt 0.3310547 0.25195312
vt 0.37231445 0.28222656
vt 0.3310547 0.25512695
vt 0.3310547 0.28222656
vt 0.3322754 0.36499023
vt 0.3322754 0.43041992
vt 0.3322754 0.43041992
vt 0.3322754 0.43041992
vt 0.3322754 0.36499023
vt 0.3322754 0.43041992
vt 0.3322754 0.43041992
vt 0.3322754 0.36499023
vt 0.3322754 0.36499023
vt 0.3322754 0.43041992
vt 0.3322754 0.43041992
vt 0.33374023 0.31079102
vt 0.33422852 0.31079102
vt 0.33422852 0.30444336
vt 0.33374023 0.30444336
vt 0.33325195 0.31079102
vt 0.33325195 0.30444336
vt 0.33251953 0.31079102
vt 0.33251953 0.30444336
vt 0.3317871 0.30444336
vt 0.3317871 0.31079102
vt 0.3310547 0.30444336
vt 0.3310547 0.31079102
vt 0.33032227 0.30444336
vt 0.33032227 0.31079102
vt 0.33007812 0.30444336
vt 0.33007812 0.31079102
vt 0.57470703 0.26953125
vt 0.57958984 0.26904297
vt 0.57958984 0.27539062
vt 0.57470703 0.27612305
vt 0.57958984 0.28222656
vt 0.5385742 0.2512207
vt 0.57470703 0.26953125
vt 0.5385742 0.2512207
vt 0.57470703 0.28295898
vt 0.57958984 0.29003906
vt 0.57470703 0.29052734
vt 0.5361328 0.26635742
vt 0.5307617 0.25024414
vt 0.5307617 0.25024414
vt 0.5288086 0.265625
vt 0.52441406 0.28930664
vt 0.5336914 0.28833008
vt 0.52783203 0.30493164
vt 0.52783203 0.30493164
vt 0.57470703 0.29052734
vt 0.52001953 0.30395508
vt 0.52001953 0.30395508
vt 0.5239258 0.265625
vt 0.5288086 0.265625
vt 0.5239258 0.265625
vt 0.5175781 0.28735352
vt 0.5175781 0.28735352
vt 0.52441406 0.28930664
vt 0.57470703 0.26953125
vt 0.57958984 0.26904297
vt 0.57958984 0.27539062
vt 0.57470703 0.27612305
vt 0.5385742 0.2512207
vt 0.57958984 0.28222656
vt 0.5361328 0.26635742
vt 0.5307617 0.25024414
vt 0.5288086 0.265625
vt 0.57470703 0.28295898
vt 0.57958984 0.29003906
vt 0.57470703 0.29052734
vt 0.5336914 0.28833008
vt 0.52783203 0.30493164
vt 0.52441406 0.28930664
vt 0.52001953 0.30395508
vt 0.5239258 0.265625
vt 0.5175781 0.28735352
vt 0.5239258 0.265625
vt 0.5175781 0.28735352
vt 0.52441406 0.28930664
vt 0.5288086 0.265625
vt 0.5361328 0.26635742
vt 0.5307617 0.25024414
vt 0.5385742 0.2512207
vt 0.57470703 0.27612305
vt 0.57470703 0.26953125
vt 0.5336914 0.28833008
vt 0.52783203 0.30493164
vt 0.52001953 0.30395508
vt 0.57470703 0.29052734
vt 0.57470703 0.28295898
vt 0.57958984 0.27539062
vt 0.57958984 0.28222656
vt 0.57958984 0.26904297
vt 0.57470703 0.26953125
vt 0.57958984 0.29003906
vt 0.57958984 0.26904297
vt 0.57470703 0.26953125
vt 0.57470703 0.26953125
vt 0.57958984 0.27539062
vt 0.5385742 0.2512207
vt 0.57958984 0.29003906
vt 0.57470703 0.29052734
vt 0.57470703 0.27612305
vt 0.57958984 0.28222656
vt 0.5385742 0.2512207
vt 0.5307617 0.25024414
vt 0.5307617 0.25024414
vt 0.5361328 0.26635742
vt 0.5288086 0.265625
vt 0.57470703 0.28295898
vt 0.57470703 0.29052734
vt 0.57470703 0.29052734
vt 0.5336914 0.28833008
vt 0.52783203 0.30493164
vt 0.52783203 0.30493164
vt 0.52441406 0.28930664
vt 0.52001953 0.30395508
vt 0.52001953 0.30395508
vt 0.5239258 0.265625
vt 0.5239258 0.265625
vt 0.5288086 0.265625
vt 0.5175781 0.28735352
vt 0.5175781 0.28735352
vt 0.52441406 0.28930664
vt 0.54296875 0.2541504
vt 0.5317383 0.25024414
vt 0.5288086 0.265625
vt 0.54052734 0.2668457
vt 0.5288086 0.28930664
vt 0.5371094 0.28930664
vt 0.5332031 0.30395508
vt 0.52441406 0.30395508
vt 0.5317383 0.26513672
vt 0.5419922 0.2668457
vt 0.54296875 0.25341797
vt 0.5341797 0.25
vt 0.5253906 0.30395508
vt 0.53271484 0.30395508
vt 0.5366211 0.28930664
vt 0.5283203 0.28930664
vt 0.33520508 0.29760742
vt 0.33520508 0.29760742
vt 0.33520508 0.29760742
vt 0.33520508 0.29760742
vt 0.33520508 0.29760742
vt 0.33520508 0.29760742
vt 0.33520508 0.29760742
vt 0.33520508 0.29760742
vt 0.33520508 0.29760742
vt 0.33520508 0.29760742
vt 0.33520508 0.29760742
vt 0.33520508 0.29760742
vt 0.33520508 0.29760742
vt 0.33520508 0.29760742
vt 0.33520508 0.29760742
vt 0.33520508 0.29760742
vt 0.33520508 0.29760742
vt 0.33520508 0.29760742
vt 0.33520508 0.29760742
vt 0.33520508 0.29760742
vt 0.33520508 0.29760742
vt 0.33520508 0.29760742
vt 0.33520508 0.29760742
vt 0.33520508 0.29760742
vt 0.33520508 0.29760742
vt 0.33520508 0.29760742
vt 0.33520508 0.29760742
vt 0.33520508 0.29760742
vt 0.33520508 0.29760742
vt 0.33520508 0.29760742
vt 0.33520508 0.29760742
vt 0.33520508 0.29760742
vt 0.33520508 0.29760742
vt 0.33520508 0.29760742
vt 0.33520508 0.29760742
vt 0.33520508 0.29760742
vt 0.33520508 0.29760742
vt 0.33520508 0.29760742
vt 0.33520508 0.29760742
vt 0.33520508 0.29760742
vt 0.33520508 0.29760742
vt 0.33520508 0.29760742
vt 0.33520508 0.29760742
vt 0.33520508 0.29760742
vt 0.33520508 0.29760742
vt 0.33520508 0.29760742
vt 0.33520508 0.29760742
vt 0.33520508 0.29760742
vt 0.33520508 0.29760742
vt 0.33520508 0.29760742
vt 0.33520508 0.29760742
vt 0.33520508 0.29760742
vt 0.33520508 0.29760742
vt 0.33520508 0.29760742
vt 0.33520508 0.29760742
vt 0.33520508 0.29760742
vt 0.33520508 0.29760742
vt 0.33520508 0.29760742
vt 0.33520508 0.29760742
vt 0.33520508 0.29760742
vt 0.33520508 0.29760742
vt 0.33520508 0.29760742
vt 0.33520508 0.29760742
vt 0.33520508 0.29760742
vt 0.33520508 0.29760742
vt 0.33520508 0.29760742
vt 0.33520508 0.29760742
vt 0.33520508 0.29760742
vt 0.33520508 0.29760742
vt 0.33520508 0.29760742
vt 0.62158203 0.6538086
vt 0.62158203 0.65283203
vt 0.62158203 0.6538086
vt 0.62158203 0.6538086
vt 0.62158203 0.6538086
vt 0.62158203 0.6538086
vt 0.62158203 0.6538086
vt 0.62158203 0.6538086
vt 0.62158203 0.6538086
vt 0.62158203 0.6538086
vt 0.62158203 0.6538086
vt 0.62158203 0.6538086
vt 0.62158203 0.6538086
vt 0.62158203 0.6538086
vt 0.62158203 0.6538086
vt 0.62158203 0.6538086
vt 0.62158203 0.6538086
vt 0.1616211 0.5517578
vt 0.16174316 0.55126953
vt 0.1619873 0.55126953
vt 0.16186523 0.5517578
vt 0.16186523 0.55078125
vt 0.16210938 0.55126953
vt 0.16210938 0.55078125
vt 0.1619873 0.5517578
vt 0.1619873 0.55078125
vt 0.16174316 0.5473633
vt 0.16235352 0.55126953
vt 0.16247559 0.5517578
vt 0.16308594 0.55126953
vt 0.16247559 0.55078125
vt 0.16455078 0.54785156
vt 0.16271973 0.5473633
vt 0.1652832 0.54345703
vt 0.16210938 0.5473633
vt 0.16210938 0.54345703
vt 0.1616211 0.54345703
vt 0.16235352 0.5473633
vt 0.1628418 0.54345703
vt 0.16418457 0.5395508
vt 0.16235352 0.54345703
vt 0.16210938 0.54052734
vt 0.1616211 0.54052734
vt 0.1628418 0.54052734
vt 0.1628418 0.5385742
vt 0.16247559 0.54052734
vt 0.16210938 0.5390625
vt 0.16174316 0.5390625
vt 0.16186523 0.53808594
vt 0.16235352 0.5390625
vt 0.16247559 0.5390625
vt 0.15686035 0.47558594
vt 0.15795898 0.47436523
vt 0.16040039 0.47558594
vt 0.16345215 0.48461914
vt 0.1529541 0.4753418
vt 0.15673828 0.484375
vt 0.14855957 0.48388672
vt 0.16564941 0.5019531
vt 0.14404297 0.50097656
vt 0.15515137 0.50146484
vt 0.15478516 0.5253906
vt 0.16369629 0.5258789
vt 0.14440918 0.5253906
vt 0.15844727 0.54589844
vt 0.15356445 0.54541016
vt 0.14953613 0.54541016
vt 0.1550293 0.5493164
vt 0.15197754 0.5488281
vt 0.15368652 0.5493164
vt 0.1616211 0.5517578
vt 0.16186523 0.5517578
vt 0.1619873 0.55126953
vt 0.16174316 0.55126953
vt 0.16210938 0.55126953
vt 0.1619873 0.5517578
vt 0.1619873 0.55078125
vt 0.16186523 0.55078125
vt 0.16174316 0.5473633
vt 0.16235352 0.55126953
vt 0.16247559 0.5517578
vt 0.16308594 0.55126953
vt 0.16210938 0.55078125
vt 0.16247559 0.55078125
vt 0.16271973 0.5473633
vt 0.16455078 0.54785156
vt 0.1652832 0.54345703
vt 0.16235352 0.5473633
vt 0.16210938 0.5473633
vt 0.1628418 0.54345703
vt 0.16418457 0.5395508
vt 0.16235352 0.54345703
vt 0.16210938 0.54345703
vt 0.1616211 0.54345703
vt 0.16210938 0.54052734
vt 0.1616211 0.54052734
vt 0.16174316 0.5390625
vt 0.16247559 0.54052734
vt 0.16210938 0.5390625
vt 0.16186523 0.53808594
vt 0.1628418 0.54052734
vt 0.16235352 0.5390625
vt 0.16247559 0.5390625
vt 0.1628418 0.5385742
vt 0.15795898 0.47436523
vt 0.15686035 0.47558594
vt 0.16040039 0.47558594
vt 0.1529541 0.4753418
vt 0.16345215 0.48461914
vt 0.15673828 0.484375
vt 0.14855957 0.48388672
vt 0.15515137 0.50146484
vt 0.14404297 0.50097656
vt 0.16564941 0.5019531
vt 0.14440918 0.5253906
vt 0.15478516 0.5253906
vt 0.16369629 0.5258789
vt 0.15844727 0.54589844
vt 0.15356445 0.54541016
vt 0.14953613 0.54541016
vt 0.1550293 0.5493164
vt 0.15197754 0.5488281
vt 0.15368652 0.5493164
vt 0.62353516 0.6533203
vt 0.62353516 0.6533203
vt 0.62353516 0.65234375
vt 0.62353516 0.65234375
vt 0.62353516 0.6542969
vt 0.62353516 0.65185547
vt 0.62353516 0.6542969
vt 0.62353516 0.65185547
vt 0.62353516 0.65478516
vt 0.62353516 0.6513672
vt 0.62353516 0.65478516
vt 0.62353516 0.6513672
vt 0.62353516 0.65478516
vt 0.62353516 0.6508789
vt 0.62353516 0.65527344
vt 0.62353516 0.6508789
vt 0.62353516 0.65478516
vt 0.62353516 0.6508789
vt 0.62353516 0.65527344
vt 0.62353516 0.6508789
vt 0.62353516 0.65478516
vt 0.62353516 0.6513672
vt 0.62353516 0.65478516
vt 0.62353516 0.6513672
vt 0.62353516 0.6542969
vt 0.62353516 0.65185547
vt 0.62353516 0.6542969
vt 0.62353516 0.65185547
vt 0.62353516 0.6533203
vt 0.62353516 0.65234375
vt 0.62353516 0.6533203
vt 0.62353516 0.65234375
vt 0.6875 0.6225586
vt 0.6875 0.6220703
vt 0.6875 0.6220703
vt 0.6875 0.6225586
vt 0.6875 0.6225586
vt 0.6875 0.6220703
vt 0.6875 0.6220703
vt 0.6875 0.6225586
vt 0.6875 0.6225586
vt 0.6875 0.6220703
vt 0.6875 0.6220703
vt 0.6875 0.6225586
vt 0.6875 0.6225586
vt 0.6875 0.6220703
vt 0.6875 0.6220703
vt 0.6875 0.6225586
vt 0.6875 0.6225586
vt 0.6875 0.6220703
vt 0.6875 0.6220703
vt 0.6875 0.6225586
vt 0.6875 0.6225586
vt 0.6875 0.6220703
vt 0.6875 0.6220703
vt 0.6875 0.6225586
vt 0.6875 0.6225586
vt 0.6875 0.6220703
vt 0.6875 0.6220703
vt 0.6875 0.6225586
vt 0.6875 0.6225586
vt 0.6875 0.6220703
vt 0.6875 0.6220703
vt 0.6875 0.6225586
vt 0.6225586 0.5629883
vt 0.6225586 0.64453125
vt 0.6225586 0.5629883
vt 0.6225586 0.64453125
vt 0.6225586 0.5629883
vt 0.6225586 0.64453125
vt 0.6225586 0.5629883
vt 0.6225586 0.64453125
vt 0.6225586 0.5629883
vt 0.6225586 0.64453125
vt 0.6225586 0.5629883
vt 0.6225586 0.64453125
vt 0.6225586 0.5629883
vt 0.6225586 0.64453125
vt 0.6225586 0.5629883
vt 0.6225586 0.64453125
vt 0.6225586 0.5629883
vt 0.6225586 0.64453125
vt 0.6225586 0.5629883
vt 0.6225586 0.64453125
vt 0.6225586 0.5629883
vt 0.6225586 0.64453125
vt 0.6225586 0.5629883
vt 0.6225586 0.64453125
vt 0.6225586 0.5629883
vt 0.6225586 0.64453125
vt 0.6225586 0.5629883
vt 0.6225586 0.64453125
vt 0.6225586 0.5629883
vt 0.6225586 0.64453125
vt 0.6225586 0.5629883
vt 0.6225586 0.64453125
vt 0.6225586 0.64990234
vt 0.6225586 0.64990234
vt 0.6225586 0.64990234
vt 0.6225586 0.64990234
vt 0.6225586 0.64990234
vt 0.6225586 0.64990234
vt 0.6225586 0.64990234
vt 0.6225586 0.64990234
vt 0.6225586 0.64990234
vt 0.6225586 0.64990234
vt 0.6225586 0.64990234
vt 0.6225586 0.64990234
vt 0.6225586 0.64990234
vt 0.6225586 0.64990234
vt 0.6225586 0.64990234
vt 0.6225586 0.64990234
vt 0.123046875 0.5810547
vt 0.123046875 0.5810547
vt 0.123046875 0.5810547
vt 0.123046875 0.5810547
vt 0.123046875 0.5810547
vt 0.123046875 0.5810547
vt 0.123046875 0.5810547
vt 0.123046875 0.5810547
vt 0.123046875 0.5810547
vt 0.123046875 0.5810547
vt 0.123046875 0.5810547
vt 0.123046875 0.5810547
vt 0.123046875 0.5810547
vt 0.123046875 0.5810547
vt 0.123046875 0.5810547
vt 0.123046875 0.5810547
vt 0.123046875 0.5810547
vt 0.123046875 0.5810547
vt 0.123046875 0.5810547
vt 0.123046875 0.5810547
vt 0.123046875 0.5810547
vt 0.123046875 0.5810547
vt 0.123046875 0.5810547
vt 0.123046875 0.5810547
vt 0.123046875 0.5810547
vt 0.123046875 0.5810547
vt 0.123046875 0.5810547
vt 0.123046875 0.5810547
vt 0.123046875 0.5810547
vt 0.123046875 0.5810547
vt 0.123046875 0.5810547
vt 0.123046875 0.5810547
vt 0.123046875 0.5810547
vt 0.123046875 0.5810547
vt 0.123046875 0.5810547
vt 0.123046875 0.5810547
vt 0.123046875 0.5810547
vt 0.123046875 0.5810547
vt 0.123046875 0.5810547
vt 0.123046875 0.5810547
vt 0.123046875 0.5810547
vt 0.123046875 0.5810547
vt 0.123046875 0.5810547
vt 0.123046875 0.5810547
vt 0.123046875 0.5810547
vt 0.123046875 0.5810547
vt 0.123046875 0.5810547
vt 0.123046875 0.5810547
vt 0.123046875 0.5810547
vt 0.123046875 0.5810547
vt 0.123046875 0.5810547
vt 0.123046875 0.5810547
vt 0.123046875 0.5810547
vt 0.123046875 0.5810547
vt 0.123046875 0.5810547
vt 0.123046875 0.5810547
vt 0.123046875 0.5810547
vt 0.123046875 0.5810547
vt 0.123046875 0.5810547
vt 0.123046875 0.5810547
vt 0.123046875 0.5810547
vt 0.123046875 0.5810547
vt 0.123046875 0.5810547
vt 0.123046875 0.5810547
vt 0.123046875 0.5810547
vt 0.123046875 0.5810547
vt 0.123046875 0.5810547
vt 0.123046875 0.5810547
vt 0.123046875 0.5810547
vt 0.123046875 0.5810547
vt 0.123046875 0.5810547
vt 0.123046875 0.5810547
vt 0.123046875 0.5810547
vt 0.123046875 0.5810547
vt 0.123046875 0.5810547
vt 0.123046875 0.5810547
vt 0.123046875 0.5810547
vt 0.123046875 0.5810547
vt 0.123046875 0.5810547
vt 0.123046875 0.5810547
vn 0.8781511 0.3637411 0.31071386
vn 0.99700826 1.4759846E-06 -0.077295244
vn 0.94960755 -6.2155385E-07 0.31344137
vn -0.99700826 1.4861636E-06 -0.07729476
vn -0.87815124 0.36374256 0.31071198
vn -0.9496083 9.145321E-07 0.31343913
vn -0.7050075 0.7049764 -0.07728321
vn -0.67147267 0.6714724 0.3134475
vn -0.363741 0.8781474 0.31072417
vn -0 0.99701 -0.07727168
vn 7.776262E-07 0.9496025 0.31345665
vn 0.36374143 0.87814784 0.31072262
vn 0.70500743 0.7049764 -0.07728351
vn 0.8781511 0.3637411 0.31071386
vn 0.67147326 0.67147213 0.31344694
vn 0.99700826 1.4759846E-06 -0.077295244
vn 0.8781503 -0.3637418 0.3107152
vn 0.94960755 -6.2155385E-07 0.31344137
vn -0.87815106 -0.36374047 0.3107147
vn -0.99700826 1.4861636E-06 -0.07729476
vn -0.9496083 9.145321E-07 0.31343913
vn -0.87815106 -0.36374047 0.3107147
vn -0.7050082 -0.7049757 -0.07728216
vn -0.7050075 0.7049764 -0.07728321
vn -0.87815124 0.36374256 0.31071198
vn -0.99700826 1.4861636E-06 -0.07729476
vn -0 4.313068E-07 1
vn -0.43015084 -0.17817286 0.8849998
vn -0.46584508 5.7542957E-07 0.88486624
vn -0 4.313068E-07 1
vn 0.17817356 -0.4301436 0.8850032
vn -4.0649252E-07 -0.46583045 0.884874
vn 0.36374143 0.87814784 0.31072262
vn 0.70500743 0.7049764 -0.07728351
vn 0.67147326 0.67147213 0.31344694
vn 0.8781503 -0.3637418 0.3107152
vn 0.99700826 1.4759846E-06 -0.077295244
vn 0.7050083 -0.70497566 -0.07728249
vn -0 4.313068E-07 1
vn -0.46584508 5.7542957E-07 0.88486624
vn -0.43015328 0.178175 0.88499826
vn -0.42814556 -0.87728924 -0.21692185
vn -0.2732829 -0.71843743 -0.6396593
vn -0.18052359 -0.7860123 -0.59126633
vn -0.65659964 -0.72947335 -0.19169106
vn -0.2960263 -0.35131833 0.88822514
vn -0.7675262 -0.60488826 -0.21216445
vn -0.21875855 -0.86729354 -0.44715384
vn -0.67830575 -0.036906805 0.7338524
vn -0.876597 -0.43673924 -0.20208064
vn -0.3952403 -0.8701255 -0.29439247
vn -0.47150418 -0.8492723 -0.2375296
vn -0.07831664 0.6348009 0.76869655
vn 0.16163917 0.5203442 0.83851945
vn 0.35044336 0.74221516 0.5712321
vn -0.16258687 0.8186681 0.55077034
vn 0.40663815 0.81478006 0.41325396
vn -0.872284 0.36119792 0.3296309
vn -0.8401733 0.53273374 0.10150688
vn -0.91887534 -0.23424083 -0.31748888
vn -0.37581518 -0.8851422 -0.274383
vn -0.14761096 0.9366856 0.31753913
vn -0.7500961 0.6411458 -0.16213565
vn -0.14411995 0.9864965 0.0778072
vn 0.4305789 0.86621267 0.25352985
vn 0.46595618 0.8826506 0.061747696
vn -0.55271834 0.7034501 -0.4468337
vn -0.124304354 0.9764266 -0.17646414
vn 0.4828567 0.82601744 -0.2907654
vn -0.8164469 -0.09105001 -0.5701968
vn -0.06115836 0.84231675 -0.5355018
vn 0.41323557 0.052655865 -0.90910053
vn -0.3200368 0.5396539 -0.7786848
vn -0.53623635 -0.077871785 -0.8404681
vn -0.1008446 -0.8159624 -0.5692414
vn 0.5186501 -0.8191859 -0.2448193
vn 0.08524427 -0.82112515 -0.5643465
vn 0.19018787 -0.68373305 -0.70451254
vn 0.62666523 -0.6544695 -0.42303735
vn 0.53126097 -0.3001568 0.79225475
vn 0.7477684 -0.51253 -0.42208454
vn 0.2063754 -0.84300613 -0.49673927
vn 0.84537935 -0.32441413 -0.42436922
vn 0.4098951 -0.8135443 -0.4124703
vn 0.49480957 -0.7838498 -0.37515754
vn 0.8689267 0.48600444 0.0936273
vn 0.9014453 0.15301013 0.40494967
vn 0.20771949 0.7478538 0.63052946
vn -0.03844996 0.51497567 0.8563421
vn -0.30855277 0.71716285 0.62487805
vn 0.17933567 0.85118854 0.4932715
vn -0.3816475 0.75766736 0.52941984
vn 0.10531362 0.94508195 0.30940112
vn -0.45348075 0.80557615 0.3813163
vn 0.7676149 0.635529 -0.082887046
vn 0.8335958 -0.11827997 -0.5395627
vn 0.04224529 0.99625057 0.07549957
vn -0.038124137 0.9853021 -0.1665122
vn -0.5365741 0.8186721 0.20460725
vn 0.6068288 0.7289868 -0.3167602
vn 0.6561655 0.012772491 -0.754509
vn 0.39787978 -0.830938 -0.38888797
vn 0.052731775 -0.7942021 -0.6053613
vn 0.33964935 0.76833075 -0.5425001
vn -0.17140508 0.8465529 -0.50395274
vn -0.63282585 0.76243466 -0.13499926
vn -0.6271925 0.006977326 -0.77883303
vn 0.053393003 0.57923025 -0.81341356
vn 0.31857747 -0.006851306 -0.94787204
vn -0 -0.99899226 -0.044882618
vn -0 -0.62201256 0.78300726
vn -0.4391476 -0.4401761 0.78319496
vn -0.7064064 -0.7063817 -0.044886474
vn -0 -0.99701023 -0.077269904
vn -0.62154615 1.5752508E-06 0.7833775
vn -0.7050082 -0.7049757 -0.07728216
vn -0.9989919 1.6426237E-06 -0.04489041
vn -0.43914762 0.44017783 0.783194
vn -0.99700826 1.4861636E-06 -0.07729476
vn -0.70640564 0.70638245 -0.04488687
vn -0 0.62201226 0.7830076
vn -0.7050075 0.7049764 -0.07728321
vn -0 0.99899226 -0.04488306
vn -0 0.99701 -0.07727168
vn -0.6256389 -0.41811603 0.6586008
vn -0.7377721 -0.14719795 0.65880585
vn -0.62154615 1.5752508E-06 0.7833775
vn -0.4391476 -0.4401761 0.78319496
vn -0.41747487 -0.62636745 0.65831494
vn -0.14692762 -0.7383736 0.6581921
vn -0 -0.62201256 0.78300726
vn 0.14692809 -0.7383736 0.6581919
vn 0.4391473 -0.4401753 0.7831956
vn 0.41747507 -0.6263679 0.6583143
vn 0.62564 -0.41811606 0.6585997
vn 0.621545 1.5983941E-06 0.7833785
vn 0.7377727 -0.1471979 0.65880513
vn -0 4.313068E-07 1
vn -0.43015328 0.178175 0.88499826
vn -0.32939813 0.32939932 0.8848689
vn -0.17817262 0.4301454 0.88500255
vn -0 4.313068E-07 1
vn 4.1705195E-07 0.46583483 0.88487166
vn 0.17817535 0.43014622 0.8850016
vn 0.32939872 0.3293995 0.8848687
vn 0.4301515 0.1781738 0.88499933
vn 0.4658425 -1.794915E-07 0.8848676
vn 0.4301502 -0.17817315 0.8850001
vn 0.32939819 -0.32939827 0.88486934
vn 0.17817356 -0.4301436 0.8850032
vn -4.0649252E-07 -0.46583045 0.884874
vn -0.17817424 -0.4301438 0.885003
vn -0.32939836 -0.32939786 0.88486934
vn -0.43015084 -0.17817286 0.8849998
vn -0.7377721 -0.14719795 0.65880585
vn -0.7377688 0.14719118 0.658811
vn -0.62154615 1.5752508E-06 0.7833775
vn -0.43914762 0.44017783 0.783194
vn -0.6256319 0.41810566 0.6586139
vn -0.41746685 0.6263486 0.6583379
vn -0 0.62201226 0.7830076
vn -0.14692345 0.7383443 0.6582258
vn 0.14692368 0.73834443 0.65822566
vn 0.41746706 0.62634873 0.65833765
vn 0.43914735 0.44017696 0.7831946
vn 0.6256324 0.41810557 0.6586135
vn 0.7377693 0.1471909 0.65881056
vn 0.621545 1.5983941E-06 0.7833785
vn 0.7377727 -0.1471979 0.65880513
vn -0.7367756 0.14636408 -0.6601055
vn -0.7377688 0.14719118 0.658811
vn -0.7377721 -0.14719795 0.65880585
vn -0.73677224 -0.14635669 -0.6601109
vn -0.6256389 -0.41811603 0.6586008
vn -0.6247376 -0.41701975 -0.6601495
vn -0.41747487 -0.62636745 0.65831494
vn -0.41740564 -0.6243615 -0.66026145
vn -0.14692762 -0.7383736 0.6581921
vn -0.14652754 -0.73649675 -0.66038036
vn 0.14692809 -0.7383736 0.6581919
vn 0.14652699 -0.7364967 -0.66038054
vn 0.41747507 -0.6263679 0.6583143
vn 0.41740528 -0.6243611 -0.6602621
vn 0.62564 -0.41811606 0.6585997
vn 0.62473696 -0.4170194 -0.66015035
vn 0.7377727 -0.1471979 0.65880513
vn 0.73677146 -0.1463563 -0.6601118
vn 0.7377693 0.1471909 0.65881056
vn 0.73677516 0.1463638 -0.66010606
vn -0 -0.99899226 -0.044882618
vn 0.4391473 -0.4401753 0.7831956
vn -0 -0.62201256 0.78300726
vn 0.70640624 -0.706382 -0.044885788
vn -0 -0.99701023 -0.077269904
vn 0.621545 1.5983941E-06 0.7833785
vn 0.7050083 -0.70497566 -0.07728249
vn 0.9989919 1.6528894E-06 -0.04488925
vn 0.43914735 0.44017696 0.7831946
vn 0.99700826 1.4759846E-06 -0.077295244
vn 0.7064054 0.70638275 -0.04488616
vn -0 0.62201226 0.7830076
vn 0.70500743 0.7049764 -0.07728351
vn -0 0.99899226 -0.04488306
vn -0 0.99701 -0.07727168
vn -0.7050082 -0.7049757 -0.07728216
vn -0.87815106 -0.36374047 0.3107147
vn -0.67147297 -0.67147136 0.31344888
vn -0.36374205 -0.8781465 0.31072566
vn -0 -0.99701023 -0.077269904
vn -7.119132E-07 -0.9496009 0.31346166
vn 0.36374077 -0.8781469 0.31072596
vn 0.7050083 -0.70497566 -0.07728249
vn 0.7050083 -0.70497566 -0.07728249
vn 0.6714717 -0.6714728 0.3134487
vn 0.8781503 -0.3637418 0.3107152
vn -0.6256319 0.41810566 0.6586139
vn -0.7377688 0.14719118 0.658811
vn -0.7367756 0.14636408 -0.6601055
vn -0.62474406 0.41703105 -0.6601363
vn -0.41746685 0.6263486 0.6583379
vn -0.41741297 0.62438184 -0.66023767
vn -0.14692345 0.7383443 0.6582258
vn -0.146531 0.73652613 -0.66034675
vn 0.1465308 0.7365261 -0.66034687
vn 0.14692368 0.73834443 0.65822566
vn 0.41741267 0.6243817 -0.660238
vn 0.41746706 0.62634873 0.65833765
vn 0.6247437 0.41703096 -0.6601367
vn 0.6256324 0.41810557 0.6586135
vn 0.73677516 0.1463638 -0.66010606
vn 0.7377693 0.1471909 0.65881056
vn -0.36045966 -0.869146 -0.33860588
vn 2.0509735E-07 -0.8689913 -0.49482727
vn 2.3169342E-07 -0.9261647 0.3771192
vn -0.28364888 -0.8862472 0.3662091
vn -0 -0.9212821 0.38889495
vn -0.434848 -0.7747875 -0.45892426
vn -0.050769776 0.48127902 -0.8750959
vn -0.07549881 0.51134485 -0.8560528
vn -0.2818132 -0.88449824 0.37181202
vn -0 -0.27365977 0.96182656
vn -0.30657557 -0.39423007 0.86636823
vn -0.28792828 -0.8835142 0.3694589
vn 0.26939908 -0.83794886 -0.47462177
vn 0.5276306 0.2437511 -0.81375134
vn 0.009734419 -0.9965773 -0.08208964
vn 0.007491602 -0.77286935 0.63452095
vn -0.28792772 -0.8835142 0.36945948
vn -0.3114526 -0.38354012 0.86942184
vn 0.0046849493 0.8931875 0.44966006
vn -0.013571727 0.92830163 0.37158027
vn 0.6762972 0.58375686 0.44927713
vn 0.4675212 -0.49221358 0.7342681
vn 0.25583342 -0.86389077 -0.43386862
vn 0.6054411 0.59386265 -0.52987576
vn 0.58677316 0.0012645643 -0.8097504
vn 0.5479538 -0.51845694 0.656467
vn 0.85082924 0.31913236 0.41742545
vn 0.73121965 0.6547946 -0.19121176
vn 0.050769832 0.48127908 -0.8750959
vn -0 0.46340403 -0.88614714
vn -0 0.92713773 -0.37472063
vn -0.1361892 0.92429966 -0.35654262
vn 0.07549865 0.51134473 -0.85605294
vn -0 0.92146945 -0.38845098
vn -0.16473776 0.91844165 -0.35961983
vn -0.52763116 0.24375126 -0.81375104
vn -0.60544056 0.5938631 -0.52987576
vn -0.1418241 0.9206364 -0.36375052
vn -0 0.9539357 0.30001125
vn 0.013571714 0.92830163 0.37158024
vn -0.17777786 0.9149282 -0.3623553
vn -0.004684982 0.8931876 0.44965997
vn -0.7312192 0.654795 -0.19121164
vn -0.676297 0.583757 0.44927725
vn -0.5867739 0.0012651951 -0.8097499
vn -0.8508292 0.3191329 0.4174255
vn 0.58677316 0.0012645643 -0.8097504
vn 0.85082924 0.31913236 0.41742545
vn 0.73121965 0.6547946 -0.19121176
vn 0.6054411 0.59386265 -0.52987576
vn 0.1647376 0.91844165 -0.35961992
vn 0.5276306 0.2437511 -0.81375134
vn -0.07549881 0.51134485 -0.8560528
vn 0.13618933 0.92429966 -0.35654253
vn -0.050769776 0.48127902 -0.8750959
vn 0.17777775 0.9149282 -0.36235526
vn 0.0046849493 0.8931875 0.44966006
vn 0.6762972 0.58375686 0.44927713
vn -0.013571727 0.92830163 0.37158027
vn 0.14182407 0.9206364 -0.3637505
vn -0 0.92713773 -0.37472063
vn -0 0.92146945 -0.38845098
vn -0 0.46340403 -0.88614714
vn -0.36045966 -0.869146 -0.33860588
vn -0 0.9539357 0.30001125
vn 2.0509735E-07 -0.8689913 -0.49482727
vn 0.050769832 0.48127908 -0.8750959
vn 0.36045983 -0.869146 -0.33860585
vn 2.3169342E-07 -0.9261647 0.3771192
vn 0.07549865 0.51134473 -0.85605294
vn -0 -0.27365977 0.96182656
vn -0.30657557 -0.39423007 0.86636823
vn 0.283649 -0.8862471 0.36620915
vn -0 -0.9212821 0.38889495
vn 0.43484765 -0.77478766 -0.45892438
vn -0.52763116 0.24375126 -0.81375104
vn -0.26939997 -0.8379487 -0.4746217
vn 0.2879282 -0.8835142 0.369459
vn -0.009734445 -0.9965773 -0.08208964
vn 0.28181323 -0.8844982 0.3718121
vn 0.30657557 -0.39423013 0.86636823
vn 0.013571714 0.92830163 0.37158024
vn 0.28792772 -0.8835141 0.36945957
vn 0.31145266 -0.38353997 0.86942184
vn -0.004684982 0.8931876 0.44965997
vn -0.0074913125 -0.7728691 0.63452125
vn -0.46752128 -0.49221358 0.7342681
vn -0.676297 0.583757 0.44927725
vn -0.255833 -0.863891 -0.43386853
vn -0.5867739 0.0012651951 -0.8097499
vn -0.60544056 0.5938631 -0.52987576
vn -0.8508292 0.3191329 0.4174255
vn -0.54795325 -0.51845723 0.6564672
vn -0.7312192 0.654795 -0.19121164
vn -0.26939997 -0.8379487 -0.4746217
vn -0.52763116 0.24375126 -0.81375104
vn -0.60544056 0.5938631 -0.52987576
vn -0.009734445 -0.9965773 -0.08208964
vn -0.0074913125 -0.7728691 0.63452125
vn -0.7312192 0.654795 -0.19121164
vn -0.676297 0.583757 0.44927725
vn -0.46752128 -0.49221358 0.7342681
vn 0.009734419 -0.9965773 -0.08208964
vn 0.6054411 0.59386265 -0.52987576
vn 0.5276306 0.2437511 -0.81375134
vn 0.26939908 -0.83794886 -0.47462177
vn 0.4675212 -0.49221358 0.7342681
vn 0.6762972 0.58375686 0.44927713
vn 0.73121965 0.6547946 -0.19121176
vn 0.007491602 -0.77286935 0.63452095
vn 0.014129763 0.008883006 -0.99986076
vn -0.13966684 -0.2098774 -0.9677008
vn -0.20923132 -0.14032836 -0.9677449
vn 0.009534593 0.013442828 -0.9998642
vn 0.6247437 0.41703096 -0.6601367
vn 0.73677516 0.1463638 -0.66010606
vn 0.016548669 0.0030941905 -0.99985826
vn 0.73677146 -0.1463563 -0.6601118
vn 0.01654836 -0.0030951714 -0.99985826
vn 0.41741267 0.6243817 -0.660238
vn 0.003370967 0.015978625 -0.9998666
vn 0.1465308 0.7365261 -0.66034687
vn -0.146531 0.73652613 -0.66034675
vn -0.04901698 -0.2474817 -0.9676519
vn -0.13966684 -0.2098774 -0.9677008
vn -0.0033709586 0.015978627 -0.9998666
vn 0.04901708 -0.2474814 -0.96765196
vn -0.009534601 0.013442829 -0.9998642
vn -0.41741297 0.62438184 -0.66023767
vn -0.014129737 0.008883005 -0.99986076
vn -0.62474406 0.41703105 -0.6601363
vn 0.20923199 -0.14032893 -0.96774477
vn 0.13966668 -0.20987694 -0.9677009
vn 0.24701576 -0.049306896 -0.9677563
vn -0.016548572 0.0030941817 -0.99985826
vn 0.24701622 0.04930574 -0.96775615
vn -0.016548283 -0.0030951675 -0.99985826
vn -0.7367756 0.14636408 -0.6601055
vn 0.20923278 0.14032815 -0.96774465
vn -0.73677224 -0.14635669 -0.6601109
vn -0.014129845 -0.008883747 -0.99986076
vn -0.6247376 -0.41701975 -0.6601495
vn 0.13966663 0.20987755 -0.96770066
vn -0.009534615 -0.013442851 -0.9998642
vn 0.049017213 0.24748139 -0.9676519
vn -0.0033705807 -0.01597906 -0.9998666
vn -0.049017016 0.2474815 -0.9676519
vn 0.003370587 -0.015979065 -0.9998666
vn -0.13966662 0.2098774 -0.9677008
vn 0.009534608 -0.013442843 -0.9998642
vn 0.14652699 -0.7364967 -0.66038054
vn -0.20923178 0.1403274 -0.9677449
vn 0.41740528 -0.6243611 -0.6602621
vn 0.014129844 -0.008883745 -0.99986076
vn 0.62473696 -0.4170194 -0.66015035
vn -0.24701361 0.049305223 -0.9677568
vn 0.01654836 -0.0030951714 -0.99985826
vn 0.01654836 -0.0030951714 -0.99985826
vn -0.24701321 -0.04930636 -0.9677568
vn 0.016548669 0.0030941905 -0.99985826
vn -0.20923132 -0.14032836 -0.9677449
vn 0.014129763 0.008883006 -0.99986076
vn 0.62473696 -0.4170194 -0.66015035
vn 0.73677146 -0.1463563 -0.6601118
vn 0.01654836 -0.0030951714 -0.99985826
vn 0.014129844 -0.008883745 -0.99986076
vn -0.6247376 -0.41701975 -0.6601495
vn -0.009534615 -0.013442851 -0.9998642
vn -0.014129845 -0.008883747 -0.99986076
vn -0.41740564 -0.6243615 -0.66026145
vn -0.0033705807 -0.01597906 -0.9998666
vn -0.14652754 -0.73649675 -0.66038036
vn 0.003370587 -0.015979065 -0.9998666
vn 0.14652699 -0.7364967 -0.66038054
vn -0.7367756 0.14636408 -0.6601055
vn -0.016548572 0.0030941817 -0.99985826
vn -0.014129737 0.008883005 -0.99986076
vn 0.04901708 -0.2474814 -0.96765196
vn -0.0033709586 0.015978627 -0.9998666
vn -0.009534601 0.013442829 -0.9998642
vn 0.06939495 -0.35003766 -0.93416166
vn -0 -6.937995E-07 -1
vn -0.069394924 -0.35003757 -0.9341617
vn 0.19789119 -0.2969958 -0.934148
vn -0.19789046 -0.29699537 -0.9341483
vn 0.29647666 -0.19850394 -0.93418294
vn -0.2964756 -0.19850339 -0.93418336
vn 0.34975576 -0.06967529 -0.9342464
vn -0.34975523 -0.06967478 -0.93424666
vn 0.34975493 0.06967437 -0.9342467
vn -0.34975496 0.06967463 -0.9342467
vn 0.29647738 0.1985022 -0.9341832
vn -0.29647657 0.19850193 -0.93418336
vn 0.19789113 0.29699442 -0.93414855
vn -0.19789161 0.2969946 -0.9341483
vn 0.06939466 0.35003662 -0.9341621
vn -0.0693944 0.35003707 -0.93416184
vn 0.19018787 -0.68373305 -0.70451254
vn 0.4285179 -0.5809364 -0.6920154
vn 0.29759482 -0.91301817 -0.2789897
vn 0.5186501 -0.8191859 -0.2448193
vn 0.5025336 -0.60161185 -0.6209051
vn -0.1104383 -0.5986442 0.79336524
vn -0.5104926 -0.643298 0.570583
vn 0.53126097 -0.3001568 0.79225475
vn 0.20584664 -0.94767094 -0.2440222
vn 0.4882624 -0.7265908 -0.48338974
vn -0.4086807 0.30128273 0.8615154
vn -0.03844996 0.51497567 0.8563421
vn -0.30855277 0.71716285 0.62487805
vn -0.5796756 0.24334946 0.7776613
vn -0.3816475 0.75766736 0.52941984
vn -0.7248614 0.24672762 0.6431962
vn -0.45348075 0.80557615 0.3813163
vn 0.057627026 -0.97638 -0.20823345
vn -0.11134993 -0.984901 -0.13255617
vn 0.45350224 -0.80307907 -0.38652253
vn -0.6748746 -0.6036673 0.4244175
vn -0.82146466 0.25664756 0.5092425
vn -0.5365741 0.8186721 0.20460725
vn -0.78683937 -0.5268446 0.32143185
vn -0.30264777 -0.94683516 -0.109122075
vn 0.5272163 -0.75776744 -0.38448864
vn -0.91294473 0.23777764 0.331653
vn -0.63282585 0.76243466 -0.13499926
vn -0.8924057 -0.4126827 0.1824968
vn -0.4399914 -0.83488756 -0.33071163
vn 0.3564759 -0.6191529 -0.69969594
vn -0.6271925 0.006977326 -0.77883303
vn -0.9245298 -0.3625321 -0.11753794
vn -0.9743682 0.20442514 0.093898684
vn 0.48840275 -0.85952646 -0.15058884
vn -0.6271925 0.006977326 -0.77883303
vn 0.3564759 -0.6191529 -0.69969594
vn 0.5272163 -0.75776744 -0.38448864
vn 0.052731775 -0.7942021 -0.6053613
vn 0.46142542 -0.8576316 -0.22705647
vn 0.39787978 -0.830938 -0.38888797
vn 0.45350224 -0.80307907 -0.38652253
vn 0.49480957 -0.7838498 -0.37515754
vn 0.4148194 -0.84803927 -0.32977912
vn 0.40562472 -0.803535 -0.4356605
vn 0.4882624 -0.7265908 -0.48338974
vn 0.4098951 -0.8135443 -0.4124703
vn 0.5025336 -0.60161185 -0.6209051
vn 0.3676869 -0.7760543 -0.5123925
vn 0.2063754 -0.84300613 -0.49673927
vn 0.4285179 -0.5809364 -0.6920154
vn 0.08524427 -0.82112515 -0.5643465
vn 0.19018787 -0.68373305 -0.70451254
vn -0.2732829 -0.71843743 -0.6396593
vn -0.42814556 -0.87728924 -0.21692185
vn -0.24023129 -0.9603906 -0.141204
vn -0.4076579 -0.6663972 -0.62428355
vn 0.21595617 -0.5073014 0.83427113
vn -0.2960263 -0.35131833 0.88822514
vn -0.13652484 -0.9759173 -0.17013645
vn -0.5480723 -0.67373925 -0.49567354
vn -0.49853146 -0.7955299 -0.3443814
vn 0.43326753 0.38242674 0.816106
vn 0.16163917 0.5203442 0.83851945
vn 0.35044336 0.74221516 0.5712321
vn 0.69537866 -0.5581429 0.4526864
vn 0.6984441 0.32193667 0.6391656
vn 0.8245621 0.35150877 0.44332722
vn 0.40663815 0.81478006 0.41325396
vn 0.4305789 0.86621267 0.25352985
vn 0.82643056 -0.5049628 0.24904822
vn 0.01330619 -0.98320055 -0.18204342
vn 0.882907 0.36907127 0.29027855
vn 0.46595618 0.8826506 0.061747696
vn 0.89972603 -0.41927063 0.12126549
vn 0.19535005 -0.96916986 -0.1501606
vn -0.43217105 -0.86392224 -0.25858548
vn 0.38046828 -0.90814847 -0.17467229
vn -0.5081468 -0.8275141 -0.2387619
vn -0.43746752 -0.68116605 -0.5870563
vn 0.95355517 -0.29854983 -0.040006917
vn 0.4450439 -0.788847 -0.42385882
vn 0.41323557 0.052655865 -0.90910053
vn 0.93004924 0.3547348 0.09576795
vn 0.9053634 -0.2556984 -0.33902153
vn 0.93540925 0.32036114 -0.14959392
vn 0.4828567 0.82601744 -0.2907654
vn 0.41323557 0.052655865 -0.90910053
vn -0.40147462 -0.91562945 -0.020991907
vn -0.43746752 -0.68116605 -0.5870563
vn -0.1008446 -0.8159624 -0.5692414
vn -0.5081468 -0.8275141 -0.2387619
vn -0.39433995 -0.91331434 -0.10174902
vn -0.37581518 -0.8851422 -0.274383
vn -0.37565017 -0.9019928 -0.21282841
vn -0.47150418 -0.8492723 -0.2375296
vn -0.43217105 -0.86392224 -0.25858548
vn -0.3952403 -0.8701255 -0.29439247
vn -0.39799625 -0.8605165 -0.3179784
vn -0.49853146 -0.7955299 -0.3443814
vn -0.5480723 -0.67373925 -0.49567354
vn -0.37567964 -0.82370114 -0.42471313
vn -0.21875855 -0.86729354 -0.44715384
vn -0.4076579 -0.6663972 -0.62428355
vn -0.18052359 -0.7860123 -0.59126633
vn -0.2732829 -0.71843743 -0.6396593
vn 0.8070642 -0.1605527 -0.56821674
vn 0.24701576 -0.049306896 -0.9677563
vn 0.24701622 0.04930574 -0.96775615
vn 0.8070645 0.16055138 -0.5682167
vn 0.68407077 -0.4572992 -0.5682646
vn 0.20923278 0.14032815 -0.96774465
vn 0.20923199 -0.14032893 -0.96774477
vn 0.6840719 0.45729816 -0.56826395
vn 0.45685324 -0.68440384 -0.5682223
vn 0.13966663 0.20987755 -0.96770066
vn 0.13966668 -0.20987694 -0.9677009
vn 0.45685357 0.68440384 -0.56822187
vn 0.1603419 -0.80717295 -0.5681216
vn 0.049017213 0.24748139 -0.9676519
vn 0.04901708 -0.2474814 -0.96765196
vn 0.16034149 0.807173 -0.5681217
vn -0.1603423 -0.80717313 -0.5681214
vn -0.049017016 0.2474815 -0.9676519
vn -0.04901698 -0.2474817 -0.9676519
vn -0.16034174 0.807173 -0.5681216
vn -0.45685366 -0.6844038 -0.5682219
vn -0.13966662 0.2098774 -0.9677008
vn -0.13966684 -0.2098774 -0.9677008
vn -0.45685396 0.6844033 -0.5682223
vn -0.6840702 -0.45729876 -0.5682657
vn -0.20923178 0.1403274 -0.9677449
vn -0.20923132 -0.14032836 -0.9677449
vn -0.68407106 0.4572976 -0.5682656
vn -0.8070622 -0.16055223 -0.5682196
vn -0.24701361 0.049305223 -0.9677568
vn -0.24701321 -0.04930636 -0.9677568
vn -0.8070623 0.16055126 -0.5682197
vn -4.0649252E-07 -0.46583045 0.884874
vn -7.119132E-07 -0.9496009 0.31346166
vn -0.36374205 -0.8781465 0.31072566
vn -0.17817424 -0.4301438 0.885003
vn 0.17817356 -0.4301436 0.8850032
vn -0.67147297 -0.67147136 0.31344888
vn 0.36374077 -0.8781469 0.31072596
vn -0.32939836 -0.32939786 0.88486934
vn 0.32939819 -0.32939827 0.88486934
vn -0.87815106 -0.36374047 0.3107147
vn 0.6714717 -0.6714728 0.3134487
vn -0.43015084 -0.17817286 0.8849998
vn 0.4301502 -0.17817315 0.8850001
vn -0.9496083 9.145321E-07 0.31343913
vn 0.8781503 -0.3637418 0.3107152
vn -0.46584508 5.7542957E-07 0.88486624
vn 0.4658425 -1.794915E-07 0.8848676
vn -0.87815124 0.36374256 0.31071198
vn 0.94960755 -6.2155385E-07 0.31344137
vn -0.43015328 0.178175 0.88499826
vn 0.4301515 0.1781738 0.88499933
vn -0.67147267 0.6714724 0.3134475
vn 0.8781511 0.3637411 0.31071386
vn -0.32939813 0.32939932 0.8848689
vn 0.32939872 0.3293995 0.8848687
vn -0.363741 0.8781474 0.31072417
vn 0.67147326 0.67147213 0.31344694
vn -0.17817262 0.4301454 0.88500255
vn 0.17817535 0.43014622 0.8850016
vn 7.776262E-07 0.9496025 0.31345665
vn 0.36374143 0.87814784 0.31072262
vn 4.1705195E-07 0.46583483 0.88487166
vn -0.8070623 0.16055126 -0.5682197
vn -0.8035784 0.5369447 -0.2568114
vn -0.68407106 0.4572976 -0.5682656
vn -0.94790816 0.188493 -0.25678906
vn -0.8070622 -0.16055223 -0.5682196
vn -0.5367621 0.8037071 -0.25679022
vn -0.45685396 0.6844033 -0.5682223
vn -0.94790804 -0.18849345 -0.25678888
vn -0.6840702 -0.45729876 -0.5682657
vn -0.188405 0.9479395 -0.25673774
vn -0.16034174 0.807173 -0.5681216
vn -0.8035777 -0.5369459 -0.25681126
vn -0.45685366 -0.6844038 -0.5682219
vn 0.18840511 0.94793946 -0.25673774
vn 0.16034149 0.807173 -0.5681217
vn -0.53676164 -0.8037076 -0.2567899
vn -0.1603423 -0.80717313 -0.5681214
vn 0.53676146 0.8037076 -0.25679007
vn 0.45685357 0.68440384 -0.56822187
vn -0.1884054 -0.9479395 -0.25673735
vn 0.1603419 -0.80717295 -0.5681216
vn 0.80357826 0.53694504 -0.2568113
vn 0.6840719 0.45729816 -0.56826395
vn 0.18840548 -0.9479395 -0.25673717
vn 0.45685324 -0.68440384 -0.5682223
vn 0.94790834 0.18849264 -0.25678852
vn 0.8070645 0.16055138 -0.5682167
vn 0.5367618 -0.80370784 -0.256789
vn 0.68407077 -0.4572992 -0.5682646
vn 0.94790816 -0.18849386 -0.2567881
vn 0.8070642 -0.1605527 -0.56821674
vn 0.8035777 -0.5369466 -0.25680986
vn 0.29647738 0.1985022 -0.9341832
vn 0.19789113 0.29699442 -0.93414855
vn 0.34975493 0.06967437 -0.9342467
vn 0.34975576 -0.06967529 -0.9342464
vn 0.06939466 0.35003662 -0.9341621
vn 0.29647666 -0.19850394 -0.93418294
vn 0.19789119 -0.2969958 -0.934148
vn -0.0693944 0.35003707 -0.93416184
vn 0.06939495 -0.35003766 -0.93416166
vn -0.19789161 0.2969946 -0.9341483
vn -0.069394924 -0.35003757 -0.9341617
vn -0.29647657 0.19850193 -0.93418336
vn -0.19789046 -0.29699537 -0.9341483
vn -0.34975496 0.06967463 -0.9342467
vn -0.2964756 -0.19850339 -0.93418336
vn -0.34975523 -0.06967478 -0.93424666
vn -0.81649756 -0.5185478 -0.25385028
vn 1.0077537E-06 -0.8775527 0.4794801
vn 0.8164973 -0.518548 -0.2538504
vn 1.0515835E-06 0.1595449 0.98719066
vn 0.8164968 0.518548 0.25385216
vn -0.816497 0.5185478 0.25385204
vn 1.0953934E-06 -0.15955016 -0.9871898
vn 1.0953913E-06 0.87754804 -0.47948876
vn -0.8164966 -0.46350217 -0.34423667
vn -5.2578594E-07 -0.9503234 0.31126434
vn 0.8164961 -0.46350288 -0.3442372
vn -5.696026E-07 -0.023317426 0.99972814
vn 0.8164964 0.463503 0.34423614
vn -0.81649566 0.46350393 0.34423682
vn -5.257909E-07 0.023319108 -0.999728
vn -5.6959976E-07 0.9503266 -0.3112543
vn -0 0.97466314 0.22367746
vn 0.4610658 -0.16653654 0.87159836
vn 6.167173E-06 0.06920326 0.99760264
vn -0.4610615 -0.16653574 0.8716009
vn 5.8819646E-06 -0.9613689 0.27526334
vn 0.46106154 0.886901 -0.028789224
vn -0.46106926 0.88689744 -0.028774194
vn -6.497463E-06 0.4215945 -0.9067845
vn -0.471842 0.6465802 -0.5994157
vn 0.47184214 0.6465812 -0.59941447
vn 0.12642238 0.9817238 -0.14225271
vn -0.12642123 0.9817229 -0.14226012
vn -0.718469 -0.349521 0.6013628
vn 0.7184643 -0.34953046 0.6013631
vn -0.05379246 0.02053707 0.99834096
vn 0.053785034 0.020538254 0.9983413
vn 0.4404157 -0.0063815108 -0.8977713
vn 0.09288313 0.9792947 0.17987356
vn 0.0618464 -0.8162981 0.5743103
vn 9.456165E-07 0.042942382 0.99907756
vn 0.10679834 0.3150738 0.94303906
vn 0.018049998 -0.78779644 0.61567116
vn 0.6332419 0.058820713 -0.7717155
vn -2.5082688E-06 0.9344857 -0.3560007
vn -2.0227706E-06 -0.3593802 -0.93319124
vn 0.023937892 -0.72864336 0.6844749
vn 8.058971E-07 -0.9763268 0.21630016
vn -0.061854795 -0.81630135 0.57430494
vn -0.63324666 0.05881973 -0.77171165
vn -0.4404151 -0.0063811117 -0.8977716
vn -0.018056873 -0.787797 0.6156702
vn -0.023940943 -0.72863847 0.6844799
vn -0.106805764 0.31507447 0.9430379
vn -0.09288748 0.97929436 0.17987388
vn 0.0907295 -0.00055040384 -0.9958754
vn -0.027304519 -0.7378835 0.6743756
vn 0.6336476 0.20179169 -0.74684054
vn -0.74599594 0.076928414 0.66149235
vn -0.62512743 0.77849376 -0.05624259
vn -0.03192931 -0.76152015 0.6473543
vn -0.9102203 -0.39615083 0.12067901
vn -0.76646155 0.38483167 -0.5142386
vn -0.6939797 -0.6915491 -0.20037955
vn 0.7672431 0.5789421 -0.2759782
vn 0.076898694 -0.70477426 0.7052515
vn 5.1284917E-07 -0.8484469 0.5292806
vn -0.5538666 0.20851731 -0.8060721
vn 0.6414763 0.7639711 0.06968734
vn 2.0067087E-07 -0.9024079 -0.4308829
vn -1.1754911E-06 -0.08625073 -0.9962735
vn 0.6939809 -0.69154775 -0.20038015
vn -5.1115435E-06 0.9986859 0.051249523
vn 0.5538619 0.2085229 -0.8060739
vn -0.6414794 0.76396763 0.06969705
vn -0.076898 -0.70477384 0.70525205
vn 0.7664606 0.38483542 -0.51423717
vn 0.9102209 -0.39615136 0.1206729
vn 0.03193704 -0.7615218 0.647352
vn -0.76724654 0.5789406 -0.2759719
vn -0.63364416 0.20178999 -0.74684393
vn 0.027306987 -0.7378866 0.674372
vn 0.74599355 0.07693045 0.6614948
vn 0.6251289 0.7784922 -0.056246143
vn -0.09072714 -0.0005464542 -0.99587566
g WP_Emma_S005_SP01_Hat_0
f 3/3/3 2/2/2 1/1/1
f 6/6/6 5/5/5 4/4/4
f 8/8/8 7/7/7 5/5/5
f 8/8/8 9/9/9 7/7/7
f 7/7/7 9/9/9 10/10/10
f 11/11/11 10/10/10 9/9/9
f 11/11/11 12/12/12 10/10/10
f 13/13/13 10/10/10 12/12/12
f 15/15/15 14/14/14 13/13/13
f 16/16/16 13/13/13 14/14/14
f 18/18/18 17/17/17 16/16/16
f 21/21/21 20/20/20 19/19/19
f 23/23/23 22/22/22 20/20/20
f 26/26/26 25/25/25 24/24/24
f 29/29/29 28/28/28 27/27/27
f 32/32/32 31/31/31 30/30/30
f 35/35/35 34/34/34 33/33/33
f 38/38/38 37/37/37 36/36/36
f 41/41/41 40/40/40 39/39/39
f 44/44/44 43/43/43 42/42/42
f 45/45/45 44/44/44 42/42/42
f 45/45/45 42/42/42 46/46/46
f 45/45/45 47/47/47 44/44/44
f 47/47/47 48/48/48 44/44/44
f 49/49/49 45/45/45 46/46/46
f 47/47/47 45/45/45 49/49/49
f 48/48/48 47/47/47 50/50/50
f 51/51/51 48/48/48 50/50/50
f 51/51/51 50/50/50 52/52/52
f 53/53/53 49/49/49 46/46/46
f 54/54/54 53/53/53 46/46/46
f 55/55/55 53/53/53 54/54/54
f 56/56/56 53/53/53 55/55/55
f 53/53/53 56/56/56 49/49/49
f 55/55/55 57/57/57 56/56/56
f 58/58/58 47/47/47 49/49/49
f 56/56/56 58/58/58 49/49/49
f 58/58/58 59/59/59 47/47/47
f 59/59/59 58/58/58 56/56/56
f 59/59/59 50/50/50 47/47/47
f 50/50/50 60/60/60 52/52/52
f 61/61/61 52/52/52 60/60/60
f 57/57/57 62/62/62 56/56/56
f 62/62/62 59/59/59 56/56/56
f 59/59/59 63/63/63 50/50/50
f 63/63/63 59/59/59 62/62/62
f 63/63/63 60/60/60 50/50/50
f 64/64/64 62/62/62 57/57/57
f 64/64/64 63/63/63 62/62/62
f 65/65/65 64/64/64 57/57/57
f 64/64/64 65/65/65 66/66/66
f 63/63/63 67/67/67 60/60/60
f 63/63/63 64/64/64 67/67/67
f 68/68/68 64/64/64 66/66/66
f 64/64/64 68/68/68 67/67/67
f 68/68/68 66/66/66 69/69/69
f 70/70/70 61/61/61 60/60/60
f 67/67/67 70/70/70 60/60/60
f 71/71/71 68/68/68 69/69/69
f 72/72/72 71/71/71 69/69/69
f 67/67/67 68/68/68 73/73/73
f 68/68/68 71/71/71 73/73/73
f 67/67/67 73/73/73 70/70/70
f 73/73/73 71/71/71 72/72/72
f 70/70/70 74/74/74 61/61/61
f 73/73/73 74/74/74 70/70/70
f 74/74/74 73/73/73 72/72/72
f 74/74/74 75/75/75 61/61/61
f 75/75/75 74/74/74 72/72/72
f 78/78/78 77/77/77 76/76/76
f 77/77/77 79/79/79 76/76/76
f 76/76/76 79/79/79 80/80/80
f 81/81/81 79/79/79 77/77/77
f 82/82/82 81/81/81 77/77/77
f 81/81/81 82/82/82 83/83/83
f 82/82/82 84/84/84 83/83/83
f 83/83/83 84/84/84 85/85/85
f 81/81/81 86/86/86 79/79/79
f 81/81/81 83/83/83 86/86/86
f 79/79/79 87/87/87 80/80/80
f 86/86/86 87/87/87 79/79/79
f 87/87/87 88/88/88 80/80/80
f 88/88/88 89/89/89 80/80/80
f 88/88/88 90/90/90 89/89/89
f 88/88/88 87/87/87 91/91/91
f 90/90/90 88/88/88 91/91/91
f 87/87/87 86/86/86 91/91/91
f 90/90/90 91/91/91 92/92/92
f 91/91/91 93/93/93 92/92/92
f 93/93/93 91/91/91 86/86/86
f 94/94/94 92/92/92 93/93/93
f 83/83/83 95/95/95 86/86/86
f 95/95/95 93/93/93 86/86/86
f 96/96/96 83/83/83 85/85/85
f 83/83/83 96/96/96 95/95/95
f 97/97/97 94/94/94 93/93/93
f 97/97/97 93/93/93 95/95/95
f 94/94/94 97/97/97 98/98/98
f 99/99/99 94/94/94 98/98/98
f 100/100/100 97/97/97 95/95/95
f 96/96/96 100/100/100 95/95/95
f 97/97/97 100/100/100 98/98/98
f 96/96/96 85/85/85 101/101/101
f 85/85/85 102/102/102 101/101/101
f 101/101/101 102/102/102 103/103/103
f 104/104/104 100/100/100 96/96/96
f 100/100/100 104/104/104 98/98/98
f 101/101/101 104/104/104 96/96/96
f 98/98/98 105/105/105 99/99/99
f 105/105/105 106/106/106 99/99/99
f 106/106/106 105/105/105 107/107/107
f 98/98/98 104/104/104 108/108/108
f 105/105/105 98/98/98 108/108/108
f 105/105/105 108/108/108 107/107/107
f 107/107/107 108/108/108 103/103/103
f 108/108/108 104/104/104 101/101/101
f 109/109/109 101/101/101 103/103/103
f 109/109/109 108/108/108 101/101/101
f 108/108/108 109/109/109 103/103/103
f 112/112/112 111/111/111 110/110/110
f 113/113/113 112/112/112 110/110/110
f 113/113/113 110/110/110 114/114/114
f 115/115/115 112/112/112 113/113/113
f 116/116/116 113/113/113 114/114/114
f 117/117/117 115/115/115 113/113/113
f 117/117/117 113/113/113 116/116/116
f 118/118/118 115/115/115 117/117/117
f 119/119/119 117/117/117 116/116/116
f 120/120/120 118/118/118 117/117/117
f 120/120/120 117/117/117 119/119/119
f 121/121/121 118/118/118 120/120/120
f 122/122/122 120/120/120 119/119/119
f 123/123/123 121/121/121 120/120/120
f 123/123/123 120/120/120 122/122/122
f 124/124/124 123/123/123 122/122/122
f 127/127/127 126/126/126 125/125/125
f 128/128/128 127/127/127 125/125/125
f 128/128/128 125/125/125 129/129/129
f 128/128/128 129/129/129 130/130/130
f 131/131/131 128/128/128 130/130/130
f 132/132/132 131/131/131 130/130/130
f 133/133/133 131/131/131 132/132/132
f 134/134/134 133/133/133 132/132/132
f 135/135/135 133/133/133 134/134/134
f 136/136/136 133/133/133 135/135/135
f 137/137/137 136/136/136 135/135/135
f 140/140/140 139/139/139 138/138/138
f 141/141/141 140/140/140 138/138/138
f 143/143/143 141/141/141 142/142/142
f 144/144/144 143/143/143 142/142/142
f 145/145/145 144/144/144 142/142/142
f 146/146/146 145/145/145 142/142/142
f 147/147/147 146/146/146 142/142/142
f 148/148/148 147/147/147 142/142/142
f 149/149/149 148/148/148 142/142/142
f 150/150/150 149/149/149 142/142/142
f 152/152/152 151/151/151 142/142/142
f 153/153/153 152/152/152 142/142/142
f 154/154/154 153/153/153 142/142/142
f 157/157/157 156/156/156 155/155/155
f 157/157/157 158/158/158 156/156/156
f 158/158/158 159/159/159 156/156/156
f 158/158/158 160/160/160 159/159/159
f 158/158/158 161/161/161 160/160/160
f 161/161/161 162/162/162 160/160/160
f 162/162/162 161/161/161 163/163/163
f 163/163/163 161/161/161 164/164/164
f 161/161/161 165/165/165 164/164/164
f 164/164/164 165/165/165 166/166/166
f 166/166/166 165/165/165 167/167/167
f 165/165/165 168/168/168 167/167/167
f 167/167/167 168/168/168 169/169/169
f 172/172/172 171/171/171 170/170/170
f 173/173/173 172/172/172 170/170/170
f 172/172/172 173/173/173 174/174/174
f 173/173/173 175/175/175 174/174/174
f 174/174/174 175/175/175 176/176/176
f 175/175/175 177/177/177 176/176/176
f 176/176/176 177/177/177 178/178/178
f 177/177/177 179/179/179 178/178/178
f 180/180/180 178/178/178 179/179/179
f 181/181/181 180/180/180 179/179/179
f 182/182/182 180/180/180 181/181/181
f 183/183/183 182/182/182 181/181/181
f 184/184/184 182/182/182 183/183/183
f 185/185/185 184/184/184 183/183/183
f 186/186/186 184/184/184 185/185/185
f 187/187/187 186/186/186 185/185/185
f 186/186/186 187/187/187 188/188/188
f 187/187/187 189/189/189 188/188/188
f 192/192/192 191/191/191 190/190/190
f 191/191/191 193/193/193 190/190/190
f 190/190/190 193/193/193 194/194/194
f 191/191/191 195/195/195 193/193/193
f 193/193/193 196/196/196 194/194/194
f 195/195/195 197/197/197 193/193/193
f 193/193/193 197/197/197 196/196/196
f 195/195/195 198/198/198 197/197/197
f 197/197/197 199/199/199 196/196/196
f 198/198/198 200/200/200 197/197/197
f 197/197/197 200/200/200 199/199/199
f 198/198/198 201/201/201 200/200/200
f 200/200/200 202/202/202 199/199/199
f 201/201/201 203/203/203 200/200/200
f 200/200/200 203/203/203 202/202/202
f 203/203/203 204/204/204 202/202/202
f 207/207/207 206/206/206 205/205/205
f 207/207/207 205/205/205 208/208/208
f 209/209/209 208/208/208 205/205/205
f 210/210/210 208/208/208 209/209/209
f 210/210/210 209/209/209 211/211/211
f 209/209/209 212/212/212 211/211/211
f 214/214/214 211/211/211 213/213/213
f 214/214/214 213/213/213 215/215/215
f 218/218/218 217/217/217 216/216/216
f 219/219/219 218/218/218 216/216/216
f 219/219/219 216/216/216 220/220/220
f 221/221/221 219/219/219 220/220/220
f 221/221/221 220/220/220 222/222/222
f 223/223/223 221/221/221 222/222/222
f 224/224/224 223/223/223 222/222/222
f 225/225/225 224/224/224 222/222/222
f 226/226/226 224/224/224 225/225/225
f 227/227/227 226/226/226 225/225/225
f 228/228/228 226/226/226 227/227/227
f 229/229/229 228/228/228 227/227/227
f 230/230/230 228/228/228 229/229/229
f 231/231/231 230/230/230 229/229/229
f 234/234/234 233/233/233 232/232/232
f 235/235/235 234/234/234 232/232/232
f 234/234/234 235/235/235 236/236/236
f 235/235/235 232/232/232 237/237/237
f 232/232/232 238/238/238 237/237/237
f 238/238/238 239/239/239 237/237/237
f 235/235/235 240/240/240 236/236/236
f 236/236/236 240/240/240 241/241/241
f 240/240/240 242/242/242 241/241/241
f 243/243/243 235/235/235 237/237/237
f 240/240/240 235/235/235 243/243/243
f 237/237/237 239/239/239 244/244/244
f 237/237/237 244/244/244 243/243/243
f 239/239/239 245/245/245 244/244/244
f 244/244/244 246/246/246 243/243/243
f 246/246/246 247/247/247 243/243/243
f 248/248/248 240/240/240 243/243/243
f 240/240/240 248/248/248 242/242/242
f 247/247/247 248/248/248 243/243/243
f 248/248/248 249/249/249 242/242/242
f 248/248/248 247/247/247 249/249/249
f 249/249/249 250/250/250 242/242/242
f 250/250/250 251/251/251 242/242/242
f 252/252/252 250/250/250 249/249/249
f 253/253/253 252/252/252 249/249/249
f 247/247/247 253/253/253 249/249/249
f 247/247/247 246/246/246 254/254/254
f 246/246/246 255/255/255 254/254/254
f 255/255/255 256/256/256 254/254/254
f 254/254/254 256/256/256 257/257/257
f 257/257/257 247/247/247 254/254/254
f 256/256/256 258/258/258 257/257/257
f 257/257/257 258/258/258 247/247/247
f 258/258/258 259/259/259 247/247/247
f 262/262/262 261/261/261 260/260/260
f 263/263/263 262/262/262 260/260/260
f 263/263/263 260/260/260 264/264/264
f 262/262/262 263/263/263 265/265/265
f 266/266/266 263/263/263 264/264/264
f 264/264/264 267/267/267 266/266/266
f 267/267/267 268/268/268 266/266/266
f 263/263/263 269/269/269 265/265/265
f 269/269/269 263/263/263 266/266/266
f 265/265/265 269/269/269 270/270/270
f 269/269/269 271/271/271 270/270/270
f 269/269/269 272/272/272 271/271/271
f 272/272/272 269/269/269 266/266/266
f 272/272/272 273/273/273 271/271/271
f 268/268/268 274/274/274 266/266/266
f 274/274/274 272/272/272 266/266/266
f 272/272/272 274/274/274 273/273/273
f 274/274/274 275/275/275 273/273/273
f 274/274/274 268/268/268 276/276/276
f 277/277/277 274/274/274 276/276/276
f 280/280/280 279/279/279 278/278/278
f 281/281/281 280/280/280 278/278/278
f 280/280/280 281/281/281 282/282/282
f 281/281/281 283/283/283 282/282/282
f 283/283/283 284/284/284 282/282/282
f 285/285/285 282/282/282 284/284/284
f 286/286/286 285/285/285 284/284/284
f 287/287/287 280/280/280 282/282/282
f 280/280/280 287/287/287 288/288/288
f 289/289/289 280/280/280 288/288/288
f 288/288/288 287/287/287 290/290/290
f 291/291/291 287/287/287 282/282/282
f 285/285/285 291/291/291 282/282/282
f 287/287/287 291/291/291 290/290/290
f 292/292/292 285/285/285 286/286/286
f 285/285/285 292/292/292 293/293/293
f 291/291/291 285/285/285 293/293/293
f 294/294/294 292/292/292 286/286/286
f 294/294/294 286/286/286 295/295/295
f 291/291/291 293/293/293 296/296/296
f 290/290/290 291/291/291 296/296/296
f 297/297/297 294/294/294 295/295/295
f 298/298/298 294/294/294 297/297/297
f 299/299/299 298/298/298 297/297/297
f 297/297/297 300/300/300 299/299/299
f 301/301/301 298/298/298 299/299/299
f 290/290/290 296/296/296 302/302/302
f 303/303/303 290/290/290 302/302/302
f 300/300/300 304/304/304 299/299/299
f 304/304/304 300/300/300 305/305/305
f 306/306/306 301/301/301 299/299/299
f 299/299/299 304/304/304 306/306/306
f 307/307/307 301/301/301 306/306/306
f 308/308/308 307/307/307 306/306/306
f 308/308/308 306/306/306 309/309/309
f 304/304/304 309/309/309 306/306/306
f 310/310/310 308/308/308 309/309/309
f 311/311/311 304/304/304 305/305/305
f 311/311/311 305/305/305 302/302/302
f 304/304/304 311/311/311 309/309/309
f 302/302/302 296/296/296 312/312/312
f 312/312/312 311/311/311 302/302/302
f 296/296/296 313/313/313 312/312/312
f 311/311/311 314/314/314 309/309/309
f 314/314/314 311/311/311 312/312/312
f 312/312/312 313/313/313 315/315/315
f 315/315/315 314/314/314 312/312/312
f 313/313/313 316/316/316 315/315/315
f 314/314/314 317/317/317 309/309/309
f 317/317/317 314/314/314 315/315/315
f 317/317/317 310/310/310 309/309/309
f 315/315/315 316/316/316 318/318/318
f 318/318/318 317/317/317 315/315/315
f 316/316/316 319/319/319 318/318/318
f 310/310/310 317/317/317 320/320/320
f 320/320/320 321/321/321 310/310/310
f 321/321/321 322/322/322 310/310/310
f 323/323/323 321/321/321 320/320/320
f 317/317/317 324/324/324 320/320/320
f 324/324/324 323/323/323 320/320/320
f 317/317/317 325/325/325 324/324/324
f 325/325/325 323/323/323 324/324/324
f 328/328/328 327/327/327 326/326/326
f 329/329/329 328/328/328 326/326/326
f 332/332/332 331/331/331 330/330/330
f 333/333/333 332/332/332 330/330/330
f 336/336/336 335/335/335 334/334/334
f 337/337/337 336/336/336 334/334/334
f 340/340/340 339/339/339 338/338/338
f 341/341/341 340/340/340 338/338/338
f 344/344/344 343/343/343 342/342/342
f 343/343/343 345/345/345 342/342/342
f 342/342/342 345/345/345 346/346/346
f 342/342/342 346/346/346 347/347/347
f 348/348/348 342/342/342 347/347/347
f 348/348/348 347/347/347 349/349/349
f 350/350/350 348/348/348 349/349/349
f 345/345/345 351/351/351 346/346/346
f 345/345/345 352/352/352 351/351/351
f 352/352/352 353/353/353 351/351/351
f 353/353/353 352/352/352 354/354/354
f 355/355/355 352/352/352 345/345/345
f 356/356/356 355/355/355 345/345/345
f 352/352/352 355/355/355 357/357/357
f 352/352/352 357/357/357 354/354/354
f 355/355/355 358/358/358 357/357/357
f 354/354/354 357/357/357 359/359/359
f 360/360/360 354/354/354 359/359/359
f 359/359/359 361/361/361 360/360/360
f 361/361/361 362/362/362 360/360/360
f 363/363/363 361/361/361 359/359/359
f 364/364/364 363/363/363 359/359/359
f 363/363/363 365/365/365 361/361/361
f 365/365/365 366/366/366 361/361/361
f 365/365/365 367/367/367 366/366/366
f 367/367/367 368/368/368 366/366/366
f 366/366/366 368/368/368 369/369/369
f 367/367/367 370/370/370 368/368/368
f 368/368/368 371/371/371 369/369/369
f 370/370/370 372/372/372 368/368/368
f 368/368/368 372/372/372 371/371/371
f 372/372/372 373/373/373 371/371/371
f 370/370/370 374/374/374 372/372/372
f 374/374/374 375/375/375 372/372/372
f 374/374/374 376/376/376 375/375/375
f 376/376/376 377/377/377 375/375/375
f 376/376/376 378/378/378 377/377/377
f 378/378/378 379/379/379 377/377/377
f 378/378/378 380/380/380 379/379/379
f 380/380/380 381/381/381 379/379/379
f 379/379/379 381/381/381 382/382/382
f 380/380/380 383/383/383 381/381/381
f 381/381/381 384/384/384 382/382/382
f 383/383/383 385/385/385 381/381/381
f 381/381/381 385/385/385 384/384/384
f 385/385/385 386/386/386 384/384/384
f 383/383/383 387/387/387 385/385/385
f 387/387/387 388/388/388 385/385/385
f 387/387/387 390/390/390 389/389/389
f 390/390/390 391/391/391 389/389/389
f 390/390/390 392/392/392 391/391/391
f 392/392/392 393/393/393 391/391/391
f 396/396/396 395/395/395 394/394/394
f 397/397/397 396/396/396 394/394/394
f 400/400/400 399/399/399 398/398/398
f 399/399/399 401/401/401 398/398/398
f 399/399/399 402/402/402 401/401/401
f 402/402/402 403/403/403 401/401/401
f 402/402/402 404/404/404 403/403/403
f 404/404/404 405/405/405 403/403/403
f 407/407/407 406/406/406 362/362/362
f 408/408/408 407/407/407 362/362/362
f 410/410/410 409/409/409 364/364/364
f 411/411/411 410/410/410 364/364/364
f 414/414/414 413/413/413 412/412/412
f 415/415/415 412/412/412 413/413/413
f 413/413/413 414/414/414 416/416/416
f 413/413/413 417/417/417 415/415/415
f 413/413/413 416/416/416 418/418/418
f 413/413/413 419/419/419 417/417/417
f 413/413/413 418/418/418 420/420/420
f 413/413/413 421/421/421 419/419/419
f 413/413/413 420/420/420 422/422/422
f 413/413/413 423/423/423 421/421/421
f 413/413/413 422/422/422 424/424/424
f 413/413/413 425/425/425 423/423/423
f 413/413/413 424/424/424 426/426/426
f 413/413/413 427/427/427 425/425/425
f 413/413/413 426/426/426 428/428/428
f 413/413/413 428/428/428 427/427/427
f 431/431/431 430/430/430 429/429/429
f 432/432/432 431/431/431 429/429/429
f 430/430/430 431/431/431 433/433/433
f 434/434/434 431/431/431 432/432/432
f 431/431/431 434/434/434 435/435/435
f 436/436/436 434/434/434 432/432/432
f 431/431/431 437/437/437 433/433/433
f 437/437/437 431/431/431 435/435/435
f 433/433/433 437/437/437 438/438/438
f 439/439/439 434/434/434 436/436/436
f 435/435/435 434/434/434 439/439/439
f 440/440/440 439/439/439 436/436/436
f 440/440/440 441/441/441 439/439/439
f 439/439/439 441/441/441 442/442/442
f 442/442/442 435/435/435 439/439/439
f 442/442/442 441/441/441 443/443/443
f 444/444/444 442/442/442 443/443/443
f 442/442/442 444/444/444 435/435/435
f 444/444/444 443/443/443 445/445/445
f 437/437/437 446/446/446 438/438/438
f 437/437/437 435/435/435 446/446/446
f 438/438/438 446/446/446 447/447/447
f 448/448/448 438/438/438 447/447/447
f 435/435/435 449/449/449 446/446/446
f 444/444/444 449/449/449 435/435/435
f 446/446/446 449/449/449 447/447/447
f 450/450/450 444/444/444 445/445/445
f 450/450/450 445/445/445 451/451/451
f 452/452/452 449/449/449 444/444/444
f 449/449/449 452/452/452 447/447/447
f 450/450/450 452/452/452 444/444/444
f 448/448/448 447/447/447 453/453/453
f 453/453/453 447/447/447 452/452/452
f 454/454/454 448/448/448 453/453/453
f 455/455/455 450/450/450 451/451/451
f 455/455/455 451/451/451 456/456/456
f 452/452/452 450/450/450 457/457/457
f 457/457/457 453/453/453 452/452/452
f 450/450/450 455/455/455 457/457/457
f 454/454/454 453/453/453 458/458/458
f 458/458/458 453/453/453 457/457/457
f 459/459/459 454/454/454 458/458/458
f 459/459/459 458/458/458 460/460/460
f 461/461/461 458/458/458 457/457/457
f 457/457/457 455/455/455 461/461/461
f 458/458/458 461/461/461 460/460/460
f 462/462/462 455/455/455 456/456/456
f 462/462/462 456/456/456 460/460/460
f 455/455/455 462/462/462 461/461/461
f 461/461/461 462/462/462 460/460/460
f 465/465/465 464/464/464 463/463/463
f 465/465/465 463/463/463 466/466/466
f 463/463/463 464/464/464 467/467/467
f 463/463/463 468/468/468 466/466/466
f 463/463/463 467/467/467 468/468/468
f 467/467/467 469/469/469 468/468/468
f 470/470/470 466/466/466 468/468/468
f 469/469/469 471/471/471 468/468/468
f 472/472/472 470/470/470 468/468/468
f 471/471/471 472/472/472 468/468/468
f 472/472/472 473/473/473 470/470/470
f 472/472/472 471/471/471 473/473/473
f 473/473/473 474/474/474 470/470/470
f 471/471/471 475/475/475 473/473/473
f 476/476/476 474/474/474 473/473/473
f 477/477/477 473/473/473 475/475/475
f 477/477/477 476/476/476 473/473/473
f 478/478/478 477/477/477 475/475/475
f 479/479/479 476/476/476 477/477/477
f 480/480/480 477/477/477 478/478/478
f 481/481/481 479/479/479 477/477/477
f 477/477/477 480/480/480 481/481/481
f 484/484/484 483/483/483 482/482/482
f 485/485/485 484/484/484 482/482/482
f 484/484/484 486/486/486 483/483/483
f 486/486/486 487/487/487 483/483/483
f 484/484/484 485/485/485 488/488/488
f 485/485/485 489/489/489 488/488/488
f 488/488/488 489/489/489 490/490/490
f 486/486/486 491/491/491 487/487/487
f 491/491/491 492/492/492 487/487/487
f 493/493/493 492/492/492 491/491/491
f 486/486/486 484/484/484 494/494/494
f 484/484/484 488/488/488 494/494/494
f 495/495/495 491/491/491 486/486/486
f 493/493/493 491/491/491 495/495/495
f 494/494/494 495/495/495 486/486/486
f 493/493/493 495/495/495 496/496/496
f 496/496/496 495/495/495 494/494/494
f 497/497/497 493/493/493 496/496/496
f 498/498/498 497/497/497 496/496/496
f 494/494/494 488/488/488 499/499/499
f 499/499/499 496/496/496 494/494/494
f 500/500/500 488/488/488 490/490/490
f 488/488/488 500/500/500 499/499/499
f 501/501/501 498/498/498 496/496/496
f 502/502/502 498/498/498 501/501/501
f 496/496/496 499/499/499 503/503/503
f 499/499/499 500/500/500 503/503/503
f 501/501/501 496/496/496 503/503/503
f 500/500/500 490/490/490 504/504/504
f 500/500/500 504/504/504 503/503/503
f 490/490/490 505/505/505 504/504/504
f 506/506/506 504/504/504 505/505/505
f 504/504/504 506/506/506 503/503/503
f 507/507/507 506/506/506 505/505/505
f 507/507/507 508/508/508 506/506/506
f 501/501/501 503/503/503 509/509/509
f 506/506/506 509/509/509 503/503/503
f 508/508/508 510/510/510 506/506/506
f 506/506/506 510/510/510 509/509/509
f 508/508/508 511/511/511 510/510/510
f 512/512/512 502/502/502 501/501/501
f 512/512/512 501/501/501 509/509/509
f 510/510/510 513/513/513 509/509/509
f 511/511/511 513/513/513 510/510/510
f 512/512/512 509/509/509 513/513/513
f 512/512/512 514/514/514 502/502/502
f 514/514/514 512/512/512 513/513/513
f 514/514/514 513/513/513 511/511/511
f 514/514/514 515/515/515 502/502/502
f 514/514/514 511/511/511 515/515/515
f 518/518/518 517/517/517 516/516/516
f 517/517/517 519/519/519 516/516/516
f 517/517/517 518/518/518 520/520/520
f 519/519/519 517/517/517 521/521/521
f 521/521/521 517/517/517 520/520/520
f 522/522/522 519/519/519 521/521/521
f 521/521/521 520/520/520 523/523/523
f 521/521/521 523/523/523 522/522/522
f 523/523/523 524/524/524 522/522/522
f 520/520/520 525/525/525 523/523/523
f 524/524/524 523/523/523 526/526/526
f 523/523/523 525/525/525 527/527/527
f 523/523/523 527/527/527 526/526/526
f 525/525/525 528/528/528 527/527/527
f 528/528/528 529/529/529 527/527/527
f 527/527/527 530/530/530 526/526/526
f 529/529/529 530/530/530 527/527/527
f 530/530/530 531/531/531 526/526/526
f 532/532/532 530/530/530 529/529/529
f 533/533/533 531/531/531 530/530/530
f 532/532/532 534/534/534 530/530/530
f 533/533/533 530/530/530 534/534/534
f 537/537/537 536/536/536 535/535/535
f 538/538/538 537/537/537 535/535/535
f 535/535/535 536/536/536 539/539/539
f 540/540/540 537/537/537 538/538/538
f 536/536/536 541/541/541 539/539/539
f 542/542/542 540/540/540 538/538/538
f 539/539/539 541/541/541 543/543/543
f 544/544/544 540/540/540 542/542/542
f 541/541/541 545/545/545 543/543/543
f 546/546/546 544/544/544 542/542/542
f 547/547/547 543/543/543 545/545/545
f 548/548/548 544/544/544 546/546/546
f 549/549/549 547/547/547 545/545/545
f 550/550/550 548/548/548 546/546/546
f 547/547/547 549/549/549 551/551/551
f 552/552/552 548/548/548 550/550/550
f 549/549/549 553/553/553 551/551/551
f 554/554/554 552/552/552 550/550/550
f 551/551/551 553/553/553 555/555/555
f 556/556/556 552/552/552 554/554/554
f 553/553/553 557/557/557 555/555/555
f 558/558/558 556/556/556 554/554/554
f 555/555/555 557/557/557 559/559/559
f 560/560/560 556/556/556 558/558/558
f 557/557/557 561/561/561 559/559/559
f 562/562/562 560/560/560 558/558/558
f 559/559/559 561/561/561 563/563/563
f 564/564/564 560/560/560 562/562/562
f 561/561/561 565/565/565 563/563/563
f 566/566/566 564/564/564 562/562/562
f 563/563/563 565/565/565 566/566/566
f 565/565/565 564/564/564 566/566/566
f 569/569/569 568/568/568 567/567/567
f 570/570/570 569/569/569 567/567/567
f 571/571/571 567/567/567 568/568/568
f 572/572/572 569/569/569 570/570/570
f 573/573/573 571/571/571 568/568/568
f 574/574/574 572/572/572 570/570/570
f 575/575/575 571/571/571 573/573/573
f 576/576/576 572/572/572 574/574/574
f 577/577/577 575/575/575 573/573/573
f 578/578/578 576/576/576 574/574/574
f 579/579/579 575/575/575 577/577/577
f 580/580/580 576/576/576 578/578/578
f 581/581/581 579/579/579 577/577/577
f 582/582/582 580/580/580 578/578/578
f 583/583/583 579/579/579 581/581/581
f 584/584/584 580/580/580 582/582/582
f 585/585/585 583/583/583 581/581/581
f 586/586/586 584/584/584 582/582/582
f 587/587/587 583/583/583 585/585/585
f 588/588/588 584/584/584 586/586/586
f 589/589/589 587/587/587 585/585/585
f 590/590/590 588/588/588 586/586/586
f 591/591/591 587/587/587 589/589/589
f 592/592/592 588/588/588 590/590/590
f 593/593/593 591/591/591 589/589/589
f 594/594/594 592/592/592 590/590/590
f 595/595/595 591/591/591 593/593/593
f 596/596/596 592/592/592 594/594/594
f 597/597/597 595/595/595 593/593/593
f 598/598/598 596/596/596 594/594/594
f 598/598/598 595/595/595 597/597/597
f 596/596/596 598/598/598 597/597/597
f 601/601/601 600/600/600 599/599/599
f 600/600/600 602/602/602 599/599/599
f 599/599/599 602/602/602 603/603/603
f 604/604/604 600/600/600 601/601/601
f 605/605/605 604/604/604 601/601/601
f 602/602/602 606/606/606 603/603/603
f 603/603/603 606/606/606 607/607/607
f 608/608/608 604/604/604 605/605/605
f 609/609/609 608/608/608 605/605/605
f 606/606/606 610/610/610 607/607/607
f 607/607/607 610/610/610 611/611/611
f 612/612/612 608/608/608 609/609/609
f 613/613/613 612/612/612 609/609/609
f 610/610/610 614/614/614 611/611/611
f 611/611/611 614/614/614 615/615/615
f 616/616/616 612/612/612 613/613/613
f 617/617/617 616/616/616 613/613/613
f 614/614/614 618/618/618 615/615/615
f 615/615/615 618/618/618 619/619/619
f 620/620/620 616/616/616 617/617/617
f 621/621/621 620/620/620 617/617/617
f 618/618/618 622/622/622 619/619/619
f 619/619/619 622/622/622 623/623/623
f 624/624/624 620/620/620 621/621/621
f 625/625/625 624/624/624 621/621/621
f 622/622/622 626/626/626 623/623/623
f 623/623/623 626/626/626 627/627/627
f 628/628/628 624/624/624 625/625/625
f 629/629/629 628/628/628 625/625/625
f 627/627/627 630/630/630 629/629/629
f 626/626/626 630/630/630 627/627/627
f 630/630/630 628/628/628 629/629/629
f 620/620/620 631/631/631 616/616/616
f 631/631/631 632/632/632 616/616/616
f 633/633/633 631/631/631 620/620/620
f 624/624/624 633/633/633 620/620/620
f 616/616/616 632/632/632 612/612/612
f 634/634/634 633/633/633 624/624/624
f 628/628/628 634/634/634 624/624/624
f 632/632/632 635/635/635 612/612/612
f 636/636/636 634/634/634 628/628/628
f 630/630/630 636/636/636 628/628/628
f 612/612/612 635/635/635 608/608/608
f 637/637/637 636/636/636 630/630/630
f 626/626/626 637/637/637 630/630/630
f 635/635/635 638/638/638 608/608/608
f 639/639/639 637/637/637 626/626/626
f 608/608/608 638/638/638 604/604/604
f 622/622/622 639/639/639 626/626/626
f 638/638/638 640/640/640 604/604/604
f 641/641/641 639/639/639 622/622/622
f 604/604/604 640/640/640 600/600/600
f 618/618/618 641/641/641 622/622/622
f 640/640/640 642/642/642 600/600/600
f 643/643/643 641/641/641 618/618/618
f 600/600/600 642/642/642 602/602/602
f 614/614/614 643/643/643 618/618/618
f 642/642/642 644/644/644 602/602/602
f 645/645/645 643/643/643 614/614/614
f 602/602/602 644/644/644 606/606/606
f 610/610/610 645/645/645 614/614/614
f 644/644/644 646/646/646 606/606/606
f 646/646/646 645/645/645 610/610/610
f 606/606/606 646/646/646 610/610/610
f 649/649/649 648/648/648 647/647/647
f 647/647/647 648/648/648 650/650/650
f 650/650/650 648/648/648 651/651/651
f 648/648/648 649/649/649 651/651/651
f 652/652/652 647/647/647 650/650/650
f 650/650/650 651/651/651 652/652/652
f 653/653/653 649/649/649 647/647/647
f 653/653/653 647/647/647 652/652/652
f 651/651/651 654/654/654 652/652/652
f 651/651/651 649/649/649 654/654/654
f 654/654/654 653/653/653 652/652/652
f 649/649/649 653/653/653 654/654/654
f 657/657/657 656/656/656 655/655/655
f 655/655/655 656/656/656 658/658/658
f 658/658/658 656/656/656 659/659/659
f 656/656/656 657/657/657 659/659/659
f 660/660/660 655/655/655 658/658/658
f 658/658/658 659/659/659 660/660/660
f 661/661/661 657/657/657 655/655/655
f 661/661/661 655/655/655 660/660/660
f 659/659/659 662/662/662 660/660/660
f 659/659/659 657/657/657 662/662/662
f 662/662/662 661/661/661 660/660/660
f 657/657/657 661/661/661 662/662/662
f 665/665/665 664/664/664 663/663/663
f 665/665/665 663/663/663 666/666/666
f 665/665/665 667/667/667 664/664/664
f 667/667/667 665/665/665 666/666/666
f 664/664/664 668/668/668 663/663/663
f 663/663/663 669/669/669 666/666/666
f 663/663/663 668/668/668 670/670/670
f 669/669/669 663/663/663 670/670/670
f 670/670/670 668/668/668 671/671/671
f 669/669/669 670/670/670 672/672/672
f 670/670/670 667/667/667 672/672/672
f 668/668/668 664/664/664 673/673/673
f 671/671/671 668/668/668 673/673/673
f 669/669/669 674/674/674 666/666/666
f 669/669/669 672/672/672 674/674/674
f 675/675/675 667/667/667 670/670/670
f 671/671/671 675/675/675 670/670/670
f 664/664/664 667/667/667 675/675/675
f 667/667/667 666/666/666 676/676/676
f 667/667/667 676/676/676 672/672/672
f 664/664/664 677/677/677 673/673/673
f 677/677/677 664/664/664 675/675/675
f 674/674/674 678/678/678 666/666/666
f 666/666/666 678/678/678 676/676/676
f 673/673/673 679/679/679 671/671/671
f 673/673/673 677/677/677 680/680/680
f 679/679/679 673/673/673 680/680/680
f 675/675/675 681/681/681 677/677/677
f 682/682/682 675/675/675 671/671/671
f 675/675/675 682/682/682 681/681/681
f 677/677/677 683/683/683 680/680/680
f 681/681/681 684/684/684 677/677/677
f 677/677/677 684/684/684 683/683/683
f 679/679/679 685/685/685 671/671/671
f 684/684/684 681/681/681 685/685/685
f 679/679/679 684/684/684 685/685/685
f 686/686/686 671/671/671 685/685/685
f 686/686/686 682/682/682 671/671/671
f 676/676/676 682/682/682 686/686/686
f 685/685/685 681/681/681 687/687/687
f 687/687/687 686/686/686 685/685/685
f 688/688/688 684/684/684 679/679/679
f 684/684/684 688/688/688 683/683/683
f 682/682/682 689/689/689 681/681/681
f 681/681/681 689/689/689 687/687/687
f 690/690/690 689/689/689 682/682/682
f 676/676/676 690/690/690 682/682/682
f 687/687/687 689/689/689 690/690/690
f 686/686/686 687/687/687 691/691/691
f 691/691/691 687/687/687 690/690/690
f 672/672/672 676/676/676 686/686/686
f 672/672/672 686/686/686 691/691/691
f 690/690/690 676/676/676 678/678/678
f 672/672/672 691/691/691 692/692/692
f 674/674/674 672/672/672 692/692/692
f 691/691/691 690/690/690 693/693/693
f 693/693/693 690/690/690 678/678/678
f 692/692/692 691/691/691 693/693/693
f 694/694/694 693/693/693 678/678/678
f 692/692/692 693/693/693 694/694/694
f 695/695/695 678/678/678 674/674/674
f 695/695/695 694/694/694 678/678/678
f 696/696/696 674/674/674 692/692/692
f 696/696/696 695/695/695 674/674/674
f 697/697/697 692/692/692 694/694/694
f 697/697/697 696/696/696 692/692/692
f 694/694/694 695/695/695 698/698/698
f 697/697/697 694/694/694 698/698/698
f 696/696/696 697/697/697 699/699/699
f 699/699/699 697/697/697 698/698/698
f 695/695/695 700/700/700 698/698/698
f 700/700/700 695/695/695 696/696/696
f 701/701/701 696/696/696 699/699/699
f 701/701/701 700/700/700 696/696/696
f 702/702/702 698/698/698 700/700/700
f 699/699/699 698/698/698 702/702/702
f 703/703/703 700/700/700 701/701/701
f 703/703/703 702/702/702 700/700/700
f 704/704/704 701/701/701 699/699/699
f 704/704/704 703/703/703 701/701/701
f 702/702/702 703/703/703 705/705/705
f 705/705/705 703/703/703 704/704/704
f 706/706/706 704/704/704 699/699/699
f 706/706/706 699/699/699 702/702/702
f 707/707/707 702/702/702 705/705/705
f 706/706/706 702/702/702 707/707/707
f 707/707/707 705/705/705 708/708/708
f 709/709/709 704/704/704 706/706/706
f 709/709/709 705/705/705 704/704/704
f 710/710/710 706/706/706 707/707/707
f 710/710/710 707/707/707 708/708/708
f 710/710/710 709/709/709 706/706/706
f 711/711/711 705/705/705 709/709/709
f 705/705/705 711/711/711 708/708/708
f 712/712/712 709/709/709 710/710/710
f 712/712/712 711/711/711 709/709/709
f 711/711/711 713/713/713 708/708/708
f 713/713/713 711/711/711 712/712/712
f 714/714/714 712/712/712 710/710/710
f 714/714/714 710/710/710 708/708/708
f 715/715/715 712/712/712 714/714/714
f 715/715/715 713/713/713 712/712/712
f 714/714/714 708/708/708 716/716/716
f 716/716/716 715/715/715 714/714/714
f 713/713/713 717/717/717 708/708/708
f 708/708/708 717/717/717 716/716/716
f 715/715/715 716/716/716 718/718/718
f 719/719/719 713/713/713 715/715/715
f 718/718/718 719/719/719 715/715/715
f 720/720/720 717/717/717 713/713/713
f 719/719/719 720/720/720 713/713/713
f 716/716/716 717/717/717 721/721/721
f 716/716/716 721/721/721 718/718/718
f 717/717/717 720/720/720 721/721/721
f 721/721/721 720/720/720 722/722/722
f 721/721/721 722/722/722 718/718/718
f 723/723/723 720/720/720 719/719/719
f 720/720/720 723/723/723 722/722/722
f 724/724/724 719/719/719 718/718/718
f 724/724/724 723/723/723 719/719/719
f 722/722/722 725/725/725 718/718/718
f 725/725/725 724/724/724 718/718/718
f 683/683/683 724/724/724 725/725/725
f 680/680/680 683/683/683 725/725/725
f 725/725/725 722/722/722 680/680/680
f 724/724/724 683/683/683 688/688/688
f 723/723/723 724/724/724 688/688/688
f 722/722/722 726/726/726 680/680/680
f 722/722/722 723/723/723 726/726/726
f 723/723/723 688/688/688 726/726/726
f 726/726/726 679/679/679 680/680/680
f 726/726/726 688/688/688 679/679/679
