g Wp_Special_Emma_S005_Pigeon
v 0.045593366 -0.0975781 0.023147278
v 0.020112084 -0.098626666 0.023444014
v 0.019418243 -0.10792274 0.026150085
v -0.01849928 -0.09845639 0.024303848
v 1.7434437E-05 -0.09631162 0.034828685
v -0.015682338 -0.088572584 0.02142677
v -0.02011178 -0.09862668 0.023443967
v -0.015682338 -0.088572584 0.02142677
v -0.017049477 -0.08788224 0.020316362
v -0.045319293 -0.09288795 0.021782087
v -0.02011178 -0.09862668 0.023443967
v -0.046861447 -0.101505525 0.024290284
v -0.047956586 -0.10144831 0.024273949
v -0.04637816 -0.09262804 0.021706771
v -0.042360865 -0.08459963 0.019369751
v -0.04860465 -0.091642 0.023053003
v -0.050259516 -0.1008855 0.025756225
v -0.04637822 -0.09160582 0.025202695
v -0.047956645 -0.10042104 0.027787108
v -0.046861265 -0.10047647 0.027809436
v -0.04531917 -0.09186388 0.025284396
v -0.024514342 -0.101600185 0.028261205
v -0.043350175 -0.08312604 0.0227212
v -0.045430116 -0.082751594 0.020453047
v -0.043350056 -0.08414467 0.019237697
v -0.0221763 -0.09282163 0.025691211
v -0.023404999 -0.10165596 0.028283685
v -0.021174306 -0.09328042 0.025831798
v -0.03749044 -0.0771904 0.01721329
v -0.038364965 -0.07656111 0.017030519
v -0.04020387 -0.07480417 0.018128872
v -0.042360745 -0.08357908 0.022860035
v -0.016515836 -0.08556864 0.023572866
v -0.015773775 -0.08636047 0.023810593
v -0.03146483 -0.070634216 0.015305149
v -0.038365025 -0.0755449 0.020505778
v -0.037490197 -0.0761723 0.0206955
v -0.032197624 -0.06985075 0.015077511
v -0.033738256 -0.06777181 0.01607231
v -0.032197747 -0.06883529 0.018550027
v -0.02401618 -0.06557241 0.013831954
v -0.024573412 -0.06466966 0.01356963
v -0.031464707 -0.069616914 0.018784722
v -0.025745235 -0.0623421 0.0144844055
v -0.024573533 -0.06365376 0.017043488
v -0.02401612 -0.06455477 0.017312776
v -0.008394741 -0.08094576 0.022227565
v -0.00802551 -0.08194993 0.022526786
v 0.00095072546 -0.07965753 0.021857465
v 0.0008908631 -0.08072093 0.022173401
v 0.010097648 -0.081900775 0.022516238
v 0.009617835 -0.0828612 0.02280182
v 0.017653648 -0.087334424 0.024102513
v 0.016826974 -0.088045344 0.024315385
v 0.022468356 -0.09513092 0.02637594
v 0.021420583 -0.09548381 0.026484707
v 0.023808675 -0.104102425 0.028992979
v 0.022699332 -0.10404333 0.028981855
v 0.04559306 -0.096548304 0.026669111
v 0.04615554 -0.10529249 0.029217845
v 0.04725092 -0.10535121 0.029228909
v 0.043575667 -0.08802185 0.024186043
v 0.046675157 -0.09640082 0.026620189
v 0.03957989 -0.08016453 0.021898612
v 0.048950166 -0.096673295 0.024524368
v 0.049553726 -0.1060542 0.027267763
v 0.04461015 -0.087673426 0.024078634
v 0.04678525 -0.087526746 0.021849524
v 0.04667534 -0.09742895 0.023104178
v 0.047251105 -0.10638034 0.025709424
v 0.046155963 -0.10632336 0.025692523
v 0.04461027 -0.088701144 0.02056404
v 0.045593366 -0.0975781 0.023147278
v 0.019418243 -0.10792274 0.026150085
v 0.04357591 -0.08905121 0.020665582
v 0.020112084 -0.098626666 0.023444014
v 0.040520433 -0.0806585 0.018223314
v 0.042497534 -0.07909821 0.019384654
v 0.04052025 -0.07963092 0.021737406
v 0.039580315 -0.08119367 0.018378716
v 0.03512423 -0.07333806 0.016092777
v 0.034308042 -0.07301314 0.019815747
v 0.036840368 -0.07142656 0.01714113
v 0.027479904 -0.067228094 0.018130166
v 0.03512417 -0.07231091 0.019605465
v 0.03430847 -0.074041806 0.016297204
v 0.028135462 -0.067416415 0.014369343
v 0.029513454 -0.0652208 0.015326288
v 0.028135339 -0.066389754 0.017880294
v 0.019763336 -0.06255298 0.016764581
v 0.016314548 -0.08788223 0.020316375
v 0.027480207 -0.068256184 0.014613303
v 0.020237174 -0.0626299 0.012976235
v 0.011131217 -0.05971397 0.015932713
v 0.021233132 -0.060204644 0.013859325
v 0.020237114 -0.061604593 0.016482538
v 0.011401816 -0.058698755 0.0156311
v 0.002156018 -0.05823551 0.015494109
v 0.011970447 -0.057157766 0.0129682785
v -0.006952012 -0.058777723 0.015644161
v 0.0022155147 -0.057185523 0.015182133
v -0.015832663 -0.06071682 0.016200857
v -0.007107276 -0.057740536 0.015335689
v -0.0161972 -0.05972536 0.015905388
v 0.00233975 -0.05556949 0.012503813
v 0.011401938 -0.059722528 0.01213004
v -0.0074340194 -0.05614889 0.01267325
v -0.016963646 -0.058226712 0.01328088
v 0.0022156974 -0.058207016 0.011688906
v 0.01976358 -0.06357967 0.013252199
v -0.01619708 -0.06074261 0.012426746
v -0.007107154 -0.058759898 0.011849763
v 0.011131583 -0.060739048 0.012425358
v 0.012358028 -0.08202088 0.018610256
v -0.015832663 -0.061735697 0.012715328
v -0.0069519514 -0.059798505 0.012151513
v 0.0021562008 -0.059258178 0.011994236
v -0.012357602 -0.08202096 0.018610332
v 1.828787E-07 -0.074226595 0.016341707
v 0.0073314854 -0.07758997 0.017320655
v -0.011366216 -0.083180785 0.01985738
v -0.015682338 -0.088572584 0.02142677
v 1.7434437E-05 -0.09631162 0.034828685
v -0.006323153 -0.07695432 0.017135674
v -0.005815116 -0.07852 0.018500848
v 1.7068679E-06 -0.076010756 0.017770477
v 0.006745847 -0.07910473 0.018671
v 0.01136969 -0.08318072 0.019857336
v 0.015009221 -0.08857258 0.0214268
v 0.018502692 -0.09845638 0.024303893
v 0.017864324 -0.10700783 0.026793225
v 0.019418243 -0.10792274 0.026150085
v -0.017861154 -0.10700786 0.026793193
v 1.7434437E-05 -0.09631162 0.034828685
v -0.01849928 -0.09845639 0.024303848
v 0.015566086 -0.1150516 0.029134756
v 1.7434437E-05 -0.09631162 0.034828685
v 0.010417258 -0.1221632 0.031205446
v 0.023611873 -0.119404316 -0.00019840164
v 0.017898342 -0.12749757 0.006697043
v 0.019319994 -0.1250549 0.0092715835
v 0.024794396 -0.11811686 0.0030832898
v 0.029223757 -0.11089841 0.0002886642
v 0.028419707 -0.111113295 -0.0033460634
v 0.03328228 -0.10206952 -0.0015772881
v 0.03407406 -0.10311932 0.0018612578
v 0.03823307 -0.09345766 0.0033925383
v 0.038964834 -0.09573563 0.0062702317
v 0.043040227 -0.08583505 0.010178124
v 0.04392736 -0.089079425 0.012285954
v 0.046753343 -0.084301725 0.01789438
v 0.04575432 -0.08045487 0.016477881
v 0.04725342 -0.082192704 0.02166247
v 0.046138916 -0.07820907 0.020579064
v 0.043105587 -0.082619525 0.023880372
v 0.041939557 -0.07879095 0.022814624
v 0.031466734 -0.08233125 0.024413854
v 0.032743096 -0.085896574 0.02546423
v 0.019231971 -0.09056608 0.02685898
v 0.017832449 -0.08732324 0.025795327
v 0.018857721 -0.12474084 0.0092493035
v 0.01743029 -0.12719291 0.0066664773
v 0.023157991 -0.119079016 -0.00016680823
v 0.024344202 -0.11778658 0.0031159332
v 0.02874585 -0.11062416 0.00038463963
v 0.02794161 -0.11083716 -0.0032566201
v 0.03279771 -0.101846084 -0.0014096746
v 0.033592135 -0.102904975 0.00204735
v 0.037743237 -0.09331249 0.00362016
v 0.0384803 -0.09560026 0.006514627
v 0.04254868 -0.08579581 0.01044207
v 0.04344198 -0.08903399 0.0125601245
v 0.046233136 -0.08435472 0.018092876
v 0.04523127 -0.080528095 0.016661942
v 0.046761904 -0.08237632 0.021468755
v 0.04567743 -0.07840671 0.0203325
v 0.042981856 -0.08280076 0.02336591
v 0.041814853 -0.07897209 0.022300366
v 0.03145282 -0.08249399 0.023878928
v 0.032728765 -0.0860593 0.02492931
v 0.019239083 -0.09073492 0.026325816
v 0.017841099 -0.08749417 0.02526285
v 0.019319994 -0.1250549 0.0092715835
v 0.018857721 -0.12474084 0.0092493035
v 0.024344202 -0.11778658 0.0031159332
v 0.024794396 -0.11811686 0.0030832898
v 0.02874585 -0.11062416 0.00038463963
v 0.029223757 -0.11089841 0.0002886642
v 0.033592135 -0.102904975 0.00204735
v 0.03407406 -0.10311932 0.0018612578
v 0.0384803 -0.09560026 0.006514627
v 0.038964834 -0.09573563 0.0062702317
v 0.04344198 -0.08903399 0.0125601245
v 0.04392736 -0.089079425 0.012285954
v 0.046233136 -0.08435472 0.018092876
v 0.046753343 -0.084301725 0.01789438
v 0.046761904 -0.08237632 0.021468755
v 0.04725342 -0.082192704 0.02166247
v 0.042981856 -0.08280076 0.02336591
v 0.043105587 -0.082619525 0.023880372
v 0.032728765 -0.0860593 0.02492931
v 0.032743096 -0.085896574 0.02546423
v 0.019239083 -0.09073492 0.026325816
v 0.019231971 -0.09056608 0.02685898
v 0.017898342 -0.12749757 0.006697043
v 0.01743029 -0.12719291 0.0066664773
v 0.018857721 -0.12474084 0.0092493035
v 0.019319994 -0.1250549 0.0092715835
v 0.023611873 -0.119404316 -0.00019840164
v 0.01743029 -0.12719291 0.0066664773
v 0.017898342 -0.12749757 0.006697043
v 0.023157991 -0.119079016 -0.00016680823
v 0.028419707 -0.111113295 -0.0033460634
v 0.02794161 -0.11083716 -0.0032566201
v 0.03328228 -0.10206952 -0.0015772881
v 0.03279771 -0.101846084 -0.0014096746
v 0.03823307 -0.09345766 0.0033925383
v 0.037743237 -0.09331249 0.00362016
v 0.043040227 -0.08583505 0.010178124
v 0.04254868 -0.08579581 0.01044207
v 0.04575432 -0.08045487 0.016477881
v 0.04523127 -0.080528095 0.016661942
v 0.046138916 -0.07820907 0.020579064
v 0.04567743 -0.07840671 0.0203325
v 0.041939557 -0.07879095 0.022814624
v 0.041814853 -0.07897209 0.022300366
v 0.031466734 -0.08233125 0.024413854
v 0.03145282 -0.08249399 0.023878928
v 0.017832449 -0.08732324 0.025795327
v 0.017841099 -0.08749417 0.02526285
v 0.019231971 -0.09056608 0.02685898
v 0.019239083 -0.09073492 0.026325816
v 0.017841099 -0.08749417 0.02526285
v 0.017832449 -0.08732324 0.025795327
v -0.0035533332 -0.10513495 -0.027114335
v -1.828787E-07 -0.104193754 -0.027380783
v -1.828787E-07 -0.1054007 -0.027242998
v -0.003342901 -0.103805095 -0.027174618
v -1.828787E-07 -0.102220416 -0.031101266
v -0.009335287 -0.10261759 -0.023348907
v -0.009860759 -0.10505885 -0.023905218
v -0.003342901 -0.10183172 -0.0308951
v -1.828787E-07 -0.099952765 -0.03537705
v -0.008970688 -0.0987503 -0.030640688
v -0.018387051 -0.10104876 -0.020058997
v -0.019302176 -0.104255676 -0.021004083
v -0.003342901 -0.09956406 -0.035171013
v -0.017692355 -0.09513597 -0.030217469
v -0.02900249 -0.0991284 -0.018341148
v -0.031344313 -0.102558546 -0.018783744
v -0.029501809 -0.095071904 -0.031066947
v -0.027793419 -0.09202993 -0.029453332
v -0.023449866 -0.08542382 -0.043158416
v -0.024762446 -0.08770643 -0.04581856
v -0.016151542 -0.09210588 -0.043566823
v -0.0034213557 -0.10030324 -0.036292262
v -1.828787E-07 -0.10051542 -0.03645334
v -0.008813717 -0.096557274 -0.04004225
v -0.0085826805 -0.094637185 -0.038395453
v -0.015655026 -0.08947074 -0.041467045
v -1.828787E-07 -0.10172273 -0.03631632
v -1.828787E-07 -0.10051542 -0.03645334
v -0.0034213557 -0.10030324 -0.036292262
v -0.00396859 -0.101533055 -0.03621514
v -0.003992547 -0.103800714 -0.031939223
v -1.828787E-07 -0.103991084 -0.032040026
v -0.009762797 -0.098512754 -0.04045116
v -0.008813717 -0.096557274 -0.04004225
v -0.0040142485 -0.10577391 -0.02821938
v -1.828787E-07 -0.105963774 -0.028319925
v -0.010237611 -0.1026259 -0.03269639
v -0.017233087 -0.09488853 -0.04434045
v -0.016151542 -0.09210588 -0.043566823
v -0.0035533332 -0.10513495 -0.027114335
v -1.828787E-07 -0.1054007 -0.027242998
v -0.009860759 -0.10505885 -0.023905218
v -0.010684627 -0.10649386 -0.025404222
v -0.019302176 -0.104255676 -0.021004083
v -0.019490909 -0.10069431 -0.033165578
v -0.025186054 -0.0915682 -0.046417173
v -0.024762446 -0.08770643 -0.04581856
v -0.029501809 -0.095071904 -0.031066947
v -0.020315325 -0.10646653 -0.022932388
v -0.029854156 -0.098438375 -0.032852408
v -0.031218551 -0.105273366 -0.021600291
v -0.031344313 -0.102558546 -0.018783744
v 0.0035529674 -0.10513495 -0.027114335
v -1.828787E-07 -0.1054007 -0.027242998
v -1.828787E-07 -0.104193754 -0.027380783
v 0.003342535 -0.103805095 -0.027174618
v -1.828787E-07 -0.102220416 -0.031101266
v 0.009334922 -0.10261759 -0.023348907
v 0.009860454 -0.10505885 -0.023905218
v 0.003342535 -0.10183172 -0.0308951
v -1.828787E-07 -0.099952765 -0.03537705
v 0.008970322 -0.0987503 -0.030640688
v 0.018386746 -0.10104876 -0.020058997
v 0.019301873 -0.104255676 -0.021004083
v 0.003342535 -0.09956406 -0.035171013
v 0.017692052 -0.09513597 -0.030217469
v 0.029002124 -0.0991284 -0.018341148
v 0.031344008 -0.102558546 -0.018783744
v 0.029501444 -0.095071904 -0.031066947
v 0.027793113 -0.09202993 -0.029453332
v 0.0234495 -0.08542382 -0.043158416
v 0.024762081 -0.08770643 -0.04581856
v 0.016151177 -0.09210588 -0.043566823
v 0.00342099 -0.10030324 -0.036292262
v -1.828787E-07 -0.10051542 -0.03645334
v 0.008813351 -0.096557274 -0.04004225
v 0.0085823145 -0.094637185 -0.038395453
v 0.01565466 -0.08947074 -0.041467045
v -1.828787E-07 -0.10172273 -0.03631632
v 0.00342099 -0.10030324 -0.036292262
v -1.828787E-07 -0.10051542 -0.03645334
v 0.003968224 -0.101533055 -0.03621514
v 0.003992181 -0.103800714 -0.031939223
v -1.828787E-07 -0.103991084 -0.032040026
v 0.0097624315 -0.098512754 -0.04045116
v 0.008813351 -0.096557274 -0.04004225
v 0.004013883 -0.10577391 -0.02821938
v -1.828787E-07 -0.105963774 -0.028319925
v 0.010237245 -0.1026259 -0.03269639
v 0.017232783 -0.09488853 -0.04434045
v 0.016151177 -0.09210588 -0.043566823
v 0.0035529674 -0.10513495 -0.027114335
v -1.828787E-07 -0.1054007 -0.027242998
v 0.009860454 -0.10505885 -0.023905218
v 0.010684261 -0.10649386 -0.025404222
v 0.019301873 -0.104255676 -0.021004083
v 0.019490542 -0.10069431 -0.033165578
v 0.02518569 -0.0915682 -0.046417173
v 0.024762081 -0.08770643 -0.04581856
v 0.029501444 -0.095071904 -0.031066947
v 0.020314958 -0.10646653 -0.022932388
v 0.02985379 -0.098438375 -0.032852408
v 0.031218188 -0.105273366 -0.021600291
v 0.031344008 -0.102558546 -0.018783744
v 0.014430593 -0.13059129 0.021901753
v 0.013897684 -0.13025187 0.021265807
v 0.015356447 -0.12800251 0.020793613
v 0.01600213 -0.1281681 0.021393044
v 0.015011232 -0.13096108 0.021327497
v 0.016469996 -0.12871173 0.020855304
v 0.014480153 -0.13062285 0.02064449
v 0.015817422 -0.12856084 0.020211631
v 0.013897684 -0.13025187 0.021265807
v 0.015356447 -0.12800251 0.020793613
v 0.01702753 -0.12676926 0.018965239
v 0.016676465 -0.12604815 0.019433957
v 0.017790074 -0.12675737 0.019495662
v 0.017424135 -0.1260627 0.019928353
v 0.016676465 -0.12604815 0.019433957
v 0.015356447 -0.12800251 0.020793613
v 0.01796448 -0.12546423 0.01705565
v 0.017698573 -0.12462456 0.017350877
v 0.018812124 -0.12533376 0.017412568
v 0.018525247 -0.12452909 0.017684264
v 0.017698573 -0.12462456 0.017350877
v 0.016676465 -0.12604815 0.019433957
v 0.01851531 -0.12480313 0.014713201
v 0.018299453 -0.12390339 0.014795603
v 0.019413002 -0.124612585 0.014857294
v 0.019172575 -0.12375217 0.014931513
v 0.018299453 -0.12390339 0.014795603
v 0.017698573 -0.12462456 0.017350877
v 0.018613577 -0.12486569 0.0122204125
v 0.01840668 -0.12397163 0.012076319
v 0.019520167 -0.12468085 0.01213801
v 0.019288033 -0.12382572 0.012002085
v 0.01840668 -0.12397163 0.012076319
v 0.018299453 -0.12390339 0.014795603
v 0.018247394 -0.1256444 0.009877949
v 0.018007213 -0.1248211 0.009521031
v 0.0191207 -0.1255303 0.009582722
v 0.018857721 -0.12474082 0.009249334
v 0.018007213 -0.1248211 0.009521031
v 0.01840668 -0.12397163 0.012076319
v 0.017460953 -0.12704532 0.007968375
v 0.017149268 -0.1263493 0.007437936
v 0.018262876 -0.1270585 0.0074996273
v 0.017933512 -0.12638712 0.0070052603
v 0.017149268 -0.1263493 0.007437936
v 0.018007213 -0.1248211 0.009521031
v 0.016349113 -0.12889947 0.0067219655
v 0.015936416 -0.12837191 0.006078309
v 0.017050026 -0.1290811 0.00614
v 0.016626906 -0.12856603 0.0055405465
v 0.015936416 -0.12837191 0.006078309
v 0.017149268 -0.1263493 0.007437936
v 0.015045919 -0.1309832 0.0062891073
v 0.0145149 -0.13064496 0.005606116
v 0.015628448 -0.13135418 0.0056678075
v 0.015095479 -0.13101476 0.0050318614
v 0.0145149 -0.13064496 0.005606116
v 0.015936416 -0.12837191 0.006078309
v 0.013708709 -0.13304521 0.0067219655
v 0.013056076 -0.13289432 0.006078309
v 0.014169686 -0.13360354 0.00614
v 0.013524001 -0.13343795 0.0055405465
v 0.013056076 -0.13289432 0.006078309
v 0.0145149 -0.13064496 0.005606116
v 0.012498541 -0.13483678 0.007968375
v 0.011736058 -0.13484868 0.007437936
v 0.012849606 -0.13555789 0.0074996273
v 0.012101937 -0.13554333 0.0070052603
v 0.011736058 -0.13484868 0.007437936
v 0.013056076 -0.13289432 0.006078309
v 0.011561591 -0.13614182 0.009877949
v 0.010713949 -0.1362723 0.009521031
v 0.011827497 -0.13698149 0.009582722
v 0.011000825 -0.13707696 0.009249334
v 0.010713949 -0.1362723 0.009521031
v 0.011736058 -0.13484868 0.007437936
v 0.011010761 -0.13680291 0.0122204125
v 0.01011307 -0.13699344 0.012076319
v 0.01122662 -0.13770266 0.01213801
v 0.010353556 -0.13785386 0.012002085
v 0.01011307 -0.13699344 0.012076319
v 0.010713949 -0.1362723 0.009521031
v 0.010912495 -0.13674034 0.014713201
v 0.010005903 -0.1369252 0.014795603
v 0.011119451 -0.13763441 0.014857294
v 0.0102380365 -0.13778032 0.014931513
v 0.010005903 -0.1369252 0.014795603
v 0.01011307 -0.13699344 0.012076319
v 0.011278678 -0.13596164 0.017055664
v 0.010405371 -0.13607574 0.017350877
v 0.011518858 -0.13678496 0.017412568
v 0.010668412 -0.13686523 0.017684264
v 0.010405371 -0.13607574 0.017350877
v 0.010005903 -0.1369252 0.014795603
v 0.012065117 -0.13456073 0.018965239
v 0.011263256 -0.13454753 0.019433971
v 0.012476169 -0.13252495 0.020793613
v 0.012376804 -0.13525675 0.019495662
v 0.01159262 -0.13521893 0.019928353
v 0.011263256 -0.13454753 0.019433971
v 0.010405371 -0.13607574 0.017350877
v 0.0131770205 -0.13270658 0.020211631
v 0.013589656 -0.13323414 0.020855304
v 0.014480153 -0.13062285 0.02064449
v 0.013897684 -0.13025187 0.021265807
v 0.015011232 -0.13096108 0.021327497
v 0.014430593 -0.13059129 0.021901753
v 0.012899166 -0.13304001 0.021393044
v 0.011263256 -0.13454753 0.019433971
v 0.012476169 -0.13252495 0.020793613
v 0.013897684 -0.13025187 0.021265807
v 0.012476169 -0.13252495 0.020793613
v -0.023910476 -0.09703954 0.0439721
v -0.022618804 -0.088378824 0.040128298
v -0.021630893 -0.08847967 0.041468814
v -0.025004275 -0.0973361 0.042747807
v -0.022603685 -0.1057851 0.04652969
v -0.022587044 -0.08863004 0.03932334
v -0.023636708 -0.10648769 0.045424145
v -0.017909372 -0.11338495 0.04875223
v -0.024969101 -0.097574435 0.04193924
v -0.02212753 -0.09227151 0.027655603
v -0.018724462 -0.11444035 0.04774986
v -0.010542287 -0.11868206 0.050301336
v -0.024459966 -0.10102892 0.030219106
v -0.02209577 -0.09252273 0.026850648
v -0.023603544 -0.10671279 0.044612087
v -0.011015394 -0.1199834 0.049370877
v -0.0016238409 -0.120870024 0.0509412
v -0.024424791 -0.10126725 0.029410537
v -0.021174306 -0.09328042 0.025831798
v -0.023404999 -0.10165596 0.028283685
v -0.023122817 -0.10997542 0.032841343
v -0.018698312 -0.11465393 0.046934813
v -0.023089657 -0.11020051 0.032029286
v -0.02212625 -0.11021226 0.030791957
v -0.0016829107 -0.12227295 0.050040442
v 0.0074879685 -0.11961576 0.05057439
v -0.018319814 -0.117749654 0.03512076
v -0.018293722 -0.11796325 0.0343057
v -0.017532643 -0.11764736 0.032972343
v -0.011000337 -0.120188974 0.048553657
v 0.007852019 -0.120960444 0.04965663
v 0.015406129 -0.115110144 0.049256735
v -0.0107671665 -0.123374425 0.035890784
v -0.010323686 -0.122830175 0.034490526
v -0.010782163 -0.123168856 0.03670801
v -0.001681265 -0.122475296 0.049222104
v 0.016137825 -0.11624569 0.04827783
v 0.020925164 -0.10803918 0.047188878
v 0.021913076 -0.1088464 0.046113934
v -0.001655601 -0.12561046 0.036542106
v -0.001596653 -0.12497191 0.035114355
v -0.0016572467 -0.12540814 0.037360445
v 0.007843728 -0.12113978 0.048962068
v 0.01613301 -0.11638852 0.04777089
v 0.021926608 -0.10893194 0.045844477
v 0.022122106 -0.11017171 0.04193869
v 0.016063152 -0.118458785 0.0404229
v 0.022135576 -0.11025725 0.041669216
v 0.0077241864 -0.123739354 0.03889446
v 0.016058397 -0.118601605 0.03991597
v 0.021194179 -0.1102561 0.04006706
v 0.0077158962 -0.12391871 0.0381999
v 0.015371321 -0.11825359 0.038369704
v 0.0073797046 -0.12334965 0.03671174
v 0.007319781 -0.12374613 0.034749847
v 0.015068047 -0.1193388 0.033454947
v 0.020468578 -0.1124202 0.031429123
v -0.021106824 -0.105690785 0.08528734
v -0.011532696 -0.109885536 0.08774914
v -0.012398079 -0.111952655 0.087118596
v -0.019615812 -0.10407358 0.08604948
v -0.026656095 -0.09670683 0.08266004
v -0.011211196 -0.10924113 0.08756069
v -0.024766471 -0.095735006 0.08361089
v -0.028200993 -0.086368464 0.07963663
v -0.019061875 -0.103596315 0.08590989
v -0.00035289495 -0.087477766 0.08119611
v -0.026200302 -0.086139366 0.080804706
v -0.025506152 -0.076249644 0.07667744
v -0.02369919 -0.07674745 0.07805809
v -0.0240644 -0.09549754 0.08354143
v -0.02545696 -0.086177856 0.08081596
v -0.023027781 -0.077056035 0.078148335
v 0.018276287 -0.10773019 0.08588374
v 0.022993462 -0.09820813 0.08433415
v 0.024800424 -0.099371396 0.08343928
v 0.016937982 -0.10596644 0.08660303
v 0.008916007 -0.11305636 0.08744138
v 0.022322053 -0.09789955 0.08424389
v 0.008250146 -0.11090999 0.08804875
v -0.0018553655 -0.114539124 0.087874986
v 0.016440734 -0.10543474 0.08644752
v -0.00035289495 -0.087477766 0.08119611
v -0.0017474671 -0.112286195 0.0884512
v -0.012398079 -0.111952655 0.087118596
v -0.011532696 -0.109885536 0.08774914
v 0.008002711 -0.110236116 0.08785168
v -0.0017073556 -0.11157274 0.08824256
v -0.011211196 -0.10924113 0.08756069
v 0.022093393 -0.10410007 0.062651426
v 0.020925164 -0.10803918 0.047188878
v 0.015406129 -0.115110144 0.049256735
v 0.01627139 -0.11155929 0.06483284
v 0.024711668 -0.09952651 0.08275744
v 0.0074879685 -0.11961576 0.05057439
v 0.018210573 -0.107855774 0.08519327
v 0.024800424 -0.099371396 0.08343928
v 0.018276287 -0.10773019 0.08588374
v 0.0079185255 -0.11631227 0.06622282
v -0.0016238409 -0.120870024 0.0509412
v 0.008883272 -0.113163166 0.0867454
v 0.008916007 -0.11305636 0.08744138
v -0.0016936397 -0.1176354 0.066609785
v -0.010542287 -0.11868206 0.050301336
v -0.0018500619 -0.11464068 0.087177485
v -0.0018553655 -0.114539124 0.087874986
v -0.0111017125 -0.1153273 0.06593478
v -0.017909372 -0.11338495 0.04875223
v -0.012355529 -0.11206335 0.08642377
v -0.012398079 -0.111952655 0.087118596
v -0.018873204 -0.109739386 0.06430063
v -0.022603685 -0.1057851 0.04652969
v -0.021033611 -0.105823584 0.08459899
v -0.021106824 -0.105690785 0.08528734
v -0.023825316 -0.101722285 0.061956055
v -0.023910476 -0.09703954 0.0439721
v -0.026563253 -0.09687134 0.08198096
v -0.026656095 -0.09670683 0.08266004
v -0.025203854 -0.09249658 0.059258062
v -0.021630893 -0.08847967 0.041468814
v -0.022799062 -0.08346674 0.05661734
v -0.028102664 -0.08656948 0.07896821
v -0.028200993 -0.086368464 0.07963663
v -0.025417397 -0.076486364 0.07601946
v -0.025506152 -0.076249644 0.07667744
v -0.022618804 -0.088378824 0.040128298
v -0.016111858 -0.08140868 0.039400958
v -0.021630893 -0.08847967 0.041468814
v -0.016843555 -0.08097955 0.03796443
v -0.008193697 -0.07690307 0.038083315
v -0.016820146 -0.08124135 0.03716272
v -0.022587044 -0.08863004 0.03932334
v -0.008557748 -0.07626475 0.03658563
v 0.00091811205 -0.0756488 0.037716508
v -0.016480662 -0.085036136 0.025542103
v -0.02212753 -0.09227151 0.027655603
v -0.008546227 -0.07653321 0.035786252
v 0.0009771818 -0.07495227 0.036201783
v 0.009836435 -0.0778367 0.038356338
v -0.008379136 -0.08042459 0.024199363
v -0.016457316 -0.08529793 0.024740394
v -0.02209577 -0.09252273 0.026850648
v -0.021174306 -0.09328042 0.025831798
v -0.015773775 -0.08636047 0.023810593
v -0.008367615 -0.08069305 0.023399984
v -0.00802551 -0.08194993 0.022526786
v 0.0009414596 -0.07940989 0.023030998
v 0.0008908631 -0.08072093 0.022173401
v 0.0009436541 -0.07913964 0.023829477
v 0.010052964 -0.081644416 0.02368709
v 0.009617835 -0.0828612 0.02280182
v 0.016826974 -0.088045344 0.024315385
v 0.00097498734 -0.07522251 0.035403308
v 0.01006851 -0.08137751 0.024486376
v 0.017579643 -0.08705699 0.025267346
v 0.010293937 -0.07750867 0.036072046
v 0.02159066 -0.094866484 0.028381981
v 0.021420583 -0.09548381 0.026484707
v 0.022699332 -0.10404333 0.028981855
v 0.017606283 -0.08679798 0.02606913
v 0.010309483 -0.07724176 0.036871336
v 0.017203642 -0.083133884 0.039905474
v 0.022552418 -0.094181806 0.029503502
v 0.023152748 -0.10265725 0.03380865
v 0.017992156 -0.08304383 0.037690602
v 0.018018734 -0.08278483 0.03849237
v 0.021897957 -0.090733685 0.042127986
v 0.021194179 -0.1102561 0.04006706
v 0.020468578 -0.1124202 0.031429123
v 0.024181807 -0.102319665 0.035154406
v 0.022135576 -0.11025725 0.041669216
v 0.02257534 -0.09397299 0.030189449
v 0.024188878 -0.102172315 0.03566002
v 0.022122106 -0.11017171 0.04193869
v 0.022908118 -0.09094633 0.040132154
v 0.02293104 -0.090737514 0.0408181
v 0.023204807 -0.09947928 0.044685587
v 0.024291474 -0.100036465 0.042988826
v 0.021926608 -0.10893194 0.045844477
v 0.024298545 -0.099889114 0.043494437
v 0.020925164 -0.10803918 0.047188878
v 0.021913076 -0.1088464 0.046113934
v 0.0011496365 -0.06108194 0.07224173
v 0.011692167 -0.06366833 0.07299811
v 0.010826907 -0.06506998 0.07464307
v 0.0010417381 -0.06266939 0.073941045
v -0.009621737 -0.06256466 0.072675355
v 0.0010016267 -0.063382834 0.074149676
v 0.010505345 -0.06571439 0.07483153
v -0.00035289495 -0.087477766 0.08119611
v -0.0089558745 -0.0640456 0.074343495
v -0.018982017 -0.06789086 0.074232966
v -0.00870844 -0.06471947 0.07454056
v -0.017146403 -0.069520876 0.07594471
v -0.023027781 -0.077056035 0.078148335
v -0.01764365 -0.06898917 0.0757892
v -0.025506152 -0.076249644 0.07667744
v -0.02369919 -0.07674745 0.07805809
v 0.027495265 -0.089252576 0.0804801
v 0.024800424 -0.099371396 0.08343928
v 0.022993462 -0.09820813 0.08433415
v 0.025494631 -0.08881625 0.08158752
v 0.025950367 -0.07891422 0.07745669
v 0.02475129 -0.08877775 0.08157628
v 0.022322053 -0.09789955 0.08424389
v -0.00035289495 -0.087477766 0.08119611
v 0.024060803 -0.07922059 0.078781344
v 0.020401094 -0.0699302 0.07482936
v 0.02335873 -0.07945805 0.078850776
v 0.018356206 -0.07135927 0.07648234
v 0.010505345 -0.06571439 0.07483153
v 0.018910145 -0.07088201 0.07634278
v 0.011692167 -0.06366833 0.07299811
v 0.010826907 -0.06506998 0.07464307
v 0.023204807 -0.09947928 0.044685587
v 0.020925164 -0.10803918 0.047188878
v 0.022093393 -0.10410007 0.062651426
v 0.024498189 -0.095070235 0.060010716
v 0.021897957 -0.090733685 0.042127986
v 0.024711668 -0.09952651 0.08275744
v 0.023119587 -0.085844524 0.05731271
v 0.017203642 -0.083133884 0.039905474
v 0.018167537 -0.077827424 0.05496814
v 0.009836435 -0.0778367 0.038356338
v 0.010395861 -0.07223943 0.053333983
v 0.00091811205 -0.0756488 0.037716508
v 0.0009879108 -0.0699314 0.05265899
v -0.008193697 -0.07690307 0.038083315
v -0.008624255 -0.071254544 0.053045947
v -0.016111858 -0.08140868 0.039400958
v -0.016977057 -0.076007545 0.054435935
v -0.021630893 -0.08847967 0.041468814
v -0.022799062 -0.08346674 0.05661734
v -0.025417397 -0.076486364 0.07601946
v -0.018916303 -0.068157084 0.073583625
v -0.025506152 -0.076249644 0.07667744
v -0.018982017 -0.06789086 0.074232966
v -0.009589001 -0.06284969 0.0720315
v -0.009621737 -0.06256466 0.072675355
v 0.001144333 -0.0613722 0.07159942
v 0.0011496365 -0.06108194 0.07224173
v 0.011649678 -0.06394946 0.072353125
v 0.011692167 -0.06366833 0.07299811
v 0.020327883 -0.07018924 0.07417791
v 0.020401094 -0.0699302 0.07482936
v 0.025857525 -0.07914153 0.07679595
v 0.025950367 -0.07891422 0.07745669
v 0.027396936 -0.08944339 0.07980871
v 0.027495265 -0.089252576 0.0804801
v 0.024800424 -0.099371396 0.08343928
v 0.03196409 -0.11207332 0.03945087
v 0.032358557 -0.11644998 0.037933845
v 0.031128699 -0.115957566 0.03751941
v 0.03321565 -0.11251992 0.039851632
v 0.03263897 -0.10836388 0.041289486
v 0.034949277 -0.11303684 0.038662903
v 0.034174908 -0.11774783 0.036594745
v 0.03390943 -0.10876693 0.041676946
v 0.033028077 -0.1048546 0.043516874
v 0.03416973 -0.112675026 0.036676064
v 0.033299774 -0.117998265 0.034245346
v 0.032069914 -0.11750587 0.033830915
v 0.032911338 -0.11224368 0.036279906
v 0.031128699 -0.115957566 0.03751941
v 0.03196409 -0.11207332 0.03945087
v 0.035043705 -0.10776112 0.038915873
v 0.033761602 -0.10738756 0.038537633
v 0.03263897 -0.10836388 0.041289486
v 0.033028077 -0.1048546 0.043516874
v 0.034313593 -0.1052193 0.043892305
v 0.033069897 -0.102248915 0.045842905
v 0.0357587 -0.10865382 0.04068108
v 0.03620407 -0.10454594 0.04316102
v 0.034364432 -0.102588944 0.046210553
v 0.032722972 -0.10125494 0.047983393
v 0.035486516 -0.103178926 0.04168531
v 0.034186184 -0.10285534 0.04132286
v 0.034018304 -0.10159257 0.04835019
v 0.032142334 -0.101400346 0.049883474
v 0.036213946 -0.10151996 0.045868814
v 0.034119375 -0.09951821 0.044446457
v 0.033069897 -0.102248915 0.045842905
v 0.032722972 -0.10125494 0.047983393
v 0.035429638 -0.099811174 0.044798747
v 0.035740778 -0.10038665 0.04857714
v 0.033433154 -0.10175062 0.050254304
v 0.03145355 -0.10220361 0.051478617
v 0.034831505 -0.09854378 0.048077315
v 0.033521302 -0.09825083 0.04772497
v 0.03496647 -0.10067035 0.05110058
v 0.033890042 -0.09891997 0.051211584
v 0.032587033 -0.098604545 0.050851967
v 0.032142334 -0.101400346 0.049883474
v 0.03273687 -0.10257433 0.05185605
v 0.030761477 -0.103469014 0.052529164
v 0.03274181 -0.10046583 0.053873565
v 0.03145148 -0.10011394 0.053502202
v 0.03145355 -0.10220361 0.051478617
v 0.034028422 -0.10188214 0.053239956
v 0.032035287 -0.10386387 0.05291408
v 0.030186508 -0.105004326 0.052799948
v 0.030313425 -0.102269374 0.055241838
v 0.030761477 -0.103469014 0.052529164
v 0.030186508 -0.105004326 0.052799948
v 0.03308599 -0.1036567 0.054654717
v 0.03158809 -0.102662005 0.055626
v 0.031450383 -0.10542288 0.05319219
v 0.029707974 -0.10683939 0.05232562
v 0.032336976 -0.10563732 0.055015873
v 0.030698506 -0.10500464 0.056051604
v 0.029438717 -0.104576364 0.05565639
v 0.030961487 -0.1072819 0.052725222
v 0.02930241 -0.10900293 0.051140107
v 0.031765785 -0.107682206 0.054574847
v 0.030066904 -0.1071823 0.055620227
v 0.028820038 -0.10672533 0.05521634
v 0.029707974 -0.10683939 0.05232562
v 0.02844788 -0.108492486 0.054323267
v 0.02930241 -0.10900293 0.051140107
v 0.030544462 -0.10947021 0.05154717
v 0.028930131 -0.111352615 0.04951511
v 0.031358942 -0.109651506 0.053584784
v 0.028253296 -0.109934874 0.05320822
v 0.028930131 -0.111352615 0.04951511
v 0.027761903 -0.11209062 0.052043073
v 0.029684931 -0.108970165 0.054733295
v 0.028820038 -0.10672533 0.05521634
v 0.02844788 -0.108492486 0.054323267
v 0.029483156 -0.110427275 0.053622674
v 0.031043721 -0.111612566 0.05223208
v 0.027540557 -0.11031097 0.05485508
v 0.026657557 -0.112953305 0.05411361
v 0.02876292 -0.11081808 0.055273704
v 0.026647743 -0.11107926 0.056489613
v 0.025689155 -0.11401846 0.055436082
v 0.030070744 -0.11223343 0.05433986
v 0.0278595 -0.11160667 0.05691411
v 0.027540557 -0.11031097 0.05485508
v 0.026647743 -0.11107926 0.056489613
v 0.030159928 -0.11184496 0.049929574
v 0.02897902 -0.1126079 0.05246476
v 0.027761903 -0.11209062 0.052043073
v 0.027861692 -0.11349479 0.05454214
v 0.026657557 -0.112953305 0.05411361
v 0.02906979 -0.11308588 0.05615513
v 0.026880242 -0.11458288 0.055870984
v 0.025689155 -0.11401846 0.055436082
v 0.027995195 -0.114339575 0.057560783
v 0.026020348 -0.11591971 0.05643975
v 0.024842365 -0.11533285 0.055998664
v 0.02526457 -0.11755117 0.05623593
v 0.024100244 -0.11694193 0.055788763
v 0.024734832 -0.11918472 0.05535281
v 0.023582574 -0.118556716 0.054900736
v 0.025859231 -0.1182556 0.058028266
v 0.024567131 -0.12053569 0.053889994
v 0.023422372 -0.11989622 0.053434934
v 0.026904749 -0.11604576 0.05827782
v 0.025073402 -0.1204991 0.056899402
v 0.024132125 -0.11772222 0.058920093
v 0.025434282 -0.114996046 0.05923304
v 0.02506127 -0.12123535 0.051663585
v 0.023915047 -0.12059806 0.051208995
v 0.02672138 -0.112975925 0.05838276
v 0.025524931 -0.11242077 0.057950437
v 0.02425758 -0.114407115 0.058791466
v 0.024842365 -0.11533285 0.055998664
v 0.024100244 -0.11694193 0.055788763
v 0.022978893 -0.11709563 0.058468394
v 0.023582574 -0.118556716 0.054900736
v 0.02198257 -0.11985918 0.057067756
v 0.023422372 -0.11989622 0.053434934
v 0.023113977 -0.12051856 0.057527956
v 0.021619983 -0.122104734 0.05470091
v 0.024794878 -0.12232566 0.054993074
v 0.022225674 -0.123356864 0.051417932
v 0.023915047 -0.12059806 0.051208995
v 0.025328578 -0.120286755 0.048029922
v 0.022737494 -0.12278394 0.0551662
v 0.025346683 -0.123301275 0.052238643
v 0.023343185 -0.12403605 0.051883176
v 0.024079945 -0.12311155 0.047246665
v 0.025216352 -0.12376358 0.047705192
v 0.026593672 -0.12175432 0.042739104
v 0.027221676 -0.1192218 0.04446482
v 0.029170312 -0.117672935 0.041088454
v 0.027011124 -0.12297154 0.048549466
v 0.02919811 -0.11968613 0.038456403
v 0.031128699 -0.115957566 0.03751941
v 0.032069914 -0.11750587 0.033830915
v 0.027759463 -0.12236095 0.043185525
v 0.030396208 -0.12023834 0.038887907
v 0.033299774 -0.117998265 0.034245346
v 0.034174908 -0.11774783 0.036594745
v 0.03158998 -0.11976997 0.040631976
v 0.032358557 -0.11644998 0.037933845
v 0.026489371 -0.12090157 0.04847849
v 0.025328578 -0.120286755 0.048029922
v 0.028404292 -0.119800955 0.044903792
v 0.027221676 -0.1192218 0.04446482
v 0.029261325 -0.1216767 0.04448956
v 0.03037652 -0.11821042 0.041515782
v 0.029170312 -0.117672935 0.041088454
v 0.031128699 -0.115957566 0.03751941
v 0.029983452 -0.11068043 0.039611008
v 0.027706977 -0.11326018 0.040905442
v 0.028714515 -0.11385493 0.04059055
v 0.028759321 -0.11022096 0.03992411
v 0.031826317 -0.10568905 0.03497214
v 0.02763986 -0.113128126 0.04124238
v 0.0293513 -0.10506788 0.034945987
v 0.034468427 -0.09759934 0.029946066
v 0.028692145 -0.1100889 0.040261053
v 0.02694041 -0.11175329 0.044750433
v 0.031066762 -0.09700964 0.029764256
v 0.037631012 -0.08673467 0.025047738
v 0.029205851 -0.10483664 0.035614487
v 0.027992694 -0.108714044 0.043769106
v 0.026136536 -0.11017308 0.048782423
v 0.033548735 -0.087194 0.025739035
v 0.03726611 -0.086397596 0.026213955
v 0.033211257 -0.086840875 0.02678827
v 0.03081744 -0.096679755 0.030706674
v 0.028221415 -0.09324537 0.040518455
v 0.027691739 -0.10242909 0.042574342
v 0.027188882 -0.10713385 0.04780111
v 0.026059363 -0.1100213 0.049169697
v 0.026081428 -0.09986868 0.049976163
v 0.027111705 -0.106982075 0.048188385
v 0.026816662 -0.11012419 0.050109815
v 0.028066639 -0.107094 0.04912442
v 0.025926776 -0.09962274 0.0506871
v 0.028099252 -0.100084186 0.051906142
v 0.025543217 -0.0908238 0.051553782
v 0.025285969 -0.09059121 0.052613728
v 0.028304502 -0.09109349 0.05408819
v 0.025936529 -0.081808716 0.051543754
v 0.025575342 -0.0816785 0.05287229
v 0.028781876 -0.081223324 0.054728847
v 0.029192502 -0.08136923 0.05329401
v 0.029697489 -0.08316432 0.037712164
v 0.033467047 -0.08288837 0.038355548
v 0.029192502 -0.08136923 0.05329401
v 0.03726611 -0.086397596 0.026213955
v 0.02782469 -0.110719174 0.049795173
v 0.026816662 -0.11012419 0.050109815
v 0.028066639 -0.107094 0.04912442
v 0.029344777 -0.10721817 0.048726123
v 0.027901925 -0.11087095 0.049407896
v 0.028099252 -0.100084186 0.051906142
v 0.02942293 -0.107368104 0.0483383
v 0.028705738 -0.11245115 0.045375895
v 0.030300135 -0.10013172 0.051758498
v 0.028304502 -0.09109349 0.05408819
v 0.030236373 -0.10892902 0.04430069
v 0.029405188 -0.11382601 0.041867837
v 0.030458083 -0.10037104 0.051045608
v 0.031368576 -0.091364354 0.054129448
v 0.028781876 -0.081223324 0.054728847
v 0.03210271 -0.1028627 0.04362369
v 0.031646367 -0.09158511 0.053068947
v 0.030944113 -0.11028712 0.040787723
v 0.029472368 -0.11395806 0.0415309
v 0.03245067 -0.082601495 0.05460479
v 0.029192502 -0.08136923 0.05329401
v 0.03284727 -0.082716264 0.053277243
v 0.033649072 -0.10520557 0.036644932
v 0.031012144 -0.110417575 0.0404503
v 0.028714515 -0.11385493 0.04059055
v 0.029983452 -0.11068043 0.039611008
v 0.03379763 -0.10543061 0.035974618
v 0.031826317 -0.10568905 0.03497214
v 0.034538593 -0.09388341 0.042027976
v 0.037058175 -0.09716521 0.03214116
v 0.037300184 -0.09748042 0.031191519
v 0.034468427 -0.09759934 0.029946066
v 0.036976304 -0.08391113 0.03945605
v 0.04063065 -0.08770302 0.027350439
v 0.037631012 -0.08673467 0.025047738
v 0.03726611 -0.086397596 0.026213955
v 0.040310368 -0.08737073 0.028411305
v 0.03726611 -0.086397596 0.026213955
v 0.033467047 -0.08288837 0.038355548
v 0.029192502 -0.08136923 0.05329401
v 0.02692206 -0.11681644 0.041405443
v 0.028714515 -0.11385493 0.04059055
v 0.027706977 -0.11326018 0.040905442
v 0.02587953 -0.115992986 0.0416121
v 0.023330629 -0.12271711 0.03995188
v 0.025812354 -0.115860924 0.041949052
v 0.02763986 -0.113128126 0.04124238
v 0.02694041 -0.11175329 0.044750433
v 0.021308782 -0.121187635 0.039660145
v 0.017838782 -0.13093042 0.03969355
v 0.021190826 -0.12090122 0.040312484
v 0.025112964 -0.11448607 0.04545711
v 0.015225445 -0.12876056 0.039049633
v 0.010626106 -0.14086086 0.04087665
v 0.024309091 -0.11290588 0.049489096
v 0.026136536 -0.11017308 0.048782423
v 0.019963345 -0.11791926 0.04710436
v 0.015028546 -0.12832557 0.039961312
v 0.008561467 -0.13727623 0.040385302
v 0.010400312 -0.14024496 0.041961305
v 0.00831525 -0.1367401 0.041381016
v 0.024231855 -0.11275409 0.04987637
v 0.026059363 -0.1100213 0.049169697
v 0.026816662 -0.11012419 0.050109815
v 0.02511894 -0.11300211 0.050852224
v 0.018657774 -0.11474794 0.054327514
v 0.01853244 -0.114443325 0.0550213
v 0.020506008 -0.11530336 0.056356907
v 0.01190199 -0.11816506 0.05954959
v 0.0117986025 -0.11762412 0.06051938
v 0.014388958 -0.1189845 0.06224476
v 0.012978535 -0.12379677 0.049453024
v 0.005752023 -0.13115838 0.051747754
v 0.005405224 -0.12295984 0.06357817
v 0.00537194 -0.12217236 0.06471451
v 0.007447857 -0.123983406 0.067233816
v 0.007500587 -0.12484653 0.06600871
v 0.007500587 -0.12484653 0.06600871
v 0.00804959 -0.13383274 0.053253945
v 0.010400312 -0.14024496 0.041961305
v 0.013517053 -0.14107297 0.04411621
v 0.010400312 -0.14024496 0.041961305
v 0.00804959 -0.13383274 0.053253945
v 0.011255149 -0.13546443 0.05453251
v 0.017746184 -0.12754068 0.05187086
v 0.007500587 -0.12484653 0.06600871
v 0.010795453 -0.12691496 0.066202894
v 0.019617703 -0.13212134 0.042363867
v 0.019797472 -0.13256131 0.041450724
v 0.013734313 -0.14161167 0.04311571
v 0.010400312 -0.14024496 0.041961305
v 0.010626106 -0.14086086 0.04087665
v 0.017838782 -0.13093042 0.03969355
v 0.023330629 -0.12271711 0.03995188
v 0.02459243 -0.12388069 0.041370243
v 0.02692206 -0.11681644 0.041405443
v 0.024477644 -0.123588055 0.0420208
v 0.027553909 -0.11734884 0.04247731
v 0.028714515 -0.11385493 0.04059055
v 0.029472368 -0.11395806 0.0415309
v 0.029405188 -0.11382601 0.041867837
v 0.027487524 -0.117215194 0.042813797
v 0.02328235 -0.120541416 0.04879373
v 0.026796486 -0.11582356 0.04631694
v 0.028705738 -0.11245115 0.045375895
v 0.027901925 -0.11087095 0.049407896
v 0.022011157 -0.11730131 0.055996776
v 0.026002241 -0.114224106 0.05034331
v 0.02782469 -0.110719174 0.049795173
v 0.02592598 -0.11407047 0.05073003
v 0.016628794 -0.12168496 0.061871495
v 0.02511894 -0.11300211 0.050852224
v 0.026816662 -0.11012419 0.050109815
v 0.020506008 -0.11530336 0.056356907
v 0.021889057 -0.116990075 0.056688633
v 0.014388958 -0.1189845 0.06224476
v 0.016521445 -0.12112252 0.06283205
v 0.007447857 -0.123983406 0.067233816
v 0.010751256 -0.12609379 0.067323856
v 0.007500587 -0.12484653 0.06600871
v -0.02212625 -0.11021226 0.030791957
v -0.024514342 -0.101600185 0.028261205
v -0.023404999 -0.10165596 0.028283685
v -0.023174023 -0.110568136 0.030890483
v -0.017532643 -0.11764736 0.032972343
v -0.046298794 -0.10921612 0.03037373
v -0.046861265 -0.10047647 0.027809436
v -0.047956645 -0.10042104 0.027787108
v -0.018359376 -0.11836096 0.033176072
v -0.010323686 -0.122830175 0.034490526
v -0.010803499 -0.12379315 0.034767438
v -0.001596653 -0.12497191 0.035114355
v -0.0016565153 -0.12603797 0.035421167
v 0.007319781 -0.12374613 0.034749847
v 0.007689013 -0.12475328 0.035038844
v 0.015068047 -0.1193388 0.033454947
v 0.015810108 -0.120133966 0.033681322
v 0.020468578 -0.1124202 0.031429123
v 0.021470571 -0.11288246 0.0315579
v 0.022699332 -0.10404333 0.028981855
v 0.023808675 -0.104102425 0.028992979
v 0.04461344 -0.113908544 0.031731255
v 0.04615554 -0.10529249 0.029217845
v 0.04567249 -0.114169955 0.031801462
v 0.04725092 -0.10535121 0.029228909
v 0.049553726 -0.1060542 0.027267763
v 0.047898978 -0.1152977 0.029970983
v 0.047251105 -0.10638034 0.025709424
v 0.04264445 -0.12265056 0.034279943
v 0.041655015 -0.1221941 0.034152795
v 0.036784526 -0.12960008 0.03632017
v 0.03765936 -0.13023083 0.036498398
v 0.045672677 -0.11520063 0.028276507
v 0.044724386 -0.12418812 0.032570954
v 0.039498143 -0.13213553 0.03489513
v 0.044613745 -0.114940956 0.028200628
v 0.046155963 -0.10632336 0.025692523
v 0.019418243 -0.10792274 0.026150085
v 0.030758979 -0.13615206 0.03824256
v 0.031492017 -0.13693696 0.03846599
v 0.02331039 -0.14120966 0.039730065
v 0.033032466 -0.13916789 0.036951695
v 0.023867805 -0.1421138 0.039988685
v 0.025039507 -0.14459762 0.0385396
v 0.041655257 -0.12322931 0.030612936
v 0.016919754 -0.11666693 0.028695514
v 0.04264451 -0.12368402 0.030745583
v 0.037659418 -0.1312676 0.032952793
v 0.03678477 -0.1306385 0.03276938
v 0.01132257 -0.124397755 0.030946521
v 0.030759221 -0.13719459 0.034677565
v 0.03149214 -0.13797791 0.03490586
v 0.015566086 -0.1150516 0.029134756
v 0.017864324 -0.10700783 0.026793225
v 1.7434437E-05 -0.09631162 0.034828685
v 0.010417258 -0.1221632 0.031205446
v 0.023310635 -0.14225636 0.036150854
v 0.023867926 -0.14315903 0.036413893
v 0.015127178 -0.14609292 0.03726754
v 0.015491533 -0.14708593 0.037556887
v 1.7068679E-06 -0.12634559 0.03242252
v 1.7434437E-05 -0.09631162 0.034828685
v 0.006246405 -0.14803001 0.03783139
v 0.016257916 -0.14871296 0.039743092
v 1.828787E-07 -0.12894432 0.032269556
v -0.010413844 -0.122163214 0.031205462
v 0.0064016692 -0.14906862 0.03813402
v 0.015491473 -0.14603639 0.041146565
v -0.015562735 -0.11505165 0.029134756
v -0.017861154 -0.10700786 0.026793193
v -0.011322325 -0.12439778 0.030946521
v -0.002861686 -0.14857009 0.037988618
v 0.00672829 -0.15079084 0.04035077
v 0.015126933 -0.14504194 0.040861256
v -0.01691951 -0.11666695 0.028695514
v -0.011836885 -0.14708933 0.03755771
v -0.0029209994 -0.14962144 0.038294986
v 0.006401547 -0.14801544 0.041736074
v 0.0062462827 -0.14697547 0.0414371
v -0.003045479 -0.1513702 0.040520206
v -0.0121074235 -0.14810583 0.037853926
v -0.020469064 -0.14424875 0.036731005
v -0.0029211824 -0.14856566 0.041905753
v -0.0028617468 -0.14751305 0.04160285
v -0.028185632 -0.13957237 0.03536993
v -0.012676177 -0.14978194 0.040055707
v -0.020942843 -0.14519846 0.03700773
v -0.011836946 -0.14603126 0.041175716
v -0.012107546 -0.14704904 0.041468643
v -0.021938981 -0.14673501 0.039164662
v -0.020942904 -0.14414223 0.040620226
v -0.020469125 -0.14319132 0.040346824
v -0.028841069 -0.13935803 0.03921945
v -0.028185632 -0.13851713 0.03897825
v -0.030219182 -0.14171885 0.037697718
v -0.0358299 -0.13344032 0.03748242
v -0.035013773 -0.13273542 0.037281208
v -0.02884101 -0.14041202 0.035614636
v -0.04028562 -0.12558864 0.035182647
v -0.037546095 -0.13551313 0.035882857
v -0.04122598 -0.12612504 0.035334345
v -0.035013895 -0.13378681 0.033686012
v -0.044281397 -0.11773695 0.03287604
v -0.04531588 -0.11808833 0.032973304
v -0.047380824 -0.10936672 0.030411981
v -0.043203205 -0.12784146 0.033639334
v -0.03582984 -0.13449037 0.033891097
v -0.04028562 -0.12663504 0.031604428
v -0.049655836 -0.110266395 0.028499603
v -0.050259516 -0.1008855 0.025756225
v -0.047490977 -0.119412966 0.031174464
v -0.041225918 -0.12717003 0.031760454
v -0.01941806 -0.10792276 0.026150055
v -0.02011178 -0.09862668 0.023443967
v -0.047380704 -0.11039963 0.026879314
v -0.047956586 -0.10144831 0.024273949
v -0.046861447 -0.101505525 0.024290284
v -0.045315817 -0.11912741 0.029419592
v -0.044281457 -0.11877755 0.029317468
v -0.04629885 -0.1102507 0.026835637
v 0.007212248 -0.07069731 0.008733403
v -1.828787E-07 -0.07648867 0.01635978
v -1.828787E-07 -0.06907289 0.0107419295
v 0.009955795 -0.07916133 0.013413025
v 0.017532643 -0.07269008 0.006812369
v 0.010141416 -0.08347219 0.01842817
v 1.7495397E-05 -0.09728909 0.032570757
v 0.016745714 -0.08404157 0.008946929
v 0.02173233 -0.07680131 0.0028649017
v 0.013097284 -0.08887284 0.020027794
v 0.019622702 -0.08899775 0.004395863
v 0.022692138 -0.08300105 -0.0026163086
v 0.016720477 -0.091244705 0.016731663
v 0.019563206 -0.098303825 -0.0042319964
v 0.01849361 -0.0925647 -0.011748379
v 0.01677778 -0.09902649 0.023035204
v 0.019246887 -0.095387906 0.011157644
v 0.010121605 -0.10538062 -0.010561016
v 0.010494373 -0.09899839 -0.01788297
v -1.828787E-07 -0.10175305 -0.020842403
v -1.828787E-07 -0.10953096 -0.014165182
v 0.009666786 -0.113682754 -0.003435148
v -1.828787E-07 -0.11713676 -0.009609986
v 0.008072022 -0.12870334 -0.004580479
v -1.828787E-07 -0.12610058 -0.007260429
v -1.828787E-07 -0.13954403 -0.0099349
v 0.01957692 -0.10333116 0.00086812524
v 0.019102594 -0.102688156 0.016229343
v 0.003299985 -0.14139825 -0.0081883175
v -1.828787E-07 -0.15356551 -0.013712878
v 0.0055626826 -0.14588302 -0.0045045237
v -1.828787E-07 -0.14783393 -0.0026303672
v 0.0063509503 -0.13826932 0.0049890378
v -1.828787E-07 -0.138928 0.0063138106
v 0.0093108425 -0.13396493 0.0014757777
v 0.008508005 -0.1359884 0.01610122
v -1.828787E-07 -0.1371575 0.017845046
v -1.828787E-07 -0.1319954 0.026843576
v 0.016181778 -0.10774249 0.025616733
v 0.012014826 -0.12552504 0.0019475211
v 0.013593496 -0.12908171 0.012573277
v 0.008921798 -0.12952198 0.024939641
v -1.828787E-07 -0.12715751 0.031367265
v 0.009319133 -0.12306265 0.030190455
v 0.01431221 -0.12425734 0.021440685
v 0.016326314 -0.12212009 0.009073222
v 0.01770845 -0.11582696 0.0073491177
v 0.014027528 -0.11597305 0.028054586
v 0.016687255 -0.11828233 0.019721502
v 0.014719114 -0.12102408 0.025459368
v 0.018294454 -0.110934675 0.018510632
v 0.018928738 -0.109080724 0.0047931215
v -0.007212614 -0.07069731 0.008733403
v -1.828787E-07 -0.06907289 0.0107419295
v -1.828787E-07 -0.07648867 0.01635978
v -0.0099561 -0.07916133 0.013413025
v -0.017532947 -0.07269008 0.006812369
v -0.010141782 -0.083472215 0.018428154
v 1.7495397E-05 -0.09728909 0.032570757
v -0.016746081 -0.08404157 0.008946929
v -0.021732695 -0.07680131 0.0028649017
v -0.01309759 -0.08887283 0.020027824
v -0.019623067 -0.08899775 0.004395863
v -0.022692444 -0.08300105 -0.0026163086
v -0.016720844 -0.091244705 0.016731663
v -0.01956357 -0.098303825 -0.0042319964
v -0.018493975 -0.0925647 -0.011748379
v -0.016778085 -0.09902649 0.023035187
v -0.019247252 -0.095387906 0.011157644
v -0.0101219695 -0.10538062 -0.010561016
v -0.010494739 -0.09899839 -0.01788297
v -1.828787E-07 -0.10175305 -0.020842403
v -1.828787E-07 -0.10953096 -0.014165182
v -0.00966709 -0.113682754 -0.003435148
v -1.828787E-07 -0.11713676 -0.009609986
v -0.008072388 -0.12870334 -0.004580479
v -1.828787E-07 -0.12610058 -0.007260429
v -1.828787E-07 -0.13954403 -0.0099349
v -0.019577226 -0.10333116 0.00086812524
v -0.01910296 -0.102688156 0.016229343
v -0.003300351 -0.14139825 -0.0081883175
v -1.828787E-07 -0.15356551 -0.013712878
v -0.005562987 -0.14588302 -0.0045045237
v -1.828787E-07 -0.14783393 -0.0026303672
v -0.006351256 -0.13826932 0.0049890378
v -1.828787E-07 -0.138928 0.0063138106
v -0.009311208 -0.13396493 0.0014757777
v -0.008508371 -0.1359884 0.01610122
v -1.828787E-07 -0.1371575 0.017845046
v -1.828787E-07 -0.1319954 0.026843576
v -0.016182145 -0.10774249 0.025616765
v -0.012015192 -0.12552504 0.0019475211
v -0.013593801 -0.12908171 0.012573277
v -0.008922104 -0.12952198 0.024939641
v -1.828787E-07 -0.12715751 0.031367265
v -0.009319499 -0.123062626 0.030190425
v -0.014312575 -0.12425734 0.021440685
v -0.016326617 -0.12212009 0.009073222
v -0.017708816 -0.11582696 0.0073491177
v -0.014027832 -0.11597305 0.028054599
v -0.01668762 -0.11828233 0.019721502
v -0.01471948 -0.12102408 0.025459368
v -0.018294819 -0.110934675 0.018510632
v -0.018929044 -0.109080724 0.0047931215
v -1.828787E-07 0.060213234 -0.04949105
v -1.828787E-07 0.08151453 -0.059847396
v 0.0040499098 0.07585166 -0.058302887
v 0.0071089217 0.059526738 -0.05118162
v 0.009689706 0.06852139 -0.057763174
v -1.828787E-07 0.04382337 -0.0408789
v 0.014819393 0.061718028 -0.059277818
v 0.009448916 0.042731885 -0.043291144
v -1.828787E-07 0.02803425 -0.03243641
v 0.015522866 0.05744677 -0.05690149
v 0.01895044 0.05610385 -0.06137756
v 0.023447001 0.038305175 -0.05346238
v 0.02015238 0.05403352 -0.063693926
v 0.01988562 0.053260352 -0.06546165
v 0.019049011 0.040415406 -0.048522864
v 0.01203348 0.026245994 -0.035073888
v -1.828787E-07 0.011764903 -0.02473093
v 0.023456143 0.023107031 -0.04072711
v 0.013797345 0.010148495 -0.027857907
v -1.828787E-07 -0.0023619852 -0.018106394
v 0.014471923 -0.005287065 -0.020990383
v -1.828787E-07 -0.015938101 -0.01191627
v 0.02702228 0.007199229 -0.033828173
v 0.029052965 0.019917164 -0.046789814
v 0.013116121 -0.019550331 -0.014272677
v -1.828787E-07 -0.029755339 -0.005943543
v 0.024026848 0.03475659 -0.06332181
v 0.030036608 -0.011300833 -0.026505738
v 0.03197768 -0.010108643 -0.028624143
v 0.026770882 -0.0240004 -0.018492762
v 0.011624075 -0.03367311 -0.008080046
v -1.828787E-07 -0.04505108 0.0004872422
v 0.023659505 -0.03723467 -0.011447483
v 0.033458695 0.00426773 -0.040521517
v 0.033698633 -0.0150723215 -0.03209611
v 0.039102454 -0.015726391 -0.053538937
v 0.03602369 -0.021368906 -0.034233294
v 0.009825768 -0.048525136 -0.0012664275
v -1.828787E-07 -0.06907289 0.0107419295
v 0.020600127 -0.053447314 -0.003282985
v 0.007212248 -0.07069731 0.008733403
v 0.019741207 -0.06067879 9.63847E-05
v 0.017532643 -0.07269008 0.006812369
v 0.03244579 0.014355235 -0.05982606
v 0.036647856 -0.0012355628 -0.056895204
v 0.035538208 -0.0041533774 -0.07271044
v 0.02288855 0.032614905 -0.07205149
v 0.0310639 0.011672698 -0.0728055
v 0.016593805 0.052822765 -0.07003512
v 0.015580717 0.05998875 -0.070793614
v 0.012468792 0.052443147 -0.07594573
v 0.008530194 0.06984261 -0.07626555
v 0.027297936 0.011046423 -0.07965498
v 0.03347613 -0.004215404 -0.08065351
v 0.018715683 0.03209784 -0.077915914
v 0.00781971 0.05237737 -0.07924083
v 0.009212698 0.031986516 -0.082931176
v -1.828787E-07 0.07083448 -0.07865625
v -1.828787E-07 0.08157486 -0.07810905
v -1.828787E-07 0.05244056 -0.081774645
v -1.828787E-07 0.03195206 -0.085640445
v 0.021025015 0.010839293 -0.086603716
v 0.01096053 0.010694301 -0.08970535
v -1.828787E-07 0.009814788 -0.09004124
v 0.030495755 -0.0034999212 -0.089045085
v 0.010986865 -0.007035256 -0.093400374
v -1.828787E-07 -0.006263805 -0.092594214
v 0.019137038 0.0002267696 -0.091682635
v 0.020270213 -0.0004303212 -0.097616404
v 0.014764224 -0.0064759445 -0.09906574
v 0.026877074 -0.0018094933 -0.09756764
v 0.020999474 -0.0010318893 -0.102109246
v 0.017737955 -0.007490323 -0.10386077
v 0.018078778 -0.0069359033 -0.10512851
v 0.021324024 -0.0009558308 -0.103461206
v 0.023099836 -0.00093336724 -0.10194398
v 0.023044424 -0.0008946007 -0.10341196
v 0.027837126 -0.007517869 -0.10510315
v 0.02825854 -0.008022329 -0.10370916
v 0.024776347 -0.011682592 -0.10585688
v 0.030763125 -0.010883953 -0.09896068
v 0.02509303 -0.012511815 -0.104612485
v 0.03309245 -0.016819652 -0.088960804
v 0.022043772 -0.0129553 -0.10470702
v 0.022059195 -0.0120009575 -0.10587791
v 0.026802152 -0.017968368 -0.0997171
v 0.03522634 -0.022165606 -0.080660254
v 0.017737955 -0.007490323 -0.10386077
v 0.018078778 -0.0069359033 -0.10512851
v 0.0148456665 -0.016482024 -0.100014776
v 0.014764224 -0.0064759445 -0.09906574
v 0.010986865 -0.007035256 -0.093400374
v 0.01229847 -0.0244865 -0.093013406
v -1.828787E-07 -0.006263805 -0.092594214
v -1.828787E-07 -0.022865579 -0.09195071
v -1.828787E-07 -0.041174922 -0.08645852
v 0.021049093 -0.04145066 -0.0830158
v -1.828787E-07 -0.057708576 -0.07813763
v 0.02189253 -0.020056617 -0.10009031
v 0.021593768 -0.027362281 -0.09085169
v 0.029306678 -0.026173366 -0.08750218
v 0.037997805 -0.037746016 -0.06782603
v 0.03589976 -0.051077876 -0.06155117
v 0.020114098 -0.05636887 -0.074852616
v 0.01829799 -0.06910633 -0.06570486
v -1.828787E-07 -0.07054579 -0.06896345
v 0.015766155 -0.079316184 -0.05401008
v -1.828787E-07 -0.08087774 -0.057052027
v -1.828787E-07 -0.08778297 -0.04320251
v 0.038110457 -0.021045255 -0.07133414
v 0.039460775 -0.030805465 -0.04736793
v 0.036780443 -0.025788853 -0.033557747
v 0.037566576 -0.04125823 -0.04128337
v 0.03545323 -0.03474178 -0.028542802
v 0.034309205 -0.051087413 -0.034153502
v 0.03362755 -0.04434714 -0.02261482
v 0.01368969 -0.08590257 -0.039988797
v -1.828787E-07 -0.095703125 -0.028521914
v 0.03243061 -0.062312867 -0.053386696
v 0.03109066 -0.060007233 -0.026252588
v 0.031556085 -0.053521395 -0.016621822
v 0.028605094 -0.07192467 -0.042747602
v 0.024229111 -0.07938083 -0.030956747
v 0.027206073 -0.06877144 -0.01797876
v 0.028600888 -0.06316862 -0.009780475
v 0.02446783 -0.07600723 -0.009226642
v 0.020222545 -0.08684984 -0.019377492
v 0.024628274 -0.069962315 -0.0037324172
v 0.026079234 -0.06541435 -0.0056316354
v 0.023990575 -0.06595638 -0.0019976373
v 0.02173233 -0.07680131 0.0028649017
v 0.022692138 -0.08300105 -0.0026163086
v 0.01849361 -0.0925647 -0.011748379
v 0.01087476 -0.09336812 -0.026087739
v 0.010494373 -0.09899839 -0.01788297
v -1.828787E-07 -0.10175305 -0.020842403
v 0.017532643 -0.07269008 0.006812369
v 0.023990575 -0.06595638 -0.0019976373
v 0.02173233 -0.07680131 0.0028649017
v 0.020342879 -0.06358603 0.000118703516
v 0.019741207 -0.06067879 9.63847E-05
v 0.0755058 0.13339393 -0.077375576
v 0.076021396 0.13322443 -0.078069545
v 0.066444464 0.1228201 -0.07813831
v 0.066080354 0.122919634 -0.077505
v 0.055913277 0.1105807 -0.076880224
v 0.07498911 0.13356362 -0.076681025
v 0.065675884 0.12305032 -0.0768423
v 0.05558025 0.11073743 -0.07621139
v 0.04403963 0.09332434 -0.074129276
v 0.043297447 0.09376731 -0.07302716
v 0.055227965 0.11090256 -0.075530596
v 0.044831738 0.12976007 -0.07519931
v 0.03789015 0.11762403 -0.07404431
v 0.03173799 0.07415294 -0.068063356
v 0.031974997 0.073523946 -0.06952526
v 0.042494915 0.094041996 -0.071959026
v 0.02015238 0.05403352 -0.063693926
v 0.01988562 0.053260352 -0.06546165
v 0.01895044 0.05610385 -0.06137756
v 0.030734595 0.07534851 -0.06634291
v 0.014819393 0.061718028 -0.059277818
v 0.029070824 0.09976999 -0.06978676
v 0.020236198 0.08165426 -0.06410716
v 0.009689706 0.06852139 -0.057763174
v 0.012402041 0.086358756 -0.06320024
v 0.0040499098 0.07585166 -0.058302887
v 0.022118144 0.10246212 -0.06920587
v 0.027119998 0.12049731 -0.07333134
v 0.031188926 0.13284673 -0.07403957
v 0.005318661 0.09112528 -0.06349655
v 0.01418523 0.10457329 -0.06888232
v 0.017250704 0.12240541 -0.072852455
v -1.828787E-07 0.094494015 -0.064341284
v -1.828787E-07 0.08151453 -0.059847396
v 0.006587352 0.10621665 -0.06888466
v -1.828787E-07 0.10741319 -0.068899415
v 0.008390109 0.12339712 -0.072582535
v -1.828787E-07 0.1239714 -0.07241107
v -1.828787E-07 0.13618502 -0.07300386
v 0.010007305 0.13552454 -0.07319946
v -1.828787E-07 0.14829054 -0.072388336
v 0.020016683 0.13459687 -0.07350439
v 0.023380982 0.14708306 -0.07279586
v 0.011858038 0.1478848 -0.07256328
v -1.828787E-07 0.15341124 -0.07188034
v 0.013038398 0.1530055 -0.07205521
v 0.013020109 0.1531635 -0.07360551
v -1.828787E-07 0.1535655 -0.07343056
v 0.02455043 0.1524026 -0.073837705
v 0.024570668 0.15224409 -0.07228368
v 0.023345625 0.1472038 -0.07447665
v 0.02455043 0.1524026 -0.073837705
v 0.035524067 0.14437753 -0.07346166
v 0.035455365 0.1444977 -0.07520368
v 0.023345625 0.1472038 -0.07447665
v 0.05035998 0.13959461 -0.07605297
v 0.050392106 0.13943087 -0.074292526
v 0.04471805 0.1297847 -0.077510186
v 0.05035998 0.13959461 -0.07605297
v 0.05069782 0.13575344 -0.07727838
v 0.050803337 0.13570076 -0.07540351
v 0.053392477 0.13708971 -0.077323966
v 0.05348623 0.13702677 -0.075540796
v 0.056476053 0.13713406 -0.07740395
v 0.056544814 0.13704933 -0.07567489
v 0.07437238 0.13420954 -0.07801756
v 0.0755058 0.13339393 -0.077375576
v 0.076021396 0.13322443 -0.078069545
v 0.066444464 0.1228201 -0.07813831
v 0.076021396 0.13322443 -0.078069545
v 0.07437238 0.13420954 -0.07801756
v 0.06353078 0.124831595 -0.07835847
v 0.056476053 0.13713406 -0.07740395
v 0.053392477 0.13708971 -0.077323966
v 0.05069782 0.13575344 -0.07727838
v 0.055913277 0.1105807 -0.076880224
v 0.04471805 0.1297847 -0.077510186
v 0.05167561 0.11226549 -0.07868305
v 0.04403963 0.09332434 -0.074129276
v 0.040509768 0.094674155 -0.07684578
v 0.037711844 0.11748486 -0.07959274
v 0.030077755 0.07451001 -0.07235604
v 0.031974997 0.073523946 -0.06952526
v 0.01988562 0.053260352 -0.06546165
v 0.015580717 0.05998875 -0.070793614
v 0.019798936 0.08135051 -0.07869259
v 0.008530194 0.06984261 -0.07626555
v 0.028774867 0.09950577 -0.08013999
v 0.012083832 0.08593733 -0.07915963
v -1.828787E-07 0.08157486 -0.07810905
v 0.021903627 0.102122545 -0.080458865
v 0.026989056 0.12032394 -0.07970684
v 0.031093584 0.13287333 -0.0775775
v 0.0051568137 0.0906317 -0.07935934
v -1.828787E-07 0.09391782 -0.079289
v 0.01405057 0.10417804 -0.08068246
v 0.0065047517 0.10579717 -0.08054961
v -1.828787E-07 0.10699015 -0.079846136
v 0.017161459 0.122215964 -0.07952677
v 0.008333295 0.12320089 -0.07916123
v -1.828787E-07 0.123773545 -0.07846066
v 0.009969328 0.13553056 -0.07677518
v -1.828787E-07 0.13618845 -0.07625508
v -1.828787E-07 0.14840825 -0.074104965
v 0.01995926 0.13461359 -0.07715611
v 0.011836092 0.14800757 -0.07433152
v -1.828787E-07 0.1535655 -0.07343056
v 0.013020109 0.1531635 -0.07360551
v 0.023345625 0.1472038 -0.07447665
v 0.02455043 0.1524026 -0.073837705
v 0.035455365 0.1444977 -0.07520368
v 0.05035998 0.13959461 -0.07605297
v 0.02163333 0.0008357823 -0.11418279
v 0.023044424 -0.0008946007 -0.10341196
v 0.021324024 -0.0009558308 -0.103461206
v 0.023411157 0.0005157675 -0.11418279
v 0.021689292 0.00077438843 -0.11732765
v 0.026398357 -0.0031464584 -0.11418279
v 0.027837126 -0.007517869 -0.10510315
v 0.023487965 0.0004258178 -0.11732765
v 0.021962024 -0.0018989476 -0.14990075
v 0.026194388 -0.002785833 -0.11732765
v 0.02434396 -0.0017932284 -0.1497659
v 0.021956965 -0.0019910461 -0.15102288
v 0.024099695 -0.006537491 -0.11418279
v 0.024776347 -0.011682592 -0.10585688
v 0.022059195 -0.0120009575 -0.10587791
v 0.024093783 -0.005917513 -0.11732765
v 0.024377426 -0.0018696756 -0.15088338
v 0.021962697 0.0056071985 -0.15356255
v 0.025630571 -0.0045000124 -0.14919361
v 0.024389496 0.0056678834 -0.15349278
v 0.023188105 0.012290542 -0.15664367
v 0.02203859 -0.006413762 -0.11418279
v 0.018078778 -0.0069359033 -0.10512851
v 0.025642825 -0.004559059 -0.1502914
v 0.030674854 -0.0065192673 -0.15362668
v 0.022038775 -0.005776506 -0.11732765
v 0.018768597 -0.0031033221 -0.11418279
v 0.021324024 -0.0009558308 -0.103461206
v 0.02163333 0.0008357823 -0.11418279
v 0.018946355 -0.0026629157 -0.11732765
v 0.021689292 0.00077438843 -0.11732765
v 0.023912244 -0.00729654 -0.14730787
v 0.022412578 -0.0073101 -0.14714547
v 0.02241459 -0.0073629287 -0.14817268
v 0.023916146 -0.007344043 -0.14834067
v 0.024338046 -0.012768449 -0.14946723
v 0.020313313 -0.004591699 -0.14911388
v 0.021962024 -0.0018989476 -0.14990075
v 0.020317886 -0.0046581416 -0.15020892
v 0.021956965 -0.0019910461 -0.15102288
v 0.015340292 -0.007503544 -0.15303925
v 0.016673295 -0.008490666 -0.1505658
v 0.011363473 -0.015367199 -0.15311
v 0.02978765 -0.008074499 -0.15041703
v 0.03493337 -0.013573813 -0.15423852
v 0.012797912 -0.016766215 -0.15089396
v 0.008622548 -0.02216524 -0.15265743
v 0.018765306 -0.009549591 -0.15057236
v 0.027998243 -0.009291042 -0.15039924
v 0.03394375 -0.015060359 -0.15143453
v 0.03856418 -0.020415027 -0.15419923
v 0.03775019 -0.021831758 -0.15180835
v 0.03906996 -0.026001938 -0.15522902
v 0.009614238 -0.023615003 -0.15059938
v 0.008633642 -0.027307186 -0.15354769
v 0.009243482 -0.028282046 -0.15261184
v 0.0101478165 -0.030230312 -0.1558009
v 0.0116308415 -0.02414269 -0.15060915
v 0.010230235 -0.028491873 -0.15261707
v 0.011348233 -0.02753383 -0.15383866
v 0.013213596 -0.023319673 -0.15306628
v 0.014869135 -0.017551646 -0.15090218
v 0.016175134 -0.0175246 -0.15305834
v 0.019375937 -0.010934802 -0.15251389
v 0.020911327 -0.011633028 -0.15249601
v 0.022632156 -0.012806805 -0.1495474
v 0.022833869 -0.01974244 -0.15056172
v 0.021393394 -0.020808512 -0.15300387
v 0.021720564 -0.026710939 -0.15384994
v 0.022980537 -0.027019616 -0.15146309
v 0.023348613 -0.032905545 -0.15365966
v 0.022662146 -0.03221838 -0.15499072
v 0.023813244 -0.03508556 -0.15664315
v 0.024189426 -0.032949813 -0.15357344
v 0.024979586 -0.03238129 -0.15463585
v 0.025804063 -0.026672568 -0.15395232
v 0.024563171 -0.027073422 -0.15130857
v 0.024581458 -0.019733671 -0.15044245
v 0.026306614 -0.01969644 -0.15355831
v 0.026109349 -0.011354672 -0.15273151
v 0.027429854 -0.010501002 -0.15279743
v 0.032085154 -0.015977304 -0.15150544
v 0.031186061 -0.016277561 -0.15395324
v 0.03466033 -0.02161671 -0.15454377
v 0.035897505 -0.022443552 -0.15196961
v 0.03694467 -0.026454512 -0.1554691
v 0.038528644 -0.026696822 -0.15411244
v 0.0378857 -0.02907485 -0.15734111
v 0.03762693 -0.026944445 -0.15421033
v 0.020911327 -0.011633028 -0.15249601
v 0.023392867 -0.0029077714 -0.15519992
v 0.019375937 -0.010934802 -0.15251389
v 0.018127121 -0.009918681 -0.15466854
v 0.014678515 -0.016344337 -0.15463449
v 0.016175134 -0.0175246 -0.15305834
v 0.016540525 -0.008505274 -0.15507637
v 0.020779775 -0.0017021054 -0.15531288
v 0.023315268 0.0052888636 -0.15575434
v 0.013109599 -0.015533134 -0.15467116
v 0.01188169 -0.022722697 -0.15394375
v 0.013213596 -0.023319673 -0.15306628
v 0.011348233 -0.02753383 -0.15383866
v 0.015340292 -0.007503544 -0.15303925
v 0.010150256 -0.022347275 -0.15357134
v 0.011363473 -0.015367199 -0.15311
v 0.008622548 -0.02216524 -0.15265743
v 0.008633642 -0.027307186 -0.15354769
v 0.009827597 -0.026997007 -0.15400992
v 0.0101478165 -0.030230312 -0.1558009
v 0.010711693 -0.027135741 -0.15424201
v 0.020778496 -0.0015762924 -0.15326399
v 0.021956965 -0.0019910461 -0.15102288
v 0.021472704 0.0052942205 -0.1558108
v 0.021627905 0.0054694717 -0.154668
v 0.021962697 0.0056071985 -0.15356255
v 0.023188105 0.012290542 -0.15664367
v 0.025010979 0.0054070298 -0.15585198
v 0.024788842 0.0055577564 -0.15464988
v 0.024389496 0.0056678834 -0.15349278
v 0.025797846 -0.0014764903 -0.15539524
v 0.02566782 -0.0013937224 -0.15320848
v 0.024377426 -0.0018696756 -0.15088338
v 0.030674854 -0.0065192673 -0.15362668
v 0.029697916 -0.0076854127 -0.1555093
v 0.03493337 -0.013573813 -0.15423852
v 0.03375752 -0.014137137 -0.15581569
v 0.028321207 -0.00949512 -0.15509285
v 0.037415825 -0.020532887 -0.15535057
v 0.03856418 -0.020415027 -0.15419923
v 0.03906996 -0.026001938 -0.15522902
v 0.03229644 -0.015216389 -0.15565827
v 0.027429854 -0.010501002 -0.15279743
v 0.026109349 -0.011354672 -0.15273151
v 0.031186061 -0.016277561 -0.15395324
v 0.0246337 -0.011252473 -0.15480709
v 0.035741754 -0.02107709 -0.155573
v 0.03466033 -0.02161671 -0.15454377
v 0.03694467 -0.026454512 -0.1554691
v 0.038356736 -0.025975807 -0.15571785
v 0.0378857 -0.02907485 -0.15734111
v 0.037478976 -0.026145538 -0.15590715
v 0.02489223 -0.019739814 -0.1552399
v 0.026306614 -0.01969644 -0.15355831
v 0.02252328 -0.011392521 -0.15475592
v 0.023392867 -0.0029077714 -0.15519992
v 0.020911327 -0.011633028 -0.15249601
v 0.022708597 -0.019759841 -0.15521145
v 0.021393394 -0.020808512 -0.15300387
v 0.024795914 -0.026489355 -0.15518004
v 0.025804063 -0.026672568 -0.15395232
v 0.022931892 -0.026497127 -0.1551672
v 0.021720564 -0.026710939 -0.15384994
v 0.022662146 -0.03221838 -0.15499072
v 0.02497678 -0.031995263 -0.15544271
v 0.024979586 -0.03238129 -0.15463585
v 0.023813244 -0.03508556 -0.15664315
v 0.024276355 -0.03191264 -0.15565206
v 0.023332214 -0.03191737 -0.15564822
v -1.828787E-07 0.060213234 -0.04949105
v -0.0040502143 0.07585166 -0.058302887
v -1.828787E-07 0.08151453 -0.059847396
v -0.0071092877 0.059526738 -0.05118162
v -0.009690071 0.06852139 -0.057763174
v -1.828787E-07 0.04382337 -0.0408789
v -0.014819759 0.061718028 -0.059277818
v -0.009449282 0.042731885 -0.043291144
v -1.828787E-07 0.02803425 -0.03243641
v -0.015523171 0.05744677 -0.05690149
v -0.018950744 0.05610385 -0.06137756
v -0.023447365 0.038305175 -0.05346238
v -0.020152744 0.05403352 -0.063693926
v -0.019885926 0.053260352 -0.06546165
v -0.019049376 0.040415406 -0.048522864
v -0.012033845 0.026245994 -0.035073888
v -1.828787E-07 0.011764903 -0.02473093
v -0.02345651 0.023107031 -0.04072711
v -0.01379765 0.010148495 -0.027857907
v -1.828787E-07 -0.0023619852 -0.018106394
v -0.014472289 -0.005287065 -0.020990383
v -1.828787E-07 -0.015938101 -0.01191627
v -0.027022583 0.007199229 -0.033828173
v -0.02905333 0.019917164 -0.046789814
v -0.013116487 -0.019550331 -0.014272677
v -1.828787E-07 -0.029755339 -0.005943543
v -0.024027152 0.03475659 -0.06332181
v -0.03003673 -0.011300833 -0.026505738
v -0.031977806 -0.010108643 -0.028624143
v -0.026771003 -0.0240004 -0.018492762
v -0.011624441 -0.03367311 -0.008080046
v -1.828787E-07 -0.04505108 0.0004872422
v -0.023659566 -0.03723467 -0.011447483
v -0.033459064 0.00426773 -0.040521517
v -0.033698693 -0.0150723215 -0.03209611
v -0.03910282 -0.015726391 -0.053538937
v -0.036023814 -0.021368906 -0.034233294
v -0.0098260725 -0.048525136 -0.0012664275
v -1.828787E-07 -0.06907289 0.0107419295
v -0.02060025 -0.053447314 -0.003282985
v -0.007212614 -0.07069731 0.008733403
v -0.01974133 -0.06067879 9.63847E-05
v -0.017532947 -0.07269008 0.006812369
v -0.032446157 0.014355235 -0.05982606
v -0.03664822 -0.0012355628 -0.056895204
v -0.03946114 -0.030805465 -0.04736793
v -0.036780562 -0.025788853 -0.033557747
v -0.035538577 -0.0041533774 -0.07271044
v -0.03756694 -0.04125823 -0.04128337
v -0.035900123 -0.051077876 -0.06155117
v -0.035453353 -0.03474178 -0.028542802
v -0.034309566 -0.051087413 -0.034153502
v -0.033627674 -0.04434714 -0.02261482
v -0.03799811 -0.037746016 -0.06782603
v -0.02104946 -0.04145066 -0.0830158
v -0.038110826 -0.021045255 -0.07133414
v -0.035226703 -0.022165606 -0.080660254
v -0.031091027 -0.060007233 -0.026252588
v -0.031556208 -0.053521395 -0.016621822
v -0.029307043 -0.026173366 -0.08750218
v -0.027206438 -0.06877144 -0.01797876
v -0.02860101 -0.06316862 -0.009780475
v -0.033476494 -0.004215404 -0.08065351
v -0.033092815 -0.016819652 -0.088960804
v -0.031064264 0.011672698 -0.0728055
v -0.022888916 0.032614905 -0.07205149
v -0.027298242 0.011046423 -0.07965498
v -0.030496122 -0.0034999212 -0.089045085
v -0.01659411 0.052822765 -0.07003512
v -0.015581022 0.05998875 -0.070793614
v -0.012469158 0.052443147 -0.07594573
v -0.00853056 0.06984261 -0.07626555
v -0.01871605 0.03209784 -0.077915914
v -0.02102538 0.010839293 -0.086603716
v -0.009213064 0.031986516 -0.082931176
v -0.007820076 0.05237737 -0.07924083
v -1.828787E-07 0.07083448 -0.07865625
v -1.828787E-07 0.08157486 -0.07810905
v -1.828787E-07 0.05244056 -0.081774645
v -1.828787E-07 0.03195206 -0.085640445
v -0.010960835 0.010694301 -0.08970535
v -1.828787E-07 0.009814788 -0.09004124
v -0.019137403 0.0002267696 -0.091682635
v -0.010987231 -0.007035256 -0.093400374
v -1.828787E-07 -0.006263805 -0.092594214
v -0.020270519 -0.0004303212 -0.097616404
v -0.01476459 -0.0064759445 -0.09906574
v -0.026877439 -0.0018094933 -0.09756764
v -0.02099984 -0.0010318893 -0.102109246
v -0.017738258 -0.007490323 -0.10386077
v -0.018079145 -0.0069359033 -0.10512851
v -0.021324389 -0.0009558308 -0.103461206
v -0.023100201 -0.00093336724 -0.10194398
v -0.02304479 -0.0008946007 -0.10341196
v -0.02783749 -0.007517869 -0.10510315
v -0.028258905 -0.008022329 -0.10370916
v -0.02477665 -0.011682592 -0.10585688
v -0.030763427 -0.010883953 -0.09896068
v -0.025093397 -0.012511815 -0.104612485
v -0.026802458 -0.017968368 -0.0997171
v -0.022044139 -0.0129553 -0.10470702
v -0.022059562 -0.0120009575 -0.10587791
v -0.021594135 -0.027362281 -0.09085169
v -0.012298836 -0.0244865 -0.093013406
v -0.021892898 -0.020056617 -0.10009031
v -0.017738258 -0.007490323 -0.10386077
v -0.018079145 -0.0069359033 -0.10512851
v -0.0148460325 -0.016482024 -0.100014776
v -0.01476459 -0.0064759445 -0.09906574
v -0.010987231 -0.007035256 -0.093400374
v -1.828787E-07 -0.006263805 -0.092594214
v -1.828787E-07 -0.022865579 -0.09195071
v -1.828787E-07 -0.041174922 -0.08645852
v -1.828787E-07 -0.057708576 -0.07813763
v -0.020114463 -0.05636887 -0.074852616
v -0.018298294 -0.06910633 -0.06570486
v -1.828787E-07 -0.07054579 -0.06896345
v -0.015766522 -0.079316184 -0.05401008
v -1.828787E-07 -0.08087774 -0.057052027
v -1.828787E-07 -0.08778297 -0.04320251
v -0.032430977 -0.062312867 -0.053386696
v -0.028605461 -0.07192467 -0.042747602
v -0.024229478 -0.07938083 -0.030956747
v -0.013690055 -0.08590257 -0.039988797
v -1.828787E-07 -0.095703125 -0.028521914
v -0.024468195 -0.07600723 -0.009226642
v -0.02022291 -0.08684984 -0.019377492
v -0.010875125 -0.09336812 -0.026087739
v -0.010494739 -0.09899839 -0.01788297
v -1.828787E-07 -0.10175305 -0.020842403
v -0.018493975 -0.0925647 -0.011748379
v -0.022692444 -0.08300105 -0.0026163086
v -0.02462858 -0.069962315 -0.0037324172
v -0.026079357 -0.06541435 -0.0056316354
v -0.021732695 -0.07680131 0.0028649017
v -0.023990639 -0.06595638 -0.0019976373
v -0.017532947 -0.07269008 0.006812369
v -0.021732695 -0.07680131 0.0028649017
v -0.023990639 -0.06595638 -0.0019976373
v -0.020343 -0.06358603 0.000118703516
v -0.01974133 -0.06067879 9.63847E-05
v -0.075506106 0.13339393 -0.077375576
v -0.06644483 0.1228201 -0.07813831
v -0.07602176 0.13322443 -0.078069545
v -0.06608072 0.122919634 -0.077505
v -0.05591364 0.1105807 -0.076880224
v -0.074989475 0.13356362 -0.076681025
v -0.06567626 0.12305032 -0.0768423
v -0.05558062 0.11073743 -0.07621139
v -0.04404 0.09332434 -0.074129276
v -0.043297816 0.09376731 -0.07302716
v -0.055228334 0.11090256 -0.075530596
v -0.044832103 0.12976007 -0.07519931
v -0.037890516 0.11762403 -0.07404431
v -0.031738356 0.07415294 -0.068063356
v -0.031975303 0.073523946 -0.06952526
v -0.04249522 0.094041996 -0.071959026
v -0.020152744 0.05403352 -0.063693926
v -0.019885926 0.053260352 -0.06546165
v -0.018950744 0.05610385 -0.06137756
v -0.0307349 0.07534851 -0.06634291
v -0.014819759 0.061718028 -0.059277818
v -0.029071191 0.09976999 -0.06978676
v -0.020236565 0.08165426 -0.06410716
v -0.009690071 0.06852139 -0.057763174
v -0.012402407 0.086358756 -0.06320024
v -0.0040502143 0.07585166 -0.058302887
v -0.022118509 0.10246212 -0.06920587
v -0.027120363 0.12049731 -0.07333134
v -0.031189293 0.13284673 -0.07403957
v -0.005319027 0.09112528 -0.06349655
v -0.014185596 0.10457329 -0.06888232
v -0.01725107 0.12240541 -0.072852455
v -1.828787E-07 0.094494015 -0.064341284
v -1.828787E-07 0.08151453 -0.059847396
v -0.006587717 0.10621665 -0.06888466
v -1.828787E-07 0.10741319 -0.068899415
v -0.008390475 0.12339712 -0.072582535
v -1.828787E-07 0.1239714 -0.07241107
v -1.828787E-07 0.13618502 -0.07300386
v -0.010007671 0.13552454 -0.07319946
v -1.828787E-07 0.14829054 -0.072388336
v -0.020016989 0.13459687 -0.07350439
v -0.023381347 0.14708306 -0.07279586
v -0.011858404 0.1478848 -0.07256328
v -1.828787E-07 0.15341124 -0.07188034
v -0.013038703 0.1530055 -0.07205521
v -0.013020475 0.1531635 -0.07360551
v -1.828787E-07 0.1535655 -0.07343056
v -0.024550796 0.1524026 -0.073837705
v -0.024571035 0.15224409 -0.07228368
v -0.02334599 0.1472038 -0.07447665
v -0.024550796 0.1524026 -0.073837705
v -0.03552443 0.14437753 -0.07346166
v -0.03545573 0.1444977 -0.07520368
v -0.02334599 0.1472038 -0.07447665
v -0.050360344 0.13959461 -0.07605297
v -0.050392468 0.13943087 -0.074292526
v -0.04471842 0.1297847 -0.077510186
v -0.050360344 0.13959461 -0.07605297
v -0.050698183 0.13575344 -0.07727838
v -0.050803702 0.13570076 -0.07540351
v -0.053392775 0.13708971 -0.077323966
v -0.053486533 0.13702677 -0.075540796
v -0.05647642 0.13713406 -0.07740395
v -0.05654518 0.13704933 -0.07567489
v -0.074372806 0.13420954 -0.07801756
v -0.075506106 0.13339393 -0.077375576
v -0.07602176 0.13322443 -0.078069545
v -0.06644483 0.1228201 -0.07813831
v -0.074372806 0.13420954 -0.07801756
v -0.07602176 0.13322443 -0.078069545
v -0.06353115 0.124831595 -0.07835847
v -0.05647642 0.13713406 -0.07740395
v -0.053392775 0.13708971 -0.077323966
v -0.050698183 0.13575344 -0.07727838
v -0.05591364 0.1105807 -0.076880224
v -0.04471842 0.1297847 -0.077510186
v -0.051675975 0.11226549 -0.07868305
v -0.04404 0.09332434 -0.074129276
v -0.040510073 0.094674155 -0.07684578
v -0.03771221 0.11748486 -0.07959274
v -0.030078122 0.07451001 -0.07235604
v -0.031975303 0.073523946 -0.06952526
v -0.019885926 0.053260352 -0.06546165
v -0.015581022 0.05998875 -0.070793614
v -0.019799303 0.08135051 -0.07869259
v -0.00853056 0.06984261 -0.07626555
v -0.028775172 0.09950577 -0.08013999
v -0.012084198 0.08593733 -0.07915963
v -1.828787E-07 0.08157486 -0.07810905
v -0.021903932 0.102122545 -0.080458865
v -0.026989361 0.12032394 -0.07970684
v -0.03109389 0.13287333 -0.0775775
v -0.0051571797 0.0906317 -0.07935934
v -1.828787E-07 0.09391782 -0.079289
v -0.014050936 0.10417804 -0.08068246
v -0.0065051173 0.10579717 -0.08054961
v -1.828787E-07 0.10699015 -0.079846136
v -0.017161826 0.122215964 -0.07952677
v -0.008333661 0.12320089 -0.07916123
v -1.828787E-07 0.123773545 -0.07846066
v -0.009969694 0.13553056 -0.07677518
v -1.828787E-07 0.13618845 -0.07625508
v -1.828787E-07 0.14840825 -0.074104965
v -0.019959625 0.13461359 -0.07715611
v -0.011836458 0.14800757 -0.07433152
v -1.828787E-07 0.1535655 -0.07343056
v -0.013020475 0.1531635 -0.07360551
v -0.02334599 0.1472038 -0.07447665
v -0.024550796 0.1524026 -0.073837705
v -0.03545573 0.1444977 -0.07520368
v -0.050360344 0.13959461 -0.07605297
v -0.021633696 0.0008357823 -0.11418279
v -0.021324389 -0.0009558308 -0.103461206
v -0.02304479 -0.0008946007 -0.10341196
v -0.023411522 0.0005157675 -0.11418279
v -0.021689598 0.00077438843 -0.11732765
v -0.026398722 -0.0031464584 -0.11418279
v -0.02783749 -0.007517869 -0.10510315
v -0.02348833 0.0004258178 -0.11732765
v -0.021962391 -0.0018989476 -0.14990075
v -0.026194753 -0.002785833 -0.11732765
v -0.024344325 -0.0017932284 -0.1497659
v -0.021957332 -0.0019910461 -0.15102288
v -0.02410006 -0.006537491 -0.11418279
v -0.02477665 -0.011682592 -0.10585688
v -0.022059562 -0.0120009575 -0.10587791
v -0.024094148 -0.005917513 -0.11732765
v -0.024377791 -0.0018696756 -0.15088338
v -0.021963 0.0056071985 -0.15356255
v -0.025630938 -0.0045000124 -0.14919361
v -0.0243898 0.0056678834 -0.15349278
v -0.023188472 0.012290542 -0.15664367
v -0.022038955 -0.006413762 -0.11418279
v -0.018079145 -0.0069359033 -0.10512851
v -0.025643129 -0.004559059 -0.1502914
v -0.03067522 -0.0065192673 -0.15362668
v -0.02203908 -0.005776506 -0.11732765
v -0.018768962 -0.0031033221 -0.11418279
v -0.021324389 -0.0009558308 -0.103461206
v -0.021633696 0.0008357823 -0.11418279
v -0.01894672 -0.0026629157 -0.11732765
v -0.021689598 0.00077438843 -0.11732765
v -0.02391261 -0.00729654 -0.14730787
v -0.022412943 -0.0073101 -0.14714547
v -0.022414956 -0.0073629287 -0.14817268
v -0.02391651 -0.007344043 -0.14834067
v -0.024338411 -0.012768449 -0.14946723
v -0.020313617 -0.004591699 -0.14911388
v -0.021962391 -0.0018989476 -0.14990075
v -0.020318251 -0.0046581416 -0.15020892
v -0.021957332 -0.0019910461 -0.15102288
v -0.015340658 -0.007503544 -0.15303925
v -0.016673662 -0.008490666 -0.1505658
v -0.011363839 -0.015367199 -0.15311
v -0.029788014 -0.008074499 -0.15041703
v -0.034933735 -0.013573813 -0.15423852
v -0.012798278 -0.016766215 -0.15089396
v -0.008622914 -0.02216524 -0.15265743
v -0.018765671 -0.009549591 -0.15057236
v -0.027998546 -0.009291042 -0.15039924
v -0.03394412 -0.015060359 -0.15143453
v -0.038564548 -0.020415027 -0.15419923
v -0.037750494 -0.021831758 -0.15180835
v -0.03907033 -0.026001938 -0.15522902
v -0.009614604 -0.023615003 -0.15059938
v -0.0086340085 -0.027307186 -0.15354769
v -0.009243848 -0.028282046 -0.15261184
v -0.0101481825 -0.030230312 -0.1558009
v -0.011631146 -0.02414269 -0.15060915
v -0.010230601 -0.028491873 -0.15261707
v -0.011348599 -0.02753383 -0.15383866
v -0.013213962 -0.023319673 -0.15306628
v -0.01486944 -0.017551646 -0.15090218
v -0.01617544 -0.0175246 -0.15305834
v -0.019376304 -0.010934802 -0.15251389
v -0.020911694 -0.011633028 -0.15249601
v -0.022632519 -0.012806805 -0.1495474
v -0.022834234 -0.01974244 -0.15056172
v -0.021393761 -0.020808512 -0.15300387
v -0.021720931 -0.026710939 -0.15384994
v -0.022980904 -0.027019616 -0.15146309
v -0.023348978 -0.032905545 -0.15365966
v -0.022662513 -0.03221838 -0.15499072
v -0.023813613 -0.03508556 -0.15664315
v -0.024189794 -0.032949813 -0.15357344
v -0.02497995 -0.03238129 -0.15463585
v -0.025804428 -0.026672568 -0.15395232
v -0.024563536 -0.027073422 -0.15130857
v -0.024581823 -0.019733671 -0.15044245
v -0.02630692 -0.01969644 -0.15355831
v -0.026109714 -0.011354672 -0.15273151
v -0.027430221 -0.010501002 -0.15279743
v -0.03208552 -0.015977304 -0.15150544
v -0.031186365 -0.016277561 -0.15395324
v -0.034660697 -0.02161671 -0.15454377
v -0.03589787 -0.022443552 -0.15196961
v -0.036944974 -0.026454512 -0.1554691
v -0.038528945 -0.026696822 -0.15411244
v -0.037886064 -0.02907485 -0.15734111
v -0.037627295 -0.026944445 -0.15421033
v -0.020911694 -0.011633028 -0.15249601
v -0.019376304 -0.010934802 -0.15251389
v -0.023393234 -0.0029077714 -0.15519992
v -0.018127484 -0.009918681 -0.15466854
v -0.014678881 -0.016344337 -0.15463449
v -0.01617544 -0.0175246 -0.15305834
v -0.01654089 -0.008505274 -0.15507637
v -0.02078008 -0.0017021054 -0.15531288
v -0.023315573 0.0052888636 -0.15575434
v -0.013109965 -0.015533134 -0.15467116
v -0.011882056 -0.022722697 -0.15394375
v -0.013213962 -0.023319673 -0.15306628
v -0.011348599 -0.02753383 -0.15383866
v -0.015340658 -0.007503544 -0.15303925
v -0.01015056 -0.022347275 -0.15357134
v -0.011363839 -0.015367199 -0.15311
v -0.008622914 -0.02216524 -0.15265743
v -0.0086340085 -0.027307186 -0.15354769
v -0.009827902 -0.026997007 -0.15400992
v -0.0101481825 -0.030230312 -0.1558009
v -0.010711999 -0.027135741 -0.15424201
v -0.020778801 -0.0015762924 -0.15326399
v -0.021957332 -0.0019910461 -0.15102288
v -0.021473069 0.0052942205 -0.1558108
v -0.021628272 0.0054694717 -0.154668
v -0.021963 0.0056071985 -0.15356255
v -0.023188472 0.012290542 -0.15664367
v -0.025011346 0.0054070298 -0.15585198
v -0.024789209 0.0055577564 -0.15464988
v -0.0243898 0.0056678834 -0.15349278
v -0.02579821 -0.0014764903 -0.15539524
v -0.025668183 -0.0013937224 -0.15320848
v -0.024377791 -0.0018696756 -0.15088338
v -0.03067522 -0.0065192673 -0.15362668
v -0.029698221 -0.0076854127 -0.1555093
v -0.034933735 -0.013573813 -0.15423852
v -0.033757884 -0.014137137 -0.15581569
v -0.028321572 -0.00949512 -0.15509285
v -0.03741619 -0.020532887 -0.15535057
v -0.038564548 -0.020415027 -0.15419923
v -0.03907033 -0.026001938 -0.15522902
v -0.032296803 -0.015216389 -0.15565827
v -0.027430221 -0.010501002 -0.15279743
v -0.026109714 -0.011354672 -0.15273151
v -0.031186365 -0.016277561 -0.15395324
v -0.024634065 -0.011252473 -0.15480709
v -0.03574212 -0.02107709 -0.155573
v -0.034660697 -0.02161671 -0.15454377
v -0.036944974 -0.026454512 -0.1554691
v -0.03835704 -0.025975807 -0.15571785
v -0.037886064 -0.02907485 -0.15734111
v -0.037479345 -0.026145538 -0.15590715
v -0.024892597 -0.019739814 -0.1552399
v -0.02630692 -0.01969644 -0.15355831
v -0.022523645 -0.011392521 -0.15475592
v -0.023393234 -0.0029077714 -0.15519992
v -0.020911694 -0.011633028 -0.15249601
v -0.022708964 -0.019759841 -0.15521145
v -0.021393761 -0.020808512 -0.15300387
v -0.024796281 -0.026489355 -0.15518004
v -0.025804428 -0.026672568 -0.15395232
v -0.022932198 -0.026497127 -0.1551672
v -0.021720931 -0.026710939 -0.15384994
v -0.022662513 -0.03221838 -0.15499072
v -0.024977148 -0.031995263 -0.15544271
v -0.02497995 -0.03238129 -0.15463585
v -0.023813613 -0.03508556 -0.15664315
v -0.02427672 -0.03191264 -0.15565206
v -0.023332579 -0.03191737 -0.15564822
v -0.04639718 0.0020273742 -0.026874263
v -0.033698693 -0.0150723215 -0.03209611
v -0.031977806 -0.010108643 -0.028624143
v -0.04327221 0.0034582515 -0.024393337
v -0.05276636 0.019344533 -0.024109356
v -0.055536117 0.019074572 -0.02491298
v -0.059953064 0.028592 -0.02286924
v -0.04249071 0.0038771087 -0.02252927
v -0.03003673 -0.011300833 -0.026505738
v -0.051672563 0.019601103 -0.022558484
v -0.058655843 0.028831266 -0.021177856
v -0.044573393 -0.0038739273 -0.015179329
v -0.054923657 0.0074030063 -0.007417118
v -0.030240456 -0.02278545 -0.016167734
v -0.026771003 -0.0240004 -0.018492762
v -0.030788971 -0.034433432 -0.006058284
v -0.023659566 -0.03723467 -0.011447483
v -0.02060025 -0.053447314 -0.003282985
v -0.04633311 -0.015419715 -0.0030126066
v -0.0631624 0.03635999 -0.018845323
v -0.062287267 0.030340906 -0.014672617
v -0.06401779 0.036464453 -0.020094719
v -0.06447346 0.036509477 -0.020708727
v -0.0672331 0.04127396 -0.014800206
v -0.06838469 0.04169199 -0.015713075
v -0.0689624 0.041889805 -0.016162766
v -0.07278146 0.041733593 -0.007907591
v -0.0719927 0.041527614 -0.0074520097
v -0.062147003 0.017409325 -0.0018525384
v -0.070860624 0.041110598 -0.006526537
v -0.075256296 0.04565258 -0.0043477127
v -0.07596824 0.045793023 -0.004896463
v -0.06873837 0.025057524 0.0051163672
v -0.074256375 0.04535498 -0.003244352
v -0.07800612 0.048116043 -0.00067009806
v -0.07880512 0.04833741 -0.001096556
v -0.076070346 0.044123683 0.0021126606
v -0.07684002 0.0476749 0.00020176855
v -0.08041737 0.04869453 0.004208603
v -0.08135042 0.048949838 0.003926398
v -0.08339214 0.047846947 0.00934309
v -0.07911607 0.048209384 0.004806365
v -0.082362354 0.047610644 0.009768847
v -0.0811954 0.047157526 0.010621687
v -0.07461091 0.029858356 0.013463744
v -0.085425206 0.05131897 0.012929814
v -0.08638934 0.05148631 0.012383433
v -0.06780185 0.010451423 0.017923333
v -0.08440352 0.05098141 0.0139967585
v -0.088165216 0.053582344 0.016874248
v -0.08919153 0.053825244 0.01645663
v -0.08698784 0.053121198 0.017708663
v -0.090425536 0.053831704 0.021836374
v -0.091552615 0.054098338 0.021544315
v -0.08610965 0.049810205 0.019127604
v -0.0803897 0.034681983 0.021667058
v -0.08913807 0.053343963 0.022434553
v -0.0920559 0.052916117 0.026577063
v -0.09323413 0.053145964 0.02608981
v -0.09093991 0.052483458 0.027504606
v -0.09559301 0.0580593 0.029424727
v -0.09665987 0.058180183 0.02880271
v -0.07330089 0.015226859 0.02550873
v -0.085919395 0.038854048 0.03006788
v -0.09465583 0.05780793 0.030584361
v -0.09953984 0.062357318 0.034150694
v -0.1006287 0.062594004 0.033677235
v -0.09840679 0.06191282 0.035055805
v -0.10178772 0.06258811 0.03920872
v -0.102963634 0.06285785 0.038929116
v -0.10444081 0.0604418 0.044525404
v -0.09732195 0.056613736 0.038081303
v -0.100488916 0.062104616 0.03975678
v -0.10320985 0.060226258 0.045082066
v -0.09135438 0.04304929 0.038322736
v -0.102142446 0.059821974 0.04608207
v -0.106897905 0.06768438 0.045941018
v -0.107940555 0.06770237 0.04523651
v -0.09535899 0.046285637 0.044318233
v -0.10608282 0.06761143 0.047201723
v -0.10805498 0.065474816 0.054196667
v -0.11170749 0.07424311 0.050469313
v -0.11274052 0.07445638 0.04993131
v -0.11063418 0.0738401 0.051469535
v -0.11445696 0.075104445 0.05619049
v -0.11556569 0.075371645 0.05591803
v -0.11612499 0.07184791 0.060686834
v -0.11315425 0.07462842 0.056708187
v -0.11497261 0.07160413 0.061210707
v -0.10055762 0.050571296 0.05209835
v -0.12080492 0.08347302 0.06264737
v -0.12171645 0.08348044 0.061941307
v -0.11385613 0.07115495 0.062140506
v -0.11999556 0.08342464 0.06391042
v -0.12662978 0.09240509 0.06730973
v -0.12751284 0.092596926 0.06674413
v -0.12559104 0.09203619 0.06836509
v -0.1294174 0.09384582 0.072686516
v -0.1303685 0.094107464 0.072412804
v -0.1303885 0.09031912 0.076352336
v -0.1216133 0.08095745 0.07057292
v -0.12812304 0.09336955 0.073216796
v -0.12942752 0.090073615 0.07686011
v -0.12829874 0.08961259 0.07777862
v -0.13307352 0.098130606 0.07716595
v -0.1338588 0.09812447 0.0764659
v -0.13226567 0.098101296 0.0784284
v -0.1276369 0.07084646 0.09674481
v -0.13845801 0.10666282 0.08138907
v -0.13921921 0.106798895 0.08077473
v -0.14363872 0.11292497 0.087727524
v -0.14438955 0.113127545 0.08718268
v -0.13749455 0.106388845 0.082536116
v -0.13514175 0.087998606 0.09697643
v -0.14611997 0.11525125 0.09157116
v -0.14690652 0.11551605 0.09118612
v -0.14702588 0.11301584 0.09648572
v -0.14783621 0.113083854 0.096436374
v -0.14538236 0.10667479 0.09709931
v -0.14257877 0.11253007 0.088763684
v -0.14490254 0.11474699 0.09231836
v -0.14325042 0.10594174 0.09793661
v -0.13920234 0.096968584 0.097466104
v -0.14572872 0.112903 0.096570425
v -0.14452623 0.10641488 0.09739378
v -0.15060428 0.11830315 0.09993779
v -0.15125386 0.11836139 0.09928255
v -0.14972158 0.11815568 0.10115774
v -0.15673491 0.1280348 0.105206676
v -0.15736876 0.1281936 0.104625195
v -0.15573688 0.12771231 0.10632635
v -0.15090218 0.10435707 0.1201785
v -0.14487681 0.092287816 0.11773737
v -0.16217841 0.1344714 0.11261152
v -0.16281551 0.13469535 0.11211024
v -0.16107608 0.13402088 0.11359346
v -0.16576606 0.13691579 0.11974645
v -0.16643144 0.13717067 0.11938737
v -0.1412068 0.08502593 0.11619174
v -0.15657844 0.1158372 0.122434445
v -0.1645475 0.1364059 0.12046506
v -0.1663533 0.13420723 0.12463435
v -0.16700941 0.13421008 0.124580264
v -0.16380373 0.12633525 0.12473358
v -0.16228126 0.12750229 0.12463473
v -0.16513532 0.13422304 0.12471875
v -0.16323729 0.12671827 0.124720916
v -0.15859918 0.11640295 0.12184053
v -0.15785103 0.11620166 0.12204964
v -0.16316035 0.12654541 0.124709114
v -0.16372088 0.12662424 0.12407329
v -0.16225444 0.12635115 0.12592104
v -0.1692404 0.13673422 0.12987097
v -0.16979349 0.13689598 0.12929721
v -0.17554124 0.14425604 0.13727671
v -0.1574212 0.100922346 0.14232717
v -0.16824463 0.13639869 0.13100283
v -0.17498371 0.1440417 0.13779087
v -0.18079004 0.14936887 0.14683843
v -0.15187466 0.09004152 0.13947323
v -0.16272919 0.11134993 0.14515056
v -0.17390844 0.14359601 0.1388203
v -0.1679775 0.121311925 0.1484836
v -0.18021837 0.14912422 0.14728819
v -0.17908123 0.14861336 0.14819689
v -0.18268986 0.148901 0.15526143
v -0.18329409 0.14907894 0.1550189
v -0.182234 0.14467995 0.15729369
v -0.17326191 0.13119389 0.1521692
v -0.18147713 0.14852382 0.15574346
v -0.18173139 0.14492385 0.15731613
v -0.17945558 0.1388424 0.15598544
v -0.1782687 0.14036237 0.15606478
v -0.18073006 0.14542438 0.1573411
v -0.17905447 0.13934128 0.15601763
v -0.17445251 0.12962161 0.15208513
v -0.17403913 0.13013907 0.15212384
v -0.16924125 0.119792596 0.14842807
v -0.16878082 0.12029078 0.14846441
v -0.16408528 0.109896384 0.14512071
v -0.16356103 0.11036975 0.14515811
v -0.15887904 0.09952338 0.14231148
v -0.15827604 0.099974394 0.14235626
v -0.15343706 0.08865277 0.13945252
v -0.15273687 0.08909569 0.13951564
v -0.14793393 0.07783008 0.13639219
v -0.14625603 0.07924119 0.13643406
v -0.14711402 0.07827584 0.13648386
v -0.14453045 0.0713691 0.13424198
v -0.14277524 0.07281079 0.13430609
v -0.14362574 0.071823984 0.1343569
v -0.14111823 0.06518983 0.13193733
v -0.1400829 0.06546265 0.132022
v -0.13991934 0.061142113 0.13318555
v -0.13907242 0.066124536 0.13191347
v -0.13883853 0.061403487 0.13328296
v -0.13300298 0.048022784 0.1286701
v -0.13782549 0.06205668 0.1331754
v -0.13171461 0.048472982 0.12887184
v -0.1271182 0.037912253 0.12383889
v -0.13750625 0.07782172 0.114531554
v -0.13086763 0.049488492 0.12880878
v -0.12559909 0.03837707 0.12409416
v -0.12110295 0.027827293 0.11869507
v -0.13225313 0.06777171 0.112032466
v -0.13176344 0.061917134 0.1172824
v -0.124764726 0.039429992 0.12403391
v -0.12657468 0.057806544 0.10840906
v -0.1193172 0.028294073 0.11899918
v -0.114590146 0.017392553 0.112656206
v -0.118482664 0.02936441 0.11893413
v -0.11983553 0.04923274 0.100669496
v -0.112488076 0.01786985 0.11301805
v -0.1072914 0.0065045194 0.10513317
v -0.11166 0.018971026 0.11295674
v -0.10480858 0.0069947946 0.10555492
v -0.10060542 -0.0027824994 0.097646475
v -0.121823125 0.056342866 0.09792103
v -0.113003306 0.036712807 0.09714175
v -0.12062546 0.059416607 0.09155173
v -0.10391406 0.016750619 0.09611441
v -0.10398648 0.008129911 0.105500765
v -0.115842804 0.05477306 0.08467393
v -0.097755246 -0.002285256 0.098110296
v -0.09659812 -0.008172818 0.093015656
v -0.09693023 -0.0011295656 0.09805761
v -0.12470426 0.072315134 0.08770809
v -0.12079431 0.06942109 0.08108159
v -0.11601069 0.06406116 0.07505194
v -0.09351966 -0.0076640537 0.09350869
v -0.093820006 -0.011645411 0.08947214
v -0.09270036 -0.006486197 0.093467005
v -0.1114786 0.048930716 0.080212355
v -0.11041808 0.05851887 0.06733746
v -0.090589575 -0.011084092 0.0900427
v -0.09207772 -0.012958199 0.086357
v -0.08984135 -0.009820815 0.09009573
v -0.089220606 0.011211059 0.06659318
v -0.08877871 -0.012349387 0.08703039
v -0.08217715 -0.016076071 0.0657434
v -0.08812796 -0.011011401 0.08724242
v -0.07864613 -0.015450801 0.06634044
v -0.07258505 -0.021628994 0.04884972
v -0.10617066 0.0552099 0.060601797
v -0.09973253 0.04255046 0.05861002
v -0.105024315 0.048579544 0.06489787
v -0.10697917 0.042507026 0.07610247
v -0.10339621 0.035224997 0.07517185
v -0.09935251 0.024115792 0.07719675
v -0.09139047 0.028373092 0.053758215
v -0.08505018 0.023898799 0.043591045
v -0.07900451 0.019532152 0.034132253
v -0.07821734 0.0029723465 0.049413934
v -0.07799813 -0.0141054075 0.06654704
v -0.06793072 -0.00490659 0.033904064
v -0.06806824 -0.019714938 0.04935675
v -0.068797685 -0.021019552 0.049294833
v -0.062015448 -0.030884108 0.033524837
v -0.05699567 -0.029080218 0.033742554
v -0.057829354 -0.030313035 0.033826374
v -0.052281607 -0.041749977 0.021672575
v -0.047471657 -0.03917867 0.02266937
v -0.048450485 -0.040300105 0.022922093
v -0.03959842 -0.05685478 0.0068504233
v -0.03497043 -0.0545679 0.008803812
v -0.023990639 -0.06595638 -0.0019976373
v -0.020343 -0.06358603 0.000118703516
v -0.01974133 -0.06067879 9.63847E-05
v -0.033447478 -0.053529214 0.008878899
v -0.031751096 -0.04836587 0.0058078007
v -0.057177637 -0.01610362 0.021017823
v -0.046984404 -0.026266018 0.008777752
v -0.056206916 -0.003919331 0.0065262704
v -0.0622527 0.0040828926 0.01192168
v 0.046397302 0.0020273742 -0.026874263
v 0.03197768 -0.010108643 -0.028624143
v 0.033698633 -0.0150723215 -0.03209611
v 0.04327233 0.0034582515 -0.024393337
v 0.05276648 0.019344533 -0.024109356
v 0.05496078 0.01922486 -0.02501136
v 0.04249083 0.0038771087 -0.02252927
v 0.030036608 -0.011300833 -0.026505738
v 0.059140656 0.02875864 -0.022499194
v 0.059978727 0.028704561 -0.023162646
v 0.051672682 0.019601103 -0.022558484
v 0.06401791 0.036464453 -0.020094719
v 0.06447358 0.036509477 -0.020708727
v 0.058655966 0.028831266 -0.021177856
v 0.06316253 0.03635999 -0.018845323
v 0.06838481 0.04169199 -0.015713075
v 0.06896252 0.041889805 -0.016162766
v 0.07278158 0.041733593 -0.007907591
v 0.06228739 0.030340906 -0.014672617
v 0.06723322 0.04127396 -0.014800206
v 0.07199282 0.041527614 -0.0074520097
v 0.07086074 0.041110598 -0.006526537
v 0.075256355 0.04565258 -0.0043477127
v 0.07596836 0.045793023 -0.004896463
v 0.074256495 0.04535498 -0.003244352
v 0.078006245 0.048116043 -0.00067009806
v 0.07880524 0.04833741 -0.001096556
v 0.07684021 0.0476749 0.00020176855
v 0.0804175 0.04869453 0.004208603
v 0.08135049 0.048949838 0.003926398
v 0.08339226 0.047846947 0.00934309
v 0.07607047 0.044123683 0.0021126606
v 0.0687385 0.025057524 0.0051163672
v 0.07911619 0.048209384 0.004806365
v 0.08236253 0.047610644 0.009768847
v 0.081195526 0.047157526 0.010621687
v 0.085425325 0.05131897 0.012929814
v 0.08638952 0.05148631 0.012383433
v 0.062147122 0.017409325 -0.0018525384
v 0.07461104 0.029858356 0.013463744
v 0.08440365 0.05098141 0.0139967585
v 0.088165335 0.053582344 0.016874248
v 0.08919165 0.053825244 0.01645663
v 0.08698796 0.053121198 0.017708663
v 0.09042565 0.053831704 0.021836374
v 0.091552734 0.054098338 0.021544315
v 0.08610984 0.049810205 0.019127604
v 0.09205601 0.052916117 0.026577063
v 0.09323424 0.053145964 0.02608981
v 0.08913819 0.053343963 0.022434553
v 0.08038982 0.034681983 0.021667058
v 0.090940036 0.052483458 0.027504606
v 0.09559313 0.0580593 0.029424727
v 0.096659996 0.058180183 0.02880271
v 0.08591959 0.038854048 0.03006788
v 0.09465594 0.05780793 0.030584361
v 0.099539965 0.062357318 0.034150694
v 0.10062882 0.062594004 0.033677235
v 0.09840697 0.06191282 0.035055805
v 0.10178785 0.06258811 0.03920872
v 0.10296376 0.06285785 0.038929116
v 0.104440935 0.0604418 0.044525404
v 0.09732207 0.056613736 0.038081303
v 0.10048904 0.062104616 0.03975678
v 0.10320991 0.060226258 0.045082066
v 0.09135449 0.04304929 0.038322736
v 0.10214257 0.059821974 0.04608207
v 0.106897965 0.06768438 0.045941018
v 0.10794068 0.06770237 0.04523651
v 0.09535912 0.046285637 0.044318233
v 0.10608293 0.06761143 0.047201723
v 0.10805516 0.065474816 0.054196667
v 0.11170762 0.07424311 0.050469313
v 0.11274057 0.07445638 0.04993131
v 0.110634364 0.0738401 0.051469535
v 0.11445701 0.075104445 0.05619049
v 0.11556575 0.075371645 0.05591803
v 0.116125114 0.07184791 0.060686834
v 0.11315431 0.07462842 0.056708187
v 0.11497273 0.07160413 0.061210707
v 0.100557745 0.050571296 0.05209835
v 0.12080504 0.08347302 0.06264737
v 0.12171657 0.08348044 0.061941307
v 0.113856256 0.07115495 0.062140506
v 0.12662992 0.09240509 0.06730973
v 0.12751292 0.092596926 0.06674413
v 0.119995676 0.08342464 0.06391042
v 0.12559116 0.09203619 0.06836509
v 0.12941746 0.09384582 0.072686516
v 0.1303685 0.094107464 0.072412804
v 0.13038856 0.09031912 0.076352336
v 0.12161342 0.08095745 0.07057292
v 0.12812318 0.09336955 0.073216796
v 0.12942758 0.090073615 0.07686011
v 0.12829879 0.08961259 0.07777862
v 0.13307364 0.098130606 0.07716595
v 0.13385886 0.09812447 0.0764659
v 0.13226575 0.098101296 0.0784284
v 0.12763697 0.07084646 0.09674481
v 0.13845813 0.10666282 0.08138907
v 0.13921934 0.106798895 0.08077473
v 0.14363879 0.11292497 0.087727524
v 0.14438955 0.113127545 0.08718268
v 0.13749467 0.106388845 0.082536116
v 0.13514175 0.087998606 0.09697643
v 0.14612009 0.11525125 0.09157116
v 0.14690652 0.11551605 0.09118612
v 0.14702594 0.11301584 0.09648572
v 0.14783628 0.113083854 0.096436374
v 0.14538248 0.10667479 0.09709931
v 0.14257883 0.11253007 0.088763684
v 0.14490254 0.11474699 0.09231836
v 0.14325042 0.10594174 0.09793661
v 0.13920239 0.096968584 0.097466104
v 0.14572878 0.112903 0.096570425
v 0.1445263 0.10641488 0.09739378
v 0.15060438 0.11830315 0.09993779
v 0.15125391 0.11836139 0.09928255
v 0.14972164 0.11815568 0.10115774
v 0.15673503 0.1280348 0.105206676
v 0.15736882 0.1281936 0.104625195
v 0.15573694 0.12771231 0.10632635
v 0.15090224 0.10435707 0.1201785
v 0.14487688 0.092287816 0.11773737
v 0.16217847 0.1344714 0.11261152
v 0.16281563 0.13469535 0.11211024
v 0.16107608 0.13402088 0.11359346
v 0.1657662 0.13691579 0.11974645
v 0.1664315 0.13717067 0.11938737
v 0.14120686 0.08502593 0.11619174
v 0.15657844 0.1158372 0.122434445
v 0.1645476 0.1364059 0.12046506
v 0.1663533 0.13420723 0.12463435
v 0.16700952 0.13421008 0.124580264
v 0.16380379 0.12633525 0.12473358
v 0.16228138 0.12750229 0.12463473
v 0.16513544 0.13422304 0.12471875
v 0.16323733 0.12671827 0.124720916
v 0.15859924 0.11640295 0.12184053
v 0.15785109 0.11620166 0.12204964
v 0.16316035 0.12654541 0.124709114
v 0.16372088 0.12662424 0.12407329
v 0.1622545 0.12635115 0.12592104
v 0.1692404 0.13673422 0.12987097
v 0.16979355 0.13689598 0.12929721
v 0.17554136 0.14425604 0.13727671
v 0.15742132 0.100922346 0.14232717
v 0.16824469 0.13639869 0.13100283
v 0.17498381 0.1440417 0.13779087
v 0.18079017 0.14936887 0.14683843
v 0.15187474 0.09004152 0.13947323
v 0.16272923 0.11134993 0.14515056
v 0.1739085 0.14359601 0.1388203
v 0.16797762 0.121311925 0.1484836
v 0.18021843 0.14912422 0.14728819
v 0.17908128 0.14861336 0.14819689
v 0.1826899 0.148901 0.15526143
v 0.18329419 0.14907894 0.1550189
v 0.18223411 0.14467995 0.15729369
v 0.17326197 0.13119389 0.1521692
v 0.18147717 0.14852382 0.15574346
v 0.18173145 0.14492385 0.15731613
v 0.17945564 0.1388424 0.15598544
v 0.17826875 0.14036237 0.15606478
v 0.18073018 0.14542438 0.1573411
v 0.17905457 0.13934128 0.15601763
v 0.17445257 0.12962161 0.15208513
v 0.1740392 0.13013907 0.15212384
v 0.16924138 0.119792596 0.14842807
v 0.1687809 0.12029078 0.14846441
v 0.16408542 0.109896384 0.14512071
v 0.1635611 0.11036975 0.14515811
v 0.15887904 0.09952338 0.14231148
v 0.15827604 0.099974394 0.14235626
v 0.15343718 0.08865277 0.13945252
v 0.15273693 0.08909569 0.13951564
v 0.14793399 0.07783008 0.13639219
v 0.14625607 0.07924119 0.13643406
v 0.1471141 0.07827584 0.13648386
v 0.14453056 0.0713691 0.13424198
v 0.14277536 0.07281079 0.13430609
v 0.1436258 0.071823984 0.1343569
v 0.14111823 0.06518983 0.13193733
v 0.14008296 0.06546265 0.132022
v 0.13991946 0.061142113 0.13318555
v 0.1390725 0.066124536 0.13191347
v 0.13883865 0.061403487 0.13328296
v 0.1330031 0.048022784 0.1286701
v 0.13782556 0.06205668 0.1331754
v 0.13171461 0.048472982 0.12887184
v 0.12711824 0.037912253 0.12383889
v 0.1375063 0.07782172 0.114531554
v 0.1308677 0.049488492 0.12880878
v 0.1255992 0.03837707 0.12409416
v 0.12110307 0.027827293 0.11869507
v 0.13176349 0.061917134 0.1172824
v 0.13225318 0.06777171 0.112032466
v 0.12476479 0.039429992 0.12403391
v 0.1265748 0.057806544 0.10840906
v 0.11931726 0.028294073 0.11899918
v 0.11459027 0.017392553 0.112656206
v 0.11848279 0.02936441 0.11893413
v 0.11983572 0.04923274 0.100669496
v 0.11248814 0.01786985 0.11301805
v 0.10729158 0.0065045194 0.10513317
v 0.11166012 0.018971026 0.11295674
v 0.10480864 0.0069947946 0.10555492
v 0.10060553 -0.0027824994 0.097646475
v 0.121823244 0.056342866 0.09792103
v 0.11300337 0.036712807 0.09714175
v 0.12062557 0.059416607 0.09155173
v 0.10391418 0.016750619 0.09611441
v 0.10398659 0.008129911 0.105500765
v 0.11584293 0.05477306 0.08467393
v 0.09775531 -0.002285256 0.098110296
v 0.096598245 -0.008172818 0.093015656
v 0.09693041 -0.0011295656 0.09805761
v 0.124704376 0.072315134 0.08770809
v 0.12079437 0.06942109 0.08108159
v 0.116010815 0.06406116 0.07505194
v 0.093519785 -0.0076640537 0.09350869
v 0.09382019 -0.011645411 0.08947214
v 0.09270048 -0.006486197 0.093467005
v 0.11147871 0.048930716 0.080212355
v 0.1104182 0.05851887 0.06733746
v 0.090589635 -0.011084092 0.0900427
v 0.092077844 -0.012958199 0.086357
v 0.08984148 -0.009820815 0.09009573
v 0.08922073 0.011211059 0.06659318
v 0.08877889 -0.012349387 0.08703039
v 0.082177274 -0.016076071 0.0657434
v 0.08812809 -0.011011401 0.08724242
v 0.07864625 -0.015450801 0.06634044
v 0.072585225 -0.021628994 0.04884972
v 0.10697928 0.042507026 0.07610247
v 0.099352635 0.024115792 0.07719675
v 0.103396386 0.035224997 0.07517185
v 0.10502443 0.048579544 0.06489787
v 0.09973265 0.04255046 0.05861002
v 0.10617077 0.0552099 0.060601797
v 0.09139059 0.028373092 0.053758215
v 0.08505031 0.023898799 0.043591045
v 0.07900458 0.019532152 0.034132253
v 0.07821752 0.0029723465 0.049413934
v 0.07330101 0.015226859 0.02550873
v 0.067801975 0.010451423 0.017923333
v 0.06793085 -0.00490659 0.033904064
v 0.07799832 -0.0141054075 0.06654704
v 0.06806837 -0.019714938 0.04935675
v 0.062252827 0.0040828926 0.01192168
v 0.06879781 -0.021019552 0.049294833
v 0.06201557 -0.030884108 0.033524837
v 0.056995794 -0.029080218 0.033742554
v 0.05782948 -0.030313035 0.033826374
v 0.05228173 -0.041749977 0.021672575
v 0.047471777 -0.03917867 0.02266937
v 0.048450604 -0.040300105 0.022922093
v 0.039598543 -0.05685478 0.0068504233
v 0.057177756 -0.01610362 0.021017823
v 0.03497055 -0.0545679 0.008803812
v 0.023990575 -0.06595638 -0.0019976373
v 0.020342879 -0.06358603 0.000118703516
v 0.019741207 -0.06067879 9.63847E-05
v 0.0334476 -0.053529214 0.008878899
v 0.020600127 -0.053447314 -0.003282985
v 0.031751215 -0.04836587 0.0058078007
v 0.030789094 -0.034433432 -0.006058284
v 0.023659505 -0.03723467 -0.011447483
v 0.026770882 -0.0240004 -0.018492762
v 0.046984524 -0.026266018 0.008777752
v 0.030240579 -0.02278545 -0.016167734
v 0.056207035 -0.003919331 0.0065262704
v 0.046333235 -0.015419715 -0.0030126066
v 0.044573516 -0.0038739273 -0.015179329
v 0.054923777 0.0074030063 -0.007417118
v 0.041531634 -0.057129394 0.003702227
v 0.023990575 -0.06595638 -0.0019976373
v 0.039598543 -0.05685478 0.0068504233
v 0.026079234 -0.06541435 -0.0056316354
v 0.05606464 -0.042530637 0.01972394
v 0.05228173 -0.041749977 0.021672575
v 0.06201557 -0.030884108 0.033524837
v 0.0430936 -0.056402177 0.0019018089
v 0.028600888 -0.06316862 -0.009780475
v 0.031556085 -0.053521395 -0.016621822
v 0.05690728 -0.04224304 0.01850932
v 0.045902614 -0.045322675 -0.0049903025
v 0.03362755 -0.04434714 -0.02261482
v 0.066225015 -0.030648753 0.03268754
v 0.072585225 -0.021628994 0.04884972
v 0.046628766 -0.0363784 -0.010305772
v 0.03545323 -0.03474178 -0.028542802
v 0.055518746 -0.03116638 0.007456818
v 0.06713276 -0.030289926 0.031598773
v 0.07641105 -0.021337224 0.04804321
v 0.082177274 -0.016076071 0.0657434
v 0.046797138 -0.027225865 -0.015407812
v 0.036780443 -0.025788853 -0.033557747
v 0.053840466 -0.019439884 -0.0044862204
v 0.0658314 -0.017357647 0.019151911
v 0.07740939 -0.02090197 0.047071178
v 0.08575682 -0.015746249 0.06494883
v 0.092077844 -0.012958199 0.086357
v 0.047507558 -0.01634537 -0.021025922
v 0.051406167 0.00037387267 -0.027620027
v 0.03602369 -0.021368906 -0.034233294
v 0.06335059 -0.005211407 0.004898871
v 0.052179135 -0.008612383 -0.016116254
v 0.060677875 0.0061525274 -0.008996093
v 0.068912044 0.0027940436 0.010274475
v 0.08682471 -0.0152647095 0.06408687
v 0.049330678 0.0010259267 -0.027841644
v 0.033698633 -0.0150723215 -0.03209611
v 0.046397302 0.0020273742 -0.026874263
v 0.05496078 0.01922486 -0.02501136
v 0.05611182 0.018924285 -0.024814598
v 0.059978727 0.028704561 -0.023162646
v 0.05746872 0.018263811 -0.024349613
v 0.06074042 0.028312804 -0.022945898
v 0.06447358 0.036509477 -0.020708727
v 0.06728266 0.016092675 -0.0033244758
v 0.065923996 0.029006401 -0.01603322
v 0.0620163 0.027492449 -0.022511669
v 0.0661952 0.035021175 -0.020178463
v 0.06503173 0.036017872 -0.020538155
v 0.06935888 0.04124585 -0.016159277
v 0.06896252 0.041889805 -0.016162766
v 0.07278158 0.041733593 -0.007907591
v 0.07021689 0.039936416 -0.016141811
v 0.07343921 0.041084956 -0.007919494
v 0.07596836 0.045793023 -0.004896463
v 0.07364452 0.02374543 0.0036155882
v 0.07428966 0.039779253 -0.0079067685
v 0.07663928 0.045210294 -0.0048175966
v 0.07880524 0.04833741 -0.001096556
v 0.077619575 0.044024777 -0.0046322336
v 0.079443485 0.0476749 -0.0011474952
v 0.08135049 0.048949838 0.003926398
v 0.07974115 0.04279886 0.0006913501
v 0.080245405 0.046346862 -0.0011990366
v 0.082051516 0.048256114 0.003714373
v 0.08339226 0.047846947 0.00934309
v 0.082695365 0.046885327 0.0033801165
v 0.084286354 0.04717647 0.009247856
v 0.08638952 0.05148631 0.012383433
v 0.08505792 0.04583981 0.009155411
v 0.07952414 0.028553931 0.011914304
v 0.087292396 0.050885484 0.012404738
v 0.08919165 0.053825244 0.01645663
v 0.08820612 0.049665336 0.012520425
v 0.09007282 0.05315071 0.01633747
v 0.091552734 0.054098338 0.021544315
v 0.09249054 0.053403925 0.021275712
v 0.09323424 0.053145964 0.02608981
v 0.09082001 0.05180798 0.016214376
v 0.09014097 0.04850052 0.017611463
v 0.094308175 0.05249276 0.02598842
v 0.096659996 0.058180183 0.02880271
v 0.0931102 0.05203592 0.020907745
v 0.0852803 0.033385143 0.0200701
v 0.09509503 0.05118194 0.025937092
v 0.09770063 0.057635326 0.028839651
v 0.10062882 0.062594004 0.033677235
v 0.09080476 0.037565384 0.028419154
v 0.09866117 0.056506656 0.02901546
v 0.101595946 0.061934732 0.033556674
v 0.10296376 0.06285785 0.038929116
v 0.10235422 0.06061409 0.033470646
v 0.10395313 0.062169705 0.03858887
v 0.104440935 0.0604418 0.044525404
v 0.1015484 0.05532235 0.03645053
v 0.10452932 0.060811326 0.038137604
v 0.10558551 0.059814498 0.044420384
v 0.10794068 0.06770237 0.04523651
v 0.09620304 0.041768543 0.0366244
v 0.10638506 0.05853793 0.044404276
v 0.10900734 0.06726838 0.045306157
v 0.11274057 0.07445638 0.04993131
v 0.100156814 0.0450104 0.04258605
v 0.11005361 0.066323094 0.04555129
v 0.11219888 0.06419627 0.052484386
v 0.11367088 0.07382655 0.049837887
v 0.11556575 0.075371645 0.05591803
v 0.11446037 0.07255232 0.049815625
v 0.11647606 0.07469181 0.055534534
v 0.116125114 0.07184791 0.060686834
v 0.11702152 0.07334603 0.055020384
v 0.11716234 0.07119774 0.06051531
v 0.12171657 0.08348044 0.061941307
v 0.10526876 0.049302705 0.050324548
v 0.11788642 0.06988129 0.06039763
v 0.12265309 0.083059624 0.061995514
v 0.12751292 0.092596926 0.06674413
v 0.123678006 0.0821441 0.062211737
v 0.12829532 0.09198952 0.06667217
v 0.1303685 0.094107464 0.072412804
v 0.12909237 0.09075449 0.06667282
v 0.13108903 0.09343281 0.07203345
v 0.13038856 0.09031912 0.076352336
v 0.12540542 0.07968561 0.06881922
v 0.13162036 0.09209171 0.071499996
v 0.13120724 0.08966528 0.07617686
v 0.13189639 0.088341795 0.07601835
v 0.13467626 0.09771771 0.076512165
v 0.13385886 0.09812447 0.0764659
v 0.13921934 0.106798895 0.08077473
v 0.1356807 0.096825495 0.076699235
v 0.13168631 0.06960915 0.09477428
v 0.13991483 0.106247395 0.08075068
v 0.14438955 0.113127545 0.08718268
v 0.1450075 0.11250922 0.087090805
v 0.14690652 0.11551605 0.09118612
v 0.14076345 0.105111636 0.08081456
v 0.13874526 0.08674616 0.09510086
v 0.14745711 0.114836 0.09093177
v 0.14783628 0.113083854 0.096436374
v 0.1483912 0.112603515 0.09582861
v 0.14538248 0.10667479 0.09709931
v 0.1457517 0.111255005 0.087030485
v 0.14803927 0.113473505 0.090574704
v 0.14650327 0.10467753 0.09613528
v 0.1426162 0.095709875 0.095630154
v 0.14888088 0.11163372 0.094800435
v 0.14599176 0.106006265 0.09671255
v 0.15189071 0.11788924 0.09928979
v 0.15125391 0.11836139 0.09928255
v 0.15736882 0.1281936 0.104625195
v 0.15278706 0.11688696 0.099384315
v 0.15789767 0.12761816 0.104575835
v 0.16281563 0.13469535 0.11211024
v 0.16325837 0.13405387 0.11198571
v 0.1664315 0.13717067 0.11938737
v 0.15867452 0.1264427 0.10455884
v 0.15402508 0.10310798 0.11828096
v 0.14822611 0.09104633 0.115793094
v 0.14471947 0.08378969 0.11421458
v 0.1667977 0.13649859 0.11911931
v 0.16737948 0.13379134 0.123998575
v 0.16700952 0.13421008 0.124580264
v 0.16380379 0.12633525 0.12473358
v 0.16432066 0.12630518 0.12406855
v 0.15859924 0.11640295 0.12184053
v 0.16790777 0.1329615 0.122899875
v 0.16733377 0.13514137 0.118665636
v 0.16510448 0.12624344 0.12280009
v 0.16392112 0.1327533 0.11181334
v 0.1595321 0.114582606 0.12057245
v 0.15905668 0.115792364 0.12136969
v 0.16424537 0.12613232 0.12405607
v 0.16372088 0.12662424 0.12407329
v 0.16979355 0.13689598 0.12929721
v 0.16507706 0.12509331 0.12407912
v 0.1603464 0.09968522 0.14035538
v 0.17022258 0.13631801 0.12923762
v 0.17554136 0.14425604 0.13727671
v 0.17095953 0.1351398 0.12916812
v 0.1758934 0.14362417 0.13716507
v 0.18079017 0.14936887 0.14683843
v 0.15499616 0.08881162 0.13745604
v 0.16550705 0.11010763 0.14321163
v 0.17653884 0.14233911 0.13697208
v 0.18108234 0.14870705 0.1466604
v 0.17064424 0.120066375 0.14656496
v 0.1835395 0.14848545 0.15462379
v 0.18329419 0.14907894 0.1550189
v 0.18223411 0.14467995 0.15729369
v 0.18257885 0.14450873 0.1566752
v 0.17945564 0.1388424 0.15598544
v 0.18401639 0.14727658 0.15383509
v 0.1816495 0.14736122 0.14632003
v 0.1799093 0.1389263 0.15537615
v 0.17445257 0.12962161 0.15208513
v 0.17585018 0.12994689 0.15025951
v 0.18081199 0.13911587 0.15415132
v 0.18326463 0.14417847 0.15542465
v 0.17493378 0.12972532 0.15147492
v 0.16924138 0.119792596 0.14842807
v 0.16975057 0.1198801 0.14779629
v 0.16463971 0.10996363 0.14446065
v 0.16408542 0.109896384 0.14512071
v 0.1595018 0.09957472 0.14161825
v 0.15887904 0.09952338 0.14231148
v 0.15415968 0.088704355 0.1387249
v 0.15343718 0.08865277 0.13945252
v 0.14878426 0.07789472 0.13562979
v 0.14793399 0.07783008 0.13639219
v 0.14962319 0.078020155 0.13436143
v 0.14547275 0.07144963 0.13346021
v 0.14453056 0.0713691 0.13424198
v 0.14631802 0.0715957 0.13219644
v 0.14212729 0.065095596 0.13107987
v 0.14111823 0.06518983 0.13193733
v 0.14282192 0.06491603 0.12976184
v 0.14097528 0.061041243 0.13230984
v 0.13991946 0.061142113 0.13318555
v 0.14166412 0.06085376 0.13098907
v 0.13433422 0.048127964 0.12779097
v 0.1330031 0.048022784 0.1286701
v 0.13517717 0.04830057 0.12652794
v 0.12868455 0.038046546 0.12292261
v 0.12711824 0.037912253 0.12383889
v 0.14120333 0.07659111 0.11251858
v 0.13586284 0.060705774 0.1151489
v 0.13624744 0.06654991 0.10996417
v 0.12954012 0.038254797 0.12167384
v 0.12293545 0.027978556 0.11773338
v 0.12110307 0.027827293 0.11869507
v 0.13092494 0.05659367 0.10628494
v 0.123792306 0.028202323 0.11649147
v 0.11673842 0.01756984 0.11165505
v 0.11459027 0.017392553 0.112656206
v 0.10981836 0.006709797 0.10409772
v 0.10729158 0.0065045194 0.10513317
v 0.117604665 0.017822606 0.110429555
v 0.10349673 -0.0025592998 0.09658451
v 0.10060553 -0.0027824994 0.097646475
v 0.11069617 0.0069938493 0.10289468
v 0.11027501 0.01558613 0.09368632
v 0.10437912 -0.0022570165 0.09539791
v 0.11832374 0.0355176 0.09490699
v 0.09971693 -0.007932779 0.09194917
v 0.096598245 -0.008172818 0.093015656
v 0.10060962 -0.007609789 0.09078275
v 0.09709573 -0.011350472 0.08846852
v 0.09382019 -0.011645411 0.08947214
v 0.09542794 -0.01261748 0.08546693
v 0.098056085 -0.010943081 0.08740334
v 0.09616031 0.010010282 0.06439307
v 0.09648023 -0.012136257 0.08456613
v 0.10547615 0.022912983 0.07500948
v 0.08568331 0.0017522561 0.04733503
v 0.07583937 -0.0061466866 0.031951606
v 0.07415573 0.00916732 0.016246092
v 0.07951389 0.013951046 0.023779778
v 0.085115165 0.01826628 0.032340575
v 0.091041714 0.022643633 0.041731622
v 0.097227216 0.027127363 0.05182542
v 0.104873314 0.041298337 0.0567324
v 0.10893871 0.03400428 0.073097244
v 0.11076902 0.053948086 0.058785446
v 0.109928206 0.047329705 0.063006274
v 0.114927314 0.057262253 0.06548788
v 0.11217274 0.041278463 0.07407667
v 0.12034065 0.06280834 0.073178425
v 0.116383396 0.04769973 0.078201875
v 0.120499626 0.053540573 0.08267236
v 0.1249481 0.06816979 0.07919827
v 0.1250772 0.058186453 0.08953681
v 0.12875569 0.071067885 0.085799485
v 0.12458697 0.048023928 0.09852046
v 0.12633614 0.055122465 0.09584435
v -0.04153151 -0.057129394 0.003702227
v -0.03959842 -0.05685478 0.0068504233
v -0.023990639 -0.06595638 -0.0019976373
v -0.026079357 -0.06541435 -0.0056316354
v -0.056064513 -0.042530637 0.01972394
v -0.052281607 -0.041749977 0.021672575
v -0.062015448 -0.030884108 0.033524837
v -0.043093476 -0.056402177 0.0019018089
v -0.02860101 -0.06316862 -0.009780475
v -0.031556208 -0.053521395 -0.016621822
v -0.05690716 -0.04224304 0.01850932
v -0.045902494 -0.045322675 -0.0049903025
v -0.033627674 -0.04434714 -0.02261482
v -0.06622489 -0.030648753 0.03268754
v -0.07258505 -0.021628994 0.04884972
v -0.046628647 -0.0363784 -0.010305772
v -0.035453353 -0.03474178 -0.028542802
v -0.05551862 -0.03116638 0.007456818
v -0.06713264 -0.030289926 0.031598773
v -0.07641093 -0.021337224 0.04804321
v -0.08217715 -0.016076071 0.0657434
v -0.04679701 -0.027225865 -0.015407812
v -0.036780562 -0.025788853 -0.033557747
v -0.053840347 -0.019439884 -0.0044862204
v -0.065831274 -0.017357647 0.019151911
v -0.07740932 -0.02090197 0.047071178
v -0.08575676 -0.015746249 0.06494883
v -0.09207772 -0.012958199 0.086357
v -0.04750744 -0.01634537 -0.021025922
v -0.051406045 0.00037387267 -0.027620027
v -0.036023814 -0.021368906 -0.034233294
v -0.06335046 -0.005211407 0.004898871
v -0.052179012 -0.008612383 -0.016116254
v -0.060677752 0.0061525274 -0.008996093
v -0.068911925 0.0027940436 0.010274475
v -0.08682459 -0.0152647095 0.06408687
v -0.04933055 0.0010259267 -0.027841644
v -0.033698693 -0.0150723215 -0.03209611
v -0.04639718 0.0020273742 -0.026874263
v -0.055536117 0.019074572 -0.02491298
v -0.057468593 0.018263811 -0.024349613
v -0.059953064 0.028592 -0.02286924
v -0.07583925 -0.0061466866 0.031951606
v -0.08568318 0.0017522561 0.04733503
v -0.09616012 0.010010282 0.06439307
v -0.067282535 0.016092675 -0.0033244758
v -0.096480034 -0.012136257 0.08456613
v -0.09542782 -0.01261748 0.08546693
v -0.093820006 -0.011645411 0.08947214
v -0.09805596 -0.010943081 0.08740334
v -0.09709561 -0.011350472 0.08846852
v -0.09659812 -0.008172818 0.093015656
v -0.1006095 -0.007609789 0.09078275
v -0.09971687 -0.007932779 0.09194917
v -0.10060542 -0.0027824994 0.097646475
v -0.1034966 -0.0025592998 0.09658451
v -0.1072914 0.0065045194 0.10513317
v -0.10437906 -0.0022570165 0.09539791
v -0.11027494 0.01558613 0.09368632
v -0.10547608 0.022912983 0.07500948
v -0.110696055 0.0069938493 0.10289468
v -0.109818295 0.006709797 0.10409772
v -0.114590146 0.017392553 0.112656206
v -0.1176046 0.017822606 0.110429555
v -0.116738304 0.01756984 0.11165505
v -0.12110295 0.027827293 0.11869507
v -0.12293533 0.027978556 0.11773338
v -0.1271182 0.037912253 0.12383889
v -0.12379218 0.028202323 0.11649147
v -0.12868449 0.038046546 0.12292261
v -0.13300298 0.048022784 0.1286701
v -0.11832362 0.0355176 0.09490699
v -0.12954006 0.038254797 0.12167384
v -0.13433422 0.048127964 0.12779097
v -0.13991934 0.061142113 0.13318555
v -0.13517712 0.04830057 0.12652794
v -0.14097522 0.061041243 0.13230984
v -0.14111823 0.06518983 0.13193733
v -0.14166406 0.06085376 0.13098907
v -0.14212717 0.065095596 0.13107987
v -0.14453045 0.0713691 0.13424198
v -0.14282186 0.06491603 0.12976184
v -0.13586278 0.060705774 0.1151489
v -0.13092488 0.05659367 0.10628494
v -0.14547269 0.07144963 0.13346021
v -0.14793393 0.07783008 0.13639219
v -0.14631796 0.0715957 0.13219644
v -0.14878419 0.07789472 0.13562979
v -0.15343706 0.08865277 0.13945252
v -0.12458684 0.048023928 0.09852046
v -0.14962307 0.078020155 0.13436143
v -0.15415962 0.088704355 0.1387249
v -0.15887904 0.09952338 0.14231148
v -0.15499611 0.08881162 0.13745604
v -0.14822611 0.09104633 0.115793094
v -0.14471942 0.08378969 0.11421458
v -0.15950169 0.09957472 0.14161825
v -0.16408528 0.109896384 0.14512071
v -0.16034633 0.09968522 0.14035538
v -0.16463971 0.10996363 0.14446065
v -0.16924125 0.119792596 0.14842807
v -0.14120321 0.07659111 0.11251858
v -0.13624744 0.06654991 0.10996417
v -0.13168627 0.06960915 0.09477428
v -0.1387452 0.08674616 0.09510086
v -0.15402502 0.10310798 0.11828096
v -0.14650315 0.10467753 0.09613528
v -0.14261612 0.095709875 0.095630154
v -0.12633608 0.055122465 0.09584435
v -0.12507714 0.058186453 0.08953681
v -0.12049957 0.053540573 0.08267236
v -0.14076339 0.105111636 0.08081456
v -0.14575164 0.111255005 0.087030485
v -0.13568057 0.096825495 0.076699235
v -0.12875563 0.071067885 0.085799485
v -0.13189633 0.088341795 0.07601835
v -0.124947906 0.06816979 0.07919827
v -0.14500746 0.11250922 0.087090805
v -0.14803927 0.113473505 0.090574704
v -0.13991483 0.106247395 0.08075068
v -0.120340526 0.06280834 0.073178425
v -0.1254053 0.07968561 0.06881922
v -0.11638322 0.04769973 0.078201875
v -0.13120718 0.08966528 0.07617686
v -0.13467614 0.09771771 0.076512165
v -0.13162024 0.09209171 0.071499996
v -0.14438955 0.113127545 0.08718268
v -0.13921921 0.106798895 0.08077473
v -0.1338588 0.09812447 0.0764659
v -0.1303885 0.09031912 0.076352336
v -0.14690652 0.11551605 0.09118612
v -0.13108897 0.09343281 0.07203345
v -0.1303685 0.094107464 0.072412804
v -0.14745705 0.114836 0.09093177
v -0.14783621 0.113083854 0.096436374
v -0.1282952 0.09198952 0.06667217
v -0.12751284 0.092596926 0.06674413
v -0.14888075 0.11163372 0.094800435
v -0.14839113 0.112603515 0.09582861
v -0.14538236 0.10667479 0.09709931
v -0.1459917 0.106006265 0.09671255
v -0.1290923 0.09075449 0.06667282
v -0.12265302 0.083059624 0.061995514
v -0.12171645 0.08348044 0.061941307
v -0.15278699 0.11688696 0.099384315
v -0.15189064 0.11788924 0.09928979
v -0.15125386 0.11836139 0.09928255
v -0.15736876 0.1281936 0.104625195
v -0.15789759 0.12761816 0.104575835
v -0.16281551 0.13469535 0.11211024
v -0.12367788 0.0821441 0.062211737
v -0.11716216 0.07119774 0.06051531
v -0.11612499 0.07184791 0.060686834
v -0.11788636 0.06988129 0.06039763
v -0.15867452 0.1264427 0.10455884
v -0.16325831 0.13405387 0.11198571
v -0.16643144 0.13717067 0.11938737
v -0.11647593 0.07469181 0.055534534
v -0.11556569 0.075371645 0.05591803
v -0.15953198 0.114582606 0.12057245
v -0.114927195 0.057262253 0.06548788
v -0.11219877 0.06419627 0.052484386
v -0.117021464 0.07334603 0.055020384
v -0.11367081 0.07382655 0.049837887
v -0.11274052 0.07445638 0.04993131
v -0.114460245 0.07255232 0.049815625
v -0.10900723 0.06726838 0.045306157
v -0.107940555 0.06770237 0.04523651
v -0.11005348 0.066323094 0.04555129
v -0.10558538 0.059814498 0.044420384
v -0.10444081 0.0604418 0.044525404
v -0.10638493 0.05853793 0.044404276
v -0.103953004 0.062169705 0.03858887
v -0.102963634 0.06285785 0.038929116
v -0.10452914 0.060811326 0.038137604
v -0.101595886 0.061934732 0.033556674
v -0.1006287 0.062594004 0.033677235
v -0.1023541 0.06061409 0.033470646
v -0.09770051 0.057635326 0.028839651
v -0.09665987 0.058180183 0.02880271
v -0.10154834 0.05532235 0.03645053
v -0.09866105 0.056506656 0.02901546
v -0.09430811 0.05249276 0.02598842
v -0.09323413 0.053145964 0.02608981
v -0.09509497 0.05118194 0.025937092
v -0.09249041 0.053403925 0.021275712
v -0.091552615 0.054098338 0.021544315
v -0.09311 0.05203592 0.020907745
v -0.0900727 0.05315071 0.01633747
v -0.08919153 0.053825244 0.01645663
v -0.09081988 0.05180798 0.016214376
v -0.08729227 0.050885484 0.012404738
v -0.08638934 0.05148631 0.012383433
v -0.09014086 0.04850052 0.017611463
v -0.08820593 0.049665336 0.012520425
v -0.08428623 0.04717647 0.009247856
v -0.08339214 0.047846947 0.00934309
v -0.085057735 0.04583981 0.009155411
v -0.0820514 0.048256114 0.003714373
v -0.08135042 0.048949838 0.003926398
v -0.08269525 0.046885327 0.0033801165
v -0.079443365 0.0476749 -0.0011474952
v -0.07880512 0.04833741 -0.001096556
v -0.080245286 0.046346862 -0.0011990366
v -0.07663916 0.045210294 -0.0048175966
v -0.07596824 0.045793023 -0.004896463
v -0.07974103 0.04279886 0.0006913501
v -0.07761945 0.044024777 -0.0046322336
v -0.073439084 0.041084956 -0.007919494
v -0.07278146 0.041733593 -0.007907591
v -0.07428954 0.039779253 -0.0079067685
v -0.06935876 0.04124585 -0.016159277
v -0.0689624 0.041889805 -0.016162766
v -0.06447346 0.036509477 -0.020708727
v -0.07021683 0.039936416 -0.016141811
v -0.06503161 0.036017872 -0.020538155
v -0.06619508 0.035021175 -0.020178463
v -0.06592387 0.029006401 -0.01603322
v -0.06201618 0.027492449 -0.022511669
v -0.0736444 0.02374543 0.0036155882
v -0.07952401 0.028553931 0.011914304
v -0.07415561 0.00916732 0.016246092
v -0.07951377 0.013951046 0.023779778
v -0.08528018 0.033385143 0.0200701
v -0.08511504 0.01826628 0.032340575
v -0.090804644 0.037565384 0.028419154
v -0.091041595 0.022643633 0.041731622
v -0.09620292 0.041768543 0.0366244
v -0.09722716 0.027127363 0.05182542
v -0.10015663 0.0450104 0.04258605
v -0.10487313 0.041298337 0.0567324
v -0.105268694 0.049302705 0.050324548
v -0.1107689 0.053948086 0.058785446
v -0.10893859 0.03400428 0.073097244
v -0.10992808 0.047329705 0.063006274
v -0.11217255 0.041278463 0.07407667
v -0.16392101 0.1327533 0.11181334
v -0.1673337 0.13514137 0.118665636
v -0.16510442 0.12624344 0.12280009
v -0.16679764 0.13649859 0.11911931
v -0.16790771 0.1329615 0.122899875
v -0.16737938 0.13379134 0.123998575
v -0.16700941 0.13421008 0.124580264
v -0.16380373 0.12633525 0.12473358
v -0.1643206 0.12630518 0.12406855
v -0.15859918 0.11640295 0.12184053
v -0.15905662 0.115792364 0.12136969
v -0.16507697 0.12509331 0.12407912
v -0.16424532 0.12613232 0.12405607
v -0.16372088 0.12662424 0.12407329
v -0.16979349 0.13689598 0.12929721
v -0.16550693 0.11010763 0.14321163
v -0.17095947 0.1351398 0.12916812
v -0.17022248 0.13631801 0.12923762
v -0.17554124 0.14425604 0.13727671
v -0.17589334 0.14362417 0.13716507
v -0.18079004 0.14936887 0.14683843
v -0.17064413 0.120066375 0.14656496
v -0.17653874 0.14233911 0.13697208
v -0.18108228 0.14870705 0.1466604
v -0.16975051 0.1198801 0.14779629
v -0.17585012 0.12994689 0.15025951
v -0.17493372 0.12972532 0.15147492
v -0.17445251 0.12962161 0.15208513
v -0.1816494 0.14736122 0.14632003
v -0.18353939 0.14848545 0.15462379
v -0.18329409 0.14907894 0.1550189
v -0.182234 0.14467995 0.15729369
v -0.18081194 0.13911587 0.15415132
v -0.17990918 0.1389263 0.15537615
v -0.17945558 0.1388424 0.15598544
v -0.18401633 0.14727658 0.15383509
v -0.18257879 0.14450873 0.1566752
v -0.18326457 0.14417847 0.15542465
vt 0.49365234 0.76708984
vt 0.49316406 0.6982422
vt 0.49316406 0.6982422
vt 0.49267578 0.6982422
vt 0.49291992 0.69873047
vt 0.49267578 0.6982422
vt 0.49267578 0.6982422
vt 0.49267578 0.6982422
vt 0.49267578 0.6982422
vt 0.4921875 0.76708984
vt 0.49267578 0.6982422
vt 0.49194336 0.76708984
vt 0.49194336 0.77001953
vt 0.49194336 0.77001953
vt 0.4921875 0.76708984
vt 0.49194336 0.7763672
vt 0.49194336 0.7763672
vt 0.49194336 0.78466797
vt 0.49194336 0.78466797
vt 0.49194336 0.7871094
vt 0.4921875 0.7871094
vt 0.49243164 0.8408203
vt 0.4921875 0.78466797
vt 0.4921875 0.7763672
vt 0.4921875 0.77001953
vt 0.49243164 0.8408203
vt 0.49243164 0.8432617
vt 0.49243164 0.8432617
vt 0.4921875 0.76708984
vt 0.4921875 0.77001953
vt 0.4921875 0.7763672
vt 0.4921875 0.7871094
vt 0.49267578 0.8408203
vt 0.49267578 0.8432617
vt 0.49243164 0.76708984
vt 0.4921875 0.78466797
vt 0.4921875 0.7871094
vt 0.4921875 0.77001953
vt 0.4921875 0.7763672
vt 0.4921875 0.78466797
vt 0.49243164 0.76660156
vt 0.49243164 0.77001953
vt 0.49243164 0.7871094
vt 0.49243164 0.7763672
vt 0.49243164 0.78466797
vt 0.49243164 0.7871094
vt 0.49267578 0.8408203
vt 0.49267578 0.8432617
vt 0.49291992 0.8408203
vt 0.49291992 0.8432617
vt 0.49316406 0.8408203
vt 0.49291992 0.8432617
vt 0.49316406 0.8408203
vt 0.49316406 0.8432617
vt 0.49316406 0.8408203
vt 0.49316406 0.8432617
vt 0.49316406 0.8408203
vt 0.49316406 0.8432617
vt 0.49365234 0.7871094
vt 0.49365234 0.7871094
vt 0.49365234 0.78466797
vt 0.49365234 0.7871094
vt 0.49365234 0.78466797
vt 0.49365234 0.7871094
vt 0.49365234 0.7763672
vt 0.49365234 0.7763672
vt 0.49365234 0.78466797
vt 0.49365234 0.7763672
vt 0.49365234 0.77001953
vt 0.49365234 0.77001953
vt 0.49365234 0.76708984
vt 0.49365234 0.77001953
vt 0.49365234 0.76708984
vt 0.49316406 0.6982422
vt 0.49365234 0.76708984
vt 0.49316406 0.6982422
vt 0.49365234 0.77001953
vt 0.49365234 0.7763672
vt 0.49365234 0.78466797
vt 0.49365234 0.76708984
vt 0.4934082 0.77001953
vt 0.4934082 0.7871094
vt 0.4934082 0.7763672
vt 0.4934082 0.7871094
vt 0.4934082 0.78466797
vt 0.4934082 0.76708984
vt 0.4934082 0.77001953
vt 0.4934082 0.7763672
vt 0.4934082 0.78466797
vt 0.49316406 0.7871094
vt 0.49316406 0.69873047
vt 0.4934082 0.76660156
vt 0.49316406 0.77001953
vt 0.49316406 0.7871094
vt 0.49316406 0.7763672
vt 0.49316406 0.78466797
vt 0.49316406 0.78466797
vt 0.49291992 0.7871094
vt 0.49316406 0.7763672
vt 0.49267578 0.7871094
vt 0.49291992 0.78466797
vt 0.49267578 0.7871094
vt 0.49267578 0.78466797
vt 0.49267578 0.78466797
vt 0.49291992 0.7763672
vt 0.49316406 0.77001953
vt 0.49267578 0.7763672
vt 0.49267578 0.7763672
vt 0.49291992 0.77001953
vt 0.49316406 0.76660156
vt 0.49267578 0.77001953
vt 0.49267578 0.77001953
vt 0.49316406 0.76660156
vt 0.49316406 0.69873047
vt 0.49267578 0.76660156
vt 0.49267578 0.7661133
vt 0.49291992 0.765625
vt 0.49267578 0.69873047
vt 0.49291992 0.7001953
vt 0.49291992 0.69970703
vt 0.49267578 0.69873047
vt 0.49267578 0.6982422
vt 0.49291992 0.69873047
vt 0.49267578 0.69970703
vt 0.49267578 0.69970703
vt 0.49291992 0.7001953
vt 0.49291992 0.69970703
vt 0.49316406 0.69873047
vt 0.49316406 0.69873047
vt 0.49316406 0.6982422
vt 0.49316406 0.6982422
vt 0.49316406 0.6982422
vt 0.49267578 0.6982422
vt 0.49291992 0.69873047
vt 0.49267578 0.6982422
vt 0.49316406 0.6982422
vt 0.49291992 0.69873047
vt 0.49316406 0.6982422
vt 0.18225098 0.6274414
vt 0.15368652 0.6274414
vt 0.15368652 0.6464844
vt 0.18225098 0.6464844
vt 0.20568848 0.6464844
vt 0.20568848 0.6274414
vt 0.23034668 0.6274414
vt 0.23034668 0.6464844
vt 0.2565918 0.6274414
vt 0.2565918 0.6464844
vt 0.28344727 0.6274414
vt 0.28344727 0.6464844
vt 0.30419922 0.6464844
vt 0.30419922 0.6274414
vt 0.31469727 0.6464844
vt 0.31469727 0.6274414
vt 0.3256836 0.6464844
vt 0.3256836 0.6274414
vt 0.35327148 0.6274414
vt 0.35327148 0.6464844
vt 0.3894043 0.6464844
vt 0.3894043 0.6274414
vt 0.15368652 0.6464844
vt 0.15368652 0.6274414
vt 0.18225098 0.6274414
vt 0.18225098 0.6464844
vt 0.20568848 0.6464844
vt 0.20568848 0.6274414
vt 0.23034668 0.6274414
vt 0.23034668 0.6464844
vt 0.2565918 0.6274414
vt 0.2565918 0.6464844
vt 0.28344727 0.6274414
vt 0.28344727 0.6464844
vt 0.30419922 0.6464844
vt 0.30419922 0.6274414
vt 0.31469727 0.6464844
vt 0.31469727 0.6274414
vt 0.3256836 0.6464844
vt 0.3256836 0.6274414
vt 0.35327148 0.6274414
vt 0.35327148 0.6464844
vt 0.3894043 0.6464844
vt 0.3894043 0.6274414
vt 0.15368652 0.6464844
vt 0.15368652 0.6464844
vt 0.18225098 0.6464844
vt 0.18225098 0.6464844
vt 0.20568848 0.6464844
vt 0.20568848 0.6464844
vt 0.23034668 0.6464844
vt 0.23034668 0.6464844
vt 0.2565918 0.6464844
vt 0.2565918 0.6464844
vt 0.28344727 0.6464844
vt 0.28344727 0.6464844
vt 0.30419922 0.6464844
vt 0.30419922 0.6464844
vt 0.31469727 0.6464844
vt 0.31469727 0.6464844
vt 0.3256836 0.6464844
vt 0.3256836 0.6464844
vt 0.35327148 0.6464844
vt 0.35327148 0.6464844
vt 0.3894043 0.6464844
vt 0.3894043 0.6464844
vt 0.15368652 0.6274414
vt 0.15368652 0.6274414
vt 0.15368652 0.6464844
vt 0.15368652 0.6464844
vt 0.18225098 0.6274414
vt 0.15368652 0.6274414
vt 0.15368652 0.6274414
vt 0.18225098 0.6274414
vt 0.20568848 0.6274414
vt 0.20568848 0.6274414
vt 0.23034668 0.6274414
vt 0.23034668 0.6274414
vt 0.2565918 0.6274414
vt 0.2565918 0.6274414
vt 0.28344727 0.6274414
vt 0.28344727 0.6274414
vt 0.30419922 0.6274414
vt 0.30419922 0.6274414
vt 0.31469727 0.6274414
vt 0.31469727 0.6274414
vt 0.3256836 0.6274414
vt 0.3256836 0.6274414
vt 0.35327148 0.6274414
vt 0.35327148 0.6274414
vt 0.3894043 0.6274414
vt 0.3894043 0.6274414
vt 0.3894043 0.6464844
vt 0.3894043 0.6464844
vt 0.3894043 0.6274414
vt 0.3894043 0.6274414
vt 0.58251953 0.9223633
vt 0.59033203 0.92871094
vt 0.5913086 0.92578125
vt 0.5800781 0.92529297
vt 0.58691406 0.9399414
vt 0.5644531 0.9121094
vt 0.56884766 0.90771484
vt 0.57666016 0.93652344
vt 0.5830078 0.9526367
vt 0.55908203 0.9345703
vt 0.5415039 0.8959961
vt 0.546875 0.88916016
vt 0.5722656 0.94970703
vt 0.5332031 0.9296875
vt 0.5136719 0.88183594
vt 0.5083008 0.8696289
vt 0.49414062 0.921875
vt 0.50439453 0.92285156
vt 0.50390625 0.9667969
vt 0.49487305 0.97753906
vt 0.52978516 0.97314453
vt 0.5732422 0.9536133
vt 0.58251953 0.9555664
vt 0.5546875 0.9638672
vt 0.5522461 0.9580078
vt 0.5283203 0.96484375
vt 0.5830078 0.9526367
vt 0.58251953 0.9555664
vt 0.5732422 0.9536133
vt 0.5722656 0.94970703
vt 0.57666016 0.93652344
vt 0.58691406 0.9399414
vt 0.5522461 0.9580078
vt 0.5546875 0.9638672
vt 0.5800781 0.92529297
vt 0.59033203 0.92871094
vt 0.55908203 0.9345703
vt 0.5283203 0.96484375
vt 0.52978516 0.97314453
vt 0.58251953 0.9223633
vt 0.5913086 0.92578125
vt 0.56884766 0.90771484
vt 0.5644531 0.9121094
vt 0.546875 0.88916016
vt 0.5332031 0.9296875
vt 0.50390625 0.9667969
vt 0.49487305 0.97753906
vt 0.49414062 0.921875
vt 0.5415039 0.8959961
vt 0.50439453 0.92285156
vt 0.5136719 0.88183594
vt 0.5083008 0.8696289
vt 0.58251953 0.9223633
vt 0.5913086 0.92578125
vt 0.59033203 0.92871094
vt 0.5800781 0.92529297
vt 0.58691406 0.9399414
vt 0.5644531 0.9121094
vt 0.56884766 0.90771484
vt 0.57666016 0.93652344
vt 0.5830078 0.9526367
vt 0.55908203 0.9345703
vt 0.5415039 0.8959961
vt 0.546875 0.88916016
vt 0.5722656 0.94970703
vt 0.5332031 0.9296875
vt 0.5136719 0.88183594
vt 0.5083008 0.8696289
vt 0.49414062 0.921875
vt 0.50439453 0.92285156
vt 0.50390625 0.9667969
vt 0.49487305 0.97753906
vt 0.52978516 0.97314453
vt 0.5732422 0.9536133
vt 0.58251953 0.9555664
vt 0.5546875 0.9638672
vt 0.5522461 0.9580078
vt 0.5283203 0.96484375
vt 0.5830078 0.9526367
vt 0.5732422 0.9536133
vt 0.58251953 0.9555664
vt 0.5722656 0.94970703
vt 0.57666016 0.93652344
vt 0.58691406 0.9399414
vt 0.5522461 0.9580078
vt 0.5546875 0.9638672
vt 0.5800781 0.92529297
vt 0.59033203 0.92871094
vt 0.55908203 0.9345703
vt 0.5283203 0.96484375
vt 0.52978516 0.97314453
vt 0.58251953 0.9223633
vt 0.5913086 0.92578125
vt 0.56884766 0.90771484
vt 0.5644531 0.9121094
vt 0.546875 0.88916016
vt 0.5332031 0.9296875
vt 0.50390625 0.9667969
vt 0.49487305 0.97753906
vt 0.49414062 0.921875
vt 0.5415039 0.8959961
vt 0.50439453 0.92285156
vt 0.5136719 0.88183594
vt 0.5083008 0.8696289
vt 0.022628784 0.019760132
vt 0.019622803 0.01979065
vt 0.019622803 0.021057129
vt 0.022628784 0.021087646
vt 0.028625488 0.019760132
vt 0.028625488 0.021087646
vt 0.03463745 0.019760132
vt 0.03463745 0.021087646
vt 0.040618896 0.019760132
vt 0.040618896 0.021087646
vt 0.03463745 0.02243042
vt 0.040618896 0.02243042
vt 0.028625488 0.02243042
vt 0.022628784 0.02243042
vt 0.019622803 0.022399902
vt 0.019622803 0.021118164
vt 0.03463745 0.023757935
vt 0.040618896 0.023757935
vt 0.028625488 0.023757935
vt 0.022628784 0.023757935
vt 0.019622803 0.023727417
vt 0.019622803 0.022445679
vt 0.03463745 0.02508545
vt 0.040618896 0.02508545
vt 0.028625488 0.02508545
vt 0.022628784 0.02508545
vt 0.019622803 0.025054932
vt 0.019622803 0.023788452
vt 0.03463745 0.026428223
vt 0.040618896 0.026428223
vt 0.028625488 0.026428223
vt 0.022628784 0.026428223
vt 0.019622803 0.026397705
vt 0.019622803 0.025115967
vt 0.03463745 0.027755737
vt 0.040618896 0.027755737
vt 0.028625488 0.027755737
vt 0.022628784 0.027755737
vt 0.019622803 0.02772522
vt 0.019622803 0.026443481
vt 0.03463745 0.029083252
vt 0.040618896 0.029083252
vt 0.028625488 0.029083252
vt 0.022628784 0.029083252
vt 0.019622803 0.029052734
vt 0.019622803 0.027786255
vt 0.03463745 0.030426025
vt 0.040618896 0.030426025
vt 0.028625488 0.030426025
vt 0.022628784 0.030426025
vt 0.019622803 0.030395508
vt 0.019622803 0.02911377
vt 0.03463745 0.03173828
vt 0.040618896 0.03173828
vt 0.028625488 0.03173828
vt 0.022628784 0.03173828
vt 0.019622803 0.03173828
vt 0.019622803 0.030441284
vt 0.03463745 0.033081055
vt 0.040618896 0.033081055
vt 0.028625488 0.033081055
vt 0.022628784 0.033081055
vt 0.019622803 0.033050537
vt 0.019622803 0.0317688
vt 0.03463745 0.034423828
vt 0.040618896 0.034423828
vt 0.028625488 0.034423828
vt 0.022628784 0.034423828
vt 0.019622803 0.03439331
vt 0.019622803 0.033111572
vt 0.03463745 0.035736084
vt 0.040618896 0.035736084
vt 0.028625488 0.035736084
vt 0.022628784 0.035736084
vt 0.019622803 0.035736084
vt 0.019622803 0.034454346
vt 0.03463745 0.037078857
vt 0.040618896 0.037078857
vt 0.028625488 0.037078857
vt 0.022628784 0.037078857
vt 0.019622803 0.03704834
vt 0.019622803 0.0357666
vt 0.03463745 0.03842163
vt 0.040618896 0.03842163
vt 0.028625488 0.03842163
vt 0.022628784 0.03842163
vt 0.019622803 0.038391113
vt 0.019622803 0.037109375
vt 0.03463745 0.039764404
vt 0.040618896 0.039764404
vt 0.028625488 0.039764404
vt 0.022628784 0.039764404
vt 0.019622803 0.039733887
vt 0.019622803 0.03845215
vt 0.03463745 0.04107666
vt 0.040618896 0.04107666
vt 0.040618896 0.042419434
vt 0.028625488 0.04107666
vt 0.022628784 0.04107666
vt 0.019622803 0.041046143
vt 0.019622803 0.039764404
vt 0.03463745 0.042419434
vt 0.028625488 0.042419434
vt 0.03463745 0.043762207
vt 0.040618896 0.043762207
vt 0.028625488 0.043762207
vt 0.022628784 0.043762207
vt 0.022628784 0.042419434
vt 0.019622803 0.041107178
vt 0.019622803 0.042388916
vt 0.019622803 0.04373169
vt 0.019622803 0.04244995
vt 0.11791992 0.9248047
vt 0.11907959 0.9316406
vt 0.11907959 0.9248047
vt 0.11791992 0.9316406
vt 0.116760254 0.9248047
vt 0.11907959 0.93408203
vt 0.116760254 0.9316406
vt 0.115600586 0.9248047
vt 0.11791992 0.93408203
vt 0.11907959 0.9716797
vt 0.115600586 0.9316406
vt 0.11413574 0.9248047
vt 0.11791992 0.9716797
vt 0.11907959 0.9746094
vt 0.116760254 0.93408203
vt 0.11413574 0.9316406
vt 0.111450195 0.9248047
vt 0.11791992 0.9746094
vt 0.11907959 0.98583984
vt 0.11791992 0.98583984
vt 0.116760254 0.9716797
vt 0.115600586 0.93408203
vt 0.116760254 0.9746094
vt 0.116760254 0.98583984
vt 0.111450195 0.9316406
vt 0.08099365 0.9248047
vt 0.115600586 0.9716797
vt 0.115600586 0.9746094
vt 0.115600586 0.98583984
vt 0.11413574 0.93408203
vt 0.08099365 0.9316406
vt 0.050476074 0.9248047
vt 0.11413574 0.9746094
vt 0.11413574 0.98583984
vt 0.11413574 0.9716797
vt 0.111450195 0.93408203
vt 0.050476074 0.9316406
vt 0.020263672 0.9248047
vt 0.020263672 0.9316406
vt 0.111450195 0.9746094
vt 0.111450195 0.98583984
vt 0.111450195 0.9716797
vt 0.08099365 0.93359375
vt 0.050476074 0.93310547
vt 0.020263672 0.9326172
vt 0.020263672 0.9453125
vt 0.050476074 0.9555664
vt 0.020263672 0.94628906
vt 0.08099365 0.96435547
vt 0.050476074 0.95703125
vt 0.020263672 0.95410156
vt 0.08099365 0.9667969
vt 0.050476074 0.96728516
vt 0.08099365 0.9770508
vt 0.08099365 0.98583984
vt 0.050476074 0.98583984
vt 0.020263672 0.98583984
vt 0.9394531 0.74365234
vt 0.9394531 0.7348633
vt 0.9375 0.7348633
vt 0.94091797 0.74316406
vt 0.94433594 0.75146484
vt 0.9399414 0.7348633
vt 0.9458008 0.75
vt 0.95214844 0.75634766
vt 0.94189453 0.7426758
vt 0.9609375 0.7348633
vt 0.9526367 0.7548828
vt 0.9609375 0.7583008
vt 0.9609375 0.75634766
vt 0.94628906 0.7495117
vt 0.953125 0.75390625
vt 0.9609375 0.7558594
vt 0.95214844 0.75634766
vt 0.9609375 0.75634766
vt 0.9609375 0.7583008
vt 0.9526367 0.7548828
vt 0.94433594 0.75146484
vt 0.9609375 0.7558594
vt 0.9458008 0.75
vt 0.9394531 0.74365234
vt 0.953125 0.75390625
vt 0.9609375 0.7348633
vt 0.94091797 0.74316406
vt 0.9375 0.7348633
vt 0.9394531 0.7348633
vt 0.94628906 0.7495117
vt 0.94189453 0.7426758
vt 0.9399414 0.7348633
vt 0.020263672 0.8647461
vt 0.020263672 0.91259766
vt 0.021011353 0.91259766
vt 0.021011353 0.8647461
vt 0.020263672 0.79833984
vt 0.021759033 0.91259766
vt 0.021011353 0.79833984
vt 0.020263672 0.7963867
vt 0.021011353 0.7963867
vt 0.021759033 0.8647461
vt 0.022491455 0.91259766
vt 0.021759033 0.79833984
vt 0.021759033 0.7963867
vt 0.022491455 0.8647461
vt 0.022567749 0.91259766
vt 0.022491455 0.79833984
vt 0.022491455 0.7963867
vt 0.022567749 0.8647461
vt 0.022598267 0.91259766
vt 0.022567749 0.79833984
vt 0.022567749 0.7963867
vt 0.022598267 0.8647461
vt 0.022628784 0.91259766
vt 0.022598267 0.79833984
vt 0.022598267 0.7963867
vt 0.022628784 0.8647461
vt 0.022659302 0.91259766
vt 0.022628784 0.79833984
vt 0.022628784 0.7963867
vt 0.022659302 0.8647461
vt 0.02268982 0.91259766
vt 0.02268982 0.8647461
vt 0.022659302 0.79833984
vt 0.022659302 0.7963867
vt 0.02268982 0.79833984
vt 0.02268982 0.7963867
vt 0.11907959 0.9316406
vt 0.11791992 0.9248047
vt 0.11907959 0.9248047
vt 0.11791992 0.9316406
vt 0.116760254 0.9248047
vt 0.11791992 0.93408203
vt 0.11907959 0.93408203
vt 0.116760254 0.9316406
vt 0.115600586 0.9248047
vt 0.11791992 0.9716797
vt 0.11907959 0.9716797
vt 0.116760254 0.93408203
vt 0.115600586 0.9316406
vt 0.11413574 0.9248047
vt 0.116760254 0.9716797
vt 0.11791992 0.9746094
vt 0.11907959 0.9746094
vt 0.11907959 0.98583984
vt 0.11791992 0.98583984
vt 0.116760254 0.9746094
vt 0.116760254 0.98583984
vt 0.115600586 0.9746094
vt 0.115600586 0.98583984
vt 0.115600586 0.9716797
vt 0.11413574 0.9746094
vt 0.11413574 0.98583984
vt 0.111450195 0.98583984
vt 0.115600586 0.93408203
vt 0.11413574 0.9716797
vt 0.111450195 0.9746094
vt 0.11413574 0.93408203
vt 0.08099365 0.9770508
vt 0.08099365 0.98583984
vt 0.050476074 0.98583984
vt 0.111450195 0.9716797
vt 0.11413574 0.9316406
vt 0.111450195 0.9248047
vt 0.08099365 0.9667969
vt 0.050476074 0.96728516
vt 0.111450195 0.93408203
vt 0.111450195 0.9316406
vt 0.08099365 0.9248047
vt 0.020263672 0.95410156
vt 0.020263672 0.98583984
vt 0.050476074 0.95703125
vt 0.020263672 0.94628906
vt 0.08099365 0.96435547
vt 0.050476074 0.9555664
vt 0.020263672 0.9453125
vt 0.08099365 0.93359375
vt 0.08099365 0.9316406
vt 0.050476074 0.9248047
vt 0.050476074 0.93310547
vt 0.020263672 0.9326172
vt 0.050476074 0.9316406
vt 0.020263672 0.9248047
vt 0.020263672 0.9316406
vt 0.9394531 0.74365234
vt 0.9375 0.7348633
vt 0.9394531 0.7348633
vt 0.94091797 0.74316406
vt 0.94433594 0.75146484
vt 0.94189453 0.7426758
vt 0.9399414 0.7348633
vt 0.9609375 0.7348633
vt 0.9458008 0.75
vt 0.95214844 0.75634766
vt 0.94628906 0.7495117
vt 0.953125 0.75390625
vt 0.9609375 0.7558594
vt 0.9526367 0.7548828
vt 0.9609375 0.7583008
vt 0.9609375 0.75634766
vt 0.95214844 0.75634766
vt 0.9609375 0.7583008
vt 0.9609375 0.75634766
vt 0.9526367 0.7548828
vt 0.94433594 0.75146484
vt 0.953125 0.75390625
vt 0.9609375 0.7558594
vt 0.9609375 0.7348633
vt 0.9458008 0.75
vt 0.9394531 0.74365234
vt 0.94628906 0.7495117
vt 0.94189453 0.7426758
vt 0.9399414 0.7348633
vt 0.94091797 0.74316406
vt 0.9375 0.7348633
vt 0.9394531 0.7348633
vt 0.021011353 0.91259766
vt 0.020263672 0.91259766
vt 0.020263672 0.8647461
vt 0.021011353 0.8647461
vt 0.021759033 0.91259766
vt 0.020263672 0.79833984
vt 0.021759033 0.8647461
vt 0.022491455 0.91259766
vt 0.022491455 0.8647461
vt 0.022567749 0.91259766
vt 0.022567749 0.8647461
vt 0.022598267 0.91259766
vt 0.022598267 0.8647461
vt 0.022628784 0.91259766
vt 0.022628784 0.8647461
vt 0.022659302 0.91259766
vt 0.022659302 0.8647461
vt 0.02268982 0.91259766
vt 0.02268982 0.8647461
vt 0.02268982 0.79833984
vt 0.022659302 0.79833984
vt 0.02268982 0.7963867
vt 0.022659302 0.7963867
vt 0.022628784 0.79833984
vt 0.022628784 0.7963867
vt 0.022598267 0.79833984
vt 0.022598267 0.7963867
vt 0.022567749 0.79833984
vt 0.022567749 0.7963867
vt 0.022491455 0.79833984
vt 0.022491455 0.7963867
vt 0.021759033 0.79833984
vt 0.021759033 0.7963867
vt 0.021011353 0.79833984
vt 0.021011353 0.7963867
vt 0.020263672 0.7963867
vt 0.61279297 0.8833008
vt 0.6171875 0.86621094
vt 0.61279297 0.86621094
vt 0.6171875 0.8833008
vt 0.61279297 0.8989258
vt 0.62353516 0.8833008
vt 0.62353516 0.86621094
vt 0.6171875 0.8989258
vt 0.61279297 0.89941406
vt 0.6298828 0.8833008
vt 0.6298828 0.86621094
vt 0.6386719 0.86621094
vt 0.6386719 0.8833008
vt 0.6386719 0.86621094
vt 0.6386719 0.8833008
vt 0.6298828 0.8989258
vt 0.6386719 0.8989258
vt 0.6386719 0.8989258
vt 0.6386719 0.89941406
vt 0.6171875 0.89941406
vt 0.61279297 0.89990234
vt 0.62353516 0.8989258
vt 0.62353516 0.89941406
vt 0.6171875 0.89990234
vt 0.61279297 0.9003906
vt 0.6298828 0.89941406
vt 0.6386719 0.89941406
vt 0.6171875 0.9003906
vt 0.61279297 0.9003906
vt 0.62353516 0.89990234
vt 0.6386719 0.89990234
vt 0.6386719 0.89990234
vt 0.6386719 0.9003906
vt 0.6298828 0.89990234
vt 0.62353516 0.9003906
vt 0.6171875 0.9003906
vt 0.61279297 0.9008789
vt 0.6298828 0.9003906
vt 0.6386719 0.9003906
vt 0.62353516 0.9003906
vt 0.6298828 0.9003906
vt 0.6386719 0.9003906
vt 0.6386719 0.9003906
vt 0.6171875 0.9008789
vt 0.61279297 0.9008789
vt 0.6298828 0.9008789
vt 0.6386719 0.9008789
vt 0.6386719 0.9008789
vt 0.62353516 0.9008789
vt 0.6171875 0.9008789
vt 0.61279297 0.90185547
vt 0.6386719 0.9008789
vt 0.6386719 0.9008789
vt 0.6386719 0.90185547
vt 0.62353516 0.9008789
vt 0.6298828 0.9008789
vt 0.6171875 0.90185547
vt 0.61279297 0.9086914
vt 0.62353516 0.90185547
vt 0.6298828 0.90185547
vt 0.6386719 0.90185547
vt 0.6171875 0.9086914
vt 0.61279297 0.91552734
vt 0.62353516 0.9086914
vt 0.6298828 0.9086914
vt 0.6386719 0.9086914
vt 0.6386719 0.9086914
vt 0.6386719 0.91552734
vt 0.6386719 0.91552734
vt 0.6171875 0.91552734
vt 0.61279297 0.92285156
vt 0.62353516 0.91552734
vt 0.6386719 0.92285156
vt 0.6386719 0.92285156
vt 0.6386719 0.93066406
vt 0.6298828 0.91552734
vt 0.6386719 0.9086914
vt 0.6386719 0.91552734
vt 0.6298828 0.92285156
vt 0.62353516 0.92285156
vt 0.6386719 0.93066406
vt 0.6386719 0.9370117
vt 0.6298828 0.93066406
vt 0.6386719 0.9370117
vt 0.6386719 0.94433594
vt 0.62353516 0.93066406
vt 0.6298828 0.9370117
vt 0.6386719 0.93066406
vt 0.6386719 0.9370117
vt 0.6171875 0.92285156
vt 0.6171875 0.93066406
vt 0.61279297 0.93066406
vt 0.6171875 0.9370117
vt 0.61279297 0.9370117
vt 0.62353516 0.9370117
vt 0.6171875 0.94433594
vt 0.61279297 0.94433594
vt 0.62353516 0.94433594
vt 0.6171875 0.9453125
vt 0.61279297 0.9453125
vt 0.6171875 0.9458008
vt 0.61279297 0.9458008
vt 0.6171875 0.9458008
vt 0.61279297 0.9458008
vt 0.62353516 0.9458008
vt 0.6171875 0.94628906
vt 0.61279297 0.94628906
vt 0.62353516 0.9453125
vt 0.62353516 0.9458008
vt 0.6298828 0.9458008
vt 0.6298828 0.9453125
vt 0.6171875 0.94628906
vt 0.61279297 0.94628906
vt 0.6298828 0.94433594
vt 0.6386719 0.94433594
vt 0.6386719 0.9453125
vt 0.6386719 0.9453125
vt 0.6386719 0.9458008
vt 0.6386719 0.9458008
vt 0.6386719 0.9458008
vt 0.6386719 0.9458008
vt 0.6386719 0.94628906
vt 0.6298828 0.9458008
vt 0.6386719 0.94628906
vt 0.62353516 0.94628906
vt 0.6386719 0.94628906
vt 0.6386719 0.94628906
vt 0.6386719 0.94677734
vt 0.6298828 0.94628906
vt 0.62353516 0.94628906
vt 0.6298828 0.94628906
vt 0.6386719 0.94677734
vt 0.6298828 0.94677734
vt 0.6386719 0.9477539
vt 0.6386719 0.9477539
vt 0.6386719 0.9633789
vt 0.62353516 0.94677734
vt 0.6386719 0.9633789
vt 0.6386719 0.98046875
vt 0.6386719 0.98046875
vt 0.6298828 0.9477539
vt 0.6298828 0.9633789
vt 0.6298828 0.98046875
vt 0.62353516 0.98046875
vt 0.62353516 0.9633789
vt 0.6171875 0.98046875
vt 0.6171875 0.94677734
vt 0.61279297 0.94677734
vt 0.6171875 0.9477539
vt 0.61279297 0.9477539
vt 0.62353516 0.9477539
vt 0.6171875 0.9633789
vt 0.61279297 0.9633789
vt 0.61279297 0.98046875
vt 0.48120117 0.5629883
vt 0.48046875 0.5527344
vt 0.48364258 0.55371094
vt 0.47753906 0.56347656
vt 0.48583984 0.58251953
vt 0.4794922 0.5527344
vt 0.47973633 0.5834961
vt 0.48901367 0.6113281
vt 0.4765625 0.56347656
vt 0.46923828 0.5493164
vt 0.48046875 0.6118164
vt 0.48364258 0.6538086
vt 0.47802734 0.5830078
vt 0.46606445 0.5600586
vt 0.45776367 0.54589844
vt 0.47680664 0.6425781
vt 0.47924805 0.65234375
vt 0.47338867 0.6411133
vt 0.47753906 0.61083984
vt 0.44750977 0.60009766
vt 0.4580078 0.5761719
vt 0.45410156 0.5566406
vt 0.4567871 0.54589844
vt 0.43701172 0.56884766
vt 0.45288086 0.55615234
vt 0.45361328 0.5449219
vt 0.4501953 0.55371094
vt 0.43481445 0.5683594
vt 0.43139648 0.5629883
vt 0.41845703 0.5859375
vt 0.41577148 0.58447266
vt 0.4099121 0.5786133
vt 0.40356445 0.60595703
vt 0.40039062 0.6035156
vt 0.3869629 0.60498047
vt 0.39038086 0.6074219
vt 0.4375 0.6274414
vt 0.43237305 0.63671875
vt 0.3984375 0.61279297
vt 0.47265625 0.65185547
vt 0.4567871 0.54589844
vt 0.45361328 0.5449219
vt 0.4501953 0.55371094
vt 0.45288086 0.55615234
vt 0.45776367 0.54589844
vt 0.43139648 0.5629883
vt 0.45410156 0.5566406
vt 0.46923828 0.5493164
vt 0.43481445 0.5683594
vt 0.4099121 0.5786133
vt 0.46606445 0.5600586
vt 0.4794922 0.5527344
vt 0.43701172 0.56884766
vt 0.41577148 0.58447266
vt 0.3869629 0.60498047
vt 0.4580078 0.5761719
vt 0.41845703 0.5859375
vt 0.4765625 0.56347656
vt 0.48046875 0.5527344
vt 0.40039062 0.6035156
vt 0.39038086 0.6074219
vt 0.40356445 0.60595703
vt 0.47802734 0.5830078
vt 0.47753906 0.56347656
vt 0.48364258 0.55371094
vt 0.48120117 0.5629883
vt 0.47973633 0.5834961
vt 0.48583984 0.58251953
vt 0.44750977 0.60009766
vt 0.47753906 0.61083984
vt 0.48046875 0.6118164
vt 0.48901367 0.6113281
vt 0.4375 0.6274414
vt 0.47680664 0.6425781
vt 0.48364258 0.6538086
vt 0.47924805 0.65234375
vt 0.47338867 0.6411133
vt 0.47265625 0.65185547
vt 0.43237305 0.63671875
vt 0.3984375 0.61279297
vt 0.48120117 0.5629883
vt 0.48364258 0.55371094
vt 0.48046875 0.5527344
vt 0.47753906 0.56347656
vt 0.48583984 0.58251953
vt 0.4765625 0.56347656
vt 0.4794922 0.5527344
vt 0.46923828 0.5493164
vt 0.47973633 0.5834961
vt 0.48901367 0.6113281
vt 0.47802734 0.5830078
vt 0.46606445 0.5600586
vt 0.48046875 0.6118164
vt 0.48364258 0.6538086
vt 0.45410156 0.5566406
vt 0.45776367 0.54589844
vt 0.4580078 0.5761719
vt 0.47753906 0.61083984
vt 0.47680664 0.6425781
vt 0.47924805 0.65234375
vt 0.47338867 0.6411133
vt 0.45288086 0.55615234
vt 0.4567871 0.54589844
vt 0.45361328 0.5449219
vt 0.4501953 0.55371094
vt 0.43701172 0.56884766
vt 0.43481445 0.5683594
vt 0.43139648 0.5629883
vt 0.41845703 0.5859375
vt 0.41577148 0.58447266
vt 0.4099121 0.5786133
vt 0.44750977 0.60009766
vt 0.4375 0.6274414
vt 0.40356445 0.60595703
vt 0.40039062 0.6035156
vt 0.3869629 0.60498047
vt 0.39038086 0.6074219
vt 0.3984375 0.61279297
vt 0.43237305 0.63671875
vt 0.47265625 0.65185547
vt 0.47338867 0.6411133
vt 0.47265625 0.65185547
vt 0.43237305 0.63671875
vt 0.4375 0.6274414
vt 0.44750977 0.60009766
vt 0.3984375 0.61279297
vt 0.40356445 0.60595703
vt 0.47753906 0.61083984
vt 0.48046875 0.6118164
vt 0.47680664 0.6425781
vt 0.47924805 0.65234375
vt 0.48364258 0.6538086
vt 0.48901367 0.6113281
vt 0.48583984 0.58251953
vt 0.47973633 0.5834961
vt 0.48120117 0.5629883
vt 0.47802734 0.5830078
vt 0.47753906 0.56347656
vt 0.48364258 0.55371094
vt 0.48046875 0.5527344
vt 0.4794922 0.5527344
vt 0.4765625 0.56347656
vt 0.4580078 0.5761719
vt 0.46606445 0.5600586
vt 0.46923828 0.5493164
vt 0.45776367 0.54589844
vt 0.43701172 0.56884766
vt 0.45410156 0.5566406
vt 0.4567871 0.54589844
vt 0.45288086 0.55615234
vt 0.41845703 0.5859375
vt 0.4501953 0.55371094
vt 0.45361328 0.5449219
vt 0.43139648 0.5629883
vt 0.43481445 0.5683594
vt 0.4099121 0.5786133
vt 0.41577148 0.58447266
vt 0.3869629 0.60498047
vt 0.40039062 0.6035156
vt 0.39038086 0.6074219
vt 0.49243164 0.8432617
vt 0.49243164 0.8408203
vt 0.49243164 0.8432617
vt 0.49243164 0.8408203
vt 0.49267578 0.8432617
vt 0.49194336 0.7871094
vt 0.49194336 0.7871094
vt 0.49194336 0.78466797
vt 0.49243164 0.8408203
vt 0.49267578 0.8432617
vt 0.49267578 0.8408203
vt 0.49291992 0.8432617
vt 0.49291992 0.8408203
vt 0.49291992 0.8432617
vt 0.49291992 0.8408203
vt 0.49316406 0.8432617
vt 0.49316406 0.8408203
vt 0.49316406 0.8432617
vt 0.49316406 0.8408203
vt 0.49316406 0.8432617
vt 0.49316406 0.8408203
vt 0.49365234 0.7871094
vt 0.49365234 0.7871094
vt 0.49365234 0.78466797
vt 0.49365234 0.78466797
vt 0.49365234 0.7763672
vt 0.49365234 0.7763672
vt 0.49365234 0.77001953
vt 0.49365234 0.78466797
vt 0.49365234 0.7871094
vt 0.4934082 0.7871094
vt 0.49365234 0.78466797
vt 0.49365234 0.77001953
vt 0.49365234 0.7763672
vt 0.49365234 0.7763672
vt 0.49365234 0.76708984
vt 0.49365234 0.76708984
vt 0.49316406 0.6982422
vt 0.4934082 0.7871094
vt 0.4934082 0.78466797
vt 0.49316406 0.7871094
vt 0.4934082 0.7763672
vt 0.4934082 0.78466797
vt 0.4934082 0.7763672
vt 0.49365234 0.76708984
vt 0.49316406 0.6982422
vt 0.49365234 0.77001953
vt 0.49365234 0.77001953
vt 0.4934082 0.76708984
vt 0.49316406 0.6982422
vt 0.4934082 0.76660156
vt 0.4934082 0.77001953
vt 0.49316406 0.6982422
vt 0.49316406 0.6982422
vt 0.49291992 0.69873047
vt 0.49316406 0.6982422
vt 0.49316406 0.76660156
vt 0.4934082 0.77001953
vt 0.49316406 0.76660156
vt 0.49316406 0.77001953
vt 0.49291992 0.69921875
vt 0.49291992 0.69873047
vt 0.49291992 0.76660156
vt 0.49316406 0.7763672
vt 0.49291992 0.69921875
vt 0.49267578 0.69873047
vt 0.49291992 0.77001953
vt 0.49316406 0.78466797
vt 0.49267578 0.6982422
vt 0.49267578 0.6982422
vt 0.49267578 0.69873047
vt 0.49291992 0.76660156
vt 0.49291992 0.7763672
vt 0.49316406 0.7871094
vt 0.49267578 0.6982422
vt 0.49267578 0.76660156
vt 0.49291992 0.77001953
vt 0.49291992 0.78466797
vt 0.49291992 0.7871094
vt 0.49291992 0.7763672
vt 0.49267578 0.77001953
vt 0.49243164 0.76660156
vt 0.49291992 0.78466797
vt 0.49291992 0.7871094
vt 0.49243164 0.76708984
vt 0.49267578 0.7763672
vt 0.49243164 0.77001953
vt 0.49267578 0.7871094
vt 0.49267578 0.78466797
vt 0.49243164 0.7763672
vt 0.49243164 0.78466797
vt 0.49243164 0.7871094
vt 0.49243164 0.78466797
vt 0.49243164 0.7871094
vt 0.49243164 0.7763672
vt 0.4921875 0.78466797
vt 0.4921875 0.7871094
vt 0.49243164 0.77001953
vt 0.4921875 0.7871094
vt 0.4921875 0.7763672
vt 0.4921875 0.78466797
vt 0.4921875 0.76708984
vt 0.4921875 0.7871094
vt 0.4921875 0.78466797
vt 0.49194336 0.78466797
vt 0.4921875 0.7763672
vt 0.4921875 0.77001953
vt 0.4921875 0.76708984
vt 0.49194336 0.7763672
vt 0.49194336 0.7763672
vt 0.49194336 0.7763672
vt 0.4921875 0.77001953
vt 0.49267578 0.6982422
vt 0.49267578 0.6982422
vt 0.49194336 0.77001953
vt 0.49194336 0.77001953
vt 0.49194336 0.76708984
vt 0.4921875 0.77001953
vt 0.4921875 0.76708984
vt 0.49194336 0.76708984
vt 0.14477539 0.122924805
vt 0.13952637 0.14526367
vt 0.15209961 0.12768555
vt 0.1274414 0.13598633
vt 0.13122559 0.11450195
vt 0.12261963 0.14196777
vt 0.10028076 0.1538086
vt 0.11663818 0.12658691
vt 0.12359619 0.109802246
vt 0.11419678 0.1427002
vt 0.107910156 0.119384766
vt 0.11584473 0.10498047
vt 0.10845947 0.13720703
vt 0.08618164 0.111206055
vt 0.08758545 0.09503174
vt 0.10046387 0.14660645
vt 0.09942627 0.12939453
vt 0.06774902 0.103759766
vt 0.06866455 0.08947754
vt 0.034698486 0.08746338
vt 0.034820557 0.099975586
vt 0.05984497 0.11883545
vt 0.034942627 0.11242676
vt 0.0395813 0.13085938
vt 0.031799316 0.119506836
vt 0.020324707 0.1348877
vt 0.08123779 0.11932373
vt 0.09100342 0.1394043
vt 0.023010254 0.13977051
vt 0.006061554 0.14807129
vt 0.021820068 0.14880371
vt 0.01889038 0.15637207
vt 0.039489746 0.1538086
vt 0.035858154 0.16271973
vt 0.041503906 0.14404297
vt 0.053527832 0.16113281
vt 0.048950195 0.17248535
vt 0.0637207 0.17687988
vt 0.090270996 0.15185547
vt 0.0519104 0.13549805
vt 0.059448242 0.1508789
vt 0.06640625 0.1652832
vt 0.074035645 0.1776123
vt 0.07775879 0.16491699
vt 0.07055664 0.15710449
vt 0.06536865 0.140625
vt 0.07080078 0.1340332
vt 0.08343506 0.15979004
vt 0.07647705 0.15063477
vt 0.07757568 0.15820312
vt 0.083740234 0.14501953
vt 0.076293945 0.1274414
vt 0.14477539 0.122924805
vt 0.15209961 0.12768555
vt 0.13952637 0.14526367
vt 0.1274414 0.13598633
vt 0.13122559 0.11450195
vt 0.12261963 0.14196777
vt 0.10028076 0.1538086
vt 0.11663818 0.12658691
vt 0.12359619 0.109802246
vt 0.11419678 0.1427002
vt 0.107910156 0.119384766
vt 0.11584473 0.10498047
vt 0.10845947 0.13720703
vt 0.08618164 0.111206055
vt 0.08758545 0.09503174
vt 0.10046387 0.14660645
vt 0.09942627 0.12939453
vt 0.06774902 0.103759766
vt 0.06866455 0.08947754
vt 0.034698486 0.08746338
vt 0.034820557 0.099975586
vt 0.05984497 0.11883545
vt 0.034942627 0.11242676
vt 0.0395813 0.13085938
vt 0.031799316 0.119506836
vt 0.020324707 0.1348877
vt 0.08123779 0.11932373
vt 0.09100342 0.1394043
vt 0.023010254 0.13977051
vt 0.006061554 0.14807129
vt 0.021820068 0.14880371
vt 0.01889038 0.15637207
vt 0.039489746 0.1538086
vt 0.035858154 0.16271973
vt 0.041503906 0.14404297
vt 0.053527832 0.16113281
vt 0.048950195 0.17248535
vt 0.0637207 0.17687988
vt 0.090270996 0.15185547
vt 0.0519104 0.13549805
vt 0.059448242 0.1508789
vt 0.06640625 0.1652832
vt 0.074035645 0.1776123
vt 0.07775879 0.16491699
vt 0.07055664 0.15710449
vt 0.06536865 0.140625
vt 0.07080078 0.1340332
vt 0.08343506 0.15979004
vt 0.07647705 0.15063477
vt 0.07757568 0.15820312
vt 0.083740234 0.14501953
vt 0.076293945 0.1274414
vt 0.21569824 0.5463867
vt 0.24645996 0.55078125
vt 0.23986816 0.5439453
vt 0.2175293 0.53564453
vt 0.23254395 0.5341797
vt 0.19140625 0.5439453
vt 0.22766113 0.52441406
vt 0.19360352 0.5292969
vt 0.16711426 0.5385742
vt 0.22131348 0.52246094
vt 0.22436523 0.5151367
vt 0.20007324 0.5048828
vt 0.22460938 0.5107422
vt 0.22546387 0.50878906
vt 0.19714355 0.5136719
vt 0.1694336 0.52246094
vt 0.14294434 0.53271484
vt 0.1730957 0.5029297
vt 0.14672852 0.5151367
vt 0.12298584 0.52783203
vt 0.12524414 0.5083008
vt 0.10333252 0.5229492
vt 0.15124512 0.4934082
vt 0.17614746 0.49169922
vt 0.10571289 0.50341797
vt 0.084106445 0.5185547
vt 0.2076416 0.49121094
vt 0.12634277 0.48242188
vt 0.12988281 0.4794922
vt 0.10656738 0.47998047
vt 0.086120605 0.5
vt 0.062927246 0.5136719
vt 0.0869751 0.4777832
vt 0.15527344 0.4807129
vt 0.12890625 0.4699707
vt 0.15014648 0.44628906
vt 0.12536621 0.45996094
vt 0.06323242 0.49609375
vt 0.028442383 0.5083008
vt 0.06286621 0.47558594
vt 0.028442383 0.4951172
vt 0.05050659 0.47607422
vt 0.028442383 0.4765625
vt 0.18493652 0.4716797
vt 0.16674805 0.4567871
vt 0.18200684 0.43847656
vt 0.2154541 0.4807129
vt 0.19702148 0.4555664
vt 0.23046875 0.50439453
vt 0.23742676 0.51171875
vt 0.2388916 0.49926758
vt 0.25341797 0.5185547
vt 0.20544434 0.44848633
vt 0.19152832 0.4309082
vt 0.22351074 0.47509766
vt 0.24719238 0.4963379
vt 0.23815918 0.47045898
vt 0.26489258 0.5161133
vt 0.2692871 0.52978516
vt 0.25756836 0.49291992
vt 0.25048828 0.46704102
vt 0.21716309 0.44433594
vt 0.2319336 0.4411621
vt 0.24645996 0.43945312
vt 0.203125 0.42333984
vt 0.23461914 0.4194336
vt 0.24768066 0.4189453
vt 0.2208252 0.42578125
vt 0.22070312 0.41796875
vt 0.23059082 0.41381836
vt 0.21240234 0.41577148
vt 0.22070312 0.41210938
vt 0.22888184 0.40698242
vt 0.2277832 0.40551758
vt 0.22045898 0.4104004
vt 0.21862793 0.41210938
vt 0.21923828 0.4104004
vt 0.21203613 0.40356445
vt 0.21032715 0.40429688
vt 0.21069336 0.39746094
vt 0.203125 0.40698242
vt 0.20874023 0.39746094
vt 0.18945312 0.41015625
vt 0.20983887 0.39379883
vt 0.21154785 0.39453125
vt 0.19885254 0.39746094
vt 0.17480469 0.41333008
vt 0.2175293 0.38867188
vt 0.21887207 0.39013672
vt 0.20544434 0.38305664
vt 0.21850586 0.3815918
vt 0.21740723 0.37353516
vt 0.19360352 0.37524414
vt 0.22033691 0.35913086
vt 0.19897461 0.35668945
vt 0.17480469 0.35009766
vt 0.16320801 0.3803711
vt 0.14880371 0.3408203
vt 0.19909668 0.39111328
vt 0.18359375 0.3869629
vt 0.17919922 0.3996582
vt 0.14672852 0.4104004
vt 0.12866211 0.40161133
vt 0.13989258 0.37158203
vt 0.11834717 0.36401367
vt 0.12487793 0.33398438
vt 0.09667969 0.35864258
vt 0.10021973 0.3305664
vt 0.07727051 0.33081055
vt 0.16540527 0.42358398
vt 0.13061523 0.43652344
vt 0.1204834 0.45532227
vt 0.11505127 0.43066406
vt 0.10662842 0.44995117
vt 0.09906006 0.4255371
vt 0.091308594 0.44384766
vt 0.07513428 0.35668945
vt 0.054260254 0.33251953
vt 0.11071777 0.3947754
vt 0.08294678 0.42138672
vt 0.07635498 0.43774414
vt 0.09161377 0.38989258
vt 0.07043457 0.38623047
vt 0.064208984 0.41674805
vt 0.05984497 0.43115234
vt 0.049468994 0.41333008
vt 0.051696777 0.3828125
vt 0.047058105 0.42651367
vt 0.05142212 0.4309082
vt 0.046295166 0.43237305
vt 0.03302002 0.42456055
vt 0.03375244 0.41088867
vt 0.034088135 0.3815918
vt 0.052581787 0.3552246
vt 0.033996582 0.3540039
vt 0.03286743 0.33618164
vt 0.62402344 0.20458984
vt 0.60839844 0.20996094
vt 0.6176758 0.21801758
vt 0.61572266 0.19763184
vt 0.6171875 0.18908691
vt 0.4182129 0.37695312
vt 0.4182129 0.37548828
vt 0.39624023 0.3786621
vt 0.3959961 0.3798828
vt 0.3708496 0.38256836
vt 0.41796875 0.37841797
vt 0.39575195 0.38110352
vt 0.3708496 0.38378906
vt 0.33764648 0.3840332
vt 0.33740234 0.38623047
vt 0.37060547 0.38500977
vt 0.38720703 0.41479492
vt 0.36499023 0.4140625
vt 0.3005371 0.3852539
vt 0.3005371 0.3828125
vt 0.33666992 0.38842773
vt 0.26367188 0.3840332
vt 0.2631836 0.38085938
vt 0.26464844 0.3894043
vt 0.30078125 0.38891602
vt 0.26782227 0.40014648
vt 0.33276367 0.41137695
vt 0.2998047 0.4086914
vt 0.27172852 0.4128418
vt 0.2993164 0.4230957
vt 0.27685547 0.42626953
vt 0.3305664 0.4230957
vt 0.35986328 0.43115234
vt 0.38012695 0.43579102
vt 0.30004883 0.43676758
vt 0.3269043 0.43554688
vt 0.3544922 0.44604492
vt 0.30078125 0.44677734
vt 0.2800293 0.43652344
vt 0.3232422 0.44726562
vt 0.31958008 0.4572754
vt 0.3486328 0.45898438
vt 0.3425293 0.47070312
vt 0.35913086 0.4807129
vt 0.36645508 0.46655273
vt 0.37548828 0.49072266
vt 0.37329102 0.45214844
vt 0.3930664 0.4580078
vt 0.38476562 0.47436523
vt 0.38256836 0.49487305
vt 0.39257812 0.47680664
vt 0.3947754 0.47802734
vt 0.38476562 0.49609375
vt 0.4033203 0.46166992
vt 0.40112305 0.46069336
vt 0.39379883 0.45532227
vt 0.40185547 0.45825195
vt 0.39916992 0.43945312
vt 0.40185547 0.44018555
vt 0.3955078 0.45874023
vt 0.40771484 0.41577148
vt 0.4050293 0.4152832
vt 0.3869629 0.41479492
vt 0.40478516 0.41259766
vt 0.4008789 0.41430664
vt 0.39990234 0.4116211
vt 0.40551758 0.41137695
vt 0.40356445 0.40942383
vt 0.40844727 0.40698242
vt 0.40600586 0.40551758
vt 0.41967773 0.38012695
vt 0.41918945 0.3779297
vt 0.42041016 0.3774414
vt 0.40307617 0.5151367
vt 0.4248047 0.5205078
vt 0.42358398 0.5234375
vt 0.40112305 0.5205078
vt 0.4025879 0.54296875
vt 0.3984375 0.54541016
vt 0.3935547 0.5463867
vt 0.3786621 0.5078125
vt 0.38061523 0.54345703
vt 0.37426758 0.51416016
vt 0.34814453 0.49365234
vt 0.34448242 0.5
vt 0.36035156 0.5332031
vt 0.31323242 0.4807129
vt 0.31518555 0.4753418
vt 0.28149414 0.4584961
vt 0.28125 0.47387695
vt 0.30541992 0.50097656
vt 0.28051758 0.49487305
vt 0.3330078 0.51708984
vt 0.29907227 0.5136719
vt 0.27929688 0.5180664
vt 0.32617188 0.52685547
vt 0.3486328 0.5463867
vt 0.36523438 0.5595703
vt 0.2939453 0.5258789
vt 0.28979492 0.53466797
vt 0.3173828 0.5361328
vt 0.3088379 0.5449219
vt 0.30126953 0.5522461
vt 0.3371582 0.5571289
vt 0.32641602 0.56640625
vt 0.31591797 0.57421875
vt 0.3395996 0.58154297
vt 0.3269043 0.5913086
vt 0.33764648 0.60791016
vt 0.35205078 0.57177734
vt 0.35302734 0.5966797
vt 0.34228516 0.6147461
vt 0.35913086 0.60253906
vt 0.36767578 0.5859375
vt 0.3737793 0.5917969
vt 0.38134766 0.57128906
vt 0.39672852 0.5517578
vt 0.49023438 0.48828125
vt 0.48901367 0.5131836
vt 0.49121094 0.5131836
vt 0.48754883 0.4880371
vt 0.49023438 0.48388672
vt 0.47998047 0.4921875
vt 0.47827148 0.51220703
vt 0.48754883 0.48364258
vt 0.48828125 0.44311523
vt 0.47973633 0.48657227
vt 0.4855957 0.44360352
vt 0.48828125 0.4416504
vt 0.47314453 0.49267578
vt 0.47265625 0.51123047
vt 0.47021484 0.51123047
vt 0.47314453 0.48657227
vt 0.4855957 0.4423828
vt 0.4868164 0.43847656
vt 0.48095703 0.43969727
vt 0.4855957 0.4387207
vt 0.4855957 0.43530273
vt 0.46923828 0.49291992
vt 0.46240234 0.51171875
vt 0.48095703 0.43798828
vt 0.4868164 0.43115234
vt 0.46923828 0.4868164
vt 0.45947266 0.49194336
vt 0.45361328 0.51220703
vt 0.4543457 0.4873047
vt 0.46020508 0.48754883
vt 0.45458984 0.48364258
vt 0.4729004 0.4350586
vt 0.46899414 0.4350586
vt 0.46899414 0.4333496
vt 0.4729004 0.4333496
vt 0.4716797 0.4230957
vt 0.46142578 0.4399414
vt 0.45581055 0.44506836
vt 0.46142578 0.43823242
vt 0.45581055 0.44360352
vt 0.45483398 0.43115234
vt 0.4584961 0.42871094
vt 0.44580078 0.41381836
vt 0.48242188 0.42797852
vt 0.49291992 0.4140625
vt 0.44921875 0.41088867
vt 0.43847656 0.39672852
vt 0.46118164 0.4267578
vt 0.47998047 0.4260254
vt 0.4885254 0.4111328
vt 0.49829102 0.39575195
vt 0.49438477 0.39404297
vt 0.49853516 0.3828125
vt 0.44213867 0.39501953
vt 0.43725586 0.38452148
vt 0.43969727 0.38427734
vt 0.44018555 0.37817383
vt 0.44506836 0.39379883
vt 0.44140625 0.38354492
vt 0.4440918 0.38256836
vt 0.44921875 0.39208984
vt 0.45239258 0.4091797
vt 0.45507812 0.40795898
vt 0.46166992 0.4243164
vt 0.46264648 0.42285156
vt 0.46899414 0.42333984
vt 0.46728516 0.40454102
vt 0.46264648 0.40185547
vt 0.46142578 0.3869629
vt 0.4658203 0.38720703
vt 0.46557617 0.37426758
vt 0.46313477 0.37402344
vt 0.46606445 0.3684082
vt 0.46704102 0.37426758
vt 0.46948242 0.37353516
vt 0.47338867 0.38623047
vt 0.46850586 0.38720703
vt 0.4699707 0.40429688
vt 0.47558594 0.40356445
vt 0.47827148 0.42236328
vt 0.47924805 0.42358398
vt 0.4855957 0.40942383
vt 0.48339844 0.40795898
vt 0.48754883 0.39282227
vt 0.49145508 0.39282227
vt 0.49267578 0.38134766
vt 0.4963379 0.38305664
vt 0.49609375 0.37670898
vt 0.4946289 0.38232422
vt 0.54248047 0.4013672
vt 0.5385742 0.4116211
vt 0.54541016 0.40234375
vt 0.54785156 0.40478516
vt 0.55322266 0.3881836
vt 0.55078125 0.3864746
vt 0.55029297 0.40625
vt 0.5415039 0.41381836
vt 0.5390625 0.4152832
vt 0.55566406 0.38916016
vt 0.55810547 0.3708496
vt 0.55615234 0.37036133
vt 0.55859375 0.36206055
vt 0.55322266 0.40795898
vt 0.56103516 0.3713379
vt 0.5595703 0.38964844
vt 0.5644531 0.3725586
vt 0.56347656 0.3618164
vt 0.56103516 0.3623047
vt 0.5605469 0.3564453
vt 0.5595703 0.36206055
vt 0.54248047 0.41503906
vt 0.54345703 0.41625977
vt 0.54052734 0.4165039
vt 0.54052734 0.4169922
vt 0.5410156 0.4177246
vt 0.5390625 0.41918945
vt 0.53759766 0.41674805
vt 0.5371094 0.41723633
vt 0.5366211 0.41796875
vt 0.5361328 0.4140625
vt 0.53515625 0.4152832
vt 0.53466797 0.41674805
vt 0.5253906 0.4099121
vt 0.5283203 0.4074707
vt 0.51953125 0.39282227
vt 0.52246094 0.3918457
vt 0.53027344 0.40527344
vt 0.5161133 0.37524414
vt 0.5131836 0.37573242
vt 0.5126953 0.36450195
vt 0.52490234 0.38989258
vt 0.53222656 0.40307617
vt 0.53466797 0.40185547
vt 0.5263672 0.38867188
vt 0.5366211 0.40185547
vt 0.5185547 0.37451172
vt 0.52001953 0.37402344
vt 0.51660156 0.36376953
vt 0.51464844 0.3642578
vt 0.5151367 0.35864258
vt 0.515625 0.36376953
vt 0.5366211 0.38232422
vt 0.53466797 0.38232422
vt 0.54003906 0.40185547
vt 0.5385742 0.4074707
vt 0.54248047 0.4013672
vt 0.54003906 0.38232422
vt 0.54248047 0.37963867
vt 0.5366211 0.36523438
vt 0.53466797 0.36499023
vt 0.54052734 0.36523438
vt 0.54248047 0.36499023
vt 0.54052734 0.3540039
vt 0.5366211 0.35424805
vt 0.53515625 0.35327148
vt 0.5385742 0.34887695
vt 0.53759766 0.35424805
vt 0.5395508 0.35424805
vt 0.21569824 0.5463867
vt 0.23986816 0.5439453
vt 0.24645996 0.55078125
vt 0.2175293 0.53564453
vt 0.23254395 0.5341797
vt 0.19140625 0.5439453
vt 0.22766113 0.52441406
vt 0.19360352 0.5292969
vt 0.16711426 0.5385742
vt 0.22131348 0.52246094
vt 0.22436523 0.5151367
vt 0.20007324 0.5048828
vt 0.22460938 0.5107422
vt 0.22546387 0.50878906
vt 0.19714355 0.5136719
vt 0.1694336 0.52246094
vt 0.14294434 0.53271484
vt 0.1730957 0.5029297
vt 0.14672852 0.5151367
vt 0.12298584 0.52783203
vt 0.12524414 0.5083008
vt 0.10333252 0.5229492
vt 0.15124512 0.4934082
vt 0.17614746 0.49169922
vt 0.10571289 0.50341797
vt 0.084106445 0.5185547
vt 0.2076416 0.49121094
vt 0.12634277 0.48242188
vt 0.12988281 0.4794922
vt 0.10656738 0.47998047
vt 0.086120605 0.5
vt 0.062927246 0.5136719
vt 0.0869751 0.4777832
vt 0.15527344 0.4807129
vt 0.12890625 0.4699707
vt 0.15014648 0.44628906
vt 0.12536621 0.45996094
vt 0.06323242 0.49609375
vt 0.028442383 0.5083008
vt 0.06286621 0.47558594
vt 0.028442383 0.4951172
vt 0.05050659 0.47607422
vt 0.028442383 0.4765625
vt 0.18493652 0.4716797
vt 0.16674805 0.4567871
vt 0.13061523 0.43652344
vt 0.1204834 0.45532227
vt 0.18200684 0.43847656
vt 0.11505127 0.43066406
vt 0.12866211 0.40161133
vt 0.10662842 0.44995117
vt 0.09906006 0.4255371
vt 0.091308594 0.44384766
vt 0.14672852 0.4104004
vt 0.16320801 0.3803711
vt 0.16540527 0.42358398
vt 0.17480469 0.41333008
vt 0.08294678 0.42138672
vt 0.07635498 0.43774414
vt 0.17919922 0.3996582
vt 0.064208984 0.41674805
vt 0.05984497 0.43115234
vt 0.19152832 0.4309082
vt 0.18945312 0.41015625
vt 0.19702148 0.4555664
vt 0.2154541 0.4807129
vt 0.20544434 0.44848633
vt 0.203125 0.42333984
vt 0.23046875 0.50439453
vt 0.23742676 0.51171875
vt 0.2388916 0.49926758
vt 0.25341797 0.5185547
vt 0.22351074 0.47509766
vt 0.21716309 0.44433594
vt 0.23815918 0.47045898
vt 0.24719238 0.4963379
vt 0.26489258 0.5161133
vt 0.2692871 0.52978516
vt 0.25756836 0.49291992
vt 0.25048828 0.46704102
vt 0.2319336 0.4411621
vt 0.24645996 0.43945312
vt 0.2208252 0.42578125
vt 0.23461914 0.4194336
vt 0.24768066 0.4189453
vt 0.22070312 0.41796875
vt 0.23059082 0.41381836
vt 0.21240234 0.41577148
vt 0.22070312 0.41210938
vt 0.22888184 0.40698242
vt 0.2277832 0.40551758
vt 0.22045898 0.4104004
vt 0.21862793 0.41210938
vt 0.21923828 0.4104004
vt 0.21203613 0.40356445
vt 0.21032715 0.40429688
vt 0.21069336 0.39746094
vt 0.203125 0.40698242
vt 0.20874023 0.39746094
vt 0.19885254 0.39746094
vt 0.20983887 0.39379883
vt 0.21154785 0.39453125
vt 0.18359375 0.3869629
vt 0.19360352 0.37524414
vt 0.19909668 0.39111328
vt 0.2175293 0.38867188
vt 0.21887207 0.39013672
vt 0.20544434 0.38305664
vt 0.21850586 0.3815918
vt 0.21740723 0.37353516
vt 0.22033691 0.35913086
vt 0.19897461 0.35668945
vt 0.17480469 0.35009766
vt 0.14880371 0.3408203
vt 0.13989258 0.37158203
vt 0.11834717 0.36401367
vt 0.12487793 0.33398438
vt 0.09667969 0.35864258
vt 0.10021973 0.3305664
vt 0.07727051 0.33081055
vt 0.11071777 0.3947754
vt 0.09161377 0.38989258
vt 0.07043457 0.38623047
vt 0.07513428 0.35668945
vt 0.054260254 0.33251953
vt 0.049468994 0.41333008
vt 0.051696777 0.3828125
vt 0.052581787 0.3552246
vt 0.033996582 0.3540039
vt 0.03286743 0.33618164
vt 0.034088135 0.3815918
vt 0.03375244 0.41088867
vt 0.047058105 0.42651367
vt 0.05142212 0.4309082
vt 0.03302002 0.42456055
vt 0.046295166 0.43237305
vt 0.62402344 0.20458984
vt 0.6176758 0.21801758
vt 0.60839844 0.20996094
vt 0.61572266 0.19763184
vt 0.6171875 0.18908691
vt 0.4182129 0.37695312
vt 0.39624023 0.3786621
vt 0.4182129 0.37548828
vt 0.3959961 0.3798828
vt 0.3708496 0.38256836
vt 0.41796875 0.37841797
vt 0.39575195 0.38110352
vt 0.3708496 0.38378906
vt 0.33764648 0.3840332
vt 0.33740234 0.38623047
vt 0.37060547 0.38500977
vt 0.38720703 0.41479492
vt 0.36499023 0.4140625
vt 0.3005371 0.3852539
vt 0.3005371 0.3828125
vt 0.33666992 0.38842773
vt 0.26367188 0.3840332
vt 0.2631836 0.38085938
vt 0.26464844 0.3894043
vt 0.30078125 0.38891602
vt 0.26782227 0.40014648
vt 0.33276367 0.41137695
vt 0.2998047 0.4086914
vt 0.27172852 0.4128418
vt 0.2993164 0.4230957
vt 0.27685547 0.42626953
vt 0.3305664 0.4230957
vt 0.35986328 0.43115234
vt 0.38012695 0.43579102
vt 0.30004883 0.43676758
vt 0.3269043 0.43554688
vt 0.3544922 0.44604492
vt 0.30078125 0.44677734
vt 0.2800293 0.43652344
vt 0.3232422 0.44726562
vt 0.31958008 0.4572754
vt 0.3486328 0.45898438
vt 0.3425293 0.47070312
vt 0.35913086 0.4807129
vt 0.36645508 0.46655273
vt 0.37548828 0.49072266
vt 0.37329102 0.45214844
vt 0.3930664 0.4580078
vt 0.38476562 0.47436523
vt 0.38256836 0.49487305
vt 0.39257812 0.47680664
vt 0.3947754 0.47802734
vt 0.38476562 0.49609375
vt 0.4033203 0.46166992
vt 0.40112305 0.46069336
vt 0.39379883 0.45532227
vt 0.40185547 0.45825195
vt 0.39916992 0.43945312
vt 0.40185547 0.44018555
vt 0.3955078 0.45874023
vt 0.40771484 0.41577148
vt 0.4050293 0.4152832
vt 0.3869629 0.41479492
vt 0.40478516 0.41259766
vt 0.4008789 0.41430664
vt 0.39990234 0.4116211
vt 0.40551758 0.41137695
vt 0.40356445 0.40942383
vt 0.40844727 0.40698242
vt 0.40600586 0.40551758
vt 0.41967773 0.38012695
vt 0.41918945 0.3779297
vt 0.42041016 0.3774414
vt 0.40307617 0.5151367
vt 0.42358398 0.5234375
vt 0.4248047 0.5205078
vt 0.40112305 0.5205078
vt 0.4025879 0.54296875
vt 0.3984375 0.54541016
vt 0.3935547 0.5463867
vt 0.3786621 0.5078125
vt 0.38061523 0.54345703
vt 0.37426758 0.51416016
vt 0.34814453 0.49365234
vt 0.34448242 0.5
vt 0.36035156 0.5332031
vt 0.31323242 0.4807129
vt 0.31518555 0.4753418
vt 0.28149414 0.4584961
vt 0.28125 0.47387695
vt 0.30541992 0.50097656
vt 0.28051758 0.49487305
vt 0.3330078 0.51708984
vt 0.29907227 0.5136719
vt 0.27929688 0.5180664
vt 0.32617188 0.52685547
vt 0.3486328 0.5463867
vt 0.36523438 0.5595703
vt 0.2939453 0.5258789
vt 0.28979492 0.53466797
vt 0.3173828 0.5361328
vt 0.3088379 0.5449219
vt 0.30126953 0.5522461
vt 0.3371582 0.5571289
vt 0.32641602 0.56640625
vt 0.31591797 0.57421875
vt 0.3395996 0.58154297
vt 0.3269043 0.5913086
vt 0.33764648 0.60791016
vt 0.35205078 0.57177734
vt 0.35302734 0.5966797
vt 0.34228516 0.6147461
vt 0.35913086 0.60253906
vt 0.36767578 0.5859375
vt 0.3737793 0.5917969
vt 0.38134766 0.57128906
vt 0.39672852 0.5517578
vt 0.49023438 0.48828125
vt 0.49121094 0.5131836
vt 0.48901367 0.5131836
vt 0.48754883 0.4880371
vt 0.49023438 0.48388672
vt 0.47998047 0.4921875
vt 0.47827148 0.51220703
vt 0.48754883 0.48364258
vt 0.48828125 0.44311523
vt 0.47973633 0.48657227
vt 0.4855957 0.44360352
vt 0.48828125 0.4416504
vt 0.47314453 0.49267578
vt 0.47265625 0.51123047
vt 0.47021484 0.51123047
vt 0.47314453 0.48657227
vt 0.4855957 0.4423828
vt 0.4868164 0.43847656
vt 0.48095703 0.43969727
vt 0.4855957 0.4387207
vt 0.4855957 0.43530273
vt 0.46923828 0.49291992
vt 0.46240234 0.51171875
vt 0.48095703 0.43798828
vt 0.4868164 0.43115234
vt 0.46923828 0.4868164
vt 0.45947266 0.49194336
vt 0.45361328 0.51220703
vt 0.4543457 0.4873047
vt 0.46020508 0.48754883
vt 0.45458984 0.48364258
vt 0.4729004 0.4350586
vt 0.46899414 0.4350586
vt 0.46899414 0.4333496
vt 0.4729004 0.4333496
vt 0.4716797 0.4230957
vt 0.46142578 0.4399414
vt 0.45581055 0.44506836
vt 0.46142578 0.43823242
vt 0.45581055 0.44360352
vt 0.45483398 0.43115234
vt 0.4584961 0.42871094
vt 0.44580078 0.41381836
vt 0.48242188 0.42797852
vt 0.49291992 0.4140625
vt 0.44921875 0.41088867
vt 0.43847656 0.39672852
vt 0.46118164 0.4267578
vt 0.47998047 0.4260254
vt 0.4885254 0.4111328
vt 0.49829102 0.39575195
vt 0.49438477 0.39404297
vt 0.49853516 0.3828125
vt 0.44213867 0.39501953
vt 0.43725586 0.38452148
vt 0.43969727 0.38427734
vt 0.44018555 0.37817383
vt 0.44506836 0.39379883
vt 0.44140625 0.38354492
vt 0.4440918 0.38256836
vt 0.44921875 0.39208984
vt 0.45239258 0.4091797
vt 0.45507812 0.40795898
vt 0.46166992 0.4243164
vt 0.46264648 0.42285156
vt 0.46899414 0.42333984
vt 0.46728516 0.40454102
vt 0.46264648 0.40185547
vt 0.46142578 0.3869629
vt 0.4658203 0.38720703
vt 0.46557617 0.37426758
vt 0.46313477 0.37402344
vt 0.46606445 0.3684082
vt 0.46704102 0.37426758
vt 0.46948242 0.37353516
vt 0.47338867 0.38623047
vt 0.46850586 0.38720703
vt 0.4699707 0.40429688
vt 0.47558594 0.40356445
vt 0.47827148 0.42236328
vt 0.47924805 0.42358398
vt 0.4855957 0.40942383
vt 0.48339844 0.40795898
vt 0.48754883 0.39282227
vt 0.49145508 0.39282227
vt 0.49267578 0.38134766
vt 0.4963379 0.38305664
vt 0.49609375 0.37670898
vt 0.4946289 0.38232422
vt 0.54248047 0.4013672
vt 0.54541016 0.40234375
vt 0.5385742 0.4116211
vt 0.54785156 0.40478516
vt 0.55322266 0.3881836
vt 0.55078125 0.3864746
vt 0.55029297 0.40625
vt 0.5415039 0.41381836
vt 0.5390625 0.4152832
vt 0.55566406 0.38916016
vt 0.55810547 0.3708496
vt 0.55615234 0.37036133
vt 0.55859375 0.36206055
vt 0.55322266 0.40795898
vt 0.56103516 0.3713379
vt 0.5595703 0.38964844
vt 0.5644531 0.3725586
vt 0.56347656 0.3618164
vt 0.56103516 0.3623047
vt 0.5605469 0.3564453
vt 0.5595703 0.36206055
vt 0.54248047 0.41503906
vt 0.54345703 0.41625977
vt 0.54052734 0.4165039
vt 0.54052734 0.4169922
vt 0.5410156 0.4177246
vt 0.5390625 0.41918945
vt 0.53759766 0.41674805
vt 0.5371094 0.41723633
vt 0.5366211 0.41796875
vt 0.5361328 0.4140625
vt 0.53515625 0.4152832
vt 0.53466797 0.41674805
vt 0.5253906 0.4099121
vt 0.5283203 0.4074707
vt 0.51953125 0.39282227
vt 0.52246094 0.3918457
vt 0.53027344 0.40527344
vt 0.5161133 0.37524414
vt 0.5131836 0.37573242
vt 0.5126953 0.36450195
vt 0.52490234 0.38989258
vt 0.53222656 0.40307617
vt 0.53466797 0.40185547
vt 0.5263672 0.38867188
vt 0.5366211 0.40185547
vt 0.5185547 0.37451172
vt 0.52001953 0.37402344
vt 0.51660156 0.36376953
vt 0.51464844 0.3642578
vt 0.5151367 0.35864258
vt 0.515625 0.36376953
vt 0.5366211 0.38232422
vt 0.53466797 0.38232422
vt 0.54003906 0.40185547
vt 0.5385742 0.4074707
vt 0.54248047 0.4013672
vt 0.54003906 0.38232422
vt 0.54248047 0.37963867
vt 0.5366211 0.36523438
vt 0.53466797 0.36499023
vt 0.54052734 0.36523438
vt 0.54248047 0.36499023
vt 0.54052734 0.3540039
vt 0.5366211 0.35424805
vt 0.53515625 0.35327148
vt 0.5385742 0.34887695
vt 0.53759766 0.35424805
vt 0.5395508 0.35424805
vt 0.60595703 0.07055664
vt 0.6279297 0.09033203
vt 0.61621094 0.09338379
vt 0.6010742 0.07574463
vt 0.5810547 0.05178833
vt 0.58251953 0.048065186
vt 0.56689453 0.038330078
vt 0.5986328 0.078063965
vt 0.6147461 0.09844971
vt 0.57910156 0.05429077
vt 0.5649414 0.04095459
vt 0.59228516 0.095336914
vt 0.5649414 0.08465576
vt 0.6074219 0.123413086
vt 0.6123047 0.12359619
vt 0.6015625 0.14855957
vt 0.6118164 0.14868164
vt 0.61328125 0.17956543
vt 0.5830078 0.12225342
vt 0.5527344 0.031799316
vt 0.5522461 0.044281006
vt 0.55371094 0.029525757
vt 0.5541992 0.028366089
vt 0.54052734 0.027908325
vt 0.54052734 0.025436401
vt 0.54003906 0.02420044
vt 0.5258789 0.030914307
vt 0.5258789 0.032440186
vt 0.5439453 0.074401855
vt 0.5258789 0.035064697
vt 0.5161133 0.02923584
vt 0.5161133 0.027694702
vt 0.5234375 0.06903076
vt 0.515625 0.03173828
vt 0.50683594 0.02885437
vt 0.50634766 0.027359009
vt 0.5073242 0.038238525
vt 0.50683594 0.031341553
vt 0.49731445 0.032165527
vt 0.4963379 0.03074646
vt 0.48779297 0.036712646
vt 0.49829102 0.034454346
vt 0.4885254 0.03845215
vt 0.48876953 0.041015625
vt 0.50341797 0.06921387
vt 0.47851562 0.036071777
vt 0.47827148 0.034210205
vt 0.51708984 0.101745605
vt 0.47827148 0.03857422
vt 0.46899414 0.036376953
vt 0.46801758 0.03463745
vt 0.46948242 0.03881836
vt 0.45947266 0.040405273
vt 0.45825195 0.03878784
vt 0.47045898 0.044952393
vt 0.4831543 0.06933594
vt 0.46069336 0.042663574
vt 0.45166016 0.045837402
vt 0.45092773 0.043823242
vt 0.4519043 0.04840088
vt 0.4404297 0.041290283
vt 0.4404297 0.03918457
vt 0.49829102 0.101379395
vt 0.46313477 0.07086182
vt 0.4399414 0.04373169
vt 0.4267578 0.039611816
vt 0.4260254 0.037750244
vt 0.4272461 0.042053223
vt 0.4169922 0.043945312
vt 0.41577148 0.042388916
vt 0.40820312 0.05105591
vt 0.42773438 0.05255127
vt 0.4182129 0.04611206
vt 0.4086914 0.052978516
vt 0.44311523 0.07232666
vt 0.4086914 0.055358887
vt 0.3984375 0.043060303
vt 0.39868164 0.040985107
vt 0.42797852 0.07336426
vt 0.3972168 0.04534912
vt 0.38671875 0.055389404
vt 0.38208008 0.038330078
vt 0.38134766 0.036499023
vt 0.38208008 0.040740967
vt 0.36987305 0.042633057
vt 0.3684082 0.041229248
vt 0.3635254 0.050933838
vt 0.37109375 0.044677734
vt 0.3642578 0.052703857
vt 0.40844727 0.07458496
vt 0.34716797 0.037231445
vt 0.34765625 0.035369873
vt 0.36450195 0.05505371
vt 0.34594727 0.039520264
vt 0.32714844 0.029800415
vt 0.32666016 0.02810669
vt 0.3269043 0.032196045
vt 0.31445312 0.033325195
vt 0.31323242 0.03213501
vt 0.31030273 0.041656494
vt 0.33618164 0.050048828
vt 0.31591797 0.035339355
vt 0.31079102 0.043121338
vt 0.31103516 0.045410156
vt 0.30029297 0.03201294
vt 0.3010254 0.030380249
vt 0.29907227 0.034240723
vt 0.29589844 0.09210205
vt 0.28125 0.024871826
vt 0.28125 0.023239136
vt 0.2602539 0.023284912
vt 0.25976562 0.021743774
vt 0.28051758 0.027328491
vt 0.27392578 0.068725586
vt 0.24914551 0.024765015
vt 0.24829102 0.02357483
vt 0.24133301 0.033447266
vt 0.23999023 0.033233643
vt 0.24694824 0.04269409
vt 0.2602539 0.025817871
vt 0.25024414 0.026855469
vt 0.24926758 0.045135498
vt 0.2614746 0.05697632
vt 0.24365234 0.03387451
vt 0.24780273 0.0435791
vt 0.2277832 0.029693604
vt 0.22814941 0.02822876
vt 0.22680664 0.032073975
vt 0.20385742 0.022766113
vt 0.20397949 0.021316528
vt 0.20361328 0.025268555
vt 0.20361328 0.07330322
vt 0.22460938 0.08666992
vt 0.17919922 0.022994995
vt 0.17895508 0.021652222
vt 0.1796875 0.025482178
vt 0.16003418 0.028778076
vt 0.15930176 0.027770996
vt 0.23730469 0.09466553
vt 0.18359375 0.06060791
vt 0.16137695 0.03074646
vt 0.15258789 0.038726807
vt 0.15136719 0.038726807
vt 0.1607666 0.050476074
vt 0.16345215 0.04763794
vt 0.15478516 0.03869629
vt 0.16174316 0.04949951
vt 0.18103027 0.059265137
vt 0.18188477 0.059753418
vt 0.1628418 0.04840088
vt 0.16320801 0.047088623
vt 0.1619873 0.050842285
vt 0.13745117 0.041534424
vt 0.13757324 0.040222168
vt 0.10888672 0.040893555
vt 0.15893555 0.10510254
vt 0.13708496 0.044067383
vt 0.109069824 0.042175293
vt 0.07885742 0.04714966
vt 0.17993164 0.11584473
vt 0.13830566 0.09503174
vt 0.109375 0.044708252
vt 0.116882324 0.08642578
vt 0.0793457 0.04827881
vt 0.080322266 0.050567627
vt 0.060272217 0.059936523
vt 0.059265137 0.059417725
vt 0.059661865 0.068603516
vt 0.09454346 0.078430176
vt 0.062286377 0.06097412
vt 0.060668945 0.0680542
vt 0.07092285 0.07519531
vt 0.072509766 0.071777344
vt 0.06262207 0.066833496
vt 0.07147217 0.07409668
vt 0.09320068 0.082092285
vt 0.093688965 0.08087158
vt 0.11541748 0.090026855
vt 0.1159668 0.08880615
vt 0.13647461 0.09863281
vt 0.13720703 0.097351074
vt 0.15686035 0.10864258
vt 0.15771484 0.10736084
vt 0.17773438 0.119506836
vt 0.17883301 0.11810303
vt 0.19873047 0.13012695
vt 0.2010498 0.12646484
vt 0.19995117 0.12866211
vt 0.21179199 0.13623047
vt 0.2142334 0.13244629
vt 0.21313477 0.13476562
vt 0.22473145 0.1418457
vt 0.2265625 0.14050293
vt 0.2277832 0.1484375
vt 0.22839355 0.13867188
vt 0.22973633 0.1472168
vt 0.2541504 0.1616211
vt 0.23132324 0.14550781
vt 0.25585938 0.1595459
vt 0.27685547 0.17016602
vt 0.25024414 0.10253906
vt 0.25683594 0.15722656
vt 0.27905273 0.16784668
vt 0.30004883 0.17858887
vt 0.26831055 0.113342285
vt 0.26489258 0.12719727
vt 0.27978516 0.16540527
vt 0.28857422 0.12286377
vt 0.30249023 0.17578125
vt 0.3251953 0.18676758
vt 0.30322266 0.17333984
vt 0.31518555 0.1262207
vt 0.32788086 0.18359375
vt 0.35327148 0.19445801
vt 0.32861328 0.18115234
vt 0.3564453 0.1907959
vt 0.37890625 0.20043945
vt 0.31176758 0.11340332
vt 0.33789062 0.13977051
vt 0.32080078 0.10229492
vt 0.36450195 0.1665039
vt 0.3569336 0.18823242
vt 0.34033203 0.101501465
vt 0.38232422 0.19616699
vt 0.39453125 0.20397949
vt 0.3828125 0.19348145
vt 0.3125 0.08026123
vt 0.3293457 0.07720947
vt 0.3479004 0.078430176
vt 0.39794922 0.19897461
vt 0.40600586 0.20544434
vt 0.39819336 0.19641113
vt 0.35620117 0.105041504
vt 0.3696289 0.07836914
vt 0.40844727 0.19995117
vt 0.41430664 0.20483398
vt 0.40844727 0.19750977
vt 0.42773438 0.14489746
vt 0.41552734 0.19873047
vt 0.45703125 0.19042969
vt 0.41503906 0.19628906
vt 0.4580078 0.18383789
vt 0.4934082 0.18273926
vt 0.38671875 0.07635498
vt 0.40551758 0.09246826
vt 0.3864746 0.090026855
vt 0.3720703 0.10992432
vt 0.38256836 0.119262695
vt 0.39208984 0.13696289
vt 0.43139648 0.1081543
vt 0.4555664 0.10510254
vt 0.47802734 0.1027832
vt 0.46923828 0.14086914
vt 0.45776367 0.18127441
vt 0.50634766 0.13830566
vt 0.49560547 0.17370605
vt 0.4958496 0.17626953
vt 0.53027344 0.18225098
vt 0.53466797 0.17346191
vt 0.5341797 0.17602539
vt 0.5620117 0.18774414
vt 0.5654297 0.17871094
vt 0.5649414 0.18103027
vt 0.60058594 0.2006836
vt 0.60498047 0.19238281
vt 0.60839844 0.20605469
vt 0.61572266 0.19763184
vt 0.6147461 0.1928711
vt 0.60595703 0.18969727
vt 0.59521484 0.17919922
vt 0.5419922 0.14355469
vt 0.57470703 0.14807129
vt 0.55322266 0.11315918
vt 0.53515625 0.10595703
vt 0.60595703 0.07055664
vt 0.61621094 0.09338379
vt 0.6279297 0.09033203
vt 0.6010742 0.07574463
vt 0.5810547 0.05178833
vt 0.58251953 0.048065186
vt 0.5986328 0.078063965
vt 0.6147461 0.09844971
vt 0.56640625 0.039154053
vt 0.5673828 0.037506104
vt 0.57910156 0.05429077
vt 0.55371094 0.029525757
vt 0.5541992 0.028366089
vt 0.5649414 0.04095459
vt 0.5527344 0.031799316
vt 0.54052734 0.025436401
vt 0.54003906 0.02420044
vt 0.5258789 0.030914307
vt 0.5522461 0.044281006
vt 0.54052734 0.027908325
vt 0.5258789 0.032440186
vt 0.5258789 0.035064697
vt 0.5161133 0.02923584
vt 0.5161133 0.027694702
vt 0.515625 0.03173828
vt 0.50683594 0.02885437
vt 0.50634766 0.027359009
vt 0.50683594 0.031341553
vt 0.49731445 0.032165527
vt 0.4963379 0.03074646
vt 0.48779297 0.036712646
vt 0.5073242 0.038238525
vt 0.5234375 0.06903076
vt 0.49829102 0.034454346
vt 0.4885254 0.03845215
vt 0.48876953 0.041015625
vt 0.47851562 0.036071777
vt 0.47827148 0.034210205
vt 0.5439453 0.074401855
vt 0.50341797 0.06921387
vt 0.47827148 0.03857422
vt 0.46899414 0.036376953
vt 0.46801758 0.03463745
vt 0.46948242 0.03881836
vt 0.45947266 0.040405273
vt 0.45825195 0.03878784
vt 0.47045898 0.044952393
vt 0.45166016 0.045837402
vt 0.45092773 0.043823242
vt 0.46069336 0.042663574
vt 0.4831543 0.06933594
vt 0.4519043 0.04840088
vt 0.4404297 0.041290283
vt 0.4404297 0.03918457
vt 0.46313477 0.07086182
vt 0.4399414 0.04373169
vt 0.4267578 0.039611816
vt 0.4260254 0.037750244
vt 0.4272461 0.042053223
vt 0.4169922 0.043945312
vt 0.41577148 0.042388916
vt 0.40820312 0.05105591
vt 0.42773438 0.05255127
vt 0.4182129 0.04611206
vt 0.4086914 0.052978516
vt 0.44311523 0.07232666
vt 0.4086914 0.055358887
vt 0.3984375 0.043060303
vt 0.39868164 0.040985107
vt 0.42797852 0.07336426
vt 0.3972168 0.04534912
vt 0.38671875 0.055389404
vt 0.38208008 0.038330078
vt 0.38134766 0.036499023
vt 0.38208008 0.040740967
vt 0.36987305 0.042633057
vt 0.3684082 0.041229248
vt 0.3635254 0.050933838
vt 0.37109375 0.044677734
vt 0.3642578 0.052703857
vt 0.40844727 0.07458496
vt 0.34716797 0.037231445
vt 0.34765625 0.035369873
vt 0.36450195 0.05505371
vt 0.32714844 0.029800415
vt 0.32666016 0.02810669
vt 0.34594727 0.039520264
vt 0.3269043 0.032196045
vt 0.31445312 0.033325195
vt 0.31323242 0.03213501
vt 0.31030273 0.041656494
vt 0.33618164 0.050048828
vt 0.31591797 0.035339355
vt 0.31079102 0.043121338
vt 0.31103516 0.045410156
vt 0.30029297 0.03201294
vt 0.3010254 0.030380249
vt 0.29907227 0.034240723
vt 0.29589844 0.09210205
vt 0.28125 0.024871826
vt 0.28125 0.023239136
vt 0.2602539 0.023284912
vt 0.25976562 0.021743774
vt 0.28051758 0.027328491
vt 0.27392578 0.068725586
vt 0.24914551 0.024765015
vt 0.24829102 0.02357483
vt 0.24133301 0.033447266
vt 0.23999023 0.033233643
vt 0.24694824 0.04269409
vt 0.2602539 0.025817871
vt 0.25024414 0.026855469
vt 0.24926758 0.045135498
vt 0.2614746 0.05697632
vt 0.24365234 0.03387451
vt 0.24780273 0.0435791
vt 0.2277832 0.029693604
vt 0.22814941 0.02822876
vt 0.22680664 0.032073975
vt 0.20385742 0.022766113
vt 0.20397949 0.021316528
vt 0.20361328 0.025268555
vt 0.20361328 0.07330322
vt 0.22460938 0.08666992
vt 0.17919922 0.022994995
vt 0.17895508 0.021652222
vt 0.1796875 0.025482178
vt 0.16003418 0.028778076
vt 0.15930176 0.027770996
vt 0.23730469 0.09466553
vt 0.18359375 0.06060791
vt 0.16137695 0.03074646
vt 0.15258789 0.038726807
vt 0.15136719 0.038726807
vt 0.1607666 0.050476074
vt 0.16345215 0.04763794
vt 0.15478516 0.03869629
vt 0.16174316 0.04949951
vt 0.18103027 0.059265137
vt 0.18188477 0.059753418
vt 0.1628418 0.04840088
vt 0.16320801 0.047088623
vt 0.1619873 0.050842285
vt 0.13745117 0.041534424
vt 0.13757324 0.040222168
vt 0.10888672 0.040893555
vt 0.15893555 0.10510254
vt 0.13708496 0.044067383
vt 0.109069824 0.042175293
vt 0.07885742 0.04714966
vt 0.17993164 0.11584473
vt 0.13830566 0.09503174
vt 0.109375 0.044708252
vt 0.116882324 0.08642578
vt 0.0793457 0.04827881
vt 0.080322266 0.050567627
vt 0.060272217 0.059936523
vt 0.059265137 0.059417725
vt 0.059661865 0.068603516
vt 0.09454346 0.078430176
vt 0.062286377 0.06097412
vt 0.060668945 0.0680542
vt 0.07092285 0.07519531
vt 0.072509766 0.071777344
vt 0.06262207 0.066833496
vt 0.07147217 0.07409668
vt 0.09320068 0.082092285
vt 0.093688965 0.08087158
vt 0.11541748 0.090026855
vt 0.1159668 0.08880615
vt 0.13647461 0.09863281
vt 0.13720703 0.097351074
vt 0.15686035 0.10864258
vt 0.15771484 0.10736084
vt 0.17773438 0.119506836
vt 0.17883301 0.11810303
vt 0.19873047 0.13012695
vt 0.2010498 0.12646484
vt 0.19995117 0.12866211
vt 0.21179199 0.13623047
vt 0.2142334 0.13244629
vt 0.21313477 0.13476562
vt 0.22473145 0.1418457
vt 0.2265625 0.14050293
vt 0.2277832 0.1484375
vt 0.22839355 0.13867188
vt 0.22973633 0.1472168
vt 0.2541504 0.1616211
vt 0.23132324 0.14550781
vt 0.25585938 0.1595459
vt 0.27685547 0.17016602
vt 0.25024414 0.10253906
vt 0.25683594 0.15722656
vt 0.27905273 0.16784668
vt 0.30004883 0.17858887
vt 0.26489258 0.12719727
vt 0.26831055 0.113342285
vt 0.27978516 0.16540527
vt 0.28857422 0.12286377
vt 0.30249023 0.17578125
vt 0.3251953 0.18676758
vt 0.30322266 0.17333984
vt 0.31518555 0.1262207
vt 0.32788086 0.18359375
vt 0.35327148 0.19445801
vt 0.32861328 0.18115234
vt 0.3564453 0.1907959
vt 0.37890625 0.20043945
vt 0.31176758 0.11340332
vt 0.33789062 0.13977051
vt 0.32080078 0.10229492
vt 0.36450195 0.1665039
vt 0.3569336 0.18823242
vt 0.34033203 0.101501465
vt 0.38232422 0.19616699
vt 0.39453125 0.20397949
vt 0.3828125 0.19348145
vt 0.3125 0.08026123
vt 0.3293457 0.07720947
vt 0.3479004 0.078430176
vt 0.39794922 0.19897461
vt 0.40600586 0.20544434
vt 0.39819336 0.19641113
vt 0.35620117 0.105041504
vt 0.3696289 0.07836914
vt 0.40844727 0.19995117
vt 0.41430664 0.20483398
vt 0.40844727 0.19750977
vt 0.42773438 0.14489746
vt 0.41552734 0.19873047
vt 0.45703125 0.19042969
vt 0.41503906 0.19628906
vt 0.4580078 0.18383789
vt 0.4934082 0.18273926
vt 0.3720703 0.10992432
vt 0.39208984 0.13696289
vt 0.38256836 0.119262695
vt 0.3864746 0.090026855
vt 0.40551758 0.09246826
vt 0.38671875 0.07635498
vt 0.43139648 0.1081543
vt 0.4555664 0.10510254
vt 0.47802734 0.1027832
vt 0.46923828 0.14086914
vt 0.49829102 0.101379395
vt 0.51708984 0.101745605
vt 0.50634766 0.13830566
vt 0.45776367 0.18127441
vt 0.49560547 0.17370605
vt 0.53515625 0.10595703
vt 0.4958496 0.17626953
vt 0.53027344 0.18225098
vt 0.53466797 0.17346191
vt 0.5341797 0.17602539
vt 0.5620117 0.18774414
vt 0.5654297 0.17871094
vt 0.5649414 0.18103027
vt 0.60058594 0.2006836
vt 0.5419922 0.14355469
vt 0.60498047 0.19238281
vt 0.60839844 0.20605469
vt 0.61572266 0.19763184
vt 0.6147461 0.1928711
vt 0.60595703 0.18969727
vt 0.61328125 0.17956543
vt 0.59521484 0.17919922
vt 0.6015625 0.14855957
vt 0.6118164 0.14868164
vt 0.6123047 0.12359619
vt 0.57470703 0.14807129
vt 0.6074219 0.123413086
vt 0.55322266 0.11315918
vt 0.5830078 0.12225342
vt 0.59228516 0.095336914
vt 0.5649414 0.08465576
vt 0.054260254 0.2998047
vt 0.020996094 0.3034668
vt 0.056243896 0.30566406
vt 0.021896362 0.29833984
vt 0.099487305 0.30078125
vt 0.09820557 0.30786133
vt 0.13085938 0.30932617
vt 0.054351807 0.29516602
vt 0.023406982 0.29052734
vt 0.028366089 0.26953125
vt 0.0993042 0.29833984
vt 0.060791016 0.2734375
vt 0.03253174 0.25097656
vt 0.1352539 0.30322266
vt 0.16711426 0.31713867
vt 0.06506348 0.25610352
vt 0.036315918 0.23254395
vt 0.097351074 0.27148438
vt 0.13549805 0.30078125
vt 0.171875 0.31225586
vt 0.20141602 0.33251953
vt 0.06939697 0.2388916
vt 0.040130615 0.21569824
vt 0.09515381 0.24291992
vt 0.13378906 0.2697754
vt 0.17248535 0.3100586
vt 0.20654297 0.32836914
vt 0.23925781 0.35717773
vt 0.07519531 0.21923828
vt 0.08843994 0.19128418
vt 0.041992188 0.2076416
vt 0.1282959 0.23754883
vt 0.092285156 0.21582031
vt 0.12231445 0.20666504
vt 0.14733887 0.23474121
vt 0.20739746 0.32617188
vt 0.086242676 0.18835449
vt 0.044128418 0.19433594
vt 0.08331299 0.18371582
vt 0.11260986 0.16955566
vt 0.1138916 0.17114258
vt 0.12866211 0.1607666
vt 0.11529541 0.17333984
vt 0.12939453 0.16210938
vt 0.14343262 0.15466309
vt 0.14440918 0.2019043
vt 0.14245605 0.17077637
vt 0.13061523 0.16455078
vt 0.14428711 0.15844727
vt 0.14367676 0.15588379
vt 0.15759277 0.1550293
vt 0.15783691 0.1538086
vt 0.17053223 0.16369629
vt 0.15698242 0.1574707
vt 0.17028809 0.1652832
vt 0.18078613 0.16296387
vt 0.16564941 0.20153809
vt 0.16967773 0.16784668
vt 0.18078613 0.16442871
vt 0.19030762 0.16467285
vt 0.18054199 0.16699219
vt 0.1899414 0.16625977
vt 0.19921875 0.17004395
vt 0.18713379 0.17529297
vt 0.18896484 0.16870117
vt 0.19836426 0.17163086
vt 0.20617676 0.17797852
vt 0.19689941 0.17370605
vt 0.20581055 0.17980957
vt 0.21594238 0.17797852
vt 0.20483398 0.18225098
vt 0.18518066 0.2064209
vt 0.21594238 0.17980957
vt 0.22570801 0.18054199
vt 0.21557617 0.18237305
vt 0.2253418 0.18237305
vt 0.23449707 0.18664551
vt 0.23352051 0.18847656
vt 0.24023438 0.19348145
vt 0.22424316 0.18469238
vt 0.22192383 0.19042969
vt 0.23999023 0.19555664
vt 0.25146484 0.19177246
vt 0.23205566 0.19055176
vt 0.20483398 0.21118164
vt 0.23925781 0.19812012
vt 0.25195312 0.19372559
vt 0.26586914 0.19335938
vt 0.22387695 0.21740723
vt 0.25170898 0.19628906
vt 0.265625 0.1953125
vt 0.27539062 0.1998291
vt 0.26464844 0.19763184
vt 0.27416992 0.20166016
vt 0.28051758 0.21044922
vt 0.2619629 0.20776367
vt 0.27246094 0.20361328
vt 0.28027344 0.21240234
vt 0.29174805 0.20349121
vt 0.24304199 0.22351074
vt 0.27978516 0.21484375
vt 0.2927246 0.20532227
vt 0.30981445 0.20263672
vt 0.25732422 0.22790527
vt 0.29296875 0.20776367
vt 0.30126953 0.2199707
vt 0.3095703 0.20446777
vt 0.3215332 0.21008301
vt 0.3088379 0.20690918
vt 0.3203125 0.21154785
vt 0.32373047 0.22094727
vt 0.31860352 0.21325684
vt 0.32348633 0.22253418
vt 0.34277344 0.20983887
vt 0.27612305 0.23364258
vt 0.3227539 0.22485352
vt 0.34350586 0.21154785
vt 0.3647461 0.20727539
vt 0.34399414 0.21398926
vt 0.3647461 0.20898438
vt 0.37719727 0.21411133
vt 0.36401367 0.21130371
vt 0.37597656 0.21533203
vt 0.37768555 0.22436523
vt 0.35131836 0.2265625
vt 0.37402344 0.21691895
vt 0.3774414 0.22570801
vt 0.37646484 0.2277832
vt 0.38989258 0.21728516
vt 0.38916016 0.21569824
vt 0.4099121 0.21313477
vt 0.390625 0.21972656
vt 0.38085938 0.27661133
vt 0.41015625 0.21472168
vt 0.43115234 0.21643066
vt 0.4309082 0.21801758
vt 0.44189453 0.2208252
vt 0.41015625 0.21728516
vt 0.4074707 0.2590332
vt 0.4411621 0.2220459
vt 0.44799805 0.2322998
vt 0.44677734 0.23217773
vt 0.43896484 0.2401123
vt 0.43017578 0.22045898
vt 0.43945312 0.22375488
vt 0.43652344 0.24182129
vt 0.421875 0.25048828
vt 0.44433594 0.23217773
vt 0.43823242 0.24060059
vt 0.4609375 0.23181152
vt 0.46044922 0.23034668
vt 0.4855957 0.22912598
vt 0.46118164 0.234375
vt 0.4855957 0.23059082
vt 0.5097656 0.23522949
vt 0.50927734 0.23657227
vt 0.52783203 0.24584961
vt 0.48535156 0.2331543
vt 0.47436523 0.27978516
vt 0.45092773 0.2878418
vt 0.43701172 0.2927246
vt 0.52685547 0.2467041
vt 0.5317383 0.25805664
vt 0.53271484 0.25830078
vt 0.5209961 0.26757812
vt 0.5205078 0.26635742
vt 0.49902344 0.27148438
vt 0.5292969 0.25756836
vt 0.52490234 0.24829102
vt 0.51904297 0.26416016
vt 0.5083008 0.2388916
vt 0.49658203 0.2722168
vt 0.49853516 0.27172852
vt 0.51953125 0.26513672
vt 0.51953125 0.26391602
vt 0.54589844 0.2631836
vt 0.52001953 0.26782227
vt 0.5102539 0.32128906
vt 0.54589844 0.2644043
vt 0.57373047 0.2705078
vt 0.54541016 0.26708984
vt 0.5732422 0.27172852
vt 0.6015625 0.2836914
vt 0.48754883 0.32666016
vt 0.53271484 0.3161621
vt 0.5722656 0.27416992
vt 0.60058594 0.28466797
vt 0.5551758 0.31298828
vt 0.61621094 0.3005371
vt 0.6176758 0.30029297
vt 0.6147461 0.30908203
vt 0.6142578 0.3083496
vt 0.60253906 0.31274414
vt 0.6142578 0.3010254
vt 0.5991211 0.2866211
vt 0.6020508 0.31152344
vt 0.57910156 0.31420898
vt 0.5786133 0.31054688
vt 0.6015625 0.30908203
vt 0.6123047 0.30664062
vt 0.57910156 0.31298828
vt 0.55566406 0.31689453
vt 0.55566406 0.3154297
vt 0.5332031 0.31884766
vt 0.5332031 0.3203125
vt 0.5107422 0.32373047
vt 0.51123047 0.3251953
vt 0.4880371 0.32910156
vt 0.48828125 0.33081055
vt 0.46533203 0.33447266
vt 0.46533203 0.33642578
vt 0.46484375 0.33203125
vt 0.45141602 0.33740234
vt 0.45141602 0.33935547
vt 0.4506836 0.33496094
vt 0.43725586 0.3400879
vt 0.43774414 0.34204102
vt 0.43579102 0.33764648
vt 0.4326172 0.34570312
vt 0.43310547 0.3479004
vt 0.43139648 0.34350586
vt 0.40478516 0.3515625
vt 0.40429688 0.35424805
vt 0.40429688 0.3491211
vt 0.38085938 0.35424805
vt 0.38012695 0.35742188
vt 0.42285156 0.29760742
vt 0.40307617 0.31811523
vt 0.40283203 0.30371094
vt 0.38061523 0.35180664
vt 0.35668945 0.35668945
vt 0.3557129 0.36010742
vt 0.38134766 0.3083496
vt 0.3564453 0.35424805
vt 0.33081055 0.35839844
vt 0.3293457 0.3623047
vt 0.3022461 0.35864258
vt 0.30029297 0.3630371
vt 0.33081055 0.3557129
vt 0.2763672 0.35766602
vt 0.27392578 0.36279297
vt 0.3022461 0.35620117
vt 0.2993164 0.33325195
vt 0.2763672 0.3552246
vt 0.3305664 0.31347656
vt 0.26098633 0.3569336
vt 0.25805664 0.36206055
vt 0.26123047 0.3544922
vt 0.25073242 0.35546875
vt 0.24682617 0.36035156
vt 0.24401855 0.35302734
vt 0.2512207 0.35327148
vt 0.24316406 0.29760742
vt 0.24499512 0.35083008
vt 0.2788086 0.2980957
vt 0.20422363 0.2841797
vt 0.16894531 0.27294922
vt 0.16540527 0.23486328
vt 0.18371582 0.2388916
vt 0.20324707 0.24499512
vt 0.22436523 0.2524414
vt 0.24694824 0.26098633
vt 0.27514648 0.25170898
vt 0.29174805 0.28320312
vt 0.296875 0.24035645
vt 0.29418945 0.25390625
vt 0.31274414 0.24633789
vt 0.30395508 0.2763672
vt 0.33374023 0.25146484
vt 0.32006836 0.27539062
vt 0.33618164 0.27563477
vt 0.35205078 0.25463867
vt 0.35473633 0.28100586
vt 0.36767578 0.2614746
vt 0.3552246 0.30541992
vt 0.36108398 0.2939453
vt 0.054260254 0.2998047
vt 0.056243896 0.30566406
vt 0.020996094 0.3034668
vt 0.021896362 0.29833984
vt 0.099487305 0.30078125
vt 0.09820557 0.30786133
vt 0.13085938 0.30932617
vt 0.054351807 0.29516602
vt 0.023406982 0.29052734
vt 0.028366089 0.26953125
vt 0.0993042 0.29833984
vt 0.060791016 0.2734375
vt 0.03253174 0.25097656
vt 0.1352539 0.30322266
vt 0.16711426 0.31713867
vt 0.06506348 0.25610352
vt 0.036315918 0.23254395
vt 0.097351074 0.27148438
vt 0.13549805 0.30078125
vt 0.171875 0.31225586
vt 0.20141602 0.33251953
vt 0.06939697 0.2388916
vt 0.040130615 0.21569824
vt 0.09515381 0.24291992
vt 0.13378906 0.2697754
vt 0.17248535 0.3100586
vt 0.20654297 0.32836914
vt 0.23925781 0.35717773
vt 0.07519531 0.21923828
vt 0.08843994 0.19128418
vt 0.041992188 0.2076416
vt 0.1282959 0.23754883
vt 0.092285156 0.21582031
vt 0.12231445 0.20666504
vt 0.14733887 0.23474121
vt 0.20739746 0.32617188
vt 0.086242676 0.18835449
vt 0.044128418 0.19433594
vt 0.08331299 0.18371582
vt 0.113220215 0.17028809
vt 0.11529541 0.17333984
vt 0.12902832 0.16149902
vt 0.16894531 0.27294922
vt 0.20422363 0.2841797
vt 0.24316406 0.29760742
vt 0.14440918 0.2019043
vt 0.24499512 0.35083008
vt 0.24401855 0.35302734
vt 0.24682617 0.36035156
vt 0.2512207 0.35327148
vt 0.25073242 0.35546875
vt 0.25805664 0.36206055
vt 0.26123047 0.3544922
vt 0.26098633 0.3569336
vt 0.27392578 0.36279297
vt 0.2763672 0.35766602
vt 0.30029297 0.3630371
vt 0.2763672 0.3552246
vt 0.2993164 0.33325195
vt 0.2788086 0.2980957
vt 0.3022461 0.35620117
vt 0.3022461 0.35864258
vt 0.3293457 0.3623047
vt 0.33081055 0.3557129
vt 0.33081055 0.35839844
vt 0.3557129 0.36010742
vt 0.35668945 0.35668945
vt 0.38012695 0.35742188
vt 0.3564453 0.35424805
vt 0.38085938 0.35424805
vt 0.40429688 0.35424805
vt 0.3305664 0.31347656
vt 0.38061523 0.35180664
vt 0.40478516 0.3515625
vt 0.43310547 0.3479004
vt 0.40429688 0.3491211
vt 0.4326172 0.34570312
vt 0.43774414 0.34204102
vt 0.43139648 0.34350586
vt 0.43725586 0.3400879
vt 0.45141602 0.33935547
vt 0.43579102 0.33764648
vt 0.40307617 0.31811523
vt 0.38134766 0.3083496
vt 0.45141602 0.33740234
vt 0.46533203 0.33642578
vt 0.4506836 0.33496094
vt 0.46533203 0.33447266
vt 0.48828125 0.33081055
vt 0.3552246 0.30541992
vt 0.46484375 0.33203125
vt 0.4880371 0.32910156
vt 0.51123047 0.3251953
vt 0.48754883 0.32666016
vt 0.45092773 0.2878418
vt 0.43701172 0.2927246
vt 0.5107422 0.32373047
vt 0.5332031 0.3203125
vt 0.5102539 0.32128906
vt 0.5332031 0.31884766
vt 0.55566406 0.31689453
vt 0.42285156 0.29760742
vt 0.40283203 0.30371094
vt 0.38085938 0.27661133
vt 0.4074707 0.2590332
vt 0.47436523 0.27978516
vt 0.43652344 0.24182129
vt 0.421875 0.25048828
vt 0.36108398 0.2939453
vt 0.35473633 0.28100586
vt 0.33618164 0.27563477
vt 0.41015625 0.21728516
vt 0.43017578 0.22045898
vt 0.390625 0.21972656
vt 0.36767578 0.2614746
vt 0.37646484 0.2277832
vt 0.35205078 0.25463867
vt 0.4309082 0.21801758
vt 0.43945312 0.22375488
vt 0.41015625 0.21472168
vt 0.33374023 0.25146484
vt 0.35131836 0.2265625
vt 0.32006836 0.27539062
vt 0.3774414 0.22570801
vt 0.38989258 0.21728516
vt 0.37402344 0.21691895
vt 0.43115234 0.21643066
vt 0.4099121 0.21313477
vt 0.38916016 0.21569824
vt 0.37768555 0.22436523
vt 0.44189453 0.2208252
vt 0.37597656 0.21533203
vt 0.37719727 0.21411133
vt 0.4411621 0.2220459
vt 0.44799805 0.2322998
vt 0.3647461 0.20898438
vt 0.3647461 0.20727539
vt 0.44433594 0.23217773
vt 0.44677734 0.23217773
vt 0.43896484 0.2401123
vt 0.43823242 0.24060059
vt 0.36401367 0.21130371
vt 0.34350586 0.21154785
vt 0.34277344 0.20983887
vt 0.46118164 0.234375
vt 0.4609375 0.23181152
vt 0.46044922 0.23034668
vt 0.4855957 0.22912598
vt 0.4855957 0.23059082
vt 0.5097656 0.23522949
vt 0.34399414 0.21398926
vt 0.32348633 0.22253418
vt 0.32373047 0.22094727
vt 0.3227539 0.22485352
vt 0.48535156 0.2331543
vt 0.50927734 0.23657227
vt 0.52783203 0.24584961
vt 0.3203125 0.21154785
vt 0.3215332 0.21008301
vt 0.49658203 0.2722168
vt 0.31274414 0.24633789
vt 0.30126953 0.2199707
vt 0.31860352 0.21325684
vt 0.3095703 0.20446777
vt 0.30981445 0.20263672
vt 0.3088379 0.20690918
vt 0.2927246 0.20532227
vt 0.29174805 0.20349121
vt 0.29296875 0.20776367
vt 0.28027344 0.21240234
vt 0.28051758 0.21044922
vt 0.27978516 0.21484375
vt 0.27416992 0.20166016
vt 0.27539062 0.1998291
vt 0.27246094 0.20361328
vt 0.265625 0.1953125
vt 0.26586914 0.19335938
vt 0.26464844 0.19763184
vt 0.25195312 0.19372559
vt 0.25146484 0.19177246
vt 0.2619629 0.20776367
vt 0.25170898 0.19628906
vt 0.23999023 0.19555664
vt 0.24023438 0.19348145
vt 0.23925781 0.19812012
vt 0.23352051 0.18847656
vt 0.23449707 0.18664551
vt 0.23205566 0.19055176
vt 0.2253418 0.18237305
vt 0.22570801 0.18054199
vt 0.22424316 0.18469238
vt 0.21594238 0.17980957
vt 0.21594238 0.17797852
vt 0.22192383 0.19042969
vt 0.21557617 0.18237305
vt 0.20581055 0.17980957
vt 0.20617676 0.17797852
vt 0.20483398 0.18225098
vt 0.19836426 0.17163086
vt 0.19921875 0.17004395
vt 0.19689941 0.17370605
vt 0.1899414 0.16625977
vt 0.19030762 0.16467285
vt 0.18896484 0.16870117
vt 0.18078613 0.16442871
vt 0.18078613 0.16296387
vt 0.18713379 0.17529297
vt 0.18054199 0.16699219
vt 0.17028809 0.1652832
vt 0.17053223 0.16369629
vt 0.16967773 0.16784668
vt 0.15759277 0.1550293
vt 0.15783691 0.1538086
vt 0.14343262 0.15466309
vt 0.15698242 0.1574707
vt 0.14367676 0.15588379
vt 0.14428711 0.15844727
vt 0.14245605 0.17077637
vt 0.13061523 0.16455078
vt 0.16564941 0.20153809
vt 0.18518066 0.2064209
vt 0.16540527 0.23486328
vt 0.18371582 0.2388916
vt 0.20483398 0.21118164
vt 0.20324707 0.24499512
vt 0.22387695 0.21740723
vt 0.22436523 0.2524414
vt 0.24304199 0.22351074
vt 0.24694824 0.26098633
vt 0.25732422 0.22790527
vt 0.27514648 0.25170898
vt 0.27612305 0.23364258
vt 0.296875 0.24035645
vt 0.29174805 0.28320312
vt 0.29418945 0.25390625
vt 0.30395508 0.2763672
vt 0.5083008 0.2388916
vt 0.52490234 0.24829102
vt 0.51904297 0.26416016
vt 0.52685547 0.2467041
vt 0.5292969 0.25756836
vt 0.5317383 0.25805664
vt 0.53271484 0.25830078
vt 0.5209961 0.26757812
vt 0.5205078 0.26635742
vt 0.49902344 0.27148438
vt 0.49853516 0.27172852
vt 0.52001953 0.26782227
vt 0.51953125 0.26513672
vt 0.51953125 0.26391602
vt 0.54589844 0.2631836
vt 0.53271484 0.3161621
vt 0.54541016 0.26708984
vt 0.54589844 0.2644043
vt 0.57373047 0.2705078
vt 0.5732422 0.27172852
vt 0.6015625 0.2836914
vt 0.5551758 0.31298828
vt 0.5722656 0.27416992
vt 0.60058594 0.28466797
vt 0.55566406 0.3154297
vt 0.5786133 0.31054688
vt 0.57910156 0.31298828
vt 0.57910156 0.31420898
vt 0.5991211 0.2866211
vt 0.61621094 0.3005371
vt 0.6176758 0.30029297
vt 0.6147461 0.30908203
vt 0.6015625 0.30908203
vt 0.6020508 0.31152344
vt 0.60253906 0.31274414
vt 0.6142578 0.3010254
vt 0.6142578 0.3083496
vt 0.6123047 0.30664062
vn 0.0004768406 -0.2794286 -0.9601663
vn -0 -0.27952293 -0.96013904
vn -0.0005125939 -0.2793279 -0.96019566
vn 0.49428093 -0.29640403 -0.81720924
vn -0 -0.27942863 -0.9601665
vn 0.44633836 -0.43601495 -0.7814557
vn 0.0004768389 -0.27952293 -0.9601389
vn 0.44633836 -0.43601495 -0.7814557
vn -0 -0.27942866 -0.9601664
vn -0.00047683154 -0.2793279 -0.96019566
vn 0.0004768389 -0.27952293 -0.9601389
vn -0.00047684065 -0.27942863 -0.9601663
vn -0.0030040944 -0.27933308 -0.9601896
vn -0.0029087143 -0.27885514 -0.96032876
vn -0 -0.27933115 -0.9601949
vn -0.9687553 0.23804028 -0.06964299
vn -0.9985227 0.052164834 -0.01521077
vn -0.025224963 0.28724986 0.9575234
vn -0.02627386 0.28276584 0.958829
vn -0.0054359986 0.2818136 0.95945376
vn -0.0049591623 0.28238615 0.959288
vn -0.005436 0.28181362 0.95945376
vn -0.026750818 0.29278082 0.9558053
vn -0.90180594 0.41475824 -0.12133275
vn -0.0024318579 -0.2781855 -0.96052426
vn -0.0049591544 0.2829579 0.9591195
vn -0.019312007 0.28219375 0.95916307
vn -0.0153302 0.28753066 0.9576488
vn -0 -0.27933115 -0.9601949
vn -0.0024795574 -0.27771047 -0.96066165
vn -0.80021673 0.57562953 -0.16823767
vn -0.0049591535 0.28295788 0.9591195
vn -0.004458461 0.28410172 0.95878375
vn -0.012385737 0.29325232 0.95595485
vn -0.0005006816 -0.2791896 -0.96023583
vn -0.021815164 0.2956372 0.9550512
vn -0.004959144 0.28352952 0.9589507
vn -0.0014543488 -0.27727994 -0.9607881
vn -0.6681011 0.71416384 -0.20883226
vn -0.018310534 0.2988813 0.9541146
vn -0.0005006816 -0.2791896 -0.96023583
vn -0.0015020389 -0.27685198 -0.96091145
vn -0.004482281 0.28395724 0.9588265
vn -0.5097742 0.8257098 -0.24152346
vn -0.016832339 0.30584309 0.95193315
vn -0.0034332238 0.2843854 0.9587039
vn -0.002485486 0.28466865 0.9586228
vn -0.008416155 0.30231398 0.9531713
vn -0 0.28466952 0.95862573
vn 0.000989435 0.311374 0.95028687
vn 0.0019788516 0.28419164 0.95876545
vn 0.01435293 0.30823037 0.95120347
vn 0.003445139 0.28285906 0.95915526
vn 0.032162827 0.30212557 0.9527254
vn 0.0049590603 0.2812359 0.9596258
vn 0.039577875 0.28896618 0.9565209
vn 0.005435988 0.27961957 0.9600955
vn 0.060367536 0.2729414 0.96013474
vn 0.005006783 0.28047526 0.9598481
vn 0.0054359874 0.27961957 0.9600955
vn 0.027704023 0.27818465 0.96012807
vn 0.00495906 0.2812359 0.9596258
vn 0.03313998 0.28409788 0.9582223
vn 0.0039577093 0.28190336 0.95943457
vn 0.989856 0.13637403 -0.03983933
vn 0.9985474 -0.05168929 0.015211146
vn 0.034141682 0.2907765 0.9561817
vn 0.943185 0.31890908 -0.09326945
vn 0.003004059 -0.27904367 -0.9602737
vn 0.0029087053 -0.27952182 -0.960135
vn -0 -0.27942866 -0.9601665
vn 0.0030040566 -0.2784713 -0.9604398
vn 0.0004768406 -0.2794286 -0.9601663
vn -0.0005125939 -0.2793279 -0.96019566
vn 0.00047683154 -0.27932793 -0.96019566
vn -0 -0.27952293 -0.96013904
vn 0.0025272428 -0.27799666 -0.9605787
vn 0.8601319 0.48957616 -0.14313678
vn 0.03657358 0.30026573 0.9531542
vn -0 -0.27942547 -0.9601674
vn 0.0024795467 -0.2775185 -0.9607171
vn 0.003957759 0.28295594 0.9591248
vn 0.74388677 0.6414387 -0.18758696
vn 0.002980238 0.28357562 0.9589453
vn 0.031662162 0.30679873 0.9512477
vn -0 -0.27923682 -0.96022224
vn 0.0020027254 -0.27704364 -0.9608552
vn 0.59967965 0.76810116 -0.22451033
vn 0.025725292 0.31242287 0.94959474
vn 0.0014781964 0.28419515 0.9587653
vn -0.00048875995 -0.27952293 -0.9601389
vn 0.00047683876 -0.27923673 -0.9602221
vn 0.002002727 -0.2767101 -0.96095127
vn 0.0009894351 0.2845281 0.95866716
vn 0.4319677 0.865652 -0.25308186
vn 0.019788718 0.32024345 0.9471286
vn 0.009894399 0.31924337 0.94762117
vn -0.00049471593 0.284861 0.9585687
vn 0.24742977 0.92997164 -0.27190334
vn -0.0014841632 0.284864 0.95856684
vn 0.0014826659 0.32053003 0.94723725
vn -0.0024914749 0.28467187 0.9586218
vn -0.0064313533 0.31695426 0.94841903
vn -0.011384546 0.3100888 0.9506395
vn 0.053441018 0.9584126 -0.28033772
vn 0.0005126014 -0.27651864 -0.9610084
vn -0.14250854 0.95000124 -0.27782875
vn -0.33251023 0.9051794 -0.2647398
vn -0 -0.2763739 -0.96105015
vn -0 -0.279045 -0.9602781
vn -0.0010013536 -0.27670738 -0.9609537
vn -0 -0.27647147 -0.9610221
vn -0 -0.2789978 -0.9602918
vn -0 -0.27942553 -0.9601674
vn -0 -0.279045 -0.9602781
vn -0 -0.2789978 -0.9602918
vn -0 -0.27895063 -0.96030545
vn -0 -0.27942553 -0.9601674
vn -0 -0.2794726 -0.96015364
vn -0 -0.2799977 -0.9600007
vn 0.34343952 -0.5573233 -0.7559365
vn 0.44633836 -0.43601495 -0.7814557
vn -0 -0.27942863 -0.9601665
vn -0 -0.27995056 -0.9600144
vn 0.24444374 -0.60786986 -0.7554743
vn -0.019298512 -0.64048487 -0.7677283
vn -0.24495675 -0.6080616 -0.7551537
vn -0.3661907 -0.54026186 -0.7576421
vn -0.45785287 -0.43907717 -0.7730343
vn -0.493423 -0.31271222 -0.8116309
vn -0.4811144 -0.16546167 -0.8609014
vn -0.0005125939 -0.2793279 -0.96019566
vn 0.48095816 -0.1655566 -0.8609706
vn -0 -0.27942863 -0.9601665
vn 0.49428093 -0.29640403 -0.81720924
vn -0.4067231 -0.06551821 -0.9111991
vn -0 -0.27942863 -0.9601665
vn -0.23355494 0.03852846 -0.97157997
vn 0.8221066 -0.5669402 -0.05214893
vn 0.80842185 -0.58840483 0.015292773
vn 0.80842185 -0.58840483 0.015292775
vn 0.82240474 -0.56634426 -0.053894512
vn 0.84908205 -0.49379778 -0.18767911
vn 0.8475073 -0.49910703 -0.18061985
vn 0.8684856 -0.3901313 -0.30582714
vn 0.8697005 -0.37627408 -0.3194353
vn 0.8718326 -0.24628307 -0.4233822
vn 0.87163454 -0.2409872 -0.42682365
vn 0.8878924 -0.06877609 -0.45488107
vn 0.88608813 -0.079248615 -0.45669192
vn 0.9349993 0.09804579 -0.34082723
vn 0.94191664 0.11788041 -0.3144794
vn 0.8770083 0.3313583 0.34793413
vn 0.8295857 0.34517 0.4389137
vn 0.23318529 0.326468 0.9159931
vn 0.2364855 0.3270272 0.91494685
vn 0.022543484 0.2922838 0.9560659
vn 0.021881247 0.29232657 0.9560683
vn -0.006912776 0.2940599 0.9557621
vn -0.006912776 0.2940599 0.9557621
vn -0.80842364 0.5883995 -0.015402137
vn -0.80842364 0.5883995 -0.015402139
vn -0.82206476 0.56702775 0.051856175
vn -0.82245433 0.5662489 0.054140154
vn -0.84912777 0.49357927 0.18804684
vn -0.8474414 0.4992696 0.18047954
vn -0.8684561 0.39041835 0.30554453
vn -0.8697387 0.37586665 0.31981066
vn -0.87188846 0.24682038 0.42295417
vn -0.8716579 0.24065192 0.4269652
vn -0.8877995 0.06967795 0.45492527
vn -0.88620263 0.078958094 0.45652017
vn -0.9320454 -0.09200305 0.35046646
vn -0.93863845 -0.11041648 0.32675064
vn -0.8777641 -0.33022788 -0.34710196
vn -0.8298387 -0.34487188 -0.4386696
vn -0.22124258 -0.32628033 -0.9190173
vn -0.22448236 -0.32687822 -0.9180187
vn -0.022181371 -0.29215336 -0.95611423
vn -0.021480812 -0.292202 -0.95611537
vn 0.006927924 -0.2940522 -0.95576423
vn 0.0069279238 -0.29405224 -0.95576423
vn 0.3359818 0.46259627 0.82043946
vn 0.33598182 0.46259627 0.82043946
vn 0.3024605 0.33596632 0.89198893
vn 0.30240646 0.33577538 0.8920791
vn 0.206975 -0.03497659 0.9777208
vn 0.20328307 -0.04905549 0.97789043
vn 0.14258927 -0.43508688 0.8890262
vn 0.14282103 -0.44128278 0.8859298
vn 0.176381 -0.66317236 0.7273872
vn 0.17749073 -0.66614914 0.7243911
vn 0.23406415 -0.7696349 0.5940337
vn 0.23393516 -0.7695036 0.59425455
vn 0.23332459 -0.83090603 0.5051284
vn 0.23343293 -0.8307843 0.5052785
vn 0.22392854 -0.90277475 0.36722437
vn 0.22251593 -0.90009576 0.37458554
vn 0.28425267 -0.9218673 0.26336497
vn 0.28492358 -0.9216953 0.26324198
vn 0.33357784 -0.90442747 0.26596388
vn 0.3335808 -0.9044249 0.26596898
vn 0.33971947 -0.8988902 0.2767438
vn 0.3397195 -0.8988902 0.27674383
vn -0.40265337 -0.54247254 0.73728824
vn -0.40265337 -0.54247254 0.73728824
vn -0.40265337 -0.5424724 0.73728824
vn -0.40265343 -0.5424725 0.73728824
vn -0.29280046 -0.3442507 -0.8920534
vn -0.32168734 -0.4694426 -0.82227784
vn -0.32168734 -0.46944258 -0.8222779
vn -0.2918044 -0.34024987 -0.89391285
vn -0.19518748 0.025629964 -0.980431
vn -0.19496399 0.026403807 -0.980455
vn -0.12521477 0.40828425 -0.9042263
vn -0.12526473 0.41314238 -0.90200996
vn -0.16172753 0.64083713 -0.7504478
vn -0.16264777 0.643002 -0.74839437
vn -0.23359862 0.75601083 -0.6114567
vn -0.23520292 0.7574491 -0.60905707
vn -0.23995833 0.8265711 -0.50911707
vn -0.23992974 0.82660496 -0.5090756
vn -0.23977274 0.90250015 -0.35777435
vn -0.23802239 0.9005054 -0.36391658
vn -0.30605686 0.91742605 -0.25428095
vn -0.305919 0.9174689 -0.25429213
vn -0.3501997 0.8986807 -0.2640706
vn -0.35023797 0.89863783 -0.2641655
vn -0.35549542 0.89260375 -0.27727503
vn -0.35549542 0.89260375 -0.27727503
vn -0.9251356 -0.3654435 0.102835074
vn -0.9251356 -0.3654435 0.102835074
vn -0.9251356 -0.3654435 0.102835074
vn -0.92513573 -0.3654435 0.102835074
vn 0.31571046 -0.53301287 0.7849995
vn -0 0.824245 0.56623334
vn -0 -0.49438173 0.86924493
vn 0.3607289 0.70877385 0.6062296
vn -0 0.8834711 0.4684857
vn 0.4156416 0.6273277 0.65856063
vn 0.28106907 -0.5246114 0.8036063
vn 0.3182073 0.8338901 0.45096725
vn -0 0.93077695 0.3655874
vn 0.38306236 0.8023412 0.45772454
vn 0.30776072 0.63953 0.7044748
vn 0.13656557 -0.50172585 0.85417855
vn 0.42103392 0.8644015 0.2748461
vn 0.3117047 0.8150956 0.48832303
vn -0.030684147 0.7155344 0.6979034
vn -0.7702129 -0.07410065 0.6334676
vn -0.9441774 0.32634464 -0.045036893
vn -0.06875898 0.8857606 0.45902103
vn 0.023245629 0.9694977 0.24399568
vn -0.6783422 0.4954292 -0.54258794
vn 0.46269387 0.3064122 -0.831881
vn 0.54326427 0.2508139 -0.8012218
vn -0 0.44488513 -0.8955877
vn 0.5922683 0.23136169 -0.77180964
vn 0.5216044 0.8214063 0.23069565
vn 0.42653158 0.86393505 0.26774454
vn -0 -0.8323656 -0.5542268
vn -0 0.44488513 -0.8955877
vn 0.54326427 0.2508139 -0.8012218
vn 0.001981877 -0.8038613 -0.59481347
vn -0.082632564 -0.8793795 -0.46889597
vn -0 -0.883381 -0.46865547
vn -0.013369321 -0.7752418 -0.6315231
vn 0.5922683 0.23136169 -0.77180964
vn -0.03265993 -0.949084 -0.31332552
vn -0 -0.92687654 -0.37536645
vn -0.1390187 -0.86763316 -0.47737464
vn -0.09156494 -0.7581734 -0.64559186
vn 0.46269387 0.3064122 -0.831881
vn 0.31571046 -0.53301287 0.7849995
vn -0 -0.49438173 0.86924493
vn 0.28106907 -0.5246114 0.8036063
vn -0.0653144 -0.9613936 -0.26731336
vn 0.13656557 -0.50172585 0.85417855
vn -0.17615266 -0.85190326 -0.49318457
vn -0.46169665 -0.5935657 -0.6591783
vn -0.6783422 0.4954292 -0.54258794
vn -0.9441774 0.32634464 -0.045036893
vn -0.1261671 -0.954693 -0.26952362
vn -0.52898777 -0.6869426 -0.49827895
vn -0.4637574 -0.8429698 -0.27263722
vn -0.7702129 -0.07410065 0.6334676
vn -0.31523934 -0.5331982 0.78506297
vn -0 -0.49438173 0.86924493
vn -0 0.824245 0.56623334
vn -0.36027557 0.70896405 0.60627675
vn -0 0.8834711 0.4684857
vn -0.41564646 0.62732613 0.65855896
vn -0.2815416 -0.5244237 0.8035633
vn -0.3182073 0.8338901 0.45096725
vn -0 0.93077695 0.3655874
vn -0.38306236 0.8023412 0.45772454
vn -0.30776072 0.63953 0.7044748
vn -0.13656557 -0.50172585 0.85417855
vn -0.42060834 0.86459345 0.2748942
vn -0.3117047 0.8150956 0.48832303
vn 0.030684147 0.7155344 0.6979034
vn 0.7700035 -0.07410115 0.6337222
vn 0.9441774 0.32634464 -0.045036893
vn 0.06825991 0.88578135 0.4590556
vn -0.023245629 0.9694977 0.24399568
vn 0.67832935 0.4954372 -0.5425967
vn -0.46269387 0.3064122 -0.831881
vn -0.54292506 0.25081828 -0.8014503
vn -0 0.44488513 -0.8955877
vn -0.5919542 0.23136239 -0.77205044
vn -0.52127975 0.8215926 0.23076598
vn -0.42653158 0.86393505 0.26774454
vn -0 -0.8323656 -0.5542268
vn -0.54292506 0.25081828 -0.8014503
vn -0 0.44488513 -0.8955877
vn -0.001484174 -0.80386204 -0.594814
vn 0.082632564 -0.8793795 -0.46889597
vn -0 -0.883381 -0.46865547
vn 0.0133633595 -0.7752418 -0.6315231
vn -0.5919542 0.23136239 -0.77205044
vn 0.03265993 -0.949084 -0.31332552
vn -0 -0.92687654 -0.37536645
vn 0.1390304 -0.86763173 -0.47737387
vn 0.09155312 -0.7581743 -0.6455925
vn -0.46269387 0.3064122 -0.831881
vn -0.31523934 -0.5331982 0.78506297
vn -0 -0.49438173 0.86924493
vn -0.2815416 -0.5244237 0.8035633
vn 0.0653144 -0.9613936 -0.26731336
vn -0.13656557 -0.50172585 0.85417855
vn 0.17662367 -0.85183734 -0.4931301
vn 0.46206218 -0.5934804 -0.65899885
vn 0.67832935 0.4954372 -0.5425967
vn 0.9441774 0.32634464 -0.045036893
vn 0.12619057 -0.9546902 -0.26952285
vn 0.5293866 -0.68674344 -0.49812973
vn 0.4637574 -0.8429698 -0.27263722
vn 0.7700035 -0.07410115 0.6337222
vn -0.039100423 0.025081491 0.99892044
vn -0.8435008 0.5371092 -0.0044822674
vn -0.8354613 0.5495038 -0.0070809885
vn 0.14696054 0.31213617 0.938602
vn 0.8400483 -0.5352047 0.08873984
vn 0.8480811 -0.52280575 0.086212404
vn 0.039100513 -0.024986181 -0.99892277
vn -0.14647353 -0.3120445 -0.9387085
vn -0.8435008 0.5371092 -0.0044822674
vn -0.8354613 0.5495038 -0.0070809885
vn -0.31519017 -0.56133413 -0.7652184
vn -0.8284391 0.55989826 -0.0142334895
vn 0.85510725 -0.5124063 0.078939945
vn 0.31523886 0.56133604 0.765197
vn -0.8284391 0.55989826 -0.0142334895
vn -0.8354613 0.5495038 -0.0070809885
vn -0.44536498 -0.7431014 -0.49945012
vn -0.82269555 0.5679106 -0.025486838
vn 0.8605817 -0.5047786 0.06780608
vn 0.44570807 0.74300176 0.49929225
vn -0.82269555 0.5679106 -0.025486838
vn -0.8284391 0.55989826 -0.0142334895
vn -0.5221078 -0.8350292 -0.17357898
vn -0.8196294 0.57154113 -0.03935127
vn 0.8640074 -0.50058496 0.053906582
vn 0.5221078 0.8350292 0.17357898
vn -0.8196294 0.57154113 -0.03935127
vn -0.82269555 0.5679106 -0.025486838
vn -0.535909 -0.82626903 0.17343879
vn -0.8191293 0.57106465 -0.053966478
vn 0.8644613 -0.5011577 0.03933921
vn 0.53591746 0.8262637 -0.17343765
vn -0.8191293 0.57106465 -0.053966478
vn -0.8196294 0.57154113 -0.03935127
vn -0.48494115 -0.71792257 0.499419
vn -0.82135886 0.56638366 -0.067668736
vn 0.86231023 -0.50573224 0.025612053
vn 0.4849348 0.7178357 -0.49954998
vn -0.82135886 0.56638366 -0.067668736
vn -0.8191293 0.57106465 -0.053966478
vn -0.37554404 -0.5228983 0.7652085
vn -0.82589054 0.55827874 -0.07892816
vn 0.8577063 -0.5139395 0.014352923
vn 0.37554753 0.5229031 -0.76520354
vn -0.82589054 0.55827874 -0.07892816
vn -0.82135886 0.56638366 -0.067668736
vn -0.22116947 -0.26474053 0.9386142
vn -0.8323993 0.5474068 -0.08635485
vn 0.8509003 -0.52528155 0.0069319904
vn 0.22069238 0.264931 -0.9386728
vn -0.8323993 0.5474068 -0.08635485
vn -0.82589054 0.55827874 -0.07892816
vn -0.03908866 0.02517696 0.99891853
vn -0.84016025 0.535017 -0.08881186
vn 0.84343755 -0.5372098 0.0043332987
vn 0.03908878 -0.025177035 -0.99891853
vn -0.84016025 0.535017 -0.08881186
vn -0.8323993 0.5474068 -0.08635485
vn 0.1469608 0.31204134 0.9386334
vn -0.8479508 0.5229896 -0.08637815
vn 0.83546215 -0.5495044 0.0069319853
vn -0.1469372 -0.31213728 -0.93860525
vn -0.8479508 0.5229896 -0.08637815
vn -0.84016025 0.535017 -0.08881186
vn 0.315178 0.5613337 0.7652237
vn -0.85505056 0.51250345 -0.07892234
vn 0.8285006 -0.5598042 0.0143527305
vn -0.31519017 -0.56133413 -0.7652184
vn -0.85505056 0.51250345 -0.07892234
vn -0.8479508 0.5229896 -0.08637815
vn 0.4457919 0.74290705 0.49935827
vn -0.8606459 0.5046859 -0.06768127
vn 0.8228883 -0.56762594 0.025606107
vn -0.4453867 -0.7430979 -0.49943584
vn -0.8606459 0.5046859 -0.06768127
vn -0.85505056 0.51250345 -0.07892234
vn 0.52245754 0.8348449 0.17341343
vn -0.8639499 0.5006816 -0.05393056
vn 0.81983054 -0.57125396 0.039327353
vn -0.52243364 -0.8348639 -0.17339352
vn -0.8639499 0.5006816 -0.05393056
vn -0.8606459 0.5046859 -0.06768127
vn 0.53620774 0.826061 -0.17350668
vn -0.8644613 0.5011577 -0.03933921
vn 0.8191337 -0.57105947 0.053954057
vn -0.5359053 -0.82624495 0.17356485
vn -0.8644613 0.5011577 -0.03933921
vn -0.8639499 0.5006816 -0.05393056
vn 0.4848825 0.7179241 -0.49947366
vn -0.86225605 0.5058309 -0.025487045
vn 0.8212849 -0.5664774 0.067781776
vn -0.4849367 -0.7179162 0.49943238
vn -0.86225605 0.5058309 -0.025487045
vn -0.8644613 0.5011577 -0.03933921
vn 0.37558153 0.5228053 -0.76525366
vn -0.8576531 0.5140316 -0.014233619
vn -0.85113233 0.5249035 -0.0070810467
vn 0.82589054 -0.55827874 0.07892816
vn -0.37560728 -0.5229033 0.76517403
vn -0.8576531 0.5140316 -0.014233619
vn -0.86225605 0.5058309 -0.025487045
vn 0.2207031 0.2648342 -0.93869746
vn 0.8324115 -0.54740703 0.08623567
vn 0.039100513 -0.024986181 -0.99892277
vn -0.8435008 0.5371092 -0.0044822674
vn 0.8400483 -0.5352047 0.08873984
vn -0.039100423 0.025081491 0.99892044
vn -0.2206798 -0.26493022 0.93867594
vn -0.8576531 0.5140316 -0.014233619
vn -0.85113233 0.5249035 -0.0070810467
vn -0.8435008 0.5371092 -0.0044822674
vn -0.85113233 0.5249035 -0.0070810467
vn -0.998481 0.048351664 -0.026416983
vn -0.9013444 0.4238143 -0.08921652
vn -0.9019218 0.41103736 -0.13260962
vn -0.9979937 0.061034996 0.016832307
vn -0.9431165 -0.32224795 0.08177793
vn -0.90115774 0.40245372 -0.16107684
vn -0.94265544 -0.309466 0.12502618
vn -0.74415064 -0.6443965 0.17604794
vn -0.9976745 0.039958473 -0.055217084
vn -0.90101326 0.4027392 -0.16117197
vn -0.74373555 -0.6315136 0.21919872
vn -0.43195865 -0.86890024 0.24171086
vn -0.99767715 0.03995858 -0.05516955
vn -0.8970647 0.38327786 -0.2199389
vn -0.9423653 -0.33034998 0.053071525
vn -0.43152153 -0.8560098 0.28466904
vn -0.053931966 -0.96166205 0.268882
vn -0.99317944 0.022315959 -0.11444083
vn -0.0153302 0.28753066 0.9576488
vn -0.019312007 0.28219375 0.95916307
vn -0.94235545 -0.33035487 0.053215366
vn -0.74363446 -0.6522135 0.1470556
vn -0.93807364 -0.34637153 -0.0066756625
vn -0.023245605 0.27370209 0.96153355
vn -0.20189169 -0.9111419 0.35924965
vn 0.33248386 -0.90844643 0.253337
vn -0.7436264 -0.6522273 0.14703487
vn -0.74005586 -0.66689783 0.086974226
vn -0.021767836 0.26245385 0.96469903
vn -0.4314853 -0.87672764 0.21252994
vn 0.2850473 -0.663948 0.69131845
vn 0.66804445 -0.71745723 0.1974128
vn -0.42947063 -0.8901499 0.15227629
vn -0.012385728 0.25567764 0.96668273
vn -0.4314819 -0.87669647 0.21266541
vn -0.13259813 -0.96195066 0.23889032
vn 0.5617893 -0.4701645 0.68068945
vn 0.9019235 -0.4177139 0.10976911
vn 0.7538714 -0.1920679 0.62832147
vn -0.19248499 -0.9727666 0.12913
vn 0.0024735793 0.2426134 0.97011983
vn -0.13311385 -0.96187806 0.23889595
vn 0.3043069 -0.9228566 0.23607847
vn 0.6260134 -0.75158805 0.20790026
vn 0.9018389 -0.41189045 0.13050985
vn 0.90185016 -0.4118956 0.13041613
vn 0.6249038 -0.7524451 0.20813833
vn 0.79648113 -0.4980063 -0.34293962
vn 0.30382058 -0.9229956 0.23616119
vn 0.6864522 -0.663278 -0.2980698
vn 0.8845887 -0.4612965 -0.06861749
vn 0.38846144 -0.8945604 -0.22104129
vn 0.72378814 -0.6893129 -0.03128039
vn 0.4374126 -0.8955913 -0.08115729
vn 0.017815745 0.24566536 0.9691909
vn 0.04354687 0.2396568 0.9698805
vn 0.060367066 0.25234008 0.9657538
vn -0.74360913 -0.65241337 0.14629473
vn -0.0029682775 0.27551332 0.9612927
vn -0.4314418 -0.8768784 0.21199572
vn -0.0044582244 0.27693442 0.96087855
vn -0.9422807 -0.33073524 0.05216614
vn -0 0.28067374 0.9598032
vn -0.0059364233 0.27884498 0.96031773
vn -0.997638 0.039672825 -0.05607601
vn -0 0.28067374 0.9598032
vn -0 0.28067374 0.9598032
vn -0.005936742 0.28095806 0.95970166
vn -0.9010378 0.40226263 -0.16222112
vn -0.0049591134 0.28314635 0.95906395
vn -0 0.2807616 0.95977753
vn -0 0.28067374 0.9598032
vn -0 0.2806609 0.9598069
vn 0.66714567 -0.72574925 0.16794276
vn 0.004959112 0.2780917 0.9605417
vn 0.90108377 -0.42619923 0.08001368
vn 0.003456974 0.27655792 0.960991
vn 0.33157587 -0.9165633 0.22353807
vn -0 0.28067374 0.9598032
vn 0.0019848167 0.275514 0.961295
vn -0.053934436 -0.9694996 0.23908474
vn -0 0.2807616 0.95977753
vn -0 0.28067374 0.9598032
vn -0 0.27513674 0.96140504
vn -0.4314418 -0.8768784 0.21199572
vn -0.0029682775 0.27551332 0.9612927
vn -0 0.28067374 0.9598032
vn -0 0.28067374 0.9598032
vn -0 0.28067374 0.9598032
vn 0.89581996 -0.44432175 0.009203058
vn 0.9019235 -0.4177139 0.10976911
vn 0.66804445 -0.71745723 0.1974128
vn 0.66360253 -0.7418767 0.09617979
vn 0.89314044 -0.4495624 -0.013923655
vn 0.33248386 -0.90844643 0.253337
vn 0.6612371 -0.74663955 0.072766125
vn 0.90108377 -0.42619923 0.08001368
vn 0.66714567 -0.72574925 0.16794276
vn 0.32963228 -0.9318372 0.15172993
vn -0.053931966 -0.96166205 0.268882
vn 0.32910132 -0.9355553 0.12817393
vn 0.33157587 -0.9165633 0.22353807
vn -0.053442538 -0.98446923 0.16722532
vn -0.43195865 -0.86890024 0.24171086
vn -0.05344474 -0.98822916 0.14334187
vn -0.053934436 -0.9694996 0.23908474
vn -0.42937008 -0.8921666 0.14028616
vn -0.74415064 -0.6443965 0.17604794
vn -0.4275578 -0.8964326 0.116631605
vn -0.4314418 -0.8768784 0.21199572
vn -0.73946637 -0.6690018 0.0750064
vn -0.9431165 -0.32224795 0.08177793
vn -0.7367939 -0.6741388 0.05168811
vn -0.74360913 -0.65241337 0.14629473
vn -0.93677986 -0.34942976 -0.018501468
vn -0.998481 0.048351664 -0.026416983
vn -0.93391216 -0.355054 -0.04177106
vn -0.9422807 -0.33073524 0.05216614
vn -0.99180263 0.01897822 -0.1263625
vn -0.9019218 0.41103736 -0.13260962
vn -0.89590955 0.37908724 -0.23160085
vn -0.98876965 0.012016298 -0.14896394
vn -0.997638 0.039672825 -0.05607601
vn -0.8930933 0.37126583 -0.25405914
vn -0.9010378 0.40226263 -0.16222112
vn -0.9013444 0.4238143 -0.08921652
vn -0.6679375 0.7108646 -0.22029746
vn -0.9019218 0.41103736 -0.13260962
vn -0.667534 0.7232641 -0.17688213
vn -0.3325016 0.90178657 -0.2760863
vn -0.6674673 0.7019071 -0.2486239
vn -0.90115774 0.40245372 -0.16107684
vn -0.3320603 0.9141047 -0.23269854
vn 0.053938784 0.9550149 -0.29161143
vn -0.6676783 0.7017 -0.24864192
vn -0.90101326 0.4027392 -0.16117197
vn -0.3320406 0.8927372 -0.30458066
vn 0.05344271 0.96721095 -0.24828771
vn 0.4320014 0.8622147 -0.2645009
vn -0.33243665 0.89261705 -0.30450064
vn -0.6641923 0.68150157 -0.30725273
vn -0.8970647 0.38327786 -0.2199389
vn -0.0153302 0.28753066 0.9576488
vn -0.012385737 0.29325232 0.95595485
vn -0.33058518 0.87127674 -0.3627538
vn -0.008416155 0.30231398 0.9531713
vn 0.05343913 0.9241424 -0.37829235
vn 0.000989435 0.311374 0.95028687
vn 0.05393576 0.9457849 -0.32028422
vn 0.42956552 0.8318801 -0.35135323
vn 0.01435293 0.30823037 0.95120347
vn 0.032162827 0.30212557 0.9527254
vn 0.05394223 0.94577235 -0.32031992
vn 0.43144208 0.85313314 -0.2932943
vn 0.6353216 0.6854141 -0.35577247
vn 0.43150812 0.8530982 -0.29329872
vn 0.92624915 0.08382733 -0.36747175
vn 0.039577875 0.28896618 0.9565209
vn 0.060367536 0.2729414 0.96013474
vn 0.6878811 0.6840664 -0.24263713
vn 0.43194318 0.8743291 -0.22130026
vn 0.7441524 0.6377224 -0.19886503
vn 0.8640524 0.058937054 -0.49993974
vn 0.9623486 -0.21114257 -0.17118381
vn 0.6880769 0.68389267 -0.24257159
vn 0.6329375 0.7631394 -0.13041654
vn 0.943112 0.3155707 -0.10466572
vn 0.8845887 -0.4612965 -0.06861749
vn 0.060367066 0.25234008 0.9657538
vn 0.8612903 -0.31318778 -0.40011555
vn 0.79648113 -0.4980063 -0.34293962
vn 0.93221223 0.3368362 -0.13236938
vn 0.99993217 -0.0004768394 -0.011634881
vn 0.90185016 -0.4118956 0.13041613
vn 0.93251246 0.33607835 -0.13218062
vn 0.82642764 0.4208551 0.37402987
vn 0.99847776 -0.055027258 0.0037670308
vn 0.9999348 -0.002193467 -0.011205754
vn 0.9018389 -0.41189045 0.13050985
vn 0.8526378 0.11262964 0.5102189
vn 0.9019235 -0.4177139 0.10976911
vn 0.7538714 -0.1920679 0.62832147
vn 0.05343929 0.9455681 -0.32100677
vn 0.43149617 0.85290736 -0.29387087
vn 0.0024795097 0.28581116 0.95828277
vn 0.00049398234 0.28634587 0.9581261
vn -0.33161712 0.8925933 -0.3054625
vn -0 0.280617 0.9598198
vn -0 0.2806609 0.9598069
vn -0 0.28067374 0.9598032
vn -0.001978851 0.28595588 0.95824075
vn -0.667208 0.70181483 -0.24957865
vn -0 0.2806609 0.9598069
vn -0 0.2806609 0.9598069
vn -0 0.2806609 0.9598069
vn -0.003969572 0.2848555 0.9585622
vn -0.9010378 0.40226263 -0.16222112
vn -0.0049591134 0.28314635 0.95906395
vn 0.99764496 -0.06361047 -0.025654
vn 0.90108377 -0.42619923 0.08001368
vn 0.004959112 0.2780917 0.9605417
vn 0.0054358 0.28046823 0.9598479
vn 0.9422984 0.30674824 -0.13408612
vn -0 0.28067374 0.9598032
vn -0 0.28067374 0.9598032
vn -0 0.28067374 0.9598032
vn 0.0059366343 0.2824789 0.9592552
vn 0.7436081 0.62842745 -0.22831099
vn -0 0.2806609 0.9598069
vn -0 0.2806609 0.9598069
vn -0 0.2806609 0.9598069
vn 0.0044584456 0.28443453 0.9586851
vn 0.43149617 0.85290736 -0.29387087
vn 0.0024795097 0.28581116 0.95828277
vn 0.99847776 -0.055027258 0.0037670308
vn 0.9019235 -0.4177139 0.10976911
vn 0.89581996 -0.44432175 0.009203058
vn 0.9918025 -0.08401913 -0.09627391
vn 0.943112 0.3155707 -0.10466572
vn 0.89314044 -0.4495624 -0.013923655
vn 0.936857 0.2841923 -0.2037983
vn 0.7441524 0.6377224 -0.19886503
vn 0.7392305 0.60424954 -0.2973564
vn 0.4320014 0.8622147 -0.2645009
vn 0.42901048 0.8273126 -0.36263472
vn 0.053938784 0.9550149 -0.29161143
vn 0.053442653 0.9194661 -0.3895202
vn -0.3325016 0.90178657 -0.2760863
vn -0.3296322 0.86679626 -0.37417486
vn -0.6679375 0.7108646 -0.22029746
vn -0.66321737 0.6771052 -0.31885934
vn -0.9019218 0.41103736 -0.13260962
vn -0.89590955 0.37908724 -0.23160085
vn -0.8930933 0.37126583 -0.25405914
vn -0.66122013 0.66819394 -0.34103495
vn -0.9010378 0.40226263 -0.16222112
vn -0.667208 0.70181483 -0.24957865
vn -0.32905987 0.857196 -0.39614975
vn -0.33161712 0.8925933 -0.3054625
vn 0.053439476 0.90979576 -0.4116015
vn 0.05343929 0.9455681 -0.32100677
vn 0.42758518 0.81802434 -0.38471702
vn 0.43149617 0.85290736 -0.29387087
vn 0.7368806 0.5956652 -0.31967175
vn 0.7436081 0.62842745 -0.22831099
vn 0.933876 0.27680114 -0.22639996
vn 0.9422984 0.30674824 -0.13408612
vn 0.9887472 -0.090503834 -0.1191141
vn 0.99764496 -0.06361047 -0.025654
vn 0.90108377 -0.42619923 0.08001368
vn -0.9863506 0.16126454 0.033259027
vn 0.39245707 0.07228782 0.91692525
vn -0.9001501 0.43144265 -0.0598908
vn 0.10094606 -0.44135892 0.8916346
vn -0.9927135 0.110245876 0.048637886
vn 0.9272417 -0.2817178 0.24669382
vn 0.88790214 -0.35867992 0.28805977
vn 0.13709262 -0.49105388 0.86027414
vn -0.9988569 0.040149786 0.025940003
vn 0.77152306 0.15077601 -0.61807674
vn 0.6507678 -0.4935297 -0.5770006
vn -0.7508311 0.18968666 -0.6326703
vn -0.61902833 0.42362103 -0.66132367
vn -0.9001501 0.43144265 -0.0598908
vn -0.9863506 0.16126454 0.033259027
vn 0.76593876 0.21381243 -0.6063185
vn -0.65462685 0.42753282 -0.62344164
vn -0.9927135 0.110245876 0.048637886
vn -0.9988569 0.040149786 0.025940003
vn 0.1538758 -0.59051687 0.79221964
vn -0.99824786 -0.033282876 -0.048922967
vn 0.9388483 -0.25997263 0.22578329
vn 0.9495534 -0.21858299 0.22487728
vn 0.1855678 -0.7603916 0.62239003
vn -0.97542316 -0.08955047 -0.20132169
vn 0.7652684 0.3566706 -0.5358642
vn -0.6711539 0.4673997 -0.57540417
vn 0.25582224 -0.93631417 0.24056348
vn -0.93278354 -0.08153869 -0.35109323
vn 0.956917 -0.17271045 0.23341183
vn -0.68638235 0.5559914 -0.46877798
vn -0.99824786 -0.033282876 -0.048922967
vn -0.97542316 -0.08955047 -0.20132169
vn 0.75281626 0.5642009 -0.3390355
vn 0.95574194 -0.13389495 0.26197252
vn 0.33940992 -0.9289666 -0.14772294
vn -0.88531196 -0.016021589 -0.4647214
vn 0.67156965 0.7389936 0.053691242
vn -0.7066228 0.6566981 -0.26349938
vn 0.9414822 -0.13379923 0.309369
vn 0.54779917 0.7163161 0.43221202
vn -0.7388873 0.6719628 -0.050115876
vn -0.93278354 -0.08153869 -0.35109323
vn 0.4339516 -0.7985224 -0.41719052
vn -0.82304066 0.106811 -0.557849
vn 0.43445346 0.5638215 0.70239264
vn -0.7843321 0.6117871 0.10266389
vn -0.88531196 -0.016021589 -0.4647214
vn 0.92106515 -0.16813397 0.35124075
vn 0.5681376 -0.5457974 -0.61589366
vn -0.73697615 0.26989 -0.619698
vn -0.85611916 0.479606 0.19245277
vn -0.82304066 0.106811 -0.557849
vn -0.73697615 0.26989 -0.619698
vn 0.9011075 -0.22888297 0.3682631
vn 0.31471145 0.29106042 0.90346026
vn 0.69583106 -0.18949683 -0.6927554
vn -0.6387979 0.41256145 -0.64940757
vn 0.8928427 -0.28791073 0.34632257
vn 0.18258373 -0.06752118 0.98086905
vn -0.9297492 0.31013095 0.19845714
vn 0.7523499 0.08640245 -0.6530729
vn -0.53839165 0.50992465 -0.6709034
vn 0.90784425 -0.30555522 0.28714943
vn 0.093509495 -0.34170783 0.93514264
vn -0.97118956 0.20150961 0.12721904
vn -0.6387979 0.41256145 -0.64940757
vn -0.9885944 0.14076117 0.053548366
vn -0.53839165 0.50992465 -0.6709034
vn 0.7625803 0.23384048 -0.60315007
vn -0.7495465 0.18854298 -0.63453245
vn 0.92706203 -0.3016456 0.22263414
vn -0.9002594 0.43067488 -0.06365711
vn -0.7495465 0.18854298 -0.63453245
vn -0.86552924 -0.14562577 -0.4792204
vn 0.01978878 -0.5246172 0.85110825
vn -0.97118956 0.20150961 0.12721904
vn -0.9885944 0.14076117 0.053548366
vn 0.42801267 0.050259057 0.9023742
vn 0.8973079 -0.38375673 0.21810426
vn -0.71341795 0.6923656 -0.10800331
vn -0.850826 -0.0129700545 -0.5252873
vn 0.5911858 0.6196055 0.51632196
vn -0.7315204 0.68169063 -0.013256156
vn -0.79925543 0.14467326 -0.5833184
vn 0.85532415 -0.44546 0.26454848
vn 0.51858205 0.5105951 0.68583196
vn -0.71341795 0.6923656 -0.10800331
vn -0.7315204 0.68169063 -0.013256156
vn 0.6485179 -0.4929509 -0.58002067
vn 0.17123835 -0.9512288 -0.25659525
vn -0.86552924 -0.14562577 -0.4792204
vn 0.26426142 -0.8919657 -0.3668284
vn -0.850826 -0.0129700545 -0.5252873
vn 0.86024326 -0.40083173 0.3151436
vn 0.4265656 -0.72948414 -0.53469115
vn -0.79925543 0.14467326 -0.5833184
vn 0.850655 -0.37221965 0.37126598
vn 0.6295511 -0.4222916 -0.6521773
vn -0.7179697 0.31766716 -0.61936027
vn 0.77805567 -0.1091004 -0.61864895
vn -0.6446836 0.46634656 -0.605726
vn 0.8751031 0.14476968 -0.46177524
vn -0.60070115 0.5842263 -0.5457452
vn 0.7798942 -0.450899 0.4341143
vn 0.912934 0.38156736 -0.14476861
vn -0.5884626 0.68597543 -0.4279598
vn 0.81676775 -0.3980604 0.41765827
vn 0.7577184 -0.5020144 0.4169466
vn 0.0044344747 -0.29830188 0.9544612
vn 0.17717035 0.015545025 0.98405737
vn 0.82115865 0.51297975 0.2501003
vn -0.6115818 0.7416609 -0.2755122
vn 0.37959343 0.3270211 0.8654282
vn -0.7714796 0.6274262 0.10562008
vn -0.8533952 0.48513395 0.19068712
vn -0.7179697 0.31766716 -0.61936027
vn -0.6446836 0.46634656 -0.605726
vn -0.92668504 0.32644263 0.18625253
vn -0.60070115 0.5842263 -0.5457452
vn -0.9766187 0.19550492 0.08940774
vn -0.5884626 0.68597543 -0.4279598
vn -0.09744285 -0.5774568 0.8105853
vn -0.99168843 0.08535473 -0.09627441
vn 0.75652075 -0.5331956 0.37865376
vn -0.9485311 0.030708529 -0.31519154
vn -0.6115818 0.7416609 -0.2755122
vn -0.6503726 0.7384193 -0.17819148
vn -0.11977627 -0.8472073 0.5175842
vn 0.7802232 -0.52699935 0.33693248
vn -0.023747243 -0.99290174 0.116542704
vn -0.89613897 0.016784575 -0.4434561
vn 0.09550695 -0.9850138 -0.14361805
vn -0.866423 0.0029564241 -0.49930188
vn -0.6942341 0.70858693 -0.12626772
vn -0.73175997 0.67158276 -0.116206124
vn 0.8079692 -0.5022956 0.30803394
vn -0.8494578 -0.038051438 -0.52628285
vn -0.9001501 0.43144265 -0.0598908
vn -0.7508311 0.18968666 -0.6326703
vn 0.18802379 -0.94503045 -0.26751542
vn 0.23603964 -0.9229865 -0.30394274
vn 0.6507678 -0.4935297 -0.5770006
vn 0.88790214 -0.35867992 0.28805977
vn 0.84581435 -0.44498473 0.2942564
vn 0.39245707 0.07228782 0.91692525
vn 0.7112007 0.5267129 0.46558252
vn -0.6503726 0.7384193 -0.17819148
vn 0.6412933 0.51946235 0.5647139
vn -0.6942341 0.70858693 -0.12626772
vn 0.8323206 -0.47359538 0.28801006
vn 0.5887067 0.5351098 0.60587287
vn -0.73175997 0.67158276 -0.116206124
vn -0.9001501 0.43144265 -0.0598908
vn 0.12717238 -0.6474491 -0.75142324
vn -0.85666066 0.30593833 -0.41537234
vn 0.2083282 -0.36897317 -0.90579146
vn -0.8432351 -0.059890483 -0.5341983
vn 0.13012984 -0.61645967 -0.7765589
vn -0.8833061 0.34913585 -0.31284896
vn -0.3558187 -0.4984895 -0.7905069
vn 0.159838 -0.48838335 -0.8578657
vn -0.96366197 0.11301016 -0.242042
vn -0.8831947 0.34932968 -0.31294715
vn -0.30527127 -0.37212387 -0.87654626
vn 0.18651594 -0.331976 -0.9246642
vn -0.9739851 -0.0055312966 -0.22654477
vn -0.97243404 0.060081244 -0.22530466
vn -0.8831978 0.3492355 -0.31304356
vn -0.3097541 -0.21867798 -0.9253283
vn 0.14155225 0.9577964 -0.25017816
vn -0.8425792 0.38919815 -0.37227026
vn -0.95755225 0.058269 -0.282309
vn -0.9638305 0.04329679 -0.26297554
vn -0.9757936 -0.019550204 -0.21781787
vn -0.9657646 0.10213877 -0.23846684
vn -0.8983569 0.3872853 -0.20728011
vn -0.9772915 -0.03290143 -0.20932937
vn -0.98997843 0.089549385 0.10919494
vn -0.1593359 0.3493326 0.92335194
vn -0.249412 -0.22773954 0.9412376
vn -0.69570476 -0.23145655 0.6800168
vn -0.26080835 -0.28410205 0.9226402
vn -0.969159 0.029468883 -0.24466799
vn -0.697257 -0.09031319 0.7111091
vn -0.25532722 -0.12712716 0.95846057
vn -0.861141 0.43134537 -0.26903057
vn -0.7134018 0.12941465 0.6887015
vn -0.22659032 0.11987543 0.96658504
vn 0.13115083 0.9896987 -0.05740977
vn -0.8535141 0.41074726 -0.3206251
vn 0.13656232 0.9797775 -0.14624184
vn 0.13115083 0.9896987 -0.05740977
vn 0.14155225 0.9577964 -0.25017816
vn 0.86075777 -0.311659 0.40244827
vn -0.1593359 0.3493326 0.92335194
vn -0.249412 -0.22773954 0.9412376
vn 0.76754844 -0.3192933 0.5558068
vn 0.8832008 -0.34914133 0.31313998
vn -0.26080835 -0.28410205 0.9226402
vn 0.91287804 -0.28276354 0.29444602
vn 0.8832192 -0.34913924 0.31309044
vn 0.28705475 -0.31537876 0.9045086
vn -0.25532722 -0.12712716 0.95846057
vn 0.9151609 -0.27665824 0.29315665
vn 0.88312924 -0.34923667 0.31323537
vn 0.9348323 -0.21371682 0.28357297
vn 0.2765961 -0.16947202 0.9459248
vn -0.22659032 0.11987543 0.96658504
vn 0.9318404 -0.22010927 0.28848812
vn 0.9437094 -0.16698855 0.2855304
vn 0.9117663 -0.2853412 0.2954026
vn 0.8973019 -0.38423094 0.2172922
vn 0.32858065 0.044058703 0.9434477
vn 0.13115083 0.9896987 -0.05740977
vn 0.93733966 0.24404447 0.24866979
vn 0.92855656 -0.22678657 0.29385456
vn 0.8891378 -0.45585805 0.040340573
vn 0.2083282 -0.36897317 -0.90579146
vn 0.12717238 -0.6474491 -0.75142324
vn 0.6087682 -0.6146332 -0.50162464
vn 0.13012984 -0.61645967 -0.7765589
vn 0.9384426 -0.1774794 0.2963553
vn 0.93259925 -0.18854165 0.3077511
vn 0.6151158 -0.51536214 -0.5966862
vn 0.159838 -0.48838335 -0.8578657
vn 0.9490751 0.20742466 0.23713169
vn 0.6664746 -0.37708244 -0.6431334
vn 0.18651594 -0.331976 -0.9246642
vn 0.14155225 0.9577964 -0.25017816
vn 0.9598567 0.16765305 0.22487254
vn 0.14155225 0.9577964 -0.25017816
vn 0.13656232 0.9797775 -0.14624184
vn 0.13115083 0.9896987 -0.05740977
vn 0.3993984 -0.10108936 -0.9111871
vn 0.2083282 -0.36897317 -0.90579146
vn -0.85666066 0.30593833 -0.41537234
vn -0.601029 0.42619672 -0.6761069
vn 0.37265036 -0.12998654 -0.9188227
vn -0.741761 0.5578944 -0.37221563
vn -0.8833061 0.34913585 -0.31284896
vn -0.8831947 0.34932968 -0.31294715
vn -0.023245713 0.16794133 -0.98552287
vn 0.27760318 -0.25186583 -0.92709225
vn -0.6561118 0.6317213 -0.4128505
vn -0.7039479 0.5982341 -0.38284886
vn -0.10440229 0.029468194 -0.99409854
vn 0.16280203 -0.37917602 -0.9108903
vn -0.73415864 0.5664797 -0.3743153
vn -0.8831978 0.3492355 -0.31304356
vn -0.6447292 0.6439186 -0.41193816
vn -0.7055865 0.563239 -0.43001097
vn -0.2330447 -0.064848885 -0.97030145
vn -0.6822616 -0.6931214 0.23259813
vn -0.90065616 0.27275088 -0.33826834
vn -0.66360706 0.7435718 -0.08201511
vn -0.8983569 0.3872853 -0.20728011
vn -0.1593359 0.3493326 0.92335194
vn 0.21969767 0.71256906 0.6663169
vn -0.6336074 0.65555376 -0.4108417
vn -0.114809625 0.93364024 0.33931482
vn 0.25083402 0.74117744 0.6226863
vn -0.6832442 0.6027293 -0.4121829
vn -0.21429464 0.8781599 0.4276833
vn 0.14450213 0.67432743 0.7241558
vn -0.69420457 0.58374506 -0.42109567
vn -0.91237414 0.292778 -0.28610227
vn -0.92128444 0.31080222 -0.2337454
vn -0.39342847 0.7707752 0.5011184
vn -0.020288868 0.53328013 0.8456954
vn -0.67003024 -0.6171304 0.4125647
vn -0.67003024 -0.6171304 0.4125647
vn -0.67892575 -0.6549883 0.33173805
vn -0.6822616 -0.6931214 0.23259813
vn 0.52549136 -0.7028645 0.47941655
vn -0.6822616 -0.6931214 0.23259813
vn -0.67892575 -0.6549883 0.33173805
vn 0.4918193 -0.7091658 0.50517094
vn 0.7857644 -0.48341528 0.38585484
vn -0.67003024 -0.6171304 0.4125647
vn 0.45958856 -0.7136175 0.52870446
vn 0.7931227 -0.46825373 0.38948032
vn 0.6406419 -0.46433485 -0.6115316
vn 0.55879354 -0.5922443 -0.5805139
vn -0.6822616 -0.6931214 0.23259813
vn 0.16280203 -0.37917602 -0.9108903
vn 0.27760318 -0.25186583 -0.92709225
vn 0.37265036 -0.12998654 -0.9188227
vn 0.73172283 -0.36859128 -0.57334304
vn 0.3993984 -0.10108936 -0.9111871
vn 0.8159238 -0.4526181 0.35972932
vn 0.9070797 -0.41989928 0.029849757
vn 0.2083282 -0.36897317 -0.90579146
vn 0.8973019 -0.38423094 0.2172922
vn 0.88312924 -0.34923667 0.31323537
vn 0.8495537 -0.41017377 0.33168668
vn 0.81179124 -0.4606246 0.35891524
vn 0.8446703 -0.41790056 0.33450162
vn 0.8832192 -0.34913924 0.31309044
vn 0.8832008 -0.34914133 0.31313998
vn 0.8080078 -0.46806747 0.35782176
vn 0.8482066 -0.412373 0.33240655
vn 0.86075777 -0.311659 0.40244827
vn 0.84147644 -0.17118493 0.512458
vn 0.7788576 -0.49734348 0.3821391
vn 0.21969767 0.71256906 0.6663169
vn -0.1593359 0.3493326 0.92335194
vn 0.25083402 0.74117744 0.6226863
vn 0.6139496 0.33874398 0.71296453
vn 0.14450213 0.67432743 0.7241558
vn 0.507147 0.29230508 0.8107772
vn -0.020288868 0.53328013 0.8456954
vn 0.37994868 0.14600478 0.91341203
vn -0.67003024 -0.6171304 0.4125647
vn -0.023245605 0.27370209 0.96153355
vn -0.005436 0.28181362 0.95945376
vn -0.019312007 0.28219375 0.95916307
vn -0.0049590836 0.27999747 0.95998794
vn -0.021767836 0.26245385 0.96469903
vn -0.005435944 0.28095248 0.95970637
vn -0.0054359986 0.2818136 0.95945376
vn -0.02627386 0.28276584 0.958829
vn -0.0034570566 0.27837652 0.9604657
vn -0.012385728 0.25567764 0.96668273
vn -0.0014781981 0.27713832 0.9608289
vn 0.0024735793 0.2426134 0.97011983
vn 0.00049471913 0.27656588 0.9609948
vn 0.017815745 0.24566536 0.9691909
vn 0.0024676109 0.2767539 0.9609376
vn 0.04354687 0.2396568 0.9698805
vn 0.004458421 0.27761418 0.96068233
vn 0.060367066 0.25234008 0.9657538
vn 0.0049591525 0.2784755 0.96043044
vn 0.060367536 0.2729414 0.96013474
vn 0.005435988 0.27961957 0.9600955
vn 0.0054359855 0.27904722 0.960262
vn 0.0054359874 0.27961957 0.9600955
vn 0.025796656 0.27389276 0.9614142
vn 0.027704023 0.27818465 0.96012807
vn 0.9985474 -0.05168929 0.015211146
vn 0.9689039 -0.23746945 0.069524184
vn 0.0029087053 -0.27952182 -0.960135
vn 0.026750423 0.26845792 0.96291995
vn 0.004959152 0.27847546 0.96043044
vn 0.0049591293 0.27799737 0.960569
vn 0.021791697 0.26541045 0.9638892
vn 0.0029087053 -0.280094 -0.95996815
vn 0.9020888 -0.41418454 0.121189274
vn 0.80033934 -0.5754413 0.16829798
vn 0.00047683704 -0.27961725 -0.96011144
vn -0 -0.27942866 -0.9601665
vn -0.0005125939 -0.2793279 -0.96019566
vn 0.0044345954 0.2775198 0.96070975
vn 0.019287921 0.26130486 0.96506363
vn 0.0034570843 0.27694818 0.9608787
vn 0.66841304 -0.71392757 0.20864214
vn 0.017309403 0.25368053 0.9671331
vn 0.5101721 -0.8255069 0.24137685
vn 0.00047683704 -0.27961725 -0.96011144
vn -0 -0.27932787 -0.9601957
vn 0.003004048 -0.28085464 -0.95974565
vn 0.002980228 -0.28123817 -0.95963347
vn 0.00047683704 -0.27961725 -0.96011144
vn -0 -0.27913928 -0.9602506
vn -0 -0.27961728 -0.96011156
vn 0.0014543604 -0.2817168 -0.95949644
vn -0.4067231 -0.06551821 -0.9111991
vn -0.4811144 -0.16546167 -0.8609014
vn -0 -0.27942863 -0.9601665
vn -0.23355494 0.03852846 -0.97157997
vn -0 -0.27961728 -0.96011156
vn 0.0015020265 -0.2819995 -0.9594134
vn -0 -0.27980593 -0.9600566
vn 0.0009894414 -0.2822888 -0.959329
vn -0 0.07657982 -0.99706346
vn -0 -0.27942863 -0.9601665
vn -0 -0.27961728 -0.96011156
vn 0.332517 -0.905213 0.2646165
vn -0 -0.27904496 -0.9602781
vn 0.23309003 0.038337726 -0.9716992
vn 0.00049471686 -0.28247732 -0.9592738
vn 0.011873023 0.2510024 0.96791357
vn 0.4062331 -0.06561337 -0.91141075
vn 0.48095816 -0.1655566 -0.8609706
vn 0.000488756 -0.27913928 -0.9602505
vn -0 -0.27980593 -0.9600566
vn 0.14251263 -0.95003664 0.27770594
vn 0.0024796054 0.27657136 0.96099013
vn 0.0005125939 -0.2793279 -0.96019566
vn -0 -0.27961728 -0.96011156
vn -0 -0.28238317 -0.9593017
vn 0.0064313337 0.24404497 0.9697426
vn 0.0014841218 0.27655923 0.9609957
vn -0.05393478 -0.95841664 0.2802296
vn -0.0010013542 -0.28247726 -0.9592735
vn -0 -0.27971157 -0.9600841
vn -0.0019818859 0.24023438 0.97071284
vn 0.00049172755 0.2765595 0.9609966
vn -0 -0.27952296 -0.96013904
vn -0.2474271 -0.9299588 0.27194932
vn -0.0014543646 -0.28219444 -0.9593561
vn -0.0010013552 0.27666017 0.96096724
vn -0.009393662 0.2449028 0.9695022
vn -0.43168885 -0.865762 0.2531815
vn -0.016832067 0.24718818 0.9688213
vn -0.0019788765 0.27713805 0.960828
vn -0.023269886 0.25120035 0.96765536
vn -0.0029802336 0.27771008 0.96066034
vn -0.59969014 -0.768084 0.22454108
vn -0.031662013 0.25415444 0.9666452
vn -0.0039577126 0.27847037 0.9604367
vn -0.0014543489 -0.2819053 -0.9594412
vn -0.0044345916 0.27933162 0.9601844
vn -0.7442484 -0.64106077 0.18744493
vn -0.033664778 0.2624518 0.9643577
vn -0.00047683704 -0.27961725 -0.96011144
vn -0.00495914 0.2802868 0.9599035
vn -0.031709895 0.2709408 0.96207356
vn -0.03123272 0.27713677 0.9603227
vn -0.86033237 -0.48924792 0.14305493
vn -0.0024795337 -0.28142706 -0.95957947
vn -0.00047683704 -0.27961725 -0.96011144
vn -0.98993886 -0.13580011 0.03974346
vn -0.9985227 0.052164834 -0.01521077
vn -0.9432273 -0.31881183 0.09317355
vn -0.0025272563 -0.28104994 -0.9596898
vn 0.00048876164 -0.2794286 -0.9601663
vn 0.0004768389 -0.27952293 -0.9601389
vn -0.0029087274 -0.27990538 -0.9600231
vn -0.0030040944 -0.27933308 -0.9601896
vn -0.00047684065 -0.27942863 -0.9601663
vn -0.0030040375 -0.28037682 -0.95988536
vn -0 -0.27952296 -0.96013904
vn -0 -0.27952296 -0.96013904
vn 0.3067437 0.41379976 0.8571336
vn -5.78435E-07 0.6284675 0.7778358
vn -0 0.4170417 0.90888727
vn 0.504065 0.49800915 0.7056242
vn 0.5212321 0.30059898 0.7987224
vn 0.3473382 0.58450377 0.73328805
vn 1.629822E-07 0.28438705 0.95870954
vn 0.82938755 0.20589851 0.5193477
vn 0.8771912 -0.0011444109 0.48014006
vn 0.5872331 0.47006303 0.65893704
vn 0.98848385 -0.038814563 0.14626391
vn 0.9717662 -0.21505265 0.09707172
vn 0.8985633 0.29182416 0.3277538
vn 0.9300354 -0.29926312 -0.21325059
vn 0.8765421 -0.42638597 -0.2233138
vn 0.7426945 0.25749096 0.6181451
vn 0.98910415 0.07839209 0.124609575
vn 0.6107941 -0.54531235 -0.5740776
vn 0.56713694 -0.6484971 -0.507747
vn -0 -0.76236975 -0.6471417
vn -0 -0.6592756 -0.7519014
vn 0.66690415 -0.30078876 -0.6817368
vn -0 -0.3458976 -0.93827224
vn 0.6769607 -0.05331048 -0.734086
vn -0 0.019931773 -0.99980134
vn -0 0.18014832 -0.9836394
vn 0.9407494 -0.24537972 -0.23404966
vn 0.9908625 -0.0067710527 0.13470581
vn 0.7142173 0.027847242 -0.6993698
vn -0 -0.6525077 -0.75778204
vn 0.86041224 -0.5073555 0.04776128
vn -0 -0.800629 0.5991604
vn 0.5502846 -0.79460514 0.25649485
vn -0 -0.913926 0.4058807
vn 0.9115157 -0.32777777 -0.24839632
vn 0.51554286 -0.8052802 0.29281288
vn -0 -0.930781 0.36557713
vn -2.6302345E-07 -0.77227837 0.6352843
vn 0.74053943 0.07266993 0.66807216
vn 0.85056156 -0.16889638 -0.49801517
vn 0.8565348 -0.5117441 0.06682904
vn 0.5448714 -0.6651896 0.5105271
vn -1.3837133E-06 -0.25673062 0.96648306
vn 0.3699624 -0.21877426 0.9029206
vn 0.85209817 -0.45414084 0.26016298
vn 0.9481905 -0.3069877 -0.08181331
vn 0.94624406 -0.20399018 -0.25101808
vn 0.63072467 0.0015258797 0.77600515
vn 0.96259665 -0.20609021 0.1758824
vn 0.81146455 -0.36316225 0.4578629
vn 0.97935504 -0.12254754 0.16076617
vn 0.96585745 -0.19483565 -0.17075834
vn -0.30673835 0.41380054 0.8571352
vn -0 0.4170417 0.90888727
vn -5.78435E-07 0.6284675 0.7778358
vn -0.504065 0.49800915 0.7056242
vn -0.5212433 0.3005985 0.7987151
vn -0.347045 0.5843212 0.7335724
vn 1.629822E-07 0.28438705 0.95870954
vn -0.8293851 0.20589787 0.5193521
vn -0.8771948 -0.0011444158 0.4801331
vn -0.5868107 0.46987772 0.6594453
vn -0.98848385 -0.038814563 0.14626391
vn -0.97176594 -0.21505262 0.09707467
vn -0.8985633 0.29182416 0.3277538
vn -0.93003595 -0.29926324 -0.21324773
vn -0.8765421 -0.42638597 -0.2233138
vn -0.7422177 0.25749096 0.61871743
vn -0.98911184 0.07829639 0.12460904
vn -0.6107983 -0.54531604 -0.5740696
vn -0.56713694 -0.6484971 -0.507747
vn -0 -0.76236975 -0.6471417
vn -0 -0.6592756 -0.7519014
vn -0.66690415 -0.30078876 -0.6817368
vn -0 -0.3458976 -0.93827224
vn -0.6769607 -0.05331048 -0.734086
vn -0 0.019931773 -0.99980134
vn -0 0.18014832 -0.9836394
vn -0.94074965 -0.24537975 -0.23404895
vn -0.9908625 -0.0067710527 0.13470581
vn -0.7142173 0.027847242 -0.6993698
vn -0 -0.6525077 -0.75778204
vn -0.86041224 -0.5073555 0.04776128
vn -0 -0.800629 0.5991604
vn -0.5502846 -0.79460514 0.25649485
vn -0 -0.913926 0.4058807
vn -0.9115167 -0.3277782 -0.24839215
vn -0.51554286 -0.8052802 0.29281288
vn -0 -0.930781 0.36557713
vn -2.6302345E-07 -0.77227837 0.6352843
vn -0.7400539 0.0727656 0.6685996
vn -0.85056156 -0.16889638 -0.49801517
vn -0.8565341 -0.5117437 0.06684092
vn -0.5448672 -0.66519177 0.51052874
vn -1.3837133E-06 -0.25673062 0.96648306
vn -0.36978388 -0.21867907 0.9030168
vn -0.85209817 -0.45414084 0.26016298
vn -0.9481909 -0.30698785 -0.0818074
vn -0.94624555 -0.20399049 -0.2510125
vn -0.63025033 0.0019073569 0.7763897
vn -0.96259665 -0.20609021 0.1758824
vn -0.8114516 -0.36316183 0.45788622
vn -0.9793569 -0.12254775 0.16075452
vn -0.96585697 -0.19483557 -0.17076126
vn -0 0.45136672 0.8923386
vn -0 0.4168435 0.9089782
vn 0.22853173 0.35595676 0.90612805
vn 0.42085665 0.43544173 0.7957827
vn 0.36626208 0.27923396 0.88762635
vn -0 0.46901345 0.883191
vn 0.40533 0.17676118 0.8969187
vn 0.40609005 0.454035 0.79305935
vn -0 0.45123363 0.89240587
vn 0.63929355 0.42199954 0.6428221
vn 0.6277541 0.16021678 0.7617449
vn 0.9075008 0.35887086 0.218298
vn 0.97636455 -0.022029715 0.21500431
vn 0.78110975 -0.14429146 -0.60749274
vn 0.6257446 0.43883538 0.64487773
vn 0.37686813 0.4398821 0.8151529
vn -0 0.42519304 0.9051027
vn 0.604475 0.43331757 0.6684653
vn 0.3615362 0.40902898 0.8378466
vn -0 0.41513905 0.909758
vn 0.35153428 0.39360893 0.84940904
vn -0 0.39875656 0.91705674
vn 0.5930365 0.39337483 0.70254105
vn 0.90148854 0.36320847 0.23536785
vn 0.33309448 0.37724957 0.8641359
vn -0 0.38673815 0.9221896
vn 0.9422133 0.3110193 -0.12450309
vn -0.112008944 0.54304546 0.8321992
vn 0.5036805 0.8628563 -0.042247556
vn 0.17979081 0.4429325 0.87834287
vn 0.31896815 0.36547166 0.87446535
vn -0 0.3867149 0.9221993
vn -0.0952957 0.46968353 0.8776765
vn 0.92659664 0.26138014 0.2703686
vn 0.8996333 0.423638 -0.1057873
vn 0.9931427 0.103725046 0.053930826
vn 0.8582075 0.26757595 -0.43804446
vn 0.31403318 0.36611572 0.87598085
vn -0 0.4170417 0.90888727
vn -0.13875946 0.44197991 0.8862277
vn 0.3067437 0.41379976 0.8571336
vn -0.007951252 0.3446099 0.9387123
vn 0.5212321 0.30059898 0.7987224
vn 0.9483192 0.3143699 -0.043154184
vn 0.9743747 0.22435616 -0.016069505
vn 0.9621719 0.19757357 -0.18758968
vn 0.86479926 0.321987 -0.3852877
vn 0.90738165 0.31868508 -0.2740408
vn 0.82709384 0.22950059 -0.5130743
vn 0.35513148 -0.2748928 -0.89348507
vn 0.6568233 0.21515024 -0.72269875
vn 0.27287927 -0.04672958 -0.96091276
vn 0.73773706 0.3773085 -0.55980563
vn 0.90528214 0.25508296 -0.3397013
vn 0.6526987 0.31352237 -0.6897015
vn 0.3809712 0.17876726 -0.90714014
vn 0.3589603 0.27101734 -0.8931389
vn -0 0.1356579 -0.99075574
vn -0 -0.10004193 -0.9949832
vn -0 0.17805453 -0.98402065
vn -0 0.22695374 -0.97390556
vn 0.5171812 0.39159337 -0.7610375
vn 0.13650931 0.262528 -0.95521945
vn -0 0.22149745 -0.975161
vn 0.7774079 0.4388491 -0.45060903
vn -0.26715848 0.1518488 -0.9516135
vn -0 0.0720773 -0.9973991
vn 0.15239859 0.6093596 -0.7781102
vn -0.21646026 0.9668669 -0.13532643
vn -0.7975626 0.36387664 -0.4811316
vn 0.76608276 0.6209522 -0.16593851
vn -0.68202275 0.66200155 -0.31080362
vn -0.7579324 0.050109614 -0.6504057
vn -0.9864585 -0.007462513 -0.1638415
vn -0.71503985 0.6922829 0.0972746
vn 0.5407593 0.81296974 -0.21600813
vn 0.6856201 0.71839976 0.11758802
vn 0.97607124 0.18525304 -0.11386981
vn 0.86929554 0.13765655 -0.4747377
vn 0.5661518 -0.6698645 -0.48036835
vn 0.9254712 -0.06061804 -0.37393644
vn 0.5334086 -0.48468822 -0.69321895
vn 0.9470136 -0.029241769 -0.31985936
vn -0.2155095 -0.49745527 -0.840294
vn -0.52635443 -0.7167666 -0.45738024
vn 0.60810685 -0.5472747 -0.5750623
vn 0.93876714 -0.032305505 -0.34303448
vn -0.7579324 0.050109614 -0.6504057
vn -0.9864585 -0.007462513 -0.1638415
vn -0.68916094 -0.23483041 -0.6855012
vn -0.7975626 0.36387664 -0.4811316
vn -0.26715848 0.1518488 -0.9516135
vn -0.110210314 -0.34571108 -0.9318463
vn -0 0.0720773 -0.9973991
vn -0 -0.12917407 -0.991622
vn -0 -0.4335433 -0.90113276
vn 0.39183855 -0.46992016 -0.79097265
vn -0 -0.524906 -0.8511602
vn 0.053476766 -0.70466304 -0.70752406
vn 0.21207464 -0.63801205 -0.74024653
vn 0.65779513 -0.48766 -0.5740151
vn 0.9024753 -0.2590626 -0.34412935
vn 0.87270445 -0.37011978 -0.3184308
vn 0.43005756 -0.5094983 -0.74529326
vn 0.44842547 -0.6510199 -0.6124441
vn -0 -0.6770493 -0.73593765
vn 0.44871268 -0.77905136 -0.4378766
vn -0 -0.83672255 -0.547627
vn -0 -0.8989394 -0.43807322
vn 0.9890646 0.056148082 -0.13637666
vn 0.9981535 -0.04515604 0.04062613
vn 0.90799195 -0.22540058 -0.35319278
vn 0.9811779 -0.17366235 0.08444701
vn 0.94294673 -0.260568 -0.20725755
vn 0.96666527 -0.23722577 0.096344665
vn 0.91094625 -0.3279197 -0.2502909
vn 0.4538266 -0.82311064 -0.34136534
vn -0 -0.8652728 -0.5013012
vn 0.86193496 -0.4604361 -0.21228892
vn 0.9523966 -0.2903968 0.09279345
vn 0.8564189 -0.41899464 -0.3016456
vn 0.8398171 -0.52886736 -0.12250116
vn 0.8210677 -0.56409955 -0.08740444
vn 0.9382733 -0.3346446 0.08749969
vn 0.88179886 -0.4638235 -0.08543208
vn 0.9493403 -0.30832458 0.06073746
vn 0.83740354 -0.52814865 -0.14076334
vn 0.9524801 -0.18224676 0.24406558
vn 0.6239004 -0.7743442 0.10554308
vn 0.4948124 -0.55131745 0.67172146
vn 0.8771912 -0.0011444109 0.48014006
vn 0.9717662 -0.21505265 0.09707172
vn 0.8765421 -0.42638597 -0.2233138
vn 0.49802604 -0.77505946 -0.38891256
vn 0.56713694 -0.6484971 -0.507747
vn -0 -0.76236975 -0.6471417
vn 0.5212321 0.30059898 0.7987224
vn 0.4948124 -0.55131745 0.67172146
vn 0.8771912 -0.0011444109 0.48014006
vn 0.22196749 -0.33445325 0.9158993
vn -0.007951252 0.3446099 0.9387123
vn 0.683724 -0.46881747 0.5592241
vn 0.26121458 -0.16832557 -0.95049113
vn 0.28104818 -0.26378667 -0.92272884
vn 0.655891 -0.5533231 0.5134594
vn 0.4403551 -0.389477 -0.8089469
vn 0.1273136 0.10423502 0.9863703
vn 0.08754914 -0.03166265 0.99565685
vn 0.70487756 -0.45510435 0.54408425
vn 0.6318585 -0.48837784 -0.60186535
vn 0.7497704 -0.35295096 0.55970526
vn 0.16436374 0.05359583 0.9849427
vn 0.08663965 -0.00238414 0.9962368
vn 0.123406634 0.09117214 0.98815906
vn 0.7664613 -0.31876287 0.55760854
vn 0.76409 -0.5258125 -0.37374797
vn 0.2595877 0.09527117 0.96100867
vn 0.97636455 -0.022029715 0.21500431
vn 0.78110975 -0.14429146 -0.60749274
vn 0.6277541 0.16021678 0.7617449
vn 0.38077638 0.05454989 0.92305666
vn 0.40533 0.17676118 0.8969187
vn 0.1862975 0.15096441 0.97082597
vn 0.2817169 0.15316093 0.94719446
vn 0.36626208 0.27923396 0.88762635
vn 0.21164882 0.24929596 0.9450166
vn 0.22853173 0.35595676 0.90612805
vn 0.1364459 0.20942524 0.968258
vn 0.09207871 0.12035559 0.98845136
vn 0.056362502 -0.021934645 0.9981694
vn 0.122164674 0.3040289 0.94479746
vn 0.08784484 0.24099213 0.96654344
vn 0.05982036 0.13332622 0.9892652
vn -0 0.32749218 0.94485396
vn -0 0.4168435 0.9089782
vn 0.06444562 0.25568435 0.96461
vn -0 0.25873688 0.96594787
vn 0.036597513 0.13542274 0.99011177
vn -0 0.1338002 0.99100834
vn -0 -0.0064850105 0.999979
vn 0.022828922 -0.008392459 0.99970406
vn -0 -0.06771213 0.9977049
vn 0.037408017 -0.012970019 0.99921596
vn 0.06489794 -0.014400572 0.99778795
vn 0.015604554 -0.06961848 0.9974516
vn -0 0.20437127 0.97889346
vn 0.025629768 0.1955015 0.98036844
vn 0.0050781867 0.41369346 -0.9104021
vn -0 0.42228496 -0.9064631
vn 0.14321749 0.3734574 -0.9165251
vn 0.16520396 0.15526167 0.9739618
vn 0.02887306 0.24328713 -0.9695245
vn 0.14321749 0.3734574 -0.9165251
vn 0.08256531 0.066567235 0.99436
vn 0.046252675 0.31976333 -0.9463679
vn 0.02887306 0.24328713 -0.9695245
vn 0.17795224 0.24394526 -0.9533224
vn 0.2066119 -0.004100767 0.9784144
vn 0.034188624 0.119207196 -0.9922806
vn 0.17795224 0.24394526 -0.9533224
vn -0.1826319 0.23880433 -0.95373905
vn -0.00047684505 0.045967866 0.9989428
vn -0.09017011 0.28858247 -0.95319957
vn 0.044440616 -0.002860984 0.999008
vn 0.018835204 0.3413225 -0.93975747
vn 0.06184716 0.06818923 0.9957535
vn 0.038910035 0.266076 -0.9631665
vn 0.683724 -0.46881747 0.5592241
vn 0.26121458 -0.16832557 -0.95049113
vn 0.28104818 -0.26378667 -0.92272884
vn 0.26121458 -0.16832557 -0.95049113
vn 0.038910035 0.266076 -0.9631665
vn 0.0052928925 0.017547607 -0.99983203
vn 0.018835204 0.3413225 -0.93975747
vn -0.09017011 0.28858247 -0.95319957
vn -0.1826319 0.23880433 -0.95373905
vn 0.4403551 -0.389477 -0.8089469
vn 0.034188624 0.119207196 -0.9922806
vn 0.12803175 -0.084019326 -0.9882047
vn 0.6318585 -0.48837784 -0.60186535
vn 0.26025856 -0.24986346 -0.9326488
vn 0.079582304 0.015353807 -0.99671006
vn 0.34565496 -0.36706468 -0.86358905
vn 0.76409 -0.5258125 -0.37374797
vn 0.78110975 -0.14429146 -0.60749274
vn 0.35513148 -0.2748928 -0.89348507
vn 0.19720703 -0.28324002 -0.9385544
vn 0.27287927 -0.04672958 -0.96091276
vn 0.14204432 -0.13627483 -0.9804349
vn 0.016951783 -0.16088693 -0.98682725
vn -0 -0.10004193 -0.9949832
vn 0.01766729 -0.012684206 -0.9997634
vn 0.023937332 0.09527249 -0.99516344
vn 0.015449499 0.17375918 -0.98466706
vn -0.04690901 -0.10147128 -0.9937319
vn -0 -0.06790199 -0.997692
vn -0.0072242753 0.0062944186 -0.9999541
vn -0.050729983 0.014877456 -0.9986016
vn -0 0.02880072 -0.9995852
vn -0.0043392573 0.11663541 -0.9931653
vn -0.04293936 0.12998635 -0.9905855
vn -0 0.13322558 -0.9910857
vn -0.025248963 0.19131038 -0.98120475
vn -0 0.185109 -0.98271805
vn -0 0.16899028 -0.9856177
vn -0.00805837 0.19492672 -0.98078465
vn -0.0140784765 0.1749975 -0.98446816
vn -0 0.42228496 -0.9064631
vn 0.0050781867 0.41369346 -0.9104021
vn 0.02887306 0.24328713 -0.9695245
vn 0.14321749 0.3734574 -0.9165251
vn 0.046252675 0.31976333 -0.9463679
vn 0.17795224 0.24394526 -0.9533224
vn -0.6846428 0.7218346 0.10108948
vn 0.6856201 0.71839976 0.11758802
vn -0.71503985 0.6922829 0.0972746
vn 0.67284346 0.73081964 0.114822805
vn -0.56867564 0.8197623 -0.0678062
vn 0.9828204 0.16354214 -0.08554557
vn 0.97607124 0.18525304 -0.11386981
vn 0.6048432 0.7950112 -0.046062406
vn -0.56641114 0.82075024 -0.07448199
vn 0.9993691 0.03271368 -0.013828138
vn 0.6010047 0.797597 -0.051307604
vn -0.5676538 0.48257214 0.6670033
vn 0.57358307 -0.7100468 -0.4084556
vn 0.5661518 -0.6698645 -0.48036835
vn -0.52635443 -0.7167666 -0.45738024
vn 0.62630206 -0.77950984 0.010490422
vn 0.5266003 0.45825687 0.71602565
vn -0.43511838 0.33882606 0.8341875
vn 0.99970824 0.022786748 -0.008010827
vn 0.37718645 0.34973794 0.8575627
vn -0.027799653 0.98920023 -0.14390966
vn -0.5320034 -0.7538145 -0.38566312
vn -0.9864585 -0.007462513 -0.1638415
vn 0.6558234 0.43923032 0.61398065
vn 0.8023256 0.5771037 0.15239704
vn -0.56805396 -0.82296425 0.0066756955
vn -0.9917292 -0.016972478 -0.12722056
vn -0.71503985 0.6922829 0.0972746
vn -0.6846428 0.7218346 0.10108948
vn -0.99788254 -0.05469948 -0.035190772
vn -0.56867564 0.8197623 -0.0678062
vn 0.63135856 -0.77487516 0.030899158
vn -0.5727297 -0.8192548 0.028324155
vn -0.3740174 -0.2160131 0.90191424
vn 0.35997558 -0.14395209 0.9217893
vn 0.5930635 -0.22247933 0.77380794
vn -0.99807477 -0.055128716 -0.028419692
vn -0.56641114 0.82075024 -0.07448199
vn -0.6937544 0.39511546 0.60215336
vn -0.5676538 0.48257214 0.6670033
vn -0.83483016 0.53574157 0.12664728
vn -0.47507623 0.21085887 0.8543075
vn -0.9132622 0.40305847 0.059127793
vn 0.5525322 0.3024801 0.7766684
vn 0.8717949 0.48514238 0.0679011
vn -0.44630155 0.20935808 0.8700484
vn -0.9666367 0.25207952 -0.045490187
vn 0.06451812 -0.40026385 0.9141259
vn -0.031447005 -0.4918333 0.8701213
vn 0.56578207 0.25156334 0.7852429
vn 0.93922496 0.3413434 0.036621045
vn 0.600886 0.10428422 0.7925029
vn 0.99583423 0.02515335 -0.08764333
vn -0.5108011 0.07436119 0.8564769
vn -0.9650804 -0.016999204 -0.26140153
vn -0.66746795 -0.3646326 0.649253
vn -0.14803386 -0.7168759 -0.68130386
vn 0.5188691 -0.32373142 0.7911844
vn 0.5225989 -0.5541535 0.647923
vn 0.916749 -0.3964449 -0.049019165
vn 0.89382726 -0.4341106 -0.112342335
vn 0.46229443 -0.236482 0.8546111
vn 0.8856566 -0.44779935 -0.12283368
vn 0.66151327 -0.6467314 -0.37965605
vn -0.9601396 -0.16781163 -0.22354221
vn -0.560264 -0.26099876 0.7861196
vn -0.64347845 -0.11701777 0.7564669
vn -0.99836653 -0.05667145 0.0072478424
vn -0.9947389 -0.10109039 0.016594082
vn -0.6399693 -0.19478984 0.7433009
vn -0.6794702 -0.37236273 0.6321917
vn -0.9822519 -0.18508267 -0.030421935
vn 0.0057935333 -0.8958997 -0.4442186
vn 0.60464287 -0.38749504 0.6958841
vn 0.91529846 -0.25396612 0.3126177
vn 0.99390715 -0.09203064 0.060654394
vn 0.6400298 -0.1786457 0.74729353
vn 0.67202985 -0.08795255 0.73528236
vn 0.9985262 -0.020241845 0.050354272
vn 0.9761846 -0.1212959 -0.17986362
vn -0.6249162 -0.71861434 -0.30507907
vn -0.4931212 -0.4005075 0.7722856
vn -0.84035707 -0.5330583 -0.09822882
vn -0.8663823 -0.48374742 -0.123976655
vn -0.5664767 -0.44335863 0.69464916
vn -0.91355705 -0.39379966 -0.101662636
vn 0.7089726 -0.300889 0.6378274
vn 0.2462865 -0.871158 -0.42476666
vn -0.57351315 -0.5667898 0.591466
vn -0.9601396 -0.16781163 -0.22354221
vn -0.01990742 -0.16282363 -0.9864543
vn 0.66151327 -0.6467314 -0.37965605
vn 0.4338596 -0.2851171 -0.8546778
vn 0.3453186 -0.21535473 -0.91344255
vn 0.8856566 -0.44779935 -0.12283368
vn -0.39280516 0.2122092 -0.8948024
vn -0.5542453 0.21562777 -0.80393827
vn -0.010585825 -0.08520516 -0.99630725
vn -0.3948326 0.11558868 -0.91145295
vn 0.20252986 -0.13205566 -0.9703314
vn 0.89382726 -0.4341106 -0.112342335
vn 0.916749 -0.3964449 -0.049019165
vn -0.83483016 0.53574157 0.12664728
vn -0.37213218 0.074555196 -0.9251806
vn -0.9132622 0.40305847 0.059127793
vn -0.9666367 0.25207952 -0.045490187
vn -0.9650804 -0.016999204 -0.26140153
vn -0.33937237 0.19745217 -0.9196951
vn -0.14803386 -0.7168759 -0.68130386
vn 0.17518295 0.100584775 -0.97938436
vn -0.90765464 0.41074827 0.086307056
vn -0.5676538 0.48257214 0.6670033
vn -0.54799396 0.012308645 -0.83639175
vn -0.9576378 0.17588244 0.22802489
vn -0.43511838 0.33882606 0.8341875
vn -0.027799653 0.98920023 -0.14390966
vn 0.6005101 0.03603729 -0.79880464
vn 0.9438548 0.19159386 0.26912788
vn 0.37718645 0.34973794 0.8575627
vn 0.56844723 0.24539946 -0.78526866
vn 0.90160775 0.40781236 0.14419621
vn 0.5266003 0.45825687 0.71602565
vn 0.8023256 0.5771037 0.15239704
vn 0.33248886 0.27208132 -0.90300775
vn 0.8717949 0.48514238 0.0679011
vn 0.35790333 0.22343925 -0.90663123
vn -0.49681276 -0.2997971 -0.81443155
vn 0.39977634 0.16884635 -0.9009272
vn 0.93922496 0.3413434 0.036621045
vn 0.99583423 0.02515335 -0.08764333
vn -0.42575395 -0.23345183 -0.8742047
vn -0.6249162 -0.71861434 -0.30507907
vn 0.9761846 -0.1212959 -0.17986362
vn -0.84035707 -0.5330583 -0.09822882
vn 0.46648118 0.05531209 -0.88280004
vn -0.29349816 -0.14174221 -0.9453931
vn -0.8663823 -0.48374742 -0.123976655
vn -0.91355705 -0.39379966 -0.101662636
vn 0.38925627 0.18895358 -0.901541
vn 0.2462865 -0.871158 -0.42476666
vn -0.24870197 0.048972663 -0.96734124
vn 0.43578953 0.03345074 -0.89942676
vn 0.9985262 -0.020241845 0.050354272
vn -0.5395844 0.019490555 -0.8417059
vn -0.01990742 -0.16282363 -0.9864543
vn -0.9601396 -0.16781163 -0.22354221
vn -0.51475555 0.013255712 -0.8572345
vn -0.99836653 -0.05667145 0.0072478424
vn 0.37342265 0.01850185 -0.92747676
vn 0.99390715 -0.09203064 0.060654394
vn -0.44332495 0.017667193 -0.8961868
vn -0.9947389 -0.10109039 0.016594082
vn -0.9822519 -0.18508267 -0.030421935
vn 0.8000456 -0.01416221 -0.5997719
vn 0.91529846 -0.25396612 0.3126177
vn 0.0057935333 -0.8958997 -0.4442186
vn 0.27558333 0.11460586 -0.9544209
vn -0.4016951 0.08287585 -0.9120158
vn -0 0.45136672 0.8923386
vn -0.22853173 0.35595676 0.90612805
vn -0 0.4168435 0.9089782
vn -0.42085177 0.43544286 0.79578465
vn -0.36626208 0.27923396 0.88762635
vn -0 0.46901345 0.883191
vn -0.40533 0.17676118 0.8969187
vn -0.4061253 0.4540478 0.79303396
vn -0 0.45123363 0.89240587
vn -0.63929355 0.42199954 0.6428221
vn -0.6277541 0.16021678 0.7617449
vn -0.9075008 0.35887086 0.218298
vn -0.97636455 -0.022029715 0.21500431
vn -0.78110975 -0.14429146 -0.60749274
vn -0.6257446 0.43883538 0.64487773
vn -0.37687832 0.43988016 0.81514907
vn -0 0.42519304 0.9051027
vn -0.6044599 0.4333238 0.668475
vn -0.3615362 0.40902898 0.8378466
vn -0 0.41513905 0.909758
vn -0.35153428 0.39360893 0.84940904
vn -0 0.39875656 0.91705674
vn -0.59304637 0.39338142 0.70252895
vn -0.90148854 0.36320847 0.23536785
vn -0.33308387 0.37725106 0.8641393
vn -0 0.38673815 0.9221896
vn -0.9422133 0.3110193 -0.12450309
vn 0.112008944 0.54304546 0.8321992
vn -0.5036581 0.86287063 -0.042223834
vn -0.17981575 0.4429352 0.8783363
vn -0.31896815 0.36547166 0.87446535
vn -0 0.3867149 0.9221993
vn 0.0952957 0.46968353 0.8776765
vn -0.9265952 0.26138574 0.27036822
vn -0.89962864 0.42364782 -0.105786785
vn -0.9931427 0.103725046 0.053930826
vn -0.85818136 0.2676229 -0.43806708
vn -0.31403917 0.36611575 0.87597865
vn -0 0.4170417 0.90888727
vn 0.13875946 0.44197991 0.8862277
vn -0.30673835 0.41380054 0.8571352
vn 0.007963173 0.34460992 0.9387122
vn -0.5212433 0.3005985 0.7987151
vn -0.9483192 0.3143699 -0.043154184
vn -0.9743736 0.22436112 -0.016069487
vn -0.9981535 -0.04515604 0.04062613
vn -0.9080115 -0.22539951 -0.35314336
vn -0.9621719 0.19757357 -0.18758968
vn -0.9811779 -0.17366235 0.08444701
vn -0.87270445 -0.37011978 -0.3184308
vn -0.94295144 -0.26056933 -0.20723476
vn -0.96666527 -0.23722577 0.096344665
vn -0.91096467 -0.32787004 -0.25028935
vn -0.9024753 -0.2590626 -0.34412935
vn -0.39183855 -0.46992016 -0.79097265
vn -0.989066 0.05612432 -0.13637686
vn -0.93876714 -0.032305505 -0.34303448
vn -0.9523966 -0.2903968 0.09279345
vn -0.8564189 -0.41899464 -0.3016456
vn -0.6578717 -0.48766384 -0.57392406
vn -0.93829113 -0.3345948 0.087499134
vn -0.8818054 -0.46381447 -0.085412525
vn -0.9052807 0.25508854 -0.33970082
vn -0.9470102 -0.029278163 -0.3198663
vn -0.9073893 0.31866747 -0.27403587
vn -0.8648052 0.32198036 -0.38527974
vn -0.73773706 0.3773085 -0.55980563
vn -0.77740484 0.43885633 -0.45060724
vn -0.827081 0.22954804 -0.51307374
vn -0.35512108 -0.27489397 -0.8934889
vn -0.6568233 0.21515024 -0.72269875
vn -0.27287927 -0.04672958 -0.96091276
vn -0.6526987 0.31352237 -0.6897015
vn -0.5172012 0.39157847 -0.76103175
vn -0.3589603 0.27101734 -0.8931389
vn -0.3809712 0.17876726 -0.90714014
vn -0 0.1356579 -0.99075574
vn -0 -0.10004193 -0.9949832
vn -0 0.17805453 -0.98402065
vn -0 0.22695374 -0.97390556
vn -0.13650931 0.262528 -0.95521945
vn -0 0.22149745 -0.975161
vn -0.15241043 0.6093571 -0.77810985
vn 0.26716954 0.15184829 -0.95161045
vn -0 0.0720773 -0.9973991
vn 0.21646026 0.9668669 -0.13532643
vn 0.7975626 0.36387664 -0.4811316
vn -0.76608276 0.6209522 -0.16593851
vn 0.6820225 0.6620019 -0.31080347
vn 0.7579324 0.050109614 -0.6504057
vn 0.9864585 -0.007462513 -0.1638415
vn 0.71501833 0.69230515 0.09727491
vn -0.5407593 0.81296974 -0.21600813
vn -0.6856201 0.71839976 0.11758802
vn -0.97607124 0.18525304 -0.11386981
vn -0.8692977 0.13763899 -0.47473893
vn -0.5661518 -0.6698645 -0.48036835
vn -0.9254712 -0.06061804 -0.37393644
vn -0.53339154 -0.4846944 -0.6932278
vn -0.60810685 -0.5472747 -0.5750623
vn 0.2155095 -0.49745527 -0.840294
vn 0.52635443 -0.7167666 -0.45738024
vn -0.21202587 -0.6380326 -0.7402428
vn 0.110210314 -0.34571108 -0.9318463
vn -0.053429216 -0.7046648 -0.70752585
vn 0.7579324 0.050109614 -0.6504057
vn 0.9864585 -0.007462513 -0.1638415
vn 0.68916094 -0.23483041 -0.6855012
vn 0.7975626 0.36387664 -0.4811316
vn 0.26716954 0.15184829 -0.95161045
vn -0 0.0720773 -0.9973991
vn -0 -0.12917407 -0.991622
vn -0 -0.4335433 -0.90113276
vn -0 -0.524906 -0.8511602
vn -0.43007702 -0.50949305 -0.74528563
vn -0.44842547 -0.6510199 -0.6124441
vn -0 -0.6770493 -0.73593765
vn -0.44871268 -0.77905136 -0.4378766
vn -0 -0.83672255 -0.547627
vn -0 -0.8989394 -0.43807322
vn -0.86193496 -0.4604361 -0.21228892
vn -0.8398171 -0.52886736 -0.12250116
vn -0.8210677 -0.56409955 -0.08740444
vn -0.45383614 -0.8231062 -0.34136352
vn -0 -0.8652728 -0.5013012
vn -0.9493403 -0.30832458 0.06073746
vn -0.83740354 -0.52814865 -0.14076334
vn -0.49802604 -0.77505946 -0.38891256
vn -0.56713694 -0.6484971 -0.507747
vn -0 -0.76236975 -0.6471417
vn -0.8765421 -0.42638597 -0.2233138
vn -0.97176594 -0.21505262 0.09707467
vn -0.9524779 -0.18224633 0.24407396
vn -0.6238992 -0.7743427 0.10556076
vn -0.8771948 -0.0011444158 0.4801331
vn -0.49479148 -0.55132073 0.67173433
vn -0.5212433 0.3005985 0.7987151
vn -0.8771948 -0.0011444158 0.4801331
vn -0.49479148 -0.55132073 0.67173433
vn -0.22196749 -0.33445325 0.9158993
vn 0.007963173 0.34460992 0.9387122
vn -0.683724 -0.46881747 0.5592241
vn -0.2810921 -0.26378313 -0.92271644
vn -0.26121458 -0.16832557 -0.95049113
vn -0.655891 -0.5533231 0.5134594
vn -0.4404105 -0.38948387 -0.80891335
vn -0.1273136 0.10423502 0.9863703
vn -0.08754914 -0.03166265 0.99565685
vn -0.70487756 -0.45510435 0.54408425
vn -0.63182986 -0.48839253 -0.60188353
vn -0.74974954 -0.35296357 0.5597252
vn -0.16436374 0.05359583 0.9849427
vn -0.08663965 -0.00238414 0.9962368
vn -0.123406634 0.09117214 0.98815906
vn -0.7664613 -0.31876287 0.55760854
vn -0.7640374 -0.52585685 -0.37379324
vn -0.25954327 0.095272355 0.9610205
vn -0.97636455 -0.022029715 0.21500431
vn -0.78110975 -0.14429146 -0.60749274
vn -0.6277541 0.16021678 0.7617449
vn -0.38077638 0.05454989 0.92305666
vn -0.40533 0.17676118 0.8969187
vn -0.1862975 0.15096441 0.97082597
vn -0.28169498 0.15316194 0.9472008
vn -0.36626208 0.27923396 0.88762635
vn -0.21164882 0.24929596 0.9450166
vn -0.22853173 0.35595676 0.90612805
vn -0.13646929 0.2094246 0.9682549
vn -0.092125975 0.120355055 0.9884469
vn -0.05633874 -0.021934675 0.99817073
vn -0.122164674 0.3040289 0.94479746
vn -0.08784484 0.24099213 0.96654344
vn -0.05982036 0.13332622 0.9892652
vn -0 0.32749218 0.94485396
vn -0 0.4168435 0.9089782
vn -0.06444562 0.25568435 0.96461
vn -0 0.25873688 0.96594787
vn -0.036597513 0.13542274 0.99011177
vn -0 0.1338002 0.99100834
vn -0 -0.0064850105 0.999979
vn -0.022828922 -0.008392459 0.99970406
vn -0 -0.06771213 0.9977049
vn -0.037408017 -0.012970019 0.99921596
vn -0.064921685 -0.014400547 0.9977864
vn -0.015592636 -0.06961849 0.99745184
vn -0 0.20437127 0.97889346
vn -0.025629768 0.1955015 0.98036844
vn -0.0050781867 0.41369346 -0.9104021
vn -0 0.42228496 -0.9064631
vn -0.14324084 0.37345615 -0.916522
vn -0.16517308 0.15525505 0.97396797
vn -0.02887306 0.24328713 -0.9695245
vn -0.14324084 0.37345615 -0.916522
vn -0.082588986 0.0665671 0.994358
vn -0.046252675 0.31976333 -0.9463679
vn -0.02887306 0.24328713 -0.9695245
vn -0.17795224 0.24394526 -0.9533224
vn -0.20665753 -0.004100726 0.9784047
vn -0.03414099 0.119207375 -0.9922822
vn -0.17795224 0.24394526 -0.9533224
vn 0.1826319 0.23880433 -0.95373905
vn 0.0005245296 0.045967866 0.9989428
vn 0.090122804 0.28858373 -0.9532037
vn -0.044535797 -0.0028609722 0.9990037
vn -0.018787535 0.34132278 -0.9397583
vn -0.06184716 0.06818923 0.9957535
vn -0.038910035 0.266076 -0.9631665
vn -0.683724 -0.46881747 0.5592241
vn -0.26121458 -0.16832557 -0.95049113
vn -0.2810921 -0.26378313 -0.92271644
vn -0.038910035 0.266076 -0.9631665
vn -0.26121458 -0.16832557 -0.95049113
vn -0.0052928925 0.017547607 -0.99983203
vn -0.018787535 0.34132278 -0.9397583
vn 0.090122804 0.28858373 -0.9532037
vn 0.1826319 0.23880433 -0.95373905
vn -0.4404105 -0.38948387 -0.80891335
vn -0.03414099 0.119207375 -0.9922822
vn -0.12803175 -0.084019326 -0.9882047
vn -0.63182986 -0.48839253 -0.60188353
vn -0.26025856 -0.24986346 -0.9326488
vn -0.079582304 0.015353807 -0.99671006
vn -0.34562793 -0.36710894 -0.86358106
vn -0.7640374 -0.52585685 -0.37379324
vn -0.78110975 -0.14429146 -0.60749274
vn -0.35512108 -0.27489397 -0.8934889
vn -0.19719559 -0.28324065 -0.9385566
vn -0.27287927 -0.04672958 -0.96091276
vn -0.14204432 -0.13627483 -0.9804349
vn -0.016951783 -0.16088693 -0.98682725
vn -0 -0.10004193 -0.9949832
vn -0.01766729 -0.012684206 -0.9997634
vn -0.023937332 0.09527249 -0.99516344
vn -0.015449499 0.17375918 -0.98466706
vn 0.04691495 -0.10147125 -0.99373156
vn -0 -0.06790199 -0.997692
vn 0.0072242753 0.0062944186 -0.9999541
vn 0.050724037 0.01487746 -0.99860185
vn -0 0.02880072 -0.9995852
vn 0.0043392573 0.11663541 -0.9931653
vn 0.04293936 0.12998635 -0.9905855
vn -0 0.13322558 -0.9910857
vn 0.025243005 0.19131038 -0.98120487
vn -0 0.185109 -0.98271805
vn -0 0.16899028 -0.9856177
vn 0.00805837 0.19492672 -0.98078465
vn 0.0140784765 0.1749975 -0.98446816
vn -0 0.42228496 -0.9064631
vn -0.0050781867 0.41369346 -0.9104021
vn -0.02887306 0.24328713 -0.9695245
vn -0.14324084 0.37345615 -0.916522
vn -0.046252675 0.31976333 -0.9463679
vn -0.17795224 0.24394526 -0.9533224
vn 0.6846428 0.7218346 0.10108948
vn 0.71501833 0.69230515 0.09727491
vn -0.6856201 0.71839976 0.11758802
vn -0.67284346 0.73081964 0.114822805
vn 0.56867564 0.8197623 -0.0678062
vn -0.9828204 0.16354214 -0.08554557
vn -0.97607124 0.18525304 -0.11386981
vn -0.6048431 0.7950114 -0.046062395
vn 0.5664105 0.8207506 -0.07448188
vn -0.9993691 0.03271368 -0.013828138
vn -0.60100687 0.7975953 -0.05130779
vn 0.56765413 0.482571 0.66700375
vn -0.5735646 -0.71005946 -0.40845945
vn -0.5661518 -0.6698645 -0.48036835
vn 0.52635443 -0.7167666 -0.45738024
vn -0.62630206 -0.77950984 0.010490422
vn -0.5266194 0.45824534 0.71601915
vn 0.43511838 0.33882606 0.8341875
vn -0.99970824 0.022786748 -0.008010827
vn -0.37718645 0.34973794 0.8575627
vn 0.0278473 0.989199 -0.1439095
vn 0.5320034 -0.7538145 -0.38566312
vn 0.9864585 -0.007462513 -0.1638415
vn -0.65582603 0.43922308 0.6139831
vn -0.8023256 0.5771037 0.15239704
vn 0.56805396 -0.82296425 0.0066756955
vn 0.9917292 -0.016972478 -0.12722056
vn 0.71501833 0.69230515 0.09727491
vn 0.6846428 0.7218346 0.10108948
vn 0.99788254 -0.05469948 -0.035190772
vn 0.56867564 0.8197623 -0.0678062
vn -0.6313355 -0.774894 0.030899199
vn 0.5727297 -0.8192548 0.028324155
vn 0.3740174 -0.2160131 0.90191424
vn -0.35997558 -0.14395209 0.9217893
vn -0.593079 -0.22247614 0.7737969
vn 0.99807477 -0.055128716 -0.028419692
vn 0.5664105 0.8207506 -0.07448188
vn 0.6937544 0.39511546 0.60215336
vn 0.56765413 0.482571 0.66700375
vn 0.8348328 0.53573734 0.12664771
vn 0.47507623 0.21085887 0.8543075
vn 0.9132622 0.40305847 0.059127793
vn -0.5525322 0.3024801 0.7766684
vn -0.87179995 0.48513335 0.06790151
vn 0.44632798 0.20937753 0.87003016
vn 0.9666367 0.25207952 -0.045490187
vn -0.064529985 -0.40026355 0.9141252
vn 0.031447005 -0.4918333 0.8701213
vn -0.56578207 0.25156334 0.7852429
vn -0.9392431 0.34129366 0.036620826
vn -0.600886 0.10428422 0.7925029
vn -0.99583423 0.02515335 -0.08764333
vn 0.5108002 0.07438489 0.85647535
vn 0.9650804 -0.016999204 -0.26140153
vn 0.66747713 -0.36461052 0.64925617
vn 0.14803386 -0.7168759 -0.68130386
vn -0.5188691 -0.32373142 0.7911844
vn -0.5225989 -0.5541535 0.647923
vn -0.916749 -0.3964449 -0.049019165
vn -0.89382726 -0.4341106 -0.112342335
vn -0.46229443 -0.236482 0.8546111
vn -0.88566387 -0.44778508 -0.122833036
vn -0.66151327 -0.6467314 -0.37965605
vn 0.9601396 -0.16781163 -0.22354221
vn 0.56017643 -0.26096746 0.78619236
vn 0.64347845 -0.11701777 0.7564669
vn 0.99836653 -0.05667145 0.0072478424
vn 0.9947389 -0.10109039 0.016594082
vn 0.6399863 -0.19476391 0.743293
vn 0.6794702 -0.37236273 0.6321917
vn 0.9822519 -0.18508267 -0.030421935
vn -0.0057935333 -0.8958997 -0.4442186
vn -0.60464287 -0.38749504 0.6958841
vn -0.9153024 -0.2539606 0.31261092
vn -0.9939075 -0.09202847 0.060652964
vn -0.6400298 -0.1786457 0.74729353
vn -0.67202985 -0.08795255 0.73528236
vn -0.9985262 -0.020241845 0.050354272
vn -0.9761846 -0.1212959 -0.17986362
vn 0.6249162 -0.71861434 -0.30507907
vn 0.49314168 -0.40049285 0.7722803
vn 0.84035707 -0.5330583 -0.09822882
vn 0.8663923 -0.48372915 -0.123978086
vn 0.5664767 -0.44335863 0.69464916
vn 0.91355705 -0.39379966 -0.101662636
vn -0.7089726 -0.300889 0.6378274
vn -0.2462865 -0.871158 -0.42476666
vn 0.57344055 -0.5667649 0.59156024
vn 0.9601396 -0.16781163 -0.22354221
vn -0.66151327 -0.6467314 -0.37965605
vn 0.01990742 -0.16282363 -0.9864543
vn -0.43387002 -0.28511015 -0.8546749
vn -0.3453081 -0.21535562 -0.91344637
vn -0.88566387 -0.44778508 -0.122833036
vn 0.39279512 0.21221022 -0.8948066
vn 0.55424553 0.21562634 -0.80393857
vn 0.010585825 -0.08520516 -0.99630725
vn 0.3948326 0.11558868 -0.91145295
vn -0.20251845 -0.132056 -0.97033376
vn -0.89382726 -0.4341106 -0.112342335
vn -0.916749 -0.3964449 -0.049019165
vn 0.8348328 0.53573734 0.12664771
vn 0.37212193 0.074555516 -0.92518467
vn 0.9132622 0.40305847 0.059127793
vn 0.9666367 0.25207952 -0.045490187
vn 0.9650804 -0.016999204 -0.26140153
vn 0.33938298 0.19745138 -0.9196914
vn 0.14803386 -0.7168759 -0.68130386
vn -0.17518295 0.100584775 -0.97938436
vn 0.9076579 0.41074088 0.08630738
vn 0.56765413 0.482571 0.66700375
vn 0.5480106 0.012314444 -0.8363808
vn 0.95765954 0.175888 0.22792903
vn 0.43511838 0.33882606 0.8341875
vn 0.0278473 0.989199 -0.1439095
vn -0.6004187 0.036036085 -0.7988735
vn -0.9438538 0.19159961 0.26912755
vn -0.37718645 0.34973794 0.8575627
vn -0.5684478 0.24539526 -0.78526956
vn -0.90160716 0.40781355 0.1441961
vn -0.5266194 0.45824534 0.71601915
vn -0.8023256 0.5771037 0.15239704
vn -0.3324676 0.2720834 -0.90301496
vn -0.87179995 0.48513335 0.06790151
vn -0.35790333 0.22343925 -0.90663123
vn 0.49679393 -0.2998061 -0.8144397
vn -0.39977634 0.16884635 -0.9009272
vn -0.9392431 0.34129366 0.036620826
vn -0.99583423 0.02515335 -0.08764333
vn 0.42573446 -0.2334542 -0.8742136
vn 0.6249162 -0.71861434 -0.30507907
vn -0.9761846 -0.1212959 -0.17986362
vn 0.84035707 -0.5330583 -0.09822882
vn -0.46648118 0.05531209 -0.88280004
vn 0.29347634 -0.14174318 -0.9453997
vn 0.8663923 -0.48372915 -0.123978086
vn 0.91355705 -0.39379966 -0.101662636
vn -0.38925627 0.18895358 -0.901541
vn -0.2462865 -0.871158 -0.42476666
vn 0.24872437 0.048972376 -0.9673355
vn -0.43577018 0.033451088 -0.8994361
vn -0.9985262 -0.020241845 0.050354272
vn 0.5395674 0.019490803 -0.84171665
vn 0.01990742 -0.16282363 -0.9864543
vn 0.9601396 -0.16781163 -0.22354221
vn 0.51475555 0.013255712 -0.8572345
vn 0.99836653 -0.05667145 0.0072478424
vn -0.37342265 0.01850185 -0.92747676
vn -0.9939075 -0.09202847 0.060652964
vn 0.44332495 0.017667193 -0.8961868
vn 0.9947389 -0.10109039 0.016594082
vn 0.9822519 -0.18508267 -0.030421935
vn -0.8000456 -0.01416221 -0.5997719
vn -0.9153024 -0.2539606 0.31261092
vn -0.0057935333 -0.8958997 -0.4442186
vn -0.27558333 0.11460586 -0.9544209
vn 0.40167508 0.08287664 -0.9120245
vn 0.25124377 0.37170696 -0.893706
vn -0.89962864 0.42364782 -0.105786785
vn -0.5036581 0.86287063 -0.042223834
vn 0.49662215 0.48484734 -0.71992326
vn 0.5307204 0.3898864 -0.75254536
vn 0.12698051 0.21422896 -0.9684947
vn 0.2180112 0.36907405 -0.90346855
vn 0.78844774 0.4611716 0.40702686
vn 0.112008944 0.54304546 0.8321992
vn 0.80801046 0.433343 0.3991653
vn 0.8425306 0.5313202 0.0885494
vn 0.7412877 0.4248541 0.5196071
vn 0.8020808 0.39246336 0.45015422
vn 0.67524487 0.48584634 0.55497533
vn -0.17981575 0.4429352 0.8783363
vn 0.7022324 0.46047798 0.54298204
vn 0.0952957 0.46968353 0.8776765
vn 0.13875946 0.44197991 0.8862277
vn 0.75688845 0.43981352 0.4834087
vn 0.85487646 0.46849403 0.22293401
vn 0.8299487 0.3945654 0.39433894
vn 0.62528455 0.64669484 -0.4368123
vn 0.10929056 0.5665514 -0.81674665
vn 0.832479 0.42491806 0.35556072
vn 0.40277576 0.90997666 -0.09856013
vn -0.1650313 0.8860478 -0.433225
vn -0.15959804 0.882057 -0.44328752
vn 0.3838455 0.9183683 -0.096241504
vn 0.8325493 0.38767663 0.3956874
vn 0.83903736 0.40039766 0.3683723
vn 0.50573957 0.7980442 -0.32764772
vn 0.0059127957 0.7200259 -0.693922
vn 0.84419745 0.38306934 0.37495118
vn 0.84252924 0.41652006 0.34154883
vn 0.37650973 0.9211041 -0.09903437
vn -0.13780679 0.9049471 -0.40259162
vn 0.84458023 0.38371372 0.3734274
vn 0.8352175 0.4189915 0.3561711
vn 0.24060987 0.9588155 0.15092951
vn -0.23851871 0.9696201 -0.054274097
vn -0.11940072 0.9220653 -0.36815616
vn 0.76770157 0.53834474 0.3475906
vn 0.36677888 0.92719907 -0.075995035
vn 0.8391118 0.40916118 0.3584392
vn 0.8454853 0.3824735 0.37265056
vn 0.45919445 0.82812357 -0.3214838
vn 0.0032424754 0.76655936 -0.6421651
vn 0.84480596 0.38240856 0.37425467
vn 0.84304833 0.4228116 0.3324152
vn 0.34065968 0.93733865 -0.07312453
vn -0.11625337 0.9371318 -0.3290428
vn 0.83361745 0.4285391 0.3484771
vn 0.2215383 0.9623993 0.15718919
vn -0.19883749 0.97993016 -0.014161806
vn 0.8475182 0.3823226 0.3681607
vn 0.8471562 0.3817591 0.36957583
vn 0.70887446 0.6248071 0.32728106
vn 0.42668247 0.8804499 -0.20676076
vn -0.0312805 0.86045206 -0.5085703
vn 0.8477935 0.39295086 0.35614008
vn 0.5061056 0.74585485 -0.4330793
vn 0.0756262 0.6580337 -0.749181
vn 0.84668154 0.38133094 0.37110266
vn 0.8490338 0.38081595 0.36622512
vn 0.85086566 0.41293973 0.3248205
vn 0.38814303 0.904316 -0.17764457
vn -0.053500608 0.89377475 -0.44531384
vn 0.8448806 0.40761027 0.3464544
vn 0.16241445 0.9559373 0.24455154
vn -0.21810149 0.96863 0.119111836
vn 0.024222776 0.8076484 -0.5891666
vn 0.85076684 0.38070408 0.36229834
vn 0.8333476 0.41781825 0.36188346
vn 0.50487524 0.8243085 -0.25615698
vn 0.8502812 0.38022333 0.3639396
vn 0.85164785 0.38891605 0.35134047
vn 0.59175384 0.57148826 -0.56853193
vn 0.17757435 0.43630645 -0.88210195
vn 0.8510634 0.3799458 0.3623981
vn 0.8594585 0.3963027 0.32291684
vn 0.85432684 0.3791445 0.35549268
vn 0.45204604 0.8435808 -0.2898721
vn 0.013923822 0.81406677 -0.58060426
vn 0.85113597 0.4038247 0.3354
vn 0.15154192 0.94697005 0.28334236
vn -0.24585743 0.9551534 0.16503349
vn 0.116157666 0.6702431 -0.7329949
vn 0.8402667 0.40854645 0.3564291
vn 0.5876513 0.72168964 -0.3658277
vn 0.8530905 0.37909836 0.3584983
vn 0.6242889 0.5171889 -0.5854735
vn 0.2276414 0.3785123 -0.89716655
vn 0.85667187 0.38785312 0.34012243
vn 0.8767909 0.4258072 0.22344151
vn 0.5229702 0.77062774 -0.36419094
vn 0.07906204 0.7242426 -0.6849977
vn 0.8575302 0.4122668 0.30769807
vn 0.1607908 0.94595724 0.28162232
vn -0.28875867 0.9457133 0.14914747
vn 0.079729766 0.75733745 -0.64813817
vn 0.85855764 0.3771627 0.34731388
vn 0.84402966 0.40809074 0.34795958
vn 0.60100543 0.7588385 -0.25091165
vn 0.86002755 0.3834743 0.336601
vn 0.65164584 0.5072594 -0.5639554
vn 0.26492783 0.37517142 -0.8882902
vn 0.8693622 0.3862348 0.30827257
vn 0.8632906 0.37361258 0.33932704
vn 0.580764 0.70330614 -0.40996787
vn 0.14762507 0.6386597 -0.75519574
vn 0.5128776 0.80546004 -0.2969693
vn 0.050449837 0.78230625 -0.6208477
vn 0.86568373 0.39884204 0.3025172
vn 0.8653304 0.37287214 0.3349174
vn 0.29982454 0.9491583 0.09593622
vn -0.25043812 0.9632236 -0.097371414
vn -0.088783905 0.5323219 0.84187347
vn -0.49078473 0.4110537 0.76822215
vn 0.19892806 0.60918146 -0.76767546
vn 0.8597321 0.41923267 0.2917272
vn 0.7830788 0.54818374 0.293738
vn 0.86803377 0.37918064 0.32052973
vn 0.8663917 0.37287745 0.33215654
vn 0.7204195 0.4657835 0.5138496
vn 0.6912115 0.66584426 -0.2808524
vn 0.624962 0.55381566 -0.5501916
vn 0.27903476 0.45135733 -0.8475943
vn 0.87662697 0.3911061 0.28028795
vn 0.59508914 0.71296257 -0.37088165
vn 0.15144284 0.6711931 -0.72564775
vn 0.87196505 0.40369987 0.27695358
vn 0.87232405 0.36945266 0.32024312
vn 0.87070566 0.37002608 0.32396352
vn 0.49684954 0.8423555 -0.20875311
vn -0.019836178 0.84666145 -0.5317621
vn 0.8607916 0.4319217 0.26922387
vn 0.29907906 0.94730616 0.11472963
vn -0.32710317 0.9410654 -0.08601955
vn 0.8689915 0.37069467 0.32777914
vn 0.8739935 0.3691869 0.31596905
vn 0.79142016 0.5417289 0.2831678
vn 0.0017166113 0.43315822 0.9013162
vn -0.57543534 0.23698324 0.7827599
vn -0.3948196 -0.3178584 0.8620228
vn 0.8493666 0.3473381 0.39740744
vn 0.7800678 0.418452 0.46517977
vn -0.05855365 -0.1656477 0.98444515
vn 0.39436266 -0.9168097 -0.06275468
vn 0.84829056 0.39987436 0.34713635
vn 0.6315338 0.55962557 -0.5366416
vn 0.31318387 0.47454414 -0.82263225
vn 0.88347405 0.38585234 0.26569068
vn 0.62371016 0.6915172 -0.3644031
vn 0.18558717 0.6622392 -0.7259453
vn 0.018691817 0.8191022 -0.5733429
vn 0.8670089 0.3513432 0.35334596
vn 0.8804651 0.39483595 0.26246104
vn 0.5430328 0.8068243 -0.23270112
vn -0.1957018 0.9193787 -0.3412383
vn 0.86481494 0.3515337 0.35849574
vn 0.869942 0.3497125 0.34770977
vn 0.8749147 0.41008645 0.25759152
vn 0.87266195 0.34572673 0.34486833
vn 0.42989364 0.9006024 -0.06408353
vn 0.8587193 0.4444282 0.2551171
vn 0.15640335 0.9079024 0.38891032
vn -0.5718273 0.7798251 0.25472823
vn -0.55239713 -0.13724093 0.8222058
vn 0.87438595 0.33714595 0.34897232
vn 0.77015793 0.54214305 0.33606198
vn -0.031280626 0.057888232 0.99783283
vn -0.36981672 -0.47118732 0.800761
vn 0.8705222 0.325969 0.368694
vn 0.80092734 0.3394261 0.49325988
vn 0.20960979 -0.2278243 0.9508732
vn -0.3444806 -0.4989818 0.79520464
vn 0.24757145 -0.23917921 0.93888324
vn -0.35552576 -0.4702515 0.807753
vn 0.22010887 -0.21877372 0.9506262
vn -0.36679995 -0.43308336 0.82334477
vn 0.18577684 -0.19369242 0.96331215
vn -0.36850438 -0.4057935 0.83638287
vn 0.15831512 -0.17777069 0.97125375
vn -0.35401216 -0.4070377 0.8420188
vn 0.15086985 -0.1863462 0.9708312
vn -0.33494294 -0.42511624 0.84088606
vn 0.8634615 0.35085875 0.36239824
vn 0.1542073 -0.20856608 0.9657745
vn -0.31042066 -0.45809698 0.83293825
vn 0.86227584 0.34903005 0.36695838
vn 0.1586877 -0.24623297 0.9561316
vn -0.36946476 -0.24700923 0.89581376
vn 0.061034195 -0.07214433 0.99552494
vn -0.33511606 -0.3364989 0.8800374
vn 0.86285543 0.36357608 0.35113105
vn 0.0717151 -0.15673374 0.9850337
vn -0.27714083 -0.48876354 0.8272263
vn 0.83386934 0.32853156 0.4435414
vn 0.13771522 -0.30199116 0.9433111
vn -0.24604437 -0.5405823 0.80450785
vn 0.8681201 0.3708798 0.3298723
vn 0.85449576 0.33464575 0.3973024
vn 0.15363301 -0.35814327 0.92093986
vn -0.2254447 -0.56828463 0.7913452
vn 0.86643404 0.37165585 0.33341262
vn 0.8682227 0.36978617 0.3308287
vn 0.85886157 0.34603366 0.3776473
vn 0.8651772 0.37183926 0.3364578
vn 0.14810205 -0.39702886 0.90577805
vn -0.1993193 -0.6149692 0.76294476
vn 0.85831636 0.34840488 0.37670553
vn 0.8633683 0.37222207 0.3406552
vn 0.15220809 -0.4540732 0.87786686
vn -0.17366548 -0.66264796 0.72851765
vn 0.8581037 0.35210338 0.37373954
vn 0.15887758 -0.5116793 0.84435904
vn -0.15554671 -0.6928463 0.70410883
vn 0.8624196 0.3733687 0.34180158
vn 0.86095524 0.37342554 0.34541208
vn 0.86138666 0.37399557 0.34371543
vn 0.8585817 0.37462217 0.34999388
vn 0.857095 0.34249347 0.38482013
vn 0.8601318 0.37451357 0.3462844
vn 0.16040921 -0.5510252 0.8189263
vn -0.13856968 -0.7258278 0.67377484
vn 0.85497165 0.3356884 0.3953946
vn 0.8613029 0.37514505 0.34267095
vn 0.85974365 0.37584582 0.3458048
vn 0.8581373 0.37642455 0.3491488
vn 0.16403225 -0.5922506 0.78888065
vn -0.09593979 -0.83822155 0.5368241
vn 0.8558129 0.36128744 0.37021014
vn 0.857915 0.3757908 0.35037568
vn 0.8565681 0.37721613 0.3521351
vn 0.21915595 -0.7104806 0.6687212
vn 0.0002861016 -0.98316425 0.18272354
vn 0.85602987 0.36616236 0.36488083
vn 0.8527646 0.37739986 0.36105654
vn 0.35104775 -0.8736736 0.33683804
vn -0.0029563927 -0.9739406 0.22678392
vn 0.8612994 0.34909523 0.36918283
vn 0.33659866 -0.86245364 0.37798807
vn -0.02732277 -0.9126663 0.40779114
vn 0.85474956 0.37816682 0.35551786
vn 0.85379624 0.37807164 0.35790208
vn 0.85532546 0.37731022 0.35504258
vn 0.85678166 0.37632018 0.35257366
vn 0.856299 0.3764368 0.3536203
vn 0.8554666 0.37616205 0.35591987
vn 0.85122657 0.379409 0.36257714
vn 0.8500944 0.37974823 0.36487108
vn 0.8477319 0.38100964 0.369029
vn 0.8492094 0.37942085 0.36726436
vn 0.85977656 0.34232992 0.37893876
vn 0.8465247 0.38073173 0.37207416
vn 0.85293186 0.34869257 0.38848528
vn 0.2763729 -0.79316545 0.5426846
vn -0.04892319 -0.81657857 0.57515734
vn 0.8471558 0.34573358 0.40347907
vn 0.21810868 -0.6964075 0.6836996
vn -0.096367985 -0.75835544 0.6446784
vn 0.7876994 0.3479534 0.5083877
vn 0.15044336 -0.6343417 0.75827265
vn -0.10871826 -0.7604079 0.6402813
vn 0.1337294 -0.60267645 0.7867004
vn -0.49479148 -0.55132073 0.67173433
vn -0.22196749 -0.33445325 0.9158993
vn 0.007963173 0.34460992 0.9387122
vn 0.6421584 0.078439936 0.76254827
vn 0.7166654 0.4014508 0.5702876
vn 0.8436757 0.38155663 0.37765846
vn 0.77886355 0.4274594 0.45896634
vn 0.8305044 0.38608775 0.4014955
vn 0.8439951 0.38249186 0.375995
vn -0.2435671 0.3660242 -0.8981656
vn 0.5036805 0.8628563 -0.042247556
vn 0.8996333 0.423638 -0.1057873
vn -0.50925905 0.49044198 -0.707193
vn -0.5752078 0.40194932 -0.71244144
vn -0.28967783 0.26594335 -0.919435
vn -0.7884123 0.46120557 0.40705708
vn -0.112008944 0.54304546 0.8321992
vn -0.6166984 0.52686155 -0.5848931
vn -0.1734262 0.3257046 -0.9294298
vn -0.80609876 0.42993122 0.4066495
vn -0.6314302 0.65484303 -0.41530296
vn -0.120021485 0.514824 -0.8488528
vn -0.8424711 0.514552 0.15962033
vn -0.85081273 0.4606205 0.25287637
vn -0.4027358 0.9099941 -0.09856203
vn 0.16493766 0.88605714 -0.4332415
vn 0.15950468 0.8820681 -0.44329906
vn -0.8299487 0.3945654 0.39433894
vn -0.832479 0.42491806 0.35556072
vn -0.38384527 0.91836774 -0.09624743
vn -0.8389998 0.40045017 0.36840054
vn -0.5057785 0.79803044 -0.3276211
vn -0.0059604766 0.72002566 -0.69392174
vn -0.8424866 0.41657028 0.3415926
vn -0.37650982 0.9211044 -0.09903142
vn 0.13785389 0.9049433 -0.402584
vn -0.83518666 0.41904768 0.35617736
vn -0.24060987 0.9588155 0.15092951
vn 0.23851871 0.9696201 -0.054274097
vn 0.11940045 0.92206335 -0.36816132
vn -0.84456766 0.38375565 0.37341282
vn -0.8442283 0.38303795 0.3749139
vn -0.7677024 0.5383453 0.3475879
vn -0.36677888 0.92719907 -0.075995035
vn -0.8391353 0.4091249 0.3584254
vn -0.4592896 0.82807547 -0.32147172
vn -0.0032424754 0.76655936 -0.6421651
vn -0.8325177 0.38770792 0.39572337
vn -0.8454853 0.3824735 0.37265056
vn -0.84306866 0.4227741 0.33241126
vn -0.34065875 0.9373362 -0.07316009
vn 0.11625337 0.9371318 -0.3290428
vn -0.83361393 0.42853728 0.34848753
vn -0.22144759 0.96241957 0.15719248
vn 0.19883749 0.97993016 -0.014161806
vn -0.84745353 0.38238412 0.3682456
vn -0.42658657 0.8804964 -0.2067605
vn 0.031375773 0.8604495 -0.5085688
vn -0.70887446 0.6248071 0.32728106
vn -0.8471562 0.3817591 0.36957583
vn -0.84780794 0.3929575 0.35609838
vn -0.5061056 0.74585485 -0.4330793
vn -0.0756262 0.6580337 -0.749181
vn -0.849064 0.3807818 0.3661904
vn -0.85084236 0.41297612 0.32483542
vn -0.38814303 0.904316 -0.17764457
vn 0.053500608 0.89377475 -0.44531384
vn -0.8448806 0.40761027 0.3464544
vn -0.16241445 0.9559373 0.24455154
vn 0.21810149 0.96863 0.119111836
vn -0.024222776 0.8076484 -0.5891666
vn -0.85076684 0.38070408 0.36229834
vn -0.8333476 0.41781825 0.36188346
vn -0.50478435 0.82436347 -0.25615922
vn -0.8502812 0.38022333 0.3639396
vn -0.85164785 0.38891605 0.35134047
vn -0.5916759 0.57150507 -0.56859624
vn -0.17766671 0.43629912 -0.88208705
vn -0.8510634 0.3799458 0.3623981
vn -0.85941577 0.39633065 0.3229961
vn -0.8542969 0.3791789 0.3555279
vn -0.45204604 0.8435808 -0.2898721
vn -0.013923822 0.81406677 -0.58060426
vn -0.85113597 0.4038247 0.3354
vn -0.15154192 0.94697005 0.28334236
vn 0.24604787 0.9551045 0.16503328
vn -0.116157666 0.6702431 -0.7329949
vn -0.8402667 0.40854645 0.3564291
vn -0.5876513 0.72168964 -0.3658277
vn -0.8530905 0.37909836 0.3584983
vn -0.62436444 0.5171725 -0.5854072
vn -0.22745082 0.3785125 -0.89721483
vn -0.85667187 0.38785312 0.34012243
vn -0.5229702 0.77062774 -0.36419094
vn -0.07915681 0.72423714 -0.6849925
vn -0.8767909 0.4258072 0.22344151
vn -0.8575302 0.4122668 0.30769807
vn -0.1607908 0.94595724 0.28162232
vn 0.28875867 0.9457133 0.14914747
vn -0.079729766 0.75733745 -0.64813817
vn -0.8585042 0.37718108 0.3474262
vn -0.84402966 0.40809074 0.34795958
vn -0.60100543 0.7588385 -0.25091165
vn -0.8600973 0.38470253 0.33501738
vn -0.6517496 0.5071707 -0.56391513
vn -0.26492783 0.37517142 -0.8882902
vn -0.8693622 0.3862348 0.30827257
vn -0.86333036 0.37354082 0.3393051
vn -0.580764 0.70330614 -0.40996787
vn -0.14762507 0.6386597 -0.75519574
vn -0.5128776 0.80546004 -0.2969693
vn -0.050449837 0.78230625 -0.6208477
vn -0.86568373 0.39884204 0.3025172
vn -0.8653304 0.37287214 0.3349174
vn -0.29982454 0.9491583 0.09593622
vn 0.25043812 0.9632236 -0.097371414
vn 0.088689275 0.53232634 0.84188056
vn 0.49076548 0.41113296 0.76819205
vn -0.19892806 0.60918146 -0.76767546
vn -0.8597321 0.41923267 0.2917272
vn -0.7830788 0.54818374 0.293738
vn -0.86803377 0.37918064 0.32052973
vn -0.8663917 0.37287745 0.33215654
vn -0.7204195 0.4657835 0.5138496
vn -0.6912115 0.66584426 -0.2808524
vn -0.62492895 0.55388176 -0.55016255
vn -0.27903476 0.45135733 -0.8475943
vn -0.8766816 0.39099258 0.2802749
vn -0.59508914 0.71296257 -0.37088165
vn -0.15144284 0.6711931 -0.72564775
vn -0.87196505 0.40369987 0.27695358
vn -0.87232405 0.36945266 0.32024312
vn -0.87070566 0.37002608 0.32396352
vn -0.49684954 0.8423555 -0.20875311
vn 0.019836178 0.84666145 -0.5317621
vn -0.8607916 0.4319217 0.26922387
vn -0.29925266 0.947252 0.11472306
vn 0.32710317 0.9410654 -0.08601955
vn -0.8689608 0.37077695 0.32776755
vn -0.8739935 0.3691869 0.31596905
vn -0.79142016 0.5417289 0.2831678
vn -0.0017166113 0.43315822 0.9013162
vn 0.57544833 0.23689324 0.7827776
vn 0.3948196 -0.3178584 0.8620228
vn -0.8493666 0.3473381 0.39740744
vn -0.7800678 0.418452 0.46517977
vn 0.05855365 -0.1656477 0.98444515
vn -0.39426306 -0.91679996 -0.06351699
vn -0.84829056 0.39987436 0.34713635
vn -0.6315338 0.55962557 -0.5366416
vn -0.31318387 0.47454414 -0.82263225
vn -0.88347405 0.38585234 0.26569068
vn -0.62371016 0.6915172 -0.3644031
vn -0.18558717 0.6622392 -0.7259453
vn -0.018691817 0.8191022 -0.5733429
vn -0.8670089 0.3513432 0.35334596
vn -0.8804651 0.39483595 0.26246104
vn -0.54284453 0.8069233 -0.23279752
vn 0.1957018 0.9193787 -0.3412383
vn -0.8648686 0.35151675 0.35838303
vn -0.869942 0.3497125 0.34770977
vn -0.8749147 0.41008645 0.25759152
vn -0.87266195 0.34572673 0.34486833
vn -0.42989364 0.9006024 -0.06408353
vn -0.8587193 0.4444282 0.2551171
vn -0.15620375 0.9079462 0.38888818
vn 0.5718273 0.7798251 0.25472823
vn 0.55239713 -0.13724093 0.8222058
vn -0.87438595 0.33714595 0.34897232
vn -0.77004045 0.5422901 0.336094
vn 0.031280626 0.057888232 0.99783283
vn 0.36981672 -0.47118732 0.800761
vn -0.87049156 0.32595745 0.36877638
vn -0.80105937 0.33930582 0.49312833
vn -0.20960979 -0.2278243 0.9508732
vn 0.3444806 -0.4989818 0.79520464
vn -0.24777262 -0.2391893 0.9388275
vn 0.35552576 -0.4702515 0.807753
vn -0.22010887 -0.21877372 0.9506262
vn 0.36659092 -0.43315712 0.823399
vn -0.185961 -0.19368555 0.963278
vn 0.36850438 -0.4057935 0.83638287
vn -0.15831512 -0.17777069 0.97125375
vn 0.35401216 -0.4070377 0.8420188
vn -0.15086985 -0.1863462 0.9708312
vn 0.33494294 -0.42511624 0.84088606
vn -0.8634615 0.35085875 0.36239824
vn -0.15430039 -0.20856301 0.96576023
vn 0.31050685 -0.45808345 0.83291364
vn -0.86222124 0.34904653 0.36707106
vn -0.15859471 -0.24623667 0.95614594
vn 0.36946476 -0.24700923 0.89581376
vn -0.0611292 -0.072143905 0.99551916
vn 0.33511606 -0.3364989 0.8800374
vn -0.86287034 0.36353466 0.35113707
vn -0.0717151 -0.15673374 0.9850337
vn 0.27714083 -0.48876354 0.8272263
vn -0.8339177 0.32850295 0.4434718
vn -0.13771522 -0.30199116 0.9433111
vn 0.24613713 -0.54055274 0.8044993
vn -0.8680539 0.37093997 0.32997873
vn -0.85449576 0.33464575 0.3973024
vn -0.15344678 -0.35815376 0.92096686
vn 0.2254447 -0.56828463 0.7913452
vn -0.8682227 0.36978617 0.3308287
vn -0.8665007 0.37159586 0.3333062
vn -0.85886157 0.34603366 0.3776473
vn -0.8651926 0.37179822 0.33646378
vn -0.14820674 -0.39707765 0.90573955
vn 0.1993193 -0.6149692 0.76294476
vn -0.85831636 0.34840488 0.37670553
vn -0.8633683 0.37222207 0.3406552
vn -0.15220809 -0.4540732 0.87786686
vn 0.17366548 -0.66264796 0.72851765
vn -0.8581037 0.35210338 0.37373954
vn -0.1589814 -0.5117303 0.8443086
vn 0.1556417 -0.69282675 0.7041071
vn -0.8623236 0.37341604 0.34199208
vn -0.8609629 0.373405 0.3454151
vn -0.8612066 0.3741432 0.3440058
vn -0.8585817 0.37462217 0.34999388
vn -0.8570861 0.34251973 0.38481614
vn -0.86032575 0.37441954 0.34590414
vn -0.16040921 -0.5510252 0.8189263
vn 0.13856968 -0.7258278 0.67377484
vn -0.8549958 0.33572623 0.39531034
vn -0.8610565 0.3751208 0.34331638
vn -0.8601158 0.3756987 0.34503815
vn -0.85782754 0.3766526 0.34966365
vn -0.16403225 -0.5922506 0.78888065
vn 0.09603525 -0.8382103 0.5368247
vn -0.8557406 0.3613508 0.3703154
vn -0.85774994 0.37580204 0.35076764
vn -0.8565681 0.37721613 0.3521351
vn -0.21906142 -0.71050715 0.6687239
vn -0.0002861016 -0.98316425 0.18272354
vn -0.85602987 0.36616236 0.36488083
vn -0.8527646 0.37739986 0.36105654
vn -0.35104775 -0.8736736 0.33683804
vn 0.0029563927 -0.9739406 0.22678392
vn -0.8613419 0.34901416 0.36916015
vn -0.33650374 -0.86249053 0.37798855
vn 0.027370417 -0.9126651 0.40779063
vn -0.85678166 0.37632018 0.35257366
vn -0.8554666 0.37616205 0.35591987
vn -0.856299 0.3764368 0.3536203
vn -0.85528547 0.37733462 0.3551132
vn -0.85379624 0.37807164 0.35790208
vn -0.85470843 0.37823853 0.3555404
vn -0.85122657 0.379409 0.36257714
vn -0.85012454 0.37971404 0.36483636
vn -0.8477319 0.38100964 0.369029
vn -0.84944564 0.37935424 0.36678654
vn -0.84646845 0.38151166 0.3714028
vn -0.84480596 0.38240856 0.37425467
vn -0.8461362 0.3809222 0.37276244
vn -0.8619325 0.33443034 0.38108897
vn -0.8535997 0.34251755 0.3924909
vn -0.84400654 0.38248518 0.3759763
vn -0.2763729 -0.79316545 0.5426846
vn 0.04892319 -0.81657857 0.57515734
vn -0.84718436 0.34570193 0.4034461
vn -0.2181995 -0.696393 0.6836854
vn 0.09632073 -0.7583589 0.6446814
vn -0.7876994 0.3479534 0.5083877
vn -0.15044336 -0.6343417 0.75827265
vn 0.10871826 -0.7604079 0.6402813
vn -0.8436757 0.38155663 0.37765846
vn -0.1337294 -0.60267645 0.7867004
vn 0.4948124 -0.55131745 0.67172146
vn 0.22196749 -0.33445325 0.9158993
vn -0.007951252 0.3446099 0.9387123
vn -0.6421584 0.078439936 0.76254827
vn -0.13875946 0.44197991 0.8862277
vn -0.7166629 0.40144944 0.5702917
vn -0.7022324 0.46047798 0.54298204
vn -0.0952957 0.46968353 0.8776765
vn 0.17979081 0.4429325 0.87834287
vn -0.77886355 0.4274594 0.45896634
vn -0.6752274 0.4858509 0.5549926
vn -0.8305044 0.38608775 0.4014955
vn -0.75688845 0.43981352 0.4834087
vn -0.741296 0.4248469 0.51960105
vn -0.8020808 0.39246336 0.45015422
vn 0.41008615 -0.85851073 0.30787757
vn 0.4948124 -0.55131745 0.67172146
vn 0.10871826 -0.7604079 0.6402813
vn 0.6239004 -0.7743442 0.10554308
vn 0.35624757 -0.81611264 0.4550251
vn 0.09632073 -0.7583589 0.6446814
vn 0.04892319 -0.81657857 0.57515734
vn 0.77471185 -0.52084553 -0.35852686
vn 0.88179886 -0.4638235 -0.08543208
vn 0.8564189 -0.41899464 -0.3016456
vn 0.8622985 -0.3844676 -0.32958457
vn 0.809474 -0.39353135 -0.43575802
vn 0.91094625 -0.3279197 -0.2502909
vn 0.27131903 -0.8537728 0.4443624
vn 0.027370417 -0.9126651 0.40779063
vn 0.81773245 -0.34733006 -0.458994
vn 0.94294673 -0.260568 -0.20725755
vn 0.8696508 -0.305484 -0.38779756
vn 0.86304337 -0.34940884 -0.3647871
vn 0.24237694 -0.9277845 0.28367117
vn 0.0029563927 -0.9739406 0.22678392
vn 0.8222003 -0.32875133 -0.46466026
vn 0.90799195 -0.22540058 -0.35319278
vn 0.87088823 -0.28486016 -0.4005101
vn 0.86239904 -0.30400443 -0.40478295
vn 0.86018264 -0.35551253 -0.36564553
vn 0.21076159 -0.9701947 0.11959051
vn -0.0002861016 -0.98316425 0.18272354
vn 0.84592307 -0.32588774 -0.42215085
vn 0.8242087 -0.26846984 -0.49860215
vn 0.8582075 0.26757595 -0.43804446
vn 0.857963 -0.30634636 -0.41237286
vn 0.8773714 -0.29618436 -0.3774843
vn 0.8633134 -0.30635583 -0.40104377
vn 0.8542136 -0.31753457 -0.41169292
vn 0.8604012 -0.35873497 -0.3619655
vn 0.08020482 0.19579579 -0.97735924
vn 0.8996333 0.423638 -0.1057873
vn -0.2435671 0.3660242 -0.8981656
vn -0.28967783 0.26594335 -0.919435
vn 0.10819476 0.118971325 -0.98698515
vn -0.1734262 0.3257046 -0.9294298
vn 0.8461366 -0.28465617 -0.45058146
vn 0.32272238 0.06332377 -0.9443731
vn -0.120021485 0.514824 -0.8488528
vn 0.84705925 -0.32499054 -0.42056128
vn 0.84313536 -0.3294198 -0.42497706
vn 0.76107836 -0.24764492 -0.5995262
vn 0.79993874 -0.24611849 -0.5472876
vn 0.41889936 0.18153098 -0.88970214
vn 0.66403675 0.44130838 -0.6035744
vn 0.16493766 0.88605714 -0.4332415
vn 0.15950468 0.8820681 -0.44329906
vn 0.8507319 -0.2023713 -0.4850784
vn 0.65851444 0.4640119 -0.5924961
vn -0.0059604766 0.72002566 -0.69392174
vn 0.848671 -0.32918307 -0.41400012
vn 0.8491525 -0.30705965 -0.42971426
vn 0.4920001 0.36401713 -0.7908397
vn 0.13785389 0.9049433 -0.402584
vn 0.8183395 -0.18644139 -0.5436543
vn 0.6418196 0.5026792 -0.57912105
vn 0.23851871 0.9696201 -0.054274097
vn 0.84753704 -0.33645895 -0.41045862
vn 0.8565993 -0.11072275 -0.5039626
vn 0.7472102 0.58661 -0.31235486
vn 0.11940045 0.92206335 -0.36816132
vn 0.9064581 -0.010919457 -0.4221545
vn 0.6426643 0.5331853 -0.5501782
vn -0.0032424754 0.76655936 -0.6421651
vn 0.8552795 -0.30980992 -0.41534895
vn 0.8511219 -0.33195612 -0.40668976
vn 0.4742678 0.4432254 -0.7606716
vn 0.11625337 0.9371318 -0.3290428
vn 0.82902014 -0.1700383 -0.5327406
vn 0.62705797 0.57622576 -0.52417755
vn 0.19883749 0.97993016 -0.014161806
vn 0.71914476 0.6410888 -0.26802233
vn 0.031375773 0.8604495 -0.5085688
vn 0.8702113 -0.089500636 -0.48448116
vn 0.8522153 -0.34065723 -0.3970917
vn 0.5531264 0.5095439 -0.65910256
vn -0.0756262 0.6580337 -0.749181
vn 0.9157817 0.008868863 -0.4015783
vn 0.8536466 -0.3341963 -0.3995001
vn 0.85743314 -0.3132287 -0.40828446
vn 0.37680116 0.38271397 -0.84353477
vn 0.053500608 0.89377475 -0.44531384
vn 0.85629433 -0.33623785 -0.392051
vn 0.8329384 -0.24466491 -0.49633935
vn 0.56190306 0.55608565 -0.61239994
vn 0.21810149 0.96863 0.119111836
vn 0.86374235 -0.18248548 -0.46973202
vn 0.7356766 0.66353 -0.1360439
vn -0.024222776 0.8076484 -0.5891666
vn 0.85631627 -0.34494883 -0.38436
vn 0.9290849 -0.08921771 -0.3589451
vn 0.5374902 0.4446025 -0.7165423
vn -0.17766671 0.43629912 -0.88208705
vn 0.85736823 -0.33870333 -0.3875562
vn 0.86047435 -0.31670567 -0.39910066
vn 0.23680001 0.2229716 -0.9456265
vn -0.013923822 0.81406677 -0.58060426
vn 0.8593013 -0.34095475 -0.3812494
vn 0.7843796 -0.22954428 -0.57624483
vn 0.8611165 -0.34863353 -0.3700446
vn 0.49332628 0.49599653 -0.71457446
vn 0.24604787 0.9551045 0.16503328
vn 0.84974766 -0.16761298 -0.49983478
vn 0.76686144 0.6360153 -0.086070456
vn -0.116157666 0.6702431 -0.7329949
vn 0.9204966 -0.18329823 -0.34509087
vn 0.44594204 0.34284893 -0.8267952
vn -0.22745082 0.3785125 -0.89721483
vn 0.86139655 -0.34238416 -0.37519202
vn 0.86094886 -0.32729033 -0.3894201
vn 0.18424818 0.18129182 -0.96601546
vn -0.07915681 0.72423714 -0.6849925
vn 0.78028077 -0.246806 -0.5746727
vn 0.44003427 0.41371232 -0.7970018
vn 0.28875867 0.9457133 0.14914747
vn 0.8423113 -0.20437875 -0.49873948
vn 0.8045951 0.5862091 -0.09479289
vn -0.079729766 0.75733745 -0.64813817
vn 0.86508554 -0.35310102 -0.3562959
vn 0.91474473 -0.22696961 -0.33425567
vn 0.57212174 0.34180433 -0.74555117
vn 0.86780965 -0.34149736 -0.3609516
vn 0.18072082 0.16803698 -0.9690736
vn -0.26492783 0.37517142 -0.8882902
vn -0.14762507 0.6386597 -0.75519574
vn 0.85675657 -0.3367328 -0.39061388
vn 0.87294465 -0.35073248 -0.33904928
vn 0.39031714 0.3383448 -0.8562565
vn -0.050449837 0.78230625 -0.6208477
vn 0.50333524 0.4385825 -0.7445127
vn 0.25043812 0.9632236 -0.097371414
vn 0.8634281 -0.3184213 -0.39127958
vn 0.87365925 -0.3537171 -0.3340715
vn 0.7811243 0.54261965 -0.3088831
vn 0.49076548 0.41113296 0.76819205
vn 0.8544831 0.16813098 0.49151853
vn -0.19892806 0.60918146 -0.76767546
vn 0.87089545 -0.2938271 -0.3939629
vn 0.9180852 -0.17175357 -0.35723978
vn 0.87350476 -0.351729 -0.336565
vn 0.8735906 -0.35735193 -0.3303622
vn 0.9563612 -0.25482616 -0.14295825
vn 0.5425532 0.21705943 -0.8114932
vn 0.15831424 0.25854814 -0.9529373
vn -0.27903476 0.45135733 -0.8475943
vn -0.15144284 0.6711931 -0.72564775
vn 0.8670719 -0.3395046 -0.364586
vn 0.42840362 0.35019994 -0.8329647
vn 0.019836178 0.84666145 -0.5317621
vn 0.6088348 0.45281133 -0.6513693
vn 0.32710317 0.9410654 -0.08601955
vn 0.87420756 -0.32729143 -0.35866636
vn 0.8787755 -0.35818565 -0.3153674
vn 0.8782337 -0.3562907 -0.31900224
vn 0.8780206 -0.35389754 -0.32223654
vn 0.8275811 0.48598215 -0.28094652
vn 0.9024114 -0.015259544 0.4306053
vn 0.57544833 0.23689324 0.7827776
vn 0.3948196 -0.3178584 0.8620228
vn 0.6589864 -0.39682233 0.6389593
vn -0.39426306 -0.91679996 -0.06351699
vn 0.93894815 -0.30611652 -0.15706354
vn 0.9284626 -0.1773768 -0.32633513
vn 0.8949875 -0.381972 -0.23042306
vn 0.885332 -0.29704967 -0.35769933
vn 0.8803368 -0.35924911 -0.30975342
vn 0.9057109 -0.340178 -0.25291622
vn 0.13409168 0.2936474 -0.9464622
vn -0.31318387 0.47454414 -0.82263225
vn -0.18558717 0.6622392 -0.7259453
vn 0.8756947 -0.33885244 -0.34400252
vn 0.8894752 -0.3725381 -0.26466802
vn 0.42588896 0.34149316 -0.83785504
vn -0.018691817 0.8191022 -0.5733429
vn 0.8819843 -0.3295043 -0.33694315
vn 0.60139614 0.42315167 -0.6776912
vn 0.1957018 0.9193787 -0.3412383
vn 0.8891981 -0.37069 -0.26817086
vn 0.88950616 -0.37504587 -0.26099682
vn 0.89092505 -0.31204313 -0.32997224
vn 0.7571757 0.46012253 -0.46365088
vn 0.8900088 -0.37872106 -0.25387946
vn 0.93708545 0.34904665 -0.0061035487
vn 0.5718273 0.7798251 0.25472823
vn 0.55239713 -0.13724093 0.8222058
vn 0.8157627 -0.27684814 0.50782514
vn 0.36981672 -0.47118732 0.800761
vn 0.9595947 -0.17213959 -0.22258936
vn 0.9068068 -0.27343446 -0.3208349
vn 0.7122412 -0.53170115 0.45826444
vn 0.3444806 -0.4989818 0.79520464
vn 0.89166266 -0.3848931 -0.2383171
vn 0.89567775 -0.39204973 -0.20990063
vn 0.9275653 -0.36316767 -0.08793082
vn 0.70552844 -0.5529405 0.4432679
vn 0.35552576 -0.4702515 0.807753
vn 0.71103084 -0.5332732 0.45831737
vn 0.7163902 -0.50753844 0.4787379
vn 0.36659092 -0.43315712 0.823399
vn 0.7161115 -0.48847026 0.49857914
vn 0.36850438 -0.4057935 0.83638287
vn 0.70432085 -0.49106947 0.51262355
vn 0.35401216 -0.4070377 0.8420188
vn 0.6877626 -0.5066194 0.5199226
vn 0.33494294 -0.42511624 0.84088606
vn 0.88860375 -0.3701085 -0.27092975
vn 0.65995204 -0.5330162 0.52948755
vn 0.31050685 -0.45808345 0.83291364
vn 0.8878822 -0.37007806 -0.27332655
vn 0.7192464 -0.37183 0.58687913
vn 0.36946476 -0.24700923 0.89581376
vn 0.88744974 -0.35336825 -0.29591194
vn 0.67671627 -0.4321982 0.5960368
vn 0.33511606 -0.3364989 0.8800374
vn 0.903708 -0.37570262 -0.2053275
vn 0.61157167 -0.55912125 0.5597888
vn 0.27714083 -0.48876354 0.8272263
vn 0.8907369 -0.37493917 -0.25692135
vn 0.57591623 -0.6035485 0.55140704
vn 0.24613713 -0.54055274 0.8044993
vn 0.8785996 -0.35123003 -0.32357413
vn 0.8811828 -0.3453206 -0.32290962
vn 0.8774954 -0.34981555 -0.32807133
vn 0.88560057 -0.36481193 -0.28744346
vn 0.5424496 -0.6273266 0.5587574
vn 0.2254447 -0.56828463 0.7913452
vn 0.87836474 -0.3447176 -0.33112726
vn 0.8839494 -0.3604604 -0.29782864
vn 0.499727 -0.6669663 0.5526561
vn 0.1993193 -0.6149692 0.76294476
vn 0.45652747 -0.70820403 0.53854406
vn 0.17366548 -0.66264796 0.72851765
vn 0.88339186 -0.36134854 -0.2984058
vn 0.42382085 -0.73513275 0.52910846
vn 0.1556417 -0.69282675 0.7041071
vn 0.8830125 -0.37682286 -0.27980977
vn 0.87394696 -0.33402437 -0.35305014
vn 0.88157773 -0.3593122 -0.30612987
vn 0.87859434 -0.33568355 -0.33968884
vn 0.3936778 -0.76344216 0.51202905
vn 0.13856968 -0.7258278 0.67377484
vn 0.87646127 -0.33783457 -0.34305015
vn 0.33492902 -0.8560622 0.39367512
vn 0.09603525 -0.8382103 0.5368247
vn 0.20771022 -0.9748337 0.080966935
vn 0.8728769 -0.34038195 -0.34960848
vn 0.8704401 -0.3243944 -0.37027323
vn 0.86181384 -0.36074212 -0.35656992
vn 0.8722061 -0.32879385 -0.36214772
vn 0.8677425 -0.31859964 -0.38146722
vn 0.86393124 -0.31242284 -0.39498702
vn 0.85316306 -0.32415617 -0.40870002
vn 0.8573521 -0.32478532 -0.3993268
vn 0.857254 -0.32993403 -0.39529625
vn 0.86180544 -0.3301029 -0.38512796
vn 0.8637642 -0.3345573 -0.37680608
vn 0.86616176 -0.33580223 -0.37013587
vn 0.8695704 -0.3375808 -0.3603977
vn 0.8628456 -0.34559596 -0.36886454
vn 0.8660325 -0.34050977 -0.3661159
vn 0.86513764 -0.3471708 -0.36195216
vn 0.86887556 -0.33988282 -0.3599096
vn 0.86679006 -0.34885225 -0.35633856
vn 0.86926043 -0.34040868 -0.35848054
vn 0.87205577 -0.34080175 -0.35124472
vn 0.86860245 -0.35037827 -0.35037827
vn 0.872902 -0.3458992 -0.3440872
vn 0.87109345 -0.35023984 -0.34427932
vn 0.87875587 -0.33990514 -0.33504117
vn 0.8749793 -0.3454619 -0.33921546
vn -0.410127 -0.8584963 0.30786347
vn -0.10871826 -0.7604079 0.6402813
vn -0.49479148 -0.55132073 0.67173433
vn -0.6238992 -0.7743427 0.10556076
vn -0.3562912 -0.8161032 0.45500794
vn -0.096367985 -0.75835544 0.6446784
vn -0.04892319 -0.81657857 0.57515734
vn -0.77476007 -0.52079815 -0.35849133
vn -0.8818054 -0.46381447 -0.085412525
vn -0.8564189 -0.41899464 -0.3016456
vn -0.8623143 -0.38442698 -0.3295906
vn -0.809474 -0.39353135 -0.43575802
vn -0.91096467 -0.32787004 -0.25028935
vn -0.27136877 -0.85375535 0.4443657
vn -0.02732277 -0.9126663 0.40779114
vn -0.81773245 -0.34733006 -0.458994
vn -0.94295144 -0.26056933 -0.20723476
vn -0.8696508 -0.305484 -0.38779756
vn -0.86304337 -0.34940884 -0.3647871
vn -0.24237694 -0.9277845 0.28367117
vn -0.0029563927 -0.9739406 0.22678392
vn -0.82221586 -0.32873377 -0.46464518
vn -0.9080115 -0.22539951 -0.35314336
vn -0.87088823 -0.28486016 -0.4005101
vn -0.8624136 -0.30398577 -0.40476602
vn -0.86018264 -0.35551253 -0.36564553
vn -0.21085757 -0.9701737 0.11959086
vn 0.0002861016 -0.98316425 0.18272354
vn -0.8459112 -0.32589522 -0.42216882
vn -0.8212977 -0.26597685 -0.50470424
vn -0.85818136 0.2676229 -0.43806708
vn -0.8579709 -0.30634323 -0.4123588
vn -0.8773714 -0.29618436 -0.3774843
vn -0.8633134 -0.30635583 -0.40104377
vn -0.8542095 -0.317548 -0.41169092
vn -0.8604012 -0.35873497 -0.3619655
vn -0.07805849 0.20010087 -0.9766609
vn -0.89962864 0.42364782 -0.105786785
vn 0.25124377 0.37170696 -0.893706
vn 0.12698051 0.21422896 -0.9684947
vn -0.84000003 -0.27858138 -0.46560967
vn 0.2180112 0.36907405 -0.90346855
vn -0.86389804 -0.31244597 -0.3950413
vn -0.8677425 -0.31859964 -0.38146722
vn -0.8704317 -0.32442105 -0.37026963
vn -0.84708995 -0.32496017 -0.42052305
vn -0.86184675 -0.360744 -0.35648814
vn -0.20771022 -0.9748337 0.080966935
vn -0.09593979 -0.83822155 0.5368241
vn -0.87287337 -0.34039244 -0.34960708
vn -0.33483407 -0.856099 0.39367566
vn -0.13856968 -0.7258278 0.67377484
vn -0.8765011 -0.33775353 -0.34302846
vn -0.3936778 -0.76344216 0.51202905
vn -0.15554671 -0.6928463 0.70410883
vn -0.42382085 -0.73513275 0.52910846
vn -0.17366548 -0.66264796 0.72851765
vn -0.88157773 -0.3593122 -0.30612987
vn -0.87394696 -0.33402437 -0.35305014
vn -0.87223494 -0.32875705 -0.36211196
vn -0.8830125 -0.37682286 -0.27980977
vn -0.45661834 -0.70814943 0.5385388
vn -0.1993193 -0.6149692 0.76294476
vn -0.8833994 -0.36132783 -0.29840836
vn -0.49963567 -0.6670312 0.5526606
vn -0.2254447 -0.56828463 0.7913452
vn -0.54235333 -0.62732553 0.55885184
vn -0.24604437 -0.5405823 0.80450785
vn -0.8839494 -0.3604604 -0.29782864
vn -0.5758358 -0.603612 0.55142146
vn -0.27714083 -0.48876354 0.8272263
vn -0.87859434 -0.33568355 -0.33968884
vn -0.88558525 -0.3648533 -0.28743848
vn -0.61157167 -0.55912125 0.5597888
vn -0.33511606 -0.3364989 0.8800374
vn -0.890699 -0.3749709 -0.25700578
vn -0.67671627 -0.4321982 0.5960368
vn -0.36946476 -0.24700923 0.89581376
vn -0.9036918 -0.37574354 -0.20532383
vn -0.7192867 -0.3718508 0.5868166
vn -0.31042066 -0.45809698 0.83293825
vn -0.88748974 -0.3533365 -0.29582995
vn -0.8811828 -0.3453206 -0.32290962
vn -0.8783502 -0.34475967 -0.33112183
vn -0.65995204 -0.5330162 0.52948755
vn -0.33494294 -0.42511624 0.84088606
vn -0.8878979 -0.37003693 -0.27333143
vn -0.6878133 -0.50660896 0.5198655
vn -0.35401216 -0.4070377 0.8420188
vn -0.87875587 -0.33990514 -0.33504117
vn -0.88860375 -0.3701085 -0.27092975
vn -0.70432085 -0.49106947 0.51262355
vn -0.36850438 -0.4057935 0.83638287
vn -0.8891981 -0.37069 -0.26817086
vn -0.8782337 -0.3562907 -0.31900224
vn -0.8780206 -0.35389754 -0.32223654
vn -0.7161115 -0.48847026 0.49857914
vn -0.36679995 -0.43308336 0.82334477
vn -0.8895691 -0.37240216 -0.26454383
vn -0.7163902 -0.50753844 0.4787379
vn -0.35552576 -0.4702515 0.807753
vn -0.8785996 -0.35123003 -0.32357413
vn -0.8774954 -0.34981555 -0.32807133
vn -0.87294465 -0.35073248 -0.33904928
vn -0.87365925 -0.3537171 -0.3340715
vn -0.8787755 -0.35818565 -0.3153674
vn -0.87350476 -0.351729 -0.336565
vn -0.8735906 -0.35735193 -0.3303622
vn -0.8749793 -0.3454619 -0.33921546
vn -0.872902 -0.3458992 -0.3440872
vn -0.87204164 -0.34084392 -0.35123903
vn -0.8633717 -0.3184356 -0.39139256
vn -0.8708627 -0.29381603 -0.39404348
vn -0.85675657 -0.3367328 -0.39061388
vn -0.8710794 -0.3501865 -0.3443691
vn -0.86780965 -0.34149736 -0.3609516
vn -0.86861694 -0.35033643 -0.35038412
vn -0.50333524 0.4385825 -0.7445127
vn -0.9180852 -0.17175357 -0.35723978
vn -0.39031714 0.3383448 -0.8562565
vn -0.86679006 -0.34885225 -0.35633856
vn -0.86508554 -0.35310102 -0.3562959
vn -0.86926043 -0.34040868 -0.35848054
vn -0.57220453 0.34170145 -0.7455348
vn -0.18062854 0.16803986 -0.9690902
vn -0.91474473 -0.22696961 -0.33425567
vn 0.050449837 0.78230625 -0.6208477
vn 0.14762507 0.6386597 -0.75519574
vn 0.26492783 0.37517142 -0.8882902
vn 0.079729766 0.75733745 -0.64813817
vn -0.25043812 0.9632236 -0.097371414
vn -0.8045951 0.5862091 -0.09479289
vn -0.28875867 0.9457133 0.14914747
vn -0.78108716 0.54266006 -0.30890614
vn -0.49078473 0.4110537 0.76822215
vn -0.44003427 0.41371232 -0.7970018
vn 0.07906204 0.7242426 -0.6849977
vn -0.9563612 -0.25482616 -0.14295825
vn -0.8544831 0.16813098 0.49151853
vn 0.19892806 0.60918146 -0.76767546
vn -0.5425532 0.21705943 -0.8114932
vn -0.8423113 -0.20437875 -0.49873948
vn -0.1844409 0.18129379 -0.9659783
vn 0.2276414 0.3785123 -0.89716655
vn -0.86715376 -0.33940396 -0.36448494
vn -0.15840721 0.2585442 -0.9529229
vn 0.27903476 0.45135733 -0.8475943
vn 0.15144284 0.6711931 -0.72564775
vn -0.42840362 0.35019994 -0.8329647
vn -0.019836178 0.84666145 -0.5317621
vn -0.78028077 -0.246806 -0.5746727
vn -0.44594204 0.34284893 -0.8267952
vn 0.116157666 0.6702431 -0.7329949
vn -0.86094886 -0.32729033 -0.3894201
vn -0.87420756 -0.32729143 -0.35866636
vn -0.6086769 0.45283577 -0.65149987
vn -0.32710317 0.9410654 -0.08601955
vn -0.76686144 0.6360153 -0.086070456
vn -0.24585743 0.9551534 0.16503349
vn -0.8803368 -0.35924911 -0.30975342
vn -0.8651669 -0.34713483 -0.36191666
vn -0.861087 -0.3486692 -0.37007958
vn -0.9204966 -0.18329823 -0.34509087
vn -0.4934152 0.49599007 -0.71451753
vn 0.013923822 0.81406677 -0.58060426
vn -0.84974766 -0.16761298 -0.49983478
vn -0.23669934 0.22296658 -0.9456529
vn 0.17757435 0.43630645 -0.88210195
vn -0.78440964 -0.2295054 -0.57621926
vn -0.53758776 0.4445566 -0.7164976
vn 0.024222776 0.8076484 -0.5891666
vn -0.86047435 -0.31670567 -0.39910066
vn -0.7356766 0.66353 -0.1360439
vn -0.21810149 0.96863 0.119111836
vn -0.9290849 -0.08921771 -0.3589451
vn -0.56190306 0.55608565 -0.61239994
vn -0.053500608 0.89377475 -0.44531384
vn -0.863723 -0.18248138 -0.4697692
vn -0.37680116 0.38271397 -0.84353477
vn 0.0756262 0.6580337 -0.749181
vn -0.85632414 -0.34495208 -0.38433972
vn -0.832958 -0.24462299 -0.49632713
vn -0.5531264 0.5095439 -0.65910256
vn -0.0312805 0.86045206 -0.5085703
vn -0.85743314 -0.3132287 -0.40828446
vn -0.71917135 0.6410648 -0.26800838
vn -0.19883749 0.97993016 -0.014161806
vn -0.9157905 0.008868949 -0.40155834
vn -0.62705797 0.57622576 -0.52417755
vn -0.11625337 0.9371318 -0.3290428
vn -0.8702113 -0.089500636 -0.48448116
vn -0.4742678 0.4432254 -0.7606716
vn 0.0032424754 0.76655936 -0.6421651
vn -0.8522153 -0.34065723 -0.3970917
vn -0.82902014 -0.1700383 -0.5327406
vn -0.6426643 0.5331853 -0.5501782
vn -0.11940072 0.9220653 -0.36815616
vn -0.8553411 -0.30975 -0.41526693
vn -0.7471858 0.5866386 -0.31235954
vn -0.23851871 0.9696201 -0.054274097
vn -0.9064433 -0.010919279 -0.42218634
vn -0.64182454 0.50268316 -0.5791121
vn -0.13780679 0.9049471 -0.40259162
vn -0.8565993 -0.11072275 -0.5039626
vn -0.4920467 0.36401635 -0.79081106
vn 0.0059127957 0.7200259 -0.693922
vn -0.8475373 -0.33645907 -0.41045806
vn -0.8183475 -0.18644322 -0.54364175
vn -0.65855545 0.4640072 -0.59245425
vn -0.15959804 0.882057 -0.44328752
vn -0.8491631 -0.3070396 -0.4297076
vn -0.66403675 0.44130838 -0.6035744
vn -0.1650313 0.8860478 -0.433225
vn 0.10929056 0.5665514 -0.81674665
vn -0.8507319 -0.2023713 -0.4850784
vn -0.38742766 0.19285552 -0.90150243
vn -0.78793 -0.23558268 -0.5689175
vn -0.84313536 -0.3294198 -0.42497706
vn -0.7212141 -0.21328865 -0.6590585
vn -0.848671 -0.32918307 -0.41400012
vn -0.8511433 -0.33194584 -0.40665337
vn -0.85316306 -0.32415617 -0.40870002
vn -0.8573521 -0.32478532 -0.3993268
vn -0.8536466 -0.3341963 -0.3995001
vn -0.857254 -0.32993403 -0.39529625
vn -0.85629433 -0.33623785 -0.392051
vn -0.86182797 -0.3300877 -0.38509035
vn -0.85736823 -0.33870333 -0.3875562
vn -0.86373496 -0.33459356 -0.37684092
vn -0.8593013 -0.34095475 -0.3812494
vn -0.86616176 -0.33580223 -0.37013587
vn -0.86139655 -0.34238416 -0.37519202
vn -0.86287487 -0.34556 -0.3688294
vn -0.8695695 -0.3375328 -0.36044502
vn -0.8660325 -0.34050977 -0.3661159
vn -0.86887556 -0.33988282 -0.3599096
vn -0.885332 -0.29704967 -0.35769933
vn -0.9284338 -0.17737126 -0.32642037
vn -0.8949875 -0.381972 -0.23042306
vn -0.8275811 0.48598215 -0.28094652
vn -0.93894815 -0.30611652 -0.15706354
vn -0.9024114 -0.015259544 0.4306053
vn -0.57543534 0.23698324 0.7827599
vn -0.3948196 -0.3178584 0.8620228
vn -0.6589864 -0.39682233 0.6389593
vn 0.39436266 -0.9168097 -0.06275468
vn -0.9057109 -0.340178 -0.25291622
vn -0.8756947 -0.33885244 -0.34400252
vn -0.13409168 0.2936474 -0.9464622
vn 0.31318387 0.47454414 -0.82263225
vn 0.18558717 0.6622392 -0.7259453
vn -0.88950616 -0.37504587 -0.26099682
vn -0.8819843 -0.3295043 -0.33694315
vn -0.42588896 0.34149316 -0.83785504
vn 0.018691817 0.8191022 -0.5733429
vn -0.60139614 0.42315167 -0.6776912
vn -0.1957018 0.9193787 -0.3412383
vn -0.8900088 -0.37872106 -0.25387946
vn -0.89092505 -0.31204313 -0.32997224
vn -0.7571757 0.46012253 -0.46365088
vn -0.71103084 -0.5332732 0.45831737
vn -0.89166266 -0.3848931 -0.2383171
vn -0.70552844 -0.5529405 0.4432679
vn -0.3444806 -0.4989818 0.79520464
vn -0.9067554 -0.27351436 -0.32091203
vn -0.9370542 0.34913042 -0.006103345
vn -0.5718273 0.7798251 0.25472823
vn -0.55239713 -0.13724093 0.8222058
vn -0.89567775 -0.39204973 -0.20990063
vn -0.71217394 -0.5317464 0.45831656
vn -0.36981672 -0.47118732 0.800761
vn -0.9595743 -0.17213592 -0.22267999
vn -0.8157627 -0.27684814 0.50782514
vn -0.9275653 -0.36316767 -0.08793082
g Wp_Special_Emma_S005_Pigeon_0
f 3/3/3 2/2/2 1/1/1
f 6/6/6 5/5/5 4/4/4
f 8/8/8 4/4/4 7/7/7
f 9/9/9 8/8/8 7/7/7
f 9/9/9 11/11/11 10/10/10
f 11/11/11 12/12/12 10/10/10
f 10/10/10 12/12/12 13/13/13
f 14/14/14 10/10/10 13/13/13
f 9/9/9 10/10/10 15/15/15
f 15/15/15 10/10/10 14/14/14
f 14/14/14 13/13/13 16/16/16
f 13/13/13 17/17/17 16/16/16
f 16/16/16 17/17/17 18/18/18
f 17/17/17 19/19/19 18/18/18
f 19/19/19 20/20/20 18/18/18
f 20/20/20 21/21/21 18/18/18
f 21/21/21 20/20/20 22/22/22
f 16/16/16 18/18/18 23/23/23
f 18/18/18 21/21/21 23/23/23
f 14/14/14 16/16/16 24/24/24
f 24/24/24 16/16/16 23/23/23
f 25/25/25 15/15/15 14/14/14
f 25/25/25 14/14/14 24/24/24
f 26/26/26 21/21/21 22/22/22
f 26/26/26 22/22/22 27/27/27
f 28/28/28 26/26/26 27/27/27
f 29/29/29 15/15/15 25/25/25
f 29/29/29 9/9/9 15/15/15
f 30/30/30 25/25/25 24/24/24
f 30/30/30 29/29/29 25/25/25
f 31/31/31 24/24/24 23/23/23
f 31/31/31 30/30/30 24/24/24
f 21/21/21 32/32/32 23/23/23
f 26/26/26 32/32/32 21/21/21
f 33/33/33 26/26/26 28/28/28
f 34/34/34 33/33/33 28/28/28
f 35/35/35 29/29/29 30/30/30
f 35/35/35 9/9/9 29/29/29
f 23/23/23 32/32/32 36/36/36
f 36/36/36 31/31/31 23/23/23
f 32/32/32 26/26/26 37/37/37
f 37/37/37 26/26/26 33/33/33
f 32/32/32 37/37/37 36/36/36
f 38/38/38 30/30/30 31/31/31
f 38/38/38 35/35/35 30/30/30
f 39/39/39 31/31/31 36/36/36
f 39/39/39 38/38/38 31/31/31
f 36/36/36 37/37/37 40/40/40
f 40/40/40 39/39/39 36/36/36
f 41/41/41 35/35/35 38/38/38
f 41/41/41 9/9/9 35/35/35
f 42/42/42 38/38/38 39/39/39
f 42/42/42 41/41/41 38/38/38
f 43/43/43 37/37/37 33/33/33
f 37/37/37 43/43/43 40/40/40
f 44/44/44 39/39/39 40/40/40
f 44/44/44 42/42/42 39/39/39
f 40/40/40 43/43/43 45/45/45
f 45/45/45 44/44/44 40/40/40
f 43/43/43 33/33/33 46/46/46
f 43/43/43 46/46/46 45/45/45
f 46/46/46 33/33/33 47/47/47
f 47/47/47 33/33/33 34/34/34
f 48/48/48 47/47/47 34/34/34
f 49/49/49 47/47/47 48/48/48
f 50/50/50 49/49/49 48/48/48
f 51/51/51 49/49/49 50/50/50
f 52/52/52 51/51/51 50/50/50
f 53/53/53 51/51/51 52/52/52
f 54/54/54 53/53/53 52/52/52
f 55/55/55 53/53/53 54/54/54
f 56/56/56 55/55/55 54/54/54
f 57/57/57 55/55/55 56/56/56
f 58/58/58 57/57/57 56/56/56
f 59/59/59 55/55/55 57/57/57
f 60/60/60 59/59/59 57/57/57
f 59/59/59 60/60/60 61/61/61
f 62/62/62 55/55/55 59/59/59
f 63/63/63 59/59/59 61/61/61
f 62/62/62 59/59/59 63/63/63
f 62/62/62 64/64/64 55/55/55
f 64/64/64 53/53/53 55/55/55
f 65/65/65 63/63/63 61/61/61
f 66/66/66 65/65/65 61/61/61
f 67/67/67 62/62/62 63/63/63
f 64/64/64 62/62/62 67/67/67
f 65/65/65 68/68/68 63/63/63
f 68/68/68 67/67/67 63/63/63
f 65/65/65 66/66/66 69/69/69
f 66/66/66 70/70/70 69/69/69
f 70/70/70 71/71/71 69/69/69
f 65/65/65 69/69/69 72/72/72
f 68/68/68 65/65/65 72/72/72
f 71/71/71 73/73/73 69/69/69
f 69/69/69 73/73/73 72/72/72
f 71/71/71 74/74/74 73/73/73
f 73/73/73 75/75/75 72/72/72
f 73/73/73 76/76/76 75/75/75
f 68/68/68 72/72/72 77/77/77
f 72/72/72 75/75/75 77/77/77
f 68/68/68 78/78/78 67/67/67
f 78/78/78 68/68/68 77/77/77
f 79/79/79 64/64/64 67/67/67
f 78/78/78 79/79/79 67/67/67
f 75/75/75 80/80/80 77/77/77
f 75/75/75 76/76/76 80/80/80
f 78/78/78 77/77/77 81/81/81
f 77/77/77 80/80/80 81/81/81
f 82/82/82 64/64/64 79/79/79
f 82/82/82 53/53/53 64/64/64
f 78/78/78 83/83/83 79/79/79
f 83/83/83 78/78/78 81/81/81
f 82/82/82 84/84/84 53/53/53
f 84/84/84 51/51/51 53/53/53
f 85/85/85 82/82/82 79/79/79
f 83/83/83 85/85/85 79/79/79
f 84/84/84 82/82/82 85/85/85
f 80/80/80 86/86/86 81/81/81
f 83/83/83 81/81/81 87/87/87
f 81/81/81 86/86/86 87/87/87
f 83/83/83 88/88/88 85/85/85
f 88/88/88 83/83/83 87/87/87
f 89/89/89 84/84/84 85/85/85
f 88/88/88 89/89/89 85/85/85
f 90/90/90 51/51/51 84/84/84
f 90/90/90 84/84/84 89/89/89
f 80/80/80 91/91/91 86/86/86
f 76/76/76 91/91/91 80/80/80
f 86/86/86 92/92/92 87/87/87
f 86/86/86 91/91/91 92/92/92
f 88/88/88 87/87/87 93/93/93
f 87/87/87 92/92/92 93/93/93
f 90/90/90 94/94/94 51/51/51
f 94/94/94 49/49/49 51/51/51
f 88/88/88 95/95/95 89/89/89
f 95/95/95 88/88/88 93/93/93
f 96/96/96 90/90/90 89/89/89
f 94/94/94 90/90/90 96/96/96
f 95/95/95 96/96/96 89/89/89
f 97/97/97 94/94/94 96/96/96
f 96/96/96 95/95/95 97/97/97
f 98/98/98 49/49/49 94/94/94
f 98/98/98 94/94/94 97/97/97
f 95/95/95 99/99/99 97/97/97
f 95/95/95 93/93/93 99/99/99
f 98/98/98 100/100/100 49/49/49
f 100/100/100 47/47/47 49/49/49
f 101/101/101 98/98/98 97/97/97
f 97/97/97 99/99/99 101/101/101
f 100/100/100 98/98/98 101/101/101
f 102/102/102 47/47/47 100/100/100
f 102/102/102 46/46/46 47/47/47
f 103/103/103 100/100/100 101/101/101
f 102/102/102 100/100/100 103/103/103
f 46/46/46 102/102/102 104/104/104
f 104/104/104 102/102/102 103/103/103
f 45/45/45 46/46/46 104/104/104
f 99/99/99 105/105/105 101/101/101
f 101/101/101 105/105/105 103/103/103
f 93/93/93 106/106/106 99/99/99
f 99/99/99 106/106/106 105/105/105
f 103/103/103 107/107/107 104/104/104
f 105/105/105 107/107/107 103/103/103
f 104/104/104 108/108/108 45/45/45
f 107/107/107 108/108/108 104/104/104
f 108/108/108 44/44/44 45/45/45
f 105/105/105 109/109/109 107/107/107
f 106/106/106 109/109/109 105/105/105
f 93/93/93 110/110/110 106/106/106
f 92/92/92 110/110/110 93/93/93
f 108/108/108 111/111/111 44/44/44
f 111/111/111 42/42/42 44/44/44
f 107/107/107 112/112/112 108/108/108
f 109/109/109 112/112/112 107/107/107
f 112/112/112 111/111/111 108/108/108
f 106/106/106 113/113/113 109/109/109
f 110/110/110 113/113/113 106/106/106
f 92/92/92 114/114/114 110/110/110
f 110/110/110 114/114/114 113/113/113
f 91/91/91 114/114/114 92/92/92
f 111/111/111 115/115/115 42/42/42
f 115/115/115 41/41/41 42/42/42
f 112/112/112 116/116/116 111/111/111
f 116/116/116 115/115/115 111/111/111
f 109/109/109 117/117/117 112/112/112
f 113/113/113 117/117/117 109/109/109
f 117/117/117 116/116/116 112/112/112
f 115/115/115 118/118/118 41/41/41
f 116/116/116 118/118/118 115/115/115
f 118/118/118 9/9/9 41/41/41
f 113/113/113 119/119/119 117/117/117
f 117/117/117 119/119/119 116/116/116
f 114/114/114 120/120/120 113/113/113
f 120/120/120 119/119/119 113/113/113
f 118/118/118 121/121/121 9/9/9
f 121/121/121 122/122/122 9/9/9
f 121/121/121 123/123/123 122/122/122
f 124/124/124 118/118/118 116/116/116
f 119/119/119 124/124/124 116/116/116
f 125/125/125 121/121/121 118/118/118
f 124/124/124 125/125/125 118/118/118
f 125/125/125 123/123/123 121/121/121
f 126/126/126 125/125/125 124/124/124
f 119/119/119 126/126/126 124/124/124
f 126/126/126 123/123/123 125/125/125
f 127/127/127 126/126/126 119/119/119
f 120/120/120 127/127/127 119/119/119
f 127/127/127 123/123/123 126/126/126
f 128/128/128 127/127/127 120/120/120
f 114/114/114 128/128/128 120/120/120
f 128/128/128 123/123/123 127/127/127
f 129/129/129 128/128/128 114/114/114
f 129/129/129 123/123/123 128/128/128
f 91/91/91 129/129/129 114/114/114
f 130/130/130 123/123/123 129/129/129
f 130/130/130 129/129/129 91/91/91
f 131/131/131 123/123/123 130/130/130
f 76/76/76 130/130/130 91/91/91
f 131/131/131 130/130/130 76/76/76
f 132/132/132 131/131/131 76/76/76
f 135/135/135 134/134/134 133/133/133
f 138/138/138 137/137/137 136/136/136
f 141/141/141 140/140/140 139/139/139
f 142/142/142 141/141/141 139/139/139
f 142/142/142 139/139/139 143/143/143
f 139/139/139 144/144/144 143/143/143
f 143/143/143 144/144/144 145/145/145
f 146/146/146 143/143/143 145/145/145
f 146/146/146 145/145/145 147/147/147
f 148/148/148 146/146/146 147/147/147
f 148/148/148 147/147/147 149/149/149
f 150/150/150 148/148/148 149/149/149
f 150/150/150 149/149/149 151/151/151
f 149/149/149 152/152/152 151/151/151
f 153/153/153 151/151/151 152/152/152
f 154/154/154 153/153/153 152/152/152
f 153/153/153 154/154/154 155/155/155
f 154/154/154 156/156/156 155/155/155
f 156/156/156 157/157/157 155/155/155
f 157/157/157 158/158/158 155/155/155
f 158/158/158 157/157/157 159/159/159
f 157/157/157 160/160/160 159/159/159
f 163/163/163 162/162/162 161/161/161
f 164/164/164 163/163/163 161/161/161
f 164/164/164 165/165/165 163/163/163
f 165/165/165 166/166/166 163/163/163
f 167/167/167 166/166/166 165/165/165
f 168/168/168 167/167/167 165/165/165
f 169/169/169 167/167/167 168/168/168
f 170/170/170 169/169/169 168/168/168
f 171/171/171 169/169/169 170/170/170
f 172/172/172 171/171/171 170/170/170
f 172/172/172 173/173/173 171/171/171
f 173/173/173 174/174/174 171/171/171
f 174/174/174 173/173/173 175/175/175
f 176/176/176 174/174/174 175/175/175
f 175/175/175 177/177/177 176/176/176
f 177/177/177 178/178/178 176/176/176
f 178/178/178 177/177/177 179/179/179
f 177/177/177 180/180/180 179/179/179
f 180/180/180 181/181/181 179/179/179
f 181/181/181 182/182/182 179/179/179
f 185/185/185 184/184/184 183/183/183
f 186/186/186 185/185/185 183/183/183
f 187/187/187 185/185/185 186/186/186
f 188/188/188 187/187/187 186/186/186
f 189/189/189 187/187/187 188/188/188
f 190/190/190 189/189/189 188/188/188
f 191/191/191 189/189/189 190/190/190
f 192/192/192 191/191/191 190/190/190
f 193/193/193 191/191/191 192/192/192
f 194/194/194 193/193/193 192/192/192
f 195/195/195 193/193/193 194/194/194
f 196/196/196 195/195/195 194/194/194
f 197/197/197 195/195/195 196/196/196
f 198/198/198 197/197/197 196/196/196
f 199/199/199 197/197/197 198/198/198
f 200/200/200 199/199/199 198/198/198
f 201/201/201 199/199/199 200/200/200
f 202/202/202 201/201/201 200/200/200
f 203/203/203 201/201/201 202/202/202
f 204/204/204 203/203/203 202/202/202
f 207/207/207 206/206/206 205/205/205
f 208/208/208 207/207/207 205/205/205
f 211/211/211 210/210/210 209/209/209
f 210/210/210 212/212/212 209/209/209
f 209/209/209 212/212/212 213/213/213
f 212/212/212 214/214/214 213/213/213
f 213/213/213 214/214/214 215/215/215
f 214/214/214 216/216/216 215/215/215
f 215/215/215 216/216/216 217/217/217
f 216/216/216 218/218/218 217/217/217
f 217/217/217 218/218/218 219/219/219
f 218/218/218 220/220/220 219/219/219
f 219/219/219 220/220/220 221/221/221
f 220/220/220 222/222/222 221/221/221
f 221/221/221 222/222/222 223/223/223
f 222/222/222 224/224/224 223/223/223
f 223/223/223 224/224/224 225/225/225
f 224/224/224 226/226/226 225/225/225
f 225/225/225 226/226/226 227/227/227
f 226/226/226 228/228/228 227/227/227
f 227/227/227 228/228/228 229/229/229
f 228/228/228 230/230/230 229/229/229
f 233/233/233 232/232/232 231/231/231
f 234/234/234 233/233/233 231/231/231
f 237/237/237 236/236/236 235/235/235
f 236/236/236 238/238/238 235/235/235
f 238/238/238 236/236/236 239/239/239
f 238/238/238 240/240/240 235/235/235
f 240/240/240 241/241/241 235/235/235
f 242/242/242 238/238/238 239/239/239
f 242/242/242 239/239/239 243/243/243
f 238/238/238 242/242/242 244/244/244
f 240/240/240 238/238/238 244/244/244
f 240/240/240 245/245/245 241/241/241
f 245/245/245 246/246/246 241/241/241
f 247/247/247 242/242/242 243/243/243
f 244/244/244 242/242/242 247/247/247
f 240/240/240 244/244/244 248/248/248
f 245/245/245 240/240/240 248/248/248
f 245/245/245 249/249/249 246/246/246
f 249/249/249 250/250/250 246/246/246
f 250/250/250 249/249/249 251/251/251
f 249/249/249 245/245/245 252/252/252
f 249/249/249 252/252/252 251/251/251
f 245/245/245 248/248/248 252/252/252
f 252/252/252 253/253/253 251/251/251
f 252/252/252 248/248/248 253/253/253
f 253/253/253 254/254/254 251/251/251
f 254/254/254 253/253/253 255/255/255
f 247/247/247 243/243/243 256/256/256
f 243/243/243 257/257/257 256/256/256
f 247/247/247 256/256/256 258/258/258
f 259/259/259 247/247/247 258/258/258
f 259/259/259 258/258/258 255/255/255
f 259/259/259 244/244/244 247/247/247
f 248/248/248 244/244/244 259/259/259
f 248/248/248 260/260/260 253/253/253
f 253/253/253 260/260/260 255/255/255
f 260/260/260 248/248/248 259/259/259
f 260/260/260 259/259/259 255/255/255
f 263/263/263 262/262/262 261/261/261
f 264/264/264 263/263/263 261/261/261
f 264/264/264 261/261/261 265/265/265
f 261/261/261 266/266/266 265/265/265
f 263/263/263 264/264/264 267/267/267
f 268/268/268 263/263/263 267/267/267
f 265/265/265 266/266/266 269/269/269
f 266/266/266 270/270/270 269/269/269
f 265/265/265 271/271/271 264/264/264
f 271/271/271 267/267/267 264/264/264
f 271/271/271 265/265/265 269/269/269
f 268/268/268 267/267/267 272/272/272
f 273/273/273 268/268/268 272/272/272
f 274/274/274 269/269/269 270/270/270
f 275/275/275 274/274/274 270/270/270
f 274/274/274 276/276/276 269/269/269
f 276/276/276 277/277/277 269/269/269
f 277/277/277 271/271/271 269/269/269
f 276/276/276 278/278/278 277/277/277
f 271/271/271 279/279/279 267/267/267
f 279/279/279 272/272/272 267/267/267
f 279/279/279 271/271/271 277/277/277
f 273/273/273 272/272/272 280/280/280
f 280/280/280 272/272/272 279/279/279
f 281/281/281 273/273/273 280/280/280
f 282/282/282 281/281/281 280/280/280
f 278/278/278 283/283/283 277/277/277
f 283/283/283 279/279/279 277/277/277
f 284/284/284 280/280/280 279/279/279
f 284/284/284 282/282/282 280/280/280
f 284/284/284 279/279/279 283/283/283
f 283/283/283 278/278/278 285/285/285
f 285/285/285 284/284/284 283/283/283
f 282/282/282 284/284/284 285/285/285
f 278/278/278 286/286/286 285/285/285
f 286/286/286 282/282/282 285/285/285
f 289/289/289 288/288/288 287/287/287
f 290/290/290 289/289/289 287/287/287
f 291/291/291 289/289/289 290/290/290
f 290/290/290 287/287/287 292/292/292
f 287/287/287 293/293/293 292/292/292
f 294/294/294 291/291/291 290/290/290
f 295/295/295 291/291/291 294/294/294
f 296/296/296 294/294/294 290/290/290
f 292/292/292 296/296/296 290/290/290
f 292/292/292 293/293/293 297/297/297
f 293/293/293 298/298/298 297/297/297
f 299/299/299 295/295/295 294/294/294
f 294/294/294 296/296/296 299/299/299
f 300/300/300 296/296/296 292/292/292
f 297/297/297 300/300/300 292/292/292
f 297/297/297 298/298/298 301/301/301
f 298/298/298 302/302/302 301/301/301
f 301/301/301 302/302/302 303/303/303
f 301/301/301 304/304/304 297/297/297
f 304/304/304 301/301/301 303/303/303
f 304/304/304 300/300/300 297/297/297
f 304/304/304 303/303/303 305/305/305
f 304/304/304 305/305/305 300/300/300
f 303/303/303 306/306/306 305/305/305
f 305/305/305 306/306/306 307/307/307
f 299/299/299 308/308/308 295/295/295
f 308/308/308 309/309/309 295/295/295
f 310/310/310 308/308/308 299/299/299
f 311/311/311 310/310/310 299/299/299
f 307/307/307 310/310/310 311/311/311
f 296/296/296 311/311/311 299/299/299
f 296/296/296 300/300/300 311/311/311
f 305/305/305 312/312/312 300/300/300
f 312/312/312 305/305/305 307/307/307
f 300/300/300 312/312/312 311/311/311
f 312/312/312 307/307/307 311/311/311
f 315/315/315 314/314/314 313/313/313
f 314/314/314 316/316/316 313/313/313
f 316/316/316 317/317/317 313/313/313
f 317/317/317 318/318/318 313/313/313
f 319/319/319 316/316/316 314/314/314
f 320/320/320 319/319/319 314/314/314
f 317/317/317 321/321/321 318/318/318
f 321/321/321 322/322/322 318/318/318
f 323/323/323 317/317/317 316/316/316
f 319/319/319 323/323/323 316/316/316
f 321/321/321 317/317/317 323/323/323
f 324/324/324 319/319/319 320/320/320
f 325/325/325 324/324/324 320/320/320
f 322/322/322 321/321/321 326/326/326
f 327/327/327 322/322/322 326/326/326
f 326/326/326 321/321/321 328/328/328
f 321/321/321 329/329/329 328/328/328
f 329/329/329 321/321/321 323/323/323
f 328/328/328 329/329/329 330/330/330
f 331/331/331 323/323/323 319/319/319
f 324/324/324 331/331/331 319/319/319
f 329/329/329 323/323/323 331/331/331
f 332/332/332 324/324/324 325/325/325
f 331/331/331 324/324/324 332/332/332
f 333/333/333 332/332/332 325/325/325
f 333/333/333 334/334/334 332/332/332
f 329/329/329 335/335/335 330/330/330
f 335/335/335 329/329/329 331/331/331
f 336/336/336 331/331/331 332/332/332
f 334/334/334 336/336/336 332/332/332
f 335/335/335 331/331/331 336/336/336
f 330/330/330 335/335/335 337/337/337
f 337/337/337 335/335/335 336/336/336
f 337/337/337 336/336/336 334/334/334
f 338/338/338 330/330/330 337/337/337
f 338/338/338 337/337/337 334/334/334
f 341/341/341 340/340/340 339/339/339
f 342/342/342 341/341/341 339/339/339
f 342/342/342 339/339/339 343/343/343
f 344/344/344 342/342/342 343/343/343
f 344/344/344 343/343/343 345/345/345
f 346/346/346 344/344/344 345/345/345
f 346/346/346 345/345/345 347/347/347
f 348/348/348 346/346/346 347/347/347
f 349/349/349 346/346/346 348/348/348
f 350/350/350 349/349/349 348/348/348
f 351/351/351 344/344/344 346/346/346
f 349/349/349 351/351/351 346/346/346
f 352/352/352 342/342/342 344/344/344
f 351/351/351 352/352/352 344/344/344
f 352/352/352 353/353/353 342/342/342
f 353/353/353 354/354/354 342/342/342
f 355/355/355 349/349/349 350/350/350
f 356/356/356 355/355/355 350/350/350
f 357/357/357 351/351/351 349/349/349
f 355/355/355 357/357/357 349/349/349
f 358/358/358 352/352/352 351/351/351
f 357/357/357 358/358/358 351/351/351
f 358/358/358 359/359/359 352/352/352
f 359/359/359 360/360/360 352/352/352
f 361/361/361 355/355/355 356/356/356
f 362/362/362 361/361/361 356/356/356
f 363/363/363 357/357/357 355/355/355
f 361/361/361 363/363/363 355/355/355
f 364/364/364 358/358/358 357/357/357
f 363/363/363 364/364/364 357/357/357
f 364/364/364 365/365/365 358/358/358
f 365/365/365 366/366/366 358/358/358
f 367/367/367 361/361/361 362/362/362
f 368/368/368 367/367/367 362/362/362
f 369/369/369 363/363/363 361/361/361
f 367/367/367 369/369/369 361/361/361
f 370/370/370 364/364/364 363/363/363
f 369/369/369 370/370/370 363/363/363
f 370/370/370 371/371/371 364/364/364
f 371/371/371 372/372/372 364/364/364
f 373/373/373 367/367/367 368/368/368
f 374/374/374 373/373/373 368/368/368
f 375/375/375 369/369/369 367/367/367
f 373/373/373 375/375/375 367/367/367
f 376/376/376 370/370/370 369/369/369
f 375/375/375 376/376/376 369/369/369
f 376/376/376 377/377/377 370/370/370
f 377/377/377 378/378/378 370/370/370
f 379/379/379 373/373/373 374/374/374
f 380/380/380 379/379/379 374/374/374
f 381/381/381 375/375/375 373/373/373
f 379/379/379 381/381/381 373/373/373
f 382/382/382 376/376/376 375/375/375
f 381/381/381 382/382/382 375/375/375
f 382/382/382 383/383/383 376/376/376
f 383/383/383 384/384/384 376/376/376
f 385/385/385 379/379/379 380/380/380
f 386/386/386 385/385/385 380/380/380
f 387/387/387 381/381/381 379/379/379
f 385/385/385 387/387/387 379/379/379
f 388/388/388 382/382/382 381/381/381
f 387/387/387 388/388/388 381/381/381
f 388/388/388 389/389/389 382/382/382
f 389/389/389 390/390/390 382/382/382
f 391/391/391 385/385/385 386/386/386
f 392/392/392 391/391/391 386/386/386
f 393/393/393 387/387/387 385/385/385
f 391/391/391 393/393/393 385/385/385
f 394/394/394 388/388/388 387/387/387
f 393/393/393 394/394/394 387/387/387
f 394/394/394 395/395/395 388/388/388
f 395/395/395 396/396/396 388/388/388
f 397/397/397 391/391/391 392/392/392
f 398/398/398 397/397/397 392/392/392
f 399/399/399 393/393/393 391/391/391
f 397/397/397 399/399/399 391/391/391
f 400/400/400 394/394/394 393/393/393
f 399/399/399 400/400/400 393/393/393
f 400/400/400 401/401/401 394/394/394
f 401/401/401 402/402/402 394/394/394
f 403/403/403 397/397/397 398/398/398
f 404/404/404 403/403/403 398/398/398
f 405/405/405 399/399/399 397/397/397
f 403/403/403 405/405/405 397/397/397
f 406/406/406 400/400/400 399/399/399
f 405/405/405 406/406/406 399/399/399
f 406/406/406 407/407/407 400/400/400
f 407/407/407 408/408/408 400/400/400
f 409/409/409 403/403/403 404/404/404
f 410/410/410 409/409/409 404/404/404
f 411/411/411 405/405/405 403/403/403
f 409/409/409 411/411/411 403/403/403
f 412/412/412 406/406/406 405/405/405
f 411/411/411 412/412/412 405/405/405
f 412/412/412 413/413/413 406/406/406
f 413/413/413 414/414/414 406/406/406
f 415/415/415 409/409/409 410/410/410
f 416/416/416 415/415/415 410/410/410
f 417/417/417 411/411/411 409/409/409
f 415/415/415 417/417/417 409/409/409
f 418/418/418 412/412/412 411/411/411
f 417/417/417 418/418/418 411/411/411
f 418/418/418 419/419/419 412/412/412
f 419/419/419 420/420/420 412/412/412
f 421/421/421 415/415/415 416/416/416
f 422/422/422 421/421/421 416/416/416
f 423/423/423 417/417/417 415/415/415
f 421/421/421 423/423/423 415/415/415
f 424/424/424 418/418/418 417/417/417
f 423/423/423 424/424/424 417/417/417
f 424/424/424 425/425/425 418/418/418
f 425/425/425 426/426/426 418/418/418
f 427/427/427 421/421/421 422/422/422
f 428/428/428 427/427/427 422/422/422
f 429/429/429 423/423/423 421/421/421
f 427/427/427 429/429/429 421/421/421
f 430/430/430 424/424/424 423/423/423
f 429/429/429 430/430/430 423/423/423
f 430/430/430 431/431/431 424/424/424
f 431/431/431 432/432/432 424/424/424
f 433/433/433 427/427/427 428/428/428
f 434/434/434 433/433/433 428/428/428
f 434/434/434 435/435/435 433/433/433
f 436/436/436 429/429/429 427/427/427
f 433/433/433 436/436/436 427/427/427
f 437/437/437 430/430/430 429/429/429
f 436/436/436 437/437/437 429/429/429
f 437/437/437 438/438/438 430/430/430
f 438/438/438 439/439/439 430/430/430
f 435/435/435 440/440/440 433/433/433
f 433/433/433 440/440/440 436/436/436
f 436/436/436 441/441/441 437/437/437
f 440/440/440 441/441/441 436/436/436
f 442/442/442 440/440/440 435/435/435
f 443/443/443 442/442/442 435/435/435
f 442/442/442 444/444/444 440/440/440
f 444/444/444 441/441/441 440/440/440
f 444/444/444 445/445/445 441/441/441
f 441/441/441 446/446/446 437/437/437
f 445/445/445 446/446/446 441/441/441
f 447/447/447 437/437/437 446/446/446
f 448/448/448 447/447/447 446/446/446
f 445/445/445 449/449/449 446/446/446
f 449/449/449 450/450/450 446/446/446
f 453/453/453 452/452/452 451/451/451
f 452/452/452 454/454/454 451/451/451
f 451/451/451 454/454/454 455/455/455
f 452/452/452 456/456/456 454/454/454
f 454/454/454 457/457/457 455/455/455
f 455/455/455 457/457/457 458/458/458
f 456/456/456 459/459/459 454/454/454
f 454/454/454 459/459/459 457/457/457
f 459/459/459 456/456/456 460/460/460
f 457/457/457 461/461/461 458/458/458
f 458/458/458 461/461/461 462/462/462
f 463/463/463 459/459/459 460/460/460
f 463/463/463 460/460/460 464/464/464
f 459/459/459 465/465/465 457/457/457
f 457/457/457 465/465/465 461/461/461
f 465/465/465 459/459/459 463/463/463
f 461/461/461 466/466/466 462/462/462
f 462/462/462 466/466/466 467/467/467
f 468/468/468 463/463/463 464/464/464
f 464/464/464 469/469/469 468/468/468
f 469/469/469 470/470/470 468/468/468
f 471/471/471 465/465/465 463/463/463
f 471/471/471 463/463/463 468/468/468
f 465/465/465 472/472/472 461/461/461
f 461/461/461 472/472/472 466/466/466
f 472/472/472 465/465/465 471/471/471
f 468/468/468 470/470/470 473/473/473
f 473/473/473 471/471/471 468/468/468
f 470/470/470 474/474/474 473/473/473
f 466/466/466 475/475/475 467/467/467
f 467/467/467 475/475/475 476/476/476
f 477/477/477 472/472/472 471/471/471
f 477/477/477 471/471/471 473/473/473
f 473/473/473 474/474/474 478/478/478
f 478/478/478 477/477/477 473/473/473
f 474/474/474 479/479/479 478/478/478
f 472/472/472 480/480/480 466/466/466
f 480/480/480 472/472/472 477/477/477
f 466/466/466 480/480/480 475/475/475
f 475/475/475 481/481/481 476/476/476
f 476/476/476 481/481/481 482/482/482
f 478/478/478 479/479/479 483/483/483
f 479/479/479 484/484/484 483/483/483
f 485/485/485 477/477/477 478/478/478
f 485/485/485 480/480/480 477/477/477
f 483/483/483 485/485/485 478/478/478
f 480/480/480 486/486/486 475/475/475
f 486/486/486 480/480/480 485/485/485
f 475/475/475 486/486/486 481/481/481
f 481/481/481 487/487/487 482/482/482
f 482/482/482 487/487/487 488/488/488
f 487/487/487 489/489/489 488/488/488
f 490/490/490 483/483/483 484/484/484
f 491/491/491 490/490/490 484/484/484
f 492/492/492 485/485/485 483/483/483
f 492/492/492 486/486/486 485/485/485
f 490/490/490 492/492/492 483/483/483
f 486/486/486 493/493/493 481/481/481
f 481/481/481 493/493/493 487/487/487
f 487/487/487 494/494/494 489/489/489
f 493/493/493 494/494/494 487/487/487
f 494/494/494 495/495/495 489/489/489
f 496/496/496 495/495/495 494/494/494
f 497/497/497 496/496/496 494/494/494
f 497/497/497 494/494/494 493/493/493
f 498/498/498 496/496/496 497/497/497
f 499/499/499 493/493/493 486/486/486
f 492/492/492 499/499/499 486/486/486
f 499/499/499 497/497/497 493/493/493
f 500/500/500 498/498/498 497/497/497
f 500/500/500 497/497/497 499/499/499
f 501/501/501 498/498/498 500/500/500
f 502/502/502 499/499/499 492/492/492
f 490/490/490 502/502/502 492/492/492
f 502/502/502 500/500/500 499/499/499
f 503/503/503 501/501/501 500/500/500
f 503/503/503 500/500/500 502/502/502
f 504/504/504 502/502/502 490/490/490
f 504/504/504 503/503/503 502/502/502
f 491/491/491 504/504/504 490/490/490
f 505/505/505 504/504/504 491/491/491
f 505/505/505 506/506/506 504/504/504
f 506/506/506 503/503/503 504/504/504
f 501/501/501 503/503/503 506/506/506
f 507/507/507 501/501/501 506/506/506
f 510/510/510 509/509/509 508/508/508
f 509/509/509 511/511/511 508/508/508
f 508/508/508 511/511/511 512/512/512
f 509/509/509 513/513/513 511/511/511
f 511/511/511 514/514/514 512/512/512
f 512/512/512 514/514/514 515/515/515
f 513/513/513 516/516/516 511/511/511
f 511/511/511 516/516/516 514/514/514
f 517/517/517 516/516/516 513/513/513
f 514/514/514 518/518/518 515/515/515
f 515/515/515 518/518/518 519/519/519
f 518/518/518 520/520/520 519/519/519
f 516/516/516 521/521/521 514/514/514
f 517/517/517 521/521/521 516/516/516
f 514/514/514 521/521/521 518/518/518
f 518/518/518 522/522/522 520/520/520
f 521/521/521 522/522/522 518/518/518
f 517/517/517 522/522/522 521/521/521
f 522/522/522 523/523/523 520/520/520
f 517/517/517 523/523/523 522/522/522
f 526/526/526 525/525/525 524/524/524
f 525/525/525 527/527/527 524/524/524
f 524/524/524 527/527/527 528/528/528
f 525/525/525 529/529/529 527/527/527
f 527/527/527 530/530/530 528/528/528
f 528/528/528 530/530/530 531/531/531
f 529/529/529 532/532/532 527/527/527
f 527/527/527 532/532/532 530/530/530
f 533/533/533 532/532/532 529/529/529
f 530/530/530 534/534/534 531/531/531
f 531/531/531 534/534/534 535/535/535
f 534/534/534 536/536/536 535/535/535
f 532/532/532 537/537/537 530/530/530
f 533/533/533 537/537/537 532/532/532
f 530/530/530 537/537/537 534/534/534
f 534/534/534 538/538/538 536/536/536
f 537/537/537 538/538/538 534/534/534
f 533/533/533 538/538/538 537/537/537
f 538/538/538 539/539/539 536/536/536
f 533/533/533 539/539/539 538/538/538
f 542/542/542 541/541/541 540/540/540
f 543/543/543 542/542/542 540/540/540
f 540/540/540 544/544/544 543/543/543
f 545/545/545 542/542/542 543/543/543
f 544/544/544 546/546/546 543/543/543
f 546/546/546 544/544/544 547/547/547
f 548/548/548 546/546/546 547/547/547
f 549/549/549 545/545/545 543/543/543
f 543/543/543 546/546/546 549/549/549
f 550/550/550 545/545/545 549/549/549
f 551/551/551 546/546/546 548/548/548
f 546/546/546 551/551/551 549/549/549
f 552/552/552 551/551/551 548/548/548
f 553/553/553 550/550/550 549/549/549
f 549/549/549 551/551/551 553/553/553
f 554/554/554 550/550/550 553/553/553
f 555/555/555 551/551/551 552/552/552
f 551/551/551 555/555/555 553/553/553
f 556/556/556 555/555/555 552/552/552
f 557/557/557 554/554/554 553/553/553
f 553/553/553 555/555/555 557/557/557
f 558/558/558 554/554/554 557/557/557
f 559/559/559 555/555/555 556/556/556
f 555/555/555 559/559/559 557/557/557
f 560/560/560 559/559/559 556/556/556
f 561/561/561 558/558/558 557/557/557
f 557/557/557 559/559/559 561/561/561
f 562/562/562 558/558/558 561/561/561
f 563/563/563 559/559/559 560/560/560
f 559/559/559 563/563/563 561/561/561
f 564/564/564 563/563/563 560/560/560
f 565/565/565 562/562/562 561/561/561
f 561/561/561 563/563/563 565/565/565
f 566/566/566 562/562/562 565/565/565
f 567/567/567 563/563/563 564/564/564
f 563/563/563 567/567/567 565/565/565
f 568/568/568 567/567/567 564/564/564
f 569/569/569 566/566/566 565/565/565
f 565/565/565 567/567/567 569/569/569
f 570/570/570 566/566/566 569/569/569
f 571/571/571 570/570/570 569/569/569
f 572/572/572 567/567/567 568/568/568
f 567/567/567 572/572/572 569/569/569
f 569/569/569 572/572/572 571/571/571
f 573/573/573 572/572/572 568/568/568
f 572/572/572 574/574/574 571/571/571
f 574/574/574 572/572/572 573/573/573
f 575/575/575 574/574/574 573/573/573
f 578/578/578 577/577/577 576/576/576
f 577/577/577 579/579/579 576/576/576
f 577/577/577 580/580/580 579/579/579
f 579/579/579 581/581/581 576/576/576
f 581/581/581 582/582/582 576/576/576
f 580/580/580 583/583/583 579/579/579
f 580/580/580 584/584/584 583/583/583
f 582/582/582 581/581/581 585/585/585
f 586/586/586 582/582/582 585/585/585
f 587/587/587 581/581/581 579/579/579
f 583/583/583 587/587/587 579/579/579
f 584/584/584 588/588/588 583/583/583
f 584/584/584 589/589/589 588/588/588
f 585/585/585 581/581/581 590/590/590
f 581/581/581 587/587/587 590/590/590
f 586/586/586 585/585/585 591/591/591
f 592/592/592 586/586/586 591/591/591
f 592/592/592 591/591/591 593/593/593
f 591/591/591 594/594/594 593/593/593
f 591/591/591 585/585/585 595/595/595
f 591/591/591 595/595/595 594/594/594
f 585/585/585 590/590/590 595/595/595
f 595/595/595 596/596/596 594/594/594
f 595/595/595 597/597/597 596/596/596
f 595/595/595 590/590/590 597/597/597
f 597/597/597 598/598/598 596/596/596
f 590/590/590 587/587/587 599/599/599
f 590/590/590 599/599/599 597/597/597
f 597/597/597 600/600/600 598/598/598
f 597/597/597 599/599/599 600/600/600
f 600/600/600 601/601/601 598/598/598
f 601/601/601 600/600/600 602/602/602
f 587/587/587 603/603/603 599/599/599
f 603/603/603 587/587/587 583/583/583
f 588/588/588 603/603/603 583/583/583
f 599/599/599 604/604/604 600/600/600
f 599/599/599 603/603/603 604/604/604
f 600/600/600 605/605/605 602/602/602
f 600/600/600 604/604/604 605/605/605
f 606/606/606 603/603/603 588/588/588
f 603/603/603 606/606/606 604/604/604
f 602/602/602 605/605/605 607/607/607
f 607/607/607 608/608/608 602/602/602
f 609/609/609 608/608/608 607/607/607
f 604/604/604 610/610/610 605/605/605
f 610/610/610 604/604/604 606/606/606
f 611/611/611 606/606/606 588/588/588
f 589/589/589 611/611/611 588/588/588
f 589/589/589 612/612/612 611/611/611
f 605/605/605 613/613/613 607/607/607
f 605/605/605 610/610/610 613/613/613
f 614/614/614 609/609/609 607/607/607
f 607/607/607 613/613/613 614/614/614
f 615/615/615 610/610/610 606/606/606
f 615/615/615 606/606/606 611/611/611
f 612/612/612 616/616/616 611/611/611
f 616/616/616 615/615/615 611/611/611
f 612/612/612 617/617/617 616/616/616
f 609/609/609 614/614/614 618/618/618
f 619/619/619 609/609/609 618/618/618
f 614/614/614 620/620/620 618/618/618
f 613/613/613 620/620/620 614/614/614
f 620/620/620 621/621/621 618/618/618
f 610/610/610 622/622/622 613/613/613
f 622/622/622 610/610/610 615/615/615
f 613/613/613 622/622/622 620/620/620
f 620/620/620 623/623/623 621/621/621
f 622/622/622 623/623/623 620/620/620
f 623/623/623 624/624/624 621/621/621
f 625/625/625 622/622/622 615/615/615
f 625/625/625 615/615/615 616/616/616
f 623/623/623 622/622/622 625/625/625
f 617/617/617 626/626/626 616/616/616
f 626/626/626 625/625/625 616/616/616
f 617/617/617 627/627/627 626/626/626
f 624/624/624 623/623/623 628/628/628
f 628/628/628 623/623/623 625/625/625
f 628/628/628 625/625/625 626/626/626
f 629/629/629 624/624/624 628/628/628
f 627/627/627 630/630/630 626/626/626
f 630/630/630 628/628/628 626/626/626
f 629/629/629 628/628/628 630/630/630
f 627/627/627 631/631/631 630/630/630
f 632/632/632 629/629/629 630/630/630
f 631/631/631 632/632/632 630/630/630
f 635/635/635 634/634/634 633/633/633
f 636/636/636 635/635/635 633/633/633
f 636/636/636 633/633/633 637/637/637
f 636/636/636 638/638/638 635/635/635
f 638/638/638 639/639/639 635/635/635
f 640/640/640 639/639/639 638/638/638
f 641/641/641 636/636/636 637/637/637
f 641/641/641 637/637/637 642/642/642
f 643/643/643 638/638/638 636/636/636
f 640/640/640 638/638/638 643/643/643
f 641/641/641 643/643/643 636/636/636
f 640/640/640 643/643/643 644/644/644
f 644/644/644 643/643/643 641/641/641
f 640/640/640 644/644/644 645/645/645
f 646/646/646 641/641/641 642/642/642
f 646/646/646 644/644/644 641/641/641
f 645/645/645 644/644/644 646/646/646
f 646/646/646 642/642/642 647/647/647
f 648/648/648 645/645/645 646/646/646
f 648/648/648 646/646/646 647/647/647
f 651/651/651 650/650/650 649/649/649
f 652/652/652 651/651/651 649/649/649
f 652/652/652 649/649/649 653/653/653
f 652/652/652 654/654/654 651/651/651
f 654/654/654 655/655/655 651/651/651
f 656/656/656 655/655/655 654/654/654
f 657/657/657 652/652/652 653/653/653
f 657/657/657 653/653/653 658/658/658
f 659/659/659 654/654/654 652/652/652
f 656/656/656 654/654/654 659/659/659
f 657/657/657 659/659/659 652/652/652
f 656/656/656 659/659/659 660/660/660
f 660/660/660 659/659/659 657/657/657
f 656/656/656 660/660/660 661/661/661
f 662/662/662 657/657/657 658/658/658
f 662/662/662 660/660/660 657/657/657
f 661/661/661 660/660/660 662/662/662
f 662/662/662 658/658/658 663/663/663
f 664/664/664 661/661/661 662/662/662
f 664/664/664 662/662/662 663/663/663
f 667/667/667 666/666/666 665/665/665
f 668/668/668 667/667/667 665/665/665
f 668/668/668 665/665/665 669/669/669
f 667/667/667 668/668/668 670/670/670
f 671/671/671 668/668/668 669/669/669
f 671/671/671 669/669/669 672/672/672
f 673/673/673 671/671/671 672/672/672
f 673/673/673 672/672/672 674/674/674
f 675/675/675 673/673/673 674/674/674
f 675/675/675 674/674/674 676/676/676
f 677/677/677 675/675/675 676/676/676
f 677/677/677 676/676/676 678/678/678
f 679/679/679 677/677/677 678/678/678
f 679/679/679 678/678/678 680/680/680
f 681/681/681 679/679/679 680/680/680
f 681/681/681 680/680/680 682/682/682
f 683/683/683 681/681/681 682/682/682
f 683/683/683 684/684/684 681/681/681
f 684/684/684 685/685/685 681/681/681
f 681/681/681 685/685/685 679/679/679
f 685/685/685 684/684/684 686/686/686
f 687/687/687 685/685/685 686/686/686
f 685/685/685 688/688/688 679/679/679
f 688/688/688 685/685/685 687/687/687
f 679/679/679 688/688/688 677/677/677
f 689/689/689 688/688/688 687/687/687
f 688/688/688 690/690/690 677/677/677
f 690/690/690 688/688/688 689/689/689
f 677/677/677 690/690/690 675/675/675
f 691/691/691 690/690/690 689/689/689
f 690/690/690 692/692/692 675/675/675
f 692/692/692 690/690/690 691/691/691
f 675/675/675 692/692/692 673/673/673
f 693/693/693 692/692/692 691/691/691
f 692/692/692 694/694/694 673/673/673
f 694/694/694 692/692/692 693/693/693
f 673/673/673 694/694/694 671/671/671
f 695/695/695 694/694/694 693/693/693
f 694/694/694 696/696/696 671/671/671
f 696/696/696 694/694/694 695/695/695
f 671/671/671 696/696/696 668/668/668
f 697/697/697 696/696/696 695/695/695
f 696/696/696 698/698/698 668/668/668
f 698/698/698 696/696/696 697/697/697
f 668/668/668 698/698/698 670/670/670
f 699/699/699 698/698/698 697/697/697
f 670/670/670 698/698/698 699/699/699
f 700/700/700 670/670/670 699/699/699
f 703/703/703 702/702/702 701/701/701
f 702/702/702 704/704/704 701/701/701
f 701/701/701 704/704/704 705/705/705
f 706/706/706 704/704/704 702/702/702
f 707/707/707 706/706/706 702/702/702
f 704/704/704 708/708/708 705/705/705
f 704/704/704 706/706/706 708/708/708
f 705/705/705 708/708/708 709/709/709
f 710/710/710 706/706/706 707/707/707
f 711/711/711 710/710/710 707/707/707
f 710/710/710 711/711/711 712/712/712
f 713/713/713 710/710/710 712/712/712
f 713/713/713 712/712/712 714/714/714
f 715/715/715 713/713/713 714/714/714
f 710/710/710 716/716/716 706/706/706
f 716/716/716 710/710/710 713/713/713
f 717/717/717 713/713/713 715/715/715
f 717/717/717 716/716/716 713/713/713
f 718/718/718 717/717/717 715/715/715
f 717/717/717 718/718/718 719/719/719
f 708/708/708 720/720/720 709/709/709
f 709/709/709 720/720/720 721/721/721
f 706/706/706 722/722/722 708/708/708
f 716/716/716 722/722/722 706/706/706
f 708/708/708 722/722/722 723/723/723
f 720/720/720 708/708/708 723/723/723
f 723/723/723 722/722/722 716/716/716
f 720/720/720 724/724/724 721/721/721
f 720/720/720 723/723/723 724/724/724
f 721/721/721 724/724/724 725/725/725
f 726/726/726 716/716/716 717/717/717
f 726/726/726 723/723/723 716/716/716
f 727/727/727 717/717/717 719/719/719
f 727/727/727 726/726/726 717/717/717
f 724/724/724 728/728/728 725/725/725
f 725/725/725 728/728/728 729/729/729
f 723/723/723 730/730/730 724/724/724
f 723/723/723 726/726/726 730/730/730
f 728/728/728 724/724/724 730/730/730
f 731/731/731 727/727/727 719/719/719
f 732/732/732 731/731/731 719/719/719
f 732/732/732 733/733/733 731/731/731
f 734/734/734 726/726/726 727/727/727
f 726/726/726 734/734/734 730/730/730
f 731/731/731 734/734/734 727/727/727
f 735/735/735 730/730/730 734/734/734
f 735/735/735 728/728/728 730/730/730
f 728/728/728 736/736/736 729/729/729
f 729/729/729 736/736/736 737/737/737
f 738/738/738 734/734/734 731/731/731
f 738/738/738 735/735/735 734/734/734
f 733/733/733 739/739/739 731/731/731
f 739/739/739 738/738/738 731/731/731
f 735/735/735 740/740/740 728/728/728
f 740/740/740 736/736/736 728/728/728
f 738/738/738 741/741/741 735/735/735
f 741/741/741 738/738/738 739/739/739
f 741/741/741 740/740/740 735/735/735
f 742/742/742 739/739/739 733/733/733
f 742/742/742 741/741/741 739/739/739
f 743/743/743 742/742/742 733/733/733
f 736/736/736 744/744/744 737/737/737
f 737/737/737 744/744/744 745/745/745
f 740/740/740 741/741/741 746/746/746
f 746/746/746 741/741/741 742/742/742
f 742/742/742 743/743/743 747/747/747
f 747/747/747 746/746/746 742/742/742
f 743/743/743 748/748/748 747/747/747
f 736/736/736 740/740/740 749/749/749
f 744/744/744 736/736/736 749/749/749
f 749/749/749 740/740/740 746/746/746
f 744/744/744 750/750/750 745/745/745
f 744/744/744 749/749/749 750/750/750
f 745/745/745 750/750/750 751/751/751
f 752/752/752 747/747/747 748/748/748
f 753/753/753 752/752/752 748/748/748
f 753/753/753 754/754/754 752/752/752
f 749/749/749 746/746/746 755/755/755
f 749/749/749 755/755/755 750/750/750
f 756/756/756 746/746/746 747/747/747
f 746/746/746 756/756/756 755/755/755
f 752/752/752 756/756/756 747/747/747
f 750/750/750 757/757/757 751/751/751
f 751/751/751 757/757/757 758/758/758
f 750/750/750 755/755/755 759/759/759
f 759/759/759 755/755/755 756/756/756
f 757/757/757 750/750/750 759/759/759
f 760/760/760 756/756/756 752/752/752
f 760/760/760 759/759/759 756/756/756
f 754/754/754 761/761/761 752/752/752
f 761/761/761 760/760/760 752/752/752
f 757/757/757 762/762/762 758/758/758
f 758/758/758 762/762/762 763/763/763
f 759/759/759 764/764/764 757/757/757
f 764/764/764 762/762/762 757/757/757
f 760/760/760 765/765/765 759/759/759
f 765/765/765 760/760/760 761/761/761
f 765/765/765 764/764/764 759/759/759
f 766/766/766 761/761/761 754/754/754
f 766/766/766 765/765/765 761/761/761
f 767/767/767 766/766/766 754/754/754
f 766/766/766 767/767/767 768/768/768
f 767/767/767 769/769/769 768/768/768
f 762/762/762 770/770/770 763/763/763
f 763/763/763 770/770/770 771/771/771
f 762/762/762 764/764/764 772/772/772
f 772/772/772 764/764/764 765/765/765
f 770/770/770 762/762/762 772/772/772
f 773/773/773 768/768/768 769/769/769
f 774/774/774 773/773/773 769/769/769
f 773/773/773 774/774/774 775/775/775
f 776/776/776 772/772/772 765/765/765
f 765/765/765 777/777/777 776/776/776
f 777/777/777 778/778/778 776/776/776
f 779/779/779 776/776/776 768/768/768
f 776/776/776 779/779/779 772/772/772
f 773/773/773 779/779/779 768/768/768
f 770/770/770 772/772/772 780/780/780
f 779/779/779 780/780/780 772/772/772
f 781/781/781 773/773/773 775/775/775
f 781/781/781 775/775/775 782/782/782
f 781/781/781 783/783/783 773/773/773
f 783/783/783 779/779/779 773/773/773
f 784/784/784 781/781/781 782/782/782
f 782/782/782 785/785/785 784/784/784
f 783/783/783 786/786/786 779/779/779
f 786/786/786 780/780/780 779/779/779
f 786/786/786 783/783/783 787/787/787
f 783/783/783 788/788/788 787/787/787
f 788/788/788 789/789/789 787/787/787
f 790/790/790 770/770/770 780/780/780
f 770/770/770 790/790/790 771/771/771
f 791/791/791 790/790/790 780/780/780
f 771/771/771 790/790/790 791/791/791
f 786/786/786 791/791/791 780/780/780
f 792/792/792 771/771/771 791/791/791
f 792/792/792 791/791/791 793/793/793
f 793/793/793 791/791/791 786/786/786
f 794/794/794 792/792/792 793/793/793
f 795/795/795 793/793/793 786/786/786
f 795/795/795 786/786/786 787/787/787
f 794/794/794 793/793/793 796/796/796
f 796/796/796 793/793/793 795/795/795
f 797/797/797 794/794/794 796/796/796
f 798/798/798 796/796/796 795/795/795
f 795/795/795 787/787/787 798/798/798
f 797/797/797 796/796/796 799/799/799
f 796/796/796 798/798/798 799/799/799
f 800/800/800 797/797/797 799/799/799
f 800/800/800 799/799/799 801/801/801
f 802/802/802 800/800/800 801/801/801
f 802/802/802 801/801/801 803/803/803
f 804/804/804 802/802/802 803/803/803
f 801/801/801 799/799/799 805/805/805
f 803/803/803 801/801/801 805/805/805
f 804/804/804 803/803/803 806/806/806
f 807/807/807 804/804/804 806/806/806
f 798/798/798 808/808/808 799/799/799
f 799/799/799 808/808/808 805/805/805
f 809/809/809 803/803/803 805/805/805
f 806/806/806 803/803/803 809/809/809
f 810/810/810 805/805/805 808/808/808
f 805/805/805 810/810/810 809/809/809
f 811/811/811 808/808/808 798/798/798
f 811/811/811 810/810/810 808/808/808
f 807/807/807 806/806/806 812/812/812
f 813/813/813 807/807/807 812/812/812
f 814/814/814 811/811/811 798/798/798
f 787/787/787 814/814/814 798/798/798
f 815/815/815 814/814/814 787/787/787
f 784/784/784 815/815/815 787/787/787
f 785/785/785 815/815/815 784/784/784
f 815/815/815 816/816/816 814/814/814
f 816/816/816 815/815/815 785/785/785
f 816/816/816 811/811/811 814/814/814
f 817/817/817 816/816/816 785/785/785
f 816/816/816 817/817/817 818/818/818
f 816/816/816 819/819/819 811/811/811
f 819/819/819 816/816/816 818/818/818
f 819/819/819 810/810/810 811/811/811
f 819/819/819 818/818/818 820/820/820
f 821/821/821 819/819/819 820/820/820
f 819/819/819 821/821/821 810/810/810
f 820/820/820 822/822/822 821/821/821
f 821/821/821 823/823/823 810/810/810
f 810/810/810 823/823/823 809/809/809
f 822/822/822 824/824/824 821/821/821
f 821/821/821 824/824/824 823/823/823
f 809/809/809 823/823/823 825/825/825
f 825/825/825 806/806/806 809/809/809
f 826/826/826 824/824/824 822/822/822
f 827/827/827 826/826/826 822/822/822
f 826/826/826 827/827/827 828/828/828
f 824/824/824 829/829/829 823/823/823
f 823/823/823 829/829/829 825/825/825
f 824/824/824 826/826/826 829/829/829
f 806/806/806 825/825/825 830/830/830
f 812/812/812 806/806/806 830/830/830
f 829/829/829 831/831/831 825/825/825
f 826/826/826 831/831/831 829/829/829
f 831/831/831 830/830/830 825/825/825
f 832/832/832 826/826/826 828/828/828
f 826/826/826 832/832/832 831/831/831
f 831/831/831 833/833/833 830/830/830
f 832/832/832 833/833/833 831/831/831
f 834/834/834 832/832/832 828/828/828
f 832/832/832 834/834/834 833/833/833
f 835/835/835 834/834/834 828/828/828
f 835/835/835 836/836/836 834/834/834
f 812/812/812 830/830/830 837/837/837
f 833/833/833 837/837/837 830/830/830
f 836/836/836 838/838/838 834/834/834
f 836/836/836 839/839/839 838/838/838
f 839/839/839 840/840/840 838/838/838
f 834/834/834 841/841/841 833/833/833
f 834/834/834 838/838/838 841/841/841
f 837/837/837 833/833/833 841/841/841
f 838/838/838 840/840/840 842/842/842
f 838/838/838 842/842/842 841/841/841
f 840/840/840 843/843/843 842/842/842
f 842/842/842 843/843/843 844/844/844
f 845/845/845 842/842/842 844/844/844
f 841/841/841 842/842/842 845/845/845
f 844/844/844 846/846/846 845/845/845
f 847/847/847 812/812/812 837/837/837
f 813/813/813 812/812/812 847/847/847
f 848/848/848 813/813/813 847/847/847
f 848/848/848 847/847/847 849/849/849
f 849/849/849 847/847/847 837/837/837
f 850/850/850 848/848/848 849/849/849
f 851/851/851 837/837/837 841/841/841
f 851/851/851 841/841/841 845/845/845
f 851/851/851 849/849/849 837/837/837
f 851/851/851 845/845/845 849/849/849
f 850/850/850 849/849/849 852/852/852
f 845/845/845 852/852/852 849/849/849
f 846/846/846 852/852/852 845/845/845
f 853/853/853 850/850/850 852/852/852
f 853/853/853 852/852/852 846/846/846
f 854/854/854 853/853/853 846/846/846
f 857/857/857 856/856/856 855/855/855
f 856/856/856 858/858/858 855/855/855
f 855/855/855 858/858/858 859/859/859
f 856/856/856 860/860/860 858/858/858
f 858/858/858 861/861/861 859/859/859
f 859/859/859 861/861/861 862/862/862
f 860/860/860 863/863/863 858/858/858
f 863/863/863 860/860/860 864/864/864
f 861/861/861 865/865/865 862/862/862
f 862/862/862 865/865/865 866/866/866
f 861/861/861 858/858/858 867/867/867
f 858/858/858 863/863/863 867/867/867
f 868/868/868 863/863/863 864/864/864
f 868/868/868 864/864/864 869/869/869
f 865/865/865 870/870/870 866/866/866
f 866/866/866 870/870/870 871/871/871
f 870/870/870 872/872/872 871/871/871
f 870/870/870 865/865/865 872/872/872
f 865/865/865 861/861/861 873/873/873
f 861/861/861 867/867/867 873/873/873
f 865/865/865 873/873/873 872/872/872
f 874/874/874 873/873/873 867/867/867
f 873/873/873 874/874/874 872/872/872
f 875/875/875 867/867/867 863/863/863
f 868/868/868 875/875/875 863/863/863
f 875/875/875 874/874/874 867/867/867
f 876/876/876 868/868/868 869/869/869
f 876/876/876 869/869/869 877/877/877
f 875/875/875 868/868/868 878/878/878
f 868/868/868 876/876/876 878/878/878
f 875/875/875 878/878/878 874/874/874
f 879/879/879 876/876/876 877/877/877
f 878/878/878 876/876/876 879/879/879
f 879/879/879 877/877/877 880/880/880
f 881/881/881 879/879/879 880/880/880
f 882/882/882 879/879/879 881/881/881
f 882/882/882 878/878/878 879/879/879
f 883/883/883 882/882/882 881/881/881
f 884/884/884 878/878/878 882/882/882
f 878/878/878 884/884/884 874/874/874
f 885/885/885 882/882/882 883/883/883
f 885/885/885 884/884/884 882/882/882
f 886/886/886 885/885/885 883/883/883
f 874/874/874 884/884/884 887/887/887
f 887/887/887 884/884/884 885/885/885
f 888/888/888 885/885/885 886/886/886
f 888/888/888 887/887/887 885/885/885
f 889/889/889 888/888/888 886/886/886
f 889/889/889 890/890/890 888/888/888
f 890/890/890 887/887/887 888/888/888
f 891/891/891 874/874/874 887/887/887
f 874/874/874 891/891/891 872/872/872
f 891/891/891 887/887/887 892/892/892
f 891/891/891 892/892/892 872/872/872
f 887/887/887 893/893/893 892/892/892
f 892/892/892 894/894/894 872/872/872
f 897/897/897 896/896/896 895/895/895
f 898/898/898 897/897/897 895/895/895
f 895/895/895 899/899/899 898/898/898
f 900/900/900 897/897/897 898/898/898
f 899/899/899 901/901/901 898/898/898
f 899/899/899 902/902/902 901/901/901
f 903/903/903 900/900/900 898/898/898
f 904/904/904 900/900/900 903/903/903
f 902/902/902 905/905/905 901/901/901
f 902/902/902 906/906/906 905/905/905
f 898/898/898 901/901/901 907/907/907
f 903/903/903 898/898/898 907/907/907
f 908/908/908 904/904/904 903/903/903
f 909/909/909 904/904/904 908/908/908
f 910/910/910 907/907/907 901/901/901
f 905/905/905 910/910/910 901/901/901
f 903/903/903 907/907/907 911/911/911
f 908/908/908 903/903/903 911/911/911
f 911/911/911 907/907/907 910/910/910
f 906/906/906 912/912/912 905/905/905
f 912/912/912 906/906/906 913/913/913
f 914/914/914 909/909/909 908/908/908
f 909/909/909 914/914/914 915/915/915
f 914/914/914 916/916/916 915/915/915
f 914/914/914 908/908/908 916/916/916
f 908/908/908 911/911/911 916/916/916
f 905/905/905 912/912/912 917/917/917
f 910/910/910 905/905/905 917/917/917
f 918/918/918 912/912/912 913/913/913
f 917/917/917 912/912/912 918/918/918
f 913/913/913 919/919/919 918/918/918
f 919/919/919 920/920/920 918/918/918
f 918/918/918 920/920/920 921/921/921
f 921/921/921 917/917/917 918/918/918
f 920/920/920 922/922/922 921/921/921
f 923/923/923 911/911/911 910/910/910
f 916/916/916 911/911/911 923/923/923
f 910/910/910 917/917/917 924/924/924
f 924/924/924 917/917/917 921/921/921
f 923/923/923 910/910/910 924/924/924
f 921/921/921 922/922/922 925/925/925
f 925/925/925 924/924/924 921/921/921
f 922/922/922 926/926/926 925/925/925
f 927/927/927 916/916/916 923/923/923
f 927/927/927 923/923/923 924/924/924
f 925/925/925 926/926/926 928/928/928
f 926/926/926 929/929/929 928/928/928
f 929/929/929 930/930/930 928/928/928
f 930/930/930 931/931/931 928/928/928
f 928/928/928 931/931/931 925/925/925
f 931/931/931 924/924/924 925/925/925
f 931/931/931 927/927/927 924/924/924
f 927/927/927 931/931/931 932/932/932
f 933/933/933 927/927/927 932/932/932
f 927/927/927 933/933/933 916/916/916
f 933/933/933 934/934/934 916/916/916
f 937/937/937 936/936/936 935/935/935
f 938/938/938 937/937/937 935/935/935
f 938/938/938 935/935/935 939/939/939
f 938/938/938 940/940/940 937/937/937
f 940/940/940 941/941/941 937/937/937
f 942/942/942 941/941/941 940/940/940
f 943/943/943 938/938/938 939/939/939
f 943/943/943 939/939/939 944/944/944
f 945/945/945 940/940/940 938/938/938
f 943/943/943 945/945/945 938/938/938
f 946/946/946 942/942/942 940/940/940
f 946/946/946 940/940/940 945/945/945
f 947/947/947 943/943/943 944/944/944
f 947/947/947 944/944/944 948/948/948
f 942/942/942 946/946/946 949/949/949
f 950/950/950 942/942/942 949/949/949
f 951/951/951 946/946/946 945/945/945
f 946/946/946 951/951/951 949/949/949
f 952/952/952 945/945/945 943/943/943
f 947/947/947 952/952/952 943/943/943
f 951/951/951 945/945/945 952/952/952
f 953/953/953 947/947/947 948/948/948
f 948/948/948 954/954/954 953/953/953
f 954/954/954 955/955/955 953/953/953
f 953/953/953 955/955/955 947/947/947
f 955/955/955 952/952/952 947/947/947
f 950/950/950 949/949/949 956/956/956
f 957/957/957 950/950/950 956/956/956
f 957/957/957 956/956/956 958/958/958
f 956/956/956 959/959/959 958/958/958
f 956/956/956 949/949/949 960/960/960
f 951/951/951 960/960/960 949/949/949
f 956/956/956 961/961/961 959/959/959
f 961/961/961 956/956/956 960/960/960
f 961/961/961 962/962/962 959/959/959
f 963/963/963 960/960/960 951/951/951
f 961/961/961 960/960/960 963/963/963
f 961/961/961 964/964/964 962/962/962
f 964/964/964 961/961/961 963/963/963
f 964/964/964 965/965/965 962/962/962
f 966/966/966 951/951/951 952/952/952
f 966/966/966 963/963/963 951/951/951
f 955/955/955 967/967/967 952/952/952
f 967/967/967 966/966/966 952/952/952
f 968/968/968 963/963/963 966/966/966
f 964/964/964 963/963/963 968/968/968
f 967/967/967 968/968/968 966/966/966
f 964/964/964 969/969/969 965/965/965
f 969/969/969 964/964/964 968/968/968
f 969/969/969 970/970/970 965/965/965
f 970/970/970 969/969/969 971/971/971
f 969/969/969 968/968/968 971/971/971
f 972/972/972 968/968/968 967/967/967
f 973/973/973 972/972/972 967/967/967
f 973/973/973 967/967/967 955/955/955
f 974/974/974 973/973/973 955/955/955
f 977/977/977 976/976/976 975/975/975
f 978/978/978 977/977/977 975/975/975
f 979/979/979 978/978/978 975/975/975
f 977/977/977 978/978/978 980/980/980
f 978/978/978 981/981/981 980/980/980
f 978/978/978 979/979/979 981/981/981
f 982/982/982 979/979/979 975/975/975
f 983/983/983 982/982/982 975/975/975
f 984/984/984 983/983/983 975/975/975
f 984/984/984 975/975/975 985/985/985
f 986/986/986 984/984/984 985/985/985
f 986/986/986 987/987/987 984/984/984
f 987/987/987 983/983/983 984/984/984
f 987/987/987 988/988/988 983/983/983
f 988/988/988 989/989/989 983/983/983
f 983/983/983 989/989/989 982/982/982
f 988/988/988 990/990/990 989/989/989
f 989/989/989 991/991/991 982/982/982
f 979/979/979 982/982/982 991/991/991
f 990/990/990 992/992/992 989/989/989
f 989/989/989 992/992/992 991/991/991
f 990/990/990 993/993/993 992/992/992
f 993/993/993 994/994/994 992/992/992
f 994/994/994 995/995/995 992/992/992
f 992/992/992 996/996/996 991/991/991
f 995/995/995 996/996/996 992/992/992
f 997/997/997 991/991/991 996/996/996
f 997/997/997 979/979/979 991/991/991
f 998/998/998 996/996/996 995/995/995
f 998/998/998 997/997/997 996/996/996
f 999/999/999 998/998/998 995/995/995
f 998/998/998 999/999/999 1000/1000/1000
f 997/997/997 1001/1001/1001 979/979/979
f 997/997/997 998/998/998 1001/1001/1001
f 1002/1002/1002 998/998/998 1000/1000/1000
f 998/998/998 1002/1002/1002 1001/1001/1001
f 1002/1002/1002 1000/1000/1000 1003/1003/1003
f 1004/1004/1004 1002/1002/1002 1003/1003/1003
f 1001/1001/1001 1002/1002/1002 1004/1004/1004
f 1001/1001/1001 1005/1005/1005 979/979/979
f 979/979/979 1005/1005/1005 981/981/981
f 1006/1006/1006 1004/1004/1004 1003/1003/1003
f 1007/1007/1007 1006/1006/1006 1003/1003/1003
f 1006/1006/1006 1008/1008/1008 1004/1004/1004
f 1009/1009/1009 1001/1001/1001 1004/1004/1004
f 1008/1008/1008 1009/1009/1009 1004/1004/1004
f 1005/1005/1005 1001/1001/1001 1009/1009/1009
f 1008/1008/1008 1010/1010/1010 1009/1009/1009
f 1011/1011/1011 1005/1005/1005 1009/1009/1009
f 1010/1010/1010 1011/1011/1011 1009/1009/1009
f 981/981/981 1005/1005/1005 1011/1011/1011
f 1010/1010/1010 1012/1012/1012 1011/1011/1011
f 1013/1013/1013 981/981/981 1011/1011/1011
f 1012/1012/1012 1013/1013/1013 1011/1011/1011
f 1014/1014/1014 981/981/981 1013/1013/1013
f 1012/1012/1012 1014/1014/1014 1013/1013/1013
f 1017/1017/1017 1016/1016/1016 1015/1015/1015
f 1016/1016/1016 1018/1018/1018 1015/1015/1015
f 1015/1015/1015 1018/1018/1018 1019/1019/1019
f 1016/1016/1016 1020/1020/1020 1018/1018/1018
f 1016/1016/1016 1021/1021/1021 1020/1020/1020
f 1020/1020/1020 1021/1021/1021 1022/1022/1022
f 1018/1018/1018 1023/1023/1023 1019/1019/1019
f 1019/1019/1019 1023/1023/1023 1024/1024/1024
f 1023/1023/1023 1025/1025/1025 1024/1024/1024
f 1024/1024/1024 1025/1025/1025 1026/1026/1026
f 1025/1025/1025 1027/1027/1027 1026/1026/1026
f 1026/1026/1026 1027/1027/1027 1028/1028/1028
f 1027/1027/1027 1029/1029/1029 1028/1028/1028
f 1028/1028/1028 1029/1029/1029 1030/1030/1030
f 1029/1029/1029 1031/1031/1031 1030/1030/1030
f 1030/1030/1030 1031/1031/1031 1032/1032/1032
f 1031/1031/1031 1033/1033/1033 1032/1032/1032
f 1032/1032/1032 1033/1033/1033 1034/1034/1034
f 1033/1033/1033 1035/1035/1035 1034/1034/1034
f 1036/1036/1036 1035/1035/1035 1033/1033/1033
f 1037/1037/1037 1035/1035/1035 1036/1036/1036
f 1037/1037/1037 1036/1036/1036 1038/1038/1038
f 1039/1039/1039 1037/1037/1037 1038/1038/1038
f 1040/1040/1040 1039/1039/1039 1038/1038/1038
f 1041/1041/1041 1040/1040/1040 1038/1038/1038
f 1040/1040/1040 1041/1041/1041 1042/1042/1042
f 1038/1038/1038 1036/1036/1036 1043/1043/1043
f 1041/1041/1041 1038/1038/1038 1043/1043/1043
f 1044/1044/1044 1036/1036/1036 1033/1033/1033
f 1036/1036/1036 1044/1044/1044 1043/1043/1043
f 1045/1045/1045 1044/1044/1044 1033/1033/1033
f 1031/1031/1031 1045/1045/1045 1033/1033/1033
f 1043/1043/1043 1044/1044/1044 1046/1046/1046
f 1044/1044/1044 1045/1045/1045 1046/1046/1046
f 1041/1041/1041 1047/1047/1047 1042/1042/1042
f 1048/1048/1048 1041/1041/1041 1043/1043/1043
f 1041/1041/1041 1048/1048/1048 1047/1047/1047
f 1046/1046/1046 1049/1049/1049 1043/1043/1043
f 1049/1049/1049 1048/1048/1048 1043/1043/1043
f 1047/1047/1047 1050/1050/1050 1042/1042/1042
f 1050/1050/1050 1051/1051/1051 1042/1042/1042
f 1050/1050/1050 1052/1052/1052 1051/1051/1051
f 1031/1031/1031 1053/1053/1053 1045/1045/1045
f 1046/1046/1046 1045/1045/1045 1054/1054/1054
f 1045/1045/1045 1053/1053/1053 1054/1054/1054
f 1055/1055/1055 1053/1053/1053 1031/1031/1031
f 1029/1029/1029 1055/1055/1055 1031/1031/1031
f 1056/1056/1056 1049/1049/1049 1046/1046/1046
f 1054/1054/1054 1056/1056/1056 1046/1046/1046
f 1054/1054/1054 1053/1053/1053 1057/1057/1057
f 1053/1053/1053 1055/1055/1055 1057/1057/1057
f 1058/1058/1058 1056/1056/1056 1054/1054/1054
f 1057/1057/1057 1058/1058/1058 1054/1054/1054
f 1059/1059/1059 1050/1050/1050 1047/1047/1047
f 1060/1060/1060 1052/1052/1052 1050/1050/1050
f 1059/1059/1059 1060/1060/1060 1050/1050/1050
f 1061/1061/1061 1059/1059/1059 1047/1047/1047
f 1048/1048/1048 1061/1061/1061 1047/1047/1047
f 1048/1048/1048 1049/1049/1049 1062/1062/1062
f 1061/1061/1061 1048/1048/1048 1062/1062/1062
f 1063/1063/1063 1059/1059/1059 1061/1061/1061
f 1060/1060/1060 1059/1059/1059 1063/1063/1063
f 1062/1062/1062 1063/1063/1063 1061/1061/1061
f 1064/1064/1064 1060/1060/1060 1063/1063/1063
f 1064/1064/1064 1063/1063/1063 1065/1065/1065
f 1065/1065/1065 1063/1063/1063 1062/1062/1062
f 1062/1062/1062 1049/1049/1049 1066/1066/1066
f 1066/1066/1066 1065/1065/1065 1062/1062/1062
f 1049/1049/1049 1056/1056/1056 1066/1066/1066
f 1060/1060/1060 1067/1067/1067 1052/1052/1052
f 1067/1067/1067 1068/1068/1068 1052/1052/1052
f 1067/1067/1067 1069/1069/1069 1068/1068/1068
f 1070/1070/1070 1067/1067/1067 1060/1060/1060
f 1064/1064/1064 1070/1070/1070 1060/1060/1060
f 1071/1071/1071 1065/1065/1065 1066/1066/1066
f 1064/1064/1064 1065/1065/1065 1071/1071/1071
f 1066/1066/1066 1056/1056/1056 1072/1072/1072
f 1072/1072/1072 1071/1071/1071 1066/1066/1066
f 1056/1056/1056 1058/1058/1058 1072/1072/1072
f 1073/1073/1073 1071/1071/1071 1072/1072/1072
f 1064/1064/1064 1071/1071/1071 1073/1073/1073
f 1072/1072/1072 1058/1058/1058 1074/1074/1074
f 1074/1074/1074 1073/1073/1073 1072/1072/1072
f 1075/1075/1075 1070/1070/1070 1064/1064/1064
f 1075/1075/1075 1076/1076/1076 1070/1070/1070
f 1064/1064/1064 1073/1073/1073 1077/1077/1077
f 1077/1077/1077 1073/1073/1073 1074/1074/1074
f 1058/1058/1058 1078/1078/1078 1074/1074/1074
f 1078/1078/1078 1058/1058/1058 1057/1057/1057
f 1079/1079/1079 1075/1075/1075 1064/1064/1064
f 1079/1079/1079 1064/1064/1064 1077/1077/1077
f 1080/1080/1080 1076/1076/1076 1075/1075/1075
f 1080/1080/1080 1075/1075/1075 1079/1079/1079
f 1081/1081/1081 1077/1077/1077 1074/1074/1074
f 1074/1074/1074 1078/1078/1078 1081/1081/1081
f 1082/1082/1082 1078/1078/1078 1057/1057/1057
f 1057/1057/1057 1055/1055/1055 1082/1082/1082
f 1083/1083/1083 1076/1076/1076 1080/1080/1080
f 1084/1084/1084 1076/1076/1076 1083/1083/1083
f 1083/1083/1083 1080/1080/1080 1085/1085/1085
f 1085/1085/1085 1080/1080/1080 1079/1079/1079
f 1079/1079/1079 1077/1077/1077 1086/1086/1086
f 1086/1086/1086 1077/1077/1077 1081/1081/1081
f 1078/1078/1078 1087/1087/1087 1081/1081/1081
f 1087/1087/1087 1078/1078/1078 1082/1082/1082
f 1055/1055/1055 1088/1088/1088 1082/1082/1082
f 1029/1029/1029 1088/1088/1088 1055/1055/1055
f 1084/1084/1084 1083/1083/1083 1089/1089/1089
f 1089/1089/1089 1083/1083/1083 1085/1085/1085
f 1079/1079/1079 1086/1086/1086 1090/1090/1090
f 1085/1085/1085 1079/1079/1079 1090/1090/1090
f 1091/1091/1091 1086/1086/1086 1081/1081/1081
f 1081/1081/1081 1087/1087/1087 1091/1091/1091
f 1090/1090/1090 1086/1086/1086 1091/1091/1091
f 1092/1092/1092 1087/1087/1087 1082/1082/1082
f 1082/1082/1082 1088/1088/1088 1092/1092/1092
f 1093/1093/1093 1088/1088/1088 1029/1029/1029
f 1088/1088/1088 1093/1093/1093 1092/1092/1092
f 1027/1027/1027 1093/1093/1093 1029/1029/1029
f 1087/1087/1087 1094/1094/1094 1091/1091/1091
f 1094/1094/1094 1087/1087/1087 1092/1092/1092
f 1095/1095/1095 1090/1090/1090 1091/1091/1091
f 1091/1091/1091 1094/1094/1094 1095/1095/1095
f 1085/1085/1085 1090/1090/1090 1096/1096/1096
f 1096/1096/1096 1090/1090/1090 1095/1095/1095
f 1092/1092/1092 1093/1093/1093 1097/1097/1097
f 1097/1097/1097 1094/1094/1094 1092/1092/1092
f 1027/1027/1027 1098/1098/1098 1093/1093/1093
f 1093/1093/1093 1098/1098/1098 1097/1097/1097
f 1085/1085/1085 1096/1096/1096 1099/1099/1099
f 1089/1089/1089 1085/1085/1085 1099/1099/1099
f 1094/1094/1094 1100/1100/1100 1095/1095/1095
f 1100/1100/1100 1094/1094/1094 1097/1097/1097
f 1101/1101/1101 1096/1096/1096 1095/1095/1095
f 1099/1099/1099 1096/1096/1096 1101/1101/1101
f 1095/1095/1095 1100/1100/1100 1101/1101/1101
f 1102/1102/1102 1098/1098/1098 1027/1027/1027
f 1025/1025/1025 1102/1102/1102 1027/1027/1027
f 1097/1097/1097 1098/1098/1098 1103/1103/1103
f 1103/1103/1103 1100/1100/1100 1097/1097/1097
f 1098/1098/1098 1102/1102/1102 1103/1103/1103
f 1104/1104/1104 1100/1100/1100 1103/1103/1103
f 1100/1100/1100 1104/1104/1104 1101/1101/1101
f 1103/1103/1103 1102/1102/1102 1105/1105/1105
f 1105/1105/1105 1104/1104/1104 1103/1103/1103
f 1025/1025/1025 1106/1106/1106 1102/1102/1102
f 1102/1102/1102 1106/1106/1106 1105/1105/1105
f 1104/1104/1104 1105/1105/1105 1107/1107/1107
f 1105/1105/1105 1106/1106/1106 1107/1107/1107
f 1108/1108/1108 1106/1106/1106 1025/1025/1025
f 1106/1106/1106 1108/1108/1108 1107/1107/1107
f 1023/1023/1023 1108/1108/1108 1025/1025/1025
f 1101/1101/1101 1104/1104/1104 1109/1109/1109
f 1109/1109/1109 1104/1104/1104 1107/1107/1107
f 1107/1107/1107 1108/1108/1108 1110/1110/1110
f 1109/1109/1109 1107/1107/1107 1110/1110/1110
f 1023/1023/1023 1111/1111/1111 1108/1108/1108
f 1108/1108/1108 1111/1111/1111 1110/1110/1110
f 1112/1112/1112 1101/1101/1101 1109/1109/1109
f 1112/1112/1112 1099/1099/1099 1101/1101/1101
f 1113/1113/1113 1111/1111/1111 1023/1023/1023
f 1018/1018/1018 1113/1113/1113 1023/1023/1023
f 1114/1114/1114 1109/1109/1109 1110/1110/1110
f 1112/1112/1112 1109/1109/1109 1114/1114/1114
f 1110/1110/1110 1111/1111/1111 1115/1115/1115
f 1111/1111/1111 1113/1113/1113 1115/1115/1115
f 1114/1114/1114 1110/1110/1110 1115/1115/1115
f 1116/1116/1116 1099/1099/1099 1112/1112/1112
f 1089/1089/1089 1099/1099/1099 1116/1116/1116
f 1018/1018/1018 1117/1117/1117 1113/1113/1113
f 1020/1020/1020 1117/1117/1117 1018/1018/1018
f 1115/1115/1115 1113/1113/1113 1118/1118/1118
f 1113/1113/1113 1117/1117/1117 1118/1118/1118
f 1117/1117/1117 1020/1020/1020 1119/1119/1119
f 1118/1118/1118 1117/1117/1117 1119/1119/1119
f 1119/1119/1119 1020/1020/1020 1022/1022/1022
f 1120/1120/1120 1114/1114/1114 1115/1115/1115
f 1120/1120/1120 1115/1115/1115 1118/1118/1118
f 1121/1121/1121 1112/1112/1112 1114/1114/1114
f 1121/1121/1121 1116/1116/1116 1112/1112/1112
f 1121/1121/1121 1114/1114/1114 1120/1120/1120
f 1089/1089/1089 1116/1116/1116 1122/1122/1122
f 1122/1122/1122 1116/1116/1116 1121/1121/1121
f 1123/1123/1123 1119/1119/1119 1022/1022/1022
f 1124/1124/1124 1123/1123/1123 1022/1022/1022
f 1125/1125/1125 1118/1118/1118 1119/1119/1119
f 1125/1125/1125 1120/1120/1120 1118/1118/1118
f 1123/1123/1123 1125/1125/1125 1119/1119/1119
f 1126/1126/1126 1121/1121/1121 1120/1120/1120
f 1126/1126/1126 1120/1120/1120 1125/1125/1125
f 1126/1126/1126 1122/1122/1122 1121/1121/1121
f 1127/1127/1127 1089/1089/1089 1122/1122/1122
f 1127/1127/1127 1084/1084/1084 1089/1089/1089
f 4/4/4 1084/1084/1084 1127/1127/1127
f 1128/1128/1128 4/4/4 1127/1127/1127
f 1129/1129/1129 1123/1123/1123 1124/1124/1124
f 1130/1130/1130 1129/1129/1129 1124/1124/1124
f 1130/1130/1130 1131/1131/1131 1129/1129/1129
f 1132/1132/1132 1125/1125/1125 1123/1123/1123
f 1132/1132/1132 1126/1126/1126 1125/1125/1125
f 1129/1129/1129 1132/1132/1132 1123/1123/1123
f 1133/1133/1133 1122/1122/1122 1126/1126/1126
f 1127/1127/1127 1122/1122/1122 1133/1133/1133
f 1132/1132/1132 1133/1133/1133 1126/1126/1126
f 1128/1128/1128 1134/1134/1134 1131/1131/1131
f 1131/1131/1131 1134/1134/1134 1129/1129/1129
f 1128/1128/1128 1127/1127/1127 1134/1134/1134
f 1127/1127/1127 1133/1133/1133 1134/1134/1134
f 1134/1134/1134 1133/1133/1133 1132/1132/1132
f 1129/1129/1129 1134/1134/1134 1132/1132/1132
f 1137/1137/1137 1136/1136/1136 1135/1135/1135
f 1138/1138/1138 1135/1135/1135 1136/1136/1136
f 1139/1139/1139 1135/1135/1135 1138/1138/1138
f 1138/1138/1138 1136/1136/1136 1140/1140/1140
f 1136/1136/1136 1141/1141/1141 1140/1140/1140
f 1138/1138/1138 1142/1142/1142 1139/1139/1139
f 1139/1139/1139 1142/1142/1142 1143/1143/1143
f 1140/1140/1140 1144/1144/1144 1138/1138/1138
f 1140/1140/1140 1141/1141/1141 1144/1144/1144
f 1138/1138/1138 1144/1144/1144 1142/1142/1142
f 1142/1142/1142 1145/1145/1145 1143/1143/1143
f 1145/1145/1145 1146/1146/1146 1143/1143/1143
f 1144/1144/1144 1147/1147/1147 1142/1142/1142
f 1142/1142/1142 1147/1147/1147 1145/1145/1145
f 1145/1145/1145 1148/1148/1148 1146/1146/1146
f 1148/1148/1148 1149/1149/1149 1146/1146/1146
f 1144/1144/1144 1141/1141/1141 1150/1150/1150
f 1144/1144/1144 1150/1150/1150 1147/1147/1147
f 1147/1147/1147 1151/1151/1151 1145/1145/1145
f 1145/1145/1145 1151/1151/1151 1148/1148/1148
f 1148/1148/1148 1152/1152/1152 1149/1149/1149
f 1152/1152/1152 1153/1153/1153 1149/1149/1149
f 1153/1153/1153 1152/1152/1152 1154/1154/1154
f 1152/1152/1152 1155/1155/1155 1154/1154/1154
f 1152/1152/1152 1156/1156/1156 1155/1155/1155
f 1156/1156/1156 1157/1157/1157 1155/1155/1155
f 1156/1156/1156 1158/1158/1158 1157/1157/1157
f 1158/1158/1158 1159/1159/1159 1157/1157/1157
f 1160/1160/1160 1159/1159/1159 1158/1158/1158
f 1148/1148/1148 1161/1161/1161 1152/1152/1152
f 1151/1151/1151 1161/1161/1161 1148/1148/1148
f 1152/1152/1152 1161/1161/1161 1156/1156/1156
f 1162/1162/1162 1151/1151/1151 1147/1147/1147
f 1151/1151/1151 1162/1162/1162 1161/1161/1161
f 1150/1150/1150 1162/1162/1162 1147/1147/1147
f 1163/1163/1163 1160/1160/1160 1158/1158/1158
f 1163/1163/1163 1164/1164/1164 1160/1160/1160
f 1165/1165/1165 1164/1164/1164 1163/1163/1163
f 1165/1165/1165 1163/1163/1163 1158/1158/1158
f 1165/1165/1165 1166/1166/1166 1164/1164/1164
f 1165/1165/1165 1167/1167/1167 1166/1166/1166
f 1167/1167/1167 1168/1168/1168 1166/1166/1166
f 1169/1169/1169 1165/1165/1165 1158/1158/1158
f 1169/1169/1169 1167/1167/1167 1165/1165/1165
f 1168/1168/1168 1167/1167/1167 1170/1170/1170
f 1171/1171/1171 1168/1168/1168 1170/1170/1170
f 1171/1171/1171 1170/1170/1170 1172/1172/1172
f 1150/1150/1150 1173/1173/1173 1162/1162/1162
f 1150/1150/1150 1141/1141/1141 1173/1173/1173
f 1158/1158/1158 1174/1174/1174 1169/1169/1169
f 1174/1174/1174 1158/1158/1158 1156/1156/1156
f 1169/1169/1169 1175/1175/1175 1167/1167/1167
f 1167/1167/1167 1175/1175/1175 1170/1170/1170
f 1170/1170/1170 1176/1176/1176 1172/1172/1172
f 1172/1172/1172 1176/1176/1176 1177/1177/1177
f 1178/1178/1178 1141/1141/1141 1177/1177/1177
f 1176/1176/1176 1178/1178/1178 1177/1177/1177
f 1179/1179/1179 1176/1176/1176 1170/1170/1170
f 1175/1175/1175 1179/1179/1179 1170/1170/1170
f 1178/1178/1178 1176/1176/1176 1179/1179/1179
f 1175/1175/1175 1169/1169/1169 1180/1180/1180
f 1180/1180/1180 1169/1169/1169 1174/1174/1174
f 1180/1180/1180 1179/1179/1179 1175/1175/1175
f 1156/1156/1156 1181/1181/1181 1174/1174/1174
f 1174/1174/1174 1181/1181/1181 1180/1180/1180
f 1182/1182/1182 1141/1141/1141 1178/1178/1178
f 1173/1173/1173 1141/1141/1141 1182/1182/1182
f 1183/1183/1183 1179/1179/1179 1180/1180/1180
f 1180/1180/1180 1181/1181/1181 1183/1183/1183
f 1182/1182/1182 1183/1183/1183 1173/1173/1173
f 1184/1184/1184 1182/1182/1182 1178/1178/1178
f 1184/1184/1184 1178/1178/1178 1179/1179/1179
f 1183/1183/1183 1184/1184/1184 1179/1179/1179
f 1183/1183/1183 1182/1182/1182 1184/1184/1184
f 1183/1183/1183 1185/1185/1185 1173/1173/1173
f 1181/1181/1181 1185/1185/1185 1183/1183/1183
f 1173/1173/1173 1185/1185/1185 1162/1162/1162
f 1186/1186/1186 1181/1181/1181 1156/1156/1156
f 1181/1181/1181 1186/1186/1186 1185/1185/1185
f 1186/1186/1186 1162/1162/1162 1185/1185/1185
f 1186/1186/1186 1156/1156/1156 1161/1161/1161
f 1162/1162/1162 1186/1186/1186 1161/1161/1161
f 1189/1189/1189 1188/1188/1188 1187/1187/1187
f 1187/1187/1187 1190/1190/1190 1189/1189/1189
f 1187/1187/1187 1191/1191/1191 1190/1190/1190
f 1189/1189/1189 1190/1190/1190 1192/1192/1192
f 1192/1192/1192 1193/1193/1193 1189/1189/1189
f 1194/1194/1194 1190/1190/1190 1191/1191/1191
f 1194/1194/1194 1191/1191/1191 1195/1195/1195
f 1192/1192/1192 1190/1190/1190 1196/1196/1196
f 1196/1196/1196 1193/1193/1193 1192/1192/1192
f 1196/1196/1196 1190/1190/1190 1194/1194/1194
f 1197/1197/1197 1194/1194/1194 1195/1195/1195
f 1198/1198/1198 1197/1197/1197 1195/1195/1195
f 1199/1199/1199 1196/1196/1196 1194/1194/1194
f 1199/1199/1199 1194/1194/1194 1197/1197/1197
f 1200/1200/1200 1197/1197/1197 1198/1198/1198
f 1201/1201/1201 1200/1200/1200 1198/1198/1198
f 1202/1202/1202 1193/1193/1193 1196/1196/1196
f 1202/1202/1202 1196/1196/1196 1199/1199/1199
f 1203/1203/1203 1199/1199/1199 1197/1197/1197
f 1203/1203/1203 1197/1197/1197 1200/1200/1200
f 1204/1204/1204 1200/1200/1200 1201/1201/1201
f 1205/1205/1205 1204/1204/1204 1201/1201/1201
f 1204/1204/1204 1205/1205/1205 1206/1206/1206
f 1207/1207/1207 1204/1204/1204 1206/1206/1206
f 1208/1208/1208 1204/1204/1204 1207/1207/1207
f 1209/1209/1209 1208/1208/1208 1207/1207/1207
f 1210/1210/1210 1208/1208/1208 1209/1209/1209
f 1211/1211/1211 1210/1210/1210 1209/1209/1209
f 1211/1211/1211 1212/1212/1212 1210/1210/1210
f 1213/1213/1213 1200/1200/1200 1204/1204/1204
f 1213/1213/1213 1203/1203/1203 1200/1200/1200
f 1213/1213/1213 1204/1204/1204 1208/1208/1208
f 1199/1199/1199 1203/1203/1203 1214/1214/1214
f 1214/1214/1214 1203/1203/1203 1213/1213/1213
f 1202/1202/1202 1199/1199/1199 1214/1214/1214
f 1212/1212/1212 1215/1215/1215 1210/1210/1210
f 1216/1216/1216 1215/1215/1215 1212/1212/1212
f 1216/1216/1216 1217/1217/1217 1215/1215/1215
f 1215/1215/1215 1217/1217/1217 1210/1210/1210
f 1218/1218/1218 1217/1217/1217 1216/1216/1216
f 1219/1219/1219 1217/1217/1217 1218/1218/1218
f 1220/1220/1220 1219/1219/1219 1218/1218/1218
f 1217/1217/1217 1221/1221/1221 1210/1210/1210
f 1219/1219/1219 1221/1221/1221 1217/1217/1217
f 1219/1219/1219 1220/1220/1220 1222/1222/1222
f 1220/1220/1220 1223/1223/1223 1222/1222/1222
f 1222/1222/1222 1223/1223/1223 1224/1224/1224
f 1225/1225/1225 1202/1202/1202 1214/1214/1214
f 1225/1225/1225 1193/1193/1193 1202/1202/1202
f 1226/1226/1226 1210/1210/1210 1221/1221/1221
f 1210/1210/1210 1226/1226/1226 1208/1208/1208
f 1227/1227/1227 1221/1221/1221 1219/1219/1219
f 1227/1227/1227 1219/1219/1219 1222/1222/1222
f 1228/1228/1228 1222/1222/1222 1224/1224/1224
f 1228/1228/1228 1224/1224/1224 1229/1229/1229
f 1229/1229/1229 1193/1193/1193 1230/1230/1230
f 1230/1230/1230 1228/1228/1228 1229/1229/1229
f 1228/1228/1228 1231/1231/1231 1222/1222/1222
f 1231/1231/1231 1227/1227/1227 1222/1222/1222
f 1231/1231/1231 1228/1228/1228 1230/1230/1230
f 1221/1221/1221 1227/1227/1227 1232/1232/1232
f 1221/1221/1221 1232/1232/1232 1226/1226/1226
f 1231/1231/1231 1232/1232/1232 1227/1227/1227
f 1233/1233/1233 1208/1208/1208 1226/1226/1226
f 1233/1233/1233 1226/1226/1226 1232/1232/1232
f 1230/1230/1230 1193/1193/1193 1234/1234/1234
f 1234/1234/1234 1193/1193/1193 1225/1225/1225
f 1231/1231/1231 1235/1235/1235 1232/1232/1232
f 1233/1233/1233 1232/1232/1232 1235/1235/1235
f 1234/1234/1234 1225/1225/1225 1235/1235/1235
f 1234/1234/1234 1236/1236/1236 1230/1230/1230
f 1236/1236/1236 1231/1231/1231 1230/1230/1230
f 1236/1236/1236 1235/1235/1235 1231/1231/1231
f 1234/1234/1234 1235/1235/1235 1236/1236/1236
f 1225/1225/1225 1237/1237/1237 1235/1235/1235
f 1237/1237/1237 1233/1233/1233 1235/1235/1235
f 1237/1237/1237 1225/1225/1225 1214/1214/1214
f 1233/1233/1233 1238/1238/1238 1208/1208/1208
f 1238/1238/1238 1233/1233/1233 1237/1237/1237
f 1214/1214/1214 1238/1238/1238 1237/1237/1237
f 1208/1208/1208 1238/1238/1238 1213/1213/1213
f 1238/1238/1238 1214/1214/1214 1213/1213/1213
f 1241/1241/1241 1240/1240/1240 1239/1239/1239
f 1242/1242/1242 1241/1241/1241 1239/1239/1239
f 1243/1243/1243 1241/1241/1241 1242/1242/1242
f 1242/1242/1242 1239/1239/1239 1244/1244/1244
f 1245/1245/1245 1243/1243/1243 1242/1242/1242
f 1246/1246/1246 1242/1242/1242 1244/1244/1244
f 1246/1246/1246 1244/1244/1244 1247/1247/1247
f 1248/1248/1248 1245/1245/1245 1242/1242/1242
f 1248/1248/1248 1249/1249/1249 1245/1245/1245
f 1249/1249/1249 1248/1248/1248 1250/1250/1250
f 1250/1250/1250 1251/1251/1251 1249/1249/1249
f 1251/1251/1251 1250/1250/1250 1252/1252/1252
f 1248/1248/1248 1242/1242/1242 1253/1253/1253
f 1242/1242/1242 1246/1246/1246 1253/1253/1253
f 1248/1248/1248 1253/1253/1253 1250/1250/1250
f 1254/1254/1254 1246/1246/1246 1247/1247/1247
f 1253/1253/1253 1246/1246/1246 1254/1254/1254
f 1247/1247/1247 1255/1255/1255 1254/1254/1254
f 1256/1256/1256 1253/1253/1253 1254/1254/1254
f 1253/1253/1253 1256/1256/1256 1250/1250/1250
f 1255/1255/1255 1257/1257/1257 1254/1254/1254
f 1254/1254/1254 1257/1257/1257 1256/1256/1256
f 1257/1257/1257 1255/1255/1255 1258/1258/1258
f 1259/1259/1259 1257/1257/1257 1258/1258/1258
f 1258/1258/1258 1260/1260/1260 1259/1259/1259
f 1257/1257/1257 1261/1261/1261 1256/1256/1256
f 1261/1261/1261 1257/1257/1257 1259/1259/1259
f 1256/1256/1256 1262/1262/1262 1250/1250/1250
f 1262/1262/1262 1256/1256/1256 1261/1261/1261
f 1260/1260/1260 1263/1263/1263 1259/1259/1259
f 1263/1263/1263 1260/1260/1260 1264/1264/1264
f 1250/1250/1250 1262/1262/1262 1265/1265/1265
f 1250/1250/1250 1265/1265/1265 1252/1252/1252
f 1266/1266/1266 1261/1261/1261 1259/1259/1259
f 1266/1266/1266 1259/1259/1259 1263/1263/1263
f 1266/1266/1266 1267/1267/1267 1261/1261/1261
f 1268/1268/1268 1266/1266/1266 1263/1263/1263
f 1269/1269/1269 1263/1263/1263 1264/1264/1264
f 1268/1268/1268 1263/1263/1263 1269/1269/1269
f 1269/1269/1269 1264/1264/1264 1270/1270/1270
f 1271/1271/1271 1268/1268/1268 1269/1269/1269
f 1272/1272/1272 1261/1261/1261 1267/1267/1267
f 1272/1272/1272 1262/1262/1262 1261/1261/1261
f 1273/1273/1273 1272/1272/1272 1267/1267/1267
f 1273/1273/1273 1274/1274/1274 1272/1272/1272
f 1273/1273/1273 1275/1275/1275 1274/1274/1274
f 1276/1276/1276 1269/1269/1269 1270/1270/1270
f 1271/1271/1271 1269/1269/1269 1276/1276/1276
f 1276/1276/1276 1270/1270/1270 1277/1277/1277
f 1278/1278/1278 1271/1271/1271 1276/1276/1276
f 1279/1279/1279 1276/1276/1276 1277/1277/1277
f 1278/1278/1278 1276/1276/1276 1280/1280/1280
f 1276/1276/1276 1279/1279/1279 1280/1280/1280
f 1281/1281/1281 1280/1280/1280 1279/1279/1279
f 1282/1282/1282 1262/1262/1262 1272/1272/1272
f 1262/1262/1262 1282/1282/1282 1265/1265/1265
f 1272/1272/1272 1274/1274/1274 1283/1283/1283
f 1283/1283/1283 1282/1282/1282 1272/1272/1272
f 1283/1283/1283 1274/1274/1274 1284/1284/1284
f 1283/1283/1283 1284/1284/1284 1282/1282/1282
f 1285/1285/1285 1265/1265/1265 1282/1282/1282
f 1284/1284/1284 1286/1286/1286 1282/1282/1282
f 1286/1286/1286 1285/1285/1285 1282/1282/1282
f 1265/1265/1265 1285/1285/1285 1287/1287/1287
f 1252/1252/1252 1265/1265/1265 1287/1287/1287
f 1287/1287/1287 1288/1288/1288 1252/1252/1252
f 1288/1288/1288 1287/1287/1287 1289/1289/1289
f 1289/1289/1289 1287/1287/1287 1285/1285/1285
f 1290/1290/1290 1288/1288/1288 1289/1289/1289
f 1286/1286/1286 1291/1291/1291 1285/1285/1285
f 1284/1284/1284 1292/1292/1292 1286/1286/1286
f 1292/1292/1292 1291/1291/1291 1286/1286/1286
f 1293/1293/1293 1289/1289/1289 1285/1285/1285
f 1291/1291/1291 1293/1293/1293 1285/1285/1285
f 1289/1289/1289 1294/1294/1294 1290/1290/1290
f 1293/1293/1293 1295/1295/1295 1289/1289/1289
f 1295/1295/1295 1294/1294/1294 1289/1289/1289
f 1290/1290/1290 1294/1294/1294 1296/1296/1296
f 1296/1296/1296 1297/1297/1297 1290/1290/1290
f 1294/1294/1294 1298/1298/1298 1296/1296/1296
f 1294/1294/1294 1295/1295/1295 1298/1298/1298
f 1295/1295/1295 1299/1299/1299 1298/1298/1298
f 1291/1291/1291 1300/1300/1300 1293/1293/1293
f 1300/1300/1300 1295/1295/1295 1293/1293/1293
f 1299/1299/1299 1295/1295/1295 1301/1301/1301
f 1295/1295/1295 1300/1300/1300 1301/1301/1301
f 1302/1302/1302 1299/1299/1299 1301/1301/1301
f 1303/1303/1303 1300/1300/1300 1291/1291/1291
f 1292/1292/1292 1303/1303/1303 1291/1291/1291
f 1301/1301/1301 1304/1304/1304 1302/1302/1302
f 1304/1304/1304 1305/1305/1305 1302/1302/1302
f 1301/1301/1301 1300/1300/1300 1306/1306/1306
f 1306/1306/1306 1304/1304/1304 1301/1301/1301
f 1300/1300/1300 1303/1303/1303 1306/1306/1306
f 1307/1307/1307 1304/1304/1304 1306/1306/1306
f 1308/1308/1308 1304/1304/1304 1307/1307/1307
f 1306/1306/1306 1303/1303/1303 1309/1309/1309
f 1307/1307/1307 1306/1306/1306 1309/1309/1309
f 1307/1307/1307 1310/1310/1310 1308/1308/1308
f 1308/1308/1308 1310/1310/1310 1311/1311/1311
f 1311/1311/1311 1310/1310/1310 1312/1312/1312
f 1310/1310/1310 1313/1313/1313 1312/1312/1312
f 1314/1314/1314 1310/1310/1310 1307/1307/1307
f 1313/1313/1313 1310/1310/1310 1314/1314/1314
f 1307/1307/1307 1309/1309/1309 1314/1314/1314
f 1315/1315/1315 1313/1313/1313 1314/1314/1314
f 1316/1316/1316 1315/1315/1315 1314/1314/1314
f 1317/1317/1317 1316/1316/1316 1314/1314/1314
f 1309/1309/1309 1317/1317/1317 1314/1314/1314
f 1318/1318/1318 1316/1316/1316 1317/1317/1317
f 1319/1319/1319 1309/1309/1309 1303/1303/1303
f 1319/1319/1319 1317/1317/1317 1309/1309/1309
f 1320/1320/1320 1318/1318/1318 1317/1317/1317
f 1320/1320/1320 1317/1317/1317 1319/1319/1319
f 1321/1321/1321 1319/1319/1319 1303/1303/1303
f 1321/1321/1321 1303/1303/1303 1292/1292/1292
f 1318/1318/1318 1320/1320/1320 1322/1322/1322
f 1323/1323/1323 1318/1318/1318 1322/1322/1322
f 1324/1324/1324 1320/1320/1320 1319/1319/1319
f 1319/1319/1319 1321/1321/1321 1324/1324/1324
f 1320/1320/1320 1324/1324/1324 1322/1322/1322
f 1325/1325/1325 1321/1321/1321 1292/1292/1292
f 1325/1325/1325 1292/1292/1292 1284/1284/1284
f 1323/1323/1323 1322/1322/1322 1326/1326/1326
f 1327/1327/1327 1323/1323/1323 1326/1326/1326
f 1326/1326/1326 1322/1322/1322 1328/1328/1328
f 1328/1328/1328 1329/1329/1329 1326/1326/1326
f 1329/1329/1329 1328/1328/1328 1330/1330/1330
f 1330/1330/1330 1328/1328/1328 1331/1331/1331
f 1332/1332/1332 1330/1330/1330 1331/1331/1331
f 1333/1333/1333 1332/1332/1332 1331/1331/1331
f 1333/1333/1333 1331/1331/1331 1334/1334/1334
f 1334/1334/1334 1331/1331/1331 1335/1335/1335
f 1336/1336/1336 1334/1334/1334 1335/1335/1335
f 1328/1328/1328 1322/1322/1322 1337/1337/1337
f 1328/1328/1328 1337/1337/1337 1331/1331/1331
f 1324/1324/1324 1337/1337/1337 1322/1322/1322
f 1331/1331/1331 1337/1337/1337 1338/1338/1338
f 1338/1338/1338 1337/1337/1337 1324/1324/1324
f 1335/1335/1335 1331/1331/1331 1338/1338/1338
f 1339/1339/1339 1338/1338/1338 1324/1324/1324
f 1338/1338/1338 1339/1339/1339 1335/1335/1335
f 1321/1321/1321 1339/1339/1339 1324/1324/1324
f 1325/1325/1325 1339/1339/1339 1321/1321/1321
f 1340/1340/1340 1339/1339/1339 1325/1325/1325
f 1335/1335/1335 1339/1339/1339 1340/1340/1340
f 1335/1335/1335 1340/1340/1340 1341/1341/1341
f 1342/1342/1342 1336/1336/1336 1335/1335/1335
f 1342/1342/1342 1335/1335/1335 1341/1341/1341
f 1342/1342/1342 1343/1343/1343 1336/1336/1336
f 1343/1343/1343 1342/1342/1342 1341/1341/1341
f 1343/1343/1343 1344/1344/1344 1336/1336/1336
f 1344/1344/1344 1343/1343/1343 1345/1345/1345
f 1346/1346/1346 1344/1344/1344 1345/1345/1345
f 1346/1346/1346 1345/1345/1345 1347/1347/1347
f 1340/1340/1340 1325/1325/1325 1348/1348/1348
f 1348/1348/1348 1325/1325/1325 1284/1284/1284
f 1274/1274/1274 1348/1348/1348 1284/1284/1284
f 1340/1340/1340 1348/1348/1348 1274/1274/1274
f 1349/1349/1349 1340/1340/1340 1274/1274/1274
f 1341/1341/1341 1340/1340/1340 1349/1349/1349
f 1274/1274/1274 1275/1275/1275 1349/1349/1349
f 1349/1349/1349 1275/1275/1275 1350/1350/1350
f 1351/1351/1351 1349/1349/1349 1350/1350/1350
f 1351/1351/1351 1341/1341/1341 1349/1349/1349
f 1352/1352/1352 1351/1351/1351 1350/1350/1350
f 1353/1353/1353 1351/1351/1351 1352/1352/1352
f 1351/1351/1351 1353/1353/1353 1341/1341/1341
f 1354/1354/1354 1353/1353/1353 1352/1352/1352
f 1345/1345/1345 1355/1355/1355 1347/1347/1347
f 1347/1347/1347 1355/1355/1355 1356/1356/1356
f 1353/1353/1353 1357/1357/1357 1341/1341/1341
f 1357/1357/1357 1343/1343/1343 1341/1341/1341
f 1343/1343/1343 1357/1357/1357 1345/1345/1345
f 1358/1358/1358 1353/1353/1353 1354/1354/1354
f 1359/1359/1359 1358/1358/1358 1354/1354/1354
f 1357/1357/1357 1353/1353/1353 1360/1360/1360
f 1357/1357/1357 1360/1360/1360 1345/1345/1345
f 1353/1353/1353 1358/1358/1358 1360/1360/1360
f 1360/1360/1360 1361/1361/1361 1345/1345/1345
f 1360/1360/1360 1358/1358/1358 1361/1361/1361
f 1361/1361/1361 1355/1355/1355 1345/1345/1345
f 1362/1362/1362 1358/1358/1358 1359/1359/1359
f 1358/1358/1358 1362/1362/1362 1361/1361/1361
f 1363/1363/1363 1362/1362/1362 1359/1359/1359
f 1361/1361/1361 1362/1362/1362 1364/1364/1364
f 1362/1362/1362 1363/1363/1363 1364/1364/1364
f 1355/1355/1355 1361/1361/1361 1365/1365/1365
f 1365/1365/1365 1361/1361/1361 1364/1364/1364
f 1363/1363/1363 1366/1366/1366 1364/1364/1364
f 1363/1363/1363 1367/1367/1367 1366/1366/1366
f 1368/1368/1368 1366/1366/1366 1367/1367/1367
f 1366/1366/1366 1368/1368/1368 1369/1369/1369
f 1366/1366/1366 1369/1369/1369 1370/1370/1370
f 1364/1364/1364 1366/1366/1366 1370/1370/1370
f 1365/1365/1365 1364/1364/1364 1370/1370/1370
f 1371/1371/1371 1365/1365/1365 1370/1370/1370
f 1372/1372/1372 1355/1355/1355 1365/1365/1365
f 1372/1372/1372 1365/1365/1365 1371/1371/1371
f 1355/1355/1355 1372/1372/1372 1356/1356/1356
f 1373/1373/1373 1372/1372/1372 1371/1371/1371
f 1372/1372/1372 1373/1373/1373 1356/1356/1356
f 1373/1373/1373 1374/1374/1374 1356/1356/1356
f 1377/1377/1377 1376/1376/1376 1375/1375/1375
f 1376/1376/1376 1378/1378/1378 1375/1375/1375
f 1375/1375/1375 1378/1378/1378 1379/1379/1379
f 1382/1382/1382 1381/1381/1381 1380/1380/1380
f 1383/1383/1383 1382/1382/1382 1380/1380/1380
f 1384/1384/1384 1382/1382/1382 1383/1383/1383
f 1383/1383/1383 1380/1380/1380 1385/1385/1385
f 1386/1386/1386 1383/1383/1383 1385/1385/1385
f 1387/1387/1387 1384/1384/1384 1383/1383/1383
f 1387/1387/1387 1383/1383/1383 1386/1386/1386
f 1388/1388/1388 1384/1384/1384 1387/1387/1387
f 1389/1389/1389 1388/1388/1388 1387/1387/1387
f 1390/1390/1390 1387/1387/1387 1386/1386/1386
f 1387/1387/1387 1390/1390/1390 1389/1389/1389
f 1390/1390/1390 1386/1386/1386 1391/1391/1391
f 1392/1392/1392 1390/1390/1390 1391/1391/1391
f 1388/1388/1388 1389/1389/1389 1393/1393/1393
f 1394/1394/1394 1388/1388/1388 1393/1393/1393
f 1390/1390/1390 1395/1395/1395 1389/1389/1389
f 1390/1390/1390 1392/1392/1392 1395/1395/1395
f 1393/1393/1393 1389/1389/1389 1395/1395/1395
f 1394/1394/1394 1393/1393/1393 1396/1396/1396
f 1397/1397/1397 1394/1394/1394 1396/1396/1396
f 1398/1398/1398 1396/1396/1396 1393/1393/1393
f 1399/1399/1399 1398/1398/1398 1393/1393/1393
f 1399/1399/1399 1393/1393/1393 1395/1395/1395
f 1400/1400/1400 1398/1398/1398 1399/1399/1399
f 1395/1395/1395 1401/1401/1401 1399/1399/1399
f 1392/1392/1392 1401/1401/1401 1395/1395/1395
f 1402/1402/1402 1400/1400/1400 1399/1399/1399
f 1401/1401/1401 1402/1402/1402 1399/1399/1399
f 1403/1403/1403 1400/1400/1400 1402/1402/1402
f 1404/1404/1404 1403/1403/1403 1402/1402/1402
f 1405/1405/1405 1403/1403/1403 1404/1404/1404
f 1402/1402/1402 1401/1401/1401 1406/1406/1406
f 1406/1406/1406 1404/1404/1404 1402/1402/1402
f 1392/1392/1392 1407/1407/1407 1401/1401/1401
f 1407/1407/1407 1406/1406/1406 1401/1401/1401
f 1407/1407/1407 1392/1392/1392 1408/1408/1408
f 1392/1392/1392 1391/1391/1391 1408/1408/1408
f 1409/1409/1409 1405/1405/1405 1404/1404/1404
f 1410/1410/1410 1404/1404/1404 1406/1406/1406
f 1404/1404/1404 1410/1410/1410 1409/1409/1409
f 1406/1406/1406 1407/1407/1407 1411/1411/1411
f 1410/1410/1410 1406/1406/1406 1411/1411/1411
f 1409/1409/1409 1412/1412/1412 1405/1405/1405
f 1413/1413/1413 1405/1405/1405 1412/1412/1412
f 1410/1410/1410 1414/1414/1414 1409/1409/1409
f 1409/1409/1409 1414/1414/1414 1412/1412/1412
f 1410/1410/1410 1411/1411/1411 1414/1414/1414
f 1414/1414/1414 1415/1415/1415 1412/1412/1412
f 1414/1414/1414 1416/1416/1416 1415/1415/1415
f 1411/1411/1411 1416/1416/1416 1414/1414/1414
f 1416/1416/1416 1417/1417/1417 1415/1415/1415
f 1417/1417/1417 1416/1416/1416 1418/1418/1418
f 1416/1416/1416 1419/1419/1419 1418/1418/1418
f 1416/1416/1416 1411/1411/1411 1419/1419/1419
f 1418/1418/1418 1419/1419/1419 1420/1420/1420
f 1411/1411/1411 1407/1407/1407 1421/1421/1421
f 1411/1411/1411 1421/1421/1421 1419/1419/1419
f 1407/1407/1407 1408/1408/1408 1421/1421/1421
f 1421/1421/1421 1408/1408/1408 1422/1422/1422
f 1419/1419/1419 1423/1423/1423 1420/1420/1420
f 1419/1419/1419 1421/1421/1421 1423/1423/1423
f 1421/1421/1421 1422/1422/1422 1423/1423/1423
f 1420/1420/1420 1423/1423/1423 1424/1424/1424
f 1423/1423/1423 1425/1425/1425 1424/1424/1424
f 1423/1423/1423 1422/1422/1422 1425/1425/1425
f 1425/1425/1425 1426/1426/1426 1424/1424/1424
f 1426/1426/1426 1427/1427/1427 1424/1424/1424
f 1428/1428/1428 1426/1426/1426 1425/1425/1425
f 1429/1429/1429 1428/1428/1428 1425/1425/1425
f 1422/1422/1422 1429/1429/1429 1425/1425/1425
f 1422/1422/1422 1430/1430/1430 1429/1429/1429
f 1430/1430/1430 1431/1431/1431 1429/1429/1429
f 1408/1408/1408 1432/1432/1432 1422/1422/1422
f 1432/1432/1432 1408/1408/1408 1391/1391/1391
f 1432/1432/1432 1433/1433/1433 1422/1422/1422
f 1433/1433/1433 1434/1434/1434 1422/1422/1422
f 1435/1435/1435 1433/1433/1433 1432/1432/1432
f 1436/1436/1436 1435/1435/1435 1432/1432/1432
f 1436/1436/1436 1432/1432/1432 1391/1391/1391
f 1391/1391/1391 1437/1437/1437 1436/1436/1436
f 1437/1437/1437 1438/1438/1438 1436/1436/1436
f 1439/1439/1439 1437/1437/1437 1391/1391/1391
f 1440/1440/1440 1439/1439/1439 1391/1391/1391
f 1441/1441/1441 1439/1439/1439 1440/1440/1440
f 1391/1391/1391 1386/1386/1386 1440/1440/1440
f 1442/1442/1442 1441/1441/1441 1440/1440/1440
f 1440/1440/1440 1386/1386/1386 1442/1442/1442
f 1443/1443/1443 1441/1441/1441 1442/1442/1442
f 1442/1442/1442 1386/1386/1386 1444/1444/1444
f 1444/1444/1444 1443/1443/1443 1442/1442/1442
f 1385/1385/1385 1444/1444/1444 1386/1386/1386
f 1445/1445/1445 1443/1443/1443 1444/1444/1444
f 1385/1385/1385 1445/1445/1445 1444/1444/1444
f 1446/1446/1446 1445/1445/1445 1385/1385/1385
f 1447/1447/1447 1445/1445/1445 1446/1446/1446
f 1450/1450/1450 1449/1449/1449 1448/1448/1448
f 1451/1451/1451 1450/1450/1450 1448/1448/1448
f 1450/1450/1450 1451/1451/1451 1452/1452/1452
f 1453/1453/1453 1452/1452/1452 1451/1451/1451
f 1454/1454/1454 1453/1453/1453 1451/1451/1451
f 1448/1448/1448 1455/1455/1455 1451/1451/1451
f 1456/1456/1456 1454/1454/1454 1451/1451/1451
f 1455/1455/1455 1457/1457/1457 1451/1451/1451
f 1451/1451/1451 1457/1457/1457 1456/1456/1456
f 1455/1455/1455 1458/1458/1458 1457/1457/1457
f 1458/1458/1458 1459/1459/1459 1457/1457/1457
f 1456/1456/1456 1457/1457/1457 1460/1460/1460
f 1457/1457/1457 1459/1459/1459 1460/1460/1460
f 1459/1459/1459 1458/1458/1458 1461/1461/1461
f 1458/1458/1458 1462/1462/1462 1461/1461/1461
f 1463/1463/1463 1461/1461/1461 1462/1462/1462
f 1463/1463/1463 1464/1464/1464 1461/1461/1461
f 1464/1464/1464 1465/1465/1465 1461/1461/1461
f 1459/1459/1459 1461/1461/1461 1465/1465/1465
f 1465/1465/1465 1464/1464/1464 1466/1466/1466
f 1459/1459/1459 1467/1467/1467 1460/1460/1460
f 1467/1467/1467 1459/1459/1459 1465/1465/1465
f 1468/1468/1468 1465/1465/1465 1466/1466/1466
f 1468/1468/1468 1466/1466/1466 1469/1469/1469
f 1465/1465/1465 1470/1470/1470 1467/1467/1467
f 1470/1470/1470 1465/1465/1465 1468/1468/1468
f 1460/1460/1460 1467/1467/1467 1471/1471/1471
f 1467/1467/1467 1470/1470/1470 1471/1471/1471
f 1472/1472/1472 1456/1456/1456 1460/1460/1460
f 1471/1471/1471 1472/1472/1472 1460/1460/1460
f 1473/1473/1473 1468/1468/1468 1469/1469/1469
f 1469/1469/1469 1474/1474/1474 1473/1473/1473
f 1475/1475/1475 1470/1470/1470 1468/1468/1468
f 1468/1468/1468 1473/1473/1473 1475/1475/1475
f 1473/1473/1473 1474/1474/1474 1476/1476/1476
f 1473/1473/1473 1476/1476/1476 1475/1475/1475
f 1474/1474/1474 1477/1477/1477 1476/1476/1476
f 1475/1475/1475 1478/1478/1478 1470/1470/1470
f 1478/1478/1478 1471/1471/1471 1470/1470/1470
f 1475/1475/1475 1476/1476/1476 1478/1478/1478
f 1476/1476/1476 1477/1477/1477 1479/1479/1479
f 1476/1476/1476 1479/1479/1479 1478/1478/1478
f 1477/1477/1477 1480/1480/1480 1479/1479/1479
f 1479/1479/1479 1480/1480/1480 1481/1481/1481
f 1479/1479/1479 1481/1481/1481 1478/1478/1478
f 1480/1480/1480 1482/1482/1482 1481/1481/1481
f 1482/1482/1482 1483/1483/1483 1481/1481/1481
f 1478/1478/1478 1484/1484/1484 1471/1471/1471
f 1481/1481/1481 1484/1484/1484 1478/1478/1478
f 1484/1484/1484 1472/1472/1472 1471/1471/1471
f 1483/1483/1483 1485/1485/1485 1481/1481/1481
f 1481/1481/1481 1485/1485/1485 1484/1484/1484
f 1483/1483/1483 1486/1486/1486 1485/1485/1485
f 1486/1486/1486 1487/1487/1487 1485/1485/1485
f 1485/1485/1485 1488/1488/1488 1484/1484/1484
f 1485/1485/1485 1487/1487/1487 1488/1488/1488
f 1484/1484/1484 1488/1488/1488 1472/1472/1472
f 1487/1487/1487 1489/1489/1489 1488/1488/1488
f 1488/1488/1488 1490/1490/1490 1472/1472/1472
f 1456/1456/1456 1472/1472/1472 1490/1490/1490
f 1491/1491/1491 1456/1456/1456 1490/1490/1490
f 1494/1494/1494 1493/1493/1493 1492/1492/1492
f 1493/1493/1493 1495/1495/1495 1492/1492/1492
f 1492/1492/1492 1495/1495/1495 1496/1496/1496
f 1495/1495/1495 1493/1493/1493 1497/1497/1497
f 1493/1493/1493 1498/1498/1498 1497/1497/1497
f 1495/1495/1495 1499/1499/1499 1496/1496/1496
f 1496/1496/1496 1499/1499/1499 1500/1500/1500
f 1499/1499/1499 1495/1495/1495 1501/1501/1501
f 1495/1495/1495 1497/1497/1497 1501/1501/1501
f 1499/1499/1499 1502/1502/1502 1500/1500/1500
f 1499/1499/1499 1501/1501/1501 1502/1502/1502
f 1500/1500/1500 1502/1502/1502 1503/1503/1503
f 1497/1497/1497 1498/1498/1498 1504/1504/1504
f 1498/1498/1498 1505/1505/1505 1504/1504/1504
f 1505/1505/1505 1506/1506/1506 1504/1504/1504
f 1501/1501/1501 1497/1497/1497 1507/1507/1507
f 1497/1497/1497 1504/1504/1504 1507/1507/1507
f 1502/1502/1502 1508/1508/1508 1503/1503/1503
f 1509/1509/1509 1503/1503/1503 1508/1508/1508
f 1501/1501/1501 1510/1510/1510 1502/1502/1502
f 1501/1501/1501 1507/1507/1507 1510/1510/1510
f 1502/1502/1502 1510/1510/1510 1508/1508/1508
f 1511/1511/1511 1509/1509/1509 1508/1508/1508
f 1512/1512/1512 1509/1509/1509 1511/1511/1511
f 1506/1506/1506 1513/1513/1513 1504/1504/1504
f 1513/1513/1513 1506/1506/1506 1514/1514/1514
f 1510/1510/1510 1515/1515/1515 1508/1508/1508
f 1515/1515/1515 1516/1516/1516 1508/1508/1508
f 1504/1504/1504 1513/1513/1513 1517/1517/1517
f 1507/1507/1507 1504/1504/1504 1517/1517/1517
f 1518/1518/1518 1513/1513/1513 1514/1514/1514
f 1517/1517/1517 1513/1513/1513 1518/1518/1518
f 1518/1518/1518 1514/1514/1514 1519/1519/1519
f 1520/1520/1520 1518/1518/1518 1519/1519/1519
f 1521/1521/1521 1518/1518/1518 1520/1520/1520
f 1521/1521/1521 1517/1517/1517 1518/1518/1518
f 1522/1522/1522 1521/1521/1521 1520/1520/1520
f 1507/1507/1507 1523/1523/1523 1510/1510/1510
f 1510/1510/1510 1523/1523/1523 1515/1515/1515
f 1517/1517/1517 1524/1524/1524 1507/1507/1507
f 1517/1517/1517 1521/1521/1521 1524/1524/1524
f 1524/1524/1524 1523/1523/1523 1507/1507/1507
f 1524/1524/1524 1525/1525/1525 1523/1523/1523
f 1525/1525/1525 1526/1526/1526 1523/1523/1523
f 1523/1523/1523 1526/1526/1526 1515/1515/1515
f 1527/1527/1527 1526/1526/1526 1525/1525/1525
f 1528/1528/1528 1521/1521/1521 1522/1522/1522
f 1521/1521/1521 1528/1528/1528 1524/1524/1524
f 1524/1524/1524 1528/1528/1528 1525/1525/1525
f 1529/1529/1529 1528/1528/1528 1522/1522/1522
f 1530/1530/1530 1528/1528/1528 1529/1529/1529
f 1528/1528/1528 1530/1530/1530 1525/1525/1525
f 1531/1531/1531 1530/1530/1530 1529/1529/1529
f 1532/1532/1532 1530/1530/1530 1531/1531/1531
f 1532/1532/1532 1533/1533/1533 1530/1530/1530
f 1530/1530/1530 1533/1533/1533 1525/1525/1525
f 1532/1532/1532 1534/1534/1534 1533/1533/1533
f 1535/1535/1535 1515/1515/1515 1526/1526/1526
f 1516/1516/1516 1515/1515/1515 1535/1535/1535
f 1536/1536/1536 1516/1516/1516 1535/1535/1535
f 1534/1534/1534 1537/1537/1537 1533/1533/1533
f 1537/1537/1537 1534/1534/1534 1538/1538/1538
f 1533/1533/1533 1539/1539/1539 1525/1525/1525
f 1533/1533/1533 1537/1537/1537 1539/1539/1539
f 1535/1535/1535 1526/1526/1526 1540/1540/1540
f 1540/1540/1540 1526/1526/1526 1527/1527/1527
f 1541/1541/1541 1536/1536/1536 1535/1535/1535
f 1535/1535/1535 1540/1540/1540 1541/1541/1541
f 1542/1542/1542 1536/1536/1536 1541/1541/1541
f 1543/1543/1543 1542/1542/1542 1541/1541/1541
f 1544/1544/1544 1542/1542/1542 1543/1543/1543
f 1545/1545/1545 1537/1537/1537 1538/1538/1538
f 1545/1545/1545 1538/1538/1538 1546/1546/1546
f 1547/1547/1547 1545/1545/1545 1546/1546/1546
f 1548/1548/1548 1547/1547/1547 1546/1546/1546
f 1537/1537/1537 1545/1545/1545 1549/1549/1549
f 1545/1545/1545 1547/1547/1547 1549/1549/1549
f 1550/1550/1550 1547/1547/1547 1548/1548/1548
f 1547/1547/1547 1550/1550/1550 1549/1549/1549
f 1548/1548/1548 1551/1551/1551 1550/1550/1550
f 1550/1550/1550 1551/1551/1551 1552/1552/1552
f 1549/1549/1549 1550/1550/1550 1552/1552/1552
f 1553/1553/1553 1537/1537/1537 1549/1549/1549
f 1549/1549/1549 1552/1552/1552 1553/1553/1553
f 1552/1552/1552 1554/1554/1554 1553/1553/1553
f 1554/1554/1554 1555/1555/1555 1553/1553/1553
f 1537/1537/1537 1553/1553/1553 1539/1539/1539
f 1555/1555/1555 1539/1539/1539 1553/1553/1553
f 1539/1539/1539 1555/1555/1555 1556/1556/1556
f 1557/1557/1557 1539/1539/1539 1556/1556/1556
f 1557/1557/1557 1556/1556/1556 1558/1558/1558
f 1525/1525/1525 1539/1539/1539 1557/1557/1557
f 1556/1556/1556 1559/1559/1559 1558/1558/1558
f 1557/1557/1557 1527/1527/1527 1525/1525/1525
f 1557/1557/1557 1558/1558/1558 1527/1527/1527
f 1558/1558/1558 1559/1559/1559 1560/1560/1560
f 1561/1561/1561 1558/1558/1558 1560/1560/1560
f 1562/1562/1562 1561/1561/1561 1560/1560/1560
f 1563/1563/1563 1562/1562/1562 1560/1560/1560
f 1564/1564/1564 1562/1562/1562 1563/1563/1563
f 1565/1565/1565 1562/1562/1562 1564/1564/1564
f 1561/1561/1561 1562/1562/1562 1565/1565/1565
f 1564/1564/1564 1566/1566/1566 1565/1565/1565
f 1565/1565/1565 1566/1566/1566 1567/1567/1567
f 1568/1568/1568 1561/1561/1561 1565/1565/1565
f 1558/1558/1558 1561/1561/1561 1568/1568/1568
f 1568/1568/1568 1565/1565/1565 1567/1567/1567
f 1569/1569/1569 1558/1558/1558 1568/1568/1568
f 1568/1568/1568 1567/1567/1567 1569/1569/1569
f 1558/1558/1558 1569/1569/1569 1527/1527/1527
f 1567/1567/1567 1570/1570/1570 1569/1569/1569
f 1569/1569/1569 1570/1570/1570 1527/1527/1527
f 1570/1570/1570 1571/1571/1571 1527/1527/1527
f 1540/1540/1540 1527/1527/1527 1571/1571/1571
f 1572/1572/1572 1540/1540/1540 1571/1571/1571
f 1573/1573/1573 1540/1540/1540 1572/1572/1572
f 1574/1574/1574 1573/1573/1573 1572/1572/1572
f 1540/1540/1540 1573/1573/1573 1541/1541/1541
f 1573/1573/1573 1574/1574/1574 1575/1575/1575
f 1541/1541/1541 1573/1573/1573 1543/1543/1543
f 1576/1576/1576 1573/1573/1573 1575/1575/1575
f 1573/1573/1573 1576/1576/1576 1543/1543/1543
f 1575/1575/1575 1577/1577/1577 1576/1576/1576
f 1578/1578/1578 1543/1543/1543 1576/1576/1576
f 1578/1578/1578 1544/1544/1544 1543/1543/1543
f 1579/1579/1579 1544/1544/1544 1578/1578/1578
f 1577/1577/1577 1580/1580/1580 1576/1576/1576
f 1580/1580/1580 1578/1578/1578 1576/1576/1576
f 1579/1579/1579 1580/1580/1580 1577/1577/1577
f 1579/1579/1579 1578/1578/1578 1580/1580/1580
f 1583/1583/1583 1582/1582/1582 1581/1581/1581
f 1582/1582/1582 1583/1583/1583 1584/1584/1584
f 1585/1585/1585 1584/1584/1584 1583/1583/1583
f 1586/1586/1586 1585/1585/1585 1583/1583/1583
f 1587/1587/1587 1582/1582/1582 1584/1584/1584
f 1588/1588/1588 1582/1582/1582 1587/1587/1587
f 1589/1589/1589 1582/1582/1582 1588/1588/1588
f 1587/1587/1587 1584/1584/1584 1590/1590/1590
f 1584/1584/1584 1585/1585/1585 1590/1590/1590
f 1591/1591/1591 1585/1585/1585 1586/1586/1586
f 1592/1592/1592 1591/1591/1591 1586/1586/1586
f 1591/1591/1591 1592/1592/1592 1593/1593/1593
f 1587/1587/1587 1594/1594/1594 1588/1588/1588
f 1587/1587/1587 1590/1590/1590 1594/1594/1594
f 1590/1590/1590 1585/1585/1585 1595/1595/1595
f 1585/1585/1585 1591/1591/1591 1595/1595/1595
f 1590/1590/1590 1596/1596/1596 1594/1594/1594
f 1596/1596/1596 1590/1590/1590 1595/1595/1595
f 1597/1597/1597 1596/1596/1596 1595/1595/1595
f 1598/1598/1598 1597/1597/1597 1595/1595/1595
f 1599/1599/1599 1598/1598/1598 1595/1595/1595
f 1595/1595/1595 1591/1591/1591 1599/1599/1599
f 1600/1600/1600 1598/1598/1598 1599/1599/1599
f 1601/1601/1601 1591/1591/1591 1593/1593/1593
f 1591/1591/1591 1601/1601/1601 1599/1599/1599
f 1599/1599/1599 1601/1601/1601 1600/1600/1600
f 1600/1600/1600 1601/1601/1601 1593/1593/1593
f 1594/1594/1594 1602/1602/1602 1588/1588/1588
f 1594/1594/1594 1603/1603/1603 1602/1602/1602
f 1604/1604/1604 1588/1588/1588 1602/1602/1602
f 1604/1604/1604 1589/1589/1589 1588/1588/1588
f 1605/1605/1605 1602/1602/1602 1603/1603/1603
f 1605/1605/1605 1604/1604/1604 1602/1602/1602
f 1606/1606/1606 1605/1605/1605 1603/1603/1603
f 1607/1607/1607 1605/1605/1605 1606/1606/1606
f 1604/1604/1604 1605/1605/1605 1607/1607/1607
f 1607/1607/1607 1589/1589/1589 1604/1604/1604
f 1607/1607/1607 1608/1608/1608 1589/1589/1589
f 1589/1589/1589 1608/1608/1608 1582/1582/1582
f 1607/1607/1607 1609/1609/1609 1608/1608/1608
f 1610/1610/1610 1609/1609/1609 1607/1607/1607
f 1608/1608/1608 1609/1609/1609 1611/1611/1611
f 1608/1608/1608 1611/1611/1611 1582/1582/1582
f 1609/1609/1609 1610/1610/1610 1612/1612/1612
f 1609/1609/1609 1612/1612/1612 1611/1611/1611
f 1610/1610/1610 1613/1613/1613 1612/1612/1612
f 1614/1614/1614 1612/1612/1612 1613/1613/1613
f 1611/1611/1611 1612/1612/1612 1614/1614/1614
f 1615/1615/1615 1611/1611/1611 1614/1614/1614
f 1611/1611/1611 1615/1615/1615 1582/1582/1582
f 1614/1614/1614 1616/1616/1616 1615/1615/1615
f 1616/1616/1616 1617/1617/1617 1615/1615/1615
f 1582/1582/1582 1615/1615/1615 1618/1618/1618
f 1615/1615/1615 1617/1617/1617 1618/1618/1618
f 1617/1617/1617 1616/1616/1616 1619/1619/1619
f 1616/1616/1616 1620/1620/1620 1619/1619/1619
f 1619/1619/1619 1620/1620/1620 1621/1621/1621
f 1617/1617/1617 1622/1622/1622 1618/1618/1618
f 1622/1622/1622 1617/1617/1617 1619/1619/1619
f 1623/1623/1623 1582/1582/1582 1618/1618/1618
f 1618/1618/1618 1622/1622/1622 1623/1623/1623
f 1623/1623/1623 1624/1624/1624 1582/1582/1582
f 1622/1622/1622 1625/1625/1625 1623/1623/1623
f 1624/1624/1624 1626/1626/1626 1582/1582/1582
f 1625/1625/1625 1622/1622/1622 1627/1627/1627
f 1627/1627/1627 1622/1622/1622 1619/1619/1619
f 1628/1628/1628 1625/1625/1625 1627/1627/1627
f 1629/1629/1629 1628/1628/1628 1627/1627/1627
f 1630/1630/1630 1619/1619/1619 1621/1621/1621
f 1619/1619/1619 1630/1630/1630 1627/1627/1627
f 1631/1631/1631 1630/1630/1630 1621/1621/1621
f 1632/1632/1632 1629/1629/1629 1627/1627/1627
f 1630/1630/1630 1632/1632/1632 1627/1627/1627
f 1632/1632/1632 1630/1630/1630 1631/1631/1631
f 1631/1631/1631 1629/1629/1629 1632/1632/1632
f 1626/1626/1626 1624/1624/1624 1633/1633/1633
f 1624/1624/1624 1634/1634/1634 1633/1633/1633
f 1626/1626/1626 1633/1633/1633 1635/1635/1635
f 1626/1626/1626 1635/1635/1635 1636/1636/1636
f 1636/1636/1636 1635/1635/1635 1637/1637/1637
f 1635/1635/1635 1638/1638/1638 1637/1637/1637
f 1633/1633/1633 1638/1638/1638 1635/1635/1635
f 1638/1638/1638 1639/1639/1639 1637/1637/1637
f 1633/1633/1633 1634/1634/1634 1640/1640/1640
f 1638/1638/1638 1633/1633/1633 1640/1640/1640
f 1634/1634/1634 1641/1641/1641 1640/1640/1640
f 1639/1639/1639 1638/1638/1638 1642/1642/1642
f 1642/1642/1642 1638/1638/1638 1640/1640/1640
f 1643/1643/1643 1639/1639/1639 1642/1642/1642
f 1644/1644/1644 1643/1643/1643 1642/1642/1642
f 1640/1640/1640 1641/1641/1641 1645/1645/1645
f 1646/1646/1646 1645/1645/1645 1641/1641/1641
f 1647/1647/1647 1645/1645/1645 1646/1646/1646
f 1648/1648/1648 1640/1640/1640 1645/1645/1645
f 1640/1640/1640 1648/1648/1648 1642/1642/1642
f 1647/1647/1647 1648/1648/1648 1645/1645/1645
f 1649/1649/1649 1644/1644/1644 1642/1642/1642
f 1648/1648/1648 1649/1649/1649 1642/1642/1642
f 1649/1649/1649 1648/1648/1648 1647/1647/1647
f 1647/1647/1647 1644/1644/1644 1649/1649/1649
f 1652/1652/1652 1651/1651/1651 1650/1650/1650
f 1651/1651/1651 1653/1653/1653 1650/1650/1650
f 1651/1651/1651 1654/1654/1654 1653/1653/1653
f 1650/1650/1650 1653/1653/1653 1655/1655/1655
f 1654/1654/1654 1656/1656/1656 1653/1653/1653
f 1653/1653/1653 1657/1657/1657 1655/1655/1655
f 1655/1655/1655 1657/1657/1657 1658/1658/1658
f 1656/1656/1656 1659/1659/1659 1653/1653/1653
f 1660/1660/1660 1659/1659/1659 1656/1656/1656
f 1659/1659/1659 1660/1660/1660 1661/1661/1661
f 1662/1662/1662 1661/1661/1661 1660/1660/1660
f 1661/1661/1661 1662/1662/1662 1663/1663/1663
f 1653/1653/1653 1659/1659/1659 1664/1664/1664
f 1657/1657/1657 1653/1653/1653 1664/1664/1664
f 1664/1664/1664 1659/1659/1659 1661/1661/1661
f 1657/1657/1657 1665/1665/1665 1658/1658/1658
f 1657/1657/1657 1664/1664/1664 1665/1665/1665
f 1666/1666/1666 1658/1658/1658 1665/1665/1665
f 1664/1664/1664 1667/1667/1667 1665/1665/1665
f 1667/1667/1667 1664/1664/1664 1661/1661/1661
f 1668/1668/1668 1666/1666/1666 1665/1665/1665
f 1668/1668/1668 1665/1665/1665 1667/1667/1667
f 1666/1666/1666 1668/1668/1668 1669/1669/1669
f 1668/1668/1668 1670/1670/1670 1669/1669/1669
f 1671/1671/1671 1669/1669/1669 1670/1670/1670
f 1672/1672/1672 1668/1668/1668 1667/1667/1667
f 1668/1668/1668 1672/1672/1672 1670/1670/1670
f 1673/1673/1673 1667/1667/1667 1661/1661/1661
f 1667/1667/1667 1673/1673/1673 1672/1672/1672
f 1674/1674/1674 1671/1671/1671 1670/1670/1670
f 1671/1671/1671 1674/1674/1674 1675/1675/1675
f 1673/1673/1673 1661/1661/1661 1676/1676/1676
f 1676/1676/1676 1661/1661/1661 1663/1663/1663
f 1672/1672/1672 1677/1677/1677 1670/1670/1670
f 1670/1670/1670 1677/1677/1677 1674/1674/1674
f 1678/1678/1678 1677/1677/1677 1672/1672/1672
f 1677/1677/1677 1679/1679/1679 1674/1674/1674
f 1674/1674/1674 1680/1680/1680 1675/1675/1675
f 1674/1674/1674 1679/1679/1679 1680/1680/1680
f 1675/1675/1675 1680/1680/1680 1681/1681/1681
f 1679/1679/1679 1682/1682/1682 1680/1680/1680
f 1672/1672/1672 1683/1683/1683 1678/1678/1678
f 1673/1673/1673 1683/1683/1683 1672/1672/1672
f 1683/1683/1683 1684/1684/1684 1678/1678/1678
f 1685/1685/1685 1684/1684/1684 1683/1683/1683
f 1686/1686/1686 1684/1684/1684 1685/1685/1685
f 1680/1680/1680 1687/1687/1687 1681/1681/1681
f 1680/1680/1680 1682/1682/1682 1687/1687/1687
f 1681/1681/1681 1687/1687/1687 1688/1688/1688
f 1682/1682/1682 1689/1689/1689 1687/1687/1687
f 1687/1687/1687 1690/1690/1690 1688/1688/1688
f 1687/1687/1687 1689/1689/1689 1691/1691/1691
f 1690/1690/1690 1687/1687/1687 1691/1691/1691
f 1691/1691/1691 1692/1692/1692 1690/1690/1690
f 1673/1673/1673 1693/1693/1693 1683/1683/1683
f 1693/1693/1693 1673/1673/1673 1676/1676/1676
f 1685/1685/1685 1683/1683/1683 1694/1694/1694
f 1693/1693/1693 1694/1694/1694 1683/1683/1683
f 1686/1686/1686 1685/1685/1685 1695/1695/1695
f 1686/1686/1686 1695/1695/1695 1696/1696/1696
f 1685/1685/1685 1694/1694/1694 1697/1697/1697
f 1697/1697/1697 1694/1694/1694 1693/1693/1693
f 1695/1695/1695 1698/1698/1698 1696/1696/1696
f 1699/1699/1699 1698/1698/1698 1695/1695/1695
f 1698/1698/1698 1700/1700/1700 1696/1696/1696
f 1698/1698/1698 1701/1701/1701 1700/1700/1700
f 1701/1701/1701 1698/1698/1698 1699/1699/1699
f 1701/1701/1701 1702/1702/1702 1700/1700/1700
f 1703/1703/1703 1695/1695/1695 1685/1685/1685
f 1703/1703/1703 1699/1699/1699 1695/1695/1695
f 1703/1703/1703 1704/1704/1704 1699/1699/1699
f 1705/1705/1705 1685/1685/1685 1697/1697/1697
f 1705/1705/1705 1703/1703/1703 1685/1685/1685
f 1706/1706/1706 1703/1703/1703 1705/1705/1705
f 1706/1706/1706 1705/1705/1705 1697/1697/1697
f 1701/1701/1701 1707/1707/1707 1702/1702/1702
f 1707/1707/1707 1708/1708/1708 1702/1702/1702
f 1709/1709/1709 1704/1704/1704 1703/1703/1703
f 1709/1709/1709 1703/1703/1703 1706/1706/1706
f 1707/1707/1707 1710/1710/1710 1708/1708/1708
f 1710/1710/1710 1711/1711/1711 1708/1708/1708
f 1712/1712/1712 1706/1706/1706 1697/1697/1697
f 1709/1709/1709 1706/1706/1706 1713/1713/1713
f 1713/1713/1713 1706/1706/1706 1712/1712/1712
f 1712/1712/1712 1697/1697/1697 1714/1714/1714
f 1714/1714/1714 1697/1697/1697 1693/1693/1693
f 1715/1715/1715 1714/1714/1714 1693/1693/1693
f 1676/1676/1676 1715/1715/1715 1693/1693/1693
f 1716/1716/1716 1712/1712/1712 1714/1714/1714
f 1716/1716/1716 1714/1714/1714 1715/1715/1715
f 1717/1717/1717 1713/1713/1713 1712/1712/1712
f 1717/1717/1717 1712/1712/1712 1716/1716/1716
f 1715/1715/1715 1676/1676/1676 1718/1718/1718
f 1676/1676/1676 1663/1663/1663 1718/1718/1718
f 1719/1719/1719 1718/1718/1718 1663/1663/1663
f 1718/1718/1718 1719/1719/1719 1720/1720/1720
f 1718/1718/1718 1720/1720/1720 1715/1715/1715
f 1719/1719/1719 1721/1721/1721 1720/1720/1720
f 1722/1722/1722 1716/1716/1716 1715/1715/1715
f 1720/1720/1720 1722/1722/1722 1715/1715/1715
f 1723/1723/1723 1716/1716/1716 1722/1722/1722
f 1723/1723/1723 1717/1717/1717 1716/1716/1716
f 1724/1724/1724 1722/1722/1722 1720/1720/1720
f 1724/1724/1724 1723/1723/1723 1722/1722/1722
f 1725/1725/1725 1720/1720/1720 1721/1721/1721
f 1725/1725/1725 1724/1724/1724 1720/1720/1720
f 1725/1725/1725 1721/1721/1721 1726/1726/1726
f 1727/1727/1727 1726/1726/1726 1721/1721/1721
f 1728/1728/1728 1725/1725/1725 1726/1726/1726
f 1724/1724/1724 1725/1725/1725 1728/1728/1728
f 1729/1729/1729 1724/1724/1724 1728/1728/1728
f 1724/1724/1724 1729/1729/1729 1730/1730/1730
f 1723/1723/1723 1724/1724/1724 1730/1730/1730
f 1729/1729/1729 1731/1731/1731 1730/1730/1730
f 1723/1723/1723 1730/1730/1730 1732/1732/1732
f 1717/1717/1717 1723/1723/1723 1732/1732/1732
f 1733/1733/1733 1730/1730/1730 1731/1731/1731
f 1733/1733/1733 1732/1732/1732 1730/1730/1730
f 1734/1734/1734 1733/1733/1733 1731/1731/1731
f 1733/1733/1733 1735/1735/1735 1732/1732/1732
f 1733/1733/1733 1736/1736/1736 1735/1735/1735
f 1717/1717/1717 1732/1732/1732 1737/1737/1737
f 1732/1732/1732 1735/1735/1735 1737/1737/1737
f 1738/1738/1738 1735/1735/1735 1736/1736/1736
f 1738/1738/1738 1736/1736/1736 1739/1739/1739
f 1738/1738/1738 1739/1739/1739 1740/1740/1740
f 1741/1741/1741 1738/1738/1738 1740/1740/1740
f 1738/1738/1738 1742/1742/1742 1735/1735/1735
f 1738/1738/1738 1741/1741/1741 1742/1742/1742
f 1737/1737/1737 1735/1735/1735 1742/1742/1742
f 1741/1741/1741 1743/1743/1743 1742/1742/1742
f 1743/1743/1743 1744/1744/1744 1742/1742/1742
f 1744/1744/1744 1745/1745/1745 1742/1742/1742
f 1745/1745/1745 1737/1737/1737 1742/1742/1742
f 1744/1744/1744 1746/1746/1746 1745/1745/1745
f 1737/1737/1737 1747/1747/1747 1717/1717/1717
f 1745/1745/1745 1747/1747/1747 1737/1737/1737
f 1747/1747/1747 1713/1713/1713 1717/1717/1717
f 1746/1746/1746 1748/1748/1748 1745/1745/1745
f 1745/1745/1745 1748/1748/1748 1747/1747/1747
f 1713/1713/1713 1747/1747/1747 1749/1749/1749
f 1748/1748/1748 1749/1749/1749 1747/1747/1747
f 1709/1709/1709 1713/1713/1713 1749/1749/1749
f 1748/1748/1748 1746/1746/1746 1750/1750/1750
f 1749/1749/1749 1748/1748/1748 1750/1750/1750
f 1746/1746/1746 1751/1751/1751 1750/1750/1750
f 1752/1752/1752 1709/1709/1709 1749/1749/1749
f 1709/1709/1709 1752/1752/1752 1704/1704/1704
f 1753/1753/1753 1704/1704/1704 1752/1752/1752
f 1754/1754/1754 1752/1752/1752 1749/1749/1749
f 1754/1754/1754 1749/1749/1749 1750/1750/1750
f 1754/1754/1754 1753/1753/1753 1752/1752/1752
f 1750/1750/1750 1751/1751/1751 1755/1755/1755
f 1751/1751/1751 1756/1756/1756 1755/1755/1755
f 1750/1750/1750 1757/1757/1757 1754/1754/1754
f 1750/1750/1750 1755/1755/1755 1757/1757/1757
f 1754/1754/1754 1757/1757/1757 1753/1753/1753
f 1758/1758/1758 1757/1757/1757 1755/1755/1755
f 1757/1757/1757 1758/1758/1758 1759/1759/1759
f 1757/1757/1757 1759/1759/1759 1753/1753/1753
f 1759/1759/1759 1760/1760/1760 1753/1753/1753
f 1760/1760/1760 1761/1761/1761 1753/1753/1753
f 1753/1753/1753 1761/1761/1761 1762/1762/1762
f 1753/1753/1753 1762/1762/1762 1704/1704/1704
f 1762/1762/1762 1763/1763/1763 1704/1704/1704
f 1763/1763/1763 1764/1764/1764 1704/1704/1704
f 1704/1704/1704 1764/1764/1764 1699/1699/1699
f 1765/1765/1765 1764/1764/1764 1763/1763/1763
f 1764/1764/1764 1765/1765/1765 1699/1699/1699
f 1766/1766/1766 1765/1765/1765 1763/1763/1763
f 1765/1765/1765 1766/1766/1766 1767/1767/1767
f 1766/1766/1766 1768/1768/1768 1767/1767/1767
f 1767/1767/1767 1768/1768/1768 1769/1769/1769
f 1765/1765/1765 1770/1770/1770 1699/1699/1699
f 1770/1770/1770 1765/1765/1765 1767/1767/1767
f 1770/1770/1770 1701/1701/1701 1699/1699/1699
f 1701/1701/1701 1770/1770/1770 1771/1771/1771
f 1771/1771/1771 1770/1770/1770 1767/1767/1767
f 1707/1707/1707 1701/1701/1701 1771/1771/1771
f 1707/1707/1707 1771/1771/1771 1772/1772/1772
f 1772/1772/1772 1771/1771/1771 1767/1767/1767
f 1710/1710/1710 1707/1707/1707 1772/1772/1772
f 1773/1773/1773 1767/1767/1767 1769/1769/1769
f 1773/1773/1773 1772/1772/1772 1767/1767/1767
f 1773/1773/1773 1769/1769/1769 1774/1774/1774
f 1710/1710/1710 1772/1772/1772 1775/1775/1775
f 1711/1711/1711 1710/1710/1710 1775/1775/1775
f 1772/1772/1772 1773/1773/1773 1776/1776/1776
f 1772/1772/1772 1776/1776/1776 1775/1775/1775
f 1777/1777/1777 1773/1773/1773 1774/1774/1774
f 1773/1773/1773 1777/1777/1777 1776/1776/1776
f 1778/1778/1778 1777/1777/1777 1774/1774/1774
f 1779/1779/1779 1778/1778/1778 1774/1774/1774
f 1777/1777/1777 1778/1778/1778 1780/1780/1780
f 1776/1776/1776 1777/1777/1777 1780/1780/1780
f 1776/1776/1776 1780/1780/1780 1781/1781/1781
f 1775/1775/1775 1776/1776/1776 1781/1781/1781
f 1782/1782/1782 1711/1711/1711 1775/1775/1775
f 1782/1782/1782 1775/1775/1775 1781/1781/1781
f 1783/1783/1783 1711/1711/1711 1782/1782/1782
f 1784/1784/1784 1782/1782/1782 1781/1781/1781
f 1782/1782/1782 1785/1785/1785 1783/1783/1783
f 1785/1785/1785 1782/1782/1782 1784/1784/1784
f 1788/1788/1788 1787/1787/1787 1786/1786/1786
f 1789/1789/1789 1788/1788/1788 1786/1786/1786
f 1789/1789/1789 1786/1786/1786 1790/1790/1790
f 1793/1793/1793 1792/1792/1792 1791/1791/1791
f 1792/1792/1792 1794/1794/1794 1791/1791/1791
f 1792/1792/1792 1795/1795/1795 1794/1794/1794
f 1791/1791/1791 1794/1794/1794 1796/1796/1796
f 1794/1794/1794 1797/1797/1797 1796/1796/1796
f 1795/1795/1795 1798/1798/1798 1794/1794/1794
f 1794/1794/1794 1798/1798/1798 1797/1797/1797
f 1795/1795/1795 1799/1799/1799 1798/1798/1798
f 1799/1799/1799 1800/1800/1800 1798/1798/1798
f 1798/1798/1798 1801/1801/1801 1797/1797/1797
f 1801/1801/1801 1798/1798/1798 1800/1800/1800
f 1797/1797/1797 1801/1801/1801 1802/1802/1802
f 1801/1801/1801 1803/1803/1803 1802/1802/1802
f 1800/1800/1800 1799/1799/1799 1804/1804/1804
f 1799/1799/1799 1805/1805/1805 1804/1804/1804
f 1806/1806/1806 1801/1801/1801 1800/1800/1800
f 1803/1803/1803 1801/1801/1801 1806/1806/1806
f 1800/1800/1800 1804/1804/1804 1806/1806/1806
f 1804/1804/1804 1805/1805/1805 1807/1807/1807
f 1805/1805/1805 1808/1808/1808 1807/1807/1807
f 1807/1807/1807 1809/1809/1809 1804/1804/1804
f 1809/1809/1809 1810/1810/1810 1804/1804/1804
f 1804/1804/1804 1810/1810/1810 1806/1806/1806
f 1809/1809/1809 1811/1811/1811 1810/1810/1810
f 1812/1812/1812 1806/1806/1806 1810/1810/1810
f 1812/1812/1812 1803/1803/1803 1806/1806/1806
f 1811/1811/1811 1813/1813/1813 1810/1810/1810
f 1813/1813/1813 1812/1812/1812 1810/1810/1810
f 1811/1811/1811 1814/1814/1814 1813/1813/1813
f 1814/1814/1814 1815/1815/1815 1813/1813/1813
f 1814/1814/1814 1816/1816/1816 1815/1815/1815
f 1812/1812/1812 1813/1813/1813 1817/1817/1817
f 1815/1815/1815 1817/1817/1817 1813/1813/1813
f 1818/1818/1818 1803/1803/1803 1812/1812/1812
f 1817/1817/1817 1818/1818/1818 1812/1812/1812
f 1803/1803/1803 1818/1818/1818 1819/1819/1819
f 1802/1802/1802 1803/1803/1803 1819/1819/1819
f 1816/1816/1816 1820/1820/1820 1815/1815/1815
f 1815/1815/1815 1821/1821/1821 1817/1817/1817
f 1821/1821/1821 1815/1815/1815 1820/1820/1820
f 1818/1818/1818 1817/1817/1817 1822/1822/1822
f 1817/1817/1817 1821/1821/1821 1822/1822/1822
f 1823/1823/1823 1820/1820/1820 1816/1816/1816
f 1816/1816/1816 1824/1824/1824 1823/1823/1823
f 1825/1825/1825 1821/1821/1821 1820/1820/1820
f 1825/1825/1825 1820/1820/1820 1823/1823/1823
f 1822/1822/1822 1821/1821/1821 1825/1825/1825
f 1826/1826/1826 1825/1825/1825 1823/1823/1823
f 1827/1827/1827 1825/1825/1825 1826/1826/1826
f 1827/1827/1827 1822/1822/1822 1825/1825/1825
f 1828/1828/1828 1827/1827/1827 1826/1826/1826
f 1827/1827/1827 1828/1828/1828 1829/1829/1829
f 1830/1830/1830 1827/1827/1827 1829/1829/1829
f 1822/1822/1822 1827/1827/1827 1830/1830/1830
f 1830/1830/1830 1829/1829/1829 1831/1831/1831
f 1818/1818/1818 1822/1822/1822 1832/1832/1832
f 1832/1832/1832 1822/1822/1822 1830/1830/1830
f 1819/1819/1819 1818/1818/1818 1832/1832/1832
f 1819/1819/1819 1832/1832/1832 1833/1833/1833
f 1834/1834/1834 1830/1830/1830 1831/1831/1831
f 1832/1832/1832 1830/1830/1830 1834/1834/1834
f 1833/1833/1833 1832/1832/1832 1834/1834/1834
f 1834/1834/1834 1831/1831/1831 1835/1835/1835
f 1836/1836/1836 1834/1834/1834 1835/1835/1835
f 1833/1833/1833 1834/1834/1834 1836/1836/1836
f 1837/1837/1837 1836/1836/1836 1835/1835/1835
f 1838/1838/1838 1837/1837/1837 1835/1835/1835
f 1837/1837/1837 1839/1839/1839 1836/1836/1836
f 1839/1839/1839 1840/1840/1840 1836/1836/1836
f 1840/1840/1840 1833/1833/1833 1836/1836/1836
f 1841/1841/1841 1833/1833/1833 1840/1840/1840
f 1842/1842/1842 1841/1841/1841 1840/1840/1840
f 1843/1843/1843 1819/1819/1819 1833/1833/1833
f 1819/1819/1819 1843/1843/1843 1802/1802/1802
f 1844/1844/1844 1843/1843/1843 1833/1833/1833
f 1845/1845/1845 1844/1844/1844 1833/1833/1833
f 1844/1844/1844 1846/1846/1846 1843/1843/1843
f 1846/1846/1846 1847/1847/1847 1843/1843/1843
f 1843/1843/1843 1847/1847/1847 1802/1802/1802
f 1848/1848/1848 1802/1802/1802 1847/1847/1847
f 1849/1849/1849 1848/1848/1848 1847/1847/1847
f 1848/1848/1848 1850/1850/1850 1802/1802/1802
f 1850/1850/1850 1851/1851/1851 1802/1802/1802
f 1850/1850/1850 1852/1852/1852 1851/1851/1851
f 1797/1797/1797 1802/1802/1802 1851/1851/1851
f 1852/1852/1852 1853/1853/1853 1851/1851/1851
f 1797/1797/1797 1851/1851/1851 1853/1853/1853
f 1852/1852/1852 1854/1854/1854 1853/1853/1853
f 1797/1797/1797 1853/1853/1853 1855/1855/1855
f 1854/1854/1854 1855/1855/1855 1853/1853/1853
f 1855/1855/1855 1796/1796/1796 1797/1797/1797
f 1854/1854/1854 1856/1856/1856 1855/1855/1855
f 1856/1856/1856 1796/1796/1796 1855/1855/1855
f 1856/1856/1856 1857/1857/1857 1796/1796/1796
f 1856/1856/1856 1858/1858/1858 1857/1857/1857
f 1861/1861/1861 1860/1860/1860 1859/1859/1859
f 1860/1860/1860 1862/1862/1862 1859/1859/1859
f 1862/1862/1862 1860/1860/1860 1863/1863/1863
f 1863/1863/1863 1864/1864/1864 1862/1862/1862
f 1864/1864/1864 1865/1865/1865 1862/1862/1862
f 1866/1866/1866 1859/1859/1859 1862/1862/1862
f 1865/1865/1865 1867/1867/1867 1862/1862/1862
f 1868/1868/1868 1866/1866/1866 1862/1862/1862
f 1868/1868/1868 1862/1862/1862 1867/1867/1867
f 1869/1869/1869 1866/1866/1866 1868/1868/1868
f 1870/1870/1870 1869/1869/1869 1868/1868/1868
f 1868/1868/1868 1867/1867/1867 1871/1871/1871
f 1870/1870/1870 1868/1868/1868 1871/1871/1871
f 1869/1869/1869 1870/1870/1870 1872/1872/1872
f 1873/1873/1873 1869/1869/1869 1872/1872/1872
f 1872/1872/1872 1874/1874/1874 1873/1873/1873
f 1875/1875/1875 1874/1874/1874 1872/1872/1872
f 1876/1876/1876 1875/1875/1875 1872/1872/1872
f 1872/1872/1872 1870/1870/1870 1876/1876/1876
f 1875/1875/1875 1876/1876/1876 1877/1877/1877
f 1878/1878/1878 1870/1870/1870 1871/1871/1871
f 1870/1870/1870 1878/1878/1878 1876/1876/1876
f 1876/1876/1876 1879/1879/1879 1877/1877/1877
f 1877/1877/1877 1879/1879/1879 1880/1880/1880
f 1881/1881/1881 1876/1876/1876 1878/1878/1878
f 1876/1876/1876 1881/1881/1881 1879/1879/1879
f 1878/1878/1878 1871/1871/1871 1882/1882/1882
f 1881/1881/1881 1878/1878/1878 1882/1882/1882
f 1867/1867/1867 1883/1883/1883 1871/1871/1871
f 1883/1883/1883 1882/1882/1882 1871/1871/1871
f 1879/1879/1879 1884/1884/1884 1880/1880/1880
f 1885/1885/1885 1880/1880/1880 1884/1884/1884
f 1881/1881/1881 1886/1886/1886 1879/1879/1879
f 1884/1884/1884 1879/1879/1879 1886/1886/1886
f 1885/1885/1885 1884/1884/1884 1887/1887/1887
f 1887/1887/1887 1884/1884/1884 1886/1886/1886
f 1888/1888/1888 1885/1885/1885 1887/1887/1887
f 1889/1889/1889 1886/1886/1886 1881/1881/1881
f 1882/1882/1882 1889/1889/1889 1881/1881/1881
f 1887/1887/1887 1886/1886/1886 1889/1889/1889
f 1888/1888/1888 1887/1887/1887 1890/1890/1890
f 1890/1890/1890 1887/1887/1887 1889/1889/1889
f 1891/1891/1891 1888/1888/1888 1890/1890/1890
f 1891/1891/1891 1890/1890/1890 1892/1892/1892
f 1892/1892/1892 1890/1890/1890 1889/1889/1889
f 1893/1893/1893 1891/1891/1891 1892/1892/1892
f 1894/1894/1894 1893/1893/1893 1892/1892/1892
f 1895/1895/1895 1889/1889/1889 1882/1882/1882
f 1895/1895/1895 1892/1892/1892 1889/1889/1889
f 1883/1883/1883 1895/1895/1895 1882/1882/1882
f 1896/1896/1896 1894/1894/1894 1892/1892/1892
f 1896/1896/1896 1892/1892/1892 1895/1895/1895
f 1897/1897/1897 1894/1894/1894 1896/1896/1896
f 1898/1898/1898 1897/1897/1897 1896/1896/1896
f 1899/1899/1899 1896/1896/1896 1895/1895/1895
f 1898/1898/1898 1896/1896/1896 1899/1899/1899
f 1899/1899/1899 1895/1895/1895 1883/1883/1883
f 1900/1900/1900 1898/1898/1898 1899/1899/1899
f 1901/1901/1901 1899/1899/1899 1883/1883/1883
f 1883/1883/1883 1867/1867/1867 1901/1901/1901
f 1867/1867/1867 1902/1902/1902 1901/1901/1901
f 1905/1905/1905 1904/1904/1904 1903/1903/1903
f 1906/1906/1906 1905/1905/1905 1903/1903/1903
f 1906/1906/1906 1903/1903/1903 1907/1907/1907
f 1905/1905/1905 1906/1906/1906 1908/1908/1908
f 1909/1909/1909 1905/1905/1905 1908/1908/1908
f 1910/1910/1910 1906/1906/1906 1907/1907/1907
f 1910/1910/1910 1907/1907/1907 1911/1911/1911
f 1906/1906/1906 1910/1910/1910 1912/1912/1912
f 1908/1908/1908 1906/1906/1906 1912/1912/1912
f 1913/1913/1913 1910/1910/1910 1911/1911/1911
f 1912/1912/1912 1910/1910/1910 1913/1913/1913
f 1913/1913/1913 1911/1911/1911 1914/1914/1914
f 1909/1909/1909 1908/1908/1908 1915/1915/1915
f 1916/1916/1916 1909/1909/1909 1915/1915/1915
f 1917/1917/1917 1916/1916/1916 1915/1915/1915
f 1908/1908/1908 1912/1912/1912 1918/1918/1918
f 1915/1915/1915 1908/1908/1908 1918/1918/1918
f 1919/1919/1919 1913/1913/1913 1914/1914/1914
f 1914/1914/1914 1920/1920/1920 1919/1919/1919
f 1921/1921/1921 1912/1912/1912 1913/1913/1913
f 1918/1918/1918 1912/1912/1912 1921/1921/1921
f 1921/1921/1921 1913/1913/1913 1919/1919/1919
f 1920/1920/1920 1922/1922/1922 1919/1919/1919
f 1920/1920/1920 1923/1923/1923 1922/1922/1922
f 1924/1924/1924 1917/1917/1917 1915/1915/1915
f 1917/1917/1917 1924/1924/1924 1925/1925/1925
f 1926/1926/1926 1921/1921/1921 1919/1919/1919
f 1927/1927/1927 1926/1926/1926 1919/1919/1919
f 1924/1924/1924 1915/1915/1915 1928/1928/1928
f 1915/1915/1915 1918/1918/1918 1928/1928/1928
f 1924/1924/1924 1929/1929/1929 1925/1925/1925
f 1924/1924/1924 1928/1928/1928 1929/1929/1929
f 1925/1925/1925 1929/1929/1929 1930/1930/1930
f 1929/1929/1929 1931/1931/1931 1930/1930/1930
f 1929/1929/1929 1932/1932/1932 1931/1931/1931
f 1928/1928/1928 1932/1932/1932 1929/1929/1929
f 1932/1932/1932 1933/1933/1933 1931/1931/1931
f 1934/1934/1934 1918/1918/1918 1921/1921/1921
f 1934/1934/1934 1921/1921/1921 1926/1926/1926
f 1935/1935/1935 1928/1928/1928 1918/1918/1918
f 1932/1932/1932 1928/1928/1928 1935/1935/1935
f 1934/1934/1934 1935/1935/1935 1918/1918/1918
f 1936/1936/1936 1935/1935/1935 1934/1934/1934
f 1937/1937/1937 1936/1936/1936 1934/1934/1934
f 1937/1937/1937 1934/1934/1934 1926/1926/1926
f 1937/1937/1937 1938/1938/1938 1936/1936/1936
f 1932/1932/1932 1939/1939/1939 1933/1933/1933
f 1939/1939/1939 1932/1932/1932 1935/1935/1935
f 1939/1939/1939 1935/1935/1935 1936/1936/1936
f 1939/1939/1939 1940/1940/1940 1933/1933/1933
f 1939/1939/1939 1941/1941/1941 1940/1940/1940
f 1941/1941/1941 1939/1939/1939 1936/1936/1936
f 1941/1941/1941 1942/1942/1942 1940/1940/1940
f 1941/1941/1941 1943/1943/1943 1942/1942/1942
f 1944/1944/1944 1943/1943/1943 1941/1941/1941
f 1944/1944/1944 1941/1941/1941 1936/1936/1936
f 1945/1945/1945 1943/1943/1943 1944/1944/1944
f 1926/1926/1926 1946/1946/1946 1937/1937/1937
f 1926/1926/1926 1927/1927/1927 1946/1946/1946
f 1927/1927/1927 1947/1947/1947 1946/1946/1946
f 1948/1948/1948 1945/1945/1945 1944/1944/1944
f 1945/1945/1945 1948/1948/1948 1949/1949/1949
f 1950/1950/1950 1944/1944/1944 1936/1936/1936
f 1948/1948/1948 1944/1944/1944 1950/1950/1950
f 1937/1937/1937 1946/1946/1946 1951/1951/1951
f 1937/1937/1937 1951/1951/1951 1938/1938/1938
f 1947/1947/1947 1952/1952/1952 1946/1946/1946
f 1951/1951/1951 1946/1946/1946 1952/1952/1952
f 1947/1947/1947 1953/1953/1953 1952/1952/1952
f 1953/1953/1953 1954/1954/1954 1952/1952/1952
f 1953/1953/1953 1955/1955/1955 1954/1954/1954
f 1948/1948/1948 1956/1956/1956 1949/1949/1949
f 1949/1949/1949 1956/1956/1956 1957/1957/1957
f 1956/1956/1956 1958/1958/1958 1957/1957/1957
f 1958/1958/1958 1959/1959/1959 1957/1957/1957
f 1956/1956/1956 1948/1948/1948 1960/1960/1960
f 1958/1958/1958 1956/1956/1956 1960/1960/1960
f 1958/1958/1958 1961/1961/1961 1959/1959/1959
f 1961/1961/1961 1958/1958/1958 1960/1960/1960
f 1962/1962/1962 1959/1959/1959 1961/1961/1961
f 1962/1962/1962 1961/1961/1961 1963/1963/1963
f 1961/1961/1961 1960/1960/1960 1963/1963/1963
f 1948/1948/1948 1964/1964/1964 1960/1960/1960
f 1963/1963/1963 1960/1960/1960 1964/1964/1964
f 1965/1965/1965 1963/1963/1963 1964/1964/1964
f 1966/1966/1966 1965/1965/1965 1964/1964/1964
f 1964/1964/1964 1948/1948/1948 1950/1950/1950
f 1950/1950/1950 1966/1966/1966 1964/1964/1964
f 1966/1966/1966 1950/1950/1950 1967/1967/1967
f 1950/1950/1950 1968/1968/1968 1967/1967/1967
f 1967/1967/1967 1968/1968/1968 1969/1969/1969
f 1950/1950/1950 1936/1936/1936 1968/1968/1968
f 1970/1970/1970 1967/1967/1967 1969/1969/1969
f 1938/1938/1938 1968/1968/1968 1936/1936/1936
f 1969/1969/1969 1968/1968/1968 1938/1938/1938
f 1970/1970/1970 1969/1969/1969 1971/1971/1971
f 1969/1969/1969 1972/1972/1972 1971/1971/1971
f 1972/1972/1972 1973/1973/1973 1971/1971/1971
f 1973/1973/1973 1974/1974/1974 1971/1971/1971
f 1973/1973/1973 1975/1975/1975 1974/1974/1974
f 1973/1973/1973 1976/1976/1976 1975/1975/1975
f 1973/1973/1973 1972/1972/1972 1976/1976/1976
f 1977/1977/1977 1975/1975/1975 1976/1976/1976
f 1977/1977/1977 1976/1976/1976 1978/1978/1978
f 1972/1972/1972 1979/1979/1979 1976/1976/1976
f 1972/1972/1972 1969/1969/1969 1979/1979/1979
f 1976/1976/1976 1979/1979/1979 1978/1978/1978
f 1969/1969/1969 1980/1980/1980 1979/1979/1979
f 1978/1978/1978 1979/1979/1979 1980/1980/1980
f 1980/1980/1980 1969/1969/1969 1938/1938/1938
f 1981/1981/1981 1978/1978/1978 1980/1980/1980
f 1981/1981/1981 1980/1980/1980 1938/1938/1938
f 1982/1982/1982 1981/1981/1981 1938/1938/1938
f 1938/1938/1938 1951/1951/1951 1982/1982/1982
f 1951/1951/1951 1983/1983/1983 1982/1982/1982
f 1951/1951/1951 1984/1984/1984 1983/1983/1983
f 1984/1984/1984 1985/1985/1985 1983/1983/1983
f 1984/1984/1984 1951/1951/1951 1952/1952/1952
f 1985/1985/1985 1984/1984/1984 1986/1986/1986
f 1984/1984/1984 1952/1952/1952 1954/1954/1954
f 1984/1984/1984 1987/1987/1987 1986/1986/1986
f 1987/1987/1987 1984/1984/1984 1954/1954/1954
f 1988/1988/1988 1986/1986/1986 1987/1987/1987
f 1954/1954/1954 1989/1989/1989 1987/1987/1987
f 1955/1955/1955 1989/1989/1989 1954/1954/1954
f 1955/1955/1955 1990/1990/1990 1989/1989/1989
f 1991/1991/1991 1988/1988/1988 1987/1987/1987
f 1989/1989/1989 1991/1991/1991 1987/1987/1987
f 1991/1991/1991 1990/1990/1990 1988/1988/1988
f 1989/1989/1989 1990/1990/1990 1991/1991/1991
f 1994/1994/1994 1993/1993/1993 1992/1992/1992
f 1993/1993/1993 1994/1994/1994 1995/1995/1995
f 1995/1995/1995 1996/1996/1996 1993/1993/1993
f 1996/1996/1996 1997/1997/1997 1993/1993/1993
f 1994/1994/1994 1998/1998/1998 1995/1995/1995
f 1994/1994/1994 1999/1999/1999 1998/1998/1998
f 1994/1994/1994 2000/2000/2000 1999/1999/1999
f 1995/1995/1995 1998/1998/1998 2001/2001/2001
f 1996/1996/1996 1995/1995/1995 2001/2001/2001
f 1996/1996/1996 2002/2002/2002 1997/1997/1997
f 2002/2002/2002 2003/2003/2003 1997/1997/1997
f 2003/2003/2003 2002/2002/2002 2004/2004/2004
f 2005/2005/2005 1998/1998/1998 1999/1999/1999
f 2001/2001/2001 1998/1998/1998 2005/2005/2005
f 1996/1996/1996 2001/2001/2001 2006/2006/2006
f 2002/2002/2002 1996/1996/1996 2006/2006/2006
f 2007/2007/2007 2001/2001/2001 2005/2005/2005
f 2001/2001/2001 2007/2007/2007 2006/2006/2006
f 2007/2007/2007 2008/2008/2008 2006/2006/2006
f 2008/2008/2008 2009/2009/2009 2006/2006/2006
f 2009/2009/2009 2010/2010/2010 2006/2006/2006
f 2002/2002/2002 2006/2006/2006 2010/2010/2010
f 2009/2009/2009 2011/2011/2011 2010/2010/2010
f 2002/2002/2002 2012/2012/2012 2004/2004/2004
f 2012/2012/2012 2002/2002/2002 2010/2010/2010
f 2012/2012/2012 2010/2010/2010 2011/2011/2011
f 2012/2012/2012 2011/2011/2011 2004/2004/2004
f 2013/2013/2013 2005/2005/2005 1999/1999/1999
f 2014/2014/2014 2005/2005/2005 2013/2013/2013
f 1999/1999/1999 2015/2015/2015 2013/2013/2013
f 2000/2000/2000 2015/2015/2015 1999/1999/1999
f 2013/2013/2013 2016/2016/2016 2014/2014/2014
f 2015/2015/2015 2016/2016/2016 2013/2013/2013
f 2016/2016/2016 2017/2017/2017 2014/2014/2014
f 2016/2016/2016 2018/2018/2018 2017/2017/2017
f 2016/2016/2016 2015/2015/2015 2018/2018/2018
f 2000/2000/2000 2018/2018/2018 2015/2015/2015
f 2019/2019/2019 2018/2018/2018 2000/2000/2000
f 2019/2019/2019 2000/2000/2000 1994/1994/1994
f 2020/2020/2020 2018/2018/2018 2019/2019/2019
f 2020/2020/2020 2021/2021/2021 2018/2018/2018
f 2020/2020/2020 2019/2019/2019 2022/2022/2022
f 2022/2022/2022 2019/2019/2019 1994/1994/1994
f 2021/2021/2021 2020/2020/2020 2023/2023/2023
f 2023/2023/2023 2020/2020/2020 2022/2022/2022
f 2024/2024/2024 2021/2021/2021 2023/2023/2023
f 2023/2023/2023 2025/2025/2025 2024/2024/2024
f 2023/2023/2023 2022/2022/2022 2025/2025/2025
f 2022/2022/2022 2026/2026/2026 2025/2025/2025
f 2026/2026/2026 2022/2022/2022 1994/1994/1994
f 2027/2027/2027 2025/2025/2025 2026/2026/2026
f 2028/2028/2028 2027/2027/2027 2026/2026/2026
f 2026/2026/2026 1994/1994/1994 2029/2029/2029
f 2028/2028/2028 2026/2026/2026 2029/2029/2029
f 2027/2027/2027 2028/2028/2028 2030/2030/2030
f 2031/2031/2031 2027/2027/2027 2030/2030/2030
f 2031/2031/2031 2030/2030/2030 2032/2032/2032
f 2033/2033/2033 2028/2028/2028 2029/2029/2029
f 2028/2028/2028 2033/2033/2033 2030/2030/2030
f 1994/1994/1994 2034/2034/2034 2029/2029/2029
f 2033/2033/2033 2029/2029/2029 2034/2034/2034
f 2035/2035/2035 2034/2034/2034 1994/1994/1994
f 2036/2036/2036 2033/2033/2033 2034/2034/2034
f 2037/2037/2037 2035/2035/2035 1994/1994/1994
f 2033/2033/2033 2036/2036/2036 2038/2038/2038
f 2033/2033/2033 2038/2038/2038 2030/2030/2030
f 2036/2036/2036 2039/2039/2039 2038/2038/2038
f 2039/2039/2039 2040/2040/2040 2038/2038/2038
f 2030/2030/2030 2041/2041/2041 2032/2032/2032
f 2041/2041/2041 2030/2030/2030 2038/2038/2038
f 2041/2041/2041 2042/2042/2042 2032/2032/2032
f 2040/2040/2040 2043/2043/2043 2038/2038/2038
f 2040/2040/2040 2042/2042/2042 2043/2043/2043
f 2041/2041/2041 2043/2043/2043 2042/2042/2042
f 2043/2043/2043 2041/2041/2041 2038/2038/2038
f 2035/2035/2035 2037/2037/2037 2044/2044/2044
f 2045/2045/2045 2035/2035/2035 2044/2044/2044
f 2044/2044/2044 2037/2037/2037 2046/2046/2046
f 2046/2046/2046 2037/2037/2037 2047/2047/2047
f 2046/2046/2046 2047/2047/2047 2048/2048/2048
f 2049/2049/2049 2046/2046/2046 2048/2048/2048
f 2049/2049/2049 2044/2044/2044 2046/2046/2046
f 2050/2050/2050 2049/2049/2049 2048/2048/2048
f 2045/2045/2045 2044/2044/2044 2051/2051/2051
f 2044/2044/2044 2049/2049/2049 2051/2051/2051
f 2052/2052/2052 2045/2045/2045 2051/2051/2051
f 2049/2049/2049 2050/2050/2050 2053/2053/2053
f 2049/2049/2049 2053/2053/2053 2051/2051/2051
f 2050/2050/2050 2054/2054/2054 2053/2053/2053
f 2054/2054/2054 2055/2055/2055 2053/2053/2053
f 2052/2052/2052 2051/2051/2051 2056/2056/2056
f 2056/2056/2056 2057/2057/2057 2052/2052/2052
f 2056/2056/2056 2058/2058/2058 2057/2057/2057
f 2051/2051/2051 2059/2059/2059 2056/2056/2056
f 2059/2059/2059 2051/2051/2051 2053/2053/2053
f 2059/2059/2059 2058/2058/2058 2056/2056/2056
f 2055/2055/2055 2060/2060/2060 2053/2053/2053
f 2055/2055/2055 2058/2058/2058 2060/2060/2060
f 2059/2059/2059 2060/2060/2060 2058/2058/2058
f 2060/2060/2060 2059/2059/2059 2053/2053/2053
f 2063/2063/2063 2062/2062/2062 2061/2061/2061
f 2064/2064/2064 2063/2063/2063 2061/2061/2061
f 2065/2065/2065 2064/2064/2064 2061/2061/2061
f 2066/2066/2066 2065/2065/2065 2061/2061/2061
f 2067/2067/2067 2065/2065/2065 2066/2066/2066
f 2064/2064/2064 2068/2068/2068 2063/2063/2063
f 2068/2068/2068 2069/2069/2069 2063/2063/2063
f 2065/2065/2065 2070/2070/2070 2064/2064/2064
f 2070/2070/2070 2068/2068/2068 2064/2064/2064
f 2067/2067/2067 2071/2071/2071 2065/2065/2065
f 2071/2071/2071 2070/2070/2070 2065/2065/2065
f 2069/2069/2069 2068/2068/2068 2072/2072/2072
f 2068/2068/2068 2070/2070/2070 2073/2073/2073
f 2072/2072/2072 2068/2068/2068 2073/2073/2073
f 2074/2074/2074 2069/2069/2069 2072/2072/2072
f 2075/2075/2075 2069/2069/2069 2074/2074/2074
f 2075/2075/2075 2074/2074/2074 2076/2076/2076
f 2077/2077/2077 2075/2075/2075 2076/2076/2076
f 2077/2077/2077 2076/2076/2076 2078/2078/2078
f 2079/2079/2079 2074/2074/2074 2072/2072/2072
f 2072/2072/2072 2073/2073/2073 2079/2079/2079
f 2076/2076/2076 2074/2074/2074 2079/2079/2079
f 2080/2080/2080 2071/2071/2071 2067/2067/2067
f 2081/2081/2081 2070/2070/2070 2071/2071/2071
f 2081/2081/2081 2071/2071/2071 2080/2080/2080
f 2082/2082/2082 2080/2080/2080 2067/2067/2067
f 2082/2082/2082 2067/2067/2067 2083/2083/2083
f 2084/2084/2084 2080/2080/2080 2082/2082/2082
f 2081/2081/2081 2080/2080/2080 2084/2084/2084
f 2085/2085/2085 2082/2082/2082 2083/2083/2083
f 2085/2085/2085 2084/2084/2084 2082/2082/2082
f 2086/2086/2086 2085/2085/2085 2083/2083/2083
f 2086/2086/2086 2087/2087/2087 2085/2085/2085
f 2084/2084/2084 2085/2085/2085 2088/2088/2088
f 2087/2087/2087 2088/2088/2088 2085/2085/2085
f 2070/2070/2070 2081/2081/2081 2089/2089/2089
f 2073/2073/2073 2070/2070/2070 2089/2089/2089
f 2090/2090/2090 2081/2081/2081 2084/2084/2084
f 2090/2090/2090 2084/2084/2084 2088/2088/2088
f 2091/2091/2091 2088/2088/2088 2087/2087/2087
f 2092/2092/2092 2091/2091/2091 2087/2087/2087
f 2089/2089/2089 2081/2081/2081 2093/2093/2093
f 2081/2081/2081 2090/2090/2090 2093/2093/2093
f 2094/2094/2094 2090/2090/2090 2088/2088/2088
f 2091/2091/2091 2094/2094/2094 2088/2088/2088
f 2095/2095/2095 2091/2091/2091 2092/2092/2092
f 2096/2096/2096 2095/2095/2095 2092/2092/2092
f 2097/2097/2097 2090/2090/2090 2094/2094/2094
f 2093/2093/2093 2090/2090/2090 2097/2097/2097
f 2098/2098/2098 2094/2094/2094 2091/2091/2091
f 2095/2095/2095 2098/2098/2098 2091/2091/2091
f 2097/2097/2097 2094/2094/2094 2098/2098/2098
f 2099/2099/2099 2095/2095/2095 2096/2096/2096
f 2098/2098/2098 2095/2095/2095 2099/2099/2099
f 2100/2100/2100 2099/2099/2099 2096/2096/2096
f 2100/2100/2100 2101/2101/2101 2099/2099/2099
f 2102/2102/2102 2098/2098/2098 2099/2099/2099
f 2097/2097/2097 2098/2098/2098 2102/2102/2102
f 2101/2101/2101 2103/2103/2103 2099/2099/2099
f 2102/2102/2102 2099/2099/2099 2103/2103/2103
f 2104/2104/2104 2097/2097/2097 2102/2102/2102
f 2104/2104/2104 2102/2102/2102 2103/2103/2103
f 2105/2105/2105 2093/2093/2093 2097/2097/2097
f 2097/2097/2097 2104/2104/2104 2105/2105/2105
f 2106/2106/2106 2103/2103/2103 2101/2101/2101
f 2107/2107/2107 2106/2106/2106 2101/2101/2101
f 2108/2108/2108 2093/2093/2093 2105/2105/2105
f 2093/2093/2093 2108/2108/2108 2089/2089/2089
f 2109/2109/2109 2104/2104/2104 2103/2103/2103
f 2106/2106/2106 2109/2109/2109 2103/2103/2103
f 2110/2110/2110 2106/2106/2106 2107/2107/2107
f 2111/2111/2111 2110/2110/2110 2107/2107/2107
f 2112/2112/2112 2109/2109/2109 2106/2106/2106
f 2110/2110/2110 2112/2112/2112 2106/2106/2106
f 2113/2113/2113 2110/2110/2110 2111/2111/2111
f 2112/2112/2112 2110/2110/2110 2113/2113/2113
f 2114/2114/2114 2113/2113/2113 2111/2111/2111
f 2115/2115/2115 2104/2104/2104 2109/2109/2109
f 2115/2115/2115 2109/2109/2109 2112/2112/2112
f 2104/2104/2104 2116/2116/2116 2105/2105/2105
f 2104/2104/2104 2115/2115/2115 2116/2116/2116
f 2117/2117/2117 2112/2112/2112 2113/2113/2113
f 2115/2115/2115 2112/2112/2112 2117/2117/2117
f 2118/2118/2118 2113/2113/2113 2114/2114/2114
f 2117/2117/2117 2113/2113/2113 2118/2118/2118
f 2119/2119/2119 2118/2118/2118 2114/2114/2114
f 2120/2120/2120 2115/2115/2115 2117/2117/2117
f 2120/2120/2120 2117/2117/2117 2118/2118/2118
f 2121/2121/2121 2118/2118/2118 2119/2119/2119
f 2122/2122/2122 2121/2121/2121 2119/2119/2119
f 2105/2105/2105 2116/2116/2116 2123/2123/2123
f 2123/2123/2123 2108/2108/2108 2105/2105/2105
f 2115/2115/2115 2124/2124/2124 2116/2116/2116
f 2115/2115/2115 2120/2120/2120 2124/2124/2124
f 2125/2125/2125 2120/2120/2120 2118/2118/2118
f 2121/2121/2121 2125/2125/2125 2118/2118/2118
f 2126/2126/2126 2121/2121/2121 2122/2122/2122
f 2127/2127/2127 2126/2126/2126 2122/2122/2122
f 2128/2128/2128 2125/2125/2125 2121/2121/2121
f 2126/2126/2126 2128/2128/2128 2121/2121/2121
f 2129/2129/2129 2126/2126/2126 2127/2127/2127
f 2128/2128/2128 2126/2126/2126 2129/2129/2129
f 2130/2130/2130 2129/2129/2129 2127/2127/2127
f 2130/2130/2130 2131/2131/2131 2129/2129/2129
f 2132/2132/2132 2120/2120/2120 2125/2125/2125
f 2132/2132/2132 2125/2125/2125 2128/2128/2128
f 2133/2133/2133 2128/2128/2128 2129/2129/2129
f 2132/2132/2132 2128/2128/2128 2133/2133/2133
f 2131/2131/2131 2134/2134/2134 2129/2129/2129
f 2133/2133/2133 2129/2129/2129 2134/2134/2134
f 2120/2120/2120 2135/2135/2135 2124/2124/2124
f 2135/2135/2135 2120/2120/2120 2132/2132/2132
f 2136/2136/2136 2132/2132/2132 2133/2133/2133
f 2136/2136/2136 2133/2133/2133 2134/2134/2134
f 2137/2137/2137 2134/2134/2134 2131/2131/2131
f 2138/2138/2138 2137/2137/2137 2131/2131/2131
f 2139/2139/2139 2135/2135/2135 2132/2132/2132
f 2132/2132/2132 2136/2136/2136 2139/2139/2139
f 2140/2140/2140 2136/2136/2136 2134/2134/2134
f 2137/2137/2137 2140/2140/2140 2134/2134/2134
f 2141/2141/2141 2136/2136/2136 2140/2140/2140
f 2142/2142/2142 2137/2137/2137 2138/2138/2138
f 2143/2143/2143 2142/2142/2142 2138/2138/2138
f 2144/2144/2144 2140/2140/2140 2137/2137/2137
f 2141/2141/2141 2140/2140/2140 2144/2144/2144
f 2142/2142/2142 2144/2144/2144 2137/2137/2137
f 2145/2145/2145 2142/2142/2142 2143/2143/2143
f 2146/2146/2146 2145/2145/2145 2143/2143/2143
f 2146/2146/2146 2147/2147/2147 2145/2145/2145
f 2148/2148/2148 2144/2144/2144 2142/2142/2142
f 2145/2145/2145 2148/2148/2148 2142/2142/2142
f 2141/2141/2141 2144/2144/2144 2148/2148/2148
f 2147/2147/2147 2149/2149/2149 2145/2145/2145
f 2148/2148/2148 2145/2145/2145 2149/2149/2149
f 2136/2136/2136 2150/2150/2150 2139/2139/2139
f 2136/2136/2136 2141/2141/2141 2150/2150/2150
f 2151/2151/2151 2149/2149/2149 2147/2147/2147
f 2152/2152/2152 2151/2151/2151 2147/2147/2147
f 2153/2153/2153 2148/2148/2148 2149/2149/2149
f 2153/2153/2153 2141/2141/2141 2148/2148/2148
f 2151/2151/2151 2154/2154/2154 2149/2149/2149
f 2154/2154/2154 2153/2153/2153 2149/2149/2149
f 2155/2155/2155 2151/2151/2151 2152/2152/2152
f 2156/2156/2156 2155/2155/2155 2152/2152/2152
f 2157/2157/2157 2154/2154/2154 2151/2151/2151
f 2155/2155/2155 2157/2157/2157 2151/2151/2151
f 2158/2158/2158 2155/2155/2155 2156/2156/2156
f 2159/2159/2159 2158/2158/2158 2156/2156/2156
f 2159/2159/2159 2160/2160/2160 2158/2158/2158
f 2161/2161/2161 2154/2154/2154 2157/2157/2157
f 2161/2161/2161 2153/2153/2153 2154/2154/2154
f 2162/2162/2162 2157/2157/2157 2155/2155/2155
f 2158/2158/2158 2162/2162/2162 2155/2155/2155
f 2161/2161/2161 2157/2157/2157 2162/2162/2162
f 2160/2160/2160 2163/2163/2163 2158/2158/2158
f 2162/2162/2162 2158/2158/2158 2163/2163/2163
f 2164/2164/2164 2161/2161/2161 2162/2162/2162
f 2164/2164/2164 2162/2162/2162 2163/2163/2163
f 2165/2165/2165 2163/2163/2163 2160/2160/2160
f 2166/2166/2166 2165/2165/2165 2160/2160/2160
f 2165/2165/2165 2167/2167/2167 2163/2163/2163
f 2167/2167/2167 2164/2164/2164 2163/2163/2163
f 2164/2164/2164 2167/2167/2167 2168/2168/2168
f 2169/2169/2169 2165/2165/2165 2166/2166/2166
f 2167/2167/2167 2165/2165/2165 2169/2169/2169
f 2170/2170/2170 2169/2169/2169 2166/2166/2166
f 2171/2171/2171 2169/2169/2169 2170/2170/2170
f 2172/2172/2172 2171/2171/2171 2170/2170/2170
f 2173/2173/2173 2167/2167/2167 2169/2169/2169
f 2173/2173/2173 2169/2169/2169 2171/2171/2171
f 2167/2167/2167 2174/2174/2174 2168/2168/2168
f 2174/2174/2174 2167/2167/2167 2173/2173/2173
f 2175/2175/2175 2171/2171/2171 2172/2172/2172
f 2176/2176/2176 2175/2175/2175 2172/2172/2172
f 2177/2177/2177 2175/2175/2175 2176/2176/2176
f 2178/2178/2178 2177/2177/2177 2176/2176/2176
f 2178/2178/2178 2179/2179/2179 2177/2177/2177
f 2180/2180/2180 2173/2173/2173 2171/2171/2171
f 2175/2175/2175 2181/2181/2181 2171/2171/2171
f 2181/2181/2181 2180/2180/2180 2171/2171/2171
f 2182/2182/2182 2180/2180/2180 2181/2181/2181
f 2173/2173/2173 2180/2180/2180 2183/2183/2183
f 2174/2174/2174 2173/2173/2173 2183/2183/2183
f 2180/2180/2180 2182/2182/2182 2183/2183/2183
f 2184/2184/2184 2181/2181/2181 2175/2175/2175
f 2177/2177/2177 2184/2184/2184 2175/2175/2175
f 2184/2184/2184 2182/2182/2182 2181/2181/2181
f 2184/2184/2184 2177/2177/2177 2185/2185/2185
f 2179/2179/2179 2185/2185/2185 2177/2177/2177
f 2182/2182/2182 2184/2184/2184 2185/2185/2185
f 2186/2186/2186 2185/2185/2185 2179/2179/2179
f 2187/2187/2187 2186/2186/2186 2179/2179/2179
f 2188/2188/2188 2182/2182/2182 2185/2185/2185
f 2186/2186/2186 2188/2188/2188 2185/2185/2185
f 2189/2189/2189 2186/2186/2186 2187/2187/2187
f 2190/2190/2190 2189/2189/2189 2187/2187/2187
f 2191/2191/2191 2188/2188/2188 2186/2186/2186
f 2189/2189/2189 2191/2191/2191 2186/2186/2186
f 2182/2182/2182 2188/2188/2188 2192/2192/2192
f 2188/2188/2188 2191/2191/2191 2192/2192/2192
f 2183/2183/2183 2182/2182/2182 2193/2193/2193
f 2193/2193/2193 2182/2182/2182 2192/2192/2192
f 2194/2194/2194 2189/2189/2189 2190/2190/2190
f 2195/2195/2195 2194/2194/2194 2190/2190/2190
f 2196/2196/2196 2191/2191/2191 2189/2189/2189
f 2194/2194/2194 2196/2196/2196 2189/2189/2189
f 2197/2197/2197 2194/2194/2194 2195/2195/2195
f 2198/2198/2198 2197/2197/2197 2195/2195/2195
f 2199/2199/2199 2183/2183/2183 2193/2193/2193
f 2174/2174/2174 2183/2183/2183 2199/2199/2199
f 2191/2191/2191 2200/2200/2200 2192/2192/2192
f 2191/2191/2191 2196/2196/2196 2200/2200/2200
f 2201/2201/2201 2196/2196/2196 2194/2194/2194
f 2197/2197/2197 2201/2201/2201 2194/2194/2194
f 2202/2202/2202 2197/2197/2197 2198/2198/2198
f 2203/2203/2203 2202/2202/2202 2198/2198/2198
f 2203/2203/2203 2204/2204/2204 2202/2202/2202
f 2205/2205/2205 2196/2196/2196 2201/2201/2201
f 2196/2196/2196 2205/2205/2205 2200/2200/2200
f 2206/2206/2206 2201/2201/2201 2197/2197/2197
f 2202/2202/2202 2206/2206/2206 2197/2197/2197
f 2206/2206/2206 2205/2205/2205 2201/2201/2201
f 2204/2204/2204 2207/2207/2207 2202/2202/2202
f 2206/2206/2206 2202/2202/2202 2207/2207/2207
f 2205/2205/2205 2206/2206/2206 2207/2207/2207
f 2204/2204/2204 2208/2208/2208 2207/2207/2207
f 2205/2205/2205 2207/2207/2207 2209/2209/2209
f 2208/2208/2208 2209/2209/2209 2207/2207/2207
f 2200/2200/2200 2205/2205/2205 2209/2209/2209
f 2210/2210/2210 2209/2209/2209 2208/2208/2208
f 2211/2211/2211 2210/2210/2210 2208/2208/2208
f 2212/2212/2212 2200/2200/2200 2209/2209/2209
f 2210/2210/2210 2212/2212/2212 2209/2209/2209
f 2213/2213/2213 2210/2210/2210 2211/2211/2211
f 2214/2214/2214 2213/2213/2213 2211/2211/2211
f 2214/2214/2214 2215/2215/2215 2213/2213/2213
f 2200/2200/2200 2212/2212/2212 2216/2216/2216
f 2200/2200/2200 2216/2216/2216 2192/2192/2192
f 2217/2217/2217 2212/2212/2212 2210/2210/2210
f 2213/2213/2213 2217/2217/2217 2210/2210/2210
f 2215/2215/2215 2218/2218/2218 2213/2213/2213
f 2215/2215/2215 2219/2219/2219 2218/2218/2218
f 2216/2216/2216 2220/2220/2220 2192/2192/2192
f 2192/2192/2192 2220/2220/2220 2193/2193/2193
f 2212/2212/2212 2221/2221/2221 2216/2216/2216
f 2221/2221/2221 2212/2212/2212 2217/2217/2217
f 2222/2222/2222 2217/2217/2217 2213/2213/2213
f 2218/2218/2218 2222/2222/2222 2213/2213/2213
f 2223/2223/2223 2221/2221/2221 2217/2217/2217
f 2223/2223/2223 2217/2217/2217 2222/2222/2222
f 2219/2219/2219 2224/2224/2224 2218/2218/2218
f 2225/2225/2225 2222/2222/2222 2218/2218/2218
f 2224/2224/2224 2225/2225/2225 2218/2218/2218
f 2226/2226/2226 2224/2224/2224 2219/2219/2219
f 2227/2227/2227 2226/2226/2226 2219/2219/2219
f 2227/2227/2227 2228/2228/2228 2226/2226/2226
f 2229/2229/2229 2223/2223/2223 2222/2222/2222
f 2229/2229/2229 2222/2222/2222 2225/2225/2225
f 2230/2230/2230 2225/2225/2225 2224/2224/2224
f 2226/2226/2226 2230/2230/2230 2224/2224/2224
f 2228/2228/2228 2231/2231/2231 2226/2226/2226
f 2228/2228/2228 2232/2232/2232 2231/2231/2231
f 2233/2233/2233 2229/2229/2229 2225/2225/2225
f 2233/2233/2233 2225/2225/2225 2230/2230/2230
f 2234/2234/2234 2230/2230/2230 2226/2226/2226
f 2231/2231/2231 2234/2234/2234 2226/2226/2226
f 2234/2234/2234 2233/2233/2233 2230/2230/2230
f 2232/2232/2232 2235/2235/2235 2231/2231/2231
f 2234/2234/2234 2231/2231/2231 2235/2235/2235
f 2233/2233/2233 2234/2234/2234 2235/2235/2235
f 2232/2232/2232 2236/2236/2236 2235/2235/2235
f 2229/2229/2229 2233/2233/2233 2237/2237/2237
f 2233/2233/2233 2235/2235/2235 2237/2237/2237
f 2236/2236/2236 2237/2237/2237 2235/2235/2235
f 2223/2223/2223 2229/2229/2229 2237/2237/2237
f 2236/2236/2236 2238/2238/2238 2237/2237/2237
f 2239/2239/2239 2223/2223/2223 2237/2237/2237
f 2238/2238/2238 2239/2239/2239 2237/2237/2237
f 2221/2221/2221 2223/2223/2223 2239/2239/2239
f 2238/2238/2238 2240/2240/2240 2239/2239/2239
f 2241/2241/2241 2221/2221/2221 2239/2239/2239
f 2240/2240/2240 2241/2241/2241 2239/2239/2239
f 2216/2216/2216 2221/2221/2221 2241/2241/2241
f 2240/2240/2240 2242/2242/2242 2241/2241/2241
f 2243/2243/2243 2216/2216/2216 2241/2241/2241
f 2242/2242/2242 2243/2243/2243 2241/2241/2241
f 2242/2242/2242 2244/2244/2244 2243/2243/2243
f 2220/2220/2220 2216/2216/2216 2243/2243/2243
f 2244/2244/2244 2245/2245/2245 2243/2243/2243
f 2245/2245/2245 2220/2220/2220 2243/2243/2243
f 2244/2244/2244 2246/2246/2246 2245/2245/2245
f 2247/2247/2247 2220/2220/2220 2245/2245/2245
f 2220/2220/2220 2247/2247/2247 2193/2193/2193
f 2246/2246/2246 2248/2248/2248 2245/2245/2245
f 2248/2248/2248 2247/2247/2247 2245/2245/2245
f 2246/2246/2246 2249/2249/2249 2248/2248/2248
f 2247/2247/2247 2250/2250/2250 2193/2193/2193
f 2250/2250/2250 2247/2247/2247 2248/2248/2248
f 2250/2250/2250 2199/2199/2199 2193/2193/2193
f 2249/2249/2249 2251/2251/2251 2248/2248/2248
f 2251/2251/2251 2250/2250/2250 2248/2248/2248
f 2249/2249/2249 2252/2252/2252 2251/2251/2251
f 2252/2252/2252 2253/2253/2253 2251/2251/2251
f 2250/2250/2250 2251/2251/2251 2253/2253/2253
f 2252/2252/2252 2254/2254/2254 2253/2253/2253
f 2250/2250/2250 2255/2255/2255 2199/2199/2199
f 2255/2255/2255 2250/2250/2250 2253/2253/2253
f 2254/2254/2254 2256/2256/2256 2253/2253/2253
f 2254/2254/2254 2257/2257/2257 2256/2256/2256
f 2256/2256/2256 2258/2258/2258 2253/2253/2253
f 2258/2258/2258 2255/2255/2255 2253/2253/2253
f 2257/2257/2257 2259/2259/2259 2256/2256/2256
f 2258/2258/2258 2256/2256/2256 2259/2259/2259
f 2257/2257/2257 2260/2260/2260 2259/2259/2259
f 2255/2255/2255 2261/2261/2261 2199/2199/2199
f 2261/2261/2261 2174/2174/2174 2199/2199/2199
f 2258/2258/2258 2262/2262/2262 2255/2255/2255
f 2262/2262/2262 2258/2258/2258 2259/2259/2259
f 2260/2260/2260 2263/2263/2263 2259/2259/2259
f 2260/2260/2260 2264/2264/2264 2263/2263/2263
f 2265/2265/2265 2174/2174/2174 2261/2261/2261
f 2168/2168/2168 2174/2174/2174 2265/2265/2265
f 2255/2255/2255 2266/2266/2266 2261/2261/2261
f 2262/2262/2262 2266/2266/2266 2255/2255/2255
f 2266/2266/2266 2265/2265/2265 2261/2261/2261
f 2267/2267/2267 2262/2262/2262 2259/2259/2259
f 2262/2262/2262 2267/2267/2267 2266/2266/2266
f 2263/2263/2263 2267/2267/2267 2259/2259/2259
f 2266/2266/2266 2268/2268/2268 2265/2265/2265
f 2268/2268/2268 2168/2168/2168 2265/2265/2265
f 2267/2267/2267 2268/2268/2268 2266/2266/2266
f 2264/2264/2264 2269/2269/2269 2263/2263/2263
f 2264/2264/2264 2270/2270/2270 2269/2269/2269
f 2271/2271/2271 2267/2267/2267 2263/2263/2263
f 2269/2269/2269 2271/2271/2271 2263/2263/2263
f 2268/2268/2268 2267/2267/2267 2272/2272/2272
f 2267/2267/2267 2271/2271/2271 2272/2272/2272
f 2270/2270/2270 2273/2273/2273 2269/2269/2269
f 2270/2270/2270 2274/2274/2274 2273/2273/2273
f 2275/2275/2275 2271/2271/2271 2269/2269/2269
f 2273/2273/2273 2275/2275/2275 2269/2269/2269
f 2274/2274/2274 2276/2276/2276 2273/2273/2273
f 2274/2274/2274 2277/2277/2277 2276/2276/2276
f 2168/2168/2168 2268/2268/2268 2278/2278/2278
f 2268/2268/2268 2272/2272/2272 2278/2278/2278
f 2272/2272/2272 2271/2271/2271 2279/2279/2279
f 2271/2271/2271 2275/2275/2275 2279/2279/2279
f 2278/2278/2278 2272/2272/2272 2280/2280/2280
f 2278/2278/2278 2280/2280/2280 2168/2168/2168
f 2272/2272/2272 2279/2279/2279 2280/2280/2280
f 2279/2279/2279 2275/2275/2275 2281/2281/2281
f 2275/2275/2275 2282/2282/2282 2281/2281/2281
f 2282/2282/2282 2275/2275/2275 2273/2273/2273
f 2276/2276/2276 2282/2282/2282 2273/2273/2273
f 2281/2281/2281 2283/2283/2283 2279/2279/2279
f 2279/2279/2279 2283/2283/2283 2280/2280/2280
f 2277/2277/2277 2284/2284/2284 2276/2276/2276
f 2277/2277/2277 2285/2285/2285 2284/2284/2284
f 2286/2286/2286 2282/2282/2282 2276/2276/2276
f 2282/2282/2282 2286/2286/2286 2281/2281/2281
f 2284/2284/2284 2286/2286/2286 2276/2276/2276
f 2168/2168/2168 2280/2280/2280 2287/2287/2287
f 2164/2164/2164 2168/2168/2168 2287/2287/2287
f 2287/2287/2287 2280/2280/2280 2288/2288/2288
f 2164/2164/2164 2287/2287/2287 2288/2288/2288
f 2280/2280/2280 2283/2283/2283 2288/2288/2288
f 2161/2161/2161 2164/2164/2164 2288/2288/2288
f 2289/2289/2289 2161/2161/2161 2288/2288/2288
f 2288/2288/2288 2283/2283/2283 2289/2289/2289
f 2153/2153/2153 2161/2161/2161 2289/2289/2289
f 2285/2285/2285 2290/2290/2290 2284/2284/2284
f 2285/2285/2285 2291/2291/2291 2290/2290/2290
f 2292/2292/2292 2286/2286/2286 2284/2284/2284
f 2290/2290/2290 2292/2292/2292 2284/2284/2284
f 2286/2286/2286 2292/2292/2292 2281/2281/2281
f 2283/2283/2283 2293/2293/2293 2289/2289/2289
f 2281/2281/2281 2293/2293/2293 2283/2283/2283
f 2294/2294/2294 2153/2153/2153 2289/2289/2289
f 2289/2289/2289 2293/2293/2293 2294/2294/2294
f 2141/2141/2141 2153/2153/2153 2294/2294/2294
f 2291/2291/2291 2295/2295/2295 2290/2290/2290
f 2291/2291/2291 2296/2296/2296 2295/2295/2295
f 2295/2295/2295 2297/2297/2297 2290/2290/2290
f 2297/2297/2297 2292/2292/2292 2290/2290/2290
f 2292/2292/2292 2297/2297/2297 2298/2298/2298
f 2296/2296/2296 2299/2299/2299 2295/2295/2295
f 2297/2297/2297 2295/2295/2295 2299/2299/2299
f 2296/2296/2296 2300/2300/2300 2299/2299/2299
f 2301/2301/2301 2297/2297/2297 2299/2299/2299
f 2297/2297/2297 2301/2301/2301 2298/2298/2298
f 2300/2300/2300 2302/2302/2302 2299/2299/2299
f 2301/2301/2301 2299/2299/2299 2302/2302/2302
f 2300/2300/2300 2303/2303/2303 2302/2302/2302
f 2304/2304/2304 2141/2141/2141 2294/2294/2294
f 2141/2141/2141 2304/2304/2304 2150/2150/2150
f 2305/2305/2305 2150/2150/2150 2304/2304/2304
f 2150/2150/2150 2305/2305/2305 2139/2139/2139
f 2304/2304/2304 2294/2294/2294 2306/2306/2306
f 2306/2306/2306 2305/2305/2305 2304/2304/2304
f 2294/2294/2294 2307/2307/2307 2306/2306/2306
f 2293/2293/2293 2307/2307/2307 2294/2294/2294
f 2281/2281/2281 2307/2307/2307 2293/2293/2293
f 2307/2307/2307 2308/2308/2308 2306/2306/2306
f 2281/2281/2281 2308/2308/2308 2307/2307/2307
f 2306/2306/2306 2308/2308/2308 2305/2305/2305
f 2308/2308/2308 2281/2281/2281 2309/2309/2309
f 2308/2308/2308 2309/2309/2309 2305/2305/2305
f 2292/2292/2292 2309/2309/2309 2281/2281/2281
f 2309/2309/2309 2292/2292/2292 2298/2298/2298
f 2305/2305/2305 2310/2310/2310 2139/2139/2139
f 2305/2305/2305 2309/2309/2309 2310/2310/2310
f 2309/2309/2309 2298/2298/2298 2310/2310/2310
f 2310/2310/2310 2135/2135/2135 2139/2139/2139
f 2135/2135/2135 2310/2310/2310 2311/2311/2311
f 2311/2311/2311 2310/2310/2310 2298/2298/2298
f 2124/2124/2124 2135/2135/2135 2311/2311/2311
f 2311/2311/2311 2312/2312/2312 2124/2124/2124
f 2312/2312/2312 2116/2116/2116 2124/2124/2124
f 2116/2116/2116 2312/2312/2312 2123/2123/2123
f 2313/2313/2313 2312/2312/2312 2311/2311/2311
f 2313/2313/2313 2311/2311/2311 2298/2298/2298
f 2123/2123/2123 2312/2312/2312 2313/2313/2313
f 2314/2314/2314 2313/2313/2313 2298/2298/2298
f 2301/2301/2301 2314/2314/2314 2298/2298/2298
f 2314/2314/2314 2301/2301/2301 2302/2302/2302
f 2315/2315/2315 2123/2123/2123 2313/2313/2313
f 2315/2315/2315 2108/2108/2108 2123/2123/2123
f 2314/2314/2314 2316/2316/2316 2313/2313/2313
f 2316/2316/2316 2314/2314/2314 2302/2302/2302
f 2316/2316/2316 2315/2315/2315 2313/2313/2313
f 2317/2317/2317 2316/2316/2316 2302/2302/2302
f 2303/2303/2303 2317/2317/2317 2302/2302/2302
f 2303/2303/2303 2318/2318/2318 2317/2317/2317
f 2319/2319/2319 2316/2316/2316 2317/2317/2317
f 2316/2316/2316 2319/2319/2319 2315/2315/2315
f 2318/2318/2318 2320/2320/2320 2317/2317/2317
f 2320/2320/2320 2319/2319/2319 2317/2317/2317
f 2318/2318/2318 2321/2321/2321 2320/2320/2320
f 2322/2322/2322 2319/2319/2319 2320/2320/2320
f 2323/2323/2323 2322/2322/2322 2320/2320/2320
f 2321/2321/2321 2323/2323/2323 2320/2320/2320
f 2321/2321/2321 2324/2324/2324 2323/2323/2323
f 2324/2324/2324 2325/2325/2325 2323/2323/2323
f 2322/2322/2322 2323/2323/2323 2325/2325/2325
f 2324/2324/2324 2326/2326/2326 2325/2325/2325
f 2326/2326/2326 2327/2327/2327 2325/2325/2325
f 2325/2325/2325 2327/2327/2327 2328/2328/2328
f 2329/2329/2329 2325/2325/2325 2328/2328/2328
f 2329/2329/2329 2322/2322/2322 2325/2325/2325
f 2328/2328/2328 2078/2078/2078 2329/2329/2329
f 2078/2078/2078 2330/2330/2330 2329/2329/2329
f 2329/2329/2329 2330/2330/2330 2322/2322/2322
f 2076/2076/2076 2330/2330/2330 2078/2078/2078
f 2322/2322/2322 2330/2330/2330 2076/2076/2076
f 2319/2319/2319 2322/2322/2322 2331/2331/2331
f 2319/2319/2319 2331/2331/2331 2315/2315/2315
f 2332/2332/2332 2322/2322/2322 2076/2076/2076
f 2322/2322/2322 2332/2332/2332 2331/2331/2331
f 2332/2332/2332 2076/2076/2076 2079/2079/2079
f 2332/2332/2332 2079/2079/2079 2333/2333/2333
f 2331/2331/2331 2332/2332/2332 2333/2333/2333
f 2073/2073/2073 2333/2333/2333 2079/2079/2079
f 2331/2331/2331 2334/2334/2334 2315/2315/2315
f 2331/2331/2331 2333/2333/2333 2334/2334/2334
f 2334/2334/2334 2333/2333/2333 2073/2073/2073
f 2334/2334/2334 2108/2108/2108 2315/2315/2315
f 2089/2089/2089 2334/2334/2334 2073/2073/2073
f 2108/2108/2108 2334/2334/2334 2089/2089/2089
f 2337/2337/2337 2336/2336/2336 2335/2335/2335
f 2336/2336/2336 2338/2338/2338 2335/2335/2335
f 2338/2338/2338 2339/2339/2339 2335/2335/2335
f 2339/2339/2339 2340/2340/2340 2335/2335/2335
f 2341/2341/2341 2338/2338/2338 2336/2336/2336
f 2342/2342/2342 2341/2341/2341 2336/2336/2336
f 2339/2339/2339 2343/2343/2343 2340/2340/2340
f 2343/2343/2343 2344/2344/2344 2340/2340/2340
f 2345/2345/2345 2339/2339/2339 2338/2338/2338
f 2341/2341/2341 2345/2345/2345 2338/2338/2338
f 2343/2343/2343 2346/2346/2346 2344/2344/2344
f 2346/2346/2346 2347/2347/2347 2344/2344/2344
f 2348/2348/2348 2343/2343/2343 2339/2339/2339
f 2345/2345/2345 2348/2348/2348 2339/2339/2339
f 2348/2348/2348 2349/2349/2349 2343/2343/2343
f 2349/2349/2349 2346/2346/2346 2343/2343/2343
f 2346/2346/2346 2350/2350/2350 2347/2347/2347
f 2350/2350/2350 2351/2351/2351 2347/2347/2347
f 2352/2352/2352 2351/2351/2351 2350/2350/2350
f 2348/2348/2348 2353/2353/2353 2349/2349/2349
f 2345/2345/2345 2353/2353/2353 2348/2348/2348
f 2349/2349/2349 2354/2354/2354 2346/2346/2346
f 2354/2354/2354 2350/2350/2350 2346/2346/2346
f 2349/2349/2349 2353/2353/2353 2354/2354/2354
f 2355/2355/2355 2352/2352/2352 2350/2350/2350
f 2350/2350/2350 2354/2354/2354 2355/2355/2355
f 2353/2353/2353 2356/2356/2356 2354/2354/2354
f 2354/2354/2354 2356/2356/2356 2355/2355/2355
f 2355/2355/2355 2357/2357/2357 2352/2352/2352
f 2357/2357/2357 2358/2358/2358 2352/2352/2352
f 2356/2356/2356 2359/2359/2359 2355/2355/2355
f 2359/2359/2359 2357/2357/2357 2355/2355/2355
f 2357/2357/2357 2360/2360/2360 2358/2358/2358
f 2360/2360/2360 2361/2361/2361 2358/2358/2358
f 2359/2359/2359 2362/2362/2362 2357/2357/2357
f 2362/2362/2362 2360/2360/2360 2357/2357/2357
f 2360/2360/2360 2363/2363/2363 2361/2361/2361
f 2360/2360/2360 2362/2362/2362 2363/2363/2363
f 2363/2363/2363 2364/2364/2364 2361/2361/2361
f 2365/2365/2365 2364/2364/2364 2363/2363/2363
f 2356/2356/2356 2366/2366/2366 2359/2359/2359
f 2359/2359/2359 2366/2366/2366 2362/2362/2362
f 2356/2356/2356 2353/2353/2353 2367/2367/2367
f 2356/2356/2356 2367/2367/2367 2366/2366/2366
f 2362/2362/2362 2368/2368/2368 2363/2363/2363
f 2362/2362/2362 2366/2366/2366 2368/2368/2368
f 2369/2369/2369 2365/2365/2365 2363/2363/2363
f 2363/2363/2363 2368/2368/2368 2369/2369/2369
f 2366/2366/2366 2370/2370/2370 2368/2368/2368
f 2368/2368/2368 2370/2370/2370 2369/2369/2369
f 2369/2369/2369 2371/2371/2371 2365/2365/2365
f 2371/2371/2371 2372/2372/2372 2365/2365/2365
f 2353/2353/2353 2373/2373/2373 2367/2367/2367
f 2353/2353/2353 2345/2345/2345 2373/2373/2373
f 2367/2367/2367 2374/2374/2374 2366/2366/2366
f 2370/2370/2370 2366/2366/2366 2374/2374/2374
f 2375/2375/2375 2371/2371/2371 2369/2369/2369
f 2370/2370/2370 2375/2375/2375 2369/2369/2369
f 2371/2371/2371 2376/2376/2376 2372/2372/2372
f 2376/2376/2376 2377/2377/2377 2372/2372/2372
f 2375/2375/2375 2378/2378/2378 2371/2371/2371
f 2378/2378/2378 2376/2376/2376 2371/2371/2371
f 2376/2376/2376 2379/2379/2379 2377/2377/2377
f 2376/2376/2376 2378/2378/2378 2379/2379/2379
f 2379/2379/2379 2380/2380/2380 2377/2377/2377
f 2370/2370/2370 2381/2381/2381 2375/2375/2375
f 2375/2375/2375 2381/2381/2381 2378/2378/2378
f 2379/2379/2379 2382/2382/2382 2380/2380/2380
f 2382/2382/2382 2383/2383/2383 2380/2380/2380
f 2378/2378/2378 2384/2384/2384 2379/2379/2379
f 2378/2378/2378 2381/2381/2381 2384/2384/2384
f 2379/2379/2379 2384/2384/2384 2382/2382/2382
f 2385/2385/2385 2370/2370/2370 2374/2374/2374
f 2381/2381/2381 2370/2370/2370 2385/2385/2385
f 2381/2381/2381 2386/2386/2386 2384/2384/2384
f 2384/2384/2384 2386/2386/2386 2382/2382/2382
f 2382/2382/2382 2387/2387/2387 2383/2383/2383
f 2387/2387/2387 2388/2388/2388 2383/2383/2383
f 2389/2389/2389 2381/2381/2381 2385/2385/2385
f 2386/2386/2386 2381/2381/2381 2389/2389/2389
f 2390/2390/2390 2387/2387/2387 2382/2382/2382
f 2386/2386/2386 2390/2390/2390 2382/2382/2382
f 2387/2387/2387 2391/2391/2391 2388/2388/2388
f 2391/2391/2391 2392/2392/2392 2388/2388/2388
f 2390/2390/2390 2393/2393/2393 2387/2387/2387
f 2393/2393/2393 2391/2391/2391 2387/2387/2387
f 2391/2391/2391 2394/2394/2394 2392/2392/2392
f 2391/2391/2391 2393/2393/2393 2394/2394/2394
f 2394/2394/2394 2395/2395/2395 2392/2392/2392
f 2396/2396/2396 2395/2395/2395 2394/2394/2394
f 2386/2386/2386 2397/2397/2397 2390/2390/2390
f 2390/2390/2390 2397/2397/2397 2393/2393/2393
f 2393/2393/2393 2398/2398/2398 2394/2394/2394
f 2393/2393/2393 2397/2397/2397 2398/2398/2398
f 2399/2399/2399 2396/2396/2396 2394/2394/2394
f 2394/2394/2394 2398/2398/2398 2399/2399/2399
f 2400/2400/2400 2386/2386/2386 2389/2389/2389
f 2386/2386/2386 2400/2400/2400 2397/2397/2397
f 2397/2397/2397 2401/2401/2401 2398/2398/2398
f 2398/2398/2398 2401/2401/2401 2399/2399/2399
f 2399/2399/2399 2402/2402/2402 2396/2396/2396
f 2402/2402/2402 2403/2403/2403 2396/2396/2396
f 2400/2400/2400 2404/2404/2404 2397/2397/2397
f 2401/2401/2401 2397/2397/2397 2404/2404/2404
f 2405/2405/2405 2402/2402/2402 2399/2399/2399
f 2401/2401/2401 2405/2405/2405 2399/2399/2399
f 2401/2401/2401 2406/2406/2406 2405/2405/2405
f 2402/2402/2402 2407/2407/2407 2403/2403/2403
f 2407/2407/2407 2408/2408/2408 2403/2403/2403
f 2405/2405/2405 2409/2409/2409 2402/2402/2402
f 2405/2405/2405 2406/2406/2406 2409/2409/2409
f 2409/2409/2409 2407/2407/2407 2402/2402/2402
f 2407/2407/2407 2410/2410/2410 2408/2408/2408
f 2410/2410/2410 2411/2411/2411 2408/2408/2408
f 2412/2412/2412 2411/2411/2411 2410/2410/2410
f 2409/2409/2409 2413/2413/2413 2407/2407/2407
f 2413/2413/2413 2410/2410/2410 2407/2407/2407
f 2409/2409/2409 2406/2406/2406 2413/2413/2413
f 2414/2414/2414 2412/2412/2412 2410/2410/2410
f 2410/2410/2410 2413/2413/2413 2414/2414/2414
f 2415/2415/2415 2401/2401/2401 2404/2404/2404
f 2406/2406/2406 2401/2401/2401 2415/2415/2415
f 2414/2414/2414 2416/2416/2416 2412/2412/2412
f 2416/2416/2416 2417/2417/2417 2412/2412/2412
f 2413/2413/2413 2418/2418/2418 2414/2414/2414
f 2406/2406/2406 2418/2418/2418 2413/2413/2413
f 2416/2416/2416 2419/2419/2419 2417/2417/2417
f 2419/2419/2419 2420/2420/2420 2417/2417/2417
f 2421/2421/2421 2416/2416/2416 2414/2414/2414
f 2418/2418/2418 2421/2421/2421 2414/2414/2414
f 2421/2421/2421 2422/2422/2422 2416/2416/2416
f 2422/2422/2422 2419/2419/2419 2416/2416/2416
f 2419/2419/2419 2423/2423/2423 2420/2420/2420
f 2423/2423/2423 2424/2424/2424 2420/2420/2420
f 2425/2425/2425 2424/2424/2424 2423/2423/2423
f 2421/2421/2421 2426/2426/2426 2422/2422/2422
f 2418/2418/2418 2426/2426/2426 2421/2421/2421
f 2422/2422/2422 2427/2427/2427 2419/2419/2419
f 2427/2427/2427 2423/2423/2423 2419/2419/2419
f 2422/2422/2422 2426/2426/2426 2427/2427/2427
f 2428/2428/2428 2425/2425/2425 2423/2423/2423
f 2423/2423/2423 2427/2427/2427 2428/2428/2428
f 2426/2426/2426 2429/2429/2429 2427/2427/2427
f 2427/2427/2427 2429/2429/2429 2428/2428/2428
f 2428/2428/2428 2430/2430/2430 2425/2425/2425
f 2430/2430/2430 2431/2431/2431 2425/2425/2425
f 2432/2432/2432 2430/2430/2430 2428/2428/2428
f 2429/2429/2429 2432/2432/2432 2428/2428/2428
f 2432/2432/2432 2429/2429/2429 2433/2433/2433
f 2430/2430/2430 2434/2434/2434 2431/2431/2431
f 2430/2430/2430 2432/2432/2432 2434/2434/2434
f 2434/2434/2434 2435/2435/2435 2431/2431/2431
f 2434/2434/2434 2436/2436/2436 2435/2435/2435
f 2436/2436/2436 2437/2437/2437 2435/2435/2435
f 2432/2432/2432 2438/2438/2438 2434/2434/2434
f 2434/2434/2434 2438/2438/2438 2436/2436/2436
f 2439/2439/2439 2432/2432/2432 2433/2433/2433
f 2432/2432/2432 2439/2439/2439 2438/2438/2438
f 2436/2436/2436 2440/2440/2440 2437/2437/2437
f 2440/2440/2440 2441/2441/2441 2437/2437/2437
f 2440/2440/2440 2442/2442/2442 2441/2441/2441
f 2442/2442/2442 2443/2443/2443 2441/2441/2441
f 2444/2444/2444 2443/2443/2443 2442/2442/2442
f 2438/2438/2438 2445/2445/2445 2436/2436/2436
f 2446/2446/2446 2440/2440/2440 2436/2436/2436
f 2445/2445/2445 2446/2446/2446 2436/2436/2436
f 2445/2445/2445 2447/2447/2447 2446/2446/2446
f 2445/2445/2445 2438/2438/2438 2448/2448/2448
f 2438/2438/2438 2439/2439/2439 2448/2448/2448
f 2447/2447/2447 2445/2445/2445 2448/2448/2448
f 2446/2446/2446 2449/2449/2449 2440/2440/2440
f 2449/2449/2449 2442/2442/2442 2440/2440/2440
f 2447/2447/2447 2449/2449/2449 2446/2446/2446
f 2442/2442/2442 2449/2449/2449 2450/2450/2450
f 2450/2450/2450 2444/2444/2444 2442/2442/2442
f 2449/2449/2449 2447/2447/2447 2450/2450/2450
f 2450/2450/2450 2451/2451/2451 2444/2444/2444
f 2451/2451/2451 2452/2452/2452 2444/2444/2444
f 2447/2447/2447 2453/2453/2453 2450/2450/2450
f 2453/2453/2453 2451/2451/2451 2450/2450/2450
f 2451/2451/2451 2454/2454/2454 2452/2452/2452
f 2454/2454/2454 2455/2455/2455 2452/2452/2452
f 2453/2453/2453 2456/2456/2456 2451/2451/2451
f 2456/2456/2456 2454/2454/2454 2451/2451/2451
f 2453/2453/2453 2447/2447/2447 2457/2457/2457
f 2456/2456/2456 2453/2453/2453 2457/2457/2457
f 2447/2447/2447 2448/2448/2448 2458/2458/2458
f 2447/2447/2447 2458/2458/2458 2457/2457/2457
f 2454/2454/2454 2459/2459/2459 2455/2455/2455
f 2459/2459/2459 2460/2460/2460 2455/2455/2455
f 2456/2456/2456 2461/2461/2461 2454/2454/2454
f 2461/2461/2461 2459/2459/2459 2454/2454/2454
f 2459/2459/2459 2462/2462/2462 2460/2460/2460
f 2462/2462/2462 2463/2463/2463 2460/2460/2460
f 2448/2448/2448 2464/2464/2464 2458/2458/2458
f 2448/2448/2448 2439/2439/2439 2464/2464/2464
f 2465/2465/2465 2456/2456/2456 2457/2457/2457
f 2461/2461/2461 2456/2456/2456 2465/2465/2465
f 2461/2461/2461 2466/2466/2466 2459/2459/2459
f 2466/2466/2466 2462/2462/2462 2459/2459/2459
f 2462/2462/2462 2467/2467/2467 2463/2463/2463
f 2467/2467/2467 2468/2468/2468 2463/2463/2463
f 2469/2469/2469 2468/2468/2468 2467/2467/2467
f 2461/2461/2461 2470/2470/2470 2466/2466/2466
f 2470/2470/2470 2461/2461/2461 2465/2465/2465
f 2466/2466/2466 2471/2471/2471 2462/2462/2462
f 2471/2471/2471 2467/2467/2467 2462/2462/2462
f 2470/2470/2470 2471/2471/2471 2466/2466/2466
f 2472/2472/2472 2469/2469/2469 2467/2467/2467
f 2467/2467/2467 2471/2471/2471 2472/2472/2472
f 2471/2471/2471 2470/2470/2470 2472/2472/2472
f 2473/2473/2473 2469/2469/2469 2472/2472/2472
f 2472/2472/2472 2470/2470/2470 2474/2474/2474
f 2474/2474/2474 2473/2473/2473 2472/2472/2472
f 2470/2470/2470 2465/2465/2465 2474/2474/2474
f 2474/2474/2474 2475/2475/2475 2473/2473/2473
f 2475/2475/2475 2476/2476/2476 2473/2473/2473
f 2465/2465/2465 2477/2477/2477 2474/2474/2474
f 2477/2477/2477 2475/2475/2475 2474/2474/2474
f 2475/2475/2475 2478/2478/2478 2476/2476/2476
f 2478/2478/2478 2479/2479/2479 2476/2476/2476
f 2480/2480/2480 2479/2479/2479 2478/2478/2478
f 2477/2477/2477 2465/2465/2465 2481/2481/2481
f 2481/2481/2481 2465/2465/2465 2457/2457/2457
f 2477/2477/2477 2482/2482/2482 2475/2475/2475
f 2482/2482/2482 2478/2478/2478 2475/2475/2475
f 2483/2483/2483 2480/2480/2480 2478/2478/2478
f 2484/2484/2484 2480/2480/2480 2483/2483/2483
f 2485/2485/2485 2481/2481/2481 2457/2457/2457
f 2485/2485/2485 2457/2457/2457 2458/2458/2458
f 2486/2486/2486 2477/2477/2477 2481/2481/2481
f 2477/2477/2477 2486/2486/2486 2482/2482/2482
f 2482/2482/2482 2487/2487/2487 2478/2478/2478
f 2487/2487/2487 2483/2483/2483 2478/2478/2478
f 2486/2486/2486 2488/2488/2488 2482/2482/2482
f 2482/2482/2482 2488/2488/2488 2487/2487/2487
f 2489/2489/2489 2484/2484/2484 2483/2483/2483
f 2487/2487/2487 2490/2490/2490 2483/2483/2483
f 2490/2490/2490 2489/2489/2489 2483/2483/2483
f 2489/2489/2489 2491/2491/2491 2484/2484/2484
f 2491/2491/2491 2492/2492/2492 2484/2484/2484
f 2493/2493/2493 2492/2492/2492 2491/2491/2491
f 2488/2488/2488 2494/2494/2494 2487/2487/2487
f 2487/2487/2487 2494/2494/2494 2490/2490/2490
f 2490/2490/2490 2495/2495/2495 2489/2489/2489
f 2495/2495/2495 2491/2491/2491 2489/2489/2489
f 2496/2496/2496 2493/2493/2493 2491/2491/2491
f 2497/2497/2497 2493/2493/2493 2496/2496/2496
f 2494/2494/2494 2498/2498/2498 2490/2490/2490
f 2490/2490/2490 2498/2498/2498 2495/2495/2495
f 2495/2495/2495 2499/2499/2499 2491/2491/2491
f 2499/2499/2499 2496/2496/2496 2491/2491/2491
f 2498/2498/2498 2499/2499/2499 2495/2495/2495
f 2500/2500/2500 2497/2497/2497 2496/2496/2496
f 2496/2496/2496 2499/2499/2499 2500/2500/2500
f 2499/2499/2499 2498/2498/2498 2500/2500/2500
f 2501/2501/2501 2497/2497/2497 2500/2500/2500
f 2498/2498/2498 2494/2494/2494 2502/2502/2502
f 2500/2500/2500 2498/2498/2498 2502/2502/2502
f 2502/2502/2502 2501/2501/2501 2500/2500/2500
f 2494/2494/2494 2488/2488/2488 2502/2502/2502
f 2503/2503/2503 2501/2501/2501 2502/2502/2502
f 2488/2488/2488 2504/2504/2504 2502/2502/2502
f 2504/2504/2504 2503/2503/2503 2502/2502/2502
f 2488/2488/2488 2486/2486/2486 2504/2504/2504
f 2505/2505/2505 2503/2503/2503 2504/2504/2504
f 2486/2486/2486 2506/2506/2506 2504/2504/2504
f 2506/2506/2506 2505/2505/2505 2504/2504/2504
f 2486/2486/2486 2481/2481/2481 2506/2506/2506
f 2507/2507/2507 2505/2505/2505 2506/2506/2506
f 2481/2481/2481 2508/2508/2508 2506/2506/2506
f 2508/2508/2508 2507/2507/2507 2506/2506/2506
f 2509/2509/2509 2507/2507/2507 2508/2508/2508
f 2481/2481/2481 2485/2485/2485 2508/2508/2508
f 2510/2510/2510 2509/2509/2509 2508/2508/2508
f 2485/2485/2485 2510/2510/2510 2508/2508/2508
f 2511/2511/2511 2509/2509/2509 2510/2510/2510
f 2485/2485/2485 2512/2512/2512 2510/2510/2510
f 2512/2512/2512 2485/2485/2485 2458/2458/2458
f 2513/2513/2513 2511/2511/2511 2510/2510/2510
f 2512/2512/2512 2513/2513/2513 2510/2510/2510
f 2514/2514/2514 2511/2511/2511 2513/2513/2513
f 2515/2515/2515 2512/2512/2512 2458/2458/2458
f 2512/2512/2512 2515/2515/2515 2513/2513/2513
f 2464/2464/2464 2515/2515/2515 2458/2458/2458
f 2516/2516/2516 2514/2514/2514 2513/2513/2513
f 2515/2515/2515 2516/2516/2516 2513/2513/2513
f 2517/2517/2517 2514/2514/2514 2516/2516/2516
f 2518/2518/2518 2517/2517/2517 2516/2516/2516
f 2516/2516/2516 2515/2515/2515 2518/2518/2518
f 2519/2519/2519 2517/2517/2517 2518/2518/2518
f 2520/2520/2520 2515/2515/2515 2464/2464/2464
f 2515/2515/2515 2520/2520/2520 2518/2518/2518
f 2521/2521/2521 2519/2519/2519 2518/2518/2518
f 2522/2522/2522 2519/2519/2519 2521/2521/2521
f 2523/2523/2523 2521/2521/2521 2518/2518/2518
f 2520/2520/2520 2523/2523/2523 2518/2518/2518
f 2524/2524/2524 2522/2522/2522 2521/2521/2521
f 2521/2521/2521 2523/2523/2523 2524/2524/2524
f 2525/2525/2525 2522/2522/2522 2524/2524/2524
f 2526/2526/2526 2520/2520/2520 2464/2464/2464
f 2439/2439/2439 2526/2526/2526 2464/2464/2464
f 2527/2527/2527 2523/2523/2523 2520/2520/2520
f 2523/2523/2523 2527/2527/2527 2524/2524/2524
f 2528/2528/2528 2525/2525/2525 2524/2524/2524
f 2529/2529/2529 2525/2525/2525 2528/2528/2528
f 2530/2530/2530 2520/2520/2520 2526/2526/2526
f 2530/2530/2530 2527/2527/2527 2520/2520/2520
f 2439/2439/2439 2531/2531/2531 2526/2526/2526
f 2531/2531/2531 2530/2530/2530 2526/2526/2526
f 2439/2439/2439 2433/2433/2433 2531/2531/2531
f 2527/2527/2527 2532/2532/2532 2524/2524/2524
f 2532/2532/2532 2527/2527/2527 2530/2530/2530
f 2532/2532/2532 2528/2528/2528 2524/2524/2524
f 2533/2533/2533 2530/2530/2530 2531/2531/2531
f 2433/2433/2433 2533/2533/2533 2531/2531/2531
f 2533/2533/2533 2532/2532/2532 2530/2530/2530
f 2534/2534/2534 2529/2529/2529 2528/2528/2528
f 2535/2535/2535 2529/2529/2529 2534/2534/2534
f 2532/2532/2532 2536/2536/2536 2528/2528/2528
f 2536/2536/2536 2534/2534/2534 2528/2528/2528
f 2532/2532/2532 2533/2533/2533 2537/2537/2537
f 2536/2536/2536 2532/2532/2532 2537/2537/2537
f 2538/2538/2538 2535/2535/2535 2534/2534/2534
f 2539/2539/2539 2535/2535/2535 2538/2538/2538
f 2536/2536/2536 2540/2540/2540 2534/2534/2534
f 2540/2540/2540 2538/2538/2538 2534/2534/2534
f 2541/2541/2541 2539/2539/2539 2538/2538/2538
f 2542/2542/2542 2539/2539/2539 2541/2541/2541
f 2533/2533/2533 2433/2433/2433 2543/2543/2543
f 2537/2537/2537 2533/2533/2533 2543/2543/2543
f 2536/2536/2536 2537/2537/2537 2544/2544/2544
f 2540/2540/2540 2536/2536/2536 2544/2544/2544
f 2537/2537/2537 2543/2543/2543 2545/2545/2545
f 2545/2545/2545 2543/2543/2543 2433/2433/2433
f 2544/2544/2544 2537/2537/2537 2545/2545/2545
f 2540/2540/2540 2544/2544/2544 2546/2546/2546
f 2547/2547/2547 2540/2540/2540 2546/2546/2546
f 2540/2540/2540 2547/2547/2547 2538/2538/2538
f 2547/2547/2547 2541/2541/2541 2538/2538/2538
f 2548/2548/2548 2546/2546/2546 2544/2544/2544
f 2548/2548/2548 2544/2544/2544 2545/2545/2545
f 2549/2549/2549 2542/2542/2542 2541/2541/2541
f 2550/2550/2550 2542/2542/2542 2549/2549/2549
f 2547/2547/2547 2551/2551/2551 2541/2541/2541
f 2551/2551/2551 2547/2547/2547 2546/2546/2546
f 2551/2551/2551 2549/2549/2549 2541/2541/2541
f 2545/2545/2545 2433/2433/2433 2552/2552/2552
f 2433/2433/2433 2429/2429/2429 2552/2552/2552
f 2545/2545/2545 2552/2552/2552 2553/2553/2553
f 2552/2552/2552 2429/2429/2429 2553/2553/2553
f 2548/2548/2548 2545/2545/2545 2553/2553/2553
f 2429/2429/2429 2426/2426/2426 2553/2553/2553
f 2426/2426/2426 2554/2554/2554 2553/2553/2553
f 2548/2548/2548 2553/2553/2553 2554/2554/2554
f 2426/2426/2426 2418/2418/2418 2554/2554/2554
f 2555/2555/2555 2550/2550/2550 2549/2549/2549
f 2556/2556/2556 2550/2550/2550 2555/2555/2555
f 2551/2551/2551 2557/2557/2557 2549/2549/2549
f 2557/2557/2557 2555/2555/2555 2549/2549/2549
f 2557/2557/2557 2551/2551/2551 2546/2546/2546
f 2558/2558/2558 2548/2548/2548 2554/2554/2554
f 2558/2558/2558 2546/2546/2546 2548/2548/2548
f 2418/2418/2418 2559/2559/2559 2554/2554/2554
f 2558/2558/2558 2554/2554/2554 2559/2559/2559
f 2418/2418/2418 2406/2406/2406 2559/2559/2559
f 2560/2560/2560 2556/2556/2556 2555/2555/2555
f 2561/2561/2561 2556/2556/2556 2560/2560/2560
f 2562/2562/2562 2560/2560/2560 2555/2555/2555
f 2557/2557/2557 2562/2562/2562 2555/2555/2555
f 2562/2562/2562 2557/2557/2557 2563/2563/2563
f 2564/2564/2564 2561/2561/2561 2560/2560/2560
f 2560/2560/2560 2562/2562/2562 2564/2564/2564
f 2565/2565/2565 2561/2561/2561 2564/2564/2564
f 2562/2562/2562 2566/2566/2566 2564/2564/2564
f 2566/2566/2566 2562/2562/2562 2563/2563/2563
f 2567/2567/2567 2565/2565/2565 2564/2564/2564
f 2564/2564/2564 2566/2566/2566 2567/2567/2567
f 2568/2568/2568 2565/2565/2565 2567/2567/2567
f 2569/2569/2569 2558/2558/2558 2559/2559/2559
f 2569/2569/2569 2546/2546/2546 2558/2558/2558
f 2570/2570/2570 2557/2557/2557 2546/2546/2546
f 2557/2557/2557 2570/2570/2570 2563/2563/2563
f 2571/2571/2571 2546/2546/2546 2569/2569/2569
f 2546/2546/2546 2571/2571/2571 2570/2570/2570
f 2569/2569/2569 2559/2559/2559 2572/2572/2572
f 2571/2571/2571 2569/2569/2569 2572/2572/2572
f 2570/2570/2570 2571/2571/2571 2573/2573/2573
f 2571/2571/2571 2572/2572/2572 2573/2573/2573
f 2559/2559/2559 2574/2574/2574 2572/2572/2572
f 2573/2573/2573 2572/2572/2572 2574/2574/2574
f 2406/2406/2406 2574/2574/2574 2559/2559/2559
f 2574/2574/2574 2406/2406/2406 2415/2415/2415
f 2415/2415/2415 2573/2573/2573 2574/2574/2574
f 2573/2573/2573 2415/2415/2415 2404/2404/2404
f 2570/2570/2570 2573/2573/2573 2575/2575/2575
f 2575/2575/2575 2573/2573/2573 2404/2404/2404
f 2563/2563/2563 2570/2570/2570 2575/2575/2575
f 2400/2400/2400 2575/2575/2575 2404/2404/2404
f 2575/2575/2575 2400/2400/2400 2576/2576/2576
f 2575/2575/2575 2576/2576/2576 2563/2563/2563
f 2400/2400/2400 2389/2389/2389 2576/2576/2576
f 2577/2577/2577 2576/2576/2576 2389/2389/2389
f 2385/2385/2385 2577/2577/2577 2389/2389/2389
f 2576/2576/2576 2578/2578/2578 2563/2563/2563
f 2577/2577/2577 2578/2578/2578 2576/2576/2576
f 2577/2577/2577 2385/2385/2385 2579/2579/2579
f 2577/2577/2577 2579/2579/2579 2578/2578/2578
f 2385/2385/2385 2374/2374/2374 2579/2579/2579
f 2580/2580/2580 2579/2579/2579 2374/2374/2374
f 2367/2367/2367 2580/2580/2580 2374/2374/2374
f 2580/2580/2580 2367/2367/2367 2373/2373/2373
f 2580/2580/2580 2581/2581/2581 2579/2579/2579
f 2579/2579/2579 2581/2581/2581 2578/2578/2578
f 2578/2578/2578 2582/2582/2582 2563/2563/2563
f 2582/2582/2582 2566/2566/2566 2563/2563/2563
f 2566/2566/2566 2582/2582/2582 2567/2567/2567
f 2583/2583/2583 2582/2582/2582 2578/2578/2578
f 2582/2582/2582 2583/2583/2583 2567/2567/2567
f 2581/2581/2581 2583/2583/2583 2578/2578/2578
f 2584/2584/2584 2580/2580/2580 2373/2373/2373
f 2580/2580/2580 2584/2584/2584 2581/2581/2581
f 2583/2583/2583 2585/2585/2585 2567/2567/2567
f 2585/2585/2585 2568/2568/2568 2567/2567/2567
f 2586/2586/2586 2568/2568/2568 2585/2585/2585
f 2587/2587/2587 2583/2583/2583 2581/2581/2581
f 2583/2583/2583 2587/2587/2587 2585/2585/2585
f 2588/2588/2588 2586/2586/2586 2585/2585/2585
f 2587/2587/2587 2588/2588/2588 2585/2585/2585
f 2589/2589/2589 2586/2586/2586 2588/2588/2588
f 2587/2587/2587 2590/2590/2590 2588/2588/2588
f 2590/2590/2590 2591/2591/2591 2588/2588/2588
f 2591/2591/2591 2589/2589/2589 2588/2588/2588
f 2592/2592/2592 2589/2589/2589 2591/2591/2591
f 2593/2593/2593 2587/2587/2587 2581/2581/2581
f 2584/2584/2584 2593/2593/2593 2581/2581/2581
f 2590/2590/2590 2587/2587/2587 2593/2593/2593
f 2594/2594/2594 2592/2592/2592 2591/2591/2591
f 2591/2591/2591 2590/2590/2590 2594/2594/2594
f 2595/2595/2595 2592/2592/2592 2594/2594/2594
f 2596/2596/2596 2595/2595/2595 2594/2594/2594
f 2596/2596/2596 2594/2594/2594 2597/2597/2597
f 2594/2594/2594 2598/2598/2598 2597/2597/2597
f 2590/2590/2590 2598/2598/2598 2594/2594/2594
f 2599/2599/2599 2597/2597/2597 2598/2598/2598
f 2600/2600/2600 2599/2599/2599 2598/2598/2598
f 2600/2600/2600 2598/2598/2598 2590/2590/2590
f 2600/2600/2600 2601/2601/2601 2599/2599/2599
f 2600/2600/2600 2590/2590/2590 2601/2601/2601
f 2601/2601/2601 2602/2602/2602 2599/2599/2599
f 2603/2603/2603 2602/2602/2602 2601/2601/2601
f 2604/2604/2604 2590/2590/2590 2593/2593/2593
f 2590/2590/2590 2604/2604/2604 2601/2601/2601
f 2605/2605/2605 2603/2603/2603 2601/2601/2601
f 2342/2342/2342 2603/2603/2603 2605/2605/2605
f 2604/2604/2604 2593/2593/2593 2606/2606/2606
f 2606/2606/2606 2593/2593/2593 2584/2584/2584
f 2601/2601/2601 2604/2604/2604 2607/2607/2607
f 2605/2605/2605 2601/2601/2601 2607/2607/2607
f 2607/2607/2607 2604/2604/2604 2606/2606/2606
f 2342/2342/2342 2605/2605/2605 2608/2608/2608
f 2605/2605/2605 2607/2607/2607 2608/2608/2608
f 2341/2341/2341 2342/2342/2342 2608/2608/2608
f 2606/2606/2606 2584/2584/2584 2609/2609/2609
f 2606/2606/2606 2609/2609/2609 2607/2607/2607
f 2609/2609/2609 2608/2608/2608 2607/2607/2607
f 2341/2341/2341 2608/2608/2608 2609/2609/2609
f 2584/2584/2584 2373/2373/2373 2609/2609/2609
f 2345/2345/2345 2341/2341/2341 2609/2609/2609
f 2345/2345/2345 2609/2609/2609 2373/2373/2373
f 2612/2612/2612 2611/2611/2611 2610/2610/2610
f 2610/2610/2610 2611/2611/2611 2613/2613/2613
f 2612/2612/2612 2610/2610/2610 2614/2614/2614
f 2615/2615/2615 2612/2612/2612 2614/2614/2614
f 2616/2616/2616 2615/2615/2615 2614/2614/2614
f 2613/2613/2613 2617/2617/2617 2610/2610/2610
f 2618/2618/2618 2617/2617/2617 2613/2613/2613
f 2619/2619/2619 2617/2617/2617 2618/2618/2618
f 2610/2610/2610 2617/2617/2617 2620/2620/2620
f 2614/2614/2614 2610/2610/2610 2620/2620/2620
f 2621/2621/2621 2617/2617/2617 2619/2619/2619
f 2617/2617/2617 2621/2621/2621 2620/2620/2620
f 2621/2621/2621 2619/2619/2619 2622/2622/2622
f 2623/2623/2623 2616/2616/2616 2614/2614/2614
f 2624/2624/2624 2616/2616/2616 2623/2623/2623
f 2625/2625/2625 2621/2621/2621 2622/2622/2622
f 2622/2622/2622 2626/2626/2626 2625/2625/2625
f 2621/2621/2621 2627/2627/2627 2620/2620/2620
f 2621/2621/2621 2625/2625/2625 2627/2627/2627
f 2614/2614/2614 2620/2620/2620 2628/2628/2628
f 2623/2623/2623 2614/2614/2614 2628/2628/2628
f 2629/2629/2629 2624/2624/2624 2623/2623/2623
f 2630/2630/2630 2624/2624/2624 2629/2629/2629
f 2626/2626/2626 2631/2631/2631 2625/2625/2625
f 2626/2626/2626 2632/2632/2632 2631/2631/2631
f 2633/2633/2633 2625/2625/2625 2631/2631/2631
f 2627/2627/2627 2625/2625/2625 2633/2633/2633
f 2627/2627/2627 2634/2634/2634 2620/2620/2620
f 2634/2634/2634 2628/2628/2628 2620/2620/2620
f 2623/2623/2623 2628/2628/2628 2635/2635/2635
f 2629/2629/2629 2623/2623/2623 2635/2635/2635
f 2636/2636/2636 2630/2630/2630 2629/2629/2629
f 2637/2637/2637 2630/2630/2630 2636/2636/2636
f 2632/2632/2632 2638/2638/2638 2631/2631/2631
f 2638/2638/2638 2633/2633/2633 2631/2631/2631
f 2638/2638/2638 2632/2632/2632 2639/2639/2639
f 2639/2639/2639 2632/2632/2632 2640/2640/2640
f 2633/2633/2633 2641/2641/2641 2627/2627/2627
f 2641/2641/2641 2634/2634/2634 2627/2627/2627
f 2642/2642/2642 2633/2633/2633 2638/2638/2638
f 2639/2639/2639 2642/2642/2642 2638/2638/2638
f 2633/2633/2633 2642/2642/2642 2641/2641/2641
f 2642/2642/2642 2643/2643/2643 2641/2641/2641
f 2643/2643/2643 2642/2642/2642 2639/2639/2639
f 2641/2641/2641 2644/2644/2644 2634/2634/2634
f 2641/2641/2641 2643/2643/2643 2644/2644/2644
f 2636/2636/2636 2629/2629/2629 2645/2645/2645
f 2629/2629/2629 2635/2635/2635 2645/2645/2645
f 2646/2646/2646 2639/2639/2639 2640/2640/2640
f 2640/2640/2640 2647/2647/2647 2646/2646/2646
f 2647/2647/2647 2648/2648/2648 2646/2646/2646
f 2648/2648/2648 2649/2649/2649 2646/2646/2646
f 2649/2649/2649 2650/2650/2650 2646/2646/2646
f 2646/2646/2646 2650/2650/2650 2639/2639/2639
f 2649/2649/2649 2651/2651/2651 2650/2650/2650
f 2652/2652/2652 2643/2643/2643 2639/2639/2639
f 2650/2650/2650 2652/2652/2652 2639/2639/2639
f 2651/2651/2651 2653/2653/2653 2650/2650/2650
f 2650/2650/2650 2653/2653/2653 2652/2652/2652
f 2651/2651/2651 2654/2654/2654 2653/2653/2653
f 2655/2655/2655 2643/2643/2643 2652/2652/2652
f 2643/2643/2643 2655/2655/2655 2644/2644/2644
f 2656/2656/2656 2655/2655/2655 2652/2652/2652
f 2653/2653/2653 2657/2657/2657 2652/2652/2652
f 2652/2652/2652 2657/2657/2657 2656/2656/2656
f 2657/2657/2657 2653/2653/2653 2658/2658/2658
f 2657/2657/2657 2658/2658/2658 2656/2656/2656
f 2654/2654/2654 2659/2659/2659 2653/2653/2653
f 2653/2653/2653 2659/2659/2659 2658/2658/2658
f 2659/2659/2659 2654/2654/2654 2660/2660/2660
f 2654/2654/2654 2661/2661/2661 2660/2660/2660
f 2661/2661/2661 2662/2662/2662 2660/2660/2660
f 2658/2658/2658 2659/2659/2659 2663/2663/2663
f 2659/2659/2659 2660/2660/2660 2663/2663/2663
f 2658/2658/2658 2663/2663/2663 2656/2656/2656
f 2662/2662/2662 2664/2664/2664 2660/2660/2660
f 2660/2660/2660 2664/2664/2664 2663/2663/2663
f 2662/2662/2662 2665/2665/2665 2664/2664/2664
f 2666/2666/2666 2655/2655/2655 2656/2656/2656
f 2655/2655/2655 2666/2666/2666 2644/2644/2644
f 2656/2656/2656 2663/2663/2663 2667/2667/2667
f 2664/2664/2664 2667/2667/2667 2663/2663/2663
f 2667/2667/2667 2666/2666/2666 2656/2656/2656
f 2665/2665/2665 2668/2668/2668 2664/2664/2664
f 2665/2665/2665 2669/2669/2669 2668/2668/2668
f 2667/2667/2667 2664/2664/2664 2670/2670/2670
f 2664/2664/2664 2668/2668/2668 2670/2670/2670
f 2669/2669/2669 2671/2671/2671 2668/2668/2668
f 2668/2668/2668 2671/2671/2671 2670/2670/2670
f 2669/2669/2669 2672/2672/2672 2671/2671/2671
f 2667/2667/2667 2670/2670/2670 2673/2673/2673
f 2667/2667/2667 2673/2673/2673 2666/2666/2666
f 2671/2671/2671 2674/2674/2674 2670/2670/2670
f 2670/2670/2670 2674/2674/2674 2673/2673/2673
f 2672/2672/2672 2675/2675/2675 2671/2671/2671
f 2671/2671/2671 2675/2675/2675 2674/2674/2674
f 2672/2672/2672 2676/2676/2676 2675/2675/2675
f 2675/2675/2675 2677/2677/2677 2674/2674/2674
f 2674/2674/2674 2677/2677/2677 2673/2673/2673
f 2676/2676/2676 2678/2678/2678 2675/2675/2675
f 2675/2675/2675 2678/2678/2678 2677/2677/2677
f 2676/2676/2676 2679/2679/2679 2678/2678/2678
f 2673/2673/2673 2677/2677/2677 2680/2680/2680
f 2678/2678/2678 2680/2680/2680 2677/2677/2677
f 2673/2673/2673 2681/2681/2681 2666/2666/2666
f 2681/2681/2681 2673/2673/2673 2680/2680/2680
f 2679/2679/2679 2682/2682/2682 2678/2678/2678
f 2679/2679/2679 2683/2683/2683 2682/2682/2682
f 2678/2678/2678 2682/2682/2682 2684/2684/2684
f 2680/2680/2680 2678/2678/2678 2684/2684/2684
f 2683/2683/2683 2685/2685/2685 2682/2682/2682
f 2682/2682/2682 2685/2685/2685 2684/2684/2684
f 2683/2683/2683 2686/2686/2686 2685/2685/2685
f 2686/2686/2686 2687/2687/2687 2685/2685/2685
f 2686/2686/2686 2688/2688/2688 2687/2687/2687
f 2685/2685/2685 2689/2689/2689 2684/2684/2684
f 2685/2685/2685 2687/2687/2687 2689/2689/2689
f 2680/2680/2680 2684/2684/2684 2690/2690/2690
f 2684/2684/2684 2689/2689/2689 2690/2690/2690
f 2688/2688/2688 2691/2691/2691 2687/2687/2687
f 2688/2688/2688 2692/2692/2692 2691/2691/2691
f 2687/2687/2687 2693/2693/2693 2689/2689/2689
f 2689/2689/2689 2693/2693/2693 2690/2690/2690
f 2687/2687/2687 2691/2691/2691 2693/2693/2693
f 2694/2694/2694 2681/2681/2681 2680/2680/2680
f 2694/2694/2694 2680/2680/2680 2690/2690/2690
f 2690/2690/2690 2693/2693/2693 2695/2695/2695
f 2691/2691/2691 2695/2695/2695 2693/2693/2693
f 2692/2692/2692 2696/2696/2696 2691/2691/2691
f 2692/2692/2692 2697/2697/2697 2696/2696/2696
f 2698/2698/2698 2694/2694/2694 2690/2690/2690
f 2698/2698/2698 2690/2690/2690 2695/2695/2695
f 2691/2691/2691 2696/2696/2696 2699/2699/2699
f 2695/2695/2695 2691/2691/2691 2699/2699/2699
f 2697/2697/2697 2700/2700/2700 2696/2696/2696
f 2697/2697/2697 2701/2701/2701 2700/2700/2700
f 2699/2699/2699 2696/2696/2696 2702/2702/2702
f 2696/2696/2696 2700/2700/2700 2702/2702/2702
f 2701/2701/2701 2703/2703/2703 2700/2700/2700
f 2700/2700/2700 2703/2703/2703 2702/2702/2702
f 2701/2701/2701 2704/2704/2704 2703/2703/2703
f 2695/2695/2695 2699/2699/2699 2705/2705/2705
f 2699/2699/2699 2702/2702/2702 2705/2705/2705
f 2703/2703/2703 2706/2706/2706 2702/2702/2702
f 2702/2702/2702 2706/2706/2706 2705/2705/2705
f 2704/2704/2704 2707/2707/2707 2703/2703/2703
f 2703/2703/2703 2707/2707/2707 2706/2706/2706
f 2704/2704/2704 2708/2708/2708 2707/2707/2707
f 2709/2709/2709 2698/2698/2698 2695/2695/2695
f 2695/2695/2695 2705/2705/2705 2709/2709/2709
f 2705/2705/2705 2706/2706/2706 2710/2710/2710
f 2707/2707/2707 2710/2710/2710 2706/2706/2706
f 2708/2708/2708 2711/2711/2711 2707/2707/2707
f 2708/2708/2708 2712/2712/2712 2711/2711/2711
f 2705/2705/2705 2713/2713/2713 2709/2709/2709
f 2713/2713/2713 2705/2705/2705 2710/2710/2710
f 2707/2707/2707 2711/2711/2711 2714/2714/2714
f 2710/2710/2710 2707/2707/2707 2714/2714/2714
f 2710/2710/2710 2714/2714/2714 2715/2715/2715
f 2712/2712/2712 2716/2716/2716 2711/2711/2711
f 2712/2712/2712 2717/2717/2717 2716/2716/2716
f 2714/2714/2714 2711/2711/2711 2718/2718/2718
f 2711/2711/2711 2716/2716/2716 2718/2718/2718
f 2714/2714/2714 2718/2718/2718 2715/2715/2715
f 2717/2717/2717 2719/2719/2719 2716/2716/2716
f 2716/2716/2716 2719/2719/2719 2718/2718/2718
f 2717/2717/2717 2720/2720/2720 2719/2719/2719
f 2719/2719/2719 2721/2721/2721 2718/2718/2718
f 2718/2718/2718 2721/2721/2721 2715/2715/2715
f 2720/2720/2720 2722/2722/2722 2719/2719/2719
f 2719/2719/2719 2722/2722/2722 2721/2721/2721
f 2720/2720/2720 2723/2723/2723 2722/2722/2722
f 2724/2724/2724 2713/2713/2713 2710/2710/2710
f 2724/2724/2724 2710/2710/2710 2715/2715/2715
f 2715/2715/2715 2721/2721/2721 2725/2725/2725
f 2722/2722/2722 2725/2725/2725 2721/2721/2721
f 2723/2723/2723 2726/2726/2726 2722/2722/2722
f 2723/2723/2723 2727/2727/2727 2726/2726/2726
f 2725/2725/2725 2722/2722/2722 2728/2728/2728
f 2722/2722/2722 2726/2726/2726 2728/2728/2728
f 2727/2727/2727 2729/2729/2729 2726/2726/2726
f 2727/2727/2727 2730/2730/2730 2729/2729/2729
f 2728/2728/2728 2726/2726/2726 2731/2731/2731
f 2726/2726/2726 2729/2729/2729 2731/2731/2731
f 2730/2730/2730 2732/2732/2732 2729/2729/2729
f 2730/2730/2730 2733/2733/2733 2732/2732/2732
f 2728/2728/2728 2731/2731/2731 2734/2734/2734
f 2725/2725/2725 2728/2728/2728 2734/2734/2734
f 2731/2731/2731 2729/2729/2729 2735/2735/2735
f 2729/2729/2729 2732/2732/2732 2735/2735/2735
f 2731/2731/2731 2735/2735/2735 2734/2734/2734
f 2733/2733/2733 2736/2736/2736 2732/2732/2732
f 2732/2732/2732 2736/2736/2736 2735/2735/2735
f 2734/2734/2734 2735/2735/2735 2737/2737/2737
f 2736/2736/2736 2737/2737/2737 2735/2735/2735
f 2736/2736/2736 2733/2733/2733 2738/2738/2738
f 2733/2733/2733 2739/2739/2739 2738/2738/2738
f 2739/2739/2739 2740/2740/2740 2738/2738/2738
f 2736/2736/2736 2738/2738/2738 2741/2741/2741
f 2737/2737/2737 2736/2736/2736 2741/2741/2741
f 2741/2741/2741 2742/2742/2742 2737/2737/2737
f 2740/2740/2740 2743/2743/2743 2738/2738/2738
f 2738/2738/2738 2743/2743/2743 2741/2741/2741
f 2740/2740/2740 2744/2744/2744 2743/2743/2743
f 2744/2744/2744 2745/2745/2745 2743/2743/2743
f 2744/2744/2744 2746/2746/2746 2745/2745/2745
f 2743/2743/2743 2747/2747/2747 2741/2741/2741
f 2743/2743/2743 2745/2745/2745 2747/2747/2747
f 2748/2748/2748 2742/2742/2742 2741/2741/2741
f 2741/2741/2741 2747/2747/2747 2748/2748/2748
f 2746/2746/2746 2749/2749/2749 2745/2745/2745
f 2746/2746/2746 2750/2750/2750 2749/2749/2749
f 2750/2750/2750 2751/2751/2751 2749/2749/2749
f 2750/2750/2750 2752/2752/2752 2751/2751/2751
f 2745/2745/2745 2753/2753/2753 2747/2747/2747
f 2745/2745/2745 2749/2749/2749 2754/2754/2754
f 2753/2753/2753 2745/2745/2745 2754/2754/2754
f 2753/2753/2753 2754/2754/2754 2755/2755/2755
f 2756/2756/2756 2747/2747/2747 2753/2753/2753
f 2747/2747/2747 2756/2756/2756 2748/2748/2748
f 2755/2755/2755 2756/2756/2756 2753/2753/2753
f 2754/2754/2754 2749/2749/2749 2757/2757/2757
f 2749/2749/2749 2751/2751/2751 2757/2757/2757
f 2754/2754/2754 2757/2757/2757 2755/2755/2755
f 2751/2751/2751 2758/2758/2758 2757/2757/2757
f 2752/2752/2752 2758/2758/2758 2751/2751/2751
f 2758/2758/2758 2755/2755/2755 2757/2757/2757
f 2758/2758/2758 2752/2752/2752 2759/2759/2759
f 2752/2752/2752 2760/2760/2760 2759/2759/2759
f 2760/2760/2760 2761/2761/2761 2759/2759/2759
f 2758/2758/2758 2759/2759/2759 2762/2762/2762
f 2755/2755/2755 2758/2758/2758 2762/2762/2762
f 2761/2761/2761 2763/2763/2763 2759/2759/2759
f 2759/2759/2759 2763/2763/2763 2762/2762/2762
f 2761/2761/2761 2764/2764/2764 2763/2763/2763
f 2764/2764/2764 2765/2765/2765 2763/2763/2763
f 2764/2764/2764 2766/2766/2766 2765/2765/2765
f 2763/2763/2763 2767/2767/2767 2762/2762/2762
f 2763/2763/2763 2765/2765/2765 2767/2767/2767
f 2762/2762/2762 2768/2768/2768 2755/2755/2755
f 2768/2768/2768 2762/2762/2762 2767/2767/2767
f 2768/2768/2768 2769/2769/2769 2755/2755/2755
f 2755/2755/2755 2769/2769/2769 2756/2756/2756
f 2769/2769/2769 2770/2770/2770 2756/2756/2756
f 2756/2756/2756 2770/2770/2770 2748/2748/2748
f 2766/2766/2766 2771/2771/2771 2765/2765/2765
f 2771/2771/2771 2766/2766/2766 2772/2772/2772
f 2766/2766/2766 2773/2773/2773 2772/2772/2772
f 2773/2773/2773 2774/2774/2774 2772/2772/2772
f 2774/2774/2774 2775/2775/2775 2772/2772/2772
f 2774/2774/2774 2776/2776/2776 2775/2775/2775
f 2771/2771/2771 2772/2772/2772 2777/2777/2777
f 2772/2772/2772 2775/2775/2775 2777/2777/2777
f 2765/2765/2765 2771/2771/2771 2778/2778/2778
f 2778/2778/2778 2771/2771/2771 2777/2777/2777
f 2775/2775/2775 2779/2779/2779 2777/2777/2777
f 2777/2777/2777 2779/2779/2779 2778/2778/2778
f 2780/2780/2780 2765/2765/2765 2778/2778/2778
f 2779/2779/2779 2780/2780/2780 2778/2778/2778
f 2765/2765/2765 2780/2780/2780 2767/2767/2767
f 2781/2781/2781 2767/2767/2767 2780/2780/2780
f 2779/2779/2779 2781/2781/2781 2780/2780/2780
f 2781/2781/2781 2768/2768/2768 2767/2767/2767
f 2775/2775/2775 2782/2782/2782 2779/2779/2779
f 2776/2776/2776 2782/2782/2782 2775/2775/2775
f 2782/2782/2782 2781/2781/2781 2779/2779/2779
f 2782/2782/2782 2776/2776/2776 2783/2783/2783
f 2776/2776/2776 2784/2784/2784 2783/2783/2783
f 2784/2784/2784 2785/2785/2785 2783/2783/2783
f 2781/2781/2781 2782/2782/2782 2786/2786/2786
f 2782/2782/2782 2783/2783/2783 2786/2786/2786
f 2781/2781/2781 2787/2787/2787 2768/2768/2768
f 2781/2781/2781 2786/2786/2786 2787/2787/2787
f 2785/2785/2785 2788/2788/2788 2783/2783/2783
f 2785/2785/2785 2789/2789/2789 2788/2788/2788
f 2786/2786/2786 2783/2783/2783 2790/2790/2790
f 2783/2783/2783 2788/2788/2788 2790/2790/2790
f 2789/2789/2789 2791/2791/2791 2788/2788/2788
f 2788/2788/2788 2791/2791/2791 2790/2790/2790
f 2789/2789/2789 2792/2792/2792 2791/2791/2791
f 2787/2787/2787 2793/2793/2793 2768/2768/2768
f 2768/2768/2768 2793/2793/2793 2769/2769/2769
f 2786/2786/2786 2794/2794/2794 2787/2787/2787
f 2786/2786/2786 2790/2790/2790 2794/2794/2794
f 2791/2791/2791 2795/2795/2795 2790/2790/2790
f 2792/2792/2792 2796/2796/2796 2791/2791/2791
f 2791/2791/2791 2796/2796/2796 2795/2795/2795
f 2790/2790/2790 2797/2797/2797 2794/2794/2794
f 2790/2790/2790 2795/2795/2795 2797/2797/2797
f 2796/2796/2796 2792/2792/2792 2798/2798/2798
f 2792/2792/2792 2799/2799/2799 2798/2798/2798
f 2799/2799/2799 2800/2800/2800 2798/2798/2798
f 2800/2800/2800 2801/2801/2801 2798/2798/2798
f 2800/2800/2800 2802/2802/2802 2801/2801/2801
f 2796/2796/2796 2798/2798/2798 2803/2803/2803
f 2798/2798/2798 2801/2801/2801 2803/2803/2803
f 2796/2796/2796 2804/2804/2804 2795/2795/2795
f 2804/2804/2804 2796/2796/2796 2803/2803/2803
f 2802/2802/2802 2805/2805/2805 2801/2801/2801
f 2802/2802/2802 2806/2806/2806 2805/2805/2805
f 2795/2795/2795 2804/2804/2804 2807/2807/2807
f 2795/2795/2795 2807/2807/2807 2797/2797/2797
f 2804/2804/2804 2803/2803/2803 2808/2808/2808
f 2804/2804/2804 2808/2808/2808 2807/2807/2807
f 2801/2801/2801 2809/2809/2809 2803/2803/2803
f 2801/2801/2801 2805/2805/2805 2809/2809/2809
f 2803/2803/2803 2809/2809/2809 2808/2808/2808
f 2805/2805/2805 2808/2808/2808 2809/2809/2809
f 2806/2806/2806 2810/2810/2810 2805/2805/2805
f 2805/2805/2805 2810/2810/2810 2808/2808/2808
f 2810/2810/2810 2807/2807/2807 2808/2808/2808
f 2806/2806/2806 2811/2811/2811 2810/2810/2810
f 2810/2810/2810 2812/2812/2812 2807/2807/2807
f 2812/2812/2812 2797/2797/2797 2807/2807/2807
f 2811/2811/2811 2812/2812/2812 2810/2810/2810
f 2812/2812/2812 2813/2813/2813 2797/2797/2797
f 2812/2812/2812 2811/2811/2811 2813/2813/2813
f 2813/2813/2813 2794/2794/2794 2797/2797/2797
f 2811/2811/2811 2814/2814/2814 2813/2813/2813
f 2813/2813/2813 2815/2815/2815 2794/2794/2794
f 2813/2813/2813 2814/2814/2814 2815/2815/2815
f 2815/2815/2815 2787/2787/2787 2794/2794/2794
f 2814/2814/2814 2816/2816/2816 2815/2815/2815
f 2815/2815/2815 2817/2817/2817 2787/2787/2787
f 2815/2815/2815 2816/2816/2816 2817/2817/2817
f 2816/2816/2816 2818/2818/2818 2817/2817/2817
f 2817/2817/2817 2793/2793/2793 2787/2787/2787
f 2817/2817/2817 2818/2818/2818 2819/2819/2819
f 2817/2817/2817 2819/2819/2819 2793/2793/2793
f 2818/2818/2818 2820/2820/2820 2819/2819/2819
f 2819/2819/2819 2821/2821/2821 2793/2793/2793
f 2793/2793/2793 2821/2821/2821 2769/2769/2769
f 2819/2819/2819 2820/2820/2820 2822/2822/2822
f 2819/2819/2819 2822/2822/2822 2821/2821/2821
f 2820/2820/2820 2823/2823/2823 2822/2822/2822
f 2769/2769/2769 2821/2821/2821 2824/2824/2824
f 2822/2822/2822 2824/2824/2824 2821/2821/2821
f 2770/2770/2770 2769/2769/2769 2824/2824/2824
f 2822/2822/2822 2823/2823/2823 2825/2825/2825
f 2822/2822/2822 2825/2825/2825 2824/2824/2824
f 2823/2823/2823 2826/2826/2826 2825/2825/2825
f 2770/2770/2770 2824/2824/2824 2827/2827/2827
f 2825/2825/2825 2827/2827/2827 2824/2824/2824
f 2825/2825/2825 2826/2826/2826 2828/2828/2828
f 2826/2826/2826 2829/2829/2829 2828/2828/2828
f 2825/2825/2825 2828/2828/2828 2830/2830/2830
f 2827/2827/2827 2825/2825/2825 2830/2830/2830
f 2828/2828/2828 2829/2829/2829 2831/2831/2831
f 2828/2828/2828 2831/2831/2831 2830/2830/2830
f 2829/2829/2829 2832/2832/2832 2831/2831/2831
f 2831/2831/2831 2833/2833/2833 2830/2830/2830
f 2830/2830/2830 2833/2833/2833 2827/2827/2827
f 2831/2831/2831 2832/2832/2832 2834/2834/2834
f 2831/2831/2831 2834/2834/2834 2833/2833/2833
f 2832/2832/2832 2835/2835/2835 2834/2834/2834
f 2836/2836/2836 2770/2770/2770 2827/2827/2827
f 2770/2770/2770 2836/2836/2836 2748/2748/2748
f 2833/2833/2833 2837/2837/2837 2827/2827/2827
f 2836/2836/2836 2827/2827/2827 2837/2837/2837
f 2748/2748/2748 2836/2836/2836 2838/2838/2838
f 2838/2838/2838 2836/2836/2836 2837/2837/2837
f 2748/2748/2748 2838/2838/2838 2742/2742/2742
f 2834/2834/2834 2839/2839/2839 2833/2833/2833
f 2837/2837/2837 2833/2833/2833 2839/2839/2839
f 2834/2834/2834 2835/2835/2835 2840/2840/2840
f 2834/2834/2834 2840/2840/2840 2839/2839/2839
f 2835/2835/2835 2841/2841/2841 2840/2840/2840
f 2842/2842/2842 2838/2838/2838 2837/2837/2837
f 2842/2842/2842 2837/2837/2837 2839/2839/2839
f 2838/2838/2838 2842/2842/2842 2742/2742/2742
f 2840/2840/2840 2843/2843/2843 2839/2839/2839
f 2842/2842/2842 2839/2839/2839 2843/2843/2843
f 2840/2840/2840 2841/2841/2841 2844/2844/2844
f 2840/2840/2840 2844/2844/2844 2843/2843/2843
f 2841/2841/2841 2845/2845/2845 2844/2844/2844
f 2844/2844/2844 2845/2845/2845 2846/2846/2846
f 2845/2845/2845 2847/2847/2847 2846/2846/2846
f 2844/2844/2844 2848/2848/2848 2843/2843/2843
f 2844/2844/2844 2846/2846/2846 2848/2848/2848
f 2846/2846/2846 2847/2847/2847 2849/2849/2849
f 2847/2847/2847 2850/2850/2850 2849/2849/2849
f 2846/2846/2846 2851/2851/2851 2848/2848/2848
f 2846/2846/2846 2849/2849/2849 2851/2851/2851
f 2848/2848/2848 2851/2851/2851 2852/2852/2852
f 2853/2853/2853 2852/2852/2852 2851/2851/2851
f 2849/2849/2849 2853/2853/2853 2851/2851/2851
f 2854/2854/2854 2848/2848/2848 2852/2852/2852
f 2843/2843/2843 2848/2848/2848 2854/2854/2854
f 2849/2849/2849 2850/2850/2850 2855/2855/2855
f 2849/2849/2849 2855/2855/2855 2853/2853/2853
f 2850/2850/2850 2856/2856/2856 2855/2855/2855
f 2855/2855/2855 2857/2857/2857 2853/2853/2853
f 2852/2852/2852 2853/2853/2853 2857/2857/2857
f 2855/2855/2855 2856/2856/2856 2858/2858/2858
f 2855/2855/2855 2858/2858/2858 2857/2857/2857
f 2856/2856/2856 2859/2859/2859 2858/2858/2858
f 2858/2858/2858 2859/2859/2859 2860/2860/2860
f 2859/2859/2859 2637/2637/2637 2860/2860/2860
f 2860/2860/2860 2637/2637/2637 2636/2636/2636
f 2858/2858/2858 2860/2860/2860 2861/2861/2861
f 2858/2858/2858 2861/2861/2861 2857/2857/2857
f 2857/2857/2857 2861/2861/2861 2862/2862/2862
f 2860/2860/2860 2636/2636/2636 2863/2863/2863
f 2860/2860/2860 2863/2863/2863 2861/2861/2861
f 2863/2863/2863 2862/2862/2862 2861/2861/2861
f 2636/2636/2636 2645/2645/2645 2863/2863/2863
f 2862/2862/2862 2863/2863/2863 2645/2645/2645
f 2864/2864/2864 2852/2852/2852 2857/2857/2857
f 2864/2864/2864 2857/2857/2857 2862/2862/2862
f 2865/2865/2865 2862/2862/2862 2645/2645/2645
f 2865/2865/2865 2645/2645/2645 2635/2635/2635
f 2866/2866/2866 2865/2865/2865 2635/2635/2635
f 2866/2866/2866 2635/2635/2635 2628/2628/2628
f 2634/2634/2634 2866/2866/2866 2628/2628/2628
f 2644/2644/2644 2866/2866/2866 2634/2634/2634
f 2867/2867/2867 2866/2866/2866 2644/2644/2644
f 2666/2666/2666 2867/2867/2867 2644/2644/2644
f 2666/2666/2666 2681/2681/2681 2867/2867/2867
f 2867/2867/2867 2868/2868/2868 2866/2866/2866
f 2681/2681/2681 2868/2868/2868 2867/2867/2867
f 2868/2868/2868 2865/2865/2865 2866/2866/2866
f 2868/2868/2868 2681/2681/2681 2694/2694/2694
f 2869/2869/2869 2868/2868/2868 2694/2694/2694
f 2869/2869/2869 2865/2865/2865 2868/2868/2868
f 2694/2694/2694 2698/2698/2698 2869/2869/2869
f 2869/2869/2869 2870/2870/2870 2865/2865/2865
f 2698/2698/2698 2870/2870/2870 2869/2869/2869
f 2870/2870/2870 2862/2862/2862 2865/2865/2865
f 2870/2870/2870 2698/2698/2698 2709/2709/2709
f 2871/2871/2871 2862/2862/2862 2870/2870/2870
f 2871/2871/2871 2870/2870/2870 2709/2709/2709
f 2709/2709/2709 2713/2713/2713 2871/2871/2871
f 2864/2864/2864 2862/2862/2862 2871/2871/2871
f 2872/2872/2872 2871/2871/2871 2713/2713/2713
f 2872/2872/2872 2864/2864/2864 2871/2871/2871
f 2724/2724/2724 2872/2872/2872 2713/2713/2713
f 2873/2873/2873 2864/2864/2864 2872/2872/2872
f 2852/2852/2852 2864/2864/2864 2873/2873/2873
f 2724/2724/2724 2874/2874/2874 2872/2872/2872
f 2874/2874/2874 2724/2724/2724 2715/2715/2715
f 2875/2875/2875 2873/2873/2873 2872/2872/2872
f 2874/2874/2874 2875/2875/2875 2872/2872/2872
f 2876/2876/2876 2874/2874/2874 2715/2715/2715
f 2874/2874/2874 2876/2876/2876 2875/2875/2875
f 2725/2725/2725 2876/2876/2876 2715/2715/2715
f 2873/2873/2873 2875/2875/2875 2877/2877/2877
f 2873/2873/2873 2877/2877/2877 2852/2852/2852
f 2876/2876/2876 2877/2877/2877 2875/2875/2875
f 2878/2878/2878 2876/2876/2876 2725/2725/2725
f 2734/2734/2734 2878/2878/2878 2725/2725/2725
f 2877/2877/2877 2876/2876/2876 2879/2879/2879
f 2877/2877/2877 2879/2879/2879 2852/2852/2852
f 2876/2876/2876 2878/2878/2878 2879/2879/2879
f 2879/2879/2879 2880/2880/2880 2852/2852/2852
f 2879/2879/2879 2878/2878/2878 2880/2880/2880
f 2880/2880/2880 2854/2854/2854 2852/2852/2852
f 2881/2881/2881 2878/2878/2878 2734/2734/2734
f 2878/2878/2878 2881/2881/2881 2880/2880/2880
f 2737/2737/2737 2881/2881/2881 2734/2734/2734
f 2880/2880/2880 2882/2882/2882 2854/2854/2854
f 2880/2880/2880 2881/2881/2881 2882/2882/2882
f 2883/2883/2883 2881/2881/2881 2737/2737/2737
f 2881/2881/2881 2883/2883/2883 2882/2882/2882
f 2742/2742/2742 2883/2883/2883 2737/2737/2737
f 2882/2882/2882 2883/2883/2883 2742/2742/2742
f 2884/2884/2884 2854/2854/2854 2882/2882/2882
f 2884/2884/2884 2843/2843/2843 2854/2854/2854
f 2884/2884/2884 2842/2842/2842 2843/2843/2843
f 2882/2882/2882 2742/2742/2742 2885/2885/2885
f 2885/2885/2885 2742/2742/2742 2842/2842/2842
f 2885/2885/2885 2884/2884/2884 2882/2882/2882
f 2884/2884/2884 2885/2885/2885 2842/2842/2842
f 2888/2888/2888 2887/2887/2887 2886/2886/2886
f 2888/2888/2888 2886/2886/2886 2889/2889/2889
f 2886/2886/2886 2887/2887/2887 2890/2890/2890
f 2887/2887/2887 2891/2891/2891 2890/2890/2890
f 2891/2891/2891 2892/2892/2892 2890/2890/2890
f 2893/2893/2893 2889/2889/2889 2886/2886/2886
f 2893/2893/2893 2894/2894/2894 2889/2889/2889
f 2893/2893/2893 2895/2895/2895 2894/2894/2894
f 2893/2893/2893 2886/2886/2886 2896/2896/2896
f 2886/2886/2886 2890/2890/2890 2896/2896/2896
f 2893/2893/2893 2897/2897/2897 2895/2895/2895
f 2897/2897/2897 2893/2893/2893 2896/2896/2896
f 2895/2895/2895 2897/2897/2897 2898/2898/2898
f 2892/2892/2892 2899/2899/2899 2890/2890/2890
f 2892/2892/2892 2900/2900/2900 2899/2899/2899
f 2897/2897/2897 2901/2901/2901 2898/2898/2898
f 2902/2902/2902 2898/2898/2898 2901/2901/2901
f 2903/2903/2903 2897/2897/2897 2896/2896/2896
f 2901/2901/2901 2897/2897/2897 2903/2903/2903
f 2896/2896/2896 2890/2890/2890 2904/2904/2904
f 2890/2890/2890 2899/2899/2899 2904/2904/2904
f 2900/2900/2900 2905/2905/2905 2899/2899/2899
f 2900/2900/2900 2906/2906/2906 2905/2905/2905
f 2907/2907/2907 2902/2902/2902 2901/2901/2901
f 2908/2908/2908 2902/2902/2902 2907/2907/2907
f 2901/2901/2901 2909/2909/2909 2907/2907/2907
f 2901/2901/2901 2903/2903/2903 2909/2909/2909
f 2910/2910/2910 2903/2903/2903 2896/2896/2896
f 2904/2904/2904 2910/2910/2910 2896/2896/2896
f 2904/2904/2904 2899/2899/2899 2911/2911/2911
f 2899/2899/2899 2905/2905/2905 2911/2911/2911
f 2906/2906/2906 2912/2912/2912 2905/2905/2905
f 2906/2906/2906 2913/2913/2913 2912/2912/2912
f 2914/2914/2914 2908/2908/2908 2907/2907/2907
f 2909/2909/2909 2914/2914/2914 2907/2907/2907
f 2908/2908/2908 2914/2914/2914 2915/2915/2915
f 2908/2908/2908 2915/2915/2915 2916/2916/2916
f 2917/2917/2917 2909/2909/2909 2903/2903/2903
f 2910/2910/2910 2917/2917/2917 2903/2903/2903
f 2909/2909/2909 2918/2918/2918 2914/2914/2914
f 2918/2918/2918 2915/2915/2915 2914/2914/2914
f 2918/2918/2918 2909/2909/2909 2917/2917/2917
f 2919/2919/2919 2918/2918/2918 2917/2917/2917
f 2918/2918/2918 2919/2919/2919 2915/2915/2915
f 2920/2920/2920 2917/2917/2917 2910/2910/2910
f 2919/2919/2919 2917/2917/2917 2920/2920/2920
f 2905/2905/2905 2912/2912/2912 2921/2921/2921
f 2911/2911/2911 2905/2905/2905 2921/2921/2921
f 2915/2915/2915 2922/2922/2922 2916/2916/2916
f 2923/2923/2923 2916/2916/2916 2922/2922/2922
f 2924/2924/2924 2923/2923/2923 2922/2922/2922
f 2925/2925/2925 2924/2924/2924 2922/2922/2922
f 2925/2925/2925 2922/2922/2922 2915/2915/2915
f 2926/2926/2926 2925/2925/2925 2915/2915/2915
f 2919/2919/2919 2926/2926/2926 2915/2915/2915
f 2927/2927/2927 2925/2925/2925 2926/2926/2926
f 2928/2928/2928 2920/2920/2920 2910/2910/2910
f 2928/2928/2928 2910/2910/2910 2904/2904/2904
f 2911/2911/2911 2928/2928/2928 2904/2904/2904
f 2921/2921/2921 2929/2929/2929 2911/2911/2911
f 2929/2929/2929 2928/2928/2928 2911/2911/2911
f 2930/2930/2930 2929/2929/2929 2921/2921/2921
f 2919/2919/2919 2931/2931/2931 2926/2926/2926
f 2931/2931/2931 2919/2919/2919 2920/2920/2920
f 2932/2932/2932 2930/2930/2930 2921/2921/2921
f 2921/2921/2921 2912/2912/2912 2932/2932/2932
f 2912/2912/2912 2933/2933/2933 2932/2932/2932
f 2913/2913/2913 2933/2933/2933 2912/2912/2912
f 2913/2913/2913 2934/2934/2934 2933/2933/2933
f 2932/2932/2932 2933/2933/2933 2935/2935/2935
f 2930/2930/2930 2932/2932/2932 2935/2935/2935
f 2934/2934/2934 2936/2936/2936 2933/2933/2933
f 2933/2933/2933 2936/2936/2936 2935/2935/2935
f 2934/2934/2934 2937/2937/2937 2936/2936/2936
f 2935/2935/2935 2936/2936/2936 2938/2938/2938
f 2935/2935/2935 2938/2938/2938 2930/2930/2930
f 2937/2937/2937 2939/2939/2939 2936/2936/2936
f 2936/2936/2936 2939/2939/2939 2938/2938/2938
f 2937/2937/2937 2940/2940/2940 2939/2939/2939
f 2940/2940/2940 2941/2941/2941 2939/2939/2939
f 2940/2940/2940 2942/2942/2942 2941/2941/2941
f 2938/2938/2938 2939/2939/2939 2943/2943/2943
f 2939/2939/2939 2941/2941/2941 2943/2943/2943
f 2943/2943/2943 2944/2944/2944 2938/2938/2938
f 2944/2944/2944 2945/2945/2945 2938/2938/2938
f 2938/2938/2938 2945/2945/2945 2930/2930/2930
f 2944/2944/2944 2943/2943/2943 2946/2946/2946
f 2943/2943/2943 2941/2941/2941 2946/2946/2946
f 2942/2942/2942 2947/2947/2947 2941/2941/2941
f 2941/2941/2941 2947/2947/2947 2946/2946/2946
f 2942/2942/2942 2948/2948/2948 2947/2947/2947
f 2946/2946/2946 2947/2947/2947 2949/2949/2949
f 2946/2946/2946 2949/2949/2949 2944/2944/2944
f 2948/2948/2948 2950/2950/2950 2947/2947/2947
f 2947/2947/2947 2950/2950/2950 2949/2949/2949
f 2948/2948/2948 2951/2951/2951 2950/2950/2950
f 2951/2951/2951 2952/2952/2952 2950/2950/2950
f 2951/2951/2951 2953/2953/2953 2952/2952/2952
f 2949/2949/2949 2950/2950/2950 2954/2954/2954
f 2950/2950/2950 2952/2952/2952 2954/2954/2954
f 2953/2953/2953 2955/2955/2955 2952/2952/2952
f 2953/2953/2953 2956/2956/2956 2955/2955/2955
f 2949/2949/2949 2957/2957/2957 2944/2944/2944
f 2949/2949/2949 2954/2954/2954 2957/2957/2957
f 2952/2952/2952 2955/2955/2955 2958/2958/2958
f 2954/2954/2954 2952/2952/2952 2958/2958/2958
f 2956/2956/2956 2959/2959/2959 2955/2955/2955
f 2956/2956/2956 2960/2960/2960 2959/2959/2959
f 2958/2958/2958 2955/2955/2955 2961/2961/2961
f 2955/2955/2955 2959/2959/2959 2961/2961/2961
f 2960/2960/2960 2962/2962/2962 2959/2959/2959
f 2960/2960/2960 2963/2963/2963 2962/2962/2962
f 2959/2959/2959 2962/2962/2962 2964/2964/2964
f 2961/2961/2961 2959/2959/2959 2964/2964/2964
f 2963/2963/2963 2965/2965/2965 2962/2962/2962
f 2962/2962/2962 2965/2965/2965 2964/2964/2964
f 2963/2963/2963 2966/2966/2966 2965/2965/2965
f 2961/2961/2961 2964/2964/2964 2967/2967/2967
f 2965/2965/2965 2967/2967/2967 2964/2964/2964
f 2961/2961/2961 2968/2968/2968 2958/2958/2958
f 2968/2968/2968 2961/2961/2961 2967/2967/2967
f 2958/2958/2958 2969/2969/2969 2954/2954/2954
f 2968/2968/2968 2969/2969/2969 2958/2958/2958
f 2966/2966/2966 2970/2970/2970 2965/2965/2965
f 2966/2966/2966 2971/2971/2971 2970/2970/2970
f 2967/2967/2967 2965/2965/2965 2972/2972/2972
f 2965/2965/2965 2970/2970/2970 2972/2972/2972
f 2971/2971/2971 2973/2973/2973 2970/2970/2970
f 2971/2971/2971 2974/2974/2974 2973/2973/2973
f 2969/2969/2969 2975/2975/2975 2954/2954/2954
f 2954/2954/2954 2975/2975/2975 2957/2957/2957
f 2972/2972/2972 2970/2970/2970 2976/2976/2976
f 2970/2970/2970 2973/2973/2973 2976/2976/2976
f 2974/2974/2974 2977/2977/2977 2973/2973/2973
f 2974/2974/2974 2978/2978/2978 2977/2977/2977
f 2976/2976/2976 2973/2973/2973 2979/2979/2979
f 2973/2973/2973 2977/2977/2977 2979/2979/2979
f 2976/2976/2976 2980/2980/2980 2972/2972/2972
f 2976/2976/2976 2979/2979/2979 2980/2980/2980
f 2972/2972/2972 2981/2981/2981 2967/2967/2967
f 2980/2980/2980 2981/2981/2981 2972/2972/2972
f 2978/2978/2978 2982/2982/2982 2977/2977/2977
f 2978/2978/2978 2983/2983/2983 2982/2982/2982
f 2979/2979/2979 2977/2977/2977 2984/2984/2984
f 2977/2977/2977 2982/2982/2982 2984/2984/2984
f 2983/2983/2983 2985/2985/2985 2982/2982/2982
f 2983/2983/2983 2986/2986/2986 2985/2985/2985
f 2981/2981/2981 2987/2987/2987 2967/2967/2967
f 2967/2967/2967 2987/2987/2987 2968/2968/2968
f 2987/2987/2987 2988/2988/2988 2968/2968/2968
f 2988/2988/2988 2969/2969/2969 2968/2968/2968
f 2969/2969/2969 2988/2988/2988 2989/2989/2989
f 2987/2987/2987 2990/2990/2990 2988/2988/2988
f 2987/2987/2987 2981/2981/2981 2990/2990/2990
f 2988/2988/2988 2990/2990/2990 2989/2989/2989
f 2979/2979/2979 2984/2984/2984 2991/2991/2991
f 2979/2979/2979 2991/2991/2991 2980/2980/2980
f 2980/2980/2980 2991/2991/2991 2992/2992/2992
f 2981/2981/2981 2980/2980/2980 2993/2993/2993
f 2981/2981/2981 2993/2993/2993 2990/2990/2990
f 2980/2980/2980 2992/2992/2992 2993/2993/2993
f 2989/2989/2989 2994/2994/2994 2969/2969/2969
f 2994/2994/2994 2975/2975/2975 2969/2969/2969
f 2975/2975/2975 2994/2994/2994 2995/2995/2995
f 2989/2989/2989 2995/2995/2995 2994/2994/2994
f 2957/2957/2957 2975/2975/2975 2995/2995/2995
f 2995/2995/2995 2996/2996/2996 2957/2957/2957
f 2957/2957/2957 2996/2996/2996 2944/2944/2944
f 2993/2993/2993 2997/2997/2997 2990/2990/2990
f 2993/2993/2993 2992/2992/2992 2998/2998/2998
f 2997/2997/2997 2993/2993/2993 2998/2998/2998
f 2989/2989/2989 2990/2990/2990 2999/2999/2999
f 2997/2997/2997 2999/2999/2999 2990/2990/2990
f 3000/3000/3000 2995/2995/2995 2989/2989/2989
f 3000/3000/3000 2989/2989/2989 3001/3001/3001
f 2989/2989/2989 2999/2999/2999 3001/3001/3001
f 3000/3000/3000 3002/3002/3002 2995/2995/2995
f 3002/3002/3002 2996/2996/2996 2995/2995/2995
f 3002/3002/3002 3000/3000/3000 3001/3001/3001
f 2998/2998/2998 3003/3003/3003 2997/2997/2997
f 3004/3004/3004 2998/2998/2998 2992/2992/2992
f 3003/3003/3003 2998/2998/2998 3004/3004/3004
f 2997/2997/2997 3005/3005/3005 2999/2999/2999
f 3003/3003/3003 3005/3005/3005 2997/2997/2997
f 3002/3002/3002 3006/3006/3006 2996/2996/2996
f 3002/3002/3002 3001/3001/3001 3007/3007/3007
f 3006/3006/3006 3002/3002/3002 3007/3007/3007
f 3006/3006/3006 3008/3008/3008 2996/2996/2996
f 2996/2996/2996 3008/3008/3008 2944/2944/2944
f 3009/3009/3009 3001/3001/3001 2999/2999/2999
f 3005/3005/3005 3010/3010/3010 2999/2999/2999
f 3010/3010/3010 3009/3009/3009 2999/2999/2999
f 3011/3011/3011 3007/3007/3007 3001/3001/3001
f 3001/3001/3001 3009/3009/3009 3011/3011/3011
f 3003/3003/3003 3012/3012/3012 3005/3005/3005
f 3012/3012/3012 3013/3013/3013 3005/3005/3005
f 3005/3005/3005 3013/3013/3013 3010/3010/3010
f 3013/3013/3013 3014/3014/3014 3010/3010/3010
f 3014/3014/3014 3015/3015/3015 3010/3010/3010
f 3015/3015/3015 3009/3009/3009 3010/3010/3010
f 3016/3016/3016 3012/3012/3012 3003/3003/3003
f 3009/3009/3009 3015/3015/3015 3017/3017/3017
f 3009/3009/3009 3017/3017/3017 3011/3011/3011
f 3015/3015/3015 3018/3018/3018 3017/3017/3017
f 3019/3019/3019 3016/3016/3016 3003/3003/3003
f 3019/3019/3019 3003/3003/3003 3004/3004/3004
f 3020/3020/3020 3016/3016/3016 3019/3019/3019
f 3017/3017/3017 3018/3018/3018 3021/3021/3021
f 3017/3017/3017 3021/3021/3021 3011/3011/3011
f 3018/3018/3018 3022/3022/3022 3021/3021/3021
f 3019/3019/3019 3004/3004/3004 3023/3023/3023
f 3023/3023/3023 3004/3004/3004 2992/2992/2992
f 3024/3024/3024 3020/3020/3020 3019/3019/3019
f 3024/3024/3024 3019/3019/3019 3023/3023/3023
f 3025/3025/3025 3020/3020/3020 3024/3024/3024
f 3026/3026/3026 3024/3024/3024 3023/3023/3023
f 2992/2992/2992 3026/3026/3026 3023/3023/3023
f 3026/3026/3026 3025/3025/3025 3024/3024/3024
f 3021/3021/3021 3027/3027/3027 3011/3011/3011
f 3011/3011/3011 3027/3027/3027 3007/3007/3007
f 3021/3021/3021 3022/3022/3022 3028/3028/3028
f 3021/3021/3021 3028/3028/3028 3027/3027/3027
f 3022/3022/3022 3029/3029/3029 3028/3028/3028
f 3026/3026/3026 2992/2992/2992 3030/3030/3030
f 2991/2991/2991 3030/3030/3030 2992/2992/2992
f 3025/3025/3025 3026/3026/3026 3031/3031/3031
f 3031/3031/3031 3026/3026/3026 3030/3030/3030
f 3032/3032/3032 3025/3025/3025 3031/3031/3031
f 3033/3033/3033 3032/3032/3032 3031/3031/3031
f 3034/3034/3034 3033/3033/3033 3031/3031/3031
f 3034/3034/3034 3031/3031/3031 3030/3030/3030
f 3035/3035/3035 3033/3033/3033 3034/3034/3034
f 3028/3028/3028 3036/3036/3036 3027/3027/3027
f 3027/3027/3027 3036/3036/3036 3007/3007/3007
f 3028/3028/3028 3029/3029/3029 3037/3037/3037
f 3028/3028/3028 3037/3037/3037 3036/3036/3036
f 3029/3029/3029 3038/3038/3038 3037/3037/3037
f 3036/3036/3036 3039/3039/3039 3007/3007/3007
f 3037/3037/3037 3039/3039/3039 3036/3036/3036
f 3006/3006/3006 3007/3007/3007 3039/3039/3039
f 3040/3040/3040 3034/3034/3034 3030/3030/3030
f 3030/3030/3030 2991/2991/2991 3040/3040/3040
f 3041/3041/3041 3035/3035/3035 3034/3034/3034
f 3041/3041/3041 3034/3034/3034 3040/3040/3040
f 3042/3042/3042 3035/3035/3035 3041/3041/3041
f 3037/3037/3037 3038/3038/3038 3043/3043/3043
f 3038/3038/3038 3044/3044/3044 3043/3043/3043
f 2991/2991/2991 3045/3045/3045 3040/3040/3040
f 2984/2984/2984 3045/3045/3045 2991/2991/2991
f 3046/3046/3046 3006/3006/3006 3039/3039/3039
f 3046/3046/3046 3039/3039/3039 3047/3047/3047
f 3006/3006/3006 3046/3046/3046 3008/3008/3008
f 3039/3039/3039 3037/3037/3037 3048/3048/3048
f 3037/3037/3037 3043/3043/3043 3048/3048/3048
f 3048/3048/3048 3047/3047/3047 3039/3039/3039
f 3043/3043/3043 3044/3044/3044 3049/3049/3049
f 3044/3044/3044 3050/3050/3050 3049/3049/3049
f 3048/3048/3048 3043/3043/3043 3051/3051/3051
f 3043/3043/3043 3049/3049/3049 3051/3051/3051
f 3048/3048/3048 3051/3051/3051 3047/3047/3047
f 3049/3049/3049 3050/3050/3050 3052/3052/3052
f 3049/3049/3049 3052/3052/3052 3051/3051/3051
f 3050/3050/3050 3053/3053/3053 3052/3052/3052
f 3052/3052/3052 3054/3054/3054 3051/3051/3051
f 3051/3051/3051 3054/3054/3054 3047/3047/3047
f 3052/3052/3052 3053/3053/3053 3055/3055/3055
f 3052/3052/3052 3055/3055/3055 3054/3054/3054
f 3053/3053/3053 3056/3056/3056 3055/3055/3055
f 3054/3054/3054 3057/3057/3057 3047/3047/3047
f 3055/3055/3055 3057/3057/3057 3054/3054/3054
f 3055/3055/3055 3056/3056/3056 3058/3058/3058
f 3056/3056/3056 3059/3059/3059 3058/3058/3058
f 3057/3057/3057 3055/3055/3055 3060/3060/3060
f 3055/3055/3055 3058/3058/3058 3060/3060/3060
f 3058/3058/3058 3059/3059/3059 3061/3061/3061
f 3059/3059/3059 3062/3062/3062 3061/3061/3061
f 3060/3060/3060 3058/3058/3058 3063/3063/3063
f 3058/3058/3058 3061/3061/3061 3063/3063/3063
f 3061/3061/3061 3062/3062/3062 3064/3064/3064
f 3061/3061/3061 3064/3064/3064 3063/3063/3063
f 3062/3062/3062 3065/3065/3065 3064/3064/3064
f 3060/3060/3060 3063/3063/3063 3066/3066/3066
f 3060/3060/3060 3066/3066/3066 3057/3057/3057
f 3064/3064/3064 3067/3067/3067 3063/3063/3063
f 3063/3063/3063 3067/3067/3067 3066/3066/3066
f 3064/3064/3064 3065/3065/3065 3068/3068/3068
f 3064/3064/3064 3068/3068/3068 3067/3067/3067
f 3065/3065/3065 3069/3069/3069 3068/3068/3068
f 3067/3067/3067 3070/3070/3070 3066/3066/3066
f 3068/3068/3068 3070/3070/3070 3067/3067/3067
f 3068/3068/3068 3069/3069/3069 3071/3071/3071
f 3069/3069/3069 3072/3072/3072 3071/3071/3071
f 3070/3070/3070 3068/3068/3068 3073/3073/3073
f 3068/3068/3068 3071/3071/3071 3073/3073/3073
f 3071/3071/3071 3072/3072/3072 3074/3074/3074
f 3072/3072/3072 3075/3075/3075 3074/3074/3074
f 3073/3073/3073 3071/3071/3071 3076/3076/3076
f 3071/3071/3071 3074/3074/3074 3076/3076/3076
f 3074/3074/3074 3075/3075/3075 3077/3077/3077
f 3075/3075/3075 3078/3078/3078 3077/3077/3077
f 3073/3073/3073 3076/3076/3076 3079/3079/3079
f 3073/3073/3073 3079/3079/3079 3070/3070/3070
f 3076/3076/3076 3074/3074/3074 3080/3080/3080
f 3074/3074/3074 3077/3077/3077 3080/3080/3080
f 3076/3076/3076 3080/3080/3080 3079/3079/3079
f 3077/3077/3077 3078/3078/3078 3081/3081/3081
f 3077/3077/3077 3081/3081/3081 3080/3080/3080
f 3078/3078/3078 3082/3082/3082 3081/3081/3081
f 3080/3080/3080 3083/3083/3083 3079/3079/3079
f 3081/3081/3081 3083/3083/3083 3080/3080/3080
f 3081/3081/3081 3082/3082/3082 3084/3084/3084
f 3082/3082/3082 3085/3085/3085 3084/3084/3084
f 3083/3083/3083 3081/3081/3081 3086/3086/3086
f 3081/3081/3081 3084/3084/3084 3086/3086/3086
f 3084/3084/3084 3085/3085/3085 3087/3087/3087
f 3085/3085/3085 3088/3088/3088 3087/3087/3087
f 3086/3086/3086 3084/3084/3084 3089/3089/3089
f 3084/3084/3084 3087/3087/3087 3089/3089/3089
f 3087/3087/3087 3088/3088/3088 3090/3090/3090
f 3088/3088/3088 3091/3091/3091 3090/3090/3090
f 3086/3086/3086 3089/3089/3089 3092/3092/3092
f 3086/3086/3086 3092/3092/3092 3083/3083/3083
f 3089/3089/3089 3087/3087/3087 3093/3093/3093
f 3087/3087/3087 3090/3090/3090 3093/3093/3093
f 3089/3089/3089 3093/3093/3093 3092/3092/3092
f 3090/3090/3090 3091/3091/3091 3094/3094/3094
f 3090/3090/3090 3094/3094/3094 3093/3093/3093
f 3091/3091/3091 3095/3095/3095 3094/3094/3094
f 3093/3093/3093 3096/3096/3096 3092/3092/3092
f 3094/3094/3094 3096/3096/3096 3093/3093/3093
f 3094/3094/3094 3095/3095/3095 3097/3097/3097
f 3095/3095/3095 3098/3098/3098 3097/3097/3097
f 3098/3098/3098 3099/3099/3099 3097/3097/3097
f 3094/3094/3094 3097/3097/3097 3100/3100/3100
f 3096/3096/3096 3094/3094/3094 3100/3100/3100
f 3099/3099/3099 3101/3101/3101 3097/3097/3097
f 3097/3097/3097 3101/3101/3101 3100/3100/3100
f 3099/3099/3099 2927/2927/2927 3101/3101/3101
f 3101/3101/3101 3102/3102/3102 3100/3100/3100
f 3101/3101/3101 2927/2927/2927 3102/3102/3102
f 3100/3100/3100 3103/3103/3103 3096/3096/3096
f 3100/3100/3100 3102/3102/3102 3103/3103/3103
f 2927/2927/2927 3104/3104/3104 3102/3102/3102
f 3102/3102/3102 3104/3104/3104 3103/3103/3103
f 3104/3104/3104 2927/2927/2927 2926/2926/2926
f 3104/3104/3104 2926/2926/2926 3103/3103/3103
f 2931/2931/2931 3103/3103/3103 2926/2926/2926
f 3105/3105/3105 3096/3096/3096 3103/3103/3103
f 2931/2931/2931 3105/3105/3105 3103/3103/3103
f 3092/3092/3092 3096/3096/3096 3105/3105/3105
f 3105/3105/3105 2931/2931/2931 2920/2920/2920
f 3106/3106/3106 3092/3092/3092 3105/3105/3105
f 3092/3092/3092 3106/3106/3106 3083/3083/3083
f 3107/3107/3107 3105/3105/3105 2920/2920/2920
f 3106/3106/3106 3105/3105/3105 3107/3107/3107
f 2928/2928/2928 3107/3107/3107 2920/2920/2920
f 3108/3108/3108 3107/3107/3107 2928/2928/2928
f 3108/3108/3108 3106/3106/3106 3107/3107/3107
f 2929/2929/2929 3108/3108/3108 2928/2928/2928
f 3106/3106/3106 3109/3109/3109 3083/3083/3083
f 3106/3106/3106 3108/3108/3108 3109/3109/3109
f 3083/3083/3083 3109/3109/3109 3079/3079/3079
f 2929/2929/2929 3110/3110/3110 3108/3108/3108
f 3108/3108/3108 3110/3110/3110 3109/3109/3109
f 3109/3109/3109 3111/3111/3111 3079/3079/3079
f 3111/3111/3111 3109/3109/3109 3110/3110/3110
f 3079/3079/3079 3111/3111/3111 3070/3070/3070
f 3112/3112/3112 3110/3110/3110 2929/2929/2929
f 3112/3112/3112 3111/3111/3111 3110/3110/3110
f 2930/2930/2930 3112/3112/3112 2929/2929/2929
f 3111/3111/3111 3113/3113/3113 3070/3070/3070
f 3111/3111/3111 3112/3112/3112 3113/3113/3113
f 3066/3066/3066 3070/3070/3070 3113/3113/3113
f 2930/2930/2930 3114/3114/3114 3112/3112/3112
f 3112/3112/3112 3114/3114/3114 3113/3113/3113
f 2930/2930/2930 2945/2945/2945 3114/3114/3114
f 3115/3115/3115 3066/3066/3066 3113/3113/3113
f 3115/3115/3115 3113/3113/3113 3114/3114/3114
f 3066/3066/3066 3115/3115/3115 3057/3057/3057
f 2945/2945/2945 3116/3116/3116 3114/3114/3114
f 3114/3114/3114 3116/3116/3116 3115/3115/3115
f 3115/3115/3115 3117/3117/3117 3057/3057/3057
f 3116/3116/3116 3117/3117/3117 3115/3115/3115
f 3057/3057/3057 3117/3117/3117 3047/3047/3047
f 3117/3117/3117 3118/3118/3118 3047/3047/3047
f 3118/3118/3118 3117/3117/3117 3116/3116/3116
f 3118/3118/3118 3046/3046/3046 3047/3047/3047
f 2945/2945/2945 3119/3119/3119 3116/3116/3116
f 2945/2945/2945 2944/2944/2944 3119/3119/3119
f 3120/3120/3120 3118/3118/3118 3116/3116/3116
f 3046/3046/3046 3118/3118/3118 3120/3120/3120
f 3119/3119/3119 3120/3120/3120 3116/3116/3116
f 3121/3121/3121 3119/3119/3119 2944/2944/2944
f 3120/3120/3120 3119/3119/3119 3121/3121/3121
f 3121/3121/3121 3046/3046/3046 3120/3120/3120
f 3008/3008/3008 3121/3121/3121 2944/2944/2944
f 3046/3046/3046 3121/3121/3121 3008/3008/3008
f 3040/3040/3040 3045/3045/3045 3122/3122/3122
f 3122/3122/3122 3041/3041/3041 3040/3040/3040
f 3041/3041/3041 3122/3122/3122 3123/3123/3123
f 3045/3045/3045 3124/3124/3124 3122/3122/3122
f 3122/3122/3122 3124/3124/3124 3123/3123/3123
f 3125/3125/3125 3041/3041/3041 3123/3123/3123
f 3125/3125/3125 3042/3042/3042 3041/3041/3041
f 3125/3125/3125 3123/3123/3123 3126/3126/3126
f 3124/3124/3124 3126/3126/3126 3123/3123/3123
f 3042/3042/3042 3125/3125/3125 3127/3127/3127
f 3127/3127/3127 3125/3125/3125 3126/3126/3126
f 3128/3128/3128 3042/3042/3042 3127/3127/3127
f 3129/3129/3129 3128/3128/3128 3127/3127/3127
f 3130/3130/3130 3127/3127/3127 3126/3126/3126
f 3130/3130/3130 3129/3129/3129 3127/3127/3127
f 3124/3124/3124 3130/3130/3130 3126/3126/3126
f 3131/3131/3131 3129/3129/3129 3130/3130/3130
f 3132/3132/3132 3130/3130/3130 3124/3124/3124
f 3045/3045/3045 3132/3132/3132 3124/3124/3124
f 3132/3132/3132 3131/3131/3131 3130/3130/3130
f 3132/3132/3132 3045/3045/3045 3133/3133/3133
f 3133/3133/3133 3045/3045/3045 2984/2984/2984
f 3131/3131/3131 3132/3132/3132 3134/3134/3134
f 3134/3134/3134 3132/3132/3132 3133/3133/3133
f 3135/3135/3135 3131/3131/3131 3134/3134/3134
f 3136/3136/3136 3135/3135/3135 3134/3134/3134
f 3137/3137/3137 3133/3133/3133 2984/2984/2984
f 2984/2984/2984 2982/2982/2982 3137/3137/3137
f 2982/2982/2982 2985/2985/2985 3137/3137/3137
f 3134/3134/3134 3133/3133/3133 3138/3138/3138
f 3138/3138/3138 3133/3133/3133 3137/3137/3137
f 3139/3139/3139 3136/3136/3136 3134/3134/3134
f 3139/3139/3139 3134/3134/3134 3138/3138/3138
f 3140/3140/3140 3136/3136/3136 3139/3139/3139
f 3141/3141/3141 3140/3140/3140 3139/3139/3139
f 3141/3141/3141 3139/3139/3139 3138/3138/3138
f 3142/3142/3142 3140/3140/3140 3141/3141/3141
f 3137/3137/3137 2985/2985/2985 3143/3143/3143
f 3143/3143/3143 3138/3138/3138 3137/3137/3137
f 3144/3144/3144 3141/3141/3141 3138/3138/3138
f 3144/3144/3144 3138/3138/3138 3143/3143/3143
f 3145/3145/3145 3142/3142/3142 3141/3141/3141
f 3145/3145/3145 3141/3141/3141 3144/3144/3144
f 2985/2985/2985 3146/3146/3146 3143/3143/3143
f 2986/2986/2986 3146/3146/3146 2985/2985/2985
f 3147/3147/3147 3144/3144/3144 3143/3143/3143
f 3143/3143/3143 3146/3146/3146 3147/3147/3147
f 3146/3146/3146 2986/2986/2986 3148/3148/3148
f 3146/3146/3146 3148/3148/3148 3147/3147/3147
f 2986/2986/2986 3149/3149/3149 3148/3148/3148
f 3150/3150/3150 3144/3144/3144 3147/3147/3147
f 3150/3150/3150 3145/3145/3145 3144/3144/3144
f 3142/3142/3142 3145/3145/3145 3151/3151/3151
f 3152/3152/3152 3142/3142/3142 3151/3151/3151
f 3153/3153/3153 3152/3152/3152 3151/3151/3151
f 3147/3147/3147 3148/3148/3148 3154/3154/3154
f 3154/3154/3154 3150/3150/3150 3147/3147/3147
f 3148/3148/3148 3149/3149/3149 3155/3155/3155
f 3148/3148/3148 3155/3155/3155 3154/3154/3154
f 3149/3149/3149 3156/3156/3156 3155/3155/3155
f 3145/3145/3145 3150/3150/3150 3157/3157/3157
f 3151/3151/3151 3145/3145/3145 3157/3157/3157
f 3157/3157/3157 3150/3150/3150 3154/3154/3154
f 3158/3158/3158 3153/3153/3153 3151/3151/3151
f 3156/3156/3156 3153/3153/3153 3158/3158/3158
f 3155/3155/3155 3156/3156/3156 3158/3158/3158
f 3158/3158/3158 3151/3151/3151 3157/3157/3157
f 3159/3159/3159 3157/3157/3157 3154/3154/3154
f 3154/3154/3154 3155/3155/3155 3159/3159/3159
f 3159/3159/3159 3158/3158/3158 3157/3157/3157
f 3155/3155/3155 3158/3158/3158 3159/3159/3159
