g Wp_Special_Emma_S005_Rabbit
v 0.037574384 -0.031454213 0.109763876
v 0.040281866 -0.030133346 0.11032607
v 0.039792173 -0.035915866 0.120430075
v -0.037577476 -0.031454213 0.109763876
v -0.039795227 -0.035915866 0.120430075
v -0.040284995 -0.030133346 0.11032607
v 0.0636953 0.027417136 0.10654811
v 0.06089405 0.026370581 0.11716857
v 0.060121153 0.035422713 0.11740727
v 0.0630479 0.038420487 0.10244872
v 0.0636953 0.027417136 0.10654811
v 0.06535041 0.02183715 0.09873448
v 0.06588673 0.030844612 0.09137055
v 0.0599242 0.03997714 0.11443383
v 0.05812809 0.049566105 0.1095773
v 0.06064903 0.04860192 0.09780107
v 0.061504897 0.047114667 0.09547349
v 0.06588673 0.030844612 0.09137055
v 0.055201452 0.057214644 0.0873704
v 0.064620435 0.040086124 0.08482341
v 0.05896263 0.048715934 0.078388624
v 0.064620435 0.040086124 0.08482341
v 0.060704537 0.0431091 0.07248687
v 0.06642853 0.035128698 0.07745799
v 0.06642853 0.035128698 0.07745799
v 0.06258812 0.034871206 0.06381585
v 0.06855671 0.027629312 0.06654426
v 0.06887024 0.02307265 0.061217297
v 0.0628207 0.029271664 0.05817008
v 0.061684873 0.02352823 0.052037675
v 0.06768005 0.017930336 0.05521596
v 0.06569942 0.013663807 0.05036969
v 0.05900421 0.019015824 0.047370005
v 0.061844673 0.0091418745 0.04539826
v 0.051344145 0.010137023 0.037953787
v 0.057100408 0.004329009 0.040518615
v 0.047055703 -0.0042443657 0.033182267
v 0.041328963 0.004398174 0.031235551
v 0.029664269 -0.00074590207 0.026135901
v 0.033438873 -0.010367064 0.027996253
v 0.021625519 -0.013450737 0.024967307
v 0.013823471 -0.004196725 0.022569656
v 0.010646515 -0.014784398 0.02371211
v -1.5258788E-06 -0.0057998467 0.021005182
v -1.5258788E-06 -0.015519819 0.02318283
v -0.044219434 0.035618037 0.14725518
v -0.038330078 0.035580337 0.14843713
v -0.041669272 0.035384778 0.15342017
v -0.006524048 -0.011360736 0.010902185
v 9.3002316E-05 -0.0098798275 0.009840221
v 9.3002316E-05 -0.011907649 0.010844573
v -0.006132507 -0.009069061 0.009955807
v 9.3002316E-05 -0.009817171 0.009399977
v -0.017291298 -0.004570403 0.015906133
v -0.018269463 -0.009198857 0.016475039
v -0.006132507 -0.0090064 0.00951559
v 9.3002316E-05 -0.008774753 0.0020758247
v -0.03414791 0.00025653362 0.020677948
v -0.03585247 -0.0059585143 0.02104948
v -0.017252807 -0.0044476413 0.015043335
v -0.006132507 -0.007963972 0.002191429
v 9.3002316E-05 -0.0075776097 -0.00634119
v -0.053917084 0.0047062966 0.022472657
v -0.05827751 -0.0015817403 0.023865746
v -0.05808296 -0.0012783956 0.022377461
v -0.053789366 0.0050131036 0.021114588
v -0.034074668 0.00047975063 0.019457072
v -0.03285473 0.004193349 -0.00085443497
v -0.016612282 -0.0024053524 0.0006891346
v -0.006132507 -0.006766596 -0.0062266253
v 9.3002316E-05 -0.0075056553 -0.006847124
v -0.015930442 -0.0002332735 -0.014577093
v -0.006132507 -0.0066946265 -0.006732626
v -0.0062781144 -0.008698563 -0.008229598
v 9.3002316E-05 -0.009171981 -0.008377218
v -0.016320113 -0.0045068455 -0.017165584
v -0.015889434 -0.00010271549 -0.015494737
v -0.02998497 0.0010634422 -0.026153293
v -0.02927513 0.0068468996 -0.022820424
v -0.029059943 0.007006397 -0.024140768
v -0.044034462 0.012861339 -0.028063774
v -0.04357582 0.013026276 -0.029661726
v -0.046020582 0.0073464727 -0.03287917
v -0.046520956 0.0071435785 -0.03115004
v -0.051665112 0.010117331 -0.001479454
v -0.054846685 0.0037681817 -0.0023830128
v -0.046520956 0.0071435785 -0.03115004
v -0.05808296 -0.0012783956 0.022377461
v 9.3002316E-05 -0.011199531 -0.007373981
v 9.3002316E-05 -0.009171981 -0.008377218
v -0.0062781144 -0.008698563 -0.008229598
v -0.0072966004 -0.010803981 -0.007317209
v 9.3002316E-05 -0.011271581 -0.006867952
v -0.018087005 -0.008190422 -0.01664626
v -0.016320113 -0.0045068455 -0.017165584
v -0.007299156 -0.010875954 -0.0068112183
v 9.3002316E-05 -0.012470259 0.0015509605
v -0.03199894 -0.0043008756 -0.025749492
v -0.02998497 0.0010634422 -0.026153293
v -0.018137168 -0.008321047 -0.015728673
v -0.0073416517 -0.012073302 0.001606884
v 9.3002316E-05 -0.013512454 0.008874063
v -0.03223736 -0.0044769524 -0.024431529
v -0.018971596 -0.010494208 -0.0004627037
v -0.046809234 0.0002028513 -0.031486277
v -0.046020582 0.0073464727 -0.03287917
v -0.046520956 0.0071435785 -0.03115004
v -0.04730213 6.6995617E-06 -0.029892802
v -0.007379684 -0.013115496 0.008929977
v 9.3002316E-05 -0.013575091 0.009314241
v -0.019757042 -0.012536974 0.013893652
v -0.036203537 -0.0074062967 -0.0025050545
v -0.0073819733 -0.013178153 0.009370155
v -0.037652396 -0.010843019 0.017846193
v -0.055502623 -0.003256588 -0.00338253
v -0.006524048 -0.011360736 0.010902185
v 9.3002316E-05 -0.011907649 0.010844573
v -0.018269463 -0.009198857 0.016475039
v -0.019804267 -0.012659755 0.014756584
v -0.03585247 -0.0059585143 0.02104948
v -0.054846685 0.0037681817 -0.0023830128
v -0.046520956 0.0071435785 -0.03115004
v -0.05808296 -0.0012783956 0.022377461
v -0.05789909 -0.007841587 0.019285545
v -0.03773945 -0.011049599 0.01906947
v -0.058043133 -0.008117184 0.02064807
v -0.05827751 -0.0015817403 0.023865746
v -0.05808296 -0.0012783956 0.022377461
v 0.0067100143 -0.011360736 0.010902185
v 9.3002316E-05 -0.011907649 0.010844573
v 9.3002316E-05 -0.0098798275 0.009840221
v 0.006318512 -0.009069061 0.009955807
v 0.017477341 -0.004570403 0.015906133
v 0.018455429 -0.009198857 0.016475039
v 0.006318512 -0.0090064 0.00951559
v 9.3002316E-05 -0.009817171 0.009399977
v 9.3002316E-05 -0.008774753 0.0020758247
v 0.017438812 -0.0044476413 0.015043335
v 0.03433395 0.00025653362 0.020677948
v 0.036038283 -0.0059585143 0.02104948
v 0.006318512 -0.007963972 0.002191429
v 0.03426075 0.00047975063 0.019457072
v 0.054102782 0.0047062966 0.022472657
v 0.05846363 -0.0015817403 0.023865746
v 0.058269005 -0.0012783956 0.022377461
v 0.053975105 0.0050131036 0.021114588
v 0.006318512 -0.006766596 -0.0062266253
v 9.3002316E-05 -0.0075776097 -0.00634119
v 0.016798133 -0.0024053524 0.0006891346
v 0.006318512 -0.0066946265 -0.006732626
v 9.3002316E-05 -0.0075056553 -0.006847124
v 0.006464081 -0.008698563 -0.008229598
v 9.3002316E-05 -0.009171981 -0.008377218
v 0.016506119 -0.0045068455 -0.017165584
v 0.016116409 -0.0002332735 -0.014577093
v 0.016075363 -0.00010271549 -0.015494737
v 0.03017067 0.0010634422 -0.026153293
v 0.02946083 0.0068468996 -0.022820424
v 0.033040427 0.004193349 -0.00085443497
v 0.02924568 0.007006397 -0.024140768
v 0.05185123 0.010117331 -0.001479454
v 0.044220276 0.012861339 -0.028063774
v 0.043761518 0.013026276 -0.029661726
v 0.046206284 0.0073464727 -0.03287917
v 0.046706885 0.0071435785 -0.03115004
v 0.046706885 0.0071435785 -0.03115004
v 0.055032652 0.0037681817 -0.0023830128
v 0.058269005 -0.0012783956 0.022377461
v 0.058085058 -0.007841587 0.019285545
v 0.058269005 -0.0012783956 0.022377461
v 0.055032652 0.0037681817 -0.0023830128
v 0.055688437 -0.003256588 -0.00338253
v 0.03638935 -0.0074062967 -0.0025050545
v 0.046706885 0.0071435785 -0.03115004
v 0.04748798 6.6995617E-06 -0.029892802
v 0.037838325 -0.010843019 0.017846193
v 0.03792549 -0.011049599 0.01906947
v 0.05822895 -0.008117184 0.02064807
v 0.058269005 -0.0012783956 0.022377461
v 0.05846363 -0.0015817403 0.023865746
v 0.036038283 -0.0059585143 0.02104948
v 0.019989967 -0.012659755 0.014756584
v 0.018455429 -0.009198857 0.016475039
v 0.019942855 -0.012536974 0.013893652
v 0.0075679775 -0.013178153 0.009370155
v 0.0067100143 -0.011360736 0.010902185
v 9.3002316E-05 -0.013575091 0.009314241
v 9.3002316E-05 -0.011907649 0.010844573
v 9.3002316E-05 -0.013512454 0.008874063
v 0.007565689 -0.013115496 0.008929977
v 0.019157562 -0.010494208 -0.0004627037
v 0.00752758 -0.012073302 0.001606884
v 9.3002316E-05 -0.012470259 0.0015509605
v 9.3002316E-05 -0.011271581 -0.006867952
v 0.018323211 -0.008321047 -0.015728673
v 0.007486267 -0.010875954 -0.0068112183
v 9.3002316E-05 -0.011199531 -0.007373981
v 0.0074837874 -0.010803981 -0.007317209
v 0.032423284 -0.0044769524 -0.024431529
v 0.006464081 -0.008698563 -0.008229598
v 9.3002316E-05 -0.009171981 -0.008377218
v 0.018273162 -0.008190422 -0.01664626
v 0.016506119 -0.0045068455 -0.017165584
v 0.032184906 -0.0043008756 -0.025749492
v 0.03017067 0.0010634422 -0.026153293
v 0.046995047 0.0002028513 -0.031486277
v 0.046706885 0.0071435785 -0.03115004
v 0.046206284 0.0073464727 -0.03287917
v -0.005887985 0.278328 0.016668959
v 0.003335991 0.287788 -0.0008230305
v -6.599426E-05 0.287742 -0.008511038
v -0.0058919904 0.293824 -0.0077820397
v -0.005433998 0.286126 -0.019052038
v -0.0056259916 0.285052 -0.0020380307
v 0.044934005 0.308057 0.022019986
v 0.03522102 0.29402 0.02228198
v 0.04605404 0.306289 0.026669988
v 0.032057 0.299147 0.012529974
v 0.019192962 0.291821 0.006673975
v 0.016472016 0.281522 0.019844979
v 0.029587021 0.29006502 0.041498955
v 0.022223014 0.305189 -0.00064202305
v 0.029146003 0.327126 -0.0005760383
v 0.003335991 0.287788 -0.0008230305
v 0.010536003 0.309951 -0.009150028
v 0.01398899 0.27859402 0.028675966
v 0.024364013 0.28343302 0.048424985
v 0.018194007 0.331281 -0.0058660316
v 0.034702033 0.339752 0.00077297207
v -0.0045700073 0.30487403 -0.012840022
v -0.0058919904 0.293824 -0.0077820397
v -0.002486992 0.31906503 -0.017351035
v -0.023285026 0.312294 -0.006917028
v -0.00033302305 0.333049 -0.010315018
v -0.003727989 0.31241798 -0.012342024
v -0.016537018 0.290081 0.0010699749
v -2.2010803E-05 0.354535 0.0026629828
v 0.019330025 0.351725 0.0054909703
v 0.01937603 0.36788502 0.014091969
v -0.011344986 0.340996 -0.002014036
v -0.019375 0.35437602 0.008134975
v -0.027207984 0.33302 -0.0035520361
v -0.015136031 0.33330303 -0.01085103
v -0.015152016 0.348154 -0.01207303
v -0.0068160244 0.34802803 -0.011805029
v -0.015167999 0.361159 -0.014576024
v -0.02222702 0.34856403 -0.007354021
v -0.03745201 0.308672 0.006890964
v -0.03993202 0.331593 0.011089973
v -0.024556998 0.289337 0.008694973
v -0.033541985 0.350754 0.021941967
v -0.023838004 0.36379802 0.032333966
v -0.009763984 0.364316 0.026792973
v -0.021842994 0.372749 0.036348972
v -0.020937996 0.35869402 0.04541398
v -0.038726997 0.344639 0.04038697
v -0.043656006 0.33791 0.024606971
v -0.04589699 0.328793 0.020207986
v -0.043339003 0.336875 0.037609994
v -0.041295014 0.326869 0.04622698
v -0.033541985 0.33766901 0.05852496
v -0.017943991 0.35467002 0.055885963
v -0.034737013 0.322353 0.056807965
v -0.019375 0.33171302 0.071497984
v -0.022581978 0.306802 0.06787198
v -0.04087101 0.305614 0.016112966
v -0.05002903 0.333701 0.03647498
v -0.046522025 0.347139 0.031928997
v -0.04926399 0.324305 0.033113964
v -0.048308983 0.343098 0.039835967
v -0.041548003 0.355782 0.044371985
v -0.046277005 0.34259102 0.04595599
v -0.045990027 0.329848 0.050109975
v -0.041085012 0.31438702 0.054772977
v -0.04444801 0.30849802 0.027459964
v -0.038412016 0.30092502 0.046591986
v -0.030368995 0.292609 0.049960963
v -0.041058004 0.32550898 0.05874398
v -0.03723301 0.341307 0.061609983
v -0.031942025 0.321552 0.063540965
v -0.022581978 0.306802 0.06787198
v -0.014486007 0.28757402 0.058242977
v -0.010978011 0.30357 0.07115298
v -0.0031379699 0.289005 0.061750956
v -0.016529998 0.316246 0.074678965
v -0.010019989 0.31339905 0.07721398
v -0.008955994 0.31493202 0.07085896
v -0.008312988 0.329972 0.08217597
v -0.01482399 0.276722 0.036933973
v -0.0045700073 0.27876002 0.060170982
v -0.004037018 0.28624403 0.06927798
v -0.0073789977 0.29408503 0.06780498
v -0.0035029983 0.29918703 0.07939496
v -0.0049670027 0.27494 0.046870973
v -0.010950012 0.274044 0.03736397
v -0.024556998 0.281783 0.02981698
v -0.005887985 0.278328 0.016668959
v -0.0055429838 0.270411 0.035197962
v -0.005155983 0.26918703 0.04942499
v 0.0002230072 0.27312303 0.03703496
v 0.0058090207 0.27568004 0.03552597
v 0.012723007 0.282353 0.0078719705
v 0.025866011 0.28551203 0.012810973
v 0.015419998 0.28644302 0.055306956
v -0.0045700073 0.27876002 0.060170982
v 0.037713014 0.292995 0.06288497
v 0.003335991 0.287788 -0.0008230305
v 0.017581977 0.289463 -0.00022202492
v 0.023502005 0.286036 0.005260973
v 0.03314602 0.29466802 0.0032219696
v -6.599426E-05 0.287742 -0.008511038
v -0.0056259916 0.285052 -0.0020380307
v -0.013663978 0.28815 -0.006205034
v -0.005433998 0.286126 -0.019052038
v -0.026884003 0.28206703 0.018006973
v -0.036457025 0.293516 0.013667975
v -0.037541006 0.28821802 0.020206956
v -0.04819801 0.299371 0.024195965
v -0.036457025 0.288167 0.028621968
v -0.033380013 0.29062602 0.02106798
v -0.04138199 0.295313 0.040665958
v -0.04158001 0.303609 0.05170598
v -0.045662 0.299855 0.02897498
v -0.049011 0.31268004 0.028274965
v -0.048746984 0.30529 0.04498598
v -0.055383988 0.319411 0.04774397
v -0.052117996 0.308754 0.036132973
v -0.0068160244 0.34802803 -0.011805029
v -0.00033302305 0.333049 -0.010315018
v -0.011344986 0.340996 -0.002014036
v -0.013255997 0.35200104 -0.007655029
v -0.015167999 0.361159 -0.014576024
v -0.02222702 0.34856403 -0.007354021
v -0.027207984 0.33302 -0.0035520361
v -0.009763984 0.364316 0.026792973
v -0.019375 0.35437602 0.008134975
v -2.2010803E-05 0.354535 0.0026629828
v 0.0014089965 0.36440802 0.023633994
v 0.015955962 0.356831 0.016564978
v 0.01937603 0.36788502 0.014091969
v 0.03349701 0.345231 0.019966964
v 0.019330025 0.351725 0.0054909703
v 0.027457008 0.32548302 0.0033989714
v 0.033832967 0.324 0.0102669615
v 0.018194007 0.331281 -0.0058660316
v 0.034702033 0.339752 0.00077297207
v 0.029146003 0.327126 -0.0005760383
v 0.032057 0.299147 0.012529974
v 0.040041007 0.306347 0.026690988
v 0.044934005 0.308057 0.022019986
v 0.051315956 0.316436 0.030298967
v 0.04605404 0.306289 0.026669988
v 0.04408203 0.303776 0.034208953
v 0.03522102 0.29402 0.02228198
v 0.029587021 0.29006502 0.041498955
v 0.03775898 0.30935803 0.051848955
v 0.04333702 0.316514 0.030326985
v 0.04214199 0.31461304 0.036464985
v 0.04086502 0.328301 0.023801966
v 0.048911016 0.33986202 0.038677987
v 0.04004303 0.32083103 0.042925958
v 0.03349701 0.33214703 0.056549978
v 0.038681984 0.33826202 0.038105983
v 0.038696975 0.32872802 0.03469598
v 0.033396985 0.34790203 0.04155398
v 0.020760994 0.35903597 0.03362498
v 0.012582015 0.362475 0.026134977
v 0.007947006 0.37086 0.049764965
v 0.023755034 0.355012 0.044096965
v -0.017943991 0.362225 0.034764968
v -0.021842994 0.372749 0.036348972
v -0.020937996 0.35869402 0.04541398
v -0.017943991 0.35467002 0.055885963
v 0.020760994 0.351482 0.05474598
v -0.009763984 0.351231 0.06337596
v -0.019375 0.33171302 0.071497984
v -0.033541985 0.33766901 0.05852496
v -2.3002623E-05 0.328366 0.07582898
v -0.008955994 0.31493202 0.07085896
v -0.00087299343 0.30245504 0.07076499
v -0.022581978 0.306802 0.06787198
v 0.0014089965 0.349299 0.06587699
v 0.012582015 0.34939003 0.06271796
v 0.015955962 0.33895698 0.066537976
v -0.0032780075 0.31366 0.07569096
v -0.008312988 0.329972 0.08217597
v -0.010019989 0.31339905 0.07721398
v -0.016529998 0.316246 0.074678965
v -0.010978011 0.30357 0.07115298
v -0.0031379699 0.289005 0.061750956
v 0.019317016 0.30262 0.06505698
v 0.017225951 0.30967602 0.07715697
v 0.0071310042 0.309593 0.08001096
v 0.010082016 0.31336302 0.07029796
v 0.015133972 0.31503803 0.08865197
v 0.012607994 0.31504703 0.07977797
v 0.019330025 0.32852402 0.07035798
v 0.018280983 0.3445 0.07067399
v 0.008050995 0.345288 0.07129899
v 0.0148810195 0.355331 0.06556197
v 0.022242012 0.346392 0.06416499
v 0.026707001 0.30698702 0.058236968
v 0.029934997 0.30516404 0.060824975
v 0.03151203 0.31473702 0.06556098
v 0.025296973 0.29160804 0.05207898
v 0.037713014 0.292995 0.06288497
v 0.024364013 0.28343302 0.048424985
v 0.015419998 0.28644302 0.055306956
v 0.00895401 0.29199702 0.06705798
v -0.004037018 0.28624403 0.06927798
v -0.0045700073 0.27876002 0.060170982
v -0.0035029983 0.29918703 0.07939496
v -0.0032640074 0.29073802 0.067202955
v -0.0073789977 0.29408503 0.06780498
v -0.014486007 0.28757402 0.058242977
v 0.048911016 0.33986202 0.038677987
v 0.038696975 0.32872802 0.03469598
v 0.04086502 0.328301 0.023801966
v 0.04004303 0.32083103 0.042925958
v -0.023285026 0.312294 -0.006917028
v -0.002486992 0.31906503 -0.017351035
v -0.003727989 0.31241798 -0.012342024
v 0.010536003 0.309951 -0.009150028
v 0.008050995 0.345288 0.07129899
v -2.3002623E-05 0.328366 0.07582898
v 0.015955962 0.33895698 0.066537976
v 0.01660202 0.345731 0.06771598
v 0.0148810195 0.355331 0.06556197
v 0.022242012 0.346392 0.06416499
v 0.03349701 0.33214703 0.056549978
v 0.03151203 0.31473702 0.06556098
v 0.019317016 0.30262 0.06505698
v 0.026707001 0.30698702 0.058236968
v 0.03775898 0.30935803 0.051848955
v -0.022581978 0.306802 0.06787198
v -0.031942025 0.321552 0.063540965
v -0.034737013 0.322353 0.056807965
v -0.03723301 0.341307 0.061609983
v -0.041058004 0.32550898 0.05874398
v -0.045990027 0.329848 0.050109975
v -0.041295014 0.326869 0.04622698
v -0.043339003 0.336875 0.037609994
v -0.046277005 0.34259102 0.04595599
v -0.043418996 0.34395498 0.04014198
v -0.041548003 0.355782 0.044371985
v -0.046522025 0.347139 0.031928997
v -0.043656006 0.33791 0.024606971
v -0.0049670027 0.27494 0.046870973
v -0.005155983 0.26918703 0.04942499
v -0.010950012 0.274044 0.03736397
v 0.0002230072 0.27312303 0.03703496
v -0.0055429838 0.270411 0.035197962
v 0.0058090207 0.27568004 0.03552597
v -0.0045700073 0.27876002 0.060170982
v 0.019192962 0.291821 0.006673975
v 0.003335991 0.287788 -0.0008230305
v 0.017581977 0.289463 -0.00022202492
v 0.024616012 0.29200602 0.0045059584
v 0.03314602 0.29466802 0.0032219696
v 0.025866011 0.28551203 0.012810973
v 0.016472016 0.281522 0.019844979
v -0.033380013 0.29062602 0.02106798
v -0.036457025 0.293516 0.013667975
v -0.024556998 0.289337 0.008694973
v -0.04819801 0.299371 0.024195965
v -0.036457025 0.288167 0.028621968
v -0.024556998 0.281783 0.02981698
v -0.049011 0.31268004 0.028274965
v -0.04087101 0.305614 0.016112966
v -0.04444801 0.30849802 0.027459964
v -0.044765014 0.307817 0.040866964
v -0.055383988 0.319411 0.04774397
v -0.038412016 0.30092502 0.046591986
v -0.04158001 0.303609 0.05170598
v -0.030368995 0.292609 0.049960963
v 0.010082016 0.31336302 0.07029796
v 0.012607994 0.31504703 0.07977797
v 0.0071310042 0.309593 0.08001096
v -0.00087299343 0.30245504 0.07076499
v -0.0037018203 0.04063099 0.18949352
v -0.0043508527 0.05556 0.18253346
v -0.0018578338 0.05538597 0.18395549
v -0.0062808227 0.04011897 0.18832748
v 0.00014419555 0.025554985 0.1926115
v -0.0048960876 0.055099037 0.18115947
v -0.0022558593 0.024343986 0.1915905
v 0.009094162 0.012454979 0.1928355
v -0.0068230056 0.03968169 0.18694496
v -0.0122546 0.048877943 0.16261649
v 0.0071091843 0.010635014 0.19182453
v 0.021786118 0.0033229731 0.19013153
v -0.014139671 0.033780254 0.16828609
v -0.012799835 0.048416976 0.16124249
v -0.002803955 0.023930974 0.19020359
v 0.020391082 0.0010799741 0.18899547
v 0.036288224 -0.00044801712 0.18491146
v -0.0146818925 0.03334298 0.16690353
v -0.012058868 0.04711099 0.15899345
v -0.013861809 0.032672986 0.16441551
v -0.010200805 0.01835699 0.17148548
v 0.0065470883 0.010243153 0.19043785
v -0.010748863 0.017943986 0.17009853
v -0.010094909 0.017924018 0.1674755
v 0.03556606 -0.002867012 0.18353248
v 0.05039215 0.0017139721 0.17796952
v -0.0010387802 0.004954824 0.17172317
v -0.0016008759 0.0045629693 0.17033646
v -0.0013328552 0.0051070023 0.16770348
v 0.019808883 0.0007027721 0.18761332
v 0.050325163 -0.0006040239 0.17626846
v 0.06195118 0.0094809765 0.17036247
v 0.011368179 -0.0047650384 0.16757748
v 0.011089172 -0.0038270187 0.16506149
v 0.0119504165 -0.004387851 0.16895965
v 0.03496071 -0.0032382822 0.18215843
v 0.06242012 0.0075229737 0.16830951
v 0.06920513 0.021669993 0.16324946
v 0.07001121 0.02027797 0.16086547
v 0.026182136 -0.008620019 0.16224048
v 0.025278091 -0.0075190207 0.1599495
v 0.026787566 -0.008248739 0.16361454
v 0.049794883 -0.0009330797 0.17510945
v 0.062035255 0.007260909 0.16746265
v 0.06983345 0.020121014 0.16040345
v 0.06743492 0.018002931 0.15416747
v 0.056840096 0.0037240551 0.15603334
v 0.067257114 0.01784598 0.15370545
v 0.04263939 -0.005373964 0.15946749
v 0.056455154 0.003461976 0.1551865
v 0.06465523 0.017847968 0.15183747
v 0.04210926 -0.00570302 0.15830846
v 0.054293174 0.0040619993 0.15322948
v 0.040540047 -0.004723043 0.1561975
v 0.039075088 -0.005406003 0.15314746
v 0.050382156 0.0021909617 0.14569546
v 0.05747818 0.014116981 0.13873146
v 0.029571112 0.025718002 0.2526465
v 0.04637909 0.018486977 0.24983954
v 0.044575196 0.014922966 0.24945056
v 0.03245304 0.02850497 0.2528065
v 0.01899105 0.04120399 0.2523815
v 0.04685951 0.019909391 0.24917175
v 0.022633055 0.042878985 0.25256053
v 0.014444122 0.059025 0.24869555
v 0.033446196 0.02955846 0.25202945
v 0.05942108 0.05711301 0.23170455
v 0.018413085 0.059419975 0.24913955
v 0.016625099 0.076467976 0.24215046
v 0.020437088 0.07561001 0.2430645
v 0.023987923 0.043403152 0.2517925
v 0.01992321 0.05933502 0.2484975
v 0.021872634 0.07492886 0.24264617
v 0.09205425 0.022202002 0.22608146
v 0.09840606 0.038615983 0.2203445
v 0.10062916 0.036610976 0.21767253
v 0.09044822 0.025242 0.22814949
v 0.07839115 0.013020977 0.23507354
v 0.09697052 0.039297137 0.22076282
v 0.07776512 0.016721008 0.23649551
v 0.0617181 0.010464983 0.24327953
v 0.08930565 0.026415657 0.22828041
v 0.05942108 0.05711301 0.23170455
v 0.062291067 0.014348969 0.24411246
v 0.044575196 0.014922966 0.24945056
v 0.04637909 0.018486977 0.24983954
v 0.07708969 0.018208439 0.23631911
v 0.06218544 0.015923746 0.24365558
v 0.04685951 0.019909391 0.24917175
v -0.036288224 -0.009011798 0.18752868
v -0.044284247 0.0046734475 0.18667465
v -0.011512527 0.017374642 0.16827144
v -0.0023724365 0.0040050508 0.1685097
v -0.0013328552 0.0051070023 0.16770348
v -0.010094909 0.017924018 0.1674755
v 0.011089172 -0.0038270187 0.16506149
v -0.026404724 -0.021469563 0.1871495
v -0.037520867 -0.00984003 0.18833256
v 0.010585327 -0.0053141927 0.1657539
v 0.025278091 -0.0075190207 0.1599495
v -0.014325599 -0.031547416 0.18503258
v -0.02743084 -0.022558063 0.18794547
v 0.02538601 -0.009165444 0.16042137
v 0.039075088 -0.005406003 0.15314746
v -0.031285897 -0.026161002 0.1866125
v -0.04185684 -0.012824048 0.18703052
v 0.039777867 -0.0069614504 0.15332566
v 0.050382156 0.0021909617 0.14569546
v -0.029851837 -0.024305042 0.18248455
v -0.03993782 -0.011584997 0.18287651
v 0.051572416 0.000963006 0.14555182
v 0.05747818 0.014116981 0.13873146
v -0.02872406 -0.022944879 0.18152088
v -0.038560905 -0.010539069 0.18190315
v 0.015806807 0.030761313 0.14347085
v -0.016698608 -0.0329797 0.17940734
v -0.017521858 -0.034594007 0.18031749
v 0.058974378 0.013403268 0.13828737
v 0.05928524 0.028557993 0.1333165
v -0.0034940338 -0.041092314 0.17615189
v -0.018361853 -0.03695001 0.18433551
v -0.003982849 -0.042912047 0.17697951
v 0.010785294 -0.0460205 0.17139922
v -0.01509983 -0.03284599 0.18578444
v 0.025328025 -0.04859036 0.16577072
v 0.039665908 -0.04765509 0.15910943
v 0.053355254 -0.044297125 0.15195845
v 0.010658111 -0.047965016 0.1721065
v -0.0041678236 -0.045670018 0.18083549
v -0.0010623932 -0.039694495 0.18176375
v 0.025569038 -0.050600007 0.16633545
v 0.011182212 -0.050966993 0.1757275
v -0.0015598297 -0.04116307 0.18244751
v 0.013279495 -0.044644218 0.17698841
v 0.013081169 -0.046216033 0.17757247
v 0.0268161 -0.053728003 0.16968246
v 0.04027023 -0.04964102 0.15950549
v 0.027882995 -0.04722733 0.1713304
v 0.027989043 -0.04885302 0.17179649
v 0.04228115 -0.046289906 0.16463429
v 0.0422311 -0.052721046 0.16252853
v 0.042688027 -0.047896028 0.16496044
v 0.056026418 -0.04292027 0.15744555
v 0.056720197 -0.04445604 0.15762147
v 0.0682687 -0.036240745 0.14986397
v 0.056950223 -0.049108967 0.15485048
v 0.06921806 -0.03763703 0.14988156
v 0.07908764 -0.02742488 0.14223261
v 0.054306105 -0.04619803 0.15217344
v 0.087332875 -0.016004018 0.13491416
v 0.07005913 -0.041954987 0.14675245
v 0.080263175 -0.028636994 0.1420905
v 0.06680706 -0.039377026 0.1444415
v 0.08164509 -0.032515004 0.1385995
v 0.088680185 -0.01697802 0.13461949
v 0.093562774 -0.0030953025 0.12802109
v 0.06554748 -0.03764463 0.14441755
v 0.07632259 -0.02886494 0.13682576
v 0.07785511 -0.030375008 0.13665748
v 0.09047309 -0.02029002 0.13077645
v 0.09504009 -0.0038000392 0.1275825
v 0.096567035 0.011346478 0.12207299
v 0.086274184 -0.018715048 0.12919047
v 0.08453362 -0.017492957 0.1295432
v 0.060859222 0.028467068 0.13263902
v 0.05552517 0.04331201 0.13027449
v 0.056937255 0.04385747 0.12946628
v 0.0945541 0.041606817 0.113313705
v 0.08958488 0.05646842 0.11078154
v 0.09724995 0.026364425 0.11697829
v 0.098107256 0.010942993 0.12151045
v 0.097143136 -0.0064730262 0.12340149
v 0.09073742 -0.004639468 0.12268098
v 0.09880413 0.026274012 0.116309494
v 0.09605205 0.041834988 0.1125685
v 0.10035728 0.008983021 0.117032476
v 0.09263523 -0.0055360077 0.122154474
v 0.09570228 0.00920701 0.11608149
v 0.09372875 0.00973939 0.11675801
v 0.10108329 0.025052002 0.1115705
v 0.09639633 0.02453696 0.110876456
v 0.09372875 0.00973939 0.11675801
v 0.09819118 0.041360997 0.10763547
v 0.09364132 0.040094007 0.10712951
v 0.09440559 0.024690699 0.11168153
v 0.015806807 0.030761313 0.14347085
v 0.09171882 0.03986349 0.10802714
v 0.08856502 0.055263985 0.104536444
v 0.09171882 0.03986349 0.10802714
v 0.09286617 0.05726202 0.104908474
v 0.086767994 0.05465877 0.10549811
v 0.07881626 0.0682935 0.10467108
v 0.08041218 0.06924402 0.10368849
v 0.084315106 0.071914986 0.10401148
v 0.09097923 0.057006996 0.10998345
v 0.082830235 0.070989005 0.109143436
v 0.08160259 0.07016438 0.1099586
v 0.08184521 0.028460009 0.18680248
v 0.06920513 0.021669993 0.16324946
v 0.06195118 0.0094809765 0.17036247
v 0.07419311 0.015601982 0.19430652
v 0.09986221 0.036278144 0.21641201
v 0.05039215 0.0017139721 0.17796952
v 0.091324806 0.021932501 0.224784
v 0.10062916 0.036610976 0.21767253
v 0.09205425 0.022202002 0.22608146
v 0.062000196 0.0074079847 0.20233051
v 0.036288224 -0.00044801712 0.18491146
v 0.0777219 0.012791784 0.23373653
v 0.07839115 0.013020977 0.23507354
v 0.047121238 0.005127983 0.20965354
v 0.021786118 0.0033229731 0.19013153
v 0.061122205 0.01024704 0.24190651
v 0.0617181 0.010464983 0.24327953
v 0.03182308 0.009106002 0.2151606
v 0.009094162 0.012454979 0.1928355
v 0.044054564 0.014685442 0.24805038
v 0.044575196 0.014922966 0.24945056
v 0.018434143 0.018738987 0.21801254
v 0.00014419555 0.025554985 0.1926115
v 0.029116286 0.025433015 0.25123227
v 0.029571112 0.025718002 0.2526465
v 0.008992119 0.032558974 0.21777545
v -0.0037018203 0.04063099 0.18949352
v 0.018582877 0.040850986 0.25096846
v 0.01899105 0.04120399 0.2523815
v 0.00493515 0.048462 0.21448646
v -0.0018578338 0.05538597 0.18395549
v 0.0068811798 0.06402698 0.20864555
v 0.014055824 0.058593675 0.24729866
v 0.014444122 0.059025 0.24869555
v 0.016227227 0.07595997 0.24078235
v 0.016625099 0.076467976 0.24215046
v -0.0043508527 0.05556 0.18253346
v 0.0053960797 0.067575 0.1768425
v -0.0018578338 0.05538597 0.18395549
v 0.0032401655 0.06831498 0.1750895
v 0.01695526 0.07534199 0.16923553
v 0.0026834488 0.06783459 0.17372718
v -0.0048960876 0.055099037 0.18115947
v 0.015335121 0.07644201 0.16712952
v 0.031058006 0.07750403 0.16229446
v -0.004830093 0.061351355 0.15534179
v -0.0122546 0.048877943 0.16261649
v 0.014760207 0.075949416 0.16577992
v 0.030094031 0.078704 0.15986548
v 0.045560148 0.07373202 0.1570735
v 0.0070011136 0.069301575 0.14756605
v -0.0053868867 0.060870964 0.1539795
v -0.012799835 0.048416976 0.16124249
v -0.012058868 0.04711099 0.15899345
v -0.004958839 0.059038997 0.15203649
v 0.0064262007 0.068808995 0.14621651
v 0.006355171 0.06664201 0.14460157
v 0.02083908 0.07102 0.13913348
v 0.02016018 0.06876 0.13781749
v 0.021436347 0.07151587 0.14047137
v 0.035657194 0.067168996 0.1338045
v 0.034353178 0.065071 0.13271348
v 0.046771087 0.056135006 0.1300635
v 0.029496765 0.07820813 0.15852757
v 0.03627743 0.067658745 0.13513383
v 0.04862217 0.05783899 0.1310385
v 0.04464874 0.07426827 0.15307416
v 0.057119176 0.044377003 0.13314547
v 0.05552517 0.04331201 0.13027449
v 0.05928524 0.028557993 0.1333165
v 0.049262848 0.058314215 0.13236369
v 0.045269124 0.074758016 0.15440346
v 0.05825321 0.06460099 0.15437047
v 0.059417076 0.045556977 0.13424148
v 0.06337009 0.030947004 0.14060646
v 0.057909355 0.06472776 0.15024836
v 0.058550145 0.06520299 0.15157355
v 0.06720306 0.051501002 0.15459453
v 0.06465523 0.017847968 0.15183747
v 0.05747818 0.014116981 0.13873146
v 0.065932155 0.031529017 0.14200948
v 0.067257114 0.01784598 0.15370545
v 0.059965666 0.045940112 0.13537514
v 0.06631992 0.031799406 0.14285241
v 0.06743492 0.018002931 0.15416747
v 0.06736763 0.051110867 0.15067478
v 0.06791615 0.051494002 0.15180852
v 0.071049154 0.036424976 0.15771255
v 0.07155338 0.035448592 0.15422858
v 0.06983345 0.020121014 0.16040345
v 0.071941145 0.035718992 0.15507151
v 0.06920513 0.021669993 0.16324946
v 0.07001121 0.02027797 0.16086547
v 0.055536192 0.102614015 0.21654347
v 0.072679095 0.09815599 0.21037258
v 0.072464064 0.095739 0.21356952
v 0.056552086 0.099877015 0.21929653
v 0.038863182 0.10005802 0.22474945
v 0.056657713 0.09830221 0.21975341
v 0.07198391 0.09431662 0.21423732
v 0.05942108 0.05711301 0.23170455
v 0.04107723 0.09750501 0.22691348
v 0.025199242 0.09087702 0.23374152
v 0.0417527 0.096017584 0.22708996
v 0.02953758 0.08781036 0.23512858
v 0.021872634 0.07492886 0.24264617
v 0.028395042 0.08898401 0.2352595
v 0.016625099 0.076467976 0.24215046
v 0.020437088 0.07561001 0.2430645
v 0.10280926 0.05405401 0.21112746
v 0.10062916 0.036610976 0.21767253
v 0.09840606 0.038615983 0.2203445
v 0.10043033 0.054805994 0.21426956
v 0.09826309 0.07187502 0.2074416
v 0.098920174 0.05489095 0.21491161
v 0.09697052 0.039297137 0.22076282
v 0.05942108 0.05711301 0.23170455
v 0.09621021 0.071347006 0.2108485
v 0.08768318 0.08736101 0.2071765
v 0.094855346 0.070822835 0.21161655
v 0.08539695 0.08466749 0.21137959
v 0.07198391 0.09431662 0.21423732
v 0.08639019 0.08572098 0.21060252
v 0.072679095 0.09815599 0.21037258
v 0.072464064 0.095739 0.21356952
v 0.056937255 0.04385747 0.12946628
v 0.08160259 0.07016438 0.1099586
v 0.08958488 0.05646842 0.11078154
v 0.04780594 0.057233527 0.1292465
v 0.046771087 0.056135006 0.1300635
v 0.05552517 0.04331201 0.13027449
v 0.034353178 0.065071 0.13271348
v 0.07173076 0.082628876 0.11036212
v 0.082830235 0.070989005 0.109143436
v 0.034852523 0.06655497 0.13201098
v 0.02016018 0.06876 0.13781749
v 0.059658393 0.092712656 0.11249852
v 0.07275223 0.08371401 0.10955548
v 0.020047493 0.070402995 0.13733493
v 0.006355171 0.06664201 0.14460157
v 0.0737442 0.08525202 0.104430474
v 0.084315106 0.071914986 0.10401148
v 0.0056469343 0.06819354 0.14441107
v -0.004958839 0.059038997 0.15203649
v 0.070331074 0.081966996 0.10409346
v 0.08041218 0.06924402 0.10368849
v 0.07881626 0.0682935 0.10467108
v 0.06898434 0.08070223 0.10506611
v 0.015806807 0.030761313 0.14347085
v 0.058006246 0.09226002 0.10626948
v 0.060820043 0.09604002 0.106706455
v 0.056963842 0.090740986 0.10718833
v 0.04446827 0.10057802 0.10961049
v 0.060428046 0.094007984 0.11173648
v 0.04376011 0.098853536 0.110446826
v 0.046626166 0.104761004 0.110206455
v 0.046397973 0.10086172 0.11577128
v 0.046891212 0.10232704 0.11507744
v 0.0320541 0.10581047 0.120541714
v 0.032248076 0.107379034 0.1199475
v 0.031276092 0.11005802 0.11531447
v 0.029825134 0.10563001 0.11448147
v 0.017441863 0.10838775 0.12618119
v 0.017331123 0.11001004 0.12570448
v 0.0030330657 0.10744253 0.1328519
v 0.015642013 0.11281903 0.12135947
v 0.02947895 0.103780776 0.11519753
v 0.002621193 0.10904504 0.1325145
v 0.014910125 0.10826299 0.12024249
v -0.010725555 0.104062155 0.14001054
v 0.00022712706 0.11181202 0.12851344
v 0.014932289 0.1063487 0.120816216
v -0.011424827 0.10559404 0.13982251
v -0.022981605 0.09737285 0.14756182
v 0.00020420074 0.10730002 0.12705949
v 0.0005895615 0.10540952 0.1274648
v -0.01449192 0.10819904 0.13619149
v -0.013106536 0.10204571 0.13460013
v -0.025305633 0.09538734 0.14212556
v -0.03608673 0.086604744 0.14970462
v -0.013838806 0.10385102 0.13437548
v -0.023936843 0.09876503 0.14753146
v -0.0061552427 0.060262516 0.15216626
v -0.012058868 0.04711099 0.15899345
v -0.026346855 0.097024016 0.1420915
v -0.027600897 0.10104501 0.14428946
v -0.033811186 0.08854931 0.15516804
v -0.0135614015 0.04782008 0.15942314
v -0.013861809 0.032672986 0.16441551
v -0.037400857 0.088019006 0.1498625
v -0.03499283 0.08975702 0.15529649
v -0.04206413 0.07712249 0.16246781
v -0.039186858 0.091605015 0.15244345
v -0.043417852 0.078091994 0.16274849
v -0.048014868 0.07938002 0.16026546
v -0.04582382 0.07635599 0.15731952
v -0.048297193 0.06421181 0.16935733
v -0.04978092 0.064912 0.16978157
v -0.05129959 0.04977199 0.17530994
v -0.044301566 0.075229794 0.15697736
v -0.054684866 0.06556299 0.16764145
v -0.05218586 0.06317601 0.16435347
v -0.050506514 0.062375374 0.16383773
v -0.055251922 0.048434004 0.17042953
v -0.057898827 0.050107997 0.17400952
v -0.0154420845 0.032759506 0.16507919
v -0.010094909 0.017924018 0.1674755
v -0.011512527 0.017374642 0.16827144
v -0.052845877 0.050170988 0.1758585
v -0.04926708 0.019526321 0.18411121
v -0.044284247 0.0046734475 0.18667465
v -0.05197445 0.034760017 0.18042244
v -0.053534966 0.034846 0.18107754
v -0.058624838 0.034037966 0.17947146
v -0.050770834 0.019293994 0.18484351
v -0.055941846 0.033106983 0.17564446
v -0.05573288 0.017729968 0.18340652
v -0.04568386 0.004130974 0.18746051
v -0.036288224 -0.009011798 0.18752868
v -0.037520867 -0.00984003 0.18833256
v -0.04185684 -0.012824048 0.18703052
v -0.050407827 0.0018279838 0.18613346
v -0.03993782 -0.011584997 0.18287651
v -0.04809887 0.0023890065 0.18201251
v -0.038560905 -0.010539069 0.18190315
v -0.053180847 0.017553983 0.17940453
v -0.046520423 0.0030897998 0.18106055
v -0.054169692 0.033049043 0.17484981
v -0.05147686 0.017880192 0.17851695
v -0.05349674 0.04799749 0.16976364
v 0.071049154 0.036424976 0.15771255
v 0.06920513 0.021669993 0.16324946
v 0.08184521 0.028460009 0.18680248
v 0.08379013 0.044024996 0.18096046
v 0.06720306 0.051501002 0.15459453
v 0.09986221 0.036278144 0.21641201
v 0.079733275 0.059927985 0.17767146
v 0.05825321 0.06460099 0.15437047
v 0.07029209 0.073747985 0.17743549
v 0.045560148 0.07373202 0.1570735
v 0.056902084 0.08338102 0.18028751
v 0.031058006 0.07750403 0.16229446
v 0.041604154 0.087359026 0.18579452
v 0.01695526 0.07534199 0.16923553
v 0.026726112 0.08507902 0.19311756
v 0.0053960797 0.067575 0.1768425
v 0.014533119 0.076885 0.2011415
v -0.0018578338 0.05538597 0.18395549
v 0.0068811798 0.06402698 0.20864555
v 0.016227227 0.07595997 0.24078235
v 0.024763716 0.09030567 0.23241031
v 0.016625099 0.076467976 0.24215046
v 0.025199242 0.09087702 0.23374152
v 0.038367536 0.09944635 0.22345778
v 0.038863182 0.10005802 0.22474945
v 0.05496719 0.101991095 0.2152879
v 0.055536192 0.102614015 0.21654347
v 0.072034836 0.09755268 0.20914409
v 0.072679095 0.09815599 0.21037258
v 0.08697296 0.08680515 0.2059621
v 0.08768318 0.08736101 0.2071765
v 0.09750652 0.07138719 0.20622593
v 0.09826309 0.07187502 0.2074416
v 0.10203266 0.053644493 0.2098957
v 0.10280926 0.05405401 0.21112746
v 0.10062916 0.036610976 0.21767253
v 0.08119705 0.014716012 0.14334548
v 0.08075912 0.007170982 0.1406785
v 0.078532144 0.008019976 0.14088449
v 0.08345009 0.013946006 0.1431025
v 0.083545074 0.021109993 0.14577149
v 0.08535209 0.01305501 0.1400185
v 0.08268707 0.00493402 0.13729945
v 0.085818216 0.020415004 0.14549445
v 0.08571411 0.027159002 0.14900948
v 0.08273506 0.013677985 0.13743149
v 0.079667166 0.0045019863 0.13420846
v 0.07743919 0.0053509804 0.13441445
v 0.08047603 0.014421992 0.13768649
v 0.078532144 0.008019976 0.14088449
v 0.08119705 0.014716012 0.14334548
v 0.08567711 0.022148987 0.14035147
v 0.08339214 0.022793015 0.1406505
v 0.083545074 0.021109993 0.14577149
v 0.08571411 0.027159002 0.14900948
v 0.08800212 0.026530005 0.14870347
v 0.087404095 0.031650998 0.15264645
v 0.088037185 0.02061001 0.14263347
v 0.090471186 0.027691014 0.14623046
v 0.089701116 0.031064993 0.15232144
v 0.0883522 0.033363987 0.1562625
v 0.088309206 0.030047992 0.14440645
v 0.08600712 0.030604972 0.14474347
v 0.0906501 0.03278198 0.15593553
v 0.08876407 0.03311299 0.15966249
v 0.0923772 0.03290699 0.15049148
v 0.08808311 0.03635799 0.14971246
v 0.087404095 0.031650998 0.15264645
v 0.0883522 0.033363987 0.1562625
v 0.09039413 0.035853002 0.1493525
v 0.09352321 0.034861002 0.1550905
v 0.09105816 0.03250999 0.15934446
v 0.08879307 0.031728983 0.16265747
v 0.09174118 0.03803798 0.1549375
v 0.08943016 0.038543 0.15529749
v 0.09406513 0.034371983 0.15960747
v 0.09244613 0.037388988 0.16053452
v 0.09014206 0.037933026 0.1608775
v 0.08876407 0.03311299 0.15966249
v 0.0910791 0.03108999 0.1623555
v 0.08843613 0.029548008 0.16479553
v 0.09249619 0.034724023 0.1655315
v 0.090203166 0.035331022 0.16584747
v 0.08879307 0.031728983 0.16265747
v 0.09408119 0.03228299 0.1636345
v 0.090712085 0.028867017 0.16451249
v 0.08771911 0.02690098 0.16562447
v 0.08962414 0.031615 0.16938445
v 0.08843613 0.029548008 0.16479553
v 0.08771911 0.02690098 0.16562447
v 0.093584135 0.029223997 0.16652247
v 0.09190109 0.030938983 0.1690995
v 0.0899852 0.026179992 0.1653595
v 0.086633146 0.023737997 0.16521049
v 0.0926561 0.02580999 0.16761443
v 0.09079708 0.02689998 0.1703915
v 0.088535115 0.027639018 0.17064846
v 0.08888805 0.02297502 0.16496551
v 0.08516613 0.02000798 0.16362548
v 0.0914471 0.022285003 0.1673185
v 0.089500085 0.023146963 0.17015247
v 0.08725311 0.023934 0.17038646
v 0.086633146 0.023737997 0.16521049
v 0.0874081 0.019203003 0.1633995
v 0.08344521 0.015957976 0.1613245
v 0.09011505 0.018889993 0.16604248
v 0.08604305 0.020887999 0.16923949
v 0.08516613 0.02000798 0.16362548
v 0.08827915 0.020064997 0.16902149
v 0.08495705 0.018402006 0.16761748
v 0.08344521 0.015957976 0.1613245
v 0.0833691 0.014685984 0.1661245
v 0.08718513 0.017552983 0.16741244
v 0.08867309 0.015509982 0.16413051
v 0.084984094 0.017752983 0.17071147
v 0.08307514 0.013199027 0.17015944
v 0.08720306 0.016879022 0.1705175
v 0.086925045 0.015519983 0.17373347
v 0.084719196 0.016428994 0.17391051
v 0.082472116 0.011361999 0.17291947
v 0.088612095 0.014438993 0.16813149
v 0.08567211 0.015108981 0.16111946
v 0.08558212 0.013793995 0.16593948
v 0.0833691 0.014685984 0.1661245
v 0.08527218 0.012264981 0.16999348
v 0.08307514 0.013199027 0.17015944
v 0.08396919 0.014116981 0.1769965
v 0.088302076 0.012969971 0.1716915
v 0.084653206 0.010388989 0.17277347
v 0.082472116 0.011361999 0.17291947
v 0.08255909 0.010692977 0.17920749
v 0.08153106 0.009097003 0.1743975
v 0.080214076 0.006322994 0.17458549
v 0.08759006 0.010808988 0.17465748
v 0.083695106 0.008085003 0.17427047
v 0.08153106 0.009097003 0.1743975
v 0.08615703 0.0131600015 0.1768425
v 0.08031906 0.006057997 0.17959152
v 0.07877811 0.003540015 0.1735475
v 0.08472214 0.0096769715 0.1790815
v 0.07777008 0.0012939882 0.17807944
v 0.07750206 0.001230998 0.17134948
v 0.086373135 0.007867998 0.1765495
v 0.082452044 0.0049779797 0.17949745
v 0.082362056 0.0052729985 0.17447655
v 0.080214076 0.006322994 0.17458549
v 0.08455116 0.004058981 0.17688651
v 0.08091022 0.0024570178 0.17345448
v 0.07877811 0.003540015 0.1735475
v 0.082524225 0.00019097804 0.17565547
v 0.079624176 0.00012797356 0.17126651
v 0.07750206 0.001230998 0.17134948
v 0.07987507 0.00015800475 0.17801547
v 0.08075306 -0.002956991 0.17284648
v 0.078848034 -0.0010780144 0.16741244
v 0.07672405 2.099514E-05 0.16749649
v 0.07554611 -0.0025770091 0.17460246
v 0.0776321 -0.0037470243 0.17455551
v 0.074208066 -0.0047349976 0.16900645
v 0.07672405 2.099514E-05 0.16749649
v 0.07673206 0.0005569744 0.16149944
v 0.07969909 -0.0046390197 0.16811946
v 0.07629406 -0.0059060333 0.16895851
v 0.07887409 -0.0005029869 0.16139549
v 0.07673206 0.0005569744 0.16149944
v 0.074217066 -0.0043120477 0.16113746
v 0.07632812 -0.0054360293 0.16106647
v 0.07974609 -0.0040710066 0.16114353
v 0.07939514 0.0013949776 0.1544245
v 0.07722504 0.0023929977 0.15455848
v 0.07503013 -0.0019720173 0.15227747
v 0.07722504 0.0023929977 0.15455848
v 0.07793812 0.0050629997 0.1478765
v 0.077179104 -0.003018012 0.15216748
v 0.076144144 0.0015929746 0.1437095
v 0.078532144 0.008019976 0.14088449
v 0.07743919 0.0053509804 0.13441445
v 0.07833305 0.00064096926 0.14355248
v 0.079667166 0.0045019863 0.13420846
v 0.08268707 0.00493402 0.13729945
v 0.08143314 0.0014479923 0.14546748
v 0.08075912 0.007170982 0.1406785
v 0.08045704 -0.0018390274 0.15317345
v 0.080137216 0.0041359807 0.14770848
v 0.07793812 0.0050629997 0.1478765
v 0.078532144 0.008019976 0.14088449
v 0.07818813 0.017116997 0.14498048
v 0.07550411 0.012669966 0.14861046
v 0.07687214 0.011644973 0.1474105
v 0.0764772 0.017908972 0.14632952
v 0.077852055 0.025720956 0.13638249
v 0.07559944 0.01283756 0.14903605
v 0.0739331 0.026790978 0.1380705
v 0.0785062 0.039665967 0.12661648
v 0.07657249 0.018076565 0.14675511
v 0.07698112 0.015266972 0.15520552
v 0.07301811 0.040682007 0.12870549
v 0.08006908 0.058393974 0.11668847
v 0.0741082 0.02708454 0.1389211
v 0.0779541 0.020505976 0.1529245
v 0.0785696 0.018060284 0.16229637
v 0.074118115 0.057602 0.1206285
v 0.080245435 0.05882183 0.11822957
v 0.07426613 0.05805031 0.12201975
v 0.07321342 0.04110076 0.12992749
v 0.07604507 0.04717098 0.14764151
v 0.07664612 0.031339966 0.1512515
v 0.07954258 0.023299262 0.16001533
v 0.07867912 0.01825298 0.16278549
v 0.07934402 0.035865765 0.16436489
v 0.0796521 0.023491956 0.16050453
v 0.08052914 0.018074976 0.16373844
v 0.08181114 0.023298983 0.16131252
v 0.079530105 0.036177974 0.16526951
v 0.083805196 0.035382003 0.16567348
v 0.07961952 0.051450755 0.16739105
v 0.07986618 0.051745996 0.16875347
v 0.08565311 0.05087997 0.16896847
v 0.080238074 0.06694473 0.1672309
v 0.080502085 0.06711 0.16895854
v 0.08685211 0.06789498 0.16964553
v 0.08659069 0.06770971 0.16776916
v 0.07641109 0.06454899 0.14218749
v 0.08280109 0.06502401 0.14056948
v 0.08659069 0.06770971 0.16776916
v 0.080245435 0.05882183 0.11822957
v 0.081898116 0.017049978 0.16253848
v 0.08052914 0.018074976 0.16373844
v 0.08181114 0.023298983 0.16131252
v 0.08354713 0.023084989 0.15979151
v 0.081788555 0.016857283 0.16204932
v 0.083805196 0.035382003 0.16567348
v 0.083438374 0.022894677 0.15930124
v 0.08020012 0.014063971 0.15495855
v 0.08717113 0.035299987 0.16390346
v 0.08565311 0.05087997 0.16896847
v 0.081862144 0.020135973 0.1521945
v 0.07881843 0.011634559 0.1487891
v 0.0869878 0.034996226 0.16299492
v 0.0905101 0.05041398 0.16689445
v 0.08685211 0.06789498 0.16964553
v 0.084330134 0.030592987 0.14982451
v 0.09028713 0.05013371 0.16552082
v 0.08048981 0.017735582 0.14601107
v 0.0787231 0.011466985 0.1483635
v 0.0925481 0.065519 0.16688748
v 0.08659069 0.06770971 0.16776916
v 0.092325665 0.06537328 0.16514282
v 0.08183147 0.02645167 0.13744079
v 0.08039516 0.017569989 0.14558451
v 0.07687214 0.011644973 0.1474105
v 0.07818813 0.017116997 0.14498048
v 0.081659086 0.02616598 0.13658649
v 0.077852055 0.025720956 0.13638249
v 0.087055124 0.046070985 0.14560848
v 0.08404671 0.04027108 0.12782805
v 0.08383915 0.03987098 0.12660146
v 0.0785062 0.039665967 0.12661648
v 0.08910015 0.063261 0.1398525
v 0.086405106 0.05672501 0.11822249
v 0.08006908 0.058393974 0.11668847
v 0.080245435 0.05882183 0.11822957
v 0.08657902 0.057146795 0.11961835
v 0.080245435 0.05882183 0.11822957
v 0.08280109 0.06502401 0.14056948
v 0.08659069 0.06770971 0.16776916
v 0.07461613 0.0065399646 0.14994645
v 0.07687214 0.011644973 0.1474105
v 0.07550411 0.012669966 0.14861046
v 0.07311809 0.007958965 0.15100053
v 0.06794109 -0.0036320304 0.15016447
v 0.07321342 0.00812663 0.1514261
v 0.07559944 0.01283756 0.14903605
v 0.07698112 0.015266972 0.15520552
v 0.06455112 -0.000996027 0.15111646
v 0.059106138 -0.017790018 0.15359248
v 0.06474979 -0.0006324482 0.15193425
v 0.07459511 0.010556974 0.1575955
v 0.054537084 -0.014050059 0.15440252
v 0.048565138 -0.03490804 0.16049446
v 0.07618354 0.0133493515 0.16468635
v 0.0785696 0.018060284 0.16229637
v 0.06763012 0.0046379757 0.16378853
v 0.05477745 -0.013497839 0.15556185
v 0.04496811 -0.02872906 0.16116145
v 0.048860967 -0.03412623 0.16186942
v 0.04519451 -0.028048482 0.16244377
v 0.0762931 0.013541986 0.16517551
v 0.07867912 0.01825298 0.16278549
v 0.08052914 0.018074976 0.16373844
v 0.07837211 0.013114989 0.16609348
v 0.07069286 0.010243306 0.17639488
v 0.07090412 0.010629992 0.17726448
v 0.074947126 0.009147982 0.17799053
v 0.06375232 0.00446033 0.18945381
v 0.064131126 0.005146961 0.19063255
v 0.06941909 0.0028019522 0.19154255
v 0.058262136 -0.0054930304 0.17236751
v 0.04847614 -0.018183012 0.1810315
v 0.056387365 -0.0036926793 0.20039561
v 0.056933098 -0.002693057 0.20173144
v 0.061964188 -0.005815043 0.20425254
v 0.06139526 -0.0069106864 0.20280364
v 0.06139526 -0.0069106864 0.20280364
v 0.053149108 -0.02279303 0.18180045
v 0.048860967 -0.03412623 0.16186942
v 0.055289574 -0.03551823 0.16312538
v 0.048860967 -0.03412623 0.16186942
v 0.053149108 -0.02279303 0.18180045
v 0.059094124 -0.02560603 0.18157646
v 0.067464106 -0.01194704 0.17284846
v 0.06139526 -0.0069106864 0.20280364
v 0.06670792 -0.010495452 0.20076385
v 0.063681066 -0.020042581 0.15614575
v 0.0634201 -0.020601029 0.1549935
v 0.05502712 -0.036202013 0.16185252
v 0.048860967 -0.03412623 0.16186942
v 0.048565138 -0.03490804 0.16049446
v 0.059106138 -0.017790018 0.15359248
v 0.06794109 -0.0036320304 0.15016447
v 0.07092014 -0.0056380415 0.15151848
v 0.07461613 0.0065399646 0.14994645
v 0.07112145 -0.0052665854 0.15233254
v 0.07636116 0.0056219813 0.1511945
v 0.07687214 0.011644973 0.1474105
v 0.0787231 0.011466985 0.1483635
v 0.07881843 0.011634559 0.1487891
v 0.076457135 0.0057916404 0.15161912
v 0.07404007 0.000117955205 0.16413246
v 0.07784912 0.008250985 0.15777451
v 0.08020012 0.014063971 0.15495855
v 0.081788555 0.016857283 0.16204932
v 0.077143975 0.005844908 0.17668179
v 0.079448774 0.011077971 0.16484948
v 0.081898116 0.017049978 0.16253848
v 0.079559095 0.011272988 0.16533752
v 0.07281967 -0.0015970469 0.18980853
v 0.07837211 0.013114989 0.16609348
v 0.08052914 0.018074976 0.16373844
v 0.074947126 0.009147982 0.17799053
v 0.07735813 0.0062399814 0.17754748
v 0.06941909 0.0028019522 0.19154255
v 0.07318909 -0.0008830547 0.1909785
v 0.061964188 -0.005815043 0.20425254
v 0.06723312 -0.009453039 0.2020875
v 0.06139526 -0.0069106864 0.20280364
v 0.049432755 0.02271 -0.009590034
v 0.044798546 0.02373521 -0.03214484
v 0.062024992 0.030271742 -0.018713273
v 0.036889456 0.01759077 -0.01797556
v 0.029756317 0.020295724 -0.036601834
v 0.02414154 0.018297506 -0.017079677
v 0.022819556 0.019563934 -0.03633639
v 0.034624863 0.031940162 -0.029120697
v 0.014564933 0.031097213 -0.03629956
v 0.03094326 0.015449573 -0.00859972
v 0.04102951 0.018677497 -0.004201994
v 0.010324516 0.005141344 0.014328384
v 0.021053696 0.014397004 -0.011124706
v 0.0046821595 0.0051367665 0.014417286
v 0.011667556 0.019914316 -0.020931453
v -0.0008839798 0.026152976 -0.046151232
v 0.0104071805 0.014230258 -0.0124391075
v -0.0008700943 0.0174257 -0.026287641
v -0.016934508 0.018990137 -0.022403935
v -0.021991385 0.024309576 -0.04645944
v -0.031444624 0.025540905 -0.042193636
v -0.01901432 0.025348922 -0.030854963
v -0.03205898 0.032401342 -0.026053762
v -0.0004543686 0.014217517 -0.013389959
v -0.001198082 0.005148654 0.014353694
v -0.013970146 0.013568062 -0.013116693
v -0.006612968 0.005143981 0.014253216
v -0.026453514 0.022992516 -0.017043095
v -0.046952438 0.034095414 -0.02553882
v -0.021826247 0.014885189 -0.0107844155
v -0.038811035 0.02389003 -0.014375334
v -0.031114386 0.016645147 -0.006912479
v -0.008853263 0.005018468 0.014126816
v -0.011349906 0.004876146 0.013885422
v -0.039453123 0.020437632 -0.002156143
v -0.04947914 0.027860794 -0.008219175
v -0.061959036 0.03899798 -0.01814989
v 0.04346527 0.123014964 -0.07439905
v 0.042531166 0.127318 -0.064164035
v 0.028521232 0.119876 -0.065012045
v 0.030340195 0.106924 -0.073288046
v 0.04543724 0.11577402 -0.098200046
v 0.025770264 0.09849099 -0.062261045
v 0.03204212 0.10393894 -0.09748804
v 0.049379233 0.09819998 -0.12353405
v 0.032387123 0.08702101 -0.070721045
v 0.025906295 0.07877399 -0.058140047
v 0.034407195 0.07983998 -0.092394054
v 0.035530206 0.08505196 -0.12235005
v 0.0504512 0.09158996 -0.13233206
v 0.03764526 0.06809798 -0.115814045
v 0.03594921 0.080260955 -0.13116907
v 0.050419234 0.088080995 -0.13939606
v 0.038328245 0.058665995 -0.12952606
v 0.036767196 0.07990301 -0.13939606
v 0.039261207 0.054782968 -0.13939606
v 0.045926206 0.19611903 -0.07862303
v 0.03676933 0.20572904 -0.06586504
v 0.040973168 0.18137097 -0.061116036
v 0.04228924 0.20984897 -0.07849205
v 0.04940132 0.20555101 -0.09045405
v 0.035716172 0.22625306 -0.066572055
v 0.0484502 0.22003603 -0.08667505
v 0.047119293 0.220164 -0.10435105
v 0.04428528 0.22618301 -0.077457026
v 0.046249237 0.23499402 -0.101378046
v 0.046626166 0.22196303 -0.11367505
v 0.05234123 0.241769 -0.07566105
v 0.03940422 0.24410309 -0.06066005
v 0.050339162 0.25358307 -0.06088004
v 0.048631173 0.26818407 -0.045550056
v 0.054401245 0.23571205 -0.084235035
v 0.055036202 0.25025207 -0.098421045
v 0.045245208 0.23859406 -0.11101605
v 0.05377525 0.25622404 -0.10594605
v 0.0464011 0.257184 -0.11389106
v 0.054101143 0.26529 -0.113378055
v 0.05356323 0.26535705 -0.12063706
v 0.042643163 0.23826306 -0.11722106
v 0.04566219 0.25716507 -0.120437056
v 0.054586258 0.25730205 -0.12787206
v 0.048315275 0.25124905 -0.12774505
v 0.042201232 0.23916204 -0.123166054
v 0.046010207 0.23792203 -0.13103406
v 0.041983146 0.22359705 -0.12093606
v 0.04070614 0.224335 -0.12761007
v 0.04417217 0.22522603 -0.13561806
v 0.04095024 0.21114302 -0.13939606
v 0.041480176 0.20781204 -0.12188105
v 0.0473172 0.206463 -0.117556065
v 0.041917153 0.18558502 -0.12307805
v 0.03848911 0.20840706 -0.13005005
v 0.035384294 0.18933606 -0.13939606
v 0.03608818 0.18279602 -0.13176607
v 0.056708183 0.045608945 -0.13939606
v 0.07268627 0.060807977 -0.13939606
v 0.039261207 0.054782968 -0.13939606
v 0.068038255 0.082201965 -0.13939606
v 0.036767196 0.07990301 -0.13939606
v 0.050419234 0.088080995 -0.13939606
v 0.075062215 0.18594302 -0.13939606
v 0.035384294 0.18933606 -0.13939606
v 0.05351818 0.179995 -0.13939606
v 0.04095024 0.21114302 -0.13939606
v 0.07551311 0.20990202 -0.13939606
v 0.04417217 0.22522603 -0.13561806
v 0.075741194 0.22362404 -0.13561107
v 0.046010207 0.23792203 -0.13103406
v 0.07517128 0.23712604 -0.13091606
v 0.0730141 0.25167203 -0.12786606
v 0.048315275 0.25124905 -0.12774505
v 0.06440319 0.25675607 -0.12842406
v 0.054586258 0.25730205 -0.12787206
v 0.03608818 0.18279602 -0.13176607
v 0.05351818 0.179995 -0.13939606
v 0.035384294 0.18933606 -0.13939606
v 0.05313717 0.17212802 -0.13337307
v 0.041917153 0.18558502 -0.12307805
v 0.073915176 0.17894699 -0.13210906
v 0.075062215 0.18594302 -0.13939606
v 0.07697525 0.20659497 -0.12931806
v 0.07551311 0.20990202 -0.13939606
v 0.07842521 0.22197998 -0.12622505
v 0.075741194 0.22362404 -0.13561107
v 0.07517128 0.23712604 -0.13091606
v 0.06932823 0.18187496 -0.12325606
v 0.054285202 0.175899 -0.12354205
v 0.05779415 0.20551406 -0.11642306
v 0.0473172 0.206463 -0.117556065
v 0.057890244 0.21269304 -0.11259604
v 0.046626166 0.22196303 -0.11367505
v 0.047119293 0.220164 -0.10435105
v 0.07342018 0.20607604 -0.121494055
v 0.067826234 0.205999 -0.11732806
v 0.07200115 0.21997404 -0.11407506
v 0.057451323 0.21118002 -0.106427066
v 0.04940132 0.20555101 -0.09045405
v 0.07615524 0.22133401 -0.11863604
v 0.07269024 0.21718901 -0.10537806
v 0.05804718 0.19864301 -0.09217505
v 0.045926206 0.19611903 -0.07862303
v 0.07296726 0.20373403 -0.08987705
v 0.05635429 0.182892 -0.08037504
v 0.040973168 0.18137097 -0.061116036
v 0.072395205 0.192196 -0.078441046
v 0.0788702 0.23716103 -0.11813305
v 0.07913921 0.238153 -0.11214005
v 0.078097306 0.23405899 -0.10142806
v 0.07700218 0.21705 -0.08682905
v 0.07853618 0.205981 -0.07579103
v 0.079395175 0.23795204 -0.123000056
v 0.0730141 0.25167203 -0.12786606
v 0.077322274 0.25751102 -0.12102105
v 0.06440319 0.25675607 -0.12842406
v 0.07799316 0.25685805 -0.11438306
v 0.06647125 0.265366 -0.12143306
v 0.054586258 0.25730205 -0.12787206
v 0.05356323 0.26535705 -0.12063706
v 0.06696117 0.26567402 -0.11457005
v 0.054101143 0.26529 -0.113378055
v 0.05377525 0.25622404 -0.10594605
v 0.06987327 0.258309 -0.10586304
v 0.06777313 0.251508 -0.09826905
v 0.055036202 0.25025207 -0.098421045
v 0.06760216 0.23865804 -0.083786026
v 0.054401245 0.23571205 -0.084235035
v 0.0668573 0.24270904 -0.07431605
v 0.05234123 0.241769 -0.07566105
v 0.07810226 0.23099501 -0.07393404
v 0.06655216 0.25118905 -0.05951404
v 0.050339162 0.25358307 -0.06088004
v 0.08023224 0.21836503 -0.07441904
v 0.08204628 0.23590302 -0.05788105
v 0.086589165 0.21568502 -0.057788048
v 0.06539714 0.26583207 -0.04204504
v 0.048631173 0.26818407 -0.045550056
v 0.08387024 0.249833 -0.037611034
v 0.083370246 0.19581501 -0.06013504
v 0.09022522 0.23544602 -0.03566703
v 0.09257027 0.21168001 -0.035546035
v 0.074673116 0.17664303 -0.06384005
v 0.09217716 0.233565 -0.009869032
v 0.08282318 0.25936806 -0.011374025
v 0.06523025 0.27602205 -0.01380804
v 0.08784214 0.18604001 -0.03754604
v 0.055904195 0.16638698 -0.06612904
v 0.04124115 0.28633502 -0.013259058
v 0.027700271 0.274967 -0.040980034
v 0.06273826 0.26710203 0.015534992
v 0.020117264 0.29203406 -0.011085033
v 0.013397445 0.2785791 -0.042316306
v 0.0952433 0.207222 -0.009918022
v 0.07927627 0.16686796 -0.040010028
v 0.0793872 0.24945407 0.015537977
v 0.04099224 0.27811903 0.017676963
v 0.010085068 0.29436556 -0.010675172
v -1.5258788E-06 0.28266603 -0.04409303
v -1.5258788E-06 0.29655206 -0.010524006
v -1.5258788E-06 0.28982705 0.020042991
v 0.010298691 0.2872285 0.019456072
v -1.5258788E-06 0.27146405 0.05460098
v 0.02055027 0.28446606 0.01886797
v 0.011233711 0.26914167 0.053886004
v -1.5258788E-06 0.23945606 0.07772198
v 0.022329178 0.266904 0.052399978
v 0.012946433 0.23715827 0.076889426
v -1.5258788E-06 0.200661 0.091354
v 0.013477821 0.20031624 0.09023236
v -1.5258788E-06 0.16758904 0.09656798
v 0.02566429 0.23506403 0.07495801
v 0.044351157 0.262737 0.045644987
v 0.013530578 0.167165 0.09564301
v -1.5258788E-06 0.13286202 0.097797
v 0.060759198 0.25808007 0.031554975
v 0.012660675 0.13266903 0.09600806
v -1.5258788E-06 0.11061897 0.09805503
v 0.012029304 0.11018403 0.09688317
v -1.5258788E-06 0.09511989 0.10770182
v 0.026623268 0.16681604 0.09324099
v 0.024856223 0.13232496 0.09294699
v 0.02336525 0.10910675 0.094189785
v 0.012294082 0.09338696 0.1052534
v 0.013603363 0.08260456 0.11710417
v -1.5258788E-06 0.084349036 0.11920716
v 0.024148216 0.090908736 0.10172539
v 0.027090644 0.08023642 0.113904044
v 0.040567778 0.075186335 0.107324
v 0.04355175 0.08274635 0.08983506
v 0.048966903 0.066924945 0.09763266
v 0.052624434 0.061228447 0.09161235
v 0.055201452 0.057214644 0.0873704
v 0.045989227 0.13099204 0.081409976
v 0.042243462 0.103074245 0.0813127
v 0.056790352 0.06677694 0.06684003
v 0.05896263 0.048715934 0.078388624
v 0.054967154 0.08720374 0.05241251
v 0.060971677 0.0564105 0.052119434
v 0.060704537 0.0431091 0.07248687
v 0.06258812 0.034871206 0.06381585
v 0.060404472 0.046442293 0.038169745
v 0.0628207 0.029271664 0.05817008
v 0.061684873 0.02352823 0.052037675
v 0.05900421 0.019015824 0.047370005
v 0.051344145 0.010137023 0.037953787
v 0.0598748 0.077728204 0.03759636
v 0.061762236 0.06880649 0.022137279
v 0.050196607 0.03261156 0.017642383
v 0.041328963 0.004398174 0.031235551
v 0.061980247 0.093080975 0.030728005
v 0.05462921 0.053625986 -0.00653902
v 0.028339118 0.024913177 0.0070929527
v 0.029664269 -0.00074590207 0.026135901
v 0.013823471 -0.004196725 0.022569656
v 0.03843025 0.04566299 -0.019895038
v 0.020553207 0.042479955 -0.03038403
v -1.5258788E-06 0.020339603 0.00014104843
v -1.5258788E-06 -0.0057998467 0.021005182
v -1.5258788E-06 0.042083483 -0.028171038
v -1.5258788E-06 0.07390199 -0.04062303
v 0.019622155 0.07717996 -0.047698043
v 0.031215286 0.06194696 -0.050520033
v 0.025906295 0.07877399 -0.058140047
v 0.032387123 0.08702101 -0.070721045
v 0.050243225 0.072877 -0.06841204
v 0.034407195 0.07983998 -0.092394054
v 0.04469322 0.05003098 -0.030467043
v 0.057134245 0.056926012 -0.027233033
v 0.052304227 0.06057898 -0.048698038
v 0.06827423 0.07832699 -0.04707904
v 0.068596154 0.07421497 -0.02234704
v 0.052008092 0.069353975 -0.08945306
v 0.03764526 0.06809798 -0.115814045
v 0.06517025 0.069937944 0.00039096831
v 0.06802131 0.097684994 0.0078489585
v 0.07101524 0.10346901 -0.018810034
v 0.054865263 0.060297992 -0.11285105
v 0.038328245 0.058665995 -0.12952606
v 0.05609123 0.04756995 -0.12885006
v 0.039261207 0.054782968 -0.13939606
v 0.056708183 0.045608945 -0.13939606
v 0.07268627 0.060807977 -0.13939606
v 0.0732172 0.06320195 -0.12936607
v 0.068038255 0.082201965 -0.13939606
v 0.069337234 0.074626975 -0.11504904
v 0.06886925 0.08273098 -0.13080005
v 0.050419234 0.088080995 -0.13939606
v 0.0504512 0.09158996 -0.13233206
v 0.06616623 0.089274965 -0.12027106
v 0.049379233 0.09819998 -0.12353405
v 0.06564224 0.08332498 -0.090571046
v 0.061676178 0.103479 -0.095219046
v 0.04543724 0.11577402 -0.098200046
v 0.06413223 0.08818998 -0.068273045
v 0.059886206 0.10971798 -0.07201004
v 0.04346527 0.123014964 -0.07439905
v 0.06758724 0.10862199 -0.05061004
v 0.057303235 0.12230701 -0.05752605
v 0.042531166 0.127318 -0.064164035
v 0.042681158 0.13035202 -0.05527505
v 0.057729147 0.12789603 -0.041767042
v 0.06266819 0.12816104 -0.01748803
v 0.05255531 0.15400001 -0.04044204
v 0.044429243 0.16030197 -0.05507003
v 0.061451264 0.14426401 -0.015019026
v 0.06334519 0.128904 0.013566971
v 0.06598721 0.151901 -0.041666046
v 0.060794182 0.128864 0.03766997
v 0.070916176 0.14772204 -0.014142036
v 0.063590236 0.147898 0.023252001
v 0.07006824 0.16808502 0.046173
v 0.057748146 0.12913595 0.056927003
v 0.07041325 0.15283701 0.021531953
v 0.08382019 0.16238104 -0.0133680245
v 0.06328522 0.166582 0.060698975
v 0.09087723 0.18016405 -0.011745024
v 0.084753186 0.17124504 0.014857988
v 0.089294165 0.20215602 0.014507999
v 0.08006515 0.19658402 0.03729699
v 0.08722523 0.23054703 0.014515962
v 0.07909622 0.22732703 0.034673996
v 0.06358719 0.22980396 0.052987985
v 0.06750416 0.19808902 0.061087977
v 0.04730518 0.23219503 0.06692399
v 0.048745155 0.19925597 0.078214005
v 0.04949623 0.16649002 0.082083024
v 0.026605185 0.199958 0.087850004
v -1.5258788E-06 0.25642705 -0.061473045
v 0.013397445 0.2785791 -0.042316306
v -1.5258788E-06 0.28266603 -0.04409303
v 0.013409538 0.25329658 -0.058661148
v -1.5258788E-06 0.22887304 -0.068062045
v 0.027700271 0.274967 -0.040980034
v 0.013144493 0.2282533 -0.062192127
v -1.5258788E-06 0.20593 -0.07214803
v 0.026535148 0.24953306 -0.057576034
v 0.048631173 0.26818407 -0.045550056
v 0.03940422 0.24410309 -0.06066005
v 0.025742225 0.22742301 -0.060217045
v 0.035716172 0.22625306 -0.066572055
v 0.013033905 0.20457727 -0.065344125
v -1.5258788E-06 0.18001801 -0.06375304
v 0.026075095 0.20418796 -0.06198005
v 0.03676933 0.20572904 -0.06586504
v 0.040973168 0.18137097 -0.061116036
v 0.013569183 0.1789115 -0.059305042
v -1.5258788E-06 0.15653305 -0.056473043
v 0.027031211 0.17884706 -0.05726803
v 0.044429243 0.16030197 -0.05507003
v 0.014446029 0.15654388 -0.054871738
v 0.028813247 0.15734999 -0.05402903
v 0.042681158 0.13035202 -0.05527505
v 0.028493231 0.126088 -0.056516036
v 0.042531166 0.127318 -0.064164035
v 0.028521232 0.119876 -0.065012045
v 0.02089115 0.10073805 -0.054923046
v 0.025770264 0.09849099 -0.062261045
v 0.025906295 0.07877399 -0.058140047
v 0.019622155 0.07717996 -0.047698043
v -1.5258788E-06 0.07390199 -0.04062303
v -1.5258788E-06 0.099043995 -0.04924703
v 0.014253997 0.12400941 -0.054560762
v -1.5258788E-06 0.123185 -0.054630045
v -0.04346836 0.123014964 -0.07439905
v -0.028524283 0.119876 -0.065012045
v -0.04253429 0.127318 -0.064164035
v -0.030343246 0.106924 -0.073288046
v -0.04544033 0.11577402 -0.098200046
v -0.025773315 0.09849099 -0.062261045
v -0.03204525 0.10393894 -0.09748804
v -0.049382363 0.09819998 -0.12353405
v -0.03239021 0.08702101 -0.070721045
v -0.025909347 0.07877399 -0.058140047
v -0.034410287 0.07983998 -0.092394054
v -0.03553333 0.08505196 -0.12235005
v -0.050454292 0.09158996 -0.13233206
v -0.037648354 0.06809798 -0.115814045
v -0.0359523 0.080260955 -0.13116907
v -0.050422326 0.088080995 -0.13939606
v -0.038331337 0.058665995 -0.12952606
v -0.036770247 0.07990301 -0.13939606
v -0.039264295 0.054782968 -0.13939606
v -0.045929298 0.19611903 -0.07862303
v -0.040976256 0.18137097 -0.061116036
v -0.036772422 0.20572904 -0.06586504
v -0.04229229 0.20984897 -0.07849205
v -0.04940441 0.20555101 -0.09045405
v -0.035719223 0.22625306 -0.066572055
v -0.04845329 0.22003603 -0.08667505
v -0.04712238 0.220164 -0.10435105
v -0.04428833 0.22618301 -0.077457026
v -0.046252288 0.23499402 -0.101378046
v -0.046629258 0.22196303 -0.11367505
v -0.05234428 0.241769 -0.07566105
v -0.039407272 0.24410309 -0.06066005
v -0.050342254 0.25358307 -0.06088004
v -0.04863426 0.26818407 -0.045550056
v -0.054404333 0.23571205 -0.084235035
v -0.055039328 0.25025207 -0.098421045
v -0.04524826 0.23859406 -0.11101605
v -0.053778306 0.25622404 -0.10594605
v -0.046404228 0.257184 -0.11389106
v -0.05410423 0.26529 -0.113378055
v -0.053566284 0.26535705 -0.12063706
v -0.042646255 0.23826306 -0.11722106
v -0.045665283 0.25716507 -0.120437056
v -0.05458931 0.25730205 -0.12787206
v -0.048318367 0.25124905 -0.12774505
v -0.042204283 0.23916204 -0.123166054
v -0.04601326 0.23792203 -0.13103406
v -0.041986275 0.22359705 -0.12093606
v -0.040709265 0.224335 -0.12761007
v -0.04417526 0.22522603 -0.13561806
v -0.040953293 0.21114302 -0.13939606
v -0.04148327 0.20781204 -0.12188105
v -0.04732025 0.206463 -0.117556065
v -0.04192024 0.18558502 -0.12307805
v -0.038492203 0.20840706 -0.13005005
v -0.035387382 0.18933606 -0.13939606
v -0.03609123 0.18279602 -0.13176607
v -0.05671127 0.045608945 -0.13939606
v -0.039264295 0.054782968 -0.13939606
v -0.07268936 0.060807977 -0.13939606
v -0.0680413 0.082201965 -0.13939606
v -0.036770247 0.07990301 -0.13939606
v -0.050422326 0.088080995 -0.13939606
v -0.07506531 0.18594302 -0.13939606
v -0.05352131 0.179995 -0.13939606
v -0.035387382 0.18933606 -0.13939606
v -0.040953293 0.21114302 -0.13939606
v -0.07551624 0.20990202 -0.13939606
v -0.04417526 0.22522603 -0.13561806
v -0.07574425 0.22362404 -0.13561107
v -0.04601326 0.23792203 -0.13103406
v -0.07517433 0.23712604 -0.13091606
v -0.073017195 0.25167203 -0.12786606
v -0.048318367 0.25124905 -0.12774505
v -0.06440632 0.25675607 -0.12842406
v -0.05458931 0.25730205 -0.12787206
v -0.03609123 0.18279602 -0.13176607
v -0.035387382 0.18933606 -0.13939606
v -0.05352131 0.179995 -0.13939606
v -0.053140257 0.17212802 -0.13337307
v -0.04192024 0.18558502 -0.12307805
v -0.07391827 0.17894699 -0.13210906
v -0.07506531 0.18594302 -0.13939606
v -0.0769783 0.20659497 -0.12931806
v -0.07551624 0.20990202 -0.13939606
v -0.07842827 0.22197998 -0.12622505
v -0.07574425 0.22362404 -0.13561107
v -0.07517433 0.23712604 -0.13091606
v -0.06933132 0.18187496 -0.12325606
v -0.05428829 0.175899 -0.12354205
v -0.05779728 0.20551406 -0.11642306
v -0.04732025 0.206463 -0.117556065
v -0.057893332 0.21269304 -0.11259604
v -0.046629258 0.22196303 -0.11367505
v -0.04712238 0.220164 -0.10435105
v -0.07342323 0.20607604 -0.121494055
v -0.06782932 0.205999 -0.11732806
v -0.07200428 0.21997404 -0.11407506
v -0.057454415 0.21118002 -0.106427066
v -0.04940441 0.20555101 -0.09045405
v -0.07615833 0.22133401 -0.11863604
v -0.07269329 0.21718901 -0.10537806
v -0.058050267 0.19864301 -0.09217505
v -0.045929298 0.19611903 -0.07862303
v -0.072970316 0.20373403 -0.08987705
v -0.056357343 0.182892 -0.08037504
v -0.040976256 0.18137097 -0.061116036
v -0.072398335 0.192196 -0.078441046
v -0.07887329 0.23716103 -0.11813305
v -0.07914234 0.238153 -0.11214005
v -0.07810039 0.23405899 -0.10142806
v -0.07700523 0.21705 -0.08682905
v -0.078539275 0.205981 -0.07579103
v -0.07939827 0.23795204 -0.123000056
v -0.073017195 0.25167203 -0.12786606
v -0.07732532 0.25751102 -0.12102105
v -0.06440632 0.25675607 -0.12842406
v -0.07799622 0.25685805 -0.11438306
v -0.06647434 0.265366 -0.12143306
v -0.05458931 0.25730205 -0.12787206
v -0.053566284 0.26535705 -0.12063706
v -0.0669643 0.26567402 -0.11457005
v -0.05410423 0.26529 -0.113378055
v -0.053778306 0.25622404 -0.10594605
v -0.06987633 0.258309 -0.10586304
v -0.06777622 0.251508 -0.09826905
v -0.055039328 0.25025207 -0.098421045
v -0.06760525 0.23865804 -0.083786026
v -0.054404333 0.23571205 -0.084235035
v -0.06686035 0.24270904 -0.07431605
v -0.05234428 0.241769 -0.07566105
v -0.078105316 0.23099501 -0.07393404
v -0.066555254 0.25118905 -0.05951404
v -0.050342254 0.25358307 -0.06088004
v -0.080235325 0.21836503 -0.07441904
v -0.08204933 0.23590302 -0.05788105
v -0.08659221 0.21568502 -0.057788048
v -0.065400235 0.26583207 -0.04204504
v -0.04863426 0.26818407 -0.045550056
v -0.083873324 0.249833 -0.037611034
v -0.083373375 0.19581501 -0.06013504
v -0.090228304 0.23544602 -0.03566703
v -0.09257335 0.21168001 -0.035546035
v -0.074676245 0.17664303 -0.06384005
v -0.09218029 0.233565 -0.009869032
v -0.08282627 0.25936806 -0.011374025
v -0.06523334 0.27602205 -0.01380804
v -0.08784523 0.18604001 -0.03754604
v -0.055907324 0.16638698 -0.06612904
v -0.04124424 0.28633502 -0.013259058
v -0.027703322 0.274967 -0.040980034
v -0.062741354 0.26710203 0.015534992
v -0.020120315 0.29203406 -0.011085033
v -0.013400497 0.2785791 -0.042316306
v -0.09524635 0.207222 -0.009918022
v -0.07927936 0.16686796 -0.040010028
v -0.079390295 0.24945407 0.015537977
v -0.040995255 0.27811903 0.017676963
v -0.01008812 0.29436556 -0.010675172
v -1.5258788E-06 0.28266603 -0.04409303
v -1.5258788E-06 0.29655206 -0.010524006
v -1.5258788E-06 0.28982705 0.020042991
v -0.010301781 0.2872285 0.019456072
v -1.5258788E-06 0.27146405 0.05460098
v -0.020553283 0.28446606 0.01886797
v -0.011236801 0.26914167 0.053886004
v -1.5258788E-06 0.23945606 0.07772198
v -0.022332229 0.266904 0.052399978
v -0.0129495235 0.23715827 0.076889426
v -1.5258788E-06 0.200661 0.091354
v -0.013480949 0.20031624 0.09023236
v -1.5258788E-06 0.16758904 0.09656798
v -0.02566738 0.23506403 0.07495801
v -0.044354286 0.262737 0.045644987
v -0.013533669 0.167165 0.09564301
v -1.5258788E-06 0.13286202 0.097797
v -0.06076229 0.25808007 0.031554975
v -0.012663765 0.13266903 0.09600806
v -1.5258788E-06 0.11061897 0.09805503
v -0.012032394 0.11018403 0.09688317
v -1.5258788E-06 0.09511989 0.10770182
v -0.026626281 0.16681604 0.09324099
v -0.024859352 0.13232496 0.09294699
v -0.023368338 0.10910675 0.094189785
v -0.01229721 0.09338696 0.1052534
v -0.013606452 0.08260456 0.11710417
v -1.5258788E-06 0.084349036 0.11920716
v -0.024151344 0.090908706 0.10172539
v -0.027093735 0.08023642 0.113904044
v -0.04057087 0.075186335 0.107324
v -0.043554764 0.08274635 0.08983506
v -0.048969954 0.066924945 0.09763266
v -0.052627522 0.061228447 0.09161235
v -0.055204503 0.057214644 0.0873704
v -0.045992315 0.13099204 0.081409976
v -0.042246513 0.103074245 0.0813127
v -0.056793477 0.06677694 0.06684003
v -0.058965683 0.048715934 0.078388624
v -0.054970283 0.08720374 0.05241251
v -0.06097477 0.0564105 0.052119434
v -0.060707588 0.0431091 0.07248687
v -0.06259121 0.034871206 0.06381585
v -0.06040756 0.046442293 0.038169745
v -0.06282375 0.029271664 0.05817008
v -0.061687928 0.02352823 0.052037675
v -0.05900726 0.019015824 0.047370005
v -0.051347196 0.010137023 0.037953787
v -0.05987789 0.077728204 0.03759636
v -0.061765324 0.06880649 0.022137279
v -0.050199736 0.03261156 0.017642383
v -0.041332014 0.004398174 0.031235551
v -0.061983373 0.093080975 0.030728005
v -0.0546323 0.053625986 -0.00653902
v -0.028342284 0.024913177 0.0070929527
v -0.029667396 -0.00074590207 0.026135901
v -0.013826485 -0.004196725 0.022569656
v -0.038433302 0.04566299 -0.019895038
v -0.020556297 0.042479955 -0.03038403
v -1.5258788E-06 0.020339603 0.00014104843
v -1.5258788E-06 -0.0057998467 0.021005182
v -1.5258788E-06 0.042083483 -0.028171038
v -1.5258788E-06 0.07390199 -0.04062303
v -0.019625282 0.07717996 -0.047698043
v -0.031218376 0.06194696 -0.050520033
v -0.025909347 0.07877399 -0.058140047
v -0.03239021 0.08702101 -0.070721045
v -0.050246313 0.072877 -0.06841204
v -0.034410287 0.07983998 -0.092394054
v -0.04469627 0.05003098 -0.030467043
v -0.057137296 0.056926012 -0.027233033
v -0.05230732 0.06057898 -0.048698038
v -0.06827732 0.07832699 -0.04707904
v -0.068599276 0.07421497 -0.02234704
v -0.052011184 0.069353975 -0.08945306
v -0.037648354 0.06809798 -0.115814045
v -0.065173335 0.069937944 0.00039096831
v -0.06802437 0.097684994 0.0078489585
v -0.07101833 0.10346901 -0.018810034
v -0.054868355 0.060297992 -0.11285105
v -0.038331337 0.058665995 -0.12952606
v -0.056094322 0.04756995 -0.12885006
v -0.039264295 0.054782968 -0.13939606
v -0.05671127 0.045608945 -0.13939606
v -0.07268936 0.060807977 -0.13939606
v -0.07322029 0.06320195 -0.12936607
v -0.0680413 0.082201965 -0.13939606
v -0.06934028 0.074626975 -0.11504904
v -0.068872295 0.08273098 -0.13080005
v -0.050422326 0.088080995 -0.13939606
v -0.050454292 0.09158996 -0.13233206
v -0.06616928 0.089274965 -0.12027106
v -0.049382363 0.09819998 -0.12353405
v -0.06564529 0.08332498 -0.090571046
v -0.06167923 0.103479 -0.095219046
v -0.04544033 0.11577402 -0.098200046
v -0.06413528 0.08818998 -0.068273045
v -0.059889335 0.10971798 -0.07201004
v -0.04346836 0.123014964 -0.07439905
v -0.06759033 0.10862199 -0.05061004
v -0.057306327 0.12230701 -0.05752605
v -0.04253429 0.127318 -0.064164035
v -0.04268425 0.13035202 -0.05527505
v -0.057732236 0.12789603 -0.041767042
v -0.06267132 0.12816104 -0.01748803
v -0.052558362 0.15400001 -0.04044204
v -0.044432335 0.16030197 -0.05507003
v -0.061454315 0.14426401 -0.015019026
v -0.06334827 0.128904 0.013566971
v -0.06599033 0.151901 -0.041666046
v -0.060797308 0.128864 0.03766997
v -0.07091927 0.14772204 -0.014142036
v -0.06359333 0.147898 0.023252001
v -0.07007133 0.16808502 0.046173
v -0.057751235 0.12913595 0.056927003
v -0.07041633 0.15283701 0.021531953
v -0.08382328 0.16238104 -0.0133680245
v -0.06328831 0.166582 0.060698975
v -0.090880275 0.18016405 -0.011745024
v -0.08475628 0.17124504 0.014857988
v -0.089297295 0.20215602 0.014507999
v -0.08006821 0.19658402 0.03729699
v -0.08722831 0.23054703 0.014515962
v -0.07909931 0.22732703 0.034673996
v -0.063590236 0.22980396 0.052987985
v -0.06750728 0.19808902 0.061087977
v -0.047308274 0.23219503 0.06692399
v -0.048748244 0.19925597 0.078214005
v -0.04949928 0.16649002 0.082083024
v -0.026608275 0.199958 0.087850004
v -1.5258788E-06 0.25642705 -0.061473045
v -1.5258788E-06 0.28266603 -0.04409303
v -0.013400497 0.2785791 -0.042316306
v -0.013412628 0.25329658 -0.058661148
v -1.5258788E-06 0.22887304 -0.068062045
v -0.027703322 0.274967 -0.040980034
v -0.013147582 0.2282533 -0.062192127
v -1.5258788E-06 0.20593 -0.07214803
v -0.026538238 0.24953306 -0.057576034
v -0.04863426 0.26818407 -0.045550056
v -0.039407272 0.24410309 -0.06066005
v -0.025745315 0.22742301 -0.060217045
v -0.035719223 0.22625306 -0.066572055
v -0.013036956 0.20457727 -0.065344125
v -1.5258788E-06 0.18001801 -0.06375304
v -0.026078185 0.20418796 -0.06198005
v -0.036772422 0.20572904 -0.06586504
v -0.040976256 0.18137097 -0.061116036
v -0.013572235 0.1789115 -0.059305042
v -1.5258788E-06 0.15653305 -0.056473043
v -0.027034301 0.17884706 -0.05726803
v -0.044432335 0.16030197 -0.05507003
v -0.01444912 0.15654388 -0.054871738
v -0.028816337 0.15734999 -0.05402903
v -0.04268425 0.13035202 -0.05527505
v -0.028496245 0.126088 -0.056516036
v -0.04253429 0.127318 -0.064164035
v -0.028524283 0.119876 -0.065012045
v -0.02089428 0.10073805 -0.054923046
v -0.025773315 0.09849099 -0.062261045
v -0.025909347 0.07877399 -0.058140047
v -0.019625282 0.07717996 -0.047698043
v -1.5258788E-06 0.07390199 -0.04062303
v -1.5258788E-06 0.099043995 -0.04924703
v -0.014257049 0.12400941 -0.054560762
v -1.5258788E-06 0.123185 -0.054630045
v 0.06588673 0.030844612 0.09137055
v 0.064620435 0.040086124 0.08482341
v 0.06642853 0.035128698 0.07745799
v 0.06755951 0.025588403 0.08340077
v 0.06686378 0.015996175 0.08975194
v 0.06535041 0.02183715 0.09873448
v 0.06855671 0.027629312 0.06654426
v 0.06492901 0.019309811 0.1007092
v 0.0636953 0.027417136 0.10654811
v 0.062484894 0.004651141 0.112163015
v 0.06295303 0.015642313 0.10970877
v 0.06002483 0.013248014 0.12294867
v 0.06968655 0.016895102 0.0705884
v 0.06803894 0.011352114 0.08280236
v 0.07129047 0.013426342 0.06539107
v 0.06887024 0.02307265 0.061217297
v 0.07056042 0.009575195 0.059697714
v 0.06768005 0.017930336 0.05521596
v 0.06569942 0.013663807 0.05036969
v 0.066098824 -0.0070121097 0.090801306
v 0.069829404 0.0060151243 0.07468745
v 0.072829895 0.0029649113 0.069973245
v 0.06464062 -0.00193367 0.101510644
v 0.073063925 -0.0005613422 0.06444106
v 0.06871704 0.0057829474 0.054399423
v 0.07098049 -0.004125414 0.058751803
v 0.06523712 0.0017285919 0.04894921
v 0.061844673 0.0091418745 0.04539826
v 0.057100408 0.004329009 0.040518615
v 0.06773796 -0.008102894 0.05265912
v 0.05993282 -0.0026318645 0.043336857
v 0.047055703 -0.0042443657 0.033182267
v 0.0622789 -0.01199418 0.046792496
v 0.051018715 -0.019314827 0.038724992
v 0.033438873 -0.010367064 0.027996253
v 0.0621051 -0.02161508 0.04882306
v 0.06862648 -0.021936093 0.057274483
v 0.07206272 -0.020747857 0.065869324
v 0.036703452 -0.025302986 0.033678398
v 0.021625519 -0.013450737 0.024967307
v 0.05274723 -0.031387106 0.04402008
v 0.059129294 -0.033433013 0.051239356
v 0.063313216 -0.034690745 0.060142603
v 0.07242897 -0.018420544 0.07213467
v 0.023848495 -0.029338345 0.03087922
v 0.026151313 -0.040305074 0.03884197
v 0.03944351 -0.036815114 0.04098134
v 0.010646515 -0.014784398 0.02371211
v 0.011481513 -0.03144745 0.029563379
v -1.5258788E-06 -0.015519819 0.02318283
v -1.5258788E-06 -0.032673504 0.029204663
v 0.012292518 -0.042989228 0.036908053
v -1.5258788E-06 -0.043494504 0.035813686
v -1.5258788E-06 -0.050145745 0.040997695
v 0.012877235 -0.050108694 0.042934943
v -1.5258788E-06 -0.05614402 0.046724368
v 0.04169895 -0.0443712 0.04793866
v 0.052633055 -0.041631598 0.053027447
v 0.0104747005 -0.05557384 0.048432052
v 0.01967144 -0.052106872 0.04714077
v 0.028186988 -0.049517427 0.047407884
v 0.0069869994 -0.0620482 0.056488235
v -1.5258788E-06 -0.062880106 0.05669772
v 0.0073446273 -0.065126956 0.06864213
v -1.5258788E-06 -0.066015035 0.068929434
v 0.0075149154 -0.06446637 0.0799573
v -1.5258788E-06 -0.06523006 0.080295265
v -1.5258788E-06 -0.06237094 0.088004805
v 0.007579193 -0.061600763 0.08762883
v -1.5258788E-06 -0.056825954 0.09324002
v 0.015031395 -0.06258765 0.079118714
v 0.014690742 -0.0631423 0.068087146
v 0.013975486 -0.060297865 0.056241397
v 0.017100524 -0.05586218 0.05199639
v 0.007568588 -0.056194928 0.09269271
v -1.5258788E-06 -0.04885337 0.09753898
v 0.024438743 -0.054424778 0.05539128
v 0.019133797 -0.058143057 0.055941056
v 0.021943588 -0.06016212 0.06721045
v 0.029882774 -0.05310058 0.055122994
v 0.015159988 -0.059931178 0.08680739
v 0.021392021 -0.059411462 0.07786534
v 0.026729355 -0.054936994 0.07618714
v 0.026991423 -0.055597775 0.065950684
v 0.020124435 -0.05767815 0.08287835
v 0.043186072 -0.04809381 0.05413308
v 0.031387404 -0.054578662 0.06565821
v 0.05600483 -0.043431725 0.06255681
v 0.044587784 -0.050305076 0.064411856
v 0.031730767 -0.053701587 0.07574938
v 0.0663818 -0.034160323 0.06918941
v 0.045332182 -0.04957765 0.074168324
v 0.045110703 -0.04575171 0.081408665
v 0.031022491 -0.051088233 0.08339057
v 0.057076376 -0.043154616 0.07189156
v 0.05722187 -0.039893728 0.07919425
v 0.06648407 -0.030800223 0.07615721
v 0.07078358 -0.015081028 0.07768231
v 0.063783795 -0.027412271 0.082568385
v 0.06761154 -0.012003827 0.08148293
v 0.05527767 -0.035481688 0.08555737
v 0.061243247 -0.025244497 0.08646462
v 0.060098 -0.02064043 0.09601628
v 0.053361777 -0.033070836 0.089413196
v 0.046914365 -0.038008235 0.08884333
v 0.048215177 -0.036365293 0.0906544
v 0.044583432 -0.039732363 0.08789309
v 0.041760407 -0.041034542 0.08780818
v 0.038983762 -0.041411575 0.08859316
v 0.0487685 -0.034701742 0.09322429
v 0.048857458 -0.03291609 0.09645096
v 0.03656971 -0.041139435 0.09021834
v 0.027545813 -0.04495761 0.093447104
v 0.034834404 -0.040493608 0.09265399
v 0.033764992 -0.039469026 0.09567683
v 0.033348348 -0.03806023 0.0990635
v 0.027023964 -0.041448567 0.10328391
v 0.05244808 -0.028178044 0.098826624
v 0.048423994 -0.031283382 0.099908896
v 0.047410354 -0.030078739 0.10317235
v 0.051548764 -0.025191741 0.10593726
v 0.045694273 -0.029426474 0.106173255
v 0.03349201 -0.036438994 0.10243336
v 0.034103468 -0.03477688 0.1054057
v 0.058353424 -0.014417037 0.10926789
v 0.050704993 -0.022104243 0.11328879
v 0.043153267 -0.029451031 0.10884348
v 0.056761395 -0.006793289 0.12127997
v 0.05478836 0.0023430013 0.13195756
v 0.06002483 0.013248014 0.12294867
v 0.048729744 -0.014175692 0.12657157
v 0.046682928 -0.0048888586 0.1373497
v 0.05478836 0.0023430013 0.13195756
v 0.045447808 -0.025312103 0.11580243
v 0.040318564 -0.027830152 0.11750464
v 0.040281866 -0.030133346 0.11032607
v 0.037574384 -0.031454213 0.109763876
v 0.040378682 -0.019081654 0.12970327
v 0.03604305 -0.03007253 0.11821622
v 0.038430937 -0.00857903 0.13995518
v 0.046682928 -0.0048888586 0.1373497
v 0.027775725 -0.012556953 0.14299597
v 0.029006919 -0.02305367 0.13186514
v 0.014092598 -0.015665121 0.14512059
v 0.029599762 -0.033305563 0.11866803
v 0.035393868 -0.03310495 0.10788205
v 0.01411869 -0.027214063 0.13391368
v -1.5258788E-06 -0.016873326 0.14587556
v -1.5258788E-06 -0.0287052 0.13452788
v 0.014518012 -0.036868196 0.12027301
v -1.5258788E-06 -0.038503516 0.12116734
v -1.5258788E-06 -0.042613663 0.11327699
v 0.028145751 -0.037686016 0.11101794
v 0.014749793 -0.04086821 0.11244912
v -1.5258788E-06 -0.04615641 0.10537211
v 0.014958877 -0.044297155 0.104613386
v 0.015080642 -0.047342267 0.09584929
v 0.007539558 -0.04796168 0.0972235
v 0.01513855 -0.05527897 0.09162165
v 0.021053009 -0.04971681 0.09024697
v 0.018352699 -0.055766463 0.088812895
v 0.02492157 -0.05253011 0.08342278
v 0.048966903 0.066924945 0.09763266
v 0.052624434 0.061228447 0.09161235
v 0.05472435 0.06109955 0.10709327
v 0.040567778 0.075186335 0.107324
v 0.044992827 0.06872218 0.118898325
v 0.027090644 0.08023642 0.113904044
v 0.05335102 0.0542344 0.11868831
v 0.029908065 0.07442365 0.12694007
v 0.013603363 0.08260456 0.11710417
v 0.044800375 0.059237994 0.12799709
v 0.014671821 0.07655602 0.13000089
v -1.5258788E-06 0.084349036 0.11920716
v -1.5258788E-06 0.07775005 0.13141805
v 0.046139143 0.049045224 0.13596535
v 0.0531583 0.044405293 0.12962255
v 0.031012077 0.063515976 0.13597457
v 0.01480072 0.06679206 0.1417273
v -1.4877319E-06 0.06768271 0.14341936
v 0.031190833 0.05321244 0.14364477
v 0.014638939 0.056982677 0.15054217
v -1.5258788E-06 0.057720836 0.1523871
v 0.01494625 0.039056864 0.15523927
v -1.5258788E-06 0.03907924 0.15786526
v 0.043367345 0.032862462 0.14304133
v 0.047212258 0.030104155 0.13786064
v 0.047410317 0.02247138 0.1404512
v 0.031171111 0.037140872 0.14985077
v 0.014987106 0.0191456 0.15704796
v -1.5258788E-06 0.019030442 0.1584969
v 0.03025791 0.019465817 0.15321343
v 0.044444427 0.015051136 0.14541018
v 0.050827026 0.017376857 0.13843781
v 0.0148944855 0.0033163643 0.15418506
v -1.5258788E-06 0.0007660579 0.15478918
v 0.025548361 0.005335159 0.15301114
v 0.014092598 -0.015665121 0.14512059
v -1.5258788E-06 -0.016873326 0.14587556
v 0.027775725 -0.012556953 0.14299597
v 0.038430937 -0.00857903 0.13995518
v 0.035307884 0.0087521365 0.14996982
v 0.046682928 -0.0048888586 0.1373497
v 0.05478836 0.0023430013 0.13195756
v 0.06002483 0.013248014 0.12294867
v -0.048732832 -0.014175692 0.12657157
v -0.046685982 -0.0048888586 0.1373497
v -0.038434066 -0.00857903 0.13995518
v -0.04038181 -0.019081654 0.12970327
v -0.027778815 -0.012556953 0.14299597
v -0.029009933 -0.02305367 0.13186514
v -0.014095687 -0.015665121 0.14512059
v -0.014121742 -0.027214063 0.13391368
v -1.5258788E-06 -0.016873326 0.14587556
v -1.5258788E-06 -0.0287052 0.13452788
v -0.014521064 -0.036868196 0.12027301
v -1.5258788E-06 -0.038503516 0.12116734
v -1.5258788E-06 -0.042613663 0.11327699
v -0.029602852 -0.033305563 0.11866803
v -0.014752845 -0.04086821 0.11244912
v -1.5258788E-06 -0.04615641 0.10537211
v -0.036046144 -0.03007253 0.11821622
v -0.028148765 -0.037686016 0.11101794
v -0.027027054 -0.041448567 0.10328391
v -0.014961967 -0.044297155 0.104613386
v -0.00754261 -0.04796168 0.0972235
v -1.5258788E-06 -0.04885337 0.09753898
v -0.015083694 -0.047342267 0.09584929
v -0.027548904 -0.04495761 0.093447104
v -0.02105606 -0.04971681 0.09024697
v -0.007571678 -0.056194928 0.09269271
v -1.5258788E-06 -0.056825954 0.09324002
v -0.015141677 -0.05527897 0.09162165
v -0.0075822826 -0.061600763 0.08762883
v -1.5258788E-06 -0.06237094 0.088004805
v -0.01516304 -0.059931178 0.08680739
v -0.007518005 -0.06446637 0.0799573
v -1.5258788E-06 -0.06523006 0.080295265
v -1.5258788E-06 -0.066015035 0.068929434
v -0.015034485 -0.06258765 0.079118714
v -0.007347717 -0.065126956 0.06864213
v -1.5258788E-06 -0.062880106 0.05669772
v -0.018355789 -0.055766463 0.088812895
v -0.020127526 -0.05767815 0.08287835
v -0.006990089 -0.0620482 0.056488235
v -1.5258788E-06 -0.05614402 0.046724368
v -0.01469387 -0.0631423 0.068087146
v -0.02492466 -0.05253011 0.08342278
v -0.026732482 -0.054936994 0.07618714
v -0.021395072 -0.059411462 0.07786534
v -0.021946639 -0.06016212 0.06721045
v -0.013978576 -0.060297865 0.056241397
v -0.010477791 -0.05557384 0.048432052
v -0.031025581 -0.051088233 0.08339057
v -0.012880325 -0.050108694 0.042934943
v -1.5258788E-06 -0.050145745 0.040997695
v -0.012295608 -0.042989228 0.036908053
v -1.5258788E-06 -0.043494504 0.035813686
v -0.026154403 -0.040305074 0.03884197
v -0.019674491 -0.052106872 0.04714077
v -1.5258788E-06 -0.032673504 0.029204663
v -0.011484603 -0.03144745 0.029563379
v -1.5258788E-06 -0.015519819 0.02318283
v -0.010649567 -0.014784398 0.02371211
v -0.023851585 -0.029338345 0.03087922
v -0.021628609 -0.013450737 0.024967307
v -0.036706466 -0.025302986 0.033678398
v -0.03344196 -0.010367064 0.027996253
v -0.017103577 -0.05586218 0.05199639
v -0.019136887 -0.058143057 0.055941056
v -0.024441795 -0.054424778 0.05539128
v -0.028190078 -0.049517427 0.047407884
v -0.026994513 -0.055597775 0.065950684
v -0.029885864 -0.05310058 0.055122994
v -0.041702002 -0.0443712 0.04793866
v -0.031390496 -0.054578662 0.06565821
v -0.0394466 -0.036815114 0.04098134
v -0.052750282 -0.031387106 0.04402008
v -0.0431892 -0.048093867 0.05413308
v -0.031733856 -0.053701587 0.07574938
v -0.04511379 -0.04575171 0.081408665
v -0.038986817 -0.041411575 0.08859316
v -0.0365728 -0.041139435 0.09021834
v -0.041763496 -0.041034542 0.08780818
v -0.044586524 -0.039732363 0.08789309
v -0.03483749 -0.040493608 0.09265399
v -0.033768117 -0.039469026 0.09567683
v -0.03335144 -0.03806023 0.0990635
v -0.046917457 -0.038008235 0.08884333
v -0.033495102 -0.036438994 0.10243336
v -0.03410652 -0.03477688 0.1054057
v -0.035396993 -0.03310498 0.10788205
v -0.037577476 -0.031454213 0.109763876
v -0.040321615 -0.027830152 0.11750464
v -0.040284995 -0.030133346 0.11032607
v -0.043156356 -0.029451031 0.10884348
v -0.045450896 -0.025312103 0.11580243
v -0.050708044 -0.022104243 0.11328879
v -0.045697324 -0.029426474 0.106173255
v -0.051551856 -0.025191741 0.10593726
v -0.047413405 -0.030078739 0.10317235
v -0.058356475 -0.014417037 0.10926789
v -0.05245121 -0.028178044 0.098826624
v -0.048427045 -0.031283382 0.099908896
v -0.04886051 -0.03291609 0.09645096
v -0.060101125 -0.02064043 0.09601628
v -0.053364865 -0.033070836 0.089413196
v -0.04877159 -0.034701742 0.09322429
v -0.04821823 -0.036365267 0.0906544
v -0.056764524 -0.006793289 0.12127997
v -0.046685982 -0.0048888586 0.1373497
v -0.054791488 0.0023430013 0.13195756
v -0.05528076 -0.035481688 0.08555737
v -0.0646437 -0.00193367 0.101510644
v -0.061246336 -0.025244497 0.08646462
v -0.062487982 0.004651141 0.112163015
v -0.054791488 0.0023430013 0.13195756
v -0.06002796 0.013248014 0.12294867
v -0.06610195 -0.007012081 0.090801306
v -0.066866875 0.015996175 0.08975194
v -0.065353505 0.02183715 0.09873448
v -0.06002796 0.013248014 0.12294867
v -0.062982135 0.029831877 0.10992947
v -0.06588981 0.030844612 0.09137055
v -0.067562595 0.025588403 0.08340077
v -0.063269846 0.04099473 0.084179774
v -0.0651403 0.035653003 0.07713139
v -0.06733055 0.027629312 0.06654426
v -0.06804207 0.011352114 0.08280236
v -0.069689676 0.016895102 0.0705884
v -0.06983246 0.0060151243 0.07468745
v -0.06761459 -0.012003827 0.08148293
v -0.07129356 0.013426342 0.06539107
v -0.06764412 0.02307265 0.061217297
v -0.06378689 -0.027412271 0.082568385
v -0.07078666 -0.015081028 0.07768231
v -0.07283299 0.0029649113 0.069973245
v -0.070563465 0.009575195 0.059697714
v -0.06645397 0.017930336 0.05521596
v -0.064473264 0.013663807 0.05036969
v -0.05722496 -0.039893784 0.07919425
v -0.07306702 -0.0005613422 0.06444106
v -0.07243202 -0.018420544 0.07213467
v -0.06648719 -0.030800223 0.07615721
v -0.06638489 -0.034160323 0.06918941
v -0.045335274 -0.04957765 0.074168324
v -0.07206581 -0.020747857 0.065869324
v -0.07098358 -0.004125414 0.058751803
v -0.057079468 -0.043154586 0.07189156
v -0.04459087 -0.050305076 0.064411856
v -0.056007918 -0.043431725 0.06255681
v -0.06331631 -0.034690745 0.060142603
v -0.052636147 -0.041631598 0.053027447
v -0.06862957 -0.021936093 0.057274483
v -0.059132382 -0.033433013 0.051239356
v -0.062108193 -0.02161508 0.04882306
v -0.06774105 -0.008102894 0.05265912
v -0.051021803 -0.019314827 0.038724992
v -0.047058754 -0.0042443657 0.033182267
v -0.06228199 -0.01199418 0.046792496
v -0.059935912 -0.0026318645 0.043336857
v -0.055874288 0.004329009 0.040518615
v -0.06524021 0.0017285919 0.04894921
v -0.060618553 0.0091418745 0.04539826
v -0.06872017 0.0057829474 0.054399423
v -0.010649567 -0.014784398 0.02371211
v -1.5258788E-06 -0.015519819 0.02318283
v -1.5258788E-06 -0.0057998467 0.021005182
v -0.013826485 -0.004196725 0.022569656
v -0.021628609 -0.013450737 0.024967307
v -0.029667396 -0.00074590207 0.026135901
v -0.03344196 -0.010367064 0.027996253
v -0.047058754 -0.0042443657 0.033182267
v -0.041332014 0.004398174 0.031235551
v -0.051347196 0.010137023 0.037953787
v -0.055874288 0.004329009 0.040518615
v -0.060618553 0.0091418745 0.04539826
v -0.05900726 0.019015824 0.047370005
v -0.064473264 0.013663807 0.05036969
v -0.061687928 0.02352823 0.052037675
v -0.06645397 0.017930336 0.05521596
v -0.06764412 0.02307265 0.061217297
v -0.06282375 0.029271664 0.05817008
v -0.06259121 0.034871206 0.06381585
v -0.06733055 0.027629312 0.06654426
v -0.0651403 0.035653003 0.07713139
v -0.060707588 0.0431091 0.07248687
v -0.063269846 0.04099473 0.084179774
v -0.058965683 0.048715934 0.078388624
v -0.059940375 0.04902157 0.093943626
v -0.06305099 0.038420487 0.10244872
v -0.06588981 0.030844612 0.09137055
v -0.055204503 0.057214644 0.0873704
v -0.048969954 0.066924945 0.09763266
v -0.05410961 0.060301755 0.10766479
v -0.04057087 0.075186335 0.107324
v -0.044995878 0.06872218 0.118898325
v -0.027093735 0.08023642 0.113904044
v -0.05682716 0.05137919 0.1169279
v -0.05706783 0.041401967 0.12540461
v -0.04682972 0.06045742 0.12868153
v -0.029911155 0.07442365 0.12694007
v -0.013606452 0.08260456 0.11710417
v -0.014674911 0.07655602 0.13000089
v -1.5258788E-06 0.084349036 0.11920716
v -1.5258788E-06 0.07775005 0.13141805
v -0.03142429 0.06638475 0.13758191
v -0.01480381 0.06807284 0.14172728
v -1.4877319E-06 0.06768271 0.14341936
v -0.046142083 0.049801722 0.13720135
v -0.014642028 0.056982677 0.15054217
v -1.5258788E-06 0.057720836 0.1523871
v -0.014949264 0.039056864 0.15652357
v -1.5258788E-06 0.03907924 0.15786526
v -0.014990196 0.0191456 0.15704796
v -1.5258788E-06 0.019030442 0.1584969
v -0.03119381 0.055330858 0.14621224
v -0.0148975365 0.0033163643 0.15418506
v -1.5258788E-06 0.0007660579 0.15478918
v -0.014095687 -0.015665121 0.14512059
v -1.5258788E-06 -0.016873326 0.14587556
v -0.025551375 0.005335159 0.15301114
v -0.027778815 -0.012556953 0.14299597
v -0.038434066 -0.00857903 0.13995518
v -0.03531101 0.0087521365 0.14996982
v -0.046685982 -0.0048888586 0.1373497
v -0.029412994 0.014660751 0.1528293
v -0.025273932 0.019361217 0.15446576
v -0.020726128 0.025519295 0.15543972
v -0.034899786 0.014314272 0.15047285
v -0.025671653 0.0322877 0.15417524
v -0.044447515 0.015051136 0.14541018
v -0.040989034 0.022808863 0.1473145
v -0.054791488 0.0023430013 0.13195756
v -0.048550453 0.029146386 0.14121474
v -0.031174086 0.037140872 0.15281737
v -0.038330078 0.035580337 0.14843713
v -0.046687774 0.033875495 0.14166732
v -0.052959137 0.025983755 0.13713533
v -0.06002796 0.013248014 0.12294867
v -0.062982135 0.029831877 0.10992947
v -0.065353505 0.02183715 0.09873448
v -0.06588981 0.030844612 0.09137055
v 0.15943012 0.09738773 0.011053
v 0.16428146 0.10009861 0.0044349288
v 0.1632309 0.101253524 0.0046885205
v 0.1598576 0.10243795 0.006517315
v 0.15517262 0.10204912 0.009956216
v 0.14503914 0.08905956 0.026334409
v 0.13723293 0.09763208 0.024263
v 0.1279485 0.07863431 0.042979497
v 0.11730686 0.09028271 0.040568426
v 0.11098186 0.06776153 0.060774352
v 0.0947343 0.07972191 0.054157875
v 0.08089985 0.07071004 0.07621013
v 0.09340347 0.056317713 0.07883777
v 0.06599007 0.060470846 0.095328145
v 0.07740806 0.045836966 0.097016536
v 0.05812809 0.049566105 0.1095773
v 0.0599242 0.03997714 0.11443383
v 0.060121153 0.035422713 0.11740727
v 0.15943012 0.09738773 0.011053
v 0.16463661 0.09857107 0.0045802593
v 0.16428146 0.10009861 0.0044349288
v 0.16372284 0.09504993 0.0062110806
v 0.16081032 0.09123983 0.0094848825
v 0.14503914 0.08905956 0.026334409
v 0.14750691 0.077671625 0.023209628
v 0.1279485 0.07863431 0.042979497
v 0.13055576 0.06273052 0.03817134
v 0.11098186 0.06776153 0.060774352
v 0.11120323 0.0476475 0.052275237
v 0.09742733 0.037455004 0.07369904
v 0.09340347 0.056317713 0.07883777
v 0.082258716 0.027761998 0.092878714
v 0.07740806 0.045836966 0.097016536
v 0.060121153 0.035422713 0.11740727
v 0.06089405 0.026370581 0.11716857
v 0.0636953 0.027417136 0.10654811
v 0.082258716 0.027761998 0.092878714
v 0.06089405 0.026370581 0.11716857
v 0.0765023 0.030577356 0.08955581
v 0.09742733 0.037455004 0.07369904
v 0.076108895 0.022220273 0.08524487
v 0.06492901 0.019309811 0.1007092
v 0.09419853 0.03880246 0.0717303
v 0.11120323 0.0476475 0.052275237
v 0.09288853 0.033249643 0.06789838
v 0.07948372 0.018421175 0.086180314
v 0.06295303 0.015642313 0.10970877
v 0.09579887 0.03006046 0.068839714
v 0.07108417 0.016053814 0.11135712
v 0.06002483 0.013248014 0.12294867
v 0.07492954 0.0199681 0.116218574
v 0.050827026 0.017376857 0.13843781
v 0.075318605 0.028233606 0.12021937
v 0.047410317 0.02247138 0.1404512
v 0.072219044 0.041143883 0.12128188
v 0.09150257 0.025010604 0.099222094
v 0.09165066 0.03415507 0.103423774
v 0.1068235 0.04562947 0.08499562
v 0.08734714 0.05103207 0.107042514
v 0.104303055 0.061572336 0.090213634
v 0.121155314 0.07269267 0.07097144
v 0.087254405 0.020291846 0.09363322
v 0.10318409 0.03133998 0.07566091
v 0.106512375 0.03566174 0.08028947
v 0.11326286 0.043836787 0.052351635
v 0.11926357 0.043968413 0.05751256
v 0.12201137 0.048804216 0.06158324
v 0.12264473 0.058411438 0.065990835
v 0.1314603 0.059249762 0.037424706
v 0.13055576 0.06273052 0.03817134
v 0.13457191 0.0584854 0.03966689
v 0.13845657 0.07211337 0.047738712
v 0.1368608 0.083019786 0.051193893
v 0.13742195 0.06260366 0.043253545
v 0.1477872 0.07514634 0.022340897
v 0.14750691 0.077671625 0.023209628
v 0.14963977 0.07453545 0.023506993
v 0.1526311 0.086449996 0.029865397
v 0.15184791 0.09244892 0.031960383
v 0.1639769 0.09967199 0.014148388
v 0.1522589 0.07793758 0.02645113
v 0.1607537 0.08909488 0.008539743
v 0.16081032 0.09123983 0.0094848825
v 0.16372284 0.09504993 0.0062110806
v 0.16220832 0.08866641 0.00941513
v 0.16461319 0.092268564 0.011642675
v 0.16449584 0.094405994 0.0037965488
v 0.16463661 0.09857107 0.0045802593
v 0.16610527 0.09469371 0.003941326
v 0.16579422 0.098267116 0.001592226
v 0.16428146 0.10009861 0.0044349288
v 0.16526535 0.10067546 0.0012290858
v 0.16755432 0.09859621 0.0015428066
v 0.1669303 0.10154179 0.0010267162
v 0.16753745 0.09898005 0.0066165826
v 0.1669754 0.101455264 0.006229963
v 0.16668151 0.09558903 0.008535747
v 0.047212258 0.030104155 0.13786064
v 0.072219044 0.041143883 0.12128188
v 0.047410317 0.02247138 0.1404512
v 0.06306038 0.051678885 0.11942576
v 0.0531583 0.044405293 0.12962255
v 0.05335102 0.0542344 0.11868831
v 0.07654373 0.06385274 0.105340354
v 0.08734714 0.05103207 0.107042514
v 0.09313114 0.07318551 0.087087564
v 0.104303055 0.061572336 0.090213634
v 0.121155314 0.07269267 0.07097144
v 0.067976184 0.06866657 0.10079028
v 0.05472435 0.06109955 0.10709327
v 0.061470564 0.06807957 0.09530703
v 0.052624434 0.061228447 0.09161235
v 0.08427978 0.078519054 0.08265061
v 0.077638395 0.07794691 0.076943
v 0.0739904 0.073903464 0.072109595
v 0.055201452 0.057214644 0.0873704
v 0.11061539 0.08242376 0.0676883
v 0.10260273 0.08752525 0.06430085
v 0.096117936 0.08771775 0.05943902
v 0.12898907 0.09076572 0.048899222
v 0.1368608 0.083019786 0.051193893
v 0.092970006 0.08352118 0.054753024
v 0.11577873 0.0955266 0.04196908
v 0.120754965 0.09544522 0.04529639
v 0.14738475 0.09663132 0.030396786
v 0.15184791 0.09244892 0.031960383
v 0.1639769 0.09967199 0.014148388
v 0.14025608 0.10124356 0.027674569
v 0.13596848 0.10109364 0.024905996
v 0.11507862 0.092971765 0.040200014
v 0.0947343 0.07972191 0.054157875
v 0.15823318 0.10449241 0.01217144
v 0.15388457 0.10462625 0.010112486
v 0.13536136 0.09928861 0.023613652
v 0.11730686 0.09028271 0.040568426
v 0.13723293 0.09763208 0.024263
v 0.15338252 0.103230834 0.009157934
v 0.15517262 0.10204912 0.009956216
v 0.1598576 0.10243795 0.006517315
v 0.1597258 0.10351414 0.004168072
v 0.1632309 0.101253524 0.0046885205
v 0.16088356 0.104659915 0.0043449686
v 0.16359244 0.10246503 0.0017575073
v 0.16428146 0.10009861 0.0044349288
v 0.16526535 0.10067546 0.0012290858
v 0.1648696 0.103710614 0.0017419242
v 0.1669303 0.10154179 0.0010267162
v 0.1652697 0.10330747 0.0067910003
v 0.1669754 0.101455264 0.006229963
v 0.16204223 0.10445421 0.008902998
v 0.06064903 0.04860192 0.09780107
v 0.05812809 0.049566105 0.1095773
v 0.06599007 0.060470846 0.095328145
v 0.064727664 0.054255836 0.091331206
v 0.08089985 0.07071004 0.07621013
v 0.074745215 0.06975774 0.070642576
v 0.07979595 0.06781887 0.0739022
v -0.17043777 -0.0065807006 0.24183609
v -0.17718038 -0.008522482 0.24609317
v -0.17619123 -0.009665989 0.24639122
v -0.17292288 -0.01148602 0.24542819
v -0.16814527 -0.012426357 0.24250919
v -0.15499298 -0.003277917 0.22837822
v -0.15093666 -0.014241123 0.2297332
v -0.1382178 -0.00015066624 0.21244118
v -0.13241573 -0.015077677 0.21445316
v -0.120429225 0.0037024831 0.19766925
v -0.11435752 -0.01596825 0.19713612
v -0.09477966 -0.011020822 0.18574916
v -0.10155262 0.0077685164 0.18384112
v -0.07516773 -0.005846219 0.17429917
v -0.08213207 0.011950233 0.17127922
v -0.061661225 0.018081931 0.16080223
v -0.057000577 0.0061908625 0.16275817
v -0.036715925 0.026456306 0.15104017
v -0.020726128 0.025519295 0.15543972
v -0.025273932 0.019361217 0.15446576
v -0.033336066 0.016647434 0.1585302
v -0.034035645 0.022404041 0.16143417
v -0.025671653 0.0322877 0.15417524
v -0.020726128 0.025519295 0.15543972
v -0.037300758 0.030368416 0.15979022
v -0.025273932 0.019361217 0.15446576
v -0.03395374 0.012025661 0.15403514
v -0.029412994 0.014660751 0.1528293
v -0.034899786 0.014314272 0.15047285
v -0.17043777 -0.0065807006 0.24183609
v -0.17763078 -0.0073939944 0.24511927
v -0.17718038 -0.008522482 0.24609317
v -0.17686826 -0.0052077244 0.24194923
v -0.1737867 -0.0031519078 0.23746116
v -0.15499298 -0.003277917 0.22837822
v -0.16129872 0.0029642056 0.22025913
v -0.1382178 -0.00015066624 0.21244118
v -0.14620197 0.008823948 0.20183314
v -0.120429225 0.0037024831 0.19766925
v -0.12992622 0.013068335 0.1836652
v -0.11054763 0.019359834 0.17230919
v -0.10155262 0.0077685164 0.18384112
v -0.090935975 0.023845712 0.16039611
v -0.08213207 0.011950233 0.17127922
v -0.061661225 0.018081931 0.16080223
v -0.06824665 0.026628898 0.15277015
v -0.036715925 0.026456306 0.15104017
v -0.046687774 0.033875495 0.14166732
v -0.038330078 0.035580337 0.14843713
v -0.044219434 0.035618037 0.14725518
v -0.07162411 0.03512499 0.1523382
v -0.041669272 0.035384778 0.15342017
v -0.073966555 0.027986258 0.14317714
v -0.048550453 0.029146386 0.14121474
v -0.06612049 0.03379395 0.16254315
v -0.037300758 0.030368416 0.15979022
v -0.05870895 0.025272476 0.17224021
v -0.09285412 0.03275763 0.16174412
v -0.087002255 0.030444112 0.1724932
v -0.10544056 0.02647989 0.18670505
v -0.07795616 0.020959044 0.18453929
v -0.09676502 0.017739657 0.19875167
v -0.115544625 0.013622167 0.21305923
v -0.07239166 0.022864208 0.14294007
v -0.040989034 0.022808863 0.1473145
v -0.095197596 0.02612109 0.15293509
v -0.06742348 0.018437998 0.1491272
v -0.036715925 0.026456306 0.15104017
v -0.06824665 0.026628898 0.15277015
v -0.090935975 0.023845712 0.16039611
v -0.09379692 0.020738782 0.15263017
v -0.089974135 0.016939713 0.15817213
v -0.11054763 0.019359834 0.17230919
v -0.112039335 0.028469482 0.1748053
v -0.114139326 0.021993453 0.16673316
v -0.11022743 0.01579044 0.17079219
v -0.12992622 0.013068335 0.1836652
v -0.11260475 0.017606912 0.16718715
v -0.13179576 0.016867137 0.18218528
v -0.1302726 0.02210676 0.18851821
v -0.14795487 0.010936146 0.19970615
v -0.14620197 0.008823948 0.20183314
v -0.12375839 0.021475174 0.2011047
v -0.14721553 0.014321622 0.20369914
v -0.1409349 0.01397535 0.21650237
v -0.13418213 0.008529553 0.22646926
v -0.16273746 0.0040322016 0.21826221
v -0.16129872 0.0029642056 0.22025913
v -0.16212022 0.006574659 0.22169612
v -0.15709865 0.0052277897 0.23189953
v -0.15275376 0.0026077605 0.23840107
v -0.17032987 -0.004139676 0.24671166
v -0.17465942 -0.00083744526 0.23858714
v -0.17502639 -0.00253026 0.23547721
v -0.1737867 -0.0031519078 0.23746116
v -0.17686826 -0.0052077244 0.24194923
v -0.17942047 -0.0056808614 0.24160522
v -0.17763078 -0.0073939944 0.24511927
v -0.17813444 -0.0037522316 0.24356216
v -0.18079549 -0.008154678 0.24518119
v -0.17718038 -0.008522482 0.24609317
v -0.18022299 -0.009987621 0.24671611
v -0.17945902 -0.0061688805 0.2468872
v -0.1788516 -0.008253078 0.24860923
v -0.038330078 0.035580337 0.14843713
v -0.025671653 0.0322877 0.15417524
v -0.041669272 0.035384778 0.15342017
v -0.037300758 0.030368416 0.15979022
v -0.033768117 -0.039469026 0.09567683
v -0.03755737 -0.038141597 0.09992901
v -0.033495102 -0.036438994 0.10243336
v -0.038300436 -0.039358277 0.09672425
v -0.03483749 -0.040493608 0.09265399
v -0.0365728 -0.041139435 0.09021834
v -0.041763343 -0.037619088 0.100370035
v -0.040375136 -0.03981727 0.09469384
v -0.03793495 -0.036499925 0.10310008
v -0.038986817 -0.041411575 0.08859316
v -0.03410652 -0.03477688 0.1054057
v -0.041763496 -0.041034542 0.08780818
v -0.035396993 -0.03310498 0.10788205
v -0.043174934 -0.038977683 0.094343804
v -0.044586524 -0.039732363 0.08789309
v -0.046917457 -0.038008235 0.08884333
v -0.039670408 -0.034838576 0.105279185
v -0.037577476 -0.031454213 0.109763876
v -0.040284995 -0.030133346 0.11032607
v -0.044990767 -0.037294105 0.095724456
v -0.04821823 -0.036365267 0.0906544
v -0.04877159 -0.034701742 0.09322429
v -0.04245983 -0.033837017 0.10481902
v -0.043156356 -0.029451031 0.10884348
v -0.045697324 -0.029426474 0.106173255
v -0.045311887 -0.0355695 0.09862273
v -0.04886051 -0.03291609 0.09645096
v -0.048427045 -0.031283382 0.099908896
v -0.044588353 -0.034150824 0.10198342
v -0.047413405 -0.030078739 0.10317235
v 0.033764992 -0.039469026 0.09567683
v 0.03755432 -0.038141597 0.09992901
v 0.03349201 -0.036438994 0.10243336
v 0.03829731 -0.039358277 0.09672425
v 0.034834404 -0.040493608 0.09265399
v 0.03656971 -0.041139435 0.09021834
v 0.041760255 -0.037619088 0.100370035
v 0.040372007 -0.03981727 0.09469384
v 0.03793186 -0.036499925 0.10310008
v 0.038983762 -0.041411575 0.08859316
v 0.034103468 -0.03477688 0.1054057
v 0.041760407 -0.041034542 0.08780818
v 0.035393868 -0.03310495 0.10788205
v 0.043171804 -0.038977683 0.094343804
v 0.044583432 -0.039732363 0.08789309
v 0.046914365 -0.038008235 0.08884333
v 0.03966732 -0.034838576 0.105279185
v 0.037574384 -0.031454213 0.109763876
v 0.040281866 -0.030133346 0.11032607
v 0.044987716 -0.037294105 0.095724456
v 0.048215177 -0.036365293 0.0906544
v 0.0487685 -0.034701742 0.09322429
v 0.04245678 -0.033837017 0.10481902
v 0.043153267 -0.029451031 0.10884348
v 0.045694273 -0.029426474 0.106173255
v 0.045308836 -0.0355695 0.09862273
v 0.048857458 -0.03291609 0.09645096
v 0.048423994 -0.031283382 0.099908896
v 0.044585302 -0.034150824 0.10198342
v 0.047410354 -0.030078739 0.10317235
v -0.17718038 -0.008522482 0.24609317
v -0.18022299 -0.009987621 0.24671611
v -0.17854215 -0.011704607 0.24717815
v -0.17619123 -0.009665989 0.24639122
v -0.17693117 -0.010165977 0.24912918
v -0.1788516 -0.008253078 0.24860923
v -0.17032987 -0.004139676 0.24671166
v -0.17455076 -0.013410244 0.24590519
v -0.17292288 -0.01148602 0.24542819
v -0.1731099 -0.0117486 0.24800518
v -0.16765878 -0.014668207 0.24206924
v -0.16814527 -0.012426357 0.24250919
v -0.15093666 -0.014241123 0.2297332
v -0.16731623 -0.0129319 0.24517314
v -0.1500859 -0.017077828 0.22981678
v -0.13241573 -0.015077677 0.21445316
v -0.15138069 -0.004893918 0.23687153
v -0.15275376 0.0026077605 0.23840107
v -0.13418213 0.008529553 0.22646926
v -0.13093005 -0.01865704 0.21529269
v -0.11435752 -0.01596825 0.19713612
v -0.14908123 -0.015238857 0.23357277
v -0.13102241 -0.003637333 0.22537364
v -0.115544625 0.013622167 0.21305923
v -0.12942848 -0.01654355 0.21999682
v -0.11069744 -0.002638688 0.21243232
v -0.091407165 -0.00058228016 0.19855213
v -0.09676502 0.017739657 0.19875167
v -0.07795616 0.020959044 0.18453929
v -0.11193848 -0.020097097 0.19942184
v -0.109559625 -0.016235862 0.20656769
v -0.08986972 -0.013887763 0.1938637
v -0.07235394 0.0036170816 0.1854642
v -0.05870895 0.025272476 0.17224021
v -0.07057178 -0.0094217295 0.18140717
v -0.053604927 0.0118471 0.17395908
v -0.037300758 0.030368416 0.15979022
v -0.034035645 0.022404041 0.16143417
v -0.052126426 9.284019E-06 0.16950713
v -0.033336066 0.016647434 0.1585302
v -0.03395374 0.012025661 0.15403514
v -0.0552882 -0.0063294456 0.15906708
v -0.034899786 0.014314272 0.15047285
v -0.092637785 -0.018991375 0.18531871
v -0.07332985 -0.015289674 0.17233711
v -0.05801445 -0.0036943578 0.15498018
v -0.040989034 0.022808863 0.1473145
v -0.076132655 -0.012717137 0.16828513
v -0.06089775 0.0063198996 0.1548551
v -0.036715925 0.026456306 0.15104017
v -0.057000577 0.0061908625 0.16275817
v -0.07516773 -0.005846219 0.17429917
v -0.07857055 -0.0045634652 0.16823219
v -0.09477966 -0.011020822 0.18574916
v -0.09522964 -0.015655417 0.18214522
v -0.09631084 -0.011051878 0.18262927
v -0.04075035 -0.030985398 0.11008651
v -0.040284995 -0.030133346 0.11032607
v -0.039795227 -0.035915866 0.120430075
v -0.037577476 -0.031454213 0.109763876
v -0.038042907 -0.032306265 0.109524295
v 0.040747337 -0.030985398 0.11008651
v 0.039792173 -0.035915866 0.120430075
v 0.040281866 -0.030133346 0.11032607
v 0.037574384 -0.031454213 0.109763876
v 0.038039777 -0.032306265 0.109524295
v -0.007032089 0.0012841463 0.013653631
v -0.006612968 0.005143981 0.014253216
v -0.001198082 0.005148654 0.014353694
v -0.0011403274 0.0012841463 0.013653631
v 0.0046821595 0.0051367665 0.014417286
v -0.009977989 0.0012841463 0.013653631
v -0.008853263 0.005018468 0.014126816
v -0.012923965 0.0012841463 0.013653631
v -0.011349906 0.004876146 0.013885422
v 0.004752617 0.0012841463 0.013653631
v 0.010324516 0.005141344 0.014328384
v -0.03272762 0.013032123 -0.007825966
v -0.023247872 0.010431814 -0.011589384
v -0.0401461 0.020759063 -0.015971242
v -0.04154335 0.01692446 -0.0026708888
v -0.039453123 0.020437632 -0.002156143
v -0.04070408 0.016553909 -0.0031616592
v -0.01450016 0.00881514 -0.014018525
v -0.05124363 0.024687264 -0.009239969
v -0.04947914 0.027860794 -0.008219175
v -0.05018715 0.024313299 -0.0098807905
v -9.9716184E-05 0.009131617 -0.014593753
v -0.063609235 0.03583994 -0.01930334
v -0.061959036 0.03899798 -0.01814989
v -0.061010167 0.034322932 -0.019079905
v -0.048270073 0.030967802 -0.027123326
v -0.046952438 0.034095414 -0.02553882
v -0.04749668 0.02999593 -0.026061649
v -0.032930832 0.02952818 -0.028292485
v -0.03205898 0.032401342 -0.026053762
v -0.032424316 0.028613167 -0.027430996
v -0.024161262 0.024748506 -0.030014452
v -0.01901432 0.025348922 -0.030854963
v -0.027610626 0.019183017 -0.01924324
v -0.024156531 0.024163237 -0.029189967
v -0.039303016 0.023267189 -0.039597005
v -0.031444624 0.025540905 -0.042193636
v -0.024111632 0.018600728 -0.021353941
v -0.03840164 0.022490615 -0.038012665
v -0.021893997 0.020012354 -0.04577497
v -0.0223806 0.020759517 -0.04766414
v -0.021991385 0.024309576 -0.04645944
v -0.029834785 0.015109897 -0.022954846
v -2.8305052E-05 0.022804596 -0.047621958
v -0.0008839798 0.026152976 -0.046151232
v -0.017504577 0.012911169 -0.027819933
v 0.01585598 0.028048107 -0.038043994
v 0.014564933 0.031097213 -0.03629956
v -0.0001298523 0.014065966 -0.027797598
v -3.7956237E-05 0.021972677 -0.04573468
v 0.010625457 0.008963365 -0.013683205
v 0.012763519 0.016270222 -0.023052769
v 0.015561561 0.026978683 -0.03658563
v 0.026249237 0.028807467 -0.034523156
v 0.034624863 0.031940162 -0.029120697
v 0.017268486 0.017456485 -0.021344366
v 0.025394248 0.027726855 -0.03326854
v 0.015205955 0.0151761435 -0.03678222
v 0.022819556 0.019563934 -0.03633639
v 0.014992103 0.014826841 -0.03571282
v 0.012959747 0.011507001 -0.025548996
v 0.021738358 0.009020028 -0.01216836
v 0.030466689 0.016686719 -0.037454057
v 0.029756317 0.020295724 -0.036601834
v 0.025140457 0.011573558 -0.02301792
v 0.02995964 0.016199946 -0.036079735
v 0.010644378 0.0012841463 0.013653631
v 0.04102951 0.018677497 -0.004201994
v 0.04610706 0.02021806 -0.03259419
v 0.044798546 0.02373521 -0.03214484
v 0.045354538 0.019631708 -0.031244578
v 0.03242275 0.011128788 -0.008770885
v 0.04283554 0.014995338 -0.004211416
v 0.049432755 0.02271 -0.009590034
v 0.06355255 0.026821064 -0.018952446
v 0.062024992 0.030271742 -0.018713273
v 0.051008184 0.019256389 -0.009800262
v 0.060739554 0.02548504 -0.019334316
v 0.049789086 0.018761588 -0.010620632
v 0.038202323 0.014058899 -0.018417567
v 0.041844215 0.014677639 -0.0046454715
vt 0.9604492 0.97265625
vt 0.9633789 0.96972656
vt 0.97021484 0.9770508
vt 0.9604492 0.97265625
vt 0.97021484 0.9770508
vt 0.9633789 0.96972656
vt 0.8491211 0.86035156
vt 0.8544922 0.87353516
vt 0.8647461 0.8691406
vt 0.86035156 0.8491211
vt 0.8491211 0.86035156
vt 0.8383789 0.85498047
vt 0.84375 0.84033203
vt 0.86865234 0.86328125
vt 0.87939453 0.85302734
vt 0.87158203 0.8378906
vt 0.8676758 0.8354492
vt 0.84375 0.84033203
vt 0.87890625 0.8178711
vt 0.8510742 0.8256836
vt 0.8588867 0.8100586
vt 0.8510742 0.8256836
vt 0.8461914 0.8071289
vt 0.8388672 0.8208008
vt 0.8388672 0.8208008
vt 0.82714844 0.8022461
vt 0.8203125 0.81347656
vt 0.8105469 0.81103516
vt 0.8149414 0.80078125
vt 0.8017578 0.79833984
vt 0.7993164 0.80908203
vt 0.7895508 0.8076172
vt 0.79052734 0.7963867
vt 0.7788086 0.80615234
vt 0.76660156 0.7939453
vt 0.76660156 0.8051758
vt 0.7451172 0.80566406
vt 0.7451172 0.7910156
vt 0.72216797 0.79003906
vt 0.72216797 0.80615234
vt 0.703125 0.80615234
vt 0.69433594 0.7890625
vt 0.68603516 0.80566406
vt 0.6699219 0.7890625
vt 0.66845703 0.8051758
vt 0.5546875 0.5864258
vt 0.56689453 0.58691406
vt 0.5649414 0.5864258
vt 0.58251953 0.9223633
vt 0.59033203 0.9291992
vt 0.5917969 0.92578125
vt 0.5800781 0.92529297
vt 0.59033203 0.9296875
vt 0.5644531 0.9121094
vt 0.56884766 0.90771484
vt 0.57958984 0.92626953
vt 0.58691406 0.9399414
vt 0.5415039 0.8959961
vt 0.546875 0.88916016
vt 0.5644531 0.9135742
vt 0.57666016 0.93652344
vt 0.5834961 0.95214844
vt 0.51416016 0.88183594
vt 0.5083008 0.8696289
vt 0.5078125 0.8725586
vt 0.5136719 0.88427734
vt 0.5410156 0.8979492
vt 0.5332031 0.9296875
vt 0.55908203 0.9345703
vt 0.5727539 0.94921875
vt 0.5830078 0.9526367
vt 0.5527344 0.95654297
vt 0.5722656 0.94970703
vt 0.5732422 0.9536133
vt 0.58203125 0.9555664
vt 0.5546875 0.9638672
vt 0.5522461 0.9580078
vt 0.52978516 0.97314453
vt 0.5283203 0.9628906
vt 0.52783203 0.96484375
vt 0.50341797 0.96435547
vt 0.50341797 0.9667969
vt 0.49487305 0.97753906
vt 0.49487305 0.9741211
vt 0.50439453 0.92285156
vt 0.49414062 0.921875
vt 0.49389648 0.96728516
vt 0.5053711 0.8779297
vt 0.5830078 0.9526367
vt 0.58203125 0.9555664
vt 0.5732422 0.9536133
vt 0.5722656 0.94970703
vt 0.5834961 0.95214844
vt 0.5522461 0.9580078
vt 0.5546875 0.9638672
vt 0.5727539 0.94921875
vt 0.58691406 0.9399414
vt 0.52783203 0.96484375
vt 0.52978516 0.97314453
vt 0.5527344 0.95654297
vt 0.57666016 0.93652344
vt 0.59033203 0.9296875
vt 0.5283203 0.9628906
vt 0.55908203 0.9345703
vt 0.50341797 0.9667969
vt 0.49487305 0.97753906
vt 0.49487305 0.9741211
vt 0.50341797 0.96435547
vt 0.57958984 0.92626953
vt 0.59033203 0.9291992
vt 0.5644531 0.9135742
vt 0.5332031 0.9296875
vt 0.5800781 0.92529297
vt 0.5410156 0.8979492
vt 0.50439453 0.92285156
vt 0.58251953 0.9223633
vt 0.5917969 0.92578125
vt 0.56884766 0.90771484
vt 0.5644531 0.9121094
vt 0.546875 0.88916016
vt 0.49414062 0.921875
vt 0.49389648 0.96728516
vt 0.5053711 0.8779297
vt 0.5136719 0.88427734
vt 0.5415039 0.8959961
vt 0.51416016 0.88183594
vt 0.5083008 0.8696289
vt 0.5078125 0.8725586
vt 0.58251953 0.9223633
vt 0.5917969 0.92578125
vt 0.59033203 0.9291992
vt 0.5800781 0.92529297
vt 0.5644531 0.9121094
vt 0.56884766 0.90771484
vt 0.57958984 0.92626953
vt 0.59033203 0.9296875
vt 0.58691406 0.9399414
vt 0.5644531 0.9135742
vt 0.5415039 0.8959961
vt 0.546875 0.88916016
vt 0.57666016 0.93652344
vt 0.5410156 0.8979492
vt 0.51416016 0.88183594
vt 0.5083008 0.8696289
vt 0.5078125 0.8725586
vt 0.5136719 0.88427734
vt 0.5727539 0.94921875
vt 0.5834961 0.95214844
vt 0.55908203 0.9345703
vt 0.5722656 0.94970703
vt 0.5830078 0.9526367
vt 0.5732422 0.9536133
vt 0.58203125 0.9555664
vt 0.5546875 0.9638672
vt 0.5527344 0.95654297
vt 0.5522461 0.9580078
vt 0.52978516 0.97314453
vt 0.5283203 0.9628906
vt 0.5332031 0.9296875
vt 0.52783203 0.96484375
vt 0.50439453 0.92285156
vt 0.50341797 0.96435547
vt 0.50341797 0.9667969
vt 0.49487305 0.97753906
vt 0.49487305 0.9741211
vt 0.49389648 0.96728516
vt 0.49414062 0.921875
vt 0.5053711 0.8779297
vt 0.5136719 0.88427734
vt 0.5053711 0.8779297
vt 0.49414062 0.921875
vt 0.50439453 0.92285156
vt 0.5332031 0.9296875
vt 0.49389648 0.96728516
vt 0.50341797 0.96435547
vt 0.5410156 0.8979492
vt 0.5415039 0.8959961
vt 0.51416016 0.88183594
vt 0.5078125 0.8725586
vt 0.5083008 0.8696289
vt 0.546875 0.88916016
vt 0.5644531 0.9121094
vt 0.56884766 0.90771484
vt 0.5644531 0.9135742
vt 0.5800781 0.92529297
vt 0.58251953 0.9223633
vt 0.59033203 0.9291992
vt 0.5917969 0.92578125
vt 0.59033203 0.9296875
vt 0.57958984 0.92626953
vt 0.55908203 0.9345703
vt 0.57666016 0.93652344
vt 0.58691406 0.9399414
vt 0.5834961 0.95214844
vt 0.5527344 0.95654297
vt 0.5727539 0.94921875
vt 0.5830078 0.9526367
vt 0.5722656 0.94970703
vt 0.5283203 0.9628906
vt 0.5732422 0.9536133
vt 0.58203125 0.9555664
vt 0.5522461 0.9580078
vt 0.5546875 0.9638672
vt 0.52783203 0.96484375
vt 0.52978516 0.97314453
vt 0.50341797 0.9667969
vt 0.49487305 0.9741211
vt 0.49487305 0.97753906
vt 0.7363281 0.47680664
vt 0.734375 0.47802734
vt 0.73339844 0.47875977
vt 0.73339844 0.4777832
vt 0.73291016 0.47924805
vt 0.734375 0.4777832
vt 0.73291016 0.4794922
vt 0.73535156 0.4790039
vt 0.734375 0.4794922
vt 0.73339844 0.47924805
vt 0.734375 0.47875977
vt 0.7363281 0.47827148
vt 0.7373047 0.4777832
vt 0.73291016 0.47875977
vt 0.73095703 0.47827148
vt 0.734375 0.47802734
vt 0.7319336 0.47827148
vt 0.7373047 0.4777832
vt 0.73828125 0.47705078
vt 0.72998047 0.47753906
vt 0.72998047 0.4777832
vt 0.7319336 0.47729492
vt 0.73339844 0.4777832
vt 0.72998047 0.47705078
vt 0.7314453 0.47509766
vt 0.7294922 0.47607422
vt 0.7314453 0.47705078
vt 0.734375 0.4765625
vt 0.7285156 0.4741211
vt 0.7290039 0.47583008
vt 0.72802734 0.47436523
vt 0.7294922 0.47436523
vt 0.7290039 0.4724121
vt 0.72998047 0.4736328
vt 0.7294922 0.47485352
vt 0.72802734 0.4741211
vt 0.72802734 0.47485352
vt 0.7265625 0.4736328
vt 0.7285156 0.47314453
vt 0.73291016 0.47338867
vt 0.73095703 0.4716797
vt 0.7348633 0.4753418
vt 0.73046875 0.47045898
vt 0.72998047 0.4699707
vt 0.7294922 0.47143555
vt 0.7294922 0.46948242
vt 0.73095703 0.46923828
vt 0.7324219 0.46899414
vt 0.7319336 0.47070312
vt 0.7319336 0.47070312
vt 0.73291016 0.46948242
vt 0.7338867 0.46948242
vt 0.734375 0.46850586
vt 0.7324219 0.46899414
vt 0.73535156 0.46948242
vt 0.73583984 0.46899414
vt 0.73779297 0.47045898
vt 0.7338867 0.47265625
vt 0.73291016 0.46923828
vt 0.73095703 0.46899414
vt 0.73339844 0.4699707
vt 0.7324219 0.46850586
vt 0.7314453 0.46801758
vt 0.73291016 0.46826172
vt 0.734375 0.46875
vt 0.7363281 0.46948242
vt 0.734375 0.47143555
vt 0.7368164 0.4711914
vt 0.73779297 0.47192383
vt 0.73535156 0.46850586
vt 0.734375 0.46801758
vt 0.7363281 0.46923828
vt 0.73779297 0.47045898
vt 0.73876953 0.47216797
vt 0.73876953 0.47143555
vt 0.7392578 0.4736328
vt 0.73779297 0.47021484
vt 0.73828125 0.47070312
vt 0.73779297 0.4711914
vt 0.7368164 0.46972656
vt 0.73779297 0.47509766
vt 0.7397461 0.47436523
vt 0.7397461 0.47314453
vt 0.7392578 0.47192383
vt 0.7392578 0.47192383
vt 0.7392578 0.4753418
vt 0.73828125 0.47558594
vt 0.7368164 0.47436523
vt 0.7363281 0.47680664
vt 0.73876953 0.47607422
vt 0.7402344 0.47509766
vt 0.73876953 0.47631836
vt 0.73828125 0.47680664
vt 0.73535156 0.47875977
vt 0.73535156 0.47924805
vt 0.73876953 0.47583008
vt 0.7397461 0.47436523
vt 0.73876953 0.47680664
vt 0.734375 0.47802734
vt 0.7338867 0.47924805
vt 0.7348633 0.4794922
vt 0.7338867 0.47998047
vt 0.73339844 0.47875977
vt 0.734375 0.4777832
vt 0.7338867 0.47729492
vt 0.73291016 0.47924805
vt 0.7363281 0.47485352
vt 0.7348633 0.47387695
vt 0.73583984 0.4736328
vt 0.7348633 0.4716797
vt 0.7363281 0.47314453
vt 0.73535156 0.4736328
vt 0.7368164 0.4716797
vt 0.7368164 0.47021484
vt 0.73535156 0.4716797
vt 0.7338867 0.47094727
vt 0.7363281 0.47021484
vt 0.7348633 0.46875
vt 0.7348633 0.47021484
vt 0.72802734 0.47485352
vt 0.7294922 0.47607422
vt 0.7294922 0.47436523
vt 0.72802734 0.47387695
vt 0.7265625 0.4736328
vt 0.7285156 0.47314453
vt 0.72998047 0.4736328
vt 0.7294922 0.47143555
vt 0.7290039 0.4724121
vt 0.7285156 0.4741211
vt 0.7290039 0.47265625
vt 0.7294922 0.47460938
vt 0.72802734 0.47436523
vt 0.73046875 0.4765625
vt 0.7290039 0.47583008
vt 0.7314453 0.47802734
vt 0.7319336 0.47827148
vt 0.72998047 0.47753906
vt 0.72998047 0.4777832
vt 0.73095703 0.47827148
vt 0.73339844 0.47924805
vt 0.734375 0.47875977
vt 0.73291016 0.4794922
vt 0.734375 0.4790039
vt 0.734375 0.4794922
vt 0.73583984 0.47851562
vt 0.73535156 0.4790039
vt 0.7373047 0.4777832
vt 0.7368164 0.47680664
vt 0.7338867 0.47851562
vt 0.734375 0.47802734
vt 0.7324219 0.47802734
vt 0.7324219 0.47705078
vt 0.734375 0.47705078
vt 0.734375 0.47509766
vt 0.7324219 0.4765625
vt 0.73339844 0.47705078
vt 0.7319336 0.4753418
vt 0.72998047 0.4741211
vt 0.7294922 0.4736328
vt 0.73046875 0.47094727
vt 0.7314453 0.47387695
vt 0.72998047 0.47021484
vt 0.7294922 0.46948242
vt 0.73095703 0.46923828
vt 0.7324219 0.46899414
vt 0.7324219 0.47314453
vt 0.73339844 0.46923828
vt 0.73583984 0.46899414
vt 0.734375 0.46850586
vt 0.7368164 0.47070312
vt 0.73779297 0.4711914
vt 0.73876953 0.4724121
vt 0.73779297 0.47045898
vt 0.7338867 0.47045898
vt 0.73339844 0.4716797
vt 0.7348633 0.4724121
vt 0.73779297 0.47143555
vt 0.7368164 0.46972656
vt 0.73828125 0.47070312
vt 0.73779297 0.47021484
vt 0.73876953 0.47143555
vt 0.7392578 0.4736328
vt 0.73828125 0.47485352
vt 0.73828125 0.4736328
vt 0.73876953 0.47216797
vt 0.73779297 0.47338867
vt 0.73876953 0.47216797
vt 0.73779297 0.47265625
vt 0.7363281 0.47314453
vt 0.734375 0.47216797
vt 0.7348633 0.47094727
vt 0.73291016 0.4716797
vt 0.7338867 0.47314453
vt 0.7373047 0.47558594
vt 0.73779297 0.47583008
vt 0.7368164 0.4753418
vt 0.73779297 0.4765625
vt 0.73876953 0.47680664
vt 0.73828125 0.47705078
vt 0.73876953 0.47583008
vt 0.7392578 0.47436523
vt 0.7397461 0.47314453
vt 0.7397461 0.47436523
vt 0.7392578 0.47192383
vt 0.7392578 0.47338867
vt 0.7392578 0.47192383
vt 0.73876953 0.47216797
vt 0.7324219 0.47705078
vt 0.73339844 0.47705078
vt 0.7324219 0.47802734
vt 0.734375 0.47705078
vt 0.7314453 0.47509766
vt 0.72998047 0.47705078
vt 0.7314453 0.47705078
vt 0.7319336 0.47827148
vt 0.7348633 0.47094727
vt 0.7368164 0.47070312
vt 0.7348633 0.4724121
vt 0.734375 0.47216797
vt 0.73291016 0.4716797
vt 0.7338867 0.47314453
vt 0.734375 0.47509766
vt 0.7368164 0.4753418
vt 0.73828125 0.47485352
vt 0.7373047 0.47558594
vt 0.7368164 0.47680664
vt 0.73779297 0.47045898
vt 0.7363281 0.46923828
vt 0.73535156 0.46948242
vt 0.734375 0.46801758
vt 0.73535156 0.46850586
vt 0.734375 0.46875
vt 0.7338867 0.46948242
vt 0.73291016 0.46948242
vt 0.73291016 0.46826172
vt 0.7319336 0.46899414
vt 0.7314453 0.46801758
vt 0.73095703 0.46899414
vt 0.7319336 0.47070312
vt 0.7392578 0.4753418
vt 0.7402344 0.47509766
vt 0.73828125 0.47558594
vt 0.73876953 0.47631836
vt 0.73876953 0.47607422
vt 0.73828125 0.47680664
vt 0.7397461 0.47436523
vt 0.734375 0.47875977
vt 0.734375 0.47802734
vt 0.7338867 0.47924805
vt 0.734375 0.4794922
vt 0.7338867 0.47998047
vt 0.73535156 0.47924805
vt 0.7363281 0.47827148
vt 0.73535156 0.4736328
vt 0.7348633 0.47387695
vt 0.7348633 0.4753418
vt 0.7348633 0.4716797
vt 0.7363281 0.47314453
vt 0.7368164 0.47436523
vt 0.7338867 0.47094727
vt 0.7338867 0.47265625
vt 0.734375 0.47143555
vt 0.73535156 0.47070312
vt 0.7348633 0.46875
vt 0.7368164 0.4711914
vt 0.7368164 0.47021484
vt 0.73779297 0.47192383
vt 0.73779297 0.47338867
vt 0.73779297 0.47265625
vt 0.73876953 0.47216797
vt 0.73876953 0.4724121
vt 0.11791992 0.9248047
vt 0.11907959 0.9316406
vt 0.11907959 0.9248047
vt 0.11791992 0.9316406
vt 0.116760254 0.9248047
vt 0.11907959 0.93408203
vt 0.116760254 0.9316406
vt 0.115600586 0.9248047
vt 0.11791992 0.93408203
vt 0.11907959 0.9716797
vt 0.115600586 0.9316406
vt 0.11413574 0.9248047
vt 0.11791992 0.9716797
vt 0.11907959 0.9746094
vt 0.116760254 0.93408203
vt 0.11413574 0.9316406
vt 0.111450195 0.9248047
vt 0.11791992 0.9746094
vt 0.11907959 0.98583984
vt 0.11791992 0.98583984
vt 0.116760254 0.9716797
vt 0.115600586 0.93408203
vt 0.116760254 0.9746094
vt 0.116760254 0.98583984
vt 0.111450195 0.9316406
vt 0.08105469 0.9248047
vt 0.115600586 0.9716797
vt 0.115600586 0.9746094
vt 0.115600586 0.98583984
vt 0.11413574 0.93408203
vt 0.08105469 0.9316406
vt 0.050476074 0.9248047
vt 0.11413574 0.9746094
vt 0.11413574 0.98583984
vt 0.11413574 0.9716797
vt 0.111450195 0.93408203
vt 0.050476074 0.9316406
vt 0.020233154 0.9248047
vt 0.020233154 0.9316406
vt 0.111450195 0.9746094
vt 0.111450195 0.98583984
vt 0.111450195 0.9716797
vt 0.08105469 0.93359375
vt 0.050476074 0.93310547
vt 0.020233154 0.9326172
vt 0.020233154 0.9453125
vt 0.050476074 0.9550781
vt 0.020233154 0.94628906
vt 0.08105469 0.96435547
vt 0.050476074 0.95703125
vt 0.020233154 0.95410156
vt 0.08105469 0.9667969
vt 0.050476074 0.96728516
vt 0.08105469 0.9770508
vt 0.08105469 0.98583984
vt 0.050476074 0.98583984
vt 0.020233154 0.98583984
vt 0.9394531 0.74365234
vt 0.9394531 0.7348633
vt 0.9375 0.7348633
vt 0.94091797 0.74316406
vt 0.94433594 0.75146484
vt 0.9404297 0.7348633
vt 0.9458008 0.75
vt 0.95214844 0.75634766
vt 0.94189453 0.7426758
vt 0.9609375 0.7348633
vt 0.9526367 0.7548828
vt 0.9609375 0.7583008
vt 0.9609375 0.75634766
vt 0.94628906 0.7495117
vt 0.953125 0.75390625
vt 0.9609375 0.7553711
vt 0.95214844 0.75634766
vt 0.9609375 0.75634766
vt 0.9609375 0.7583008
vt 0.9526367 0.7548828
vt 0.94433594 0.75146484
vt 0.9609375 0.7553711
vt 0.9458008 0.75
vt 0.9394531 0.74365234
vt 0.953125 0.75390625
vt 0.9609375 0.7348633
vt 0.94091797 0.74316406
vt 0.9375 0.7348633
vt 0.9394531 0.7348633
vt 0.94628906 0.7495117
vt 0.94189453 0.7426758
vt 0.9404297 0.7348633
vt 0.49169922 0.7871094
vt 0.49169922 0.7871094
vt 0.4921875 0.8413086
vt 0.49243164 0.8413086
vt 0.49243164 0.8432617
vt 0.49243164 0.8432617
vt 0.49243164 0.8432617
vt 0.49169922 0.7871094
vt 0.49169922 0.78466797
vt 0.49243164 0.8413086
vt 0.49267578 0.8432617
vt 0.49194336 0.7871094
vt 0.49169922 0.78466797
vt 0.49267578 0.8413086
vt 0.49267578 0.8432617
vt 0.49169922 0.7763672
vt 0.49169922 0.7763672
vt 0.49267578 0.8413086
vt 0.49291992 0.8432617
vt 0.49169922 0.77001953
vt 0.49169922 0.77001953
vt 0.49291992 0.8413086
vt 0.49316406 0.8432617
vt 0.49194336 0.7680664
vt 0.49169922 0.7680664
vt 0.49291992 0.6958008
vt 0.49194336 0.7680664
vt 0.49194336 0.77001953
vt 0.49316406 0.8413086
vt 0.49316406 0.8432617
vt 0.49194336 0.7680664
vt 0.49194336 0.7763672
vt 0.49194336 0.77001953
vt 0.4921875 0.7680664
vt 0.49194336 0.78466797
vt 0.49243164 0.7680664
vt 0.49243164 0.7680664
vt 0.49267578 0.7680664
vt 0.4921875 0.77001953
vt 0.49194336 0.7763672
vt 0.49194336 0.7871094
vt 0.49243164 0.77001953
vt 0.4921875 0.7763672
vt 0.49194336 0.78466797
vt 0.4921875 0.7871094
vt 0.4921875 0.78466797
vt 0.4921875 0.7763672
vt 0.49243164 0.77001953
vt 0.4921875 0.7871094
vt 0.4921875 0.78466797
vt 0.49243164 0.7871094
vt 0.49243164 0.7763672
vt 0.49243164 0.78466797
vt 0.49267578 0.7871094
vt 0.49267578 0.78466797
vt 0.49291992 0.7871094
vt 0.49267578 0.7763672
vt 0.49291992 0.78466797
vt 0.49316406 0.7871094
vt 0.49267578 0.77001953
vt 0.4934082 0.7871094
vt 0.49291992 0.7763672
vt 0.49316406 0.78466797
vt 0.49291992 0.77001953
vt 0.49316406 0.7763672
vt 0.4934082 0.78466797
vt 0.4934082 0.7871094
vt 0.49291992 0.7680664
vt 0.49316406 0.7680664
vt 0.49316406 0.77001953
vt 0.4934082 0.7763672
vt 0.4934082 0.78466797
vt 0.49365234 0.7871094
vt 0.4934082 0.77001953
vt 0.4934082 0.7680664
vt 0.49316406 0.8413086
vt 0.4934082 0.8432617
vt 0.4934082 0.8413086
vt 0.49389648 0.7871094
vt 0.49389648 0.7871094
vt 0.49365234 0.7871094
vt 0.49365234 0.78466797
vt 0.4934082 0.7763672
vt 0.4934082 0.7680664
vt 0.49365234 0.78466797
vt 0.49389648 0.78466797
vt 0.49365234 0.7763672
vt 0.4934082 0.77001953
vt 0.49365234 0.77001953
vt 0.49365234 0.7680664
vt 0.49389648 0.7763672
vt 0.49365234 0.77001953
vt 0.49365234 0.7680664
vt 0.49389648 0.7763672
vt 0.49389648 0.77001953
vt 0.49365234 0.7680664
vt 0.49291992 0.6958008
vt 0.49389648 0.7680664
vt 0.49389648 0.77001953
vt 0.49389648 0.7680664
vt 0.49389648 0.7763672
vt 0.49389648 0.7680664
vt 0.49389648 0.7680664
vt 0.49389648 0.77001953
vt 0.49389648 0.7763672
vt 0.49389648 0.78466797
vt 0.49389648 0.78466797
vt 0.49389648 0.7871094
vt 0.020263672 0.8647461
vt 0.020263672 0.91259766
vt 0.021011353 0.91259766
vt 0.021011353 0.8647461
vt 0.020263672 0.7993164
vt 0.021759033 0.91259766
vt 0.021011353 0.7993164
vt 0.020263672 0.7963867
vt 0.021011353 0.7963867
vt 0.021759033 0.8647461
vt 0.022491455 0.91259766
vt 0.021759033 0.7993164
vt 0.021759033 0.7963867
vt 0.022491455 0.8647461
vt 0.022567749 0.91259766
vt 0.022491455 0.7993164
vt 0.022491455 0.7963867
vt 0.022567749 0.8647461
vt 0.022598267 0.91259766
vt 0.022567749 0.7993164
vt 0.022567749 0.7963867
vt 0.022598267 0.8647461
vt 0.022628784 0.91259766
vt 0.022598267 0.7993164
vt 0.022598267 0.7963867
vt 0.022628784 0.8647461
vt 0.022659302 0.91259766
vt 0.022628784 0.7993164
vt 0.022628784 0.7963867
vt 0.022659302 0.8647461
vt 0.02268982 0.91259766
vt 0.02268982 0.8647461
vt 0.022659302 0.7993164
vt 0.022659302 0.7963867
vt 0.02268982 0.7993164
vt 0.02268982 0.7963867
vt 0.11907959 0.9316406
vt 0.11791992 0.9248047
vt 0.11907959 0.9248047
vt 0.11791992 0.9316406
vt 0.116760254 0.9248047
vt 0.11791992 0.93408203
vt 0.11907959 0.93408203
vt 0.116760254 0.9316406
vt 0.115600586 0.9248047
vt 0.11791992 0.9716797
vt 0.11907959 0.9716797
vt 0.116760254 0.93408203
vt 0.115600586 0.9316406
vt 0.11413574 0.9248047
vt 0.116760254 0.9716797
vt 0.11791992 0.9746094
vt 0.11907959 0.9746094
vt 0.11907959 0.98583984
vt 0.11791992 0.98583984
vt 0.116760254 0.9746094
vt 0.116760254 0.98583984
vt 0.115600586 0.9746094
vt 0.115600586 0.98583984
vt 0.115600586 0.9716797
vt 0.11413574 0.9746094
vt 0.11413574 0.98583984
vt 0.111450195 0.98583984
vt 0.115600586 0.93408203
vt 0.11413574 0.9716797
vt 0.111450195 0.9746094
vt 0.11413574 0.93408203
vt 0.08105469 0.9770508
vt 0.08105469 0.98583984
vt 0.050476074 0.98583984
vt 0.111450195 0.9716797
vt 0.11413574 0.9316406
vt 0.111450195 0.9248047
vt 0.08105469 0.9667969
vt 0.050476074 0.96728516
vt 0.111450195 0.93408203
vt 0.111450195 0.9316406
vt 0.08105469 0.9248047
vt 0.020233154 0.95410156
vt 0.020233154 0.98583984
vt 0.050476074 0.95703125
vt 0.020233154 0.94628906
vt 0.08105469 0.96435547
vt 0.050476074 0.9550781
vt 0.020233154 0.9453125
vt 0.08105469 0.93359375
vt 0.08105469 0.9316406
vt 0.050476074 0.9248047
vt 0.050476074 0.93310547
vt 0.020233154 0.9326172
vt 0.050476074 0.9316406
vt 0.020233154 0.9248047
vt 0.020233154 0.9316406
vt 0.9394531 0.74365234
vt 0.9375 0.7348633
vt 0.9394531 0.7348633
vt 0.94091797 0.74316406
vt 0.94433594 0.75146484
vt 0.94189453 0.7426758
vt 0.9404297 0.7348633
vt 0.9609375 0.7348633
vt 0.9458008 0.75
vt 0.95214844 0.75634766
vt 0.94628906 0.7495117
vt 0.953125 0.75390625
vt 0.9609375 0.7553711
vt 0.9526367 0.7548828
vt 0.9609375 0.7583008
vt 0.9609375 0.75634766
vt 0.95214844 0.75634766
vt 0.9609375 0.7583008
vt 0.9609375 0.75634766
vt 0.9526367 0.7548828
vt 0.94433594 0.75146484
vt 0.953125 0.75390625
vt 0.9609375 0.7553711
vt 0.9609375 0.7348633
vt 0.9458008 0.75
vt 0.9394531 0.74365234
vt 0.94628906 0.7495117
vt 0.94189453 0.7426758
vt 0.9404297 0.7348633
vt 0.94091797 0.74316406
vt 0.9375 0.7348633
vt 0.9394531 0.7348633
vt 0.4934082 0.8413086
vt 0.49389648 0.7871094
vt 0.49389648 0.7871094
vt 0.4934082 0.8413086
vt 0.4934082 0.8432617
vt 0.4934082 0.8432617
vt 0.49316406 0.8432617
vt 0.49389648 0.7871094
vt 0.49389648 0.78466797
vt 0.49316406 0.8413086
vt 0.49316406 0.8432617
vt 0.49365234 0.7871094
vt 0.49389648 0.78466797
vt 0.49316406 0.8413086
vt 0.49291992 0.8432617
vt 0.49389648 0.7763672
vt 0.49389648 0.7763672
vt 0.49291992 0.8413086
vt 0.49267578 0.8432617
vt 0.49389648 0.77001953
vt 0.49389648 0.77001953
vt 0.49389648 0.7680664
vt 0.49389648 0.7680664
vt 0.49291992 0.6958008
vt 0.49389648 0.77001953
vt 0.49389648 0.7763672
vt 0.49365234 0.7680664
vt 0.49365234 0.77001953
vt 0.49365234 0.78466797
vt 0.49365234 0.7680664
vt 0.49365234 0.7763672
vt 0.49365234 0.7871094
vt 0.49365234 0.78466797
vt 0.4934082 0.7871094
vt 0.4934082 0.78466797
vt 0.49365234 0.7763672
vt 0.49365234 0.77001953
vt 0.4934082 0.7871094
vt 0.4934082 0.78466797
vt 0.49316406 0.7871094
vt 0.4934082 0.7763672
vt 0.4934082 0.7680664
vt 0.49316406 0.78466797
vt 0.4934082 0.77001953
vt 0.49291992 0.7871094
vt 0.49316406 0.7763672
vt 0.4934082 0.7680664
vt 0.49291992 0.78466797
vt 0.49267578 0.7871094
vt 0.49316406 0.77001953
vt 0.49316406 0.7680664
vt 0.49291992 0.7763672
vt 0.49291992 0.7680664
vt 0.49267578 0.7680664
vt 0.49267578 0.7680664
vt 0.49291992 0.77001953
vt 0.49267578 0.78466797
vt 0.49267578 0.8413086
vt 0.49243164 0.8432617
vt 0.49267578 0.77001953
vt 0.49267578 0.7763672
vt 0.49243164 0.7871094
vt 0.49243164 0.8413086
vt 0.49243164 0.8432617
vt 0.49267578 0.77001953
vt 0.49243164 0.78466797
vt 0.49243164 0.7871094
vt 0.49243164 0.7763672
vt 0.49243164 0.78466797
vt 0.49243164 0.7763672
vt 0.49243164 0.77001953
vt 0.4921875 0.7871094
vt 0.4921875 0.78466797
vt 0.49194336 0.7871094
vt 0.49243164 0.7680664
vt 0.4921875 0.7763672
vt 0.4921875 0.77001953
vt 0.4921875 0.7680664
vt 0.49194336 0.77001953
vt 0.49194336 0.7763672
vt 0.49243164 0.8413086
vt 0.49243164 0.8432617
vt 0.4921875 0.8413086
vt 0.49194336 0.78466797
vt 0.49194336 0.7871094
vt 0.49169922 0.7871094
vt 0.49194336 0.7871094
vt 0.49194336 0.78466797
vt 0.49194336 0.7763672
vt 0.49169922 0.78466797
vt 0.49194336 0.77001953
vt 0.49169922 0.7763672
vt 0.49169922 0.78466797
vt 0.49169922 0.7871094
vt 0.49169922 0.78466797
vt 0.49169922 0.7763672
vt 0.49169922 0.7763672
vt 0.49169922 0.77001953
vt 0.49169922 0.77001953
vt 0.49169922 0.7680664
vt 0.49194336 0.77001953
vt 0.49169922 0.7680664
vt 0.49194336 0.7680664
vt 0.49194336 0.7680664
vt 0.4921875 0.7680664
vt 0.021011353 0.91259766
vt 0.020263672 0.91259766
vt 0.020263672 0.8647461
vt 0.021011353 0.8647461
vt 0.021759033 0.91259766
vt 0.020263672 0.7993164
vt 0.021759033 0.8647461
vt 0.022491455 0.91259766
vt 0.022491455 0.8647461
vt 0.022567749 0.91259766
vt 0.022567749 0.8647461
vt 0.022598267 0.91259766
vt 0.022598267 0.8647461
vt 0.022628784 0.91259766
vt 0.022628784 0.8647461
vt 0.022659302 0.91259766
vt 0.022659302 0.8647461
vt 0.02268982 0.91259766
vt 0.02268982 0.8647461
vt 0.02268982 0.7993164
vt 0.022659302 0.7993164
vt 0.02268982 0.7963867
vt 0.022659302 0.7963867
vt 0.022628784 0.7993164
vt 0.022628784 0.7963867
vt 0.022598267 0.7993164
vt 0.022598267 0.7963867
vt 0.022567749 0.7993164
vt 0.022567749 0.7963867
vt 0.022491455 0.7993164
vt 0.022491455 0.7963867
vt 0.021759033 0.7993164
vt 0.021759033 0.7963867
vt 0.021011353 0.7993164
vt 0.021011353 0.7963867
vt 0.020263672 0.7963867
vt 0.61279297 0.8833008
vt 0.6171875 0.86621094
vt 0.61279297 0.86621094
vt 0.6171875 0.8833008
vt 0.61279297 0.8989258
vt 0.62353516 0.8833008
vt 0.62353516 0.86621094
vt 0.6171875 0.8989258
vt 0.61279297 0.89941406
vt 0.6298828 0.8833008
vt 0.6298828 0.86621094
vt 0.6386719 0.86621094
vt 0.6386719 0.8833008
vt 0.6386719 0.86621094
vt 0.6386719 0.8833008
vt 0.6298828 0.8989258
vt 0.6386719 0.8989258
vt 0.6386719 0.8989258
vt 0.6386719 0.89941406
vt 0.6171875 0.89941406
vt 0.61279297 0.89990234
vt 0.62353516 0.8989258
vt 0.62353516 0.89941406
vt 0.6171875 0.89990234
vt 0.61279297 0.9003906
vt 0.6298828 0.89941406
vt 0.6386719 0.89941406
vt 0.6171875 0.9003906
vt 0.61279297 0.9003906
vt 0.62353516 0.89990234
vt 0.6386719 0.89990234
vt 0.6386719 0.89990234
vt 0.6386719 0.9003906
vt 0.6298828 0.89990234
vt 0.62353516 0.9003906
vt 0.6171875 0.9003906
vt 0.61279297 0.9008789
vt 0.6298828 0.9003906
vt 0.6386719 0.9003906
vt 0.62353516 0.9003906
vt 0.6298828 0.9003906
vt 0.6386719 0.9003906
vt 0.6386719 0.9003906
vt 0.6171875 0.9008789
vt 0.61279297 0.9008789
vt 0.6298828 0.9008789
vt 0.6386719 0.9008789
vt 0.6386719 0.9008789
vt 0.62353516 0.9008789
vt 0.6171875 0.9008789
vt 0.61279297 0.90185547
vt 0.6386719 0.9008789
vt 0.6386719 0.9008789
vt 0.6386719 0.90185547
vt 0.62353516 0.9008789
vt 0.6298828 0.9008789
vt 0.6171875 0.90185547
vt 0.61279297 0.9086914
vt 0.62353516 0.90185547
vt 0.6298828 0.90185547
vt 0.6386719 0.90185547
vt 0.6171875 0.9086914
vt 0.61279297 0.91552734
vt 0.62353516 0.9086914
vt 0.6298828 0.9086914
vt 0.6386719 0.9086914
vt 0.6386719 0.9086914
vt 0.6171875 0.91552734
vt 0.61279297 0.92285156
vt 0.62353516 0.91552734
vt 0.6386719 0.91552734
vt 0.6386719 0.91552734
vt 0.6298828 0.91552734
vt 0.6386719 0.92285156
vt 0.6386719 0.92285156
vt 0.6386719 0.93066406
vt 0.6298828 0.92285156
vt 0.62353516 0.92285156
vt 0.6386719 0.93066406
vt 0.6386719 0.9370117
vt 0.6298828 0.93066406
vt 0.6298828 0.9370117
vt 0.6386719 0.9370117
vt 0.6386719 0.94433594
vt 0.62353516 0.93066406
vt 0.6171875 0.92285156
vt 0.6171875 0.93066406
vt 0.61279297 0.93066406
vt 0.6171875 0.9370117
vt 0.61279297 0.9370117
vt 0.6386719 0.94433594
vt 0.62353516 0.9370117
vt 0.6171875 0.94433594
vt 0.61279297 0.94433594
vt 0.6386719 0.9453125
vt 0.6386719 0.9453125
vt 0.6386719 0.9458008
vt 0.62353516 0.94433594
vt 0.6171875 0.9453125
vt 0.61279297 0.9453125
vt 0.6298828 0.94433594
vt 0.6386719 0.9458008
vt 0.6386719 0.9458008
vt 0.6298828 0.9453125
vt 0.6386719 0.9458008
vt 0.6386719 0.94628906
vt 0.62353516 0.9453125
vt 0.6298828 0.9458008
vt 0.6171875 0.9458008
vt 0.61279297 0.9458008
vt 0.62353516 0.9458008
vt 0.6171875 0.9458008
vt 0.61279297 0.9458008
vt 0.62353516 0.9458008
vt 0.6171875 0.94628906
vt 0.61279297 0.94628906
vt 0.6298828 0.9458008
vt 0.62353516 0.94628906
vt 0.6171875 0.94628906
vt 0.61279297 0.94628906
vt 0.6386719 0.94628906
vt 0.6298828 0.94628906
vt 0.6386719 0.94628906
vt 0.6386719 0.94628906
vt 0.6386719 0.94677734
vt 0.62353516 0.94628906
vt 0.6298828 0.94628906
vt 0.6171875 0.94677734
vt 0.61279297 0.94677734
vt 0.6386719 0.94677734
vt 0.6298828 0.94677734
vt 0.62353516 0.94677734
vt 0.6171875 0.9477539
vt 0.61279297 0.9477539
vt 0.6386719 0.9477539
vt 0.6386719 0.9477539
vt 0.6386719 0.9633789
vt 0.6298828 0.9477539
vt 0.6386719 0.9633789
vt 0.6386719 0.98046875
vt 0.6386719 0.98046875
vt 0.6298828 0.9633789
vt 0.6298828 0.98046875
vt 0.62353516 0.98046875
vt 0.62353516 0.9633789
vt 0.6171875 0.98046875
vt 0.62353516 0.9477539
vt 0.6171875 0.9633789
vt 0.61279297 0.9633789
vt 0.61279297 0.98046875
vt 0.4814453 0.56347656
vt 0.48046875 0.5527344
vt 0.48388672 0.55371094
vt 0.4777832 0.56347656
vt 0.48608398 0.58251953
vt 0.47973633 0.5527344
vt 0.47998047 0.5839844
vt 0.4892578 0.6113281
vt 0.47705078 0.56347656
vt 0.46948242 0.5498047
vt 0.4807129 0.6118164
vt 0.48413086 0.6542969
vt 0.47875977 0.5834961
vt 0.4663086 0.5605469
vt 0.45776367 0.54589844
vt 0.47705078 0.6425781
vt 0.4807129 0.65283203
vt 0.47460938 0.64160156
vt 0.47851562 0.6113281
vt 0.4477539 0.60009766
vt 0.45825195 0.5761719
vt 0.45410156 0.5566406
vt 0.4567871 0.54589844
vt 0.43652344 0.56884766
vt 0.453125 0.5566406
vt 0.45385742 0.5449219
vt 0.45043945 0.55371094
vt 0.4350586 0.5683594
vt 0.43164062 0.56347656
vt 0.41796875 0.5859375
vt 0.41601562 0.58496094
vt 0.41015625 0.5786133
vt 0.40307617 0.60546875
vt 0.40063477 0.6040039
vt 0.38720703 0.60546875
vt 0.39038086 0.6074219
vt 0.43774414 0.6274414
vt 0.43286133 0.63671875
vt 0.39770508 0.6123047
vt 0.47607422 0.6538086
vt 0.4567871 0.54589844
vt 0.45385742 0.5449219
vt 0.45043945 0.55371094
vt 0.453125 0.5566406
vt 0.45776367 0.54589844
vt 0.43164062 0.56347656
vt 0.45410156 0.5566406
vt 0.46948242 0.5498047
vt 0.4350586 0.5683594
vt 0.41015625 0.5786133
vt 0.4663086 0.5605469
vt 0.47973633 0.5527344
vt 0.43652344 0.56884766
vt 0.41601562 0.58496094
vt 0.38720703 0.60546875
vt 0.45825195 0.5761719
vt 0.41796875 0.5859375
vt 0.47705078 0.56347656
vt 0.48046875 0.5527344
vt 0.40063477 0.6040039
vt 0.39038086 0.6074219
vt 0.40307617 0.60546875
vt 0.47875977 0.5834961
vt 0.4777832 0.56347656
vt 0.48388672 0.55371094
vt 0.4814453 0.56347656
vt 0.47998047 0.5839844
vt 0.48608398 0.58251953
vt 0.4477539 0.60009766
vt 0.47851562 0.6113281
vt 0.4807129 0.6118164
vt 0.4892578 0.6113281
vt 0.43774414 0.6274414
vt 0.47705078 0.6425781
vt 0.48413086 0.6542969
vt 0.4807129 0.65283203
vt 0.47460938 0.64160156
vt 0.47607422 0.6538086
vt 0.43286133 0.63671875
vt 0.39770508 0.6123047
vt 0.4814453 0.56347656
vt 0.48388672 0.55371094
vt 0.48046875 0.5527344
vt 0.4777832 0.56347656
vt 0.48608398 0.58251953
vt 0.47705078 0.56347656
vt 0.47973633 0.5527344
vt 0.46948242 0.5498047
vt 0.47998047 0.5839844
vt 0.4892578 0.6113281
vt 0.47875977 0.5834961
vt 0.4663086 0.5605469
vt 0.4807129 0.6118164
vt 0.48413086 0.6542969
vt 0.45410156 0.5566406
vt 0.45776367 0.54589844
vt 0.45825195 0.5761719
vt 0.47851562 0.6113281
vt 0.47705078 0.6425781
vt 0.4807129 0.65283203
vt 0.47460938 0.64160156
vt 0.453125 0.5566406
vt 0.4567871 0.54589844
vt 0.45385742 0.5449219
vt 0.45043945 0.55371094
vt 0.43652344 0.56884766
vt 0.4350586 0.5683594
vt 0.43164062 0.56347656
vt 0.41796875 0.5859375
vt 0.41601562 0.58496094
vt 0.41015625 0.5786133
vt 0.4477539 0.60009766
vt 0.43774414 0.6274414
vt 0.40307617 0.60546875
vt 0.40063477 0.6040039
vt 0.38720703 0.60546875
vt 0.39038086 0.6074219
vt 0.39770508 0.6123047
vt 0.43286133 0.63671875
vt 0.47607422 0.6538086
vt 0.47460938 0.64160156
vt 0.47607422 0.6538086
vt 0.43286133 0.63671875
vt 0.43774414 0.6274414
vt 0.4477539 0.60009766
vt 0.39770508 0.6123047
vt 0.40307617 0.60546875
vt 0.47851562 0.6113281
vt 0.4807129 0.6118164
vt 0.47705078 0.6425781
vt 0.4807129 0.65283203
vt 0.48413086 0.6542969
vt 0.4892578 0.6113281
vt 0.48608398 0.58251953
vt 0.47998047 0.5839844
vt 0.4814453 0.56347656
vt 0.47875977 0.5834961
vt 0.4777832 0.56347656
vt 0.48388672 0.55371094
vt 0.48046875 0.5527344
vt 0.47973633 0.5527344
vt 0.47705078 0.56347656
vt 0.45825195 0.5761719
vt 0.4663086 0.5605469
vt 0.46948242 0.5498047
vt 0.45776367 0.54589844
vt 0.43652344 0.56884766
vt 0.45410156 0.5566406
vt 0.4567871 0.54589844
vt 0.453125 0.5566406
vt 0.41796875 0.5859375
vt 0.45043945 0.55371094
vt 0.45385742 0.5449219
vt 0.43164062 0.56347656
vt 0.4350586 0.5683594
vt 0.41015625 0.5786133
vt 0.41601562 0.58496094
vt 0.38720703 0.60546875
vt 0.40063477 0.6040039
vt 0.39038086 0.6074219
vt 0.72998047 0.5336914
vt 0.72509766 0.53271484
vt 0.72802734 0.5371094
vt 0.7285156 0.53027344
vt 0.7236328 0.5292969
vt 0.7290039 0.5263672
vt 0.72314453 0.52783203
vt 0.72314453 0.5239258
vt 0.72509766 0.52001953
vt 0.7314453 0.5292969
vt 0.7319336 0.5317383
vt 0.7397461 0.5258789
vt 0.7314453 0.5258789
vt 0.7402344 0.52441406
vt 0.7294922 0.52197266
vt 0.72558594 0.5161133
vt 0.7324219 0.5234375
vt 0.73046875 0.5180664
vt 0.73339844 0.51464844
vt 0.7270508 0.51171875
vt 0.7285156 0.5097656
vt 0.7319336 0.51171875
vt 0.7348633 0.50927734
vt 0.7338867 0.52001953
vt 0.74072266 0.5234375
vt 0.73535156 0.51660156
vt 0.74121094 0.52197266
vt 0.7363281 0.5126953
vt 0.7373047 0.50634766
vt 0.7373047 0.5151367
vt 0.73876953 0.5102539
vt 0.7392578 0.5136719
vt 0.7416992 0.5214844
vt 0.7416992 0.5209961
vt 0.74121094 0.51220703
vt 0.74121094 0.50878906
vt 0.74072266 0.50390625
vt 0.7421875 0.5854492
vt 0.75097656 0.5878906
vt 0.73291016 0.625
vt 0.71435547 0.6201172
vt 0.72509766 0.57421875
vt 0.70996094 0.6381836
vt 0.6972656 0.6010742
vt 0.703125 0.5620117
vt 0.66845703 0.64160156
vt 0.6699219 0.6567383
vt 0.6635742 0.6230469
vt 0.6801758 0.58154297
vt 0.6958008 0.5566406
vt 0.6533203 0.6044922
vt 0.66796875 0.5727539
vt 0.69189453 0.5517578
vt 0.64501953 0.5942383
vt 0.66259766 0.56640625
vt 0.63916016 0.58740234
vt 0.7910156 0.53515625
vt 0.81689453 0.5620117
vt 0.7832031 0.55371094
vt 0.8203125 0.5415039
vt 0.7949219 0.52197266
vt 0.8354492 0.5566406
vt 0.82421875 0.5239258
vt 0.7861328 0.5053711
vt 0.8359375 0.5371094
vt 0.8261719 0.4963379
vt 0.78271484 0.49804688
vt 0.8935547 0.5102539
vt 0.89208984 0.5341797
vt 0.90527344 0.52490234
vt 0.9189453 0.54052734
vt 0.8876953 0.50146484
vt 0.8828125 0.484375
vt 0.82421875 0.4831543
vt 0.88378906 0.47583008
vt 0.86328125 0.46972656
vt 0.8823242 0.4650879
vt 0.8808594 0.4584961
vt 0.8276367 0.47509766
vt 0.8623047 0.4650879
vt 0.875 0.44921875
vt 0.85839844 0.4584961
vt 0.82910156 0.46606445
vt 0.8310547 0.45581055
vt 0.7993164 0.46240234
vt 0.79785156 0.45507812
vt 0.7973633 0.44555664
vt 0.7788086 0.44604492
vt 0.7832031 0.45898438
vt 0.78564453 0.48388672
vt 0.7734375 0.4663086
vt 0.7807617 0.45361328
vt 0.76123047 0.45141602
vt 0.76708984 0.4584961
vt 0.98876953 0.80322266
vt 0.9682617 0.7734375
vt 0.96972656 0.82910156
vt 0.9326172 0.7753906
vt 0.92822266 0.82666016
vt 0.91845703 0.8027344
vt 0.18359375 0.61376953
vt 0.1842041 0.56152344
vt 0.17370605 0.5859375
vt 0.2133789 0.56689453
vt 0.21508789 0.6123047
vt 0.23278809 0.56933594
vt 0.23376465 0.6113281
vt 0.25073242 0.5708008
vt 0.2524414 0.6088867
vt 0.27172852 0.60498047
vt 0.26904297 0.5722656
vt 0.27783203 0.59277344
vt 0.2775879 0.5800781
vt 0.76708984 0.4584961
vt 0.7788086 0.44604492
vt 0.76123047 0.45141602
vt 0.7807617 0.45361328
vt 0.7734375 0.4663086
vt 0.79248047 0.45141602
vt 0.7973633 0.44555664
vt 0.81347656 0.45996094
vt 0.8183594 0.45092773
vt 0.82910156 0.46606445
vt 0.8310547 0.45581055
vt 0.8442383 0.45898438
vt 0.7915039 0.45776367
vt 0.7832031 0.45898438
vt 0.7963867 0.4807129
vt 0.78564453 0.48388672
vt 0.80078125 0.49169922
vt 0.78271484 0.49804688
vt 0.7861328 0.5053711
vt 0.8100586 0.46826172
vt 0.80566406 0.47460938
vt 0.82421875 0.4831543
vt 0.8022461 0.50097656
vt 0.7949219 0.52197266
vt 0.8276367 0.47509766
vt 0.8261719 0.4963379
vt 0.80566406 0.52490234
vt 0.7910156 0.53515625
vt 0.82421875 0.5239258
vt 0.8022461 0.5444336
vt 0.7832031 0.55371094
vt 0.8203125 0.5415039
vt 0.8461914 0.47265625
vt 0.8491211 0.47851562
vt 0.85009766 0.49121094
vt 0.8413086 0.5185547
vt 0.8359375 0.5371094
vt 0.8457031 0.4675293
vt 0.85839844 0.4584961
vt 0.8623047 0.4650879
vt 0.8666992 0.45361328
vt 0.86328125 0.46972656
vt 0.87109375 0.46191406
vt 0.875 0.44921875
vt 0.8808594 0.4584961
vt 0.8720703 0.46679688
vt 0.8823242 0.4650879
vt 0.88378906 0.47583008
vt 0.8701172 0.4753418
vt 0.87109375 0.48461914
vt 0.8828125 0.484375
vt 0.8725586 0.5083008
vt 0.8876953 0.50146484
vt 0.8803711 0.51953125
vt 0.8935547 0.5102539
vt 0.86279297 0.52734375
vt 0.89208984 0.5341797
vt 0.90527344 0.52490234
vt 0.8491211 0.53271484
vt 0.8725586 0.5439453
vt 0.8540039 0.55126953
vt 0.90625 0.5493164
vt 0.9189453 0.54052734
vt 0.8881836 0.55908203
vt 0.8354492 0.5566406
vt 0.8769531 0.5644531
vt 0.85839844 0.57177734
vt 0.81689453 0.5620117
vt 0.88183594 0.5839844
vt 0.9003906 0.5761719
vt 0.9169922 0.5703125
vt 0.83740234 0.57910156
vt 0.79833984 0.5625
vt 0.93652344 0.5673828
vt 0.9394531 0.5395508
vt 0.9189453 0.59277344
vt 0.95458984 0.56640625
vt 0.95214844 0.5366211
vt 0.86376953 0.5917969
vt 0.8198242 0.58496094
vt 0.90185547 0.5966797
vt 0.9375 0.59228516
vt 0.9633789 0.56591797
vt 0.96484375 0.5332031
vt 0.97216797 0.5649414
vt 0.97314453 0.59277344
vt 0.9638672 0.59277344
vt 0.96777344 0.6269531
vt 0.95458984 0.59228516
vt 0.9580078 0.625
vt 0.95410156 0.65966797
vt 0.94873047 0.6230469
vt 0.94384766 0.65527344
vt 0.93408203 0.6904297
vt 0.9248047 0.68359375
vt 0.9145508 0.7138672
vt 0.93359375 0.6513672
vt 0.93115234 0.61621094
vt 0.90527344 0.7060547
vt 0.8930664 0.7368164
vt 0.91796875 0.6064453
vt 0.88378906 0.7290039
vt 0.87939453 0.7519531
vt 0.8701172 0.74560547
vt 0.8725586 0.7631836
vt 0.8964844 0.6977539
vt 0.875 0.7211914
vt 0.86083984 0.7392578
vt 0.8618164 0.7573242
vt 0.85595703 0.77685547
vt 0.86621094 0.78125
vt 0.8510742 0.7519531
vt 0.8457031 0.77197266
vt 0.83154297 0.7675781
vt 0.82666016 0.7421875
vt 0.8173828 0.7631836
vt 0.80908203 0.76171875
vt 0.80322266 0.7607422
vt 0.85791016 0.7055664
vt 0.83984375 0.7270508
vt 0.79345703 0.7314453
vt 0.7919922 0.7583008
vt 0.80566406 0.71435547
vt 0.7807617 0.72802734
vt 0.7861328 0.7578125
vt 0.7792969 0.7573242
vt 0.7675781 0.72558594
vt 0.7729492 0.75683594
vt 0.76660156 0.75683594
vt 0.7573242 0.7573242
vt 0.7402344 0.7578125
vt 0.7866211 0.70947266
vt 0.7675781 0.7050781
vt 0.73583984 0.71972656
vt 0.72753906 0.7597656
vt 0.79248047 0.6923828
vt 0.73339844 0.6953125
vt 0.7084961 0.72265625
vt 0.71484375 0.76171875
vt 0.69921875 0.7651367
vt 0.70947266 0.69628906
vt 0.6879883 0.6982422
vt 0.6791992 0.7294922
vt 0.6879883 0.7680664
vt 0.6699219 0.70654297
vt 0.6542969 0.6821289
vt 0.6665039 0.66748047
vt 0.6855469 0.66796875
vt 0.6699219 0.6567383
vt 0.66845703 0.64160156
vt 0.6928711 0.6352539
vt 0.6635742 0.6230469
vt 0.7084961 0.68310547
vt 0.72216797 0.67626953
vt 0.7060547 0.66015625
vt 0.72509766 0.64453125
vt 0.74072266 0.66552734
vt 0.6801758 0.61279297
vt 0.6533203 0.6044922
vt 0.7529297 0.68603516
vt 0.7792969 0.6713867
vt 0.76416016 0.64697266
vt 0.66503906 0.59277344
vt 0.64501953 0.5942383
vt 0.6533203 0.5810547
vt 0.63916016 0.58740234
vt 0.6484375 0.5751953
vt 0.66259766 0.56640625
vt 0.66796875 0.5727539
vt 0.67871094 0.5595703
vt 0.6801758 0.58154297
vt 0.6821289 0.56640625
vt 0.69189453 0.5517578
vt 0.6958008 0.5566406
vt 0.69091797 0.5727539
vt 0.703125 0.5620117
vt 0.6972656 0.6010742
vt 0.71240234 0.58691406
vt 0.72509766 0.57421875
vt 0.71435547 0.6201172
vt 0.73095703 0.6015625
vt 0.7421875 0.5854492
vt 0.7446289 0.6201172
vt 0.75 0.60253906
vt 0.75097656 0.5878906
vt 0.75439453 0.5888672
vt 0.76660156 0.60839844
vt 0.78564453 0.62841797
vt 0.7885742 0.5883789
vt 0.7792969 0.5703125
vt 0.80126953 0.61865234
vt 0.80810547 0.6538086
vt 0.8022461 0.5888672
vt 0.82470703 0.67285156
vt 0.81152344 0.6147461
vt 0.82910156 0.6489258
vt 0.8588867 0.65234375
vt 0.8378906 0.6870117
vt 0.8339844 0.64208984
vt 0.8286133 0.6074219
vt 0.8666992 0.66503906
vt 0.84375 0.60058594
vt 0.84716797 0.6245117
vt 0.86865234 0.6113281
vt 0.8745117 0.6303711
vt 0.8876953 0.6015625
vt 0.8935547 0.61621094
vt 0.90527344 0.6298828
vt 0.88720703 0.64746094
vt 0.91748047 0.6411133
vt 0.9003906 0.66259766
vt 0.88134766 0.6821289
vt 0.91552734 0.67626953
vt 0.75439453 0.5888672
vt 0.75439453 0.5888672
vt 0.75439453 0.5888672
vt 0.75439453 0.5888672
vt 0.75439453 0.5888672
vt 0.75439453 0.5888672
vt 0.75439453 0.5888672
vt 0.75390625 0.5888672
vt 0.75439453 0.5888672
vt 0.75439453 0.5888672
vt 0.75439453 0.5888672
vt 0.75439453 0.5888672
vt 0.75390625 0.5888672
vt 0.75390625 0.5888672
vt 0.75390625 0.58935547
vt 0.75390625 0.5888672
vt 0.75390625 0.5888672
vt 0.75390625 0.5888672
vt 0.75390625 0.5888672
vt 0.75390625 0.58935547
vt 0.75390625 0.5888672
vt 0.75390625 0.5888672
vt 0.75390625 0.58935547
vt 0.75390625 0.5888672
vt 0.75390625 0.5888672
vt 0.75390625 0.58935547
vt 0.75390625 0.5888672
vt 0.75390625 0.58935547
vt 0.75390625 0.58935547
vt 0.75341797 0.58935547
vt 0.75341797 0.58935547
vt 0.75341797 0.58935547
vt 0.75390625 0.58935547
vt 0.75390625 0.58935547
vt 0.75390625 0.58935547
vt 0.75390625 0.58935547
vt 0.7421875 0.5854492
vt 0.73291016 0.625
vt 0.75097656 0.5878906
vt 0.71435547 0.6201172
vt 0.72509766 0.57421875
vt 0.70996094 0.6381836
vt 0.6972656 0.6010742
vt 0.703125 0.5620117
vt 0.66845703 0.64160156
vt 0.6699219 0.6567383
vt 0.6635742 0.6230469
vt 0.6801758 0.58154297
vt 0.6958008 0.5566406
vt 0.6533203 0.6044922
vt 0.66796875 0.5727539
vt 0.69189453 0.5517578
vt 0.64501953 0.5942383
vt 0.66259766 0.56640625
vt 0.63916016 0.58740234
vt 0.7910156 0.53515625
vt 0.7832031 0.55371094
vt 0.81689453 0.5620117
vt 0.8203125 0.5415039
vt 0.7949219 0.52197266
vt 0.8354492 0.5566406
vt 0.82421875 0.5239258
vt 0.7861328 0.5053711
vt 0.8359375 0.5371094
vt 0.8261719 0.4963379
vt 0.78271484 0.49804688
vt 0.8935547 0.5102539
vt 0.89208984 0.5341797
vt 0.90527344 0.52490234
vt 0.9189453 0.54052734
vt 0.8876953 0.50146484
vt 0.8828125 0.484375
vt 0.82421875 0.4831543
vt 0.88378906 0.47583008
vt 0.86328125 0.46972656
vt 0.8823242 0.4650879
vt 0.8808594 0.4584961
vt 0.8276367 0.47509766
vt 0.8623047 0.4650879
vt 0.875 0.44921875
vt 0.85839844 0.4584961
vt 0.82910156 0.46606445
vt 0.8310547 0.45581055
vt 0.7993164 0.46240234
vt 0.79785156 0.45507812
vt 0.7973633 0.44555664
vt 0.7788086 0.44604492
vt 0.7832031 0.45898438
vt 0.78564453 0.48388672
vt 0.7734375 0.4663086
vt 0.7807617 0.45361328
vt 0.76123047 0.45141602
vt 0.76708984 0.4584961
vt 0.98876953 0.80322266
vt 0.96972656 0.82910156
vt 0.9682617 0.7734375
vt 0.9326172 0.7753906
vt 0.92822266 0.82666016
vt 0.91845703 0.8027344
vt 0.18359375 0.61376953
vt 0.17370605 0.5859375
vt 0.1842041 0.56152344
vt 0.2133789 0.56689453
vt 0.21508789 0.6123047
vt 0.23278809 0.56933594
vt 0.23376465 0.6113281
vt 0.25073242 0.5708008
vt 0.2524414 0.6088867
vt 0.27172852 0.60498047
vt 0.26904297 0.5722656
vt 0.27783203 0.59277344
vt 0.2775879 0.5800781
vt 0.76708984 0.4584961
vt 0.76123047 0.45141602
vt 0.7788086 0.44604492
vt 0.7807617 0.45361328
vt 0.7734375 0.4663086
vt 0.79248047 0.45141602
vt 0.7973633 0.44555664
vt 0.81347656 0.45996094
vt 0.8183594 0.45092773
vt 0.82910156 0.46606445
vt 0.8310547 0.45581055
vt 0.8442383 0.45898438
vt 0.7915039 0.45776367
vt 0.7832031 0.45898438
vt 0.7963867 0.4807129
vt 0.78564453 0.48388672
vt 0.80078125 0.49169922
vt 0.78271484 0.49804688
vt 0.7861328 0.5053711
vt 0.8100586 0.46826172
vt 0.80566406 0.47460938
vt 0.82421875 0.4831543
vt 0.8022461 0.50097656
vt 0.7949219 0.52197266
vt 0.8276367 0.47509766
vt 0.8261719 0.4963379
vt 0.80566406 0.52490234
vt 0.7910156 0.53515625
vt 0.82421875 0.5239258
vt 0.8022461 0.5444336
vt 0.7832031 0.55371094
vt 0.8203125 0.5415039
vt 0.8461914 0.47265625
vt 0.8491211 0.47851562
vt 0.85009766 0.49121094
vt 0.8413086 0.5185547
vt 0.8359375 0.5371094
vt 0.8457031 0.4675293
vt 0.85839844 0.4584961
vt 0.8623047 0.4650879
vt 0.8666992 0.45361328
vt 0.86328125 0.46972656
vt 0.87109375 0.46191406
vt 0.875 0.44921875
vt 0.8808594 0.4584961
vt 0.8720703 0.46679688
vt 0.8823242 0.4650879
vt 0.88378906 0.47583008
vt 0.8701172 0.4753418
vt 0.87109375 0.48461914
vt 0.8828125 0.484375
vt 0.8725586 0.5083008
vt 0.8876953 0.50146484
vt 0.8803711 0.51953125
vt 0.8935547 0.5102539
vt 0.86279297 0.52734375
vt 0.89208984 0.5341797
vt 0.90527344 0.52490234
vt 0.8491211 0.53271484
vt 0.8725586 0.5439453
vt 0.8540039 0.55126953
vt 0.90625 0.5493164
vt 0.9189453 0.54052734
vt 0.8881836 0.55908203
vt 0.8354492 0.5566406
vt 0.8769531 0.5644531
vt 0.85839844 0.57177734
vt 0.81689453 0.5620117
vt 0.88183594 0.5839844
vt 0.9003906 0.5761719
vt 0.9169922 0.5703125
vt 0.83740234 0.57910156
vt 0.79833984 0.5625
vt 0.93652344 0.5673828
vt 0.9394531 0.5395508
vt 0.9189453 0.59277344
vt 0.95458984 0.56640625
vt 0.95214844 0.5366211
vt 0.86376953 0.5917969
vt 0.8198242 0.58496094
vt 0.90185547 0.5966797
vt 0.9375 0.59228516
vt 0.9633789 0.56591797
vt 0.96484375 0.5332031
vt 0.97216797 0.5649414
vt 0.97314453 0.59277344
vt 0.9638672 0.59277344
vt 0.96777344 0.6269531
vt 0.95458984 0.59228516
vt 0.9580078 0.625
vt 0.95410156 0.65966797
vt 0.94873047 0.6230469
vt 0.94384766 0.65527344
vt 0.93408203 0.6904297
vt 0.9248047 0.68359375
vt 0.9145508 0.7138672
vt 0.93359375 0.6513672
vt 0.93115234 0.61621094
vt 0.90527344 0.7060547
vt 0.8930664 0.7368164
vt 0.91796875 0.6064453
vt 0.88378906 0.7290039
vt 0.87939453 0.7519531
vt 0.8701172 0.74560547
vt 0.8725586 0.7631836
vt 0.8964844 0.6977539
vt 0.875 0.7211914
vt 0.86083984 0.7392578
vt 0.8618164 0.7573242
vt 0.85595703 0.77685547
vt 0.86621094 0.78125
vt 0.8510742 0.7519531
vt 0.8457031 0.77197266
vt 0.83154297 0.7675781
vt 0.82666016 0.7421875
vt 0.8173828 0.7631836
vt 0.80908203 0.76171875
vt 0.80322266 0.7607422
vt 0.85791016 0.7055664
vt 0.83984375 0.7270508
vt 0.79345703 0.7314453
vt 0.7919922 0.7583008
vt 0.80566406 0.71435547
vt 0.7807617 0.72802734
vt 0.7861328 0.7578125
vt 0.7792969 0.7573242
vt 0.7675781 0.72558594
vt 0.7729492 0.75683594
vt 0.76660156 0.75683594
vt 0.7573242 0.7573242
vt 0.7402344 0.7578125
vt 0.7866211 0.70947266
vt 0.7675781 0.7050781
vt 0.73583984 0.71972656
vt 0.72753906 0.7597656
vt 0.79248047 0.6923828
vt 0.73339844 0.6953125
vt 0.7084961 0.72265625
vt 0.71484375 0.76171875
vt 0.69921875 0.7651367
vt 0.70947266 0.69628906
vt 0.6879883 0.6982422
vt 0.6791992 0.7294922
vt 0.6879883 0.7680664
vt 0.6699219 0.70654297
vt 0.6542969 0.6821289
vt 0.6665039 0.66748047
vt 0.6855469 0.66796875
vt 0.6699219 0.6567383
vt 0.66845703 0.64160156
vt 0.6928711 0.6352539
vt 0.6635742 0.6230469
vt 0.7084961 0.68310547
vt 0.72216797 0.67626953
vt 0.7060547 0.66015625
vt 0.72509766 0.64453125
vt 0.74072266 0.66552734
vt 0.6801758 0.61279297
vt 0.6533203 0.6044922
vt 0.7529297 0.68603516
vt 0.7792969 0.6713867
vt 0.76416016 0.64697266
vt 0.66503906 0.59277344
vt 0.64501953 0.5942383
vt 0.6533203 0.5810547
vt 0.63916016 0.58740234
vt 0.6484375 0.5751953
vt 0.66259766 0.56640625
vt 0.66796875 0.5727539
vt 0.67871094 0.5595703
vt 0.6801758 0.58154297
vt 0.6821289 0.56640625
vt 0.69189453 0.5517578
vt 0.6958008 0.5566406
vt 0.69091797 0.5727539
vt 0.703125 0.5620117
vt 0.6972656 0.6010742
vt 0.71240234 0.58691406
vt 0.72509766 0.57421875
vt 0.71435547 0.6201172
vt 0.73095703 0.6015625
vt 0.7421875 0.5854492
vt 0.7446289 0.6201172
vt 0.75 0.60253906
vt 0.75097656 0.5878906
vt 0.75439453 0.5888672
vt 0.76660156 0.60839844
vt 0.78564453 0.62841797
vt 0.7885742 0.5883789
vt 0.7792969 0.5703125
vt 0.80126953 0.61865234
vt 0.80810547 0.6538086
vt 0.8022461 0.5888672
vt 0.82470703 0.67285156
vt 0.81152344 0.6147461
vt 0.82910156 0.6489258
vt 0.8588867 0.65234375
vt 0.8378906 0.6870117
vt 0.8339844 0.64208984
vt 0.8286133 0.6074219
vt 0.8666992 0.66503906
vt 0.84375 0.60058594
vt 0.84716797 0.6245117
vt 0.86865234 0.6113281
vt 0.8745117 0.6303711
vt 0.8876953 0.6015625
vt 0.8935547 0.61621094
vt 0.90527344 0.6298828
vt 0.88720703 0.64746094
vt 0.91748047 0.6411133
vt 0.9003906 0.66259766
vt 0.88134766 0.6821289
vt 0.91552734 0.67626953
vt 0.75439453 0.5888672
vt 0.75439453 0.5888672
vt 0.75439453 0.5888672
vt 0.75439453 0.5888672
vt 0.75439453 0.5888672
vt 0.75439453 0.5888672
vt 0.75439453 0.5888672
vt 0.75390625 0.5888672
vt 0.75439453 0.5888672
vt 0.75439453 0.5888672
vt 0.75439453 0.5888672
vt 0.75439453 0.5888672
vt 0.75390625 0.5888672
vt 0.75390625 0.5888672
vt 0.75390625 0.58935547
vt 0.75390625 0.5888672
vt 0.75390625 0.5888672
vt 0.75390625 0.5888672
vt 0.75390625 0.5888672
vt 0.75390625 0.58935547
vt 0.75390625 0.5888672
vt 0.75390625 0.5888672
vt 0.75390625 0.58935547
vt 0.75390625 0.5888672
vt 0.75390625 0.5888672
vt 0.75390625 0.58935547
vt 0.75390625 0.5888672
vt 0.75390625 0.58935547
vt 0.75390625 0.58935547
vt 0.75341797 0.58935547
vt 0.75341797 0.58935547
vt 0.75341797 0.58935547
vt 0.75390625 0.58935547
vt 0.75390625 0.58935547
vt 0.75390625 0.58935547
vt 0.75390625 0.58935547
vt 0.84375 0.84033203
vt 0.8510742 0.8256836
vt 0.8388672 0.8208008
vt 0.83154297 0.83447266
vt 0.8256836 0.8486328
vt 0.8383789 0.85498047
vt 0.8203125 0.81347656
vt 0.83691406 0.85839844
vt 0.8491211 0.86035156
vt 0.828125 0.8803711
vt 0.8383789 0.87109375
vt 0.8432617 0.88671875
vt 0.8120117 0.82714844
vt 0.8154297 0.8442383
vt 0.80371094 0.82470703
vt 0.8105469 0.81103516
vt 0.7949219 0.82177734
vt 0.7993164 0.80908203
vt 0.7895508 0.8076172
vt 0.8027344 0.86572266
vt 0.8041992 0.84033203
vt 0.796875 0.83740234
vt 0.8149414 0.8730469
vt 0.7895508 0.8354492
vt 0.7861328 0.8198242
vt 0.7817383 0.8330078
vt 0.77685547 0.8178711
vt 0.7788086 0.80615234
vt 0.76660156 0.8051758
vt 0.7729492 0.8305664
vt 0.7651367 0.81591797
vt 0.7451172 0.80566406
vt 0.7626953 0.8286133
vt 0.74365234 0.8276367
vt 0.72216797 0.80615234
vt 0.7573242 0.8383789
vt 0.76660156 0.84521484
vt 0.7739258 0.85058594
vt 0.72265625 0.8286133
vt 0.703125 0.80615234
vt 0.7421875 0.8432617
vt 0.7504883 0.8496094
vt 0.7578125 0.8564453
vt 0.77978516 0.8540039
vt 0.70410156 0.8310547
vt 0.7080078 0.8496094
vt 0.72558594 0.8461914
vt 0.68603516 0.80566406
vt 0.6855469 0.8330078
vt 0.66845703 0.8051758
vt 0.66748047 0.83496094
vt 0.6879883 0.8535156
vt 0.6689453 0.85546875
vt 0.67089844 0.8691406
vt 0.69140625 0.8666992
vt 0.6743164 0.8823242
vt 0.7294922 0.85839844
vt 0.74316406 0.85791016
vt 0.6904297 0.87890625
vt 0.7026367 0.87060547
vt 0.7133789 0.86572266
vt 0.69091797 0.89501953
vt 0.68115234 0.9003906
vt 0.7006836 0.9111328
vt 0.69140625 0.91796875
vt 0.7114258 0.9238281
vt 0.703125 0.9316406
vt 0.7128906 0.9404297
vt 0.72021484 0.9316406
vt 0.72314453 0.9472656
vt 0.71875 0.91552734
vt 0.7089844 0.9038086
vt 0.69970703 0.88964844
vt 0.70166016 0.8798828
vt 0.7290039 0.9370117
vt 0.73583984 0.95410156
vt 0.7128906 0.87939453
vt 0.7060547 0.8852539
vt 0.7167969 0.89697266
vt 0.7192383 0.8754883
vt 0.7265625 0.92285156
vt 0.72509766 0.9082031
vt 0.7319336 0.9008789
vt 0.72314453 0.8901367
vt 0.7294922 0.9145508
vt 0.73339844 0.86572266
vt 0.72802734 0.88623047
vt 0.7504883 0.8652344
vt 0.7402344 0.8754883
vt 0.7363281 0.8959961
vt 0.7651367 0.8623047
vt 0.7480469 0.8833008
vt 0.7553711 0.88916016
vt 0.74365234 0.9038086
vt 0.7573242 0.8720703
vt 0.76416016 0.8769531
vt 0.77197266 0.86572266
vt 0.7861328 0.8569336
vt 0.7783203 0.87060547
vt 0.7919922 0.8598633
vt 0.7709961 0.88183594
vt 0.78222656 0.8745117
vt 0.79296875 0.88134766
vt 0.77490234 0.8857422
vt 0.7680664 0.89208984
vt 0.7709961 0.89208984
vt 0.76464844 0.89404297
vt 0.76220703 0.89697266
vt 0.7607422 0.9003906
vt 0.77490234 0.8930664
vt 0.7788086 0.89501953
vt 0.7607422 0.9038086
vt 0.7548828 0.9160156
vt 0.76220703 0.90722656
vt 0.7651367 0.91064453
vt 0.7685547 0.9135742
vt 0.76660156 0.9243164
vt 0.78564453 0.8925781
vt 0.78271484 0.89746094
vt 0.78564453 0.9003906
vt 0.79345703 0.89746094
vt 0.78759766 0.9042969
vt 0.7729492 0.91552734
vt 0.77734375 0.9169922
vt 0.8071289 0.890625
vt 0.8017578 0.90283203
vt 0.7890625 0.9086914
vt 0.8222656 0.89746094
vt 0.8378906 0.9033203
vt 0.8432617 0.88671875
vt 0.8178711 0.9111328
vt 0.8339844 0.9165039
vt 0.8378906 0.9033203
vt 0.7993164 0.91064453
vt 0.796875 0.91748047
vt 0.78808594 0.91308594
vt 0.78564453 0.91552734
vt 0.8144531 0.92285156
vt 0.7939453 0.92285156
vt 0.83154297 0.9272461
vt 0.8339844 0.9165039
vt 0.82910156 0.94189453
vt 0.8100586 0.9375
vt 0.82666016 0.9614258
vt 0.7890625 0.93066406
vt 0.78125 0.9169922
vt 0.80371094 0.9580078
vt 0.82470703 0.98291016
vt 0.79833984 0.9790039
vt 0.7807617 0.9506836
vt 0.7734375 0.9711914
vt 0.7602539 0.9663086
vt 0.77734375 0.92822266
vt 0.76953125 0.9453125
vt 0.7475586 0.9604492
vt 0.7583008 0.9394531
vt 0.74658203 0.9326172
vt 0.7421875 0.9433594
vt 0.734375 0.9277344
vt 0.74365234 0.92041016
vt 0.734375 0.921875
vt 0.73828125 0.90966797
vt 0.90185547 0.8286133
vt 0.8886719 0.8222656
vt 0.89453125 0.84472656
vt 0.92333984 0.8413086
vt 0.91503906 0.8613281
vt 0.9458008 0.85595703
vt 0.8911133 0.86328125
vt 0.9350586 0.8769531
vt 0.9663086 0.8701172
vt 0.90478516 0.8754883
vt 0.9536133 0.8911133
vt 0.98583984 0.8847656
vt 0.97265625 0.9057617
vt 0.89453125 0.88964844
vt 0.88134766 0.8798828
vt 0.92333984 0.89160156
vt 0.9404297 0.90771484
vt 0.95751953 0.92333984
vt 0.9116211 0.90625
vt 0.9272461 0.9238281
vt 0.94189453 0.94091797
vt 0.90478516 0.9399414
vt 0.9165039 0.9604492
vt 0.87890625 0.9082031
vt 0.87353516 0.9038086
vt 0.8647461 0.90722656
vt 0.89160156 0.9213867
vt 0.87890625 0.95214844
vt 0.88623047 0.9741211
vt 0.87158203 0.9316406
vt 0.8588867 0.91552734
vt 0.8569336 0.9038086
vt 0.8564453 0.9580078
vt 0.8564453 0.9814453
vt 0.85595703 0.9433594
vt 0.82666016 0.9614258
vt 0.82470703 0.98291016
vt 0.82910156 0.94189453
vt 0.83154297 0.9272461
vt 0.85595703 0.9296875
vt 0.8339844 0.9165039
vt 0.8378906 0.9033203
vt 0.8432617 0.88671875
vt 0.8178711 0.9111328
vt 0.8339844 0.9165039
vt 0.83154297 0.9272461
vt 0.8144531 0.92285156
vt 0.82910156 0.94189453
vt 0.8100586 0.9375
vt 0.82666016 0.9614258
vt 0.80371094 0.9580078
vt 0.82470703 0.98291016
vt 0.79833984 0.9790039
vt 0.7807617 0.9506836
vt 0.7734375 0.9711914
vt 0.7602539 0.9663086
vt 0.7890625 0.93066406
vt 0.76953125 0.9453125
vt 0.7475586 0.9604492
vt 0.7939453 0.92285156
vt 0.77734375 0.92822266
vt 0.76660156 0.9243164
vt 0.7583008 0.9394531
vt 0.7421875 0.9433594
vt 0.73583984 0.95410156
vt 0.74658203 0.9326172
vt 0.7548828 0.9160156
vt 0.74365234 0.92041016
vt 0.7290039 0.9370117
vt 0.72314453 0.9472656
vt 0.734375 0.9277344
vt 0.72021484 0.9316406
vt 0.7128906 0.9404297
vt 0.7265625 0.92285156
vt 0.7114258 0.9238281
vt 0.703125 0.9316406
vt 0.69140625 0.91796875
vt 0.71875 0.91552734
vt 0.7006836 0.9111328
vt 0.68115234 0.9003906
vt 0.734375 0.921875
vt 0.7294922 0.9145508
vt 0.69091797 0.89501953
vt 0.6743164 0.8823242
vt 0.7089844 0.9038086
vt 0.73828125 0.90966797
vt 0.7319336 0.9008789
vt 0.72509766 0.9082031
vt 0.7167969 0.89697266
vt 0.69970703 0.88964844
vt 0.6904297 0.87890625
vt 0.74365234 0.9038086
vt 0.69140625 0.8666992
vt 0.67089844 0.8691406
vt 0.6879883 0.8535156
vt 0.6689453 0.85546875
vt 0.7080078 0.8496094
vt 0.7026367 0.87060547
vt 0.66748047 0.83496094
vt 0.6855469 0.8330078
vt 0.66845703 0.8051758
vt 0.68603516 0.80566406
vt 0.70410156 0.8310547
vt 0.703125 0.80615234
vt 0.72265625 0.8286133
vt 0.72216797 0.80615234
vt 0.70166016 0.8798828
vt 0.7060547 0.8852539
vt 0.7128906 0.87939453
vt 0.7133789 0.86572266
vt 0.72314453 0.8901367
vt 0.7192383 0.8754883
vt 0.7294922 0.85839844
vt 0.72802734 0.88623047
vt 0.72558594 0.8461914
vt 0.7421875 0.8432617
vt 0.73339844 0.86572266
vt 0.7363281 0.8959961
vt 0.7553711 0.88916016
vt 0.7607422 0.9003906
vt 0.7607422 0.9038086
vt 0.76220703 0.89697266
vt 0.76464844 0.89404297
vt 0.76220703 0.90722656
vt 0.7651367 0.91064453
vt 0.7685547 0.9135742
vt 0.7680664 0.89208984
vt 0.7729492 0.91552734
vt 0.77734375 0.9169922
vt 0.78125 0.9169922
vt 0.78564453 0.91552734
vt 0.796875 0.91748047
vt 0.78808594 0.91308594
vt 0.7890625 0.9086914
vt 0.7993164 0.91064453
vt 0.8017578 0.90283203
vt 0.78759766 0.9042969
vt 0.79345703 0.89746094
vt 0.78564453 0.9003906
vt 0.8071289 0.890625
vt 0.78564453 0.8925781
vt 0.78271484 0.89746094
vt 0.7788086 0.89501953
vt 0.79296875 0.88134766
vt 0.77490234 0.8857422
vt 0.77490234 0.8930664
vt 0.7709961 0.89208984
vt 0.8222656 0.89746094
vt 0.8339844 0.9165039
vt 0.8378906 0.9033203
vt 0.7709961 0.88183594
vt 0.8149414 0.8730469
vt 0.78222656 0.8745117
vt 0.828125 0.8803711
vt 0.8378906 0.9033203
vt 0.8432617 0.88671875
vt 0.8027344 0.86572266
vt 0.8256836 0.8486328
vt 0.8383789 0.85498047
vt 0.8432617 0.88671875
vt 0.8540039 0.86279297
vt 0.84375 0.84033203
vt 0.83154297 0.83447266
vt 0.8520508 0.82421875
vt 0.83935547 0.8198242
vt 0.8203125 0.81347656
vt 0.8154297 0.8442383
vt 0.8120117 0.82714844
vt 0.8041992 0.84033203
vt 0.7919922 0.8598633
vt 0.80371094 0.82470703
vt 0.8105469 0.81103516
vt 0.7783203 0.87060547
vt 0.7861328 0.8569336
vt 0.796875 0.83740234
vt 0.7949219 0.82177734
vt 0.7993164 0.80908203
vt 0.7895508 0.8076172
vt 0.76416016 0.8769531
vt 0.7895508 0.8354492
vt 0.77978516 0.8540039
vt 0.77197266 0.86572266
vt 0.7651367 0.8623047
vt 0.7480469 0.8833008
vt 0.7739258 0.85058594
vt 0.7817383 0.8330078
vt 0.7573242 0.8720703
vt 0.7402344 0.8754883
vt 0.7504883 0.8652344
vt 0.7578125 0.8564453
vt 0.74316406 0.85791016
vt 0.76660156 0.84521484
vt 0.7504883 0.8496094
vt 0.7573242 0.8383789
vt 0.7729492 0.8305664
vt 0.74365234 0.8276367
vt 0.7451172 0.80566406
vt 0.7626953 0.8286133
vt 0.7651367 0.81591797
vt 0.76660156 0.8051758
vt 0.77685547 0.8178711
vt 0.7788086 0.80615234
vt 0.7861328 0.8198242
vt 0.68603516 0.80566406
vt 0.66845703 0.8051758
vt 0.6699219 0.7890625
vt 0.69433594 0.7890625
vt 0.703125 0.80615234
vt 0.72216797 0.79003906
vt 0.72216797 0.80615234
vt 0.7451172 0.80566406
vt 0.7451172 0.7910156
vt 0.76660156 0.7939453
vt 0.76660156 0.8051758
vt 0.7788086 0.80615234
vt 0.79052734 0.7963867
vt 0.7895508 0.8076172
vt 0.8017578 0.79833984
vt 0.7993164 0.80908203
vt 0.8105469 0.81103516
vt 0.8149414 0.80078125
vt 0.82714844 0.8022461
vt 0.8203125 0.81347656
vt 0.83935547 0.8198242
vt 0.8461914 0.8071289
vt 0.8520508 0.82421875
vt 0.8588867 0.8100586
vt 0.8696289 0.83203125
vt 0.86035156 0.8491211
vt 0.84375 0.84033203
vt 0.87890625 0.8178711
vt 0.90185547 0.8286133
vt 0.8935547 0.8457031
vt 0.92333984 0.8413086
vt 0.91503906 0.8613281
vt 0.9458008 0.85595703
vt 0.8847656 0.86083984
vt 0.87597656 0.8754883
vt 0.90478516 0.8754883
vt 0.9350586 0.8769531
vt 0.9663086 0.8701172
vt 0.9536133 0.8911133
vt 0.98583984 0.8847656
vt 0.97265625 0.9057617
vt 0.92333984 0.89160156
vt 0.9404297 0.90771484
vt 0.95751953 0.92333984
vt 0.89453125 0.88964844
vt 0.9272461 0.9238281
vt 0.94189453 0.94091797
vt 0.90478516 0.9399414
vt 0.9165039 0.9604492
vt 0.87890625 0.95214844
vt 0.88623047 0.9741211
vt 0.9116211 0.90625
vt 0.8564453 0.9580078
vt 0.8564453 0.9814453
vt 0.82666016 0.9614258
vt 0.82470703 0.98291016
vt 0.85595703 0.9433594
vt 0.82910156 0.94189453
vt 0.83154297 0.9272461
vt 0.85595703 0.9296875
vt 0.8339844 0.9165039
vt 0.86621094 0.9350586
vt 0.87402344 0.93847656
vt 0.88427734 0.9404297
vt 0.86279297 0.9277344
vt 0.88964844 0.93066406
vt 0.8588867 0.91552734
vt 0.8691406 0.9160156
vt 0.8378906 0.9033203
vt 0.87158203 0.90234375
vt 0.89160156 0.9213867
vt 0.8852539 0.91259766
vt 0.8774414 0.9013672
vt 0.8652344 0.89697266
vt 0.8432617 0.88671875
vt 0.8540039 0.86279297
vt 0.8383789 0.85498047
vt 0.84375 0.84033203
vt 0.61083984 0.8227539
vt 0.6010742 0.83691406
vt 0.6010742 0.83154297
vt 0.6010742 0.8251953
vt 0.6010742 0.8154297
vt 0.62060547 0.79003906
vt 0.6010742 0.7832031
vt 0.6274414 0.7519531
vt 0.6010742 0.7451172
vt 0.6323242 0.71191406
vt 0.6010742 0.70654297
vt 0.6010742 0.66748047
vt 0.6323242 0.67041016
vt 0.6010742 0.6303711
vt 0.63134766 0.6298828
vt 0.6010742 0.6040039
vt 0.6152344 0.5942383
vt 0.6230469 0.59277344
vt 0.61083984 0.8227539
vt 0.6010742 0.83154297
vt 0.6010742 0.83691406
vt 0.6010742 0.8251953
vt 0.6010742 0.8154297
vt 0.62060547 0.79003906
vt 0.6010742 0.7832031
vt 0.6274414 0.7519531
vt 0.6010742 0.7451172
vt 0.6323242 0.71191406
vt 0.6010742 0.70654297
vt 0.6010742 0.66748047
vt 0.6323242 0.67041016
vt 0.6010742 0.6303711
vt 0.63134766 0.6298828
vt 0.6230469 0.59277344
vt 0.6010742 0.59716797
vt 0.5263672 0.62402344
vt 0.5131836 0.66015625
vt 0.5161133 0.62402344
vt 0.5214844 0.66015625
vt 0.5151367 0.69921875
vt 0.52783203 0.66015625
vt 0.5332031 0.62402344
vt 0.52001953 0.69921875
vt 0.5239258 0.74072266
vt 0.5239258 0.69921875
vt 0.5336914 0.66015625
vt 0.5390625 0.62402344
vt 0.52978516 0.69921875
vt 0.5449219 0.62402344
vt 0.54541016 0.5864258
vt 0.55371094 0.62402344
vt 0.55810547 0.5864258
vt 0.5620117 0.62402344
vt 0.5703125 0.5864258
vt 0.5776367 0.62402344
vt 0.55029297 0.66015625
vt 0.56103516 0.66015625
vt 0.55908203 0.69921875
vt 0.5805664 0.66015625
vt 0.5805664 0.69921875
vt 0.58154297 0.74072266
vt 0.5395508 0.66015625
vt 0.53515625 0.69921875
vt 0.546875 0.69921875
vt 0.52978516 0.74072266
vt 0.53515625 0.74072266
vt 0.5473633 0.74072266
vt 0.5595703 0.74072266
vt 0.53564453 0.7817383
vt 0.53125 0.7817383
vt 0.54003906 0.7817383
vt 0.5629883 0.7817383
vt 0.58203125 0.7817383
vt 0.55126953 0.7817383
vt 0.546875 0.8208008
vt 0.5439453 0.8208008
vt 0.5498047 0.8208008
vt 0.5698242 0.8208008
vt 0.58203125 0.8208008
vt 0.58154297 0.8544922
vt 0.5600586 0.8208008
vt 0.5595703 0.8544922
vt 0.5571289 0.8544922
vt 0.56933594 0.8696289
vt 0.5620117 0.8544922
vt 0.57177734 0.8544922
vt 0.57128906 0.86865234
vt 0.5732422 0.8745117
vt 0.5732422 0.86816406
vt 0.5751953 0.87353516
vt 0.5805664 0.8803711
vt 0.5805664 0.8779297
vt 0.57714844 0.8725586
vt 0.5805664 0.8754883
vt 0.57958984 0.86376953
vt 0.5810547 0.8647461
vt 0.5776367 0.8613281
vt 0.5649414 0.5864258
vt 0.5776367 0.62402344
vt 0.5703125 0.5864258
vt 0.5620117 0.62402344
vt 0.55908203 0.60595703
vt 0.55371094 0.62402344
vt 0.56103516 0.66015625
vt 0.5805664 0.66015625
vt 0.55908203 0.69921875
vt 0.5805664 0.69921875
vt 0.58154297 0.74072266
vt 0.55029297 0.66015625
vt 0.5449219 0.62402344
vt 0.5395508 0.66015625
vt 0.5336914 0.66015625
vt 0.546875 0.69921875
vt 0.53515625 0.69921875
vt 0.52978516 0.69921875
vt 0.52783203 0.66015625
vt 0.5595703 0.74072266
vt 0.5473633 0.74072266
vt 0.53515625 0.74072266
vt 0.5629883 0.7817383
vt 0.58203125 0.7817383
vt 0.52978516 0.74072266
vt 0.54003906 0.7817383
vt 0.55126953 0.7817383
vt 0.5698242 0.8208008
vt 0.58203125 0.8208008
vt 0.58154297 0.8544922
vt 0.5600586 0.8208008
vt 0.5498047 0.8208008
vt 0.53564453 0.7817383
vt 0.5239258 0.74072266
vt 0.57177734 0.8544922
vt 0.5620117 0.8544922
vt 0.546875 0.8208008
vt 0.53125 0.7817383
vt 0.5439453 0.8208008
vt 0.5595703 0.8544922
vt 0.5571289 0.8544922
vt 0.56933594 0.8696289
vt 0.57128906 0.86865234
vt 0.5732422 0.8745117
vt 0.5732422 0.86816406
vt 0.5751953 0.87353516
vt 0.5805664 0.8803711
vt 0.5805664 0.8779297
vt 0.57714844 0.8725586
vt 0.5805664 0.8754883
vt 0.57958984 0.86376953
vt 0.5810547 0.8647461
vt 0.5776367 0.8613281
vt 0.5234375 0.6464844
vt 0.515625 0.63183594
vt 0.5131836 0.66015625
vt 0.5214844 0.66015625
vt 0.5151367 0.69921875
vt 0.5239258 0.69921875
vt 0.52001953 0.69921875
vt 0.61083984 0.8227539
vt 0.6010742 0.83691406
vt 0.6010742 0.83154297
vt 0.6010742 0.8251953
vt 0.6010742 0.8154297
vt 0.62060547 0.79003906
vt 0.6010742 0.7832031
vt 0.6274414 0.7519531
vt 0.6010742 0.7451172
vt 0.6323242 0.71191406
vt 0.6010742 0.70654297
vt 0.6010742 0.66748047
vt 0.6323242 0.67041016
vt 0.6010742 0.6303711
vt 0.63134766 0.6298828
vt 0.6230469 0.59277344
vt 0.6010742 0.59716797
vt 0.6010742 0.56347656
vt 0.5683594 0.58691406
vt 0.5629883 0.58691406
vt 0.5546875 0.5864258
vt 0.5649414 0.5864258
vt 0.578125 0.58691406
vt 0.57177734 0.58691406
vt 0.5761719 0.5864258
vt 0.5517578 0.5864258
vt 0.54541016 0.5864258
vt 0.5463867 0.5864258
vt 0.5395508 0.5864258
vt 0.61083984 0.8227539
vt 0.6010742 0.83154297
vt 0.6010742 0.83691406
vt 0.6010742 0.8251953
vt 0.6010742 0.8154297
vt 0.62060547 0.79003906
vt 0.6010742 0.7832031
vt 0.6274414 0.7519531
vt 0.6010742 0.7451172
vt 0.6323242 0.71191406
vt 0.6010742 0.70654297
vt 0.6010742 0.66748047
vt 0.6323242 0.67041016
vt 0.6010742 0.6303711
vt 0.63134766 0.6298828
vt 0.6230469 0.59277344
vt 0.6010742 0.59716797
vt 0.6010742 0.56347656
vt 0.54541016 0.5864258
vt 0.55371094 0.5864258
vt 0.5546875 0.5864258
vt 0.5493164 0.62402344
vt 0.5649414 0.5864258
vt 0.5390625 0.62402344
vt 0.5395508 0.5864258
vt 0.5620117 0.62402344
vt 0.5761719 0.5864258
vt 0.5776367 0.62402344
vt 0.5449219 0.66015625
vt 0.56103516 0.66015625
vt 0.55908203 0.69921875
vt 0.5805664 0.66015625
vt 0.5805664 0.69921875
vt 0.58154297 0.74072266
vt 0.5332031 0.62402344
vt 0.5332031 0.5864258
vt 0.5336914 0.66015625
vt 0.5263672 0.62402344
vt 0.5234375 0.5864258
vt 0.5161133 0.62402344
vt 0.5131836 0.66015625
vt 0.52783203 0.66015625
vt 0.5214844 0.66015625
vt 0.5151367 0.69921875
vt 0.5410156 0.69921875
vt 0.52978516 0.69921875
vt 0.52001953 0.69921875
vt 0.5239258 0.74072266
vt 0.5239258 0.69921875
vt 0.52978516 0.74072266
vt 0.5410156 0.74072266
vt 0.53564453 0.7817383
vt 0.53125 0.7817383
vt 0.5595703 0.74072266
vt 0.54589844 0.7817383
vt 0.5629883 0.7817383
vt 0.58203125 0.7817383
vt 0.546875 0.8208008
vt 0.5439453 0.8208008
vt 0.5546875 0.8208008
vt 0.5698242 0.8208008
vt 0.58203125 0.8208008
vt 0.58154297 0.8544922
vt 0.56689453 0.8544922
vt 0.5595703 0.8544922
vt 0.5571289 0.8544922
vt 0.56933594 0.8696289
vt 0.57128906 0.86865234
vt 0.5732422 0.8745117
vt 0.5756836 0.8647461
vt 0.5751953 0.87353516
vt 0.5805664 0.8803711
vt 0.5805664 0.8779297
vt 0.578125 0.86816406
vt 0.5810547 0.8701172
vt 0.56884766 0.58691406
vt 0.578125 0.58691406
vt 0.5649414 0.5864258
vt 0.5761719 0.5864258
vt 0.7651367 0.91064453
vt 0.77197266 0.9091797
vt 0.7729492 0.91552734
vt 0.76904297 0.9067383
vt 0.76220703 0.90722656
vt 0.7607422 0.9038086
vt 0.77490234 0.90527344
vt 0.7680664 0.90283203
vt 0.7758789 0.9111328
vt 0.7607422 0.9003906
vt 0.77734375 0.9169922
vt 0.76220703 0.89697266
vt 0.78125 0.9169922
vt 0.77001953 0.89990234
vt 0.76464844 0.89404297
vt 0.7680664 0.89208984
vt 0.77978516 0.91064453
vt 0.78564453 0.91552734
vt 0.78808594 0.91308594
vt 0.7729492 0.8989258
vt 0.7709961 0.89208984
vt 0.77490234 0.8930664
vt 0.7817383 0.90722656
vt 0.7890625 0.9086914
vt 0.78759766 0.9042969
vt 0.77685547 0.9003906
vt 0.7788086 0.89501953
vt 0.78271484 0.89746094
vt 0.78027344 0.9033203
vt 0.78564453 0.9003906
vt 0.7651367 0.91064453
vt 0.77197266 0.9091797
vt 0.7729492 0.91552734
vt 0.76904297 0.9067383
vt 0.76220703 0.90722656
vt 0.7607422 0.9038086
vt 0.77490234 0.90527344
vt 0.7680664 0.90283203
vt 0.7758789 0.9111328
vt 0.7607422 0.9003906
vt 0.77734375 0.9169922
vt 0.76220703 0.89697266
vt 0.78125 0.9169922
vt 0.77001953 0.89990234
vt 0.76464844 0.89404297
vt 0.7680664 0.89208984
vt 0.77978516 0.91064453
vt 0.78564453 0.91552734
vt 0.78808594 0.91308594
vt 0.7729492 0.8989258
vt 0.7709961 0.89208984
vt 0.77490234 0.8930664
vt 0.7817383 0.90722656
vt 0.7890625 0.9086914
vt 0.78759766 0.9042969
vt 0.77685547 0.9003906
vt 0.7788086 0.89501953
vt 0.78271484 0.89746094
vt 0.78027344 0.9033203
vt 0.78564453 0.9003906
vt 0.5805664 0.8803711
vt 0.5805664 0.8779297
vt 0.5751953 0.87353516
vt 0.5732422 0.8745117
vt 0.578125 0.86816406
vt 0.5810547 0.8701172
vt 0.58154297 0.8544922
vt 0.57128906 0.86865234
vt 0.56933594 0.8696289
vt 0.5756836 0.8647461
vt 0.5595703 0.8544922
vt 0.5571289 0.8544922
vt 0.5439453 0.8208008
vt 0.56689453 0.8544922
vt 0.546875 0.8208008
vt 0.53125 0.7817383
vt 0.5698242 0.8208008
vt 0.58203125 0.8208008
vt 0.58203125 0.7817383
vt 0.53564453 0.7817383
vt 0.5239258 0.74072266
vt 0.5546875 0.8208008
vt 0.5629883 0.7817383
vt 0.58154297 0.74072266
vt 0.54589844 0.7817383
vt 0.5595703 0.74072266
vt 0.55908203 0.69921875
vt 0.5805664 0.69921875
vt 0.5805664 0.66015625
vt 0.52978516 0.74072266
vt 0.5410156 0.74072266
vt 0.5410156 0.69921875
vt 0.56103516 0.66015625
vt 0.5776367 0.62402344
vt 0.5449219 0.66015625
vt 0.5620117 0.62402344
vt 0.5761719 0.5864258
vt 0.5649414 0.5864258
vt 0.5493164 0.62402344
vt 0.5546875 0.5864258
vt 0.54541016 0.5864258
vt 0.5390625 0.62402344
vt 0.5395508 0.5864258
vt 0.52978516 0.69921875
vt 0.5336914 0.66015625
vt 0.5332031 0.62402344
vt 0.5332031 0.5864258
vt 0.52783203 0.66015625
vt 0.5263672 0.62402344
vt 0.5234375 0.5864258
vt 0.5161133 0.62402344
vt 0.5131836 0.66015625
vt 0.5214844 0.66015625
vt 0.5151367 0.69921875
vt 0.5239258 0.69921875
vt 0.52001953 0.69921875
vt 0.9633789 0.96972656
vt 0.9633789 0.96972656
vt 0.97021484 0.9770508
vt 0.9604492 0.97265625
vt 0.9604492 0.97265625
vt 0.9633789 0.96972656
vt 0.97021484 0.9770508
vt 0.9633789 0.96972656
vt 0.9604492 0.97265625
vt 0.9604492 0.97265625
vt 0.66552734 0.51123047
vt 0.6699219 0.5151367
vt 0.6767578 0.5083008
vt 0.67285156 0.50390625
vt 0.68359375 0.50097656
vt 0.6616211 0.5151367
vt 0.66748047 0.5175781
vt 0.6582031 0.5185547
vt 0.66064453 0.52441406
vt 0.6801758 0.49658203
vt 0.6933594 0.49145508
vt 0.60009766 0.515625
vt 0.6064453 0.49658203
vt 0.57666016 0.5185547
vt 0.5942383 0.5336914
vt 0.5966797 0.54052734
vt 0.59472656 0.53222656
vt 0.61816406 0.48217773
vt 0.57177734 0.5410156
vt 0.57373047 0.5473633
vt 0.5722656 0.5390625
vt 0.6357422 0.46240234
vt 0.54003906 0.54833984
vt 0.53125 0.55615234
vt 0.5439453 0.54541016
vt 0.5498047 0.5214844
vt 0.5439453 0.51953125
vt 0.5522461 0.5214844
vt 0.5566406 0.4970703
vt 0.55029297 0.49487305
vt 0.55908203 0.4970703
vt 0.56640625 0.48217773
vt 0.5620117 0.47924805
vt 0.58203125 0.4970703
vt 0.5678711 0.48291016
vt 0.5673828 0.46850586
vt 0.5625 0.4650879
vt 0.5834961 0.4897461
vt 0.56884766 0.46972656
vt 0.58154297 0.4501953
vt 0.57958984 0.44873047
vt 0.5751953 0.4465332
vt 0.5859375 0.4819336
vt 0.5957031 0.4272461
vt 0.59228516 0.4243164
vt 0.60009766 0.4658203
vt 0.6166992 0.40478516
vt 0.61279297 0.4008789
vt 0.6176758 0.44628906
vt 0.59814453 0.42919922
vt 0.6538086 0.44335938
vt 0.63720703 0.42626953
vt 0.6191406 0.40673828
vt 0.6230469 0.3984375
vt 0.62060547 0.39257812
vt 0.63916016 0.4243164
vt 0.6245117 0.4008789
vt 0.6489258 0.40185547
vt 0.64746094 0.39575195
vt 0.6489258 0.40356445
vt 0.6513672 0.42016602
vt 0.6738281 0.43725586
vt 0.6694336 0.3935547
vt 0.66796875 0.38867188
vt 0.67089844 0.41723633
vt 0.6699219 0.39575195
vt 0.6875 0.48901367
vt 0.7192383 0.4284668
vt 0.69189453 0.38745117
vt 0.6904297 0.38183594
vt 0.69189453 0.38989258
vt 0.6933594 0.43164062
vt 0.71240234 0.4260254
vt 0.7246094 0.41137695
vt 0.7265625 0.38232422
vt 0.734375 0.375
vt 0.7182617 0.40966797
vt 0.72265625 0.3852539
vt 0.7158203 0.4099121
vt 0.6928711 0.41259766
vt 0.7104492 0.4267578
vn -0.8090635 0.40912744 -0.42193717
vn 0.2583681 0.9413542 -0.2170211
vn 0.053795066 -0.40761274 0.9115689
vn 0.80906737 0.40911677 -0.42194015
vn -0.053763688 -0.40762168 0.9115668
vn -0.2584097 0.94134325 -0.21701919
vn 0.59657574 0.8025473 -0.0039100964
vn -0.6769525 0.36899322 -0.63685113
vn -0.5627596 -0.08108563 -0.8226341
vn 0.9654478 0.20022298 0.16679686
vn 0.59657574 0.8025473 -0.0039100964
vn 0.98438317 0.06535056 0.16345987
vn 0.98046446 0.14626859 0.1315106
vn 0.14424141 -0.50536954 -0.8507621
vn 0.2742267 -0.6604138 -0.6990373
vn 0.99200237 -0.09722615 0.08048933
vn 0.9250792 0.37956858 0.0124933375
vn 0.98046446 0.14626859 0.1315106
vn 0.9375692 0.122548714 -0.3254932
vn 0.9328389 0.3602514 -0.005531325
vn 0.94643664 0.31910288 0.0493055
vn 0.9328389 0.3602514 -0.005531325
vn 0.9570456 0.28976962 0.009870382
vn 0.9441451 0.3259208 -0.04863778
vn 0.9441451 0.3259208 -0.04863778
vn 0.9716394 0.21288137 -0.10294789
vn 0.9474784 0.3111849 -0.07381462
vn 0.8591944 0.34567568 -0.3772178
vn 0.97625583 0.123522066 -0.1779519
vn 0.9043787 0.11448979 -0.41108558
vn 0.8292764 0.28183758 -0.4825644
vn 0.7747945 0.19342445 -0.6018974
vn 0.88553905 -0.13344361 -0.4449869
vn 0.6556589 0.1740655 -0.73471934
vn 0.8190236 -0.18940158 -0.541597
vn 0.6221375 0.05566848 -0.78092635
vn 0.48546648 -0.0838456 -0.87022537
vn 0.55169606 -0.41903508 -0.7211387
vn 0.42846042 -0.40356883 -0.80842674
vn 0.3576005 -0.20966323 -0.9100347
vn 0.22471118 -0.23535663 -0.945575
vn 0.24601178 -0.4979511 -0.8315785
vn 0.109970756 -0.2775674 -0.9543913
vn -0 -0.538393 -0.84269387
vn -0 -0.3067168 -0.9518008
vn -0.021553276 0.999724 -0.009346111
vn -0.5263723 0.41543782 0.74185157
vn 0.091124654 0.92362064 0.37231883
vn 0.31547502 -0.23490155 0.9194003
vn -0 0.9674869 0.252921
vn -0 -0.16995603 0.98545164
vn 0.2753967 0.8284729 0.48763648
vn -0 0.9900239 0.1408998
vn 0.37011006 0.19421034 0.9084607
vn 0.28084403 -0.2206853 0.93403673
vn 0.25682434 0.9560758 0.1412808
vn -0 0.99002343 0.14090273
vn 0.21724825 0.21111827 0.9530122
vn 0.13656718 -0.18193857 0.9737802
vn 0.36793938 0.9155838 0.1622557
vn 0.31325278 0.9391384 0.14103825
vn -0 0.99003243 0.14083971
vn 0.10142362 0.2711365 0.9571824
vn 0.01015653 -0.14401977 0.98952264
vn -0.95361114 0.29729047 -0.047372997
vn -0.06751996 0.9799336 0.18753956
vn 0.2917051 0.93607825 0.19663571
vn 0.31220922 0.9322913 0.18264283
vn 0.38303125 0.91009265 0.15817206
vn 0.26795807 0.9530524 0.14103024
vn -0 0.99960905 0.027960466
vn 0.3976107 0.90452504 0.154078
vn 0.3743522 0.9062511 -0.19639096
vn 0.5431299 -0.03600123 -0.8388765
vn -0 0.114589944 -0.9934129
vn 0.59229213 -0.044441283 -0.8044968
vn 0.6675958 0.35021964 -0.65701
vn 0.46291962 0.0059068985 -0.88638055
vn 0.33104405 0.9283598 0.168991
vn 0.55093634 0.38969418 -0.7379753
vn -0.06976117 0.99471647 0.07531631
vn 0.4007821 0.4725939 -0.784875
vn 0.29320383 0.060772207 -0.95411646
vn -0.928026 0.28411916 -0.24092339
vn -0.068283275 0.98901075 0.13113059
vn -0.9441965 0.29166988 -0.15304123
vn -0.928026 0.28411916 -0.24092339
vn -0.95361114 0.29729047 -0.047372997
vn -0 -0.97107905 -0.23875837
vn -0 0.114589944 -0.9934129
vn 0.5431299 -0.03600123 -0.8388765
vn 0.09055785 -0.9150559 -0.3930294
vn -0 -0.99001455 -0.14096573
vn 0.41341624 -0.48115072 -0.77303356
vn 0.59229213 -0.044441283 -0.8044968
vn -0.074720286 -0.9870396 -0.1420198
vn -0 -0.989997 -0.14108862
vn 0.30360278 -0.40924922 -0.8604304
vn 0.46291962 0.0059068985 -0.88638055
vn -0.14697286 -0.9774728 -0.15147899
vn -0.08189691 -0.9863988 -0.14251344
vn -0 -0.99000615 -0.14102414
vn -0.19075882 -0.96730053 -0.16715537
vn -0.13904522 -0.9781684 -0.15444404
vn 0.13980754 -0.37481454 -0.9164976
vn 0.29320383 0.060772207 -0.95411646
vn -0.928026 0.28411916 -0.24092339
vn -0.5531798 -0.7920282 -0.25823164
vn -0.07249114 -0.9872076 -0.14200802
vn -0 -0.99926203 -0.038409315
vn -0.13062878 -0.9788336 -0.15754606
vn -0.17640555 -0.9687047 -0.17462042
vn 0.02400271 -0.98706144 0.15853587
vn -0.16155188 -0.9698835 -0.18228231
vn -0.52924234 -0.8151544 -0.23542677
vn 0.31547502 -0.23490155 0.9194003
vn -0 -0.16995603 0.98545164
vn 0.28084403 -0.2206853 0.93403673
vn 0.16205353 -0.6392853 0.75170004
vn 0.13656718 -0.18193857 0.9737802
vn -0.9441965 0.29166988 -0.15304123
vn -0.928026 0.28411916 -0.24092339
vn -0.95361114 0.29729047 -0.047372997
vn -0.50277734 -0.83825624 -0.21104822
vn 0.04577623 -0.5808217 0.81274265
vn -0.07596014 -0.5652724 0.8213995
vn 0.01015653 -0.14401977 0.98952264
vn -0.95361114 0.29729047 -0.047372997
vn -0.31547502 -0.23490155 0.9194003
vn -0 -0.16995603 0.98545164
vn -0 0.9674869 0.252921
vn -0.27562302 0.82841885 0.48760042
vn -0.36989555 0.19422823 0.90854424
vn -0.28107217 -0.22067468 0.9339707
vn -0.25682434 0.9560758 0.1412808
vn -0 0.9900239 0.1408998
vn -0 0.99002343 0.14090273
vn -0.36815372 0.91549975 0.16224371
vn -0.21748586 0.21110444 0.952961
vn -0.13632669 -0.18194178 0.9738132
vn -0.31325278 0.9391384 0.14103825
vn -0.29191968 0.9360164 0.19661187
vn -0.10142362 0.2711365 0.9571824
vn -0.01015653 -0.14401977 0.98952264
vn 0.95361114 0.29729047 -0.047372997
vn 0.06751996 0.9799336 0.18753956
vn -0.2681908 0.95298785 0.14102444
vn -0 0.99003243 0.14083971
vn -0.38323417 0.91000974 0.15815726
vn -0.3743522 0.9062511 -0.19639096
vn -0 0.99960905 0.027960466
vn -0.5431244 -0.036066838 -0.83887726
vn -0 0.114589944 -0.9934129
vn -0.59196836 -0.04448286 -0.80473274
vn -0.39782518 0.9044329 0.15406606
vn -0.6675958 0.35021964 -0.65701
vn -0.462721 0.005876995 -0.8864845
vn -0.33104405 0.9283598 0.168991
vn -0.31199485 0.93236053 0.1826556
vn -0.5507506 0.38976336 -0.73807734
vn 0.068283275 0.98901075 0.13113059
vn 0.069523074 0.9947331 0.07531667
vn -0.40039882 0.47268713 -0.78501445
vn -0.29296592 0.060772307 -0.9541896
vn 0.9280307 0.28410274 -0.24092464
vn 0.9280307 0.28410274 -0.24092464
vn 0.9441965 0.29166988 -0.15304123
vn 0.95361114 0.29729047 -0.047372997
vn 0.50277734 -0.83825624 -0.21104822
vn 0.95361114 0.29729047 -0.047372997
vn 0.9441965 0.29166988 -0.15304123
vn 0.5294322 -0.8150398 -0.23539661
vn 0.17664395 -0.96866286 -0.17461145
vn 0.9280307 0.28410274 -0.24092464
vn 0.5531798 -0.7920282 -0.25823164
vn 0.16131373 -0.9699209 -0.18229452
vn -0.04577623 -0.5808217 0.81274265
vn 0.07596014 -0.5652724 0.8213995
vn 0.95361114 0.29729047 -0.047372997
vn -0.01015653 -0.14401977 0.98952264
vn -0.13632669 -0.18194178 0.9738132
vn -0.16205353 -0.6392853 0.75170004
vn -0.28107217 -0.22067468 0.9339707
vn 0.13062878 -0.9788336 -0.15754606
vn -0.02400271 -0.98706144 0.15853587
vn -0.31547502 -0.23490155 0.9194003
vn -0 -0.99926203 -0.038409315
vn -0 -0.16995603 0.98545164
vn -0 -0.99000615 -0.14102414
vn 0.07224121 -0.98722494 -0.14201476
vn 0.13904522 -0.9781684 -0.15444404
vn 0.08214157 -0.98637843 -0.14251393
vn -0 -0.989997 -0.14108862
vn -0 -0.99001455 -0.14096573
vn 0.14697286 -0.9774728 -0.15147899
vn 0.074720286 -0.9870396 -0.1420198
vn -0 -0.97107905 -0.23875837
vn -0.090313084 -0.9150756 -0.39303952
vn 0.19075882 -0.96730053 -0.16715537
vn -0.5431244 -0.036066838 -0.83887726
vn -0 0.114589944 -0.9934129
vn -0.4134153 -0.4811735 -0.7730199
vn -0.59196836 -0.04448286 -0.80473274
vn -0.30360278 -0.40924922 -0.8604304
vn -0.462721 0.005876995 -0.8864845
vn -0.1395228 -0.37484053 -0.9165303
vn 0.9280307 0.28410274 -0.24092464
vn -0.29296592 0.060772307 -0.9541896
vn -0.08560852 -0.9471713 -0.30909187
vn 0.3417037 -0.53329355 -0.7738453
vn 0.6698103 -0.6250371 -0.40085253
vn -0.105154514 0.3728867 -0.9218992
vn -0.15612927 -0.5443604 -0.8241938
vn -0.065580085 -0.9747005 -0.2136777
vn 0.58102125 0.062941976 -0.8114509
vn 0.65005565 -0.7324302 -0.20241968
vn 0.7762675 -0.6141477 -0.14223623
vn 0.7708364 -0.31509617 -0.5536475
vn 0.6814263 -0.38414118 -0.62297183
vn 0.50595635 -0.84744877 -0.16074443
vn 0.7992682 -0.59165484 0.10542787
vn 0.55923307 -0.35190484 -0.75061405
vn 0.66879034 -0.15602165 -0.7268953
vn 0.3417037 -0.53329355 -0.7738453
vn 0.38250616 -0.15277836 -0.9112342
vn 0.4560497 -0.88351226 -0.10688648
vn 0.39517987 -0.90542084 0.15506788
vn 0.32755208 0.3051764 -0.8941907
vn 0.025224049 0.92008185 0.39091316
vn -0.094508655 -0.3921489 -0.915034
vn -0.105154514 0.3728867 -0.9218992
vn -0.060619254 0.072479054 -0.995526
vn -0.5651236 -0.17623904 -0.8059622
vn 0.22116001 0.315858 -0.9226711
vn 0.07868131 0.169373 -0.98240626
vn -0.5540154 -0.49209785 -0.67149585
vn -0 0.73053426 -0.6828761
vn 0.5012958 0.40588135 -0.7641746
vn 0.39025363 0.87552243 -0.28489053
vn -0.09995875 0.92164713 -0.3749332
vn -0.39642107 0.7225082 -0.56642056
vn -0.69351125 0.32005274 -0.6454521
vn -0.25089946 -0.017929053 -0.96784705
vn -0.26497865 -0.09841927 -0.95921844
vn 0.8981536 0.43945366 -0.01416208
vn -0.14967786 0.7766655 -0.611872
vn -0.6688386 0.4699728 0.5760039
vn -0.7745794 -0.19912852 -0.6003122
vn -0.74877113 0.291059 -0.5955051
vn -0.56137836 -0.56400096 -0.6056048
vn -0.6853422 0.6744229 -0.2746995
vn -0.6482388 0.74346006 -0.16447958
vn -0.21427868 0.9201306 -0.32778695
vn 0.106416285 0.93240035 0.34540588
vn -0.592257 0.7308684 0.33920917
vn -0.7666217 0.5783161 0.27900127
vn -0.81661665 0.48750958 -0.30898497
vn -0.9221465 0.017928904 -0.3864251
vn -0.46333373 0.7736057 0.43226844
vn -0.73599815 0.40130618 0.5452156
vn -0.69430155 0.34980917 0.6289508
vn -0.48762834 0.65611553 0.57596076
vn -0.51083285 0.3974893 0.7622677
vn -0.4054672 0.21743809 0.8878722
vn -0.5590624 -0.26473743 0.7857247
vn -0.8543877 -0.28495488 -0.43453705
vn -0.9998004 0.011444274 0.016379617
vn -0.20952451 0.6897047 -0.69311404
vn -0.98175055 -0.18768127 -0.030684173
vn -0.9757641 0.21591456 0.035572495
vn -0.18287423 0.9342561 0.30614147
vn -0.24323022 0.17165826 0.95465827
vn -0.8625575 0.23803899 0.44646618
vn -0.8358871 -0.32348305 0.4434541
vn -0.9791358 -0.12569407 0.15966865
vn -0.91625935 -0.19512025 0.34985274
vn -0.55228204 -0.64965373 0.5224315
vn -0.68335587 -0.102615446 0.722838
vn 0.4613205 0.88492674 0.063937865
vn -0.22983742 -0.013351552 0.97313744
vn -0.5590624 -0.26473743 0.7857247
vn -0.5261271 -0.6114924 0.5909885
vn -0.20314811 -0.5182357 0.83076024
vn 0.16477516 -0.35629508 0.91972977
vn -0.8775679 0.15373173 0.454138
vn -0.16651239 -0.3829976 0.908618
vn -0.20188066 0.24623834 0.9479509
vn 0.16607858 0.951916 0.257437
vn -0.5142094 -0.826855 0.22781427
vn 0.050729025 -0.89401823 0.44514933
vn 0.14151172 -0.7165977 0.68298036
vn -0.7596186 0.63744015 0.129033
vn 0.09328258 0.40417284 0.9099135
vn -0.0056920676 -0.8691519 0.49451253
vn -0.63879436 -0.76883733 0.028824244
vn -0.49678415 -0.8643954 0.07762774
vn -0.08560852 -0.9471713 -0.30909187
vn -0.08711069 -0.96001774 -0.26604104
vn -0.06579956 -0.9292043 0.36366177
vn 0.5089106 -0.86077636 -0.008606809
vn 0.30186826 -0.9409153 0.15347335
vn 0.12615383 -0.92426187 -0.36031264
vn 0.7293887 -0.38261142 0.5670984
vn 0.33654538 -0.68227 0.64903384
vn 0.050729025 -0.89401823 0.44514933
vn 0.697157 -0.35743567 0.62145936
vn 0.3417037 -0.53329355 -0.7738453
vn 0.12618302 -0.23937224 -0.9626935
vn 0.30260748 -0.8415406 -0.44747975
vn 0.7918401 -0.21972774 -0.5698325
vn 0.6698103 -0.6250371 -0.40085253
vn -0.065580085 -0.9747005 -0.2136777
vn -0.69886506 -0.60577446 -0.38029584
vn -0.15612927 -0.5443604 -0.8241938
vn -0.35890403 -0.8788786 -0.3142616
vn -0.471377 -0.04272457 -0.8808963
vn -0.59948623 -0.7536018 -0.26963052
vn -0.5235248 0.802239 0.28693968
vn -0.47137436 -0.5916558 0.6540257
vn -0.85346466 -0.46291226 -0.23939544
vn -0.6343934 -0.7537952 0.1712824
vn -0.09226946 -0.11081871 0.9895481
vn -0.7654625 -0.591847 -0.25255543
vn -0.36958826 0.7181007 -0.58969134
vn -0.74149555 -0.59052616 0.31853315
vn -0.14943941 0.90388423 0.40082562
vn -0.9101931 -0.37994647 -0.16489144
vn 0.8981536 0.43945366 -0.01416208
vn 0.22116001 0.315858 -0.9226711
vn -0.09995875 0.92164713 -0.3749332
vn 0.2407421 0.47073153 0.8487962
vn -0.14967786 0.7766655 -0.611872
vn -0.6688386 0.4699728 0.5760039
vn -0.69351125 0.32005274 -0.6454521
vn -0.21427868 0.9201306 -0.32778695
vn -0.39642107 0.7225082 -0.56642056
vn -0 0.73053426 -0.6828761
vn 0.041812412 0.92769593 -0.37098774
vn 0.23645176 0.9695989 0.0629958
vn 0.39025363 0.87552243 -0.28489053
vn 0.79668295 0.5306293 -0.2893594
vn 0.5012958 0.40588135 -0.7641746
vn 0.7082924 0.5496967 -0.4428944
vn 0.88661325 0.019073617 -0.4621181
vn 0.32755208 0.3051764 -0.8941907
vn 0.025224049 0.92008185 0.39091316
vn 0.66879034 -0.15602165 -0.7268953
vn 0.7708364 -0.31509617 -0.5536475
vn 0.995411 -0.017738583 -0.09403355
vn 0.58102125 0.062941976 -0.8114509
vn 0.010395433 0.9432186 0.33201006
vn 0.7762675 -0.6141477 -0.14223623
vn 0.71401864 -0.465967 0.522544
vn 0.65005565 -0.7324302 -0.20241968
vn 0.7992682 -0.59165484 0.10542787
vn 0.88434803 -0.27103603 0.38008943
vn 0.9507637 -0.1478192 -0.2723927
vn 0.9284125 -0.33665088 0.157215
vn 0.8870161 0.25367838 -0.3858105
vn 0.94047004 0.30098093 0.15788147
vn 0.9108906 0.06790076 0.4070231
vn 0.7920116 0.23575093 0.56315106
vn 0.9514535 0.28648272 0.11253315
vn 0.6491865 0.62141097 0.43864024
vn 0.7659302 0.60538185 0.2164803
vn 0.62679213 0.77020395 -0.11797205
vn 0.4002332 0.8617914 -0.31165543
vn 0.0870919 0.9380082 0.33549336
vn 0.70923734 0.66377 0.23746945
vn -0.055137433 0.9645832 0.25795162
vn 0.106416285 0.93240035 0.34540588
vn -0.592257 0.7308684 0.33920917
vn -0.48762834 0.65611553 0.57596076
vn 0.62675536 0.5207067 0.5796915
vn -0.25921732 0.5470206 0.79597414
vn -0.4054672 0.21743809 0.8878722
vn -0.69430155 0.34980917 0.6289508
vn 0.0054427907 0.14877196 0.9888566
vn -0.20188066 0.24623834 0.9479509
vn 0.109110065 -0.4285843 0.8968894
vn -0.5590624 -0.26473743 0.7857247
vn 0.041566614 0.4821757 0.87508786
vn 0.40000087 0.46881935 0.7875326
vn 0.26106265 0.7869909 0.5590096
vn 0.7971091 -0.111389354 0.59347254
vn 0.16607858 0.951916 0.257437
vn -0.16651239 -0.3829976 0.908618
vn -0.8775679 0.15373173 0.454138
vn -0.20314811 -0.5182357 0.83076024
vn 0.16477516 -0.35629508 0.91972977
vn 0.41437986 -0.4608116 0.78481966
vn 0.6375733 -0.6208365 0.45613843
vn -0.30620995 -0.61699736 0.72494805
vn 0.26572216 0.19016598 0.94510776
vn 0.26667887 -0.22773384 0.93649334
vn -0.04279277 0.99155265 -0.122442156
vn 0.49663287 -0.11787296 0.8599196
vn 0.45867524 0.1743338 0.8713351
vn -0.83448666 0.5046795 -0.2212026
vn 0.095703565 0.93717736 0.33546904
vn 0.11704175 0.56878144 -0.8141185
vn 0.627394 0.07438606 0.7751409
vn 0.6320388 -0.52489495 0.5700985
vn 0.062345866 0.8510509 0.5213688
vn 0.6863357 -0.20103458 0.698948
vn 0.697157 -0.35743567 0.62145936
vn 0.39517987 -0.90542084 0.15506788
vn 0.33654538 -0.68227 0.64903384
vn 0.7453375 -0.1935957 0.6379598
vn 0.14151172 -0.7165977 0.68298036
vn 0.050729025 -0.89401823 0.44514933
vn 0.09328258 0.40417284 0.9099135
vn 0.05169943 0.86533666 -0.49851745
vn -0.7596186 0.63744015 0.129033
vn -0.5261271 -0.6114924 0.5909885
vn 0.94047004 0.30098093 0.15788147
vn 0.6491865 0.62141097 0.43864024
vn 0.8870161 0.25367838 -0.3858105
vn 0.9108906 0.06790076 0.4070231
vn -0.5651236 -0.17623904 -0.8059622
vn -0.060619254 0.072479054 -0.995526
vn 0.07868131 0.169373 -0.98240626
vn 0.38250616 -0.15277836 -0.9112342
vn -0.83448666 0.5046795 -0.2212026
vn 0.0054427907 0.14877196 0.9888566
vn 0.26106265 0.7869909 0.5590096
vn -0.4703479 0.003433196 -0.8824745
vn 0.095703565 0.93717736 0.33546904
vn 0.11704175 0.56878144 -0.8141185
vn 0.7920116 0.23575093 0.56315106
vn 0.062345866 0.8510509 0.5213688
vn 0.41437986 -0.4608116 0.78481966
vn 0.627394 0.07438606 0.7751409
vn 0.88434803 -0.27103603 0.38008943
vn -0.5590624 -0.26473743 0.7857247
vn -0.22983742 -0.013351552 0.97313744
vn -0.51083285 0.3974893 0.7622677
vn 0.4613205 0.88492674 0.063937865
vn -0.68335587 -0.102615446 0.722838
vn -0.8625575 0.23803899 0.44646618
vn -0.73599815 0.40130618 0.5452156
vn -0.46333373 0.7736057 0.43226844
vn -0.24323022 0.17165826 0.95465827
vn 0.9976029 0.055313773 0.041580696
vn -0.18287423 0.9342561 0.30614147
vn -0.20952451 0.6897047 -0.69311404
vn -0.81661665 0.48750958 -0.30898497
vn -0.0056920676 -0.8691519 0.49451253
vn -0.06579956 -0.9292043 0.36366177
vn -0.63879436 -0.76883733 0.028824244
vn 0.5089106 -0.86077636 -0.008606809
vn -0.08711069 -0.96001774 -0.26604104
vn 0.30186826 -0.9409153 0.15347335
vn 0.050729025 -0.89401823 0.44514933
vn 0.6814263 -0.38414118 -0.62297183
vn 0.3417037 -0.53329355 -0.7738453
vn 0.12618302 -0.23937224 -0.9626935
vn -0.031660568 0.9507708 0.30827335
vn 0.7918401 -0.21972774 -0.5698325
vn 0.7293887 -0.38261142 0.5670984
vn 0.50595635 -0.84744877 -0.16074443
vn -0.85346466 -0.46291226 -0.23939544
vn -0.471377 -0.04272457 -0.8808963
vn -0.56137836 -0.56400096 -0.6056048
vn -0.5235248 0.802239 0.28693968
vn -0.47137436 -0.5916558 0.6540257
vn -0.49678415 -0.8643954 0.07762774
vn -0.36958826 0.7181007 -0.58969134
vn -0.8543877 -0.28495488 -0.43453705
vn -0.9791358 -0.12569407 0.15966865
vn 0.72222084 0.6906541 0.037336517
vn -0.14943941 0.90388423 0.40082562
vn -0.91625935 -0.19512025 0.34985274
vn -0.09226946 -0.11081871 0.9895481
vn -0.55228204 -0.64965373 0.5224315
vn 0.26572216 0.19016598 0.94510776
vn -0.04279277 0.99155265 -0.122442156
vn -0.30620995 -0.61699736 0.72494805
vn 0.109110065 -0.4285843 0.8968894
vn -0.9235881 0.04835125 0.38032502
vn -0.8602692 0.423669 0.28362218
vn -0.8782755 0.4111295 0.24414094
vn -0.9056466 0.06103527 0.4196175
vn -0.82902235 -0.32229346 0.45699963
vn -0.889197 0.4024506 0.2176285
vn -0.8111238 -0.30946842 0.4962939
vn -0.6090429 -0.6443051 0.46253404
vn -0.9344614 0.039982695 0.3538123
vn -0.88919646 0.40245166 0.21762906
vn -0.59129286 -0.63145465 0.5016351
vn -0.29668736 -0.8690158 0.39596468
vn -0.9344607 0.03998292 0.35381427
vn -0.9092779 0.38323286 0.16231488
vn -0.8400379 -0.33042422 0.43029773
vn -0.27909246 -0.8559552 0.43525642
vn 0.05939005 -0.96164465 0.26779166
vn -0.9543873 0.022315927 0.2977364
vn 0.37563822 0.28696805 0.881218
vn 0.374937 0.28196275 0.8831304
vn -0.8399459 -0.3304113 0.4304872
vn -0.6202586 -0.65230215 0.43563896
vn -0.8602963 -0.3463978 0.37403044
vn 0.37413272 0.27591768 0.88537794
vn -0.038361527 -0.9114141 0.40969825
vn 0.40626517 -0.9085831 0.097084016
vn -0.6202595 -0.6523015 0.43563855
vn -0.64150745 -0.6667426 0.37937117
vn 0.37476417 0.2667505 0.8879167
vn -0.30826312 -0.8766289 0.36945325
vn 0.53906566 -0.67086446 0.5092633
vn 0.69084245 -0.7173785 -0.09002697
vn -0.33105618 -0.89012116 0.31318673
vn 0.3821543 0.26130646 0.8863843
vn -0.30850223 -0.87662476 0.3692633
vn -0.02522471 -0.96186197 0.27236965
vn 0.789358 -0.47566402 0.38814634
vn 0.86901015 -0.41788685 -0.26493746
vn 0.9447376 -0.19542761 0.26320857
vn -0.12247541 -0.9729487 0.19588435
vn 0.3936677 0.25367153 0.883559
vn -0.025486887 -0.9619094 0.27217802
vn 0.37431693 -0.9226942 0.092315614
vn 0.65650976 -0.7516388 -0.06351475
vn 0.8774126 -0.411837 -0.24604364
vn 0.87738097 -0.41184455 -0.2461435
vn 0.65545905 -0.75261134 -0.062847
vn 0.59400284 -0.49735877 -0.6322933
vn 0.37355343 -0.92294616 0.09288768
vn 0.5104019 -0.66602224 -0.54397094
vn 0.78082466 -0.46137798 -0.42124
vn 0.26822114 -0.89719373 -0.35085708
vn 0.6489303 -0.6893693 -0.3219618
vn 0.36740297 -0.89544344 -0.25138852
vn 0.40278918 0.25710768 0.8784399
vn 0.42500508 0.2471388 0.87080026
vn 0.44460666 0.25327417 0.85917234
vn -0.62034386 -0.652602 0.435068
vn 0.38715377 0.27553535 0.879882
vn -0.30875033 -0.8767794 0.36868837
vn 0.3854605 0.27686498 0.88020796
vn -0.8403063 -0.33073428 0.42953494
vn 0.3886747 0.2806817 0.87758183
vn 0.38432345 0.27881867 0.88008845
vn -0.9348354 0.039672688 0.352858
vn 0.38869625 0.2806681 0.8775766
vn 0.38867602 0.28067067 0.87758464
vn 0.38341528 0.2809368 0.87981087
vn -0.88953817 0.4022114 0.21667442
vn 0.38381487 0.28315225 0.87892604
vn 0.38869625 0.2806681 0.8775766
vn 0.38882777 0.28065118 0.8775237
vn 0.38884312 0.28060594 0.8775314
vn 0.67815137 -0.7255008 -0.11730082
vn 0.39416954 0.27829346 0.8758899
vn 0.85632104 -0.42608625 -0.29183012
vn 0.39300025 0.27651158 0.87697893
vn 0.394154 -0.91637474 0.06999977
vn 0.3887165 0.28066552 0.8775685
vn 0.39132574 0.2752917 0.87811077
vn 0.047731455 -0.9694706 0.24051692
vn 0.3887165 0.28066552 0.8775685
vn 0.38867602 0.28067067 0.87758464
vn 0.38921055 0.2750272 0.8791333
vn -0.30875033 -0.8767794 0.36868837
vn 0.38715377 0.27553535 0.879882
vn 0.3886747 0.2806817 0.87758183
vn 0.3886747 0.2806817 0.87758183
vn 0.3886747 0.2806817 0.87758183
vn 0.3855082 0.27964187 0.87930876
vn 0.3851239 0.28036156 0.8792479
vn 0.38517177 0.28020945 0.87927544
vn 0.38619876 0.27888578 0.8792458
vn 0.37476417 0.2667505 0.8879167
vn 0.37413272 0.27591768 0.88537794
vn 0.3821543 0.26130646 0.8863843
vn 0.38610968 0.2789431 0.8792668
vn 0.3646812 0.2656313 0.89243907
vn 0.3878267 0.27775738 0.8788864
vn 0.3936677 0.25367153 0.883559
vn 0.3869663 0.2782829 0.87909937
vn 0.3672814 0.25919998 0.8932635
vn 0.3899 0.2772739 0.8781213
vn 0.40278918 0.25710768 0.8784399
vn -0.6042693 -0.6413194 0.47282973
vn -0.7284133 -0.48937583 0.47950533
vn 0.391443 0.2773933 0.8773969
vn 0.42500508 0.2471388 0.87080026
vn -0.4289533 -0.32400373 -0.84322035
vn -0.43891826 -0.31487715 -0.841548
vn 0.39243472 0.27786928 0.87680316
vn 0.44460666 0.25327417 0.85917234
vn -0.39631498 -0.2889812 -0.87144953
vn -0.39785865 -0.2873132 -0.8712977
vn -0.38892078 -0.2813493 -0.87725884
vn -0.394373 -0.29039738 -0.8718597
vn -0.41834497 -0.33132386 -0.845702
vn 0.39290774 0.27873087 0.8763177
vn 0.4340027 0.27445832 0.8580876
vn -0.39222425 -0.29154626 -0.87244534
vn -0.45720875 -0.7681459 0.4482322
vn -0.40719405 -0.3369199 -0.84892756
vn -0.3903163 -0.29204583 -0.87313366
vn 0.3710977 0.25197598 0.89375305
vn -0.38874492 -0.2922561 -0.87376416
vn -0.3864863 -0.29207015 -0.8748277
vn -0.3845107 -0.291387 -0.8759253
vn -0.39408997 -0.32659233 -0.85908705
vn -0.2922051 -0.86568695 0.40645084
vn 0.38783944 0.27772862 0.87888986
vn -0.38601768 -0.32812694 -0.8621618
vn -0.11627502 -0.9298664 0.34903964
vn 0.37757197 0.24820182 0.892096
vn 0.3889097 0.27737713 0.8785278
vn 0.38466892 0.24557395 0.88978827
vn 0.06408809 -0.9584127 0.2780966
vn -0.37236685 -0.34337476 -0.8622278
vn 0.3898699 0.277191 0.87816095
vn 0.391316 0.24975182 0.88571775
vn 0.39068267 0.27724016 0.87778413
vn 0.24270906 -0.94999856 0.19645606
vn 0.39689162 0.25206885 0.8825748
vn 0.39120445 0.277429 0.877492
vn 0.40129772 0.25529325 0.8796507
vn 0.3920948 0.27748945 0.87707543
vn 0.41118732 -0.9052034 0.10738651
vn 0.40475804 0.25879145 0.8770393
vn 0.392623 0.2779212 0.87670225
vn -0.36125034 -0.33988813 -0.8683169
vn 0.39290068 0.27818945 0.87649286
vn 0.5642909 -0.8254554 0.014114425
vn 0.40702564 0.26278332 0.87479997
vn -0.3512905 -0.33460099 -0.87443537
vn 0.6955031 -0.7140756 -0.079821214
vn 0.40778014 0.26734346 0.87306523
vn 0.3929084 0.2787253 0.87631917
vn -0.382565 -0.2904404 -0.87709093
vn -0.38123122 -0.28901094 -0.87814313
vn -0.34288633 -0.32705563 -0.88060415
vn 0.80003005 -0.57527494 -0.1703247
vn 0.40942496 0.27086374 0.8712083
vn 0.3933912 0.2792005 0.8759511
vn -0.33550867 -0.31799656 -0.8867424
vn -0.3797648 -0.28737473 -0.87931484
vn 0.3929108 0.2799013 0.8759431
vn 0.4124506 0.28618827 0.8648588
vn 0.3926359 0.2811014 0.875682
vn 0.39292395 0.28038752 0.8757817
vn 0.39262414 0.2809022 0.8757512
vn 0.39330024 0.27959698 0.8758655
vn 0.4100657 0.27464867 0.86972076
vn 0.87367094 -0.4145609 -0.25463387
vn -0.3789842 -0.285311 -0.88032293
vn 0.41246435 0.27847302 0.86736727
vn 0.41294408 0.28333876 0.8655613
vn 0.91393876 -0.23773566 -0.32893404
vn -0.33081657 -0.3071306 -0.8923179
vn -0.32807177 -0.29552093 -0.8972382
vn -0.37832206 -0.2831991 -0.8812891
vn 0.9190775 -0.05197647 -0.39063418
vn -0.32786348 -0.2831613 -0.9012908
vn -0.37832206 -0.2831991 -0.8812891
vn 0.88879246 0.1361321 -0.4376254
vn -0.32957575 -0.27059352 -0.90452147
vn -0.378315 -0.2808753 -0.8820357
vn -0.38892078 -0.2813493 -0.87725884
vn -0.37880912 -0.27857542 -0.8825528
vn -0.3336907 -0.25844577 -0.9065629
vn -0.37880912 -0.27857542 -0.8825528
vn 0.8244634 0.3189133 -0.46749792
vn -0.3795605 -0.27642113 -0.8829073
vn -0.3803269 -0.2744209 -0.8832014
vn -0.3397083 -0.24691318 -0.9075419
vn 0.72858644 0.48931637 -0.4793031
vn 0.41228172 0.28858766 0.8641417
vn 0.4111301 0.2944954 0.86269605
vn 0.39215347 0.28181264 0.87566966
vn 0.82272947 -0.4442901 -0.35457382
vn 0.86901015 -0.41788685 -0.26493746
vn 0.69084245 -0.7173785 -0.09002697
vn 0.6455888 -0.7420171 -0.18062565
vn 0.8108889 -0.44959843 -0.37459385
vn 0.40626517 -0.9085831 0.097084016
vn 0.6342909 -0.74639565 -0.20141666
vn 0.85632104 -0.42608625 -0.29183012
vn 0.67815137 -0.7255008 -0.11730082
vn 0.36301613 -0.9317696 0.0049591064
vn 0.05939005 -0.96164465 0.26779166
vn 0.3528105 -0.93555105 -0.016403139
vn 0.394154 -0.91637474 0.06999977
vn 0.018548975 -0.9844785 0.17452249
vn -0.29668736 -0.8690158 0.39596468
vn 0.0093936995 -0.98818624 0.1529695
vn 0.047731455 -0.9694706 0.24051692
vn -0.33526477 -0.89236665 0.3021246
vn -0.6090429 -0.6443051 0.46253404
vn -0.34365645 -0.8964417 0.27980798
vn -0.30875033 -0.8767794 0.36868837
vn -0.64544797 -0.6692422 0.36811903
vn -0.82902235 -0.32229346 0.45699963
vn -0.65277654 -0.67411536 0.3456171
vn -0.62034386 -0.652602 0.435068
vn -0.8640818 -0.34933054 0.36239588
vn -0.9235881 0.04835125 0.38032502
vn -0.87081337 -0.35500586 0.34008083
vn -0.8403063 -0.33073428 0.42953494
vn -0.9578991 0.018882727 0.2864834
vn -0.8782755 0.4111295 0.24414094
vn -0.91287667 0.3791816 0.15125301
vn -0.96429724 0.012016314 0.2645496
vn -0.9348354 0.039672688 0.352858
vn -0.9194586 0.37131205 0.12931786
vn -0.88953817 0.4022114 0.21667442
vn -0.8602692 0.423669 0.28362218
vn -0.699911 0.7108663 0.06923651
vn -0.8782755 0.4111295 0.24414094
vn -0.68196064 0.7232635 0.10871841
vn -0.4158559 0.9017344 -0.11806327
vn -0.71100205 0.70185566 0.043296758
vn -0.889197 0.4024506 0.2176285
vn -0.3978847 0.9140964 -0.078201264
vn -0.06902232 0.95496386 -0.28858247
vn -0.710879 0.7019979 0.043010604
vn -0.88919646 0.40245166 0.21762906
vn -0.42683303 0.892791 -0.14400622
vn -0.05147403 0.96715873 -0.2489064
vn 0.28777152 0.8622655 -0.41675612
vn -0.42703998 0.8926921 -0.14400567
vn -0.73173004 0.6814953 -0.011634819
vn -0.9092779 0.38323286 0.16231488
vn 0.37563822 0.28696805 0.881218
vn 0.37805352 0.2910699 0.87883663
vn -0.44927356 0.87122446 -0.197791
vn 0.38126788 0.29545814 0.875979
vn -0.104164615 0.9241541 -0.36754447
vn 0.3869396 0.30074903 0.871681
vn -0.080418535 0.945806 -0.31461698
vn 0.25014377 0.83196884 -0.49523312
vn 0.39533603 0.30016163 0.8681085
vn 0.40822724 0.29597786 0.8635668
vn -0.08041733 0.9458394 -0.31451687
vn 0.27584472 0.85304445 -0.44297275
vn 0.43764806 0.6849396 -0.58251345
vn 0.27584517 0.85309345 -0.4428781
vn 0.69803387 0.08377931 -0.7111468
vn 0.4124506 0.28618827 0.8648588
vn 0.4340027 0.27445832 0.8580876
vn 0.53067374 0.68416816 -0.50029916
vn 0.30484566 0.87452984 -0.37718272
vn 0.5996169 0.6378588 -0.48331746
vn 0.5932315 0.06480199 -0.8024195
vn 0.810584 -0.21105032 -0.5462704
vn 0.5307174 0.6840674 -0.5003907
vn 0.52651054 0.7624437 -0.37611982
vn 0.8198857 0.31557542 -0.47770244
vn 0.78082466 -0.46137798 -0.42124
vn 0.44460666 0.25327417 0.85917234
vn 0.6309045 -0.3088719 -0.71172863
vn 0.59400284 -0.49735877 -0.6322933
vn 0.7986726 0.33679768 -0.49868757
vn 0.9093692 -0.00057220017 -0.41598955
vn 0.87738097 -0.41184455 -0.2461435
vn 0.7991518 0.33594033 -0.4984983
vn 0.9074565 0.42013556 -0.0029563506
vn 0.9144177 -0.055026233 -0.4010144
vn 0.9096688 -0.0022649928 -0.4153282
vn 0.8774126 -0.411837 -0.24604364
vn 0.9874143 0.11083853 0.11281737
vn 0.86901015 -0.41788685 -0.26493746
vn 0.9447376 -0.19542761 0.26320857
vn -0.080872245 0.94548047 -0.31547803
vn 0.27536738 0.85285217 -0.44363952
vn 0.39066353 0.28571415 0.87507105
vn 0.38843855 0.28629822 0.87587035
vn -0.42729336 0.89244753 -0.14476761
vn 0.388676 0.2806707 0.87758464
vn 0.388676 0.2806707 0.87758464
vn 0.38867602 0.28067067 0.87758464
vn 0.3864849 0.28601316 0.8768272
vn -0.71141386 0.7015194 0.041961472
vn 0.388676 0.2806707 0.87758464
vn 0.38881767 0.2806525 0.8775278
vn 0.38884312 0.28060594 0.8775314
vn 0.38505015 0.28488326 0.87782574
vn -0.88953817 0.4022114 0.21667442
vn 0.38381487 0.28315225 0.87892604
vn 0.9017141 -0.06356345 -0.4276347
vn 0.85632104 -0.42608625 -0.29183012
vn 0.39416954 0.27829346 0.8758899
vn 0.39436293 0.28039348 0.8751328
vn 0.80721295 0.30671042 -0.50431734
vn 0.3887165 0.28066552 0.8775685
vn 0.3887165 0.28066552 0.8775685
vn 0.38867602 0.28067067 0.87758464
vn 0.39384836 0.28255996 0.8746676
vn 0.5871019 0.6287788 -0.5098516
vn 0.38887835 0.2806447 0.87750334
vn 0.3887165 0.28066552 0.8775685
vn 0.388676 0.2806707 0.87758464
vn 0.39242637 0.28447336 0.8746865
vn 0.27536738 0.85285217 -0.44363952
vn 0.39066353 0.28571415 0.87507105
vn 0.3926359 0.2811014 0.875682
vn 0.39215347 0.28181264 0.87566966
vn 0.39262414 0.2809022 0.8757512
vn 0.39144152 0.28248256 0.8757723
vn 0.40822724 0.29597786 0.8635668
vn 0.4124506 0.28618827 0.8648588
vn 0.39533603 0.30016163 0.8681085
vn 0.3918586 0.2822832 0.87565
vn 0.4111301 0.2944954 0.86269605
vn 0.38992223 0.28351912 0.876115
vn 0.3869396 0.30074903 0.871681
vn 0.39066663 0.28304616 0.87593627
vn 0.40855846 0.300506 0.86184466
vn 0.38793176 0.28410023 0.87681013
vn 0.38126788 0.29545814 0.875979
vn 0.60424495 0.6413427 -0.4728293
vn 0.72858644 0.48931637 -0.4793031
vn 0.3864689 0.28405073 0.8774719
vn 0.37805352 0.2910699 0.87883663
vn -0.34742075 -0.23679543 -0.9073184
vn -0.3397083 -0.24691318 -0.9075419
vn -0.3803269 -0.2744209 -0.8832014
vn -0.3817657 -0.27266255 -0.88312525
vn -0.38892078 -0.2813493 -0.87725884
vn -0.3570219 -0.22765096 -0.90593064
vn 0.45723417 0.7680809 -0.4483174
vn -0.3832691 -0.27102533 -0.882978
vn -0.36815467 -0.22067346 -0.9031972
vn 0.40603223 0.30899456 0.86003494
vn -0.3851754 -0.2698803 -0.88249904
vn 0.29220167 0.86573327 -0.40635487
vn 0.389902 0.28352174 0.8761232
vn 0.3994063 0.31281102 0.86175627
vn 0.3889532 0.28390676 0.8764202
vn 0.3926391 0.31529388 0.86395854
vn 0.11651536 0.92983407 -0.34904543
vn -0.37958762 -0.2155312 -0.8996997
vn 0.3879317 0.2841002 0.87681013
vn 0.385707 0.31128362 0.86852324
vn 0.38716933 0.2840008 0.8771792
vn -0.064077474 0.9583843 -0.27819753
vn -0.38723674 -0.26902965 -0.88185644
vn 0.3805641 0.30908856 0.8715706
vn -0.39211717 -0.21304548 -0.8949054
vn 0.38623357 0.28409624 0.8775608
vn -0.24247089 0.9500588 -0.19645868
vn -0.38900343 -0.26864988 -0.88119435
vn 0.3765743 0.30431113 0.87497795
vn 0.38578242 0.2838115 0.87785125
vn -0.4046046 -0.2126745 -0.8894182
vn -0.39144433 -0.26846632 -0.8801689
vn -0.41117942 0.9052075 -0.10738134
vn -0.39364585 -0.26903486 -0.8790126
vn -0.39563212 -0.26989004 -0.87785786
vn -0.3971525 -0.27141216 -0.8767014
vn -0.41686955 -0.2153369 -0.88309115
vn 0.37354624 0.3011639 0.8773616
vn 0.38540748 0.2834738 0.878125
vn 0.37563822 0.28696805 0.881218
vn -0.42824546 -0.22020237 -0.8764227
vn -0.5641105 0.82557875 -0.0141140865
vn 0.3849726 0.2834306 0.87832975
vn 0.3844729 0.28270736 0.87878156
vn 0.374937 0.28196275 0.8831304
vn -0.4379279 -0.22821462 -0.86956155
vn 0.37035397 0.2984003 0.87965626
vn 0.3847211 0.28310475 0.87854505
vn -0.69537 0.714205 0.079822354
vn 0.36971492 0.2938931 0.88144076
vn -0.7998758 0.5754337 0.170513
vn -0.44604075 -0.23794565 -0.8628032
vn 0.38473877 0.28270122 0.87866724
vn 0.3684242 0.29036173 0.88314986
vn 0.38452816 0.28219712 0.8789215
vn -0.3988663 -0.27322224 -0.8753601
vn -0.8736608 0.41446677 0.2548217
vn -0.45134413 -0.24996786 -0.85662395
vn -0.3998955 -0.2754825 -0.87418133
vn -0.45410752 -0.2628893 -0.8512787
vn -0.9139987 0.23765491 0.3288259
vn 0.38469097 0.281494 0.8790756
vn 0.37413272 0.27591768 0.88537794
vn 0.38517177 0.28020945 0.87927544
vn 0.3673636 0.2865379 0.884839
vn 0.38487202 0.28106007 0.8791353
vn 0.3851239 0.28036156 0.8792479
vn 0.3844773 0.28169414 0.879105
vn 0.36525896 0.28276575 0.8869213
vn -0.91907865 0.051952694 0.39063466
vn 0.36448443 0.27782166 0.8888004
vn -0.45393583 -0.27655756 -0.84702903
vn -0.88882816 -0.13614951 0.4375476
vn 0.3647181 0.27261773 0.89031464
vn 0.3855082 0.27964187 0.87930876
vn 0.3646812 0.2656313 0.89243907
vn -0.7284133 -0.48937583 0.47950533
vn -0.8245858 -0.31889343 0.4672955
vn -0.43891826 -0.31487715 -0.841548
vn -0.44609228 -0.30305693 -0.84211534
vn -0.39785865 -0.2873132 -0.8712977
vn -0.45150176 -0.2901336 -0.8437823
vn -0.3988901 -0.2852553 -0.8715022
vn -0.400347 -0.28040028 -0.8724093
vn -0.40013486 -0.28288645 -0.8717036
vn -0.4003602 -0.27790603 -0.873201
vn 0.9144177 -0.055026233 -0.4010144
vn 0.86901015 -0.41788685 -0.26493746
vn 0.82272947 -0.4442901 -0.35457382
vn 0.8677772 -0.08387846 -0.4898235
vn 0.8198857 0.31557542 -0.47770244
vn 0.8108889 -0.44959843 -0.37459385
vn 0.77376306 0.28429008 -0.5661006
vn 0.5996169 0.6378588 -0.48331746
vn 0.5553766 0.60415745 -0.5714461
vn 0.28777152 0.8622655 -0.41675612
vn 0.24542807 0.82721704 -0.5054473
vn -0.06902232 0.95496386 -0.28858247
vn -0.10909841 0.91942114 -0.3778391
vn -0.4158559 0.9017344 -0.11806327
vn -0.4534864 0.8665855 -0.20827807
vn -0.699911 0.7108663 0.06923651
vn -0.73575884 0.6768696 -0.022506686
vn -0.8782755 0.4111295 0.24414094
vn -0.91287667 0.3791816 0.15125301
vn -0.9194586 0.37131205 0.12931786
vn -0.74284345 0.6680512 -0.043487705
vn -0.88953817 0.4022114 0.21667442
vn -0.71141386 0.7015194 0.041961472
vn -0.46140805 0.85715604 -0.22888012
vn -0.42729336 0.89244753 -0.14476761
vn -0.11777324 0.9098579 -0.39785424
vn -0.080872245 0.94548047 -0.31547803
vn 0.23502922 0.81795317 -0.52508456
vn 0.27536738 0.85285217 -0.44363952
vn 0.54436827 0.59539086 -0.5909085
vn 0.5871019 0.6287788 -0.5098516
vn 0.7620958 0.27666625 -0.58537656
vn 0.80721295 0.30671042 -0.50431734
vn 0.85573864 -0.090361334 -0.50945675
vn 0.9017141 -0.06356345 -0.4276347
vn 0.85632104 -0.42608625 -0.29183012
vn -0.88836974 0.16112728 0.42992705
vn 0.7304011 0.07221521 0.67919
vn -0.8471488 0.43152568 0.31003946
vn 0.45376387 -0.44142556 0.7741071
vn -0.88776344 0.11031479 0.44688573
vn 0.9476522 -0.28177086 -0.15020151
vn 0.9284745 -0.35868892 -0.09631874
vn 0.47379217 -0.49107778 0.73100185
vn -0.9026545 0.04017361 0.42848676
vn 0.45498386 0.15079506 -0.8776392
vn 0.36125222 -0.49350613 -0.7911691
vn -0.9428887 0.18958864 -0.2738926
vn -0.8338675 0.42350197 -0.35399312
vn -0.8471488 0.43152568 0.31003946
vn -0.88836974 0.16112728 0.42992705
vn 0.45422482 0.21373744 -0.86486775
vn -0.8510655 0.42753547 -0.30479667
vn -0.88776344 0.11031479 0.44688573
vn -0.9026545 0.04017361 0.42848676
vn 0.46148598 -0.59063816 0.66194963
vn -0.93242407 -0.033307668 0.35982776
vn 0.94982487 -0.2598906 -0.17403919
vn 0.9592491 -0.21854436 -0.17910814
vn 0.42228743 -0.76026994 0.49362227
vn -0.97335345 -0.089433886 0.21115075
vn 0.4819964 0.3567765 -0.8002437
vn -0.8467795 0.4674025 -0.2539671
vn 0.33102366 -0.93639827 0.11654016
vn -0.9950355 -0.08156067 0.057028107
vn 0.9694056 -0.172805 -0.17433086
vn -0.817506 0.55588406 -0.1505882
vn -0.93242407 -0.033307668 0.35982776
vn -0.97335345 -0.089433886 0.21115075
vn 0.55074704 0.5642892 -0.6150247
vn 0.9799272 -0.13375649 -0.14782357
vn 0.25062382 -0.928896 -0.27265352
vn -0.99766773 -0.015902983 -0.06637766
vn 0.63581884 0.7389594 -0.22287513
vn -0.7527277 0.65676516 0.045394447
vn 0.9861059 -0.1336822 -0.0986106
vn 0.6759596 0.7162997 0.17318602
vn -0.69589907 0.67191404 0.2534877
vn -0.9950355 -0.08156067 0.057028107
vn 0.2281164 -0.7984789 -0.5571304
vn -0.978464 0.10683473 -0.17661941
vn 0.6816991 0.5638943 0.46616474
vn -0.67550033 0.61165065 0.41180438
vn -0.99766773 -0.015902983 -0.06637766
vn 0.98441744 -0.16801952 -0.051881716
vn 0.26969594 -0.5459006 -0.793257
vn -0.9248089 0.2698273 -0.2681822
vn -0.7045859 0.47961053 0.5230034
vn -0.978464 0.10683473 -0.17661941
vn -0.9248089 0.2698273 -0.2681822
vn 0.9730496 -0.22883785 -0.028419955
vn 0.6534834 0.29119205 0.6986893
vn 0.3555554 -0.1896518 -0.9152118
vn -0.84713817 0.41253045 -0.33492622
vn 0.95664644 -0.2877521 -0.04501416
vn 0.56456125 -0.06759 0.8226192
vn -0.7696094 0.3102279 0.558086
vn 0.42335814 0.08631203 -0.9018415
vn -0.76418537 0.509886 -0.39501503
vn 0.94636726 -0.30552128 -0.10509893
vn 0.4642483 -0.34177282 0.8171076
vn -0.83636475 0.20141415 0.50982964
vn -0.84713817 0.41253045 -0.33492622
vn 0.45273528 0.23377095 -0.86045444
vn -0.94249785 0.18849002 -0.27598792
vn 0.93773156 -0.30154654 -0.1724213
vn -0.88220745 0.14068495 0.44935262
vn -0.76418537 0.509886 -0.39501503
vn 0.36325532 -0.5245458 0.76999825
vn -0.848889 0.43061975 0.30651942
vn -0.94249785 0.18849002 -0.27598792
vn -0.9854923 -0.14551367 -0.08735349
vn 0.756799 0.05030387 0.6517092
vn 0.90867454 -0.3839312 -0.16403444
vn -0.695795 0.6925048 0.19054256
vn -0.99070287 -0.012958391 -0.13542531
vn 0.74958956 0.61965114 0.23269702
vn 0.75188327 0.5105539 0.4171407
vn -0.67434436 0.6813777 0.28457692
vn -0.96711016 0.14463499 -0.20923376
vn 0.8892813 -0.44521284 -0.10471108
vn 0.35772157 -0.49302348 -0.7930719
vn 0.052738506 -0.95120054 -0.30403322
vn -0.9854923 -0.14551367 -0.08735349
vn 0.0930785 -0.89192283 -0.44250435
vn -0.99070287 -0.012958391 -0.13542531
vn -0.662607 0.6274764 0.4089319
vn 0.914267 -0.40054616 -0.060652323
vn 0.17318551 -0.72936285 -0.66184336
vn -0.96711016 0.14463499 -0.20923376
vn -0.7027541 0.48539048 0.52012765
vn -0.9073026 0.31755948 -0.27560484
vn -0.8347549 0.46633095 -0.29277933
vn 0.9280937 -0.3723056 -0.0055311793
vn 0.31128973 -0.4224025 -0.8512783
vn -0.9073026 0.31755948 -0.27560484
vn 0.69770086 0.3269519 0.63742924
vn -0.7716962 0.32635802 0.5458711
vn -0.7702415 0.5842973 -0.25558686
vn 0.560625 0.01571066 0.82792073
vn -0.8566866 0.19536635 0.47740987
vn -0.7116315 0.6857825 -0.15258783
vn 0.9158283 -0.3982787 0.05130851
vn 0.3906275 -0.2982308 0.870901
vn 0.4607228 -0.109053314 -0.88081884
vn -0.8347549 0.46633095 -0.29277933
vn 0.88883644 -0.45103145 0.08087268
vn 0.6129642 0.14484671 -0.7767202
vn -0.7702415 0.5842973 -0.25558686
vn 0.86182076 -0.5017852 0.07400386
vn 0.77595246 0.38144395 -0.5023926
vn -0.7116315 0.6857825 -0.15258783
vn 0.23927179 -0.5773362 0.7806612
vn 0.84503776 -0.53323275 0.039672237
vn 0.85211474 0.5129273 -0.10395133
vn -0.67062455 0.7417851 -0.0041961716
vn -0.94559985 0.08532261 0.3139443
vn 0.100231014 -0.84724593 0.5216591
vn -0.99491525 0.03064854 0.09593911
vn -0.67062455 0.7417851 -0.0041961716
vn -0.66685855 0.7383479 0.10070828
vn 0.84981173 -0.5270256 -0.0080107935
vn 0.025224756 -0.9929327 0.11596711
vn 0.83889693 0.52668095 0.13732865
vn -0.66685855 0.7383479 0.10070828
vn -0.9989625 0.016760638 -0.04234266
vn 0.029182374 -0.9849886 -0.17013514
vn 0.8633663 -0.50249684 -0.045776624
vn 0.81510967 0.5194542 0.25644436
vn -0.68583715 0.7086286 0.16574915
vn -0.99442744 0.0030606478 -0.10537927
vn -0.68583715 0.7086286 0.16574915
vn -0.71601826 0.67165446 0.1902579
vn 0.06284718 -0.9451188 -0.3206255
vn -0.9898155 -0.038191557 -0.13713795
vn -0.8471488 0.43152568 0.31003946
vn -0.9428887 0.18958864 -0.2738926
vn 0.09226802 -0.92304665 -0.37345898
vn 0.36125222 -0.49350613 -0.7911691
vn 0.9284745 -0.35868892 -0.09631874
vn 0.89263433 -0.4447287 -0.073623255
vn 0.7304011 0.07221521 0.67919
vn 0.87774134 -0.4734152 -0.07381266
vn 0.78354347 0.53523207 0.31557274
vn -0.71601826 0.67165446 0.1902579
vn -0.8471488 0.43152568 0.31003946
vn -0.18853994 -0.64755166 -0.7383289
vn -0.9514745 0.30598435 -0.032710806
vn -0.17666426 -0.36883727 -0.91255075
vn -0.9861253 -0.05975831 -0.15487331
vn -0.19569567 -0.6164843 -0.76266
vn -0.9343276 0.349145 0.07162193
vn -0.60128367 -0.51569253 -0.61034346
vn -0.20189685 -0.4883386 -0.8489776
vn -0.979103 0.11313115 0.16899337
vn -0.9343173 0.34915304 0.0717165
vn -0.5874165 -0.39010102 -0.7090578
vn -0.20408808 -0.35944298 -0.91057616
vn -0.98223245 -0.0055312864 0.18758689
vn -0.9803375 0.058222294 0.18854293
vn -0.9343173 0.34915304 0.0717165
vn -0.6099293 -0.25902086 -0.7489289
vn 0.027752 0.9578254 -0.2860077
vn -0.92115504 0.38919494 0.0008583078
vn -0.98981476 0.058269273 0.12988994
vn -0.98773116 0.04339265 0.1500146
vn -0.980357 -0.019526081 0.19626215
vn -0.97956127 0.10230486 0.17318632
vn -0.90527594 0.3874066 0.17433178
vn -0.9783584 -0.032972746 0.20427369
vn -0.857333 0.09350556 0.5061984
vn 0.22878762 0.3492611 0.9086655
vn 0.15345195 -0.22784135 0.96153045
vn -0.30844772 -0.23644958 0.9213857
vn 0.13503662 -0.2840203 0.94926155
vn -0.98517877 0.029420419 0.16898859
vn -0.2865472 -0.094991185 0.95334524
vn 0.1551721 -0.12713239 0.9796729
vn -0.8963384 0.43124187 0.10299452
vn -0.30406022 0.09361202 0.9480423
vn 0.17957228 0.076911874 0.98073363
vn 0.09670381 0.9896881 -0.10566846
vn -0.9101899 0.41084433 0.052547637
vn 0.06580412 0.97976595 -0.18901993
vn 0.09670381 0.9896881 -0.10566846
vn 0.027752 0.9578254 -0.2860077
vn 0.9499763 -0.31172737 0.019264653
vn 0.22878762 0.3492611 0.9086655
vn 0.15345195 -0.22784135 0.96153045
vn 0.9253792 -0.32025388 0.20275752
vn 0.9343301 -0.3491578 -0.07152675
vn 0.13503662 -0.2840203 0.94926155
vn 0.95390046 -0.2828226 -0.10042564
vn 0.9343289 -0.34912166 -0.0717174
vn 0.5846917 -0.31301653 0.7484359
vn 0.1551721 -0.12713239 0.9796729
vn 0.95552486 -0.2764098 -0.10281024
vn 0.9343251 -0.3491321 -0.0717171
vn 0.9695229 -0.21372229 -0.11978367
vn 0.58425486 -0.16394614 0.7948383
vn 0.17957228 0.076911874 0.98073363
vn 0.96885496 -0.21999273 -0.11368
vn 0.9784531 -0.16693786 -0.12149604
vn 0.9532782 -0.28521574 -0.099562064
vn 0.9083638 -0.38421884 -0.16507903
vn 0.62320995 0.01988359 0.7818019
vn 0.09670381 0.9896881 -0.10566846
vn 0.9577307 0.24398625 -0.1523901
vn 0.9680118 -0.22667214 -0.107578054
vn 0.8258835 -0.45925468 -0.32711092
vn -0.17666426 -0.36883727 -0.91255075
vn -0.18853994 -0.64755166 -0.7383289
vn 0.29563493 -0.62154853 -0.72544986
vn -0.19569567 -0.6164843 -0.76266
vn 0.97806805 -0.17742743 -0.10909808
vn 0.9772726 -0.18874037 -0.096516035
vn 0.25835112 -0.5180612 -0.8153939
vn -0.20189685 -0.4883386 -0.8489776
vn 0.9637469 0.20741634 -0.16784033
vn 0.27961656 -0.40149578 -0.87213284
vn -0.20408808 -0.35944298 -0.91057616
vn 0.027752 0.9578254 -0.2860077
vn 0.9686566 0.16775298 -0.18320265
vn 0.027752 0.9578254 -0.2860077
vn 0.06580412 0.97976595 -0.18901993
vn 0.09670381 0.9896881 -0.10566846
vn -0.0039576674 -0.1012543 -0.9948527
vn -0.17666426 -0.36883727 -0.91255075
vn -0.9514745 0.30598435 -0.032710806
vn -0.82430327 0.4198107 -0.37984607
vn -0.031663235 -0.13004756 -0.991002
vn -0.8288918 0.55798686 -0.039863866
vn -0.9343276 0.349145 0.07162193
vn -0.9343173 0.34915304 0.0717165
vn -0.38270816 0.13207673 -0.9143797
vn -0.12169195 -0.25183603 -0.9600884
vn -0.7671373 0.63167053 -0.11177088
vn -0.7974572 0.59979755 -0.06561236
vn -0.4581931 -0.007021431 -0.88882494
vn -0.20361374 -0.35823143 -0.9111596
vn -0.8228727 0.56645507 -0.044822402
vn -0.9343173 0.34915304 0.0717165
vn -0.7563604 0.6439309 -0.11520406
vn -0.819262 0.5633291 -0.1070987
vn -0.552433 -0.089219026 -0.8287689
vn -0.52957803 -0.6932294 0.4888559
vn -0.9605204 0.27257818 0.055693395
vn -0.63791317 0.74335396 0.20122543
vn -0.90527594 0.3874066 0.17433178
vn 0.22878762 0.3492611 0.9086655
vn 0.4710739 0.7125594 0.5199504
vn -0.7457717 0.6555186 -0.11882756
vn 0.08287464 0.9223857 0.3772751
vn 0.48145977 0.7411438 0.46787
vn -0.79155135 0.60284257 -0.100136004
vn 0.03685954 0.86329633 0.5033496
vn 0.42576316 0.6741955 0.6034783
vn -0.80532885 0.5836775 -0.10375959
vn -0.9500998 0.2925998 0.10814688
vn -0.93693763 0.3109039 0.15964513
vn -0.07395743 0.77430886 0.62847126
vn 0.34336162 0.56056124 0.7535741
vn -0.44555894 -0.6169888 0.64869267
vn -0.44555894 -0.6169888 0.64869267
vn -0.48646113 -0.6549248 0.57829845
vn -0.52957803 -0.6932294 0.4888559
vn 0.6746683 -0.7028491 0.22544573
vn -0.52957803 -0.6932294 0.4888559
vn -0.48646113 -0.6549248 0.57829845
vn 0.654412 -0.70912915 0.2624514
vn 0.87476647 -0.48332694 0.034332614
vn -0.44555894 -0.6169888 0.64869267
vn 0.63438183 -0.71361995 0.29716387
vn 0.8828449 -0.468387 0.03461763
vn 0.28257352 -0.44620013 -0.84915113
vn 0.22782947 -0.5548873 -0.80012107
vn -0.52957803 -0.6932294 0.4888559
vn -0.20361374 -0.35823143 -0.9111596
vn -0.12169195 -0.25183603 -0.9600884
vn -0.031663235 -0.13004756 -0.991002
vn 0.38747025 -0.35000947 -0.8528541
vn -0.0039576674 -0.1012543 -0.9948527
vn 0.89174217 -0.4525409 -0.0016212626
vn 0.8395294 -0.41897792 -0.34590176
vn -0.17666426 -0.36883727 -0.91255075
vn 0.9083638 -0.38421884 -0.16507903
vn 0.9343251 -0.3491321 -0.0717171
vn 0.9110535 -0.41026255 -0.040817637
vn 0.8876274 -0.46056166 -0.0007629352
vn 0.9076622 -0.41813377 -0.036239732
vn 0.9343289 -0.34912166 -0.0717174
vn 0.9343301 -0.3491578 -0.07152675
vn 0.88362086 -0.46820322 0
vn 0.91017413 -0.41230345 -0.03986303
vn 0.9499763 -0.31172737 0.019264653
vn 0.9774854 -0.16583492 0.13046491
vn 0.8669943 -0.49716005 0.033951156
vn 0.4710739 0.7125594 0.5199504
vn 0.22878762 0.3492611 0.9086655
vn 0.48145977 0.7411438 0.46787
vn 0.82102364 0.3868844 0.4198102
vn 0.42576316 0.6741955 0.6034783
vn 0.756166 0.34539813 0.55579966
vn 0.34336162 0.56056124 0.7535741
vn 0.69252694 0.22466116 0.6855172
vn -0.44555894 -0.6169888 0.64869267
vn -0.29320428 0.91055936 0.29139832
vn -0.19473946 0.9786564 -0.06563636
vn -0.19569245 0.97705555 0.08406573
vn -0.28553042 0.9447467 0.16101617
vn -0.07472109 0.9878252 -0.13644825
vn 0.017309157 0.8889181 0.45773897
vn 0.7575278 -0.16134986 -0.6325487
vn 0.41272983 0.834305 0.3654987
vn -0.25557217 0.8959034 0.3633729
vn -0.2538692 0.9507817 0.17766435
vn -0.046539355 0.8455644 0.531841
vn -0.024497421 0.8425802 0.5380134
vn -0.077700436 0.9413219 0.3284446
vn -0.025731314 0.913864 0.40520415
vn -0.27685133 0.82038546 0.5003208
vn -0.14647575 0.9731978 0.17728752
vn -0.07421929 0.92836094 0.36419427
vn -0.13879494 0.9215376 0.3626355
vn 0.23430525 0.92067474 0.31218445
vn 0.024485368 0.9982496 0.053834427
vn 0.13039045 0.9620379 -0.23975252
vn 0.4935878 0.8690387 0.03380787
vn 0.32980224 0.8920849 0.30889305
vn -0.03414354 0.94225776 0.3331436
vn -0.025236653 0.9207088 0.38943368
vn 0.07446988 0.9462574 0.3147238
vn 0.17269833 0.9250633 0.33827993
vn 0.34740296 0.75519794 0.5558662
vn 0.29096702 0.9226591 0.2530583
vn 0.28254864 0.8811912 0.3790362
vn 0.35729325 0.8073312 0.4696359
vn 0.3404379 0.8885741 0.30747056
vn 0.2921933 0.9185593 0.26621765
vn 0.0032186483 0.72478306 0.68896955
vn 0.106144205 0.76990306 0.6292715
vn 0.27537203 0.78267646 0.55820054
vn 0.21896362 0.9081125 0.35691264
vn 0.018166667 0.9234007 -0.38340724
vn 0.114390485 0.85103846 -0.51249224
vn -0.728367 0.46653637 -0.5018222
vn -0.91719544 0.29249164 -0.27055717
vn -0.021361822 0.90492105 -0.425043
vn -0.89137405 -0.017070742 -0.45294687
vn -0.9319691 0.27427402 -0.23708113
vn -0.02088656 0.8352717 -0.54944056
vn -0.75122935 -0.5761117 -0.3221019
vn -0.74492466 -0.2944031 -0.59867686
vn -0.86512524 -0.49428913 0.085067704
vn -0.91847664 0.25996962 -0.29802096
vn -0.04825517 0.9023527 -0.4282885
vn -0.8276242 -0.5218517 0.20666166
vn -0.9456257 0.26359835 -0.19054614
vn -0.013923801 0.20990607 -0.9776225
vn -0.80263144 -0.545117 0.2421365
vn -0.12908563 0.03781489 -0.9909122
vn -0.09772798 -0.062418118 -0.9932539
vn -0.76000917 -0.3471276 -0.54944384
vn -0.641644 -0.123217 -0.7570407
vn -0.49276632 -0.3839515 -0.780873
vn -0.8716939 -0.08125193 -0.48326775
vn -0.84858364 -0.33855608 -0.4065534
vn -0.6134948 0.18329504 -0.7681321
vn -0.9816206 0.16765654 -0.09117159
vn -0.9154359 -0.37079012 -0.15649863
vn -0.78686583 0.2565348 -0.5612773
vn -0.9578452 0.16041178 0.2383288
vn -0.83800906 -0.3006037 0.4553879
vn -0.4235867 0.6624413 -0.6178558
vn -0.33845612 0.48884925 -0.80403596
vn -0.053643167 0.76769334 -0.6385682
vn 0.14048047 0.7887125 -0.59849644
vn -0.65505683 0.7285827 0.2001695
vn -0.58722895 0.5847971 0.5596199
vn -0.9250566 0.10909945 0.36382377
vn -0.54319423 0.55177706 0.6328365
vn -0.86871874 0.3250185 0.3737522
vn -0.27706078 0.84463006 0.45808023
vn -0.33928803 0.8232564 -0.45511812
vn -0.92978805 0.06713891 0.36192068
vn -0.86974275 0.4096946 -0.27513245
vn -0.20252122 0.4362289 -0.87674946
vn -0.25468647 0.25387585 -0.9331034
vn -0.9627995 0.19111983 -0.19102447
vn -0.21973027 0.30136615 -0.92784536
vn -0.91207623 -0.037955493 0.40826
vn -0.9839406 0.15468395 -0.08907202
vn -0.22526288 0.31815282 -0.92088836
vn -0.21466668 0.123020895 -0.96890867
vn -0.8504537 -0.017166432 0.52576965
vn -0.34328574 -0.20619084 0.9163189
vn -0.53448457 -0.2983081 0.79078346
vn -0.9830093 0.112725385 0.1448645
vn -0.12877251 -0.039482925 -0.9908879
vn -0.9264199 -0.36334866 0.09860959
vn 0.05135314 -0.3286696 -0.94304776
vn 0.16041572 -0.058939904 -0.9852882
vn -0.09772798 -0.062418118 -0.9932539
vn 0.07534163 0.054741893 -0.995654
vn -0.12908563 0.03781489 -0.9909122
vn -0.013923801 0.20990607 -0.9776225
vn 0.12593012 -0.07076119 -0.98951226
vn -0.12877251 -0.039482925 -0.9908879
vn -0.020456191 -0.19893529 -0.97979915
vn -0.21466668 0.123020895 -0.96890867
vn 0.2462339 0.069426134 -0.96672076
vn -0.22526288 0.31815282 -0.92088836
vn 0.2837719 0.26989564 -0.9201248
vn -0.21973027 0.30136615 -0.92784536
vn 0.25977504 0.27102816 -0.9268552
vn 0.24018967 0.2500605 -0.93796515
vn -0.25468647 0.25387585 -0.9331034
vn 0.1342335 0.44251752 -0.88665646
vn -0.20252122 0.4362289 -0.87674946
vn -0.9264199 -0.36334866 0.09860959
vn -0.020456191 -0.19893529 -0.97979915
vn -0.12877251 -0.039482925 -0.9908879
vn -0.1033289 -0.9723503 -0.20942342
vn -0.53448457 -0.2983081 0.79078346
vn 0.83315766 -0.5525457 0.023269098
vn 0.12593012 -0.07076119 -0.98951226
vn 0.9828073 -0.10986308 0.14839146
vn 0.2462339 0.069426134 -0.96672076
vn 0.9977191 -0.05588448 -0.037860304
vn 0.2837719 0.26989564 -0.9201248
vn 0.25977504 0.27102816 -0.9268552
vn 0.4710593 -0.40759337 0.7822856
vn -0.050069287 -0.49859473 0.865388
vn -0.020169634 -0.26149002 0.96499544
vn -0.34328574 -0.20619084 0.9163189
vn -0.0836425 -0.8232635 0.5614635
vn -0.83800906 -0.3006037 0.4553879
vn -0.9154359 -0.37079012 -0.15649863
vn 0.8243569 -0.19664782 0.53081566
vn 0.27021688 -0.2679758 0.924755
vn 0.78726864 -0.52452785 0.32415822
vn -0.08401219 -0.83096725 -0.54994124
vn -0.84858364 -0.33855608 -0.4065534
vn 0.89100784 -0.23021436 0.39128813
vn 0.73701316 -0.56019866 -0.3781389
vn -0.066088624 -0.6976975 -0.71333754
vn -0.76000917 -0.3471276 -0.54944384
vn 0.67100656 -0.5256663 -0.52290064
vn -0.11353573 -0.6380127 -0.7616098
vn -0.49276632 -0.3839515 -0.780873
vn 0.63739127 -0.49190757 -0.5930929
vn 0.96210945 -0.036048703 0.2702699
vn 0.96335584 0.015258817 0.26779225
vn 0.98348385 0.08926457 0.15745278
vn 0.9937488 0.07553253 -0.082208395
vn 0.90184045 -0.21305047 -0.37589005
vn 0.97036874 0.069046386 -0.23155335
vn 0.24018967 0.2500605 -0.93796515
vn 0.80707604 0.41808122 -0.41693684
vn 0.1342335 0.44251752 -0.88665646
vn 0.89193666 0.37823266 0.24776815
vn 0.26210845 0.82413733 -0.5020924
vn -0.20252122 0.4362289 -0.87674946
vn -0.33928803 0.8232564 -0.45511812
vn 0.23458996 0.89125115 0.3881224
vn -0.27706078 0.84463006 0.45808023
vn -0.54319423 0.55177706 0.6328365
vn 0.54703015 0.57564056 0.6077795
vn 0.5509105 0.5947334 0.5854824
vn -0.58722895 0.5847971 0.5596199
vn 0.6103342 0.759866 0.22382098
vn -0.65505683 0.7285827 0.2001695
vn 0.36954316 0.80107415 -0.47086948
vn -0.4235867 0.6624413 -0.6178558
vn 0.8248135 0.43696326 -0.35881153
vn 0.45584297 0.7171421 -0.5271758
vn -0.053643167 0.76769334 -0.6385682
vn 0.9463359 0.043487776 -0.3202455
vn 0.83400506 0.4074179 -0.37208354
vn 0.9538469 0.014877035 -0.29992485
vn 0.4946149 0.76559687 -0.41136053
vn 0.14048047 0.7887125 -0.59849644
vn 0.78346664 0.56134933 -0.2665837
vn 0.91275644 -0.23021568 -0.3374557
vn 0.9635711 0.21762364 -0.15546928
vn 0.9825017 -0.018311037 -0.1853516
vn 0.7041243 -0.5044786 -0.49971026
vn 0.9705272 0.22410718 0.088617705
vn 0.82369953 0.5636291 0.061977737
vn 0.5469809 0.83713686 -0.0037193364
vn 0.94191885 -0.24718575 -0.22734985
vn -0.02036123 -0.75436693 -0.6561371
vn 0.32176334 0.94354665 -0.07866465
vn 0.16117232 0.74787766 -0.643974
vn 0.5426484 0.77191496 0.33118004
vn 0.26267514 0.96286404 -0.06240829
vn 0.256233 0.7312905 -0.6321066
vn 0.9977736 -0.03547809 0.05647168
vn 0.79397786 -0.51440954 -0.3240093
vn 0.7672191 0.51230586 0.38589835
vn 0.36958697 0.86591405 0.33704367
vn 0.25616473 0.9557126 -0.14488983
vn -0 0.7646527 -0.6444426
vn -0 0.9900463 -0.14074211
vn -0 0.9317287 0.36315492
vn 0.23833276 0.9048825 0.3526829
vn -0 0.74674594 0.6651094
vn 0.2770278 0.89610237 0.3467795
vn 0.21646696 0.7314507 0.64662343
vn -0 0.4598717 0.8879854
vn 0.29652748 0.720993 0.62629116
vn 0.16738543 0.4583459 0.87286955
vn -0 0.2555963 0.9667836
vn 0.13774136 0.25538474 0.95697755
vn -0 0.09021759 0.9959221
vn 0.3073437 0.45451865 0.83603394
vn 0.44378486 0.67919546 0.5845925
vn 0.14390823 0.08315969 0.9860908
vn -0 0.022411613 0.99974877
vn 0.6281857 0.5720143 0.52742994
vn 0.1656355 0.015544346 0.98606455
vn -0 0.23907855 0.97100025
vn 0.20919153 0.22154178 0.9524485
vn -0 0.6172233 0.78678805
vn 0.3584489 0.05283509 0.93205297
vn 0.39949673 -0.025081795 0.91639143
vn 0.47581503 0.15935999 0.8649881
vn 0.2497618 0.5921233 0.76616514
vn 0.22492914 0.81979686 0.52663076
vn -0 0.8247759 0.5654598
vn 0.49491724 0.5370226 0.68312794
vn 0.36829033 0.82036215 0.43745652
vn 0.61284167 0.7275706 0.30832818
vn 0.82587385 0.37450418 0.4215199
vn 0.79716516 0.5864538 0.14352597
vn 0.24042259 0.96822304 -0.06885565
vn 0.9375692 0.122548714 -0.3254932
vn 0.73884135 -0.09279027 0.6674605
vn 0.8139569 0.08029898 0.5753488
vn 0.940425 0.24905384 0.2314584
vn 0.94643664 0.31910288 0.0493055
vn 0.9474377 0.03681221 0.31781527
vn 0.9907059 0.11195924 0.07724617
vn 0.9570456 0.28976962 0.009870382
vn 0.9716394 0.21288137 -0.10294789
vn 0.97225124 -0.15525502 -0.17499568
vn 0.97625583 0.123522066 -0.1779519
vn 0.9043787 0.11448979 -0.41108558
vn 0.88553905 -0.13344361 -0.4449869
vn 0.8190236 -0.18940158 -0.541597
vn 0.98810333 0.070858106 0.13649482
vn 0.98039836 -0.19646119 0.014901484
vn 0.7756778 -0.46348974 -0.42837045
vn 0.55169606 -0.41903508 -0.7211387
vn 0.9776274 -0.03271156 0.20778516
vn 0.8394144 -0.52584994 -0.13735135
vn 0.37005034 -0.6894604 -0.6226614
vn 0.42846042 -0.40356883 -0.80842674
vn 0.24601178 -0.4979511 -0.8315785
vn 0.49783733 -0.7917332 -0.3540007
vn 0.00202657 -0.7277056 -0.6858867
vn -0 -0.75493044 -0.6558049
vn -0 -0.538393 -0.84269387
vn -0 -0.5528501 -0.83328074
vn -0 -0.36678213 -0.9303068
vn -0.39767498 -0.3523868 -0.8471589
vn -0.25525734 -0.6975348 -0.66954374
vn -0.74492466 -0.2944031 -0.59867686
vn -0.75122935 -0.5761117 -0.3221019
vn 0.18744622 -0.93847096 -0.29006243
vn -0.86512524 -0.49428913 0.085067704
vn 0.3117145 -0.8757762 -0.36857843
vn 0.73127735 -0.67353237 -0.10764599
vn 0.42123613 -0.7680383 -0.48236638
vn 0.9275263 -0.30860326 -0.21085343
vn 0.96188766 -0.27189586 -0.029063579
vn 0.09975577 -0.9436743 0.31548005
vn -0.8276242 -0.5218517 0.20666166
vn 0.95607895 -0.27008635 0.11387077
vn 0.99083483 0.023651479 0.1329919
vn 0.9906122 0.1362777 -0.010764414
vn 0.13127114 -0.85276175 0.5055345
vn -0.80263144 -0.545117 0.2421365
vn 0.13890235 -0.855587 0.4986752
vn -0.09772798 -0.062418118 -0.9932539
vn 0.05135314 -0.3286696 -0.94304776
vn 0.16041572 -0.058939904 -0.9852882
vn 0.8989855 -0.33021134 0.2877249
vn 0.07534163 0.054741893 -0.995654
vn 0.90988874 -0.27489302 0.31070298
vn 0.80625755 0.5618244 -0.18520844
vn -0.013923801 0.20990607 -0.9776225
vn -0.04825517 0.9023527 -0.4282885
vn 0.81581074 0.5471162 -0.18739472
vn -0.02088656 0.8352717 -0.54944056
vn 0.95535487 -0.24175939 0.16985147
vn 0.836946 0.5303392 -0.13513587
vn -0.021361822 0.90492105 -0.425043
vn 0.9532966 -0.26331052 -0.14796315
vn 0.8399302 0.5047687 -0.19931354
vn 0.018166667 0.9234007 -0.38340724
vn 0.97544485 0.16879672 -0.14147455
vn 0.7394043 0.6307778 -0.23537338
vn 0.114390485 0.85103846 -0.51249224
vn 0.41327068 0.33521318 -0.84666365
vn 0.8912887 0.3323498 -0.30846065
vn 0.9755093 0.20599276 -0.077128075
vn 0.6477151 -0.4176961 -0.6371774
vn 0.38842314 -0.016975036 -0.9213248
vn 0.9260963 -0.34684506 -0.14847246
vn 0.9921489 0.095748305 0.080453835
vn 0.4741785 -0.7909015 -0.3868198
vn 0.9802218 -0.08668791 0.17790572
vn 0.6296347 -0.7753605 -0.048746146
vn 0.9260106 -0.37488648 0.04432167
vn 0.91462153 -0.26187906 0.3080369
vn 0.9188541 -0.12826765 0.37316823
vn 0.78125346 -0.57058585 0.25313014
vn 0.84154135 -0.5367401 -0.060976934
vn 0.8702185 -0.12092462 0.477595
vn 0.9717692 -0.23517008 -0.018965714
vn 0.9088483 -0.33912534 0.24287614
vn 0.9598554 -0.02479507 0.27939755
vn 0.8965659 -0.06942878 0.4374347
vn 0.9360966 0.18290885 0.30044544
vn 0.8321487 0.25082242 0.4945875
vn 0.71295035 0.35189763 0.60652274
vn 0.7938239 0.07934424 0.60294956
vn 0.50378233 0.42419758 0.75250244
vn 0.5651897 0.1846296 0.8040351
vn 0.65867954 -0.020789366 0.75213635
vn 0.32346904 0.24014007 0.91525984
vn -0 0.3881508 -0.9215959
vn 0.256233 0.7312905 -0.6321066
vn -0 0.7646527 -0.6444426
vn 0.25085118 0.36926138 -0.89482945
vn -0 0.17109163 -0.9852551
vn 0.16117232 0.74787766 -0.643974
vn 0.28753656 0.13866606 -0.94767845
vn -0 -0.073053144 -0.99732804
vn 0.03831335 0.41465202 -0.9091732
vn 0.14048047 0.7887125 -0.59849644
vn -0.33845612 0.48884925 -0.80403596
vn -0.07884471 0.1224513 -0.9893378
vn -0.6134948 0.18329504 -0.7681321
vn 0.30927837 -0.0625614 -0.9489115
vn -0 -0.2552044 -0.9668871
vn -0.05650523 -0.08773807 -0.9945397
vn -0.641644 -0.123217 -0.7570407
vn -0.49276632 -0.3839515 -0.780873
vn 0.22053018 -0.21534446 -0.9513113
vn -0 -0.12035415 -0.99273103
vn -0.019263884 -0.20236616 -0.9791204
vn 0.38842314 -0.016975036 -0.9213248
vn 0.068890035 -0.084398925 -0.99404776
vn -0.017833376 -0.05903134 -0.9980969
vn 0.41327068 0.33521318 -0.84666365
vn -0.2236818 0.14934371 -0.9631525
vn 0.114390485 0.85103846 -0.51249224
vn -0.728367 0.46653637 -0.5018222
vn -0.47853383 -0.12979615 -0.868423
vn -0.89137405 -0.017070742 -0.45294687
vn -0.74492466 -0.2944031 -0.59867686
vn -0.39767498 -0.3523868 -0.8471589
vn -0 -0.36678213 -0.9303068
vn -0 -0.22420478 -0.9745421
vn -0.050998885 -0.037480254 -0.99799514
vn -0 -0.08334933 -0.9965204
vn -0.018166667 0.9234007 -0.38340724
vn 0.728367 0.46653637 -0.5018222
vn -0.114390485 0.85103846 -0.51249224
vn 0.91719544 0.29249164 -0.27055717
vn 0.021361822 0.90492105 -0.425043
vn 0.8913982 -0.017070746 -0.4528993
vn 0.9319691 0.27427402 -0.23708113
vn 0.02088656 0.8352717 -0.54944056
vn 0.75122935 -0.5761117 -0.3221019
vn 0.74492466 -0.2944031 -0.59867686
vn 0.86512524 -0.49428913 0.085067704
vn 0.91847664 0.25996962 -0.29802096
vn 0.04825517 0.9023527 -0.4282885
vn 0.8276242 -0.5218517 0.20666166
vn 0.9456257 0.26359835 -0.19054614
vn 0.013923801 0.20990607 -0.9776225
vn 0.80263144 -0.545117 0.2421365
vn 0.12908563 0.03781489 -0.9909122
vn 0.09772798 -0.062418118 -0.9932539
vn 0.76000917 -0.3471276 -0.54944384
vn 0.49276632 -0.3839515 -0.780873
vn 0.641644 -0.123217 -0.7570407
vn 0.8716939 -0.08125193 -0.48326775
vn 0.84858364 -0.33855608 -0.4065534
vn 0.6134948 0.18329504 -0.7681321
vn 0.9816206 0.16765654 -0.09117159
vn 0.9154359 -0.37079012 -0.15649863
vn 0.78686583 0.2565348 -0.5612773
vn 0.9578452 0.16041178 0.2383288
vn 0.83800906 -0.3006037 0.4553879
vn 0.4235867 0.6624413 -0.6178558
vn 0.33845612 0.48884925 -0.80403596
vn 0.053643167 0.76769334 -0.6385682
vn -0.14048047 0.7887125 -0.59849644
vn 0.65505683 0.7285827 0.2001695
vn 0.58722895 0.5847971 0.5596199
vn 0.9250566 0.10909945 0.36382377
vn 0.54319423 0.55177706 0.6328365
vn 0.86871874 0.3250185 0.3737522
vn 0.27706078 0.84463006 0.45808023
vn 0.33928803 0.8232564 -0.45511812
vn 0.92978805 0.06713891 0.36192068
vn 0.86974275 0.4096946 -0.27513245
vn 0.20252122 0.4362289 -0.87674946
vn 0.25468647 0.25387585 -0.9331034
vn 0.9627995 0.19111983 -0.19102447
vn 0.21973027 0.30136615 -0.92784536
vn 0.91207623 -0.037955493 0.40826
vn 0.9839406 0.15468395 -0.08907202
vn 0.22526288 0.31815282 -0.92088836
vn 0.21466668 0.123020895 -0.96890867
vn 0.8504537 -0.017166432 0.52576965
vn 0.34328574 -0.20619084 0.9163189
vn 0.53448457 -0.2983081 0.79078346
vn 0.9830093 0.112725385 0.1448645
vn 0.12877251 -0.039482925 -0.9908879
vn 0.9264199 -0.36334866 0.09860959
vn -0.05135314 -0.3286696 -0.94304776
vn 0.09772798 -0.062418118 -0.9932539
vn -0.16041572 -0.058939904 -0.9852882
vn -0.07534163 0.054741893 -0.995654
vn 0.12908563 0.03781489 -0.9909122
vn 0.013923801 0.20990607 -0.9776225
vn -0.12593012 -0.07076119 -0.98951226
vn 0.020456191 -0.19893529 -0.97979915
vn 0.12877251 -0.039482925 -0.9908879
vn 0.21466668 0.123020895 -0.96890867
vn -0.2462339 0.069426134 -0.96672076
vn 0.22526288 0.31815282 -0.92088836
vn -0.2837719 0.26989564 -0.9201248
vn 0.21973027 0.30136615 -0.92784536
vn -0.25977504 0.27102816 -0.9268552
vn -0.24018967 0.2500605 -0.93796515
vn 0.25468647 0.25387585 -0.9331034
vn -0.1342335 0.44251752 -0.88665646
vn 0.20252122 0.4362289 -0.87674946
vn 0.9264199 -0.36334866 0.09860959
vn 0.12877251 -0.039482925 -0.9908879
vn 0.020456191 -0.19893529 -0.97979915
vn 0.1033289 -0.9723503 -0.20942342
vn 0.53448457 -0.2983081 0.79078346
vn -0.83315766 -0.5525457 0.023269098
vn -0.12593012 -0.07076119 -0.98951226
vn -0.9828073 -0.10986308 0.14839146
vn -0.2462339 0.069426134 -0.96672076
vn -0.9977191 -0.05588448 -0.037860304
vn -0.2837719 0.26989564 -0.9201248
vn -0.25977504 0.27102816 -0.9268552
vn -0.4710593 -0.40759337 0.7822856
vn 0.050069287 -0.49859473 0.865388
vn 0.020169634 -0.26149002 0.96499544
vn 0.34328574 -0.20619084 0.9163189
vn 0.0836425 -0.8232635 0.5614635
vn 0.83800906 -0.3006037 0.4553879
vn 0.9154359 -0.37079012 -0.15649863
vn -0.8243569 -0.19664782 0.53081566
vn -0.27021688 -0.2679758 0.924755
vn -0.78726864 -0.52452785 0.32415822
vn 0.08401219 -0.83096725 -0.54994124
vn 0.84858364 -0.33855608 -0.4065534
vn -0.89100784 -0.23021436 0.39128813
vn -0.73701316 -0.56019866 -0.3781389
vn 0.066088624 -0.6976975 -0.71333754
vn 0.76000917 -0.3471276 -0.54944384
vn -0.67100656 -0.5256663 -0.52290064
vn 0.11353573 -0.6380127 -0.7616098
vn 0.49276632 -0.3839515 -0.780873
vn -0.63739127 -0.49190757 -0.5930929
vn -0.96210945 -0.036048703 0.2702699
vn -0.96335584 0.015258817 0.26779225
vn -0.98348385 0.08926457 0.15745278
vn -0.9937488 0.07553253 -0.082208395
vn -0.90184045 -0.21305047 -0.37589005
vn -0.97036874 0.069046386 -0.23155335
vn -0.24018967 0.2500605 -0.93796515
vn -0.80707604 0.41808122 -0.41693684
vn -0.1342335 0.44251752 -0.88665646
vn -0.89193666 0.37823266 0.24776815
vn -0.26210845 0.82413733 -0.5020924
vn 0.20252122 0.4362289 -0.87674946
vn 0.33928803 0.8232564 -0.45511812
vn -0.23458996 0.89125115 0.3881224
vn 0.27706078 0.84463006 0.45808023
vn 0.54319423 0.55177706 0.6328365
vn -0.54703015 0.57564056 0.6077795
vn -0.5509105 0.5947334 0.5854824
vn 0.58722895 0.5847971 0.5596199
vn -0.6103342 0.759866 0.22382098
vn 0.65505683 0.7285827 0.2001695
vn -0.36954316 0.80107415 -0.47086948
vn 0.4235867 0.6624413 -0.6178558
vn -0.8248135 0.43696326 -0.35881153
vn -0.45584297 0.7171421 -0.5271758
vn 0.053643167 0.76769334 -0.6385682
vn -0.9463359 0.043487776 -0.3202455
vn -0.83400506 0.4074179 -0.37208354
vn -0.9538469 0.014877035 -0.29992485
vn -0.4946149 0.76559687 -0.41136053
vn -0.14048047 0.7887125 -0.59849644
vn -0.78346664 0.56134933 -0.2665837
vn -0.91275644 -0.23021568 -0.3374557
vn -0.9635711 0.21762364 -0.15546928
vn -0.9825017 -0.018311037 -0.1853516
vn -0.7041243 -0.5044786 -0.49971026
vn -0.9705272 0.22410718 0.088617705
vn -0.82369953 0.5636291 0.061977737
vn -0.5469809 0.83713686 -0.0037193364
vn -0.94191885 -0.24718575 -0.22734985
vn 0.02036123 -0.75436693 -0.6561371
vn -0.32176334 0.94354665 -0.07866465
vn -0.16117232 0.74787766 -0.643974
vn -0.5426484 0.77191496 0.33118004
vn -0.26267514 0.96286404 -0.06240829
vn -0.256233 0.7312905 -0.6321066
vn -0.9977736 -0.03547809 0.05647168
vn -0.79397786 -0.51440954 -0.3240093
vn -0.7672191 0.51230586 0.38589835
vn -0.36958697 0.86591405 0.33704367
vn -0.25616473 0.9557126 -0.14488983
vn -0 0.7646527 -0.6444426
vn -0 0.9900463 -0.14074211
vn -0 0.9317287 0.36315492
vn -0.23833276 0.9048825 0.3526829
vn -0 0.74674594 0.6651094
vn -0.2770278 0.89610237 0.3467795
vn -0.21646696 0.7314507 0.64662343
vn -0 0.4598717 0.8879854
vn -0.29652748 0.720993 0.62629116
vn -0.16738543 0.4583459 0.87286955
vn -0 0.2555963 0.9667836
vn -0.13774136 0.25538474 0.95697755
vn -0 0.09021759 0.9959221
vn -0.3073437 0.45451865 0.83603394
vn -0.44378486 0.67919546 0.5845925
vn -0.14390823 0.08315969 0.9860908
vn -0 0.022411613 0.99974877
vn -0.6281857 0.5720143 0.52742994
vn -0.1656355 0.015544346 0.98606455
vn -0 0.23907855 0.97100025
vn -0.20919153 0.22154178 0.9524485
vn -0 0.6172233 0.78678805
vn -0.3584489 0.05283509 0.93205297
vn -0.39949673 -0.025081795 0.91639143
vn -0.47582224 0.15926707 0.8650013
vn -0.2497618 0.5921233 0.76616514
vn -0.22492914 0.81979686 0.52663076
vn -0 0.8247759 0.5654598
vn -0.49491724 0.5370226 0.68312794
vn -0.36829033 0.82036215 0.43745652
vn -0.62127197 0.7196913 0.30994454
vn -0.82587385 0.37450418 0.4215199
vn -0.8261054 0.552835 0.10919374
vn -0.8944056 0.3863344 0.22535378
vn -0.9041012 0.41223392 0.1125358
vn -0.73884135 -0.09279027 0.6674605
vn -0.8139569 0.08029898 0.5753488
vn -0.940425 0.24905384 0.2314584
vn -0.9540411 0.29191524 0.067757525
vn -0.9474377 0.03681221 0.31781527
vn -0.9907059 0.11195924 0.07724617
vn -0.9649446 0.26054835 0.031567175
vn -0.97964966 0.18372306 -0.080822885
vn -0.97225124 -0.15525502 -0.17499568
vn -0.98187584 0.10287976 -0.15917155
vn -0.9219099 0.07398072 -0.38027474
vn -0.88909405 -0.14879426 -0.43286473
vn -0.82487917 -0.20283425 -0.52766705
vn -0.98810333 0.070858106 0.13649482
vn -0.98039836 -0.19646119 0.014901484
vn -0.7756778 -0.46348974 -0.42837045
vn -0.55169606 -0.41903508 -0.7211387
vn -0.9776274 -0.03271156 0.20778516
vn -0.8394144 -0.52584994 -0.13735135
vn -0.37005034 -0.6894604 -0.6226614
vn -0.42846042 -0.40356883 -0.80842674
vn -0.24601178 -0.4979511 -0.8315785
vn -0.49783733 -0.7917332 -0.3540007
vn -0.00202657 -0.7277056 -0.6858867
vn -0 -0.75493044 -0.6558049
vn -0 -0.538393 -0.84269387
vn -0 -0.5528501 -0.83328074
vn -0 -0.36678213 -0.9303068
vn 0.39767498 -0.3523868 -0.8471589
vn 0.25525734 -0.6975348 -0.66954374
vn 0.74492466 -0.2944031 -0.59867686
vn 0.75122935 -0.5761117 -0.3221019
vn -0.18744622 -0.93847096 -0.29006243
vn 0.86512524 -0.49428913 0.085067704
vn -0.3117145 -0.8757762 -0.36857843
vn -0.73127735 -0.67353237 -0.10764599
vn -0.42123613 -0.7680383 -0.48236638
vn -0.9275263 -0.30860326 -0.21085343
vn -0.96188766 -0.27189586 -0.029063579
vn -0.09975577 -0.9436743 0.31548005
vn 0.8276242 -0.5218517 0.20666166
vn -0.95607895 -0.27008635 0.11387077
vn -0.99083483 0.023651479 0.1329919
vn -0.9906122 0.1362777 -0.010764414
vn -0.13127114 -0.85276175 0.5055345
vn 0.80263144 -0.545117 0.2421365
vn -0.13890235 -0.855587 0.4986752
vn 0.09772798 -0.062418118 -0.9932539
vn -0.05135314 -0.3286696 -0.94304776
vn -0.16041572 -0.058939904 -0.9852882
vn -0.8989855 -0.33021134 0.2877249
vn -0.07534163 0.054741893 -0.995654
vn -0.90988874 -0.27489302 0.31070298
vn -0.80625755 0.5618244 -0.18520844
vn 0.013923801 0.20990607 -0.9776225
vn 0.04825517 0.9023527 -0.4282885
vn -0.81581074 0.5471162 -0.18739472
vn 0.02088656 0.8352717 -0.54944056
vn -0.95535487 -0.24175939 0.16985147
vn -0.836946 0.5303392 -0.13513587
vn 0.021361822 0.90492105 -0.425043
vn -0.9532966 -0.26331052 -0.14796315
vn -0.8399302 0.5047687 -0.19931354
vn -0.018166667 0.9234007 -0.38340724
vn -0.97544485 0.16879672 -0.14147455
vn -0.7394043 0.6307778 -0.23537338
vn -0.114390485 0.85103846 -0.51249224
vn -0.41327068 0.33521318 -0.84666365
vn -0.8912887 0.3323498 -0.30846065
vn -0.9755093 0.20599276 -0.077128075
vn -0.6477151 -0.4176961 -0.6371774
vn -0.38842314 -0.016975036 -0.9213248
vn -0.9260963 -0.34684506 -0.14847246
vn -0.9921489 0.095748305 0.080453835
vn -0.4741785 -0.7909015 -0.3868198
vn -0.9802218 -0.08668791 0.17790572
vn -0.6296347 -0.7753605 -0.048746146
vn -0.9260106 -0.37488648 0.04432167
vn -0.91462153 -0.26187906 0.3080369
vn -0.9188303 -0.12827097 0.37322566
vn -0.78125346 -0.57058585 0.25313014
vn -0.84154135 -0.5367401 -0.060976934
vn -0.8702185 -0.12092462 0.477595
vn -0.9717692 -0.23517008 -0.018965714
vn -0.9088483 -0.33912534 0.24287614
vn -0.9598554 -0.02479507 0.27939755
vn -0.8965659 -0.06942878 0.4374347
vn -0.9360966 0.18290885 0.30044544
vn -0.8321487 0.25082242 0.4945875
vn -0.71295035 0.35189763 0.60652274
vn -0.7938239 0.07934424 0.60294956
vn -0.50378233 0.42419758 0.75250244
vn -0.5651897 0.1846296 0.8040351
vn -0.65867954 -0.020789366 0.75213635
vn -0.32346904 0.24014007 0.91525984
vn -0 0.3881508 -0.9215959
vn -0 0.7646527 -0.6444426
vn -0.256233 0.7312905 -0.6321066
vn -0.25085118 0.36926138 -0.89482945
vn -0 0.17109163 -0.9852551
vn -0.16117232 0.74787766 -0.643974
vn -0.28753656 0.13866606 -0.94767845
vn -0 -0.073053144 -0.99732804
vn -0.03831335 0.41465202 -0.9091732
vn -0.14048047 0.7887125 -0.59849644
vn 0.33845612 0.48884925 -0.80403596
vn 0.07884471 0.1224513 -0.9893378
vn 0.6134948 0.18329504 -0.7681321
vn -0.30927837 -0.0625614 -0.9489115
vn -0 -0.2552044 -0.9668871
vn 0.05650523 -0.08773807 -0.9945397
vn 0.641644 -0.123217 -0.7570407
vn 0.49276632 -0.3839515 -0.780873
vn -0.22051884 -0.215345 -0.9513138
vn -0 -0.12035415 -0.99273103
vn 0.019263884 -0.20236616 -0.9791204
vn -0.38842314 -0.016975036 -0.9213248
vn -0.068890035 -0.084398925 -0.99404776
vn 0.017833376 -0.05903134 -0.9980969
vn -0.41327068 0.33521318 -0.84666365
vn 0.2236818 0.14934371 -0.9631525
vn -0.114390485 0.85103846 -0.51249224
vn 0.728367 0.46653637 -0.5018222
vn 0.47853383 -0.12979615 -0.868423
vn 0.8913982 -0.017070746 -0.4528993
vn 0.74492466 -0.2944031 -0.59867686
vn 0.39767498 -0.3523868 -0.8471589
vn -0 -0.36678213 -0.9303068
vn -0 -0.22420478 -0.9745421
vn 0.050998885 -0.037480254 -0.99799514
vn -0 -0.08334933 -0.9965204
vn 0.98046446 0.14626859 0.1315106
vn 0.9328389 0.3602514 -0.005531325
vn 0.9441451 0.3259208 -0.04863778
vn 0.9879139 0.102091104 0.11663469
vn 0.9854702 -0.00036954536 0.16984783
vn 0.98438317 0.06535056 0.16345987
vn 0.9474784 0.3111849 -0.07381462
vn 0.9030235 -0.15381393 -0.4011107
vn 0.59657574 0.8025473 -0.0039100964
vn 0.9597482 -0.101490736 0.26188388
vn 0.59452176 -0.8015291 -0.06399167
vn 0.8492988 -0.37187517 0.37470043
vn 0.9805486 0.123224184 0.15277562
vn 0.98500776 -0.0054121306 0.17242524
vn 0.9849882 0.16668794 -0.044869725
vn 0.8591944 0.34567568 -0.3772178
vn 0.93726754 0.10818202 -0.33140057
vn 0.8292764 0.28183758 -0.4825644
vn 0.7747945 0.19342445 -0.6018974
vn 0.96015936 -0.16155246 0.22802354
vn 0.94709146 0.044876214 0.3178111
vn 0.9657386 0.08666816 0.24461754
vn 0.96248275 -0.14177518 0.23135826
vn 0.9895331 0.0124625955 -0.1437665
vn 0.88314766 0.04612195 -0.4668223
vn 0.92491305 -0.039428137 -0.37812865
vn 0.7702786 -0.0068261856 -0.63767093
vn 0.6556589 0.1740655 -0.73471934
vn 0.6221375 0.05566848 -0.78092635
vn 0.82535464 -0.081455424 -0.5587082
vn 0.659662 -0.08164414 -0.7471146
vn 0.48546648 -0.0838456 -0.87022537
vn 0.71404666 -0.124880694 -0.68887025
vn 0.51289135 -0.23570302 -0.8254614
vn 0.3576005 -0.20966323 -0.9100347
vn 0.7036726 -0.22311337 -0.6745853
vn 0.8525745 -0.2684084 -0.4484123
vn 0.9457397 -0.2394151 -0.21967445
vn 0.36062935 -0.3361439 -0.8700309
vn 0.22471118 -0.23535663 -0.945575
vn 0.49080616 -0.42547983 -0.7603133
vn 0.7020856 -0.4804785 -0.5255628
vn 0.7798295 -0.53199023 -0.32992786
vn 0.9735584 -0.16667841 0.15621184
vn 0.2390627 -0.40526456 -0.8823886
vn 0.2506766 -0.5682544 -0.7837399
vn 0.33769545 -0.49519452 -0.800465
vn 0.109970756 -0.2775674 -0.9543913
vn 0.12848434 -0.422122 -0.8973877
vn -0 -0.3067168 -0.9518008
vn -0 -0.41928497 -0.9078547
vn 0.14990455 -0.56280667 -0.81288207
vn -0 -0.5703043 -0.8214336
vn -0 -0.6685826 -0.7436378
vn 0.17146079 -0.6727301 -0.71974677
vn -0 -0.7684792 -0.63987476
vn 0.3487113 -0.6668573 -0.65856034
vn 0.5514617 -0.6637091 -0.5053516
vn 0.174976 -0.7619408 -0.62356216
vn 0.25950694 -0.7509715 -0.60720503
vn 0.27215552 -0.72841835 -0.6287591
vn 0.15630744 -0.90775603 -0.38929036
vn -0 -0.9360722 -0.35180786
vn 0.17936555 -0.97855043 -0.101326376
vn -0 -0.99506927 -0.099182665
vn 0.18554784 -0.9667799 0.1758085
vn -0 -0.9826278 0.18558683
vn -0 -0.8385504 0.5448241
vn 0.17340069 -0.83217067 0.5267108
vn -0 -0.5759303 0.81749874
vn 0.35103217 -0.9224802 0.16064487
vn 0.3153614 -0.9438193 -0.0987546
vn 0.27849662 -0.8801456 -0.3844259
vn 0.2850128 -0.7705563 -0.57009715
vn 0.14944407 -0.5708116 0.80736643
vn -0 -0.66093844 0.7504401
vn 0.37918237 -0.8637938 -0.33178455
vn 0.42545253 -0.8312353 -0.3578241
vn 0.50952923 -0.8552156 -0.09479613
vn 0.28576973 -0.90065396 -0.32735017
vn 0.34266278 -0.80770427 0.4797875
vn 0.5690573 -0.8052823 0.16641611
vn 0.49467638 -0.8437727 0.20818943
vn 0.47625896 -0.8757481 -0.079010926
vn 0.62846965 -0.6621343 0.40817147
vn 0.37613183 -0.8607449 -0.3429914
vn 0.28824806 -0.95486635 -0.0717163
vn 0.5956248 -0.7785418 -0.19774686
vn 0.38519555 -0.91907156 -0.083257176
vn 0.30326405 -0.92881775 0.21290472
vn 0.83269817 -0.5532963 -0.021839073
vn 0.41074058 -0.88966775 0.19945762
vn 0.39877817 -0.7595049 0.51393414
vn 0.3423007 -0.7860733 0.5147028
vn 0.59184617 -0.787205 0.17328143
vn 0.6020529 -0.66497135 0.44197914
vn 0.7872895 -0.46864966 0.40067795
vn 0.8607581 -0.07339881 0.5036944
vn 0.72816366 -0.34813195 0.59040815
vn 0.92612725 -0.12736514 0.35505837
vn 0.5695418 -0.5735234 0.58880633
vn 0.8123149 -0.38276795 0.44003767
vn 0.85036385 -0.4219155 0.3144339
vn 0.6740005 -0.5783005 0.459665
vn 0.45595232 -0.73974234 0.49486226
vn 0.549028 -0.7156103 0.43182188
vn 0.37326813 -0.79767704 0.47369006
vn 0.3083299 -0.85021985 0.42668355
vn 0.31382924 -0.7194493 0.61959994
vn 0.63098884 -0.6954085 0.3438896
vn 0.63252246 -0.6695487 0.38938397
vn 0.37970853 -0.75812954 0.5301519
vn 0.36110538 -0.8150025 0.4531818
vn 0.3143566 -0.8504436 0.42181242
vn 0.2660272 -0.8791439 0.395393
vn 0.4781733 -0.80576116 0.34942704
vn 0.36385402 -0.86522925 0.34494728
vn 0.6887973 -0.6199176 0.37584633
vn 0.6585561 -0.6319725 0.40855175
vn 0.60605645 -0.67112064 0.42695752
vn 0.6916012 -0.6241768 0.3634435
vn 0.5533235 -0.69945073 0.45232904
vn 0.31568888 -0.8574455 0.40635914
vn 0.5014669 -0.8001345 0.32911372
vn 0.8572141 -0.39091286 0.335218
vn 0.6899418 -0.59955645 0.40560123
vn 0.5152655 -0.76886904 0.37860525
vn 0.855246 -0.3364527 0.39414942
vn 0.82476896 -0.21152978 0.5244152
vn 0.8492988 -0.37187517 0.37470043
vn 0.6650968 -0.5394971 0.5163226
vn 0.61249375 -0.39129627 0.68683225
vn 0.82476896 -0.21152978 0.5244152
vn 0.5663372 -0.6928655 0.4463178
vn 0.47621155 -0.7799055 0.40616506
vn 0.36521462 -0.7933488 0.4870482
vn 0.40245304 -0.86103016 0.3108997
vn 0.45733663 -0.65176797 0.60501385
vn 0.41420782 -0.7646381 0.49372104
vn 0.42834765 -0.5085466 0.7469261
vn 0.61249375 -0.39129627 0.68683225
vn 0.33096874 -0.5531007 0.7645517
vn 0.3171439 -0.70812595 0.63085455
vn 0.17007834 -0.5597553 0.81101626
vn 0.32556129 -0.8023757 0.5002032
vn 0.44316834 -0.8182687 0.36611214
vn 0.1933462 -0.7417466 0.6422065
vn -0 -0.60863924 0.79344714
vn -0 -0.7564729 0.6540251
vn 0.19530335 -0.8191464 0.5393105
vn -0 -0.839838 0.54283696
vn -0 -0.90108657 0.43363926
vn 0.3530773 -0.85075676 0.3892934
vn 0.18908292 -0.8844135 0.42668527
vn -0 -0.92710906 0.37479183
vn 0.19221304 -0.9104251 0.36630628
vn 0.28322908 -0.76680094 0.57601875
vn 0.14727871 -0.7424911 0.6534646
vn 0.30717146 -0.5389776 0.7843143
vn 0.4396615 -0.6641771 0.60462105
vn 0.6087986 -0.5245181 0.595185
vn 0.45212066 -0.75708693 0.47159976
vn 0.79716516 0.5864538 0.14352597
vn 0.24042259 0.96822304 -0.06885565
vn 0.45017952 0.8454754 0.28724515
vn 0.61284167 0.7275706 0.30832818
vn 0.6380058 0.6782507 0.36458838
vn 0.36829033 0.82036215 0.43745652
vn 0.35957712 0.7199172 0.5936527
vn 0.3970291 0.7679758 0.5025745
vn 0.22492914 0.81979686 0.52663076
vn 0.6461513 0.5227479 0.55607826
vn 0.20429805 0.81347287 0.5445404
vn -0 0.8247759 0.5654598
vn 0.010189864 0.83810365 0.5454159
vn 0.62827176 0.36935285 0.68472844
vn 0.68268824 0.36807084 0.63123745
vn 0.4409394 0.60087353 0.66672593
vn 0.24506831 0.67963 0.6914078
vn 0.015565577 0.72346705 0.6901834
vn 0.45725107 0.4114735 0.7884232
vn 0.2797504 0.4311115 0.85783607
vn 0.01705649 0.4483307 0.89370495
vn 0.24314909 0.1854733 0.9520915
vn 0.02104431 0.16248327 0.9864869
vn 0.59750193 0.18963093 0.7791223
vn 0.56508917 0.28230616 0.77522737
vn 0.58854645 0.1369683 0.7967764
vn 0.40984866 0.2204218 0.88512045
vn 0.17997041 -0.016999258 0.98352516
vn 0.011535291 -0.06423247 0.9978683
vn 0.38021016 0.066602945 0.922499
vn 0.6307771 -0.04764923 0.7744997
vn 0.7120905 -0.23133169 0.6628822
vn 0.11718491 -0.2960081 0.94796985
vn -0 -0.32703808 0.94501114
vn 0.27903855 -0.32823506 0.9024407
vn 0.17007834 -0.5597553 0.81101626
vn -0 -0.60863924 0.79344714
vn 0.33096874 -0.5531007 0.7645517
vn 0.42834765 -0.5085466 0.7469261
vn 0.44514993 -0.29998326 0.8437129
vn 0.61249375 -0.39129627 0.68683225
vn 0.82476896 -0.21152978 0.5244152
vn 0.8492988 -0.37187517 0.37470043
vn -0.6650968 -0.5394971 0.5163226
vn -0.61249375 -0.39129627 0.68683225
vn -0.42834765 -0.5085466 0.7469261
vn -0.45733663 -0.65176797 0.60501385
vn -0.33096874 -0.5531007 0.7645517
vn -0.3171439 -0.70812595 0.63085455
vn -0.17007834 -0.5597553 0.81101626
vn -0.1933462 -0.7417466 0.6422065
vn -0 -0.60863924 0.79344714
vn -0 -0.7564729 0.6540251
vn -0.19530335 -0.8191464 0.5393105
vn -0 -0.839838 0.54283696
vn -0 -0.90108657 0.43363926
vn -0.32556129 -0.8023757 0.5002032
vn -0.18908292 -0.8844135 0.42668527
vn -0 -0.92710906 0.37479183
vn -0.41420782 -0.7646381 0.49372104
vn -0.3530773 -0.85075676 0.3892934
vn -0.36385402 -0.86522925 0.34494728
vn -0.19221304 -0.9104251 0.36630628
vn -0.14727871 -0.7424911 0.6534646
vn -0 -0.66093844 0.7504401
vn -0.28322908 -0.76680094 0.57601875
vn -0.36110538 -0.8150025 0.4531818
vn -0.4396615 -0.6641771 0.60462105
vn -0.14944407 -0.5708116 0.80736643
vn -0 -0.5759303 0.81749874
vn -0.30717146 -0.5389776 0.7843143
vn -0.17340069 -0.83217067 0.5267108
vn -0 -0.8385504 0.5448241
vn -0.34266278 -0.80770427 0.4797875
vn -0.18554784 -0.9667799 0.1758085
vn -0 -0.9826278 0.18558683
vn -0 -0.99506927 -0.099182665
vn -0.35104263 -0.9224763 0.16064419
vn -0.17935978 -0.97855145 -0.10132647
vn -0 -0.9360722 -0.35180786
vn -0.6087986 -0.5245181 0.595185
vn -0.62846965 -0.6621343 0.40817147
vn -0.15630744 -0.90775603 -0.38929036
vn -0 -0.7684792 -0.63987476
vn -0.3153614 -0.9438193 -0.0987546
vn -0.45212066 -0.75708693 0.47159976
vn -0.49467638 -0.8437727 0.20818943
vn -0.5690573 -0.8052823 0.16641611
vn -0.50952923 -0.8552156 -0.09479613
vn -0.27849662 -0.8801456 -0.3844259
vn -0.174976 -0.7619408 -0.62356216
vn -0.3423007 -0.7860733 0.5147028
vn -0.17146079 -0.6727301 -0.71974677
vn -0 -0.6685826 -0.7436378
vn -0.14990455 -0.56280667 -0.81288207
vn -0 -0.5703043 -0.8214336
vn -0.2506766 -0.5682544 -0.7837399
vn -0.25950694 -0.7509715 -0.60720503
vn -0 -0.41928497 -0.9078547
vn -0.12848434 -0.422122 -0.8973877
vn -0 -0.3067168 -0.9518008
vn -0.109970756 -0.2775674 -0.9543913
vn -0.2390627 -0.40526456 -0.8823886
vn -0.22471118 -0.23535663 -0.945575
vn -0.36062935 -0.3361439 -0.8700309
vn -0.3576005 -0.20966323 -0.9100347
vn -0.2850128 -0.7705563 -0.57009715
vn -0.42545253 -0.8312353 -0.3578241
vn -0.37918237 -0.8637938 -0.33178455
vn -0.27215552 -0.72841835 -0.6287591
vn -0.47625896 -0.8757481 -0.079010926
vn -0.28576973 -0.90065396 -0.32735017
vn -0.3487113 -0.6668573 -0.65856034
vn -0.28824806 -0.95486635 -0.0717163
vn -0.33769545 -0.49519452 -0.800465
vn -0.49080616 -0.42547983 -0.7603133
vn -0.37613183 -0.8607449 -0.3429914
vn -0.30326405 -0.92881775 0.21290472
vn -0.39877817 -0.7595049 0.51393414
vn -0.31382924 -0.7194493 0.61959994
vn -0.37970853 -0.75812954 0.5301519
vn -0.3083299 -0.85021985 0.42668355
vn -0.37326813 -0.79767704 0.47369006
vn -0.3143566 -0.8504436 0.42181242
vn -0.2660272 -0.8791439 0.395393
vn -0.4781733 -0.80576116 0.34942704
vn -0.45595232 -0.73974234 0.49486226
vn -0.31568888 -0.8574455 0.40635914
vn -0.5014669 -0.8001345 0.32911372
vn -0.44316834 -0.8182687 0.36611214
vn -0.40245304 -0.86103016 0.3108997
vn -0.47621155 -0.7799055 0.40616506
vn -0.36521462 -0.7933488 0.4870482
vn -0.5152655 -0.76886904 0.37860525
vn -0.5663372 -0.6928655 0.4463178
vn -0.6899418 -0.59955645 0.40560123
vn -0.5533235 -0.69945073 0.45232904
vn -0.6916012 -0.6241768 0.3634435
vn -0.6060166 -0.67115307 0.42696303
vn -0.8572141 -0.39091286 0.335218
vn -0.6887973 -0.6199176 0.37584633
vn -0.6585561 -0.6319725 0.40855175
vn -0.63252246 -0.6695487 0.38938397
vn -0.85036385 -0.4219155 0.3144339
vn -0.6740005 -0.5783005 0.459665
vn -0.63096005 -0.69542944 0.3438999
vn -0.549028 -0.7156103 0.43182188
vn -0.855246 -0.3364527 0.39414942
vn -0.61249375 -0.39129627 0.68683225
vn -0.82351094 -0.19733477 0.5318727
vn -0.5695418 -0.5735234 0.58880633
vn -0.96305215 -0.13944426 0.23040394
vn -0.8123149 -0.38276795 0.44003767
vn -0.9618176 -0.09485975 0.25672626
vn -0.82351094 -0.19733477 0.5318727
vn -0.9435717 -0.014925102 0.3308319
vn -0.96015936 -0.16155246 0.22802354
vn -0.9854702 -0.00035762455 0.16984782
vn -0.98194396 0.023698643 0.1876818
vn -0.9435717 -0.014925102 0.3308319
vn -0.9616225 0.08368362 0.2613027
vn -0.9768562 0.18808986 0.1018532
vn -0.9854028 0.1476793 0.084687896
vn -0.9328775 0.36005712 -0.009918141
vn -0.9424321 0.33018976 -0.052881867
vn -0.9428804 0.32262206 -0.08301581
vn -0.98500776 -0.0054121306 0.17242524
vn -0.9786471 0.16530524 0.122163996
vn -0.94709146 0.044876214 0.3178111
vn -0.92612725 -0.12736514 0.35505837
vn -0.97464585 0.20996134 -0.07734226
vn -0.8696953 0.33454585 -0.36291742
vn -0.72816974 -0.34811103 0.59041303
vn -0.86075884 -0.07338696 0.50369495
vn -0.9657386 0.08666816 0.24461754
vn -0.91780156 0.15722264 -0.36458388
vn -0.8322236 0.2803086 -0.47836283
vn -0.76801115 0.2082156 -0.60564446
vn -0.6020529 -0.66497135 0.44197914
vn -0.9895331 0.012462968 -0.1437665
vn -0.9735584 -0.16667841 0.15621184
vn -0.7872895 -0.46864966 0.40067795
vn -0.83269817 -0.5532963 -0.021839073
vn -0.41074058 -0.88966775 0.19945762
vn -0.9457397 -0.2394151 -0.21967445
vn -0.92491305 -0.039428137 -0.37812865
vn -0.59184617 -0.787205 0.17328143
vn -0.38519555 -0.91907156 -0.083257176
vn -0.5956248 -0.7785418 -0.19774686
vn -0.7798295 -0.53199023 -0.32992786
vn -0.5514617 -0.6637091 -0.5053516
vn -0.8525745 -0.2684084 -0.4484123
vn -0.7020856 -0.4804785 -0.5255628
vn -0.7036726 -0.22311337 -0.6745853
vn -0.82535464 -0.081455424 -0.5587082
vn -0.51289135 -0.23570302 -0.8254614
vn -0.49023077 -0.08008687 -0.86790544
vn -0.71404666 -0.124880694 -0.68887025
vn -0.6526468 -0.048312526 -0.7561204
vn -0.63186145 0.08648993 -0.7702406
vn -0.75044453 0.038723554 -0.659798
vn -0.6623703 0.16598597 -0.7305575
vn -0.86668307 0.08772448 -0.49108544
vn -0.109970756 -0.2775674 -0.9543913
vn -0 -0.3067168 -0.9518008
vn -0 -0.538393 -0.84269387
vn -0.24601178 -0.4979511 -0.8315785
vn -0.22471118 -0.23535663 -0.945575
vn -0.42846042 -0.40356883 -0.80842674
vn -0.3576005 -0.20966323 -0.9100347
vn -0.49023077 -0.08008687 -0.86790544
vn -0.55169606 -0.41903508 -0.7211387
vn -0.82487917 -0.20283425 -0.52766705
vn -0.63186145 0.08648993 -0.7702406
vn -0.6623703 0.16598597 -0.7305575
vn -0.88909405 -0.14879426 -0.43286473
vn -0.76801115 0.2082156 -0.60564446
vn -0.9219099 0.07398072 -0.38027474
vn -0.8322236 0.2803086 -0.47836283
vn -0.8696953 0.33454585 -0.36291742
vn -0.98187584 0.10287976 -0.15917155
vn -0.97964966 0.18372306 -0.080822885
vn -0.9428804 0.32262206 -0.08301581
vn -0.9424321 0.33018976 -0.052881867
vn -0.9649446 0.26054835 0.031567175
vn -0.9328775 0.36005712 -0.009918141
vn -0.9540411 0.29191524 0.067757525
vn -0.91172755 0.4102297 0.021553393
vn -0.9576664 0.2542937 0.13494302
vn -0.9768562 0.18808986 0.1018532
vn -0.9041012 0.41223392 0.1125358
vn -0.8261054 0.552835 0.10919374
vn -0.848355 0.51852125 0.10690865
vn -0.62127197 0.7196913 0.30994454
vn -0.64572835 0.7055234 0.29201305
vn -0.36829033 0.82036215 0.43745652
vn -0.8949374 0.36187553 0.26102343
vn -0.8919657 0.19340387 0.40864676
vn -0.69514483 0.5318731 0.48361635
vn -0.3724861 0.82069486 0.4332598
vn -0.22492914 0.81979686 0.52663076
vn -0.17160179 0.84476477 0.5068779
vn -0 0.8247759 0.5654598
vn 0.010189864 0.83810365 0.5454159
vn -0.41049382 0.6578582 0.6314409
vn -0.17122766 0.71061146 0.68243116
vn 0.015565577 0.72346705 0.6901834
vn -0.6906902 0.3514724 0.6319923
vn -0.18997082 0.44736606 0.8739421
vn 0.01705649 0.4483307 0.89370495
vn -0.17730954 0.1714207 0.9691111
vn 0.02104431 0.16248327 0.9864869
vn -0.14321658 -0.065528676 0.9875196
vn 0.011535291 -0.06423247 0.9978683
vn -0.41337812 0.4269683 0.80424905
vn -0.11718491 -0.2960081 0.94796985
vn -0 -0.32703808 0.94501114
vn -0.17007834 -0.5597553 0.81101626
vn -0 -0.60863924 0.79344714
vn -0.27828804 -0.33651108 0.89961994
vn -0.33096874 -0.5531007 0.7645517
vn -0.42834765 -0.5085466 0.7469261
vn -0.4448816 -0.31954113 0.8366445
vn -0.61249375 -0.39129627 0.68683225
vn -0.12714949 -0.2782364 0.9520596
vn 0.026487667 -0.22801803 0.9732965
vn 0.016928054 0.04153334 0.9989937
vn 0.12745784 -0.67451817 -0.7271725
vn -0.0052927476 0.3374008 0.94134617
vn -0.647969 -0.119983226 0.7521571
vn -0.67205906 -0.6115004 -0.41761693
vn -0.82351094 -0.19733477 0.5318727
vn -0.8782772 -0.2067306 -0.43115166
vn -0.31254643 0.23377202 0.92068744
vn -0.5263723 0.41543782 0.74185157
vn -0.650446 0.74347585 -0.1554471
vn -0.86220187 0.033759486 0.5054386
vn -0.9435717 -0.014925102 0.3308319
vn -0.9616225 0.08368362 0.2613027
vn -0.98194396 0.023698643 0.1876818
vn -0.9768562 0.18808986 0.1018532
vn -0.62256205 -0.28734368 -0.72790796
vn -0.776293 -0.38700208 -0.4975928
vn -0.5811484 -0.6250158 -0.5211733
vn -0.44174686 -0.70067227 -0.56028396
vn -0.40502438 -0.61092216 -0.6802421
vn -0.60195434 -0.25453365 -0.75687754
vn -0.40607896 -0.5597176 -0.7223684
vn -0.57620925 -0.22973983 -0.7843484
vn -0.34837058 -0.5411045 -0.7654044
vn -0.6225468 -0.26134947 -0.737653
vn -0.33359644 -0.6054422 -0.7226016
vn -0.30193943 -0.713506 -0.6322513
vn -0.6656633 -0.28486195 -0.6897435
vn -0.26149428 -0.7066639 -0.6574549
vn -0.66481346 -0.26636407 -0.6979063
vn 0.2742267 -0.6604138 -0.6990373
vn 0.14424141 -0.50536954 -0.8507621
vn -0.5627596 -0.08108563 -0.8226341
vn -0.62256205 -0.28734368 -0.72790796
vn -0.8573277 -0.08830761 -0.5071399
vn -0.776293 -0.38700208 -0.4975928
vn -0.839405 0.07095175 -0.53885543
vn -0.7564493 0.064658664 -0.6508484
vn -0.60195434 -0.25453365 -0.75687754
vn -0.7211742 0.06494573 -0.6897027
vn -0.57620925 -0.22973983 -0.7843484
vn -0.7008482 0.10671509 -0.70528275
vn -0.6225468 -0.26134947 -0.737653
vn -0.7455043 0.14272064 -0.65104073
vn -0.80807406 0.22278544 -0.5453284
vn -0.6656633 -0.28486195 -0.6897435
vn -0.7682885 0.2815039 -0.5748812
vn -0.66481346 -0.26636407 -0.6979063
vn -0.5627596 -0.08108563 -0.8226341
vn -0.6769525 0.36899322 -0.63685113
vn 0.59657574 0.8025473 -0.0039100964
vn -0.7682885 0.2815039 -0.5748812
vn -0.6769525 0.36899322 -0.63685113
vn -0.53639615 0.8201153 -0.19922331
vn -0.80807406 0.22278544 -0.5453284
vn -0.7593662 -0.02408037 -0.6502177
vn 0.9030235 -0.15381393 -0.4011107
vn -0.5670523 0.8115733 -0.14071403
vn -0.7455043 0.14272064 -0.65104073
vn -0.6934993 0.023960633 -0.72005874
vn 0.058603406 -0.9453913 -0.32062596
vn 0.59452176 -0.8015291 -0.06399167
vn 0.14915669 -0.8621572 -0.48418707
vn 0.3255829 -0.9408547 0.09374574
vn 0.8492988 -0.37187517 0.37470043
vn 0.63867223 -0.57328624 0.5132647
vn 0.7120905 -0.23133169 0.6628822
vn 0.6723386 -0.07693746 0.73623455
vn 0.58854645 0.1369683 0.7967764
vn 0.52449155 0.26989928 0.8075043
vn 0.7399664 -0.5220964 0.42410502
vn 0.75379944 -0.10235516 0.64908385
vn 0.7946783 -0.1422849 0.5901199
vn 0.6015638 0.26692724 0.75290835
vn 0.6407858 0.26941803 0.7188931
vn 0.6576724 0.2804359 0.6991585
vn 0.48542175 -0.8739498 0.024032665
vn 0.5422628 -0.83590114 -0.08497295
vn 0.80596864 -0.45670125 0.3766146
vn 0.06399092 -0.7748528 -0.6288944
vn 0.57488227 -0.8092508 -0.12092747
vn 0.81909657 -0.4327698 0.37655172
vn 0.8097814 -0.17867453 0.55886453
vn -0.13952415 -0.60740215 -0.7820458
vn -0.7008482 0.10671509 -0.70528275
vn 0.6059611 -0.77991027 -0.15668777
vn 0.8209948 -0.18495984 0.5401457
vn 0.6682435 0.29516396 0.6828826
vn 0.831586 -0.4251388 0.3573817
vn -0.3785079 -0.41741723 -0.82613236
vn -0.7211742 0.06494573 -0.6897027
vn 0.6380067 -0.75144595 -0.16815625
vn 0.8355092 -0.16860864 0.52296805
vn 0.6853007 0.3130869 0.65752536
vn 0.7282127 0.35142273 0.5883946
vn 0.84411705 -0.4292589 0.3212527
vn -0.50068235 -0.32530046 -0.80218244
vn -0.7564493 0.064658664 -0.6508484
vn -0.839405 0.07095175 -0.53885543
vn 0.673305 -0.71927273 -0.17119327
vn 0.8707176 -0.35849154 0.33665204
vn -0.6114928 -0.24890772 -0.7510803
vn -0.8573277 -0.08830761 -0.5071399
vn 0.77109367 -0.58532935 -0.25060722
vn -0.6652911 -0.21763107 -0.71416
vn -0.776293 -0.38700208 -0.4975928
vn -0.6135964 -0.29306525 -0.7332204
vn 0.92480963 -0.2160877 -0.31310248
vn 0.824532 0.44612086 -0.3480275
vn 0.9839541 -0.0023840715 0.17840604
vn 0.87471724 0.45156845 0.1759424
vn 0.93406534 -0.3061415 0.18384585
vn 0.56508917 0.28230616 0.77522737
vn 0.52449155 0.26989928 0.8075043
vn 0.58854645 0.1369683 0.7967764
vn 0.3186641 0.5448713 0.77560836
vn 0.68268824 0.36807084 0.63123745
vn 0.35957712 0.7199172 0.5936527
vn 0.3136607 0.62550956 0.71439123
vn 0.6015638 0.26692724 0.75290835
vn 0.33311287 0.671757 0.66164815
vn 0.6407858 0.26941803 0.7188931
vn 0.6576724 0.2804359 0.6991585
vn -0.042533763 0.85510975 0.5166994
vn 0.45017952 0.8454754 0.28724515
vn -0.45881194 0.8782849 0.13456322
vn 0.24042259 0.96822304 -0.06885565
vn -0.0067710415 0.8914888 0.45299226
vn -0.4483757 0.8927936 0.04334505
vn -0.70343405 0.5759271 -0.41651955
vn 0.9375692 0.122548714 -0.3254932
vn 0.3298723 0.69741434 0.6362369
vn 0.04644308 0.88928485 0.45498958
vn -0.40207532 0.9155415 0.0109197395
vn 0.33626917 0.7182199 0.60916597
vn 0.6682435 0.29516396 0.6828826
vn -0.6728107 0.45651945 -0.5821648
vn -0.35379994 0.93437517 -0.042055465
vn 0.09899497 0.8938158 0.43737087
vn 0.3575356 0.73490787 0.5762627
vn 0.6853007 0.3130869 0.65752536
vn 0.7282127 0.35142273 0.5883946
vn 0.12197137 0.91244876 0.39058968
vn -0.2963926 0.9517368 -0.07967696
vn -0.63075924 0.21572082 -0.7453907
vn -0.33359644 -0.6054422 -0.7226016
vn 0.20695314 0.8994355 0.3849495
vn -0.23154591 0.9668091 -0.10801264
vn -0.6135931 -0.06494512 -0.786947
vn -0.34837058 -0.5411045 -0.7654044
vn -0.40607896 -0.5597176 -0.7223684
vn -0.5924222 -0.16393653 -0.7887717
vn -0.40502438 -0.61092216 -0.6802421
vn -0.44174686 -0.70067227 -0.56028396
vn -0.5821219 -0.3124232 -0.75068355
vn -0.5811484 -0.6250158 -0.5211733
vn -0.05302204 0.97652096 -0.20879513
vn -0.58307874 -0.3803268 -0.7178931
vn -0.776293 -0.38700208 -0.4975928
vn -0.6135964 -0.29306525 -0.7332204
vn 0.33741614 0.8971379 -0.28512105
vn 0.824532 0.44612086 -0.3480275
vn 0.56609863 0.8003201 0.1975349
vn 0.87471724 0.45156845 0.1759424
vn 0.28706712 0.93339735 0.21531822
vn 0.99200237 -0.09722615 0.08048933
vn 0.2742267 -0.6604138 -0.6990373
vn -0.26149428 -0.7066639 -0.6574549
vn 0.552608 -0.8051416 -0.21534021
vn -0.30193943 -0.713506 -0.6322513
vn -0.37927684 -0.48894954 -0.7855427
vn 0.40950727 -0.87013143 -0.27418104
vn -0.42246655 -0.6196811 -0.661451
vn -0.12416467 -0.54397744 -0.82986253
vn -0.32368797 -0.27769545 -0.9044951
vn -0.46521968 -0.14740779 -0.8728353
vn -0.5832535 -0.24769916 -0.77360237
vn -0.4581447 -0.6185168 -0.63838893
vn -0.6035849 -0.30415285 -0.737005
vn -0.47636202 -0.60094917 -0.6418251
vn -0.6211271 -0.31819296 -0.71620834
vn -0.41971576 -0.5636324 -0.7114473
vn -0.57791495 -0.27099296 -0.7697903
vn -0.52860177 -0.0756116 -0.84549576
vn -0.35704386 -0.5357089 -0.76520306
vn -0.5597065 0.058298796 -0.8266376
vn -0.3112725 -0.531328 -0.78790855
vn -0.22883657 -0.51925725 -0.82341105
vn -0.654275 0.28434092 -0.70076716
vn -0.7078487 -0.576288 -0.4084633
vn 0.016928054 0.04153334 0.9989937
vn 0.026487667 -0.22801803 0.9732965
vn 0.6225603 -0.3643881 0.69256026
vn 0.504018 0.058624484 0.86170125
vn -0.0052927476 0.3374008 0.94134617
vn 0.016928054 0.04153334 0.9989937
vn 0.28987363 0.57769686 0.76304626
vn 0.026487667 -0.22801803 0.9732965
vn 0.67374885 -0.716569 0.18053104
vn -0.12714949 -0.2782364 0.9520596
vn 0.12745784 -0.67451817 -0.7271725
vn -0.42246655 -0.6196811 -0.661451
vn -0.01258858 -0.77602756 -0.6305734
vn -0.12416467 -0.54397744 -0.82986253
vn -0.0080108745 -0.87039584 -0.4922873
vn -0.17356862 -0.8743549 -0.4531858
vn -0.4581447 -0.6185168 -0.63838893
vn -0.23841922 -0.8517616 -0.46653876
vn -0.47636202 -0.60094917 -0.6418251
vn -0.27723327 -0.8299416 -0.48408538
vn -0.41971576 -0.5636324 -0.7114473
vn -0.23479676 -0.82008386 -0.52185535
vn -0.080585435 -0.88708335 -0.45452085
vn -0.35704386 -0.5357089 -0.76520306
vn -0.0092506725 -0.9428056 -0.3332149
vn -0.3112725 -0.531328 -0.78790855
vn -0.22883657 -0.51925725 -0.82341105
vn 0.05016337 -0.9952088 -0.083923504
vn -0.7078487 -0.576288 -0.4084633
vn -0.650446 0.74347585 -0.1554471
vn -0.5263723 0.41543782 0.74185157
vn -0.021553276 0.999724 -0.009346111
vn -0.1434341 0.9727342 -0.18224907
vn 0.091124654 0.92362064 0.37231883
vn -0.29421157 0.55921656 -0.77505904
vn -0.8782772 -0.2067306 -0.43115166
vn 0.07610243 0.91461205 0.39710596
vn 0.28987363 0.57769686 0.76304626
vn 0.3134326 0.574531 0.75609124
vn -0.23469786 0.9627762 -0.13408582
vn 0.085258506 0.91421616 0.3961564
vn 0.058174003 0.9273508 0.36964336
vn 0.377839 0.5586762 0.7383214
vn 0.41914946 0.5520471 0.72080356
vn 0.38977033 0.5542091 0.7354804
vn -0.10857489 -0.5482865 -0.8292126
vn -0.67205906 -0.6115004 -0.41761693
vn -0.48122334 0.54540557 -0.686263
vn 0.14872487 -0.916036 0.37250358
vn -0.7078487 -0.576288 -0.4084633
vn 0.05016337 -0.9952088 -0.083923504
vn -0.0092506725 -0.9428056 -0.3332149
vn -0.33397916 -0.6278322 -0.7030538
vn 0.19826795 -0.93743354 0.2861963
vn -0.080585435 -0.88708335 -0.45452085
vn -0.31414214 0.9458597 -0.081635
vn -0.62209374 0.45858312 -0.63458717
vn 0.24785925 -0.93677974 0.24700096
vn -0.23479676 -0.82008386 -0.52185535
vn -0.41656098 -0.6282746 -0.65707535
vn -0.711239 0.3249951 -0.6233116
vn -0.38661876 0.92131895 -0.041198637
vn -0.7773576 0.15598889 -0.6094117
vn -0.27723327 -0.8299416 -0.48408538
vn -0.036335435 0.9362574 0.34943053
vn -0.42619812 0.9044669 0.017166179
vn -0.12531273 0.9350294 0.33168775
vn 0.3297864 0.55731326 0.76199925
vn -0.8092247 0.043433487 -0.5858916
vn -0.23841922 -0.8517616 -0.46653876
vn -0.4461284 0.8938363 0.045013387
vn -0.16717887 0.9260462 0.3383632
vn 0.26569802 0.545609 0.7948052
vn 0.16593972 0.53769773 0.8266469
vn -0.38814566 0.9051425 0.17337808
vn -0.82704383 0.015750859 -0.56191677
vn -0.17356862 -0.8743549 -0.4531858
vn -0.0080108745 -0.87039584 -0.4922873
vn -0.8393027 -0.093133986 -0.5356277
vn -0.01258858 -0.77602756 -0.6305734
vn -0.4877094 0.8390016 0.24127977
vn -0.8514076 -0.33615124 -0.4026257
vn -0.12416467 -0.54397744 -0.82986253
vn -0.79461926 -0.58801305 -0.15106541
vn -0.49630028 0.6860727 0.53196836
vn -0.3307259 0.29384944 0.8968127
vn -0.5263723 0.41543782 0.74185157
vn -0.0052927476 0.3374008 0.94134617
vn 0.091124654 0.92362064 0.37231883
vn 0.28987363 0.57769686 0.76304626
vn -0.2660272 -0.8791439 0.395393
vn 0.035619855 -0.91255003 0.40741104
vn -0.31568888 -0.8574455 0.40635914
vn -0.021982066 -0.9502832 0.31061
vn -0.3143566 -0.8504436 0.42181242
vn -0.37970853 -0.75812954 0.5301519
vn -0.346565 -0.8368247 0.42381257
vn -0.17480634 -0.95080143 0.25577226
vn -0.006318116 -0.85277885 0.522234
vn -0.31382924 -0.7194493 0.61959994
vn -0.5014669 -0.8001345 0.32911372
vn -0.3083299 -0.85021985 0.42668355
vn -0.44316834 -0.8182687 0.36611214
vn -0.43688354 -0.86692446 0.23994741
vn -0.37326813 -0.79767704 0.47369006
vn -0.45595232 -0.73974234 0.49486226
vn -0.20086548 -0.7709181 0.60443217
vn -0.40245304 -0.86103016 0.3108997
vn -0.36521462 -0.7933488 0.4870482
vn -0.6038589 -0.7407332 0.29439548
vn -0.549028 -0.7156103 0.43182188
vn -0.63096005 -0.69542944 0.3438999
vn -0.4916115 -0.66219723 0.56552005
vn -0.5152655 -0.76886904 0.37860525
vn -0.5533235 -0.69945073 0.45232904
vn -0.65794885 -0.6556123 0.37050745
vn -0.63252246 -0.6695487 0.38938397
vn -0.6585561 -0.6319725 0.40855175
vn -0.62775475 -0.6263719 0.4621496
vn -0.6060166 -0.67115307 0.42696303
vn 0.2660272 -0.8791439 0.395393
vn -0.035619855 -0.91255003 0.40741104
vn 0.31568888 -0.8574455 0.40635914
vn 0.021982066 -0.9502832 0.31061
vn 0.3143566 -0.8504436 0.42181242
vn 0.37970853 -0.75812954 0.5301519
vn 0.346565 -0.8368247 0.42381257
vn 0.17480634 -0.95080143 0.25577226
vn 0.006318116 -0.85277885 0.522234
vn 0.31382924 -0.7194493 0.61959994
vn 0.5014669 -0.8001345 0.32911372
vn 0.3083299 -0.85021985 0.42668355
vn 0.44316834 -0.8182687 0.36611214
vn 0.43688354 -0.86692446 0.23994741
vn 0.37326813 -0.79767704 0.47369006
vn 0.45595232 -0.73974234 0.49486226
vn 0.20086548 -0.7709181 0.60443217
vn 0.40245304 -0.86103016 0.3108997
vn 0.36521462 -0.7933488 0.4870482
vn 0.6038589 -0.7407332 0.29439548
vn 0.549028 -0.7156103 0.43182188
vn 0.63098884 -0.6954085 0.3438896
vn 0.4916115 -0.66219723 0.56552005
vn 0.5152655 -0.76886904 0.37860525
vn 0.5533235 -0.69945073 0.45232904
vn 0.65794885 -0.6556123 0.37050745
vn 0.63252246 -0.6695487 0.38938397
vn 0.6585561 -0.6319725 0.40855175
vn 0.62775475 -0.6263719 0.4621496
vn 0.60605645 -0.67112064 0.42695752
vn -0.12416467 -0.54397744 -0.82986253
vn -0.79461926 -0.58801305 -0.15106541
vn -0.5373035 -0.83129936 -0.14228912
vn -0.32368797 -0.27769545 -0.9044951
vn 0.007820372 -0.17136863 0.98517597
vn -0.3307259 0.29384944 0.8968127
vn 0.16593972 0.53769773 0.8266469
vn -0.31948185 -0.9425072 -0.09803801
vn -0.46521968 -0.14740779 -0.8728353
vn 0.25692937 -0.40883148 0.87569624
vn -0.23765464 -0.96562696 -0.10528521
vn -0.5832535 -0.24769916 -0.77360237
vn -0.6035849 -0.30415285 -0.737005
vn 0.42993376 -0.35993126 0.8280136
vn -0.21638963 -0.96692264 -0.13504086
vn -0.6211271 -0.31819296 -0.71620834
vn 0.50671047 -0.10824104 0.85529435
vn 0.26569802 0.545609 0.7948052
vn 0.3297864 0.55731326 0.76199925
vn -0.1549726 -0.98418325 -0.08583098
vn -0.57791495 -0.27099296 -0.7697903
vn 0.45061493 -0.47251385 0.7574146
vn 0.5370413 -0.101982765 0.8373686
vn 0.38977033 0.5542091 0.7354804
vn 0.47224864 -0.48990315 0.73278654
vn 0.5665174 -0.056395426 0.8221178
vn 0.5758661 -0.001327035 0.81754297
vn 0.41914946 0.5520471 0.72080356
vn 0.377839 0.5586762 0.7383214
vn -0.008487602 -0.9999634 -0.0011443957
vn 0.49564016 -0.524597 0.6921986
vn 0.5321266 -0.5161175 0.6711661
vn 0.5517229 0.03350512 0.83335423
vn 0.3134326 0.574531 0.75609124
vn 0.5925632 -0.5007724 0.6309484
vn 0.5308142 0.048518088 0.8460983
vn 0.28987363 0.57769686 0.76304626
vn 0.504018 0.058624484 0.86170125
vn 0.65952736 -0.48473424 0.5745055
vn 0.6225603 -0.3643881 0.69256026
vn 0.67374885 -0.716569 0.18053104
vn 0.53072 -0.8455221 -0.058555633
vn 0.12745784 -0.67451817 -0.7271725
vn 0.16651165 -0.9839422 0.06427769
vn 0.36072582 -0.93073463 0.060081236
vn -0.17452319 -0.3996718 -0.89989114
vn -0.67205906 -0.6115004 -0.41761693
vn -0.40906918 -0.4724751 -0.7806598
vn -0.7060076 0.55672127 -0.43773806
vn -0.7078487 -0.576288 -0.4084633
vn -0.654275 0.28434092 -0.70076716
vn -0.5597065 0.058298796 -0.8266376
vn -0.67600685 0.51661927 -0.5254705
vn -0.52860177 -0.0756116 -0.84549576
vn -0.47732648 -0.5077495 -0.71718186
vn -0.6193212 0.5390212 -0.5708742
vn -0.823087 -0.022139953 -0.56748354
vn -0.2584097 0.94134325 -0.21701919
vn -0.053763688 -0.40762168 0.9115668
vn 0.80906737 0.40911677 -0.42194015
vn 0.2850377 -0.56669295 -0.7730541
vn 0.82310086 -0.02210979 -0.56746465
vn 0.053795066 -0.40761274 0.9115689
vn 0.2583681 0.9413542 -0.2170211
vn -0.8090635 0.40912744 -0.42193717
vn -0.28506175 -0.56668735 -0.77304935
vn -0.19966362 -0.9699762 -0.13885495
vn 0.17269833 0.9250633 0.33827993
vn -0.025236653 0.9207088 0.38943368
vn 0.0056907535 -0.9827443 -0.1848817
vn -0.025731314 0.913864 0.40520415
vn -0.3137112 -0.9401337 -0.13316871
vn 0.2921933 0.9185593 0.26621765
vn -0.57620966 -0.67489105 0.46098205
vn 0.0032186483 0.72478306 0.68896955
vn 0.016081331 -0.98407483 -0.17702578
vn -0.024497421 0.8425802 0.5380134
vn -0.35827366 -0.88633806 -0.293334
vn -0.32587183 -0.90420604 -0.27607787
vn -0.3733611 -0.79836327 -0.47245908
vn -0.51760644 -0.009632104 0.8555646
vn 0.106144205 0.76990306 0.6292715
vn -0.42757723 -0.8777922 -0.2160059
vn -0.074720226 -0.9612005 -0.26553816
vn -0.676681 -0.17952958 0.7140532
vn 0.27537203 0.78267646 0.55820054
vn -0.4790346 -0.8126087 -0.33195296
vn 0.04923565 -0.9464814 -0.31898066
vn -0.9817479 -0.071524695 -0.17622493
vn 0.21896362 0.9081125 0.35691264
vn -0.46738896 -0.8069398 -0.36110353
vn -0.23851475 0.18725458 -0.95291466
vn 0.29096702 0.9226591 0.2530583
vn -0.34194094 -0.7948423 -0.5013004
vn -0.08313617 0.22904767 -0.9698585
vn 0.32980224 0.8920849 0.30889305
vn -0.26869926 -0.74475235 -0.6108557
vn -0.2583004 0.9572897 -0.12991314
vn 0.4935878 0.8690387 0.03380787
vn -0.2991203 -0.7496485 -0.5903847
vn -0.87000334 0.35888743 0.33807373
vn -0.5047071 0.81383985 -0.2879851
vn 0.13039045 0.9620379 -0.23975252
vn -0.8871013 0.32866946 0.32407996
vn -0.62320095 -0.7803422 -0.051832084
vn -0.082635485 -0.93156856 -0.35404995
vn -0.1781493 -0.19791454 -0.9638945
vn 0.024485368 0.9982496 0.053834427
vn -0.56185603 -0.8244021 -0.06840215
vn 0.25037912 -0.028276265 -0.9677348
vn -0.14647575 0.9731978 0.17728752
vn -0.0826356 -0.94028383 -0.3302086
vn 0.41860744 0.19688796 -0.886568
vn -0.25557217 0.8959034 0.3633729
vn 0.17912444 -0.8971044 -0.40387878
vn 0.22912088 -0.8799615 -0.4161387
vn 0.01955036 -0.9458143 -0.3241188
vn 0.33029118 -0.8202623 -0.4669877
vn 0.3810048 -0.7997751 -0.46389106
vn 0.17490436 0.30841914 -0.93503267
vn 0.41272983 0.834305 0.3654987
vn -0.8104956 0.0047445507 -0.5857255
vn -0.78916615 -0.06930833 -0.6102567
vn 0.019049654 0.08145575 -0.9964948
vn 0.7575278 -0.16134986 -0.6325487
vn -0.8301161 -0.4343283 -0.3496656
vn -0.61905605 -0.7107045 -0.33416867
vn 0.12667216 -0.96889424 -0.21259849
vn 0.18086593 -0.16615538 -0.9693709
vn -0.07472109 0.9878252 -0.13644825
vn 0.16949162 -0.95784575 -0.23195723
vn 0.19049644 -0.9443283 -0.26824474
vn 0.40501365 -0.8897381 0.2105475
vn -0.046539355 0.8455644 0.531841
vn 0.50616246 -0.09307859 -0.85740066
vn -0.19473946 0.9786564 -0.06563636
vn 0.36768842 -0.91173476 -0.18315281
vn 0.3114716 -0.9435941 -0.11231958
vn 0.5291948 -0.052523706 0.84687316
vn -0.29320428 0.91055936 0.29139832
vn 0.9622989 -0.17506963 -0.20816192
vn -0.19569245 0.97705555 0.08406573
vn 0.62499034 -0.14840361 0.7663964
vn 0.4431784 -0.8865475 -0.13276516
vn 0.42805433 -0.8969376 -0.11078058
vn 0.34835395 -0.9241358 -0.15691546
vn 0.3803233 -0.922961 -0.059136424
g Wp_Special_Emma_S005_Rabbit_0
f 3/3/3 2/2/2 1/1/1
f 6/6/6 5/5/5 4/4/4
f 9/9/9 8/8/8 7/7/7
f 9/9/9 11/11/11 10/10/10
f 10/10/10 11/11/11 12/12/12
f 13/13/13 10/10/10 12/12/12
f 14/14/14 9/9/9 10/10/10
f 15/15/15 14/14/14 10/10/10
f 16/16/16 15/15/15 10/10/10
f 17/17/17 16/16/16 10/10/10
f 17/17/17 10/10/10 18/18/18
f 17/17/17 19/19/19 16/16/16
f 20/20/20 17/17/17 18/18/18
f 21/21/21 19/19/19 17/17/17
f 20/20/20 21/21/21 17/17/17
f 23/23/23 21/21/21 22/22/22
f 24/24/24 23/23/23 22/22/22
f 26/26/26 23/23/23 25/25/25
f 27/27/27 26/26/26 25/25/25
f 28/28/28 26/26/26 27/27/27
f 29/29/29 26/26/26 28/28/28
f 29/29/29 28/28/28 30/30/30
f 28/28/28 31/31/31 30/30/30
f 31/31/31 32/32/32 30/30/30
f 30/30/30 32/32/32 33/33/33
f 34/34/34 33/33/33 32/32/32
f 35/35/35 33/33/33 34/34/34
f 36/36/36 35/35/35 34/34/34
f 36/36/36 37/37/37 35/35/35
f 38/38/38 35/35/35 37/37/37
f 39/39/39 38/38/38 37/37/37
f 40/40/40 39/39/39 37/37/37
f 40/40/40 41/41/41 39/39/39
f 39/39/39 41/41/41 42/42/42
f 43/43/43 42/42/42 41/41/41
f 44/44/44 42/42/42 43/43/43
f 45/45/45 44/44/44 43/43/43
f 48/48/48 47/47/47 46/46/46
f 51/51/51 50/50/50 49/49/49
f 50/50/50 52/52/52 49/49/49
f 50/50/50 53/53/53 52/52/52
f 52/52/52 54/54/54 49/49/49
f 54/54/54 55/55/55 49/49/49
f 53/53/53 56/56/56 52/52/52
f 53/53/53 57/57/57 56/56/56
f 54/54/54 58/58/58 55/55/55
f 58/58/58 59/59/59 55/55/55
f 54/54/54 52/52/52 60/60/60
f 52/52/52 56/56/56 60/60/60
f 57/57/57 61/61/61 56/56/56
f 57/57/57 62/62/62 61/61/61
f 58/58/58 63/63/63 59/59/59
f 63/63/63 64/64/64 59/59/59
f 64/64/64 63/63/63 65/65/65
f 63/63/63 66/66/66 65/65/65
f 63/63/63 58/58/58 66/66/66
f 58/58/58 54/54/54 67/67/67
f 54/54/54 60/60/60 67/67/67
f 58/58/58 67/67/67 66/66/66
f 68/68/68 67/67/67 60/60/60
f 67/67/67 68/68/68 66/66/66
f 69/69/69 60/60/60 56/56/56
f 61/61/61 69/69/69 56/56/56
f 69/69/69 68/68/68 60/60/60
f 62/62/62 70/70/70 61/61/61
f 70/70/70 62/62/62 71/71/71
f 69/69/69 61/61/61 72/72/72
f 61/61/61 70/70/70 72/72/72
f 69/69/69 72/72/72 68/68/68
f 73/73/73 70/70/70 71/71/71
f 72/72/72 70/70/70 73/73/73
f 73/73/73 71/71/71 74/74/74
f 71/71/71 75/75/75 74/74/74
f 73/73/73 74/74/74 76/76/76
f 77/77/77 73/73/73 76/76/76
f 77/77/77 72/72/72 73/73/73
f 77/77/77 76/76/76 78/78/78
f 79/79/79 72/72/72 77/77/77
f 72/72/72 79/79/79 68/68/68
f 80/80/80 77/77/77 78/78/78
f 80/80/80 79/79/79 77/77/77
f 68/68/68 79/79/79 81/81/81
f 81/81/81 79/79/79 80/80/80
f 82/82/82 80/80/80 78/78/78
f 82/82/82 81/81/81 80/80/80
f 83/83/83 82/82/82 78/78/78
f 83/83/83 84/84/84 82/82/82
f 84/84/84 81/81/81 82/82/82
f 85/85/85 68/68/68 81/81/81
f 68/68/68 85/85/85 66/66/66
f 86/86/86 85/85/85 81/81/81
f 85/85/85 86/86/86 66/66/66
f 87/87/87 86/86/86 81/81/81
f 86/86/86 88/88/88 66/66/66
f 91/91/91 90/90/90 89/89/89
f 92/92/92 91/91/91 89/89/89
f 89/89/89 93/93/93 92/92/92
f 91/91/91 92/92/92 94/94/94
f 95/95/95 91/91/91 94/94/94
f 93/93/93 96/96/96 92/92/92
f 93/93/93 97/97/97 96/96/96
f 95/95/95 94/94/94 98/98/98
f 99/99/99 95/95/95 98/98/98
f 94/94/94 92/92/92 100/100/100
f 92/92/92 96/96/96 100/100/100
f 97/97/97 101/101/101 96/96/96
f 97/97/97 102/102/102 101/101/101
f 94/94/94 100/100/100 103/103/103
f 98/98/98 94/94/94 103/103/103
f 104/104/104 100/100/100 96/96/96
f 101/101/101 104/104/104 96/96/96
f 103/103/103 100/100/100 104/104/104
f 99/99/99 98/98/98 105/105/105
f 106/106/106 99/99/99 105/105/105
f 106/106/106 105/105/105 107/107/107
f 105/105/105 108/108/108 107/107/107
f 105/105/105 98/98/98 108/108/108
f 98/98/98 103/103/103 108/108/108
f 102/102/102 109/109/109 101/101/101
f 109/109/109 102/102/102 110/110/110
f 101/101/101 109/109/109 111/111/111
f 104/104/104 101/101/101 111/111/111
f 112/112/112 103/103/103 104/104/104
f 103/103/103 112/112/112 108/108/108
f 113/113/113 109/109/109 110/110/110
f 111/111/111 109/109/109 113/113/113
f 104/104/104 111/111/111 114/114/114
f 112/112/112 104/104/104 114/114/114
f 112/112/112 115/115/115 108/108/108
f 112/112/112 114/114/114 115/115/115
f 116/116/116 113/113/113 110/110/110
f 117/117/117 116/116/116 110/110/110
f 116/116/116 118/118/118 113/113/113
f 119/119/119 111/111/111 113/113/113
f 118/118/118 119/119/119 113/113/113
f 114/114/114 111/111/111 119/119/119
f 118/118/118 120/120/120 119/119/119
f 115/115/115 121/121/121 108/108/108
f 121/121/121 122/122/122 108/108/108
f 121/121/121 115/115/115 123/123/123
f 115/115/115 124/124/124 123/123/123
f 114/114/114 124/124/124 115/115/115
f 125/125/125 114/114/114 119/119/119
f 120/120/120 125/125/125 119/119/119
f 124/124/124 114/114/114 125/125/125
f 125/125/125 120/120/120 126/126/126
f 126/126/126 124/124/124 125/125/125
f 120/120/120 127/127/127 126/126/126
f 128/128/128 124/124/124 126/126/126
f 127/127/127 128/128/128 126/126/126
f 131/131/131 130/130/130 129/129/129
f 132/132/132 131/131/131 129/129/129
f 132/132/132 129/129/129 133/133/133
f 129/129/129 134/134/134 133/133/133
f 132/132/132 135/135/135 131/131/131
f 135/135/135 136/136/136 131/131/131
f 137/137/137 136/136/136 135/135/135
f 138/138/138 135/135/135 132/132/132
f 133/133/133 138/138/138 132/132/132
f 133/133/133 134/134/134 139/139/139
f 134/134/134 140/140/140 139/139/139
f 141/141/141 137/137/137 135/135/135
f 141/141/141 135/135/135 138/138/138
f 142/142/142 138/138/138 133/133/133
f 139/139/139 142/142/142 133/133/133
f 139/139/139 140/140/140 143/143/143
f 140/140/140 144/144/144 143/143/143
f 144/144/144 145/145/145 143/143/143
f 145/145/145 146/146/146 143/143/143
f 143/143/143 146/146/146 139/139/139
f 146/146/146 142/142/142 139/139/139
f 137/137/137 141/141/141 147/147/147
f 148/148/148 137/137/137 147/147/147
f 149/149/149 141/141/141 138/138/138
f 149/149/149 138/138/138 142/142/142
f 141/141/141 149/149/149 147/147/147
f 148/148/148 147/147/147 150/150/150
f 151/151/151 148/148/148 150/150/150
f 150/150/150 152/152/152 151/151/151
f 152/152/152 153/153/153 151/151/151
f 154/154/154 152/152/152 150/150/150
f 150/150/150 147/147/147 155/155/155
f 149/149/149 155/155/155 147/147/147
f 156/156/156 154/154/154 150/150/150
f 156/156/156 150/150/150 155/155/155
f 157/157/157 154/154/154 156/156/156
f 158/158/158 155/155/155 149/149/149
f 156/156/156 155/155/155 158/158/158
f 159/159/159 149/149/149 142/142/142
f 159/159/159 158/158/158 149/149/149
f 160/160/160 157/157/157 156/156/156
f 160/160/160 156/156/156 158/158/158
f 159/159/159 142/142/142 161/161/161
f 142/142/142 146/146/146 161/161/161
f 158/158/158 159/159/159 162/162/162
f 160/160/160 158/158/158 162/162/162
f 159/159/159 161/161/161 162/162/162
f 160/160/160 163/163/163 157/157/157
f 163/163/163 160/160/160 162/162/162
f 163/163/163 164/164/164 157/157/157
f 164/164/164 163/163/163 165/165/165
f 163/163/163 162/162/162 165/165/165
f 166/166/166 162/162/162 161/161/161
f 167/167/167 166/166/166 161/161/161
f 167/167/167 161/161/161 146/146/146
f 168/168/168 167/167/167 146/146/146
f 171/171/171 170/170/170 169/169/169
f 172/172/172 171/171/171 169/169/169
f 173/173/173 172/172/172 169/169/169
f 171/171/171 172/172/172 174/174/174
f 172/172/172 175/175/175 174/174/174
f 172/172/172 173/173/173 175/175/175
f 176/176/176 173/173/173 169/169/169
f 177/177/177 176/176/176 169/169/169
f 178/178/178 177/177/177 169/169/169
f 178/178/178 169/169/169 179/179/179
f 180/180/180 178/178/178 179/179/179
f 180/180/180 181/181/181 178/178/178
f 181/181/181 177/177/177 178/178/178
f 182/182/182 177/177/177 181/181/181
f 177/177/177 182/182/182 176/176/176
f 183/183/183 182/182/182 181/181/181
f 182/182/182 184/184/184 176/176/176
f 173/173/173 176/176/176 184/184/184
f 185/185/185 182/182/182 183/183/183
f 182/182/182 185/185/185 184/184/184
f 186/186/186 185/185/185 183/183/183
f 187/187/187 185/185/185 186/186/186
f 188/188/188 187/187/187 186/186/186
f 187/187/187 189/189/189 185/185/185
f 185/185/185 190/190/190 184/184/184
f 189/189/189 190/190/190 185/185/185
f 191/191/191 184/184/184 190/190/190
f 191/191/191 173/173/173 184/184/184
f 192/192/192 190/190/190 189/189/189
f 192/192/192 191/191/191 190/190/190
f 193/193/193 192/192/192 189/189/189
f 193/193/193 194/194/194 192/192/192
f 191/191/191 195/195/195 173/173/173
f 191/191/191 192/192/192 195/195/195
f 194/194/194 196/196/196 192/192/192
f 192/192/192 196/196/196 195/195/195
f 196/196/196 194/194/194 197/197/197
f 198/198/198 196/196/196 197/197/197
f 195/195/195 196/196/196 198/198/198
f 195/195/195 199/199/199 173/173/173
f 173/173/173 199/199/199 175/175/175
f 200/200/200 198/198/198 197/197/197
f 201/201/201 200/200/200 197/197/197
f 202/202/202 195/195/195 198/198/198
f 202/202/202 198/198/198 200/200/200
f 199/199/199 195/195/195 202/202/202
f 203/203/203 202/202/202 200/200/200
f 204/204/204 199/199/199 202/202/202
f 204/204/204 202/202/202 203/203/203
f 175/175/175 199/199/199 204/204/204
f 205/205/205 204/204/204 203/203/203
f 206/206/206 175/175/175 204/204/204
f 206/206/206 204/204/204 205/205/205
f 207/207/207 175/175/175 206/206/206
f 208/208/208 206/206/206 205/205/205
f 208/208/208 207/207/207 206/206/206
f 211/211/211 210/210/210 209/209/209
f 210/210/210 211/211/211 212/212/212
f 212/212/212 211/211/211 213/213/213
f 213/213/213 211/211/211 214/214/214
f 217/217/217 216/216/216 215/215/215
f 216/216/216 218/218/218 215/215/215
f 218/218/218 216/216/216 219/219/219
f 216/216/216 220/220/220 219/219/219
f 216/216/216 221/221/221 220/220/220
f 218/218/218 219/219/219 222/222/222
f 218/218/218 222/222/222 223/223/223
f 219/219/219 224/224/224 222/222/222
f 223/223/223 222/222/222 225/225/225
f 222/222/222 224/224/224 225/225/225
f 221/221/221 226/226/226 220/220/220
f 221/221/221 227/227/227 226/226/226
f 228/228/228 223/223/223 225/225/225
f 228/228/228 229/229/229 223/223/223
f 225/225/225 224/224/224 230/230/230
f 230/230/230 224/224/224 231/231/231
f 232/232/232 225/225/225 230/230/230
f 232/232/232 230/230/230 233/233/233
f 228/228/228 225/225/225 234/234/234
f 225/225/225 235/235/235 234/234/234
f 230/230/230 231/231/231 236/236/236
f 233/233/233 230/230/230 236/236/236
f 228/228/228 234/234/234 237/237/237
f 238/238/238 228/228/228 237/237/237
f 239/239/239 238/238/238 237/237/237
f 234/234/234 240/240/240 237/237/237
f 237/237/237 240/240/240 241/241/241
f 241/241/241 240/240/240 242/242/242
f 234/234/234 235/235/235 243/243/243
f 243/243/243 235/235/235 233/233/233
f 242/242/242 243/243/243 233/233/233
f 243/243/243 244/244/244 234/234/234
f 242/242/242 244/244/244 243/243/243
f 244/244/244 245/245/245 234/234/234
f 246/246/246 245/245/245 244/244/244
f 246/246/246 244/244/244 247/247/247
f 247/247/247 244/244/244 242/242/242
f 242/242/242 233/233/233 248/248/248
f 242/242/242 249/249/249 241/241/241
f 249/249/249 242/242/242 248/248/248
f 248/248/248 233/233/233 250/250/250
f 233/233/233 236/236/236 250/250/250
f 249/249/249 251/251/251 241/241/241
f 251/251/251 252/252/252 241/241/241
f 252/252/252 253/253/253 241/241/241
f 254/254/254 253/253/253 252/252/252
f 254/254/254 252/252/252 255/255/255
f 252/252/252 251/251/251 256/256/256
f 255/255/255 252/252/252 256/256/256
f 249/249/249 257/257/257 251/251/251
f 251/251/251 257/257/257 256/256/256
f 249/249/249 248/248/248 258/258/258
f 258/258/258 257/257/257 249/249/249
f 257/257/257 259/259/259 256/256/256
f 259/259/259 260/260/260 256/256/256
f 255/255/255 256/256/256 261/261/261
f 260/260/260 261/261/261 256/256/256
f 262/262/262 255/255/255 261/261/261
f 263/263/263 261/261/261 260/260/260
f 264/264/264 261/261/261 263/263/263
f 265/265/265 264/264/264 263/263/263
f 248/248/248 266/266/266 258/258/258
f 248/248/248 250/250/250 266/266/266
f 267/267/267 257/257/257 258/258/258
f 268/268/268 257/257/257 267/267/267
f 266/266/266 269/269/269 258/258/258
f 269/269/269 267/267/267 258/258/258
f 270/270/270 268/268/268 267/267/267
f 271/271/271 268/268/268 270/270/270
f 271/271/271 270/270/270 272/272/272
f 270/270/270 267/267/267 272/272/272
f 267/267/267 273/273/273 272/272/272
f 267/267/267 269/269/269 273/273/273
f 269/269/269 274/274/274 273/273/273
f 269/269/269 266/266/266 275/275/275
f 269/269/269 275/275/275 274/274/274
f 275/275/275 276/276/276 274/274/274
f 274/274/274 276/276/276 277/277/277
f 278/278/278 273/273/273 274/274/274
f 279/279/279 273/273/273 278/278/278
f 278/278/278 274/274/274 280/280/280
f 274/274/274 281/281/281 280/280/280
f 281/281/281 274/274/274 277/277/277
f 282/282/282 281/281/281 277/277/277
f 283/283/283 281/281/281 282/282/282
f 284/284/284 283/283/283 282/282/282
f 281/281/281 283/283/283 285/285/285
f 283/283/283 286/286/286 285/285/285
f 281/281/281 285/285/285 287/287/287
f 287/287/287 285/285/285 288/288/288
f 282/282/282 277/277/277 289/289/289
f 290/290/290 282/282/282 289/289/289
f 290/290/290 291/291/291 282/282/282
f 291/291/291 292/292/292 282/282/282
f 293/293/293 292/292/292 291/291/291
f 294/294/294 290/290/290 289/289/289
f 295/295/295 294/294/294 289/289/289
f 289/289/289 277/277/277 296/296/296
f 289/289/289 297/297/297 295/295/295
f 289/289/289 296/296/296 297/297/297
f 295/295/295 297/297/297 298/298/298
f 298/298/298 299/299/299 295/295/295
f 300/300/300 298/298/298 297/297/297
f 301/301/301 300/300/300 297/297/297
f 226/226/226 301/301/301 297/297/297
f 220/220/220 226/226/226 297/297/297
f 302/302/302 220/220/220 297/297/297
f 227/227/227 301/301/301 226/226/226
f 303/303/303 220/220/220 302/302/302
f 227/227/227 304/304/304 301/301/301
f 301/301/301 304/304/304 305/305/305
f 227/227/227 306/306/306 304/304/304
f 307/307/307 302/302/302 297/297/297
f 302/302/302 307/307/307 308/308/308
f 309/309/309 303/303/303 302/302/302
f 309/309/309 302/302/302 308/308/308
f 310/310/310 303/303/303 309/309/309
f 310/310/310 309/309/309 308/308/308
f 312/312/312 311/311/311 297/297/297
f 313/313/313 312/312/312 297/297/297
f 314/314/314 312/312/312 313/313/313
f 314/314/314 313/313/313 231/231/231
f 231/231/231 313/313/313 236/236/236
f 236/236/236 313/313/313 297/297/297
f 250/250/250 236/236/236 297/297/297
f 315/315/315 250/250/250 297/297/297
f 296/296/296 315/315/315 297/297/297
f 316/316/316 250/250/250 315/315/315
f 317/317/317 316/316/316 315/315/315
f 318/318/318 316/316/316 317/317/317
f 318/318/318 317/317/317 319/319/319
f 317/317/317 315/315/315 319/319/319
f 315/315/315 296/296/296 319/319/319
f 266/266/266 250/250/250 320/320/320
f 320/320/320 296/296/296 321/321/321
f 277/277/277 321/321/321 296/296/296
f 321/321/321 277/277/277 322/322/322
f 323/323/323 266/266/266 320/320/320
f 323/323/323 320/320/320 321/321/321
f 324/324/324 266/266/266 323/323/323
f 325/325/325 321/321/321 322/322/322
f 323/323/323 321/321/321 325/325/325
f 326/326/326 325/325/325 322/322/322
f 327/327/327 324/324/324 323/323/323
f 327/327/327 323/323/323 325/325/325
f 326/326/326 324/324/324 327/327/327
f 326/326/326 327/327/327 325/325/325
f 330/330/330 329/329/329 328/328/328
f 331/331/331 330/330/330 328/328/328
f 332/332/332 331/331/331 328/328/328
f 333/333/333 331/331/331 332/332/332
f 330/330/330 331/331/331 333/333/333
f 334/334/334 330/330/330 333/333/333
f 337/337/337 336/336/336 335/335/335
f 338/338/338 337/337/337 335/335/335
f 339/339/339 337/337/337 338/338/338
f 339/339/339 340/340/340 337/337/337
f 339/339/339 341/341/341 340/340/340
f 340/340/340 341/341/341 342/342/342
f 341/341/341 343/343/343 342/342/342
f 344/344/344 343/343/343 341/341/341
f 342/342/342 343/343/343 345/345/345
f 345/345/345 343/343/343 346/346/346
f 343/343/343 344/344/344 346/346/346
f 347/347/347 346/346/346 344/344/344
f 344/344/344 348/348/348 347/347/347
f 349/349/349 348/348/348 344/344/344
f 349/349/349 350/350/350 348/348/348
f 351/351/351 350/350/350 349/349/349
f 351/351/351 352/352/352 350/350/350
f 351/351/351 353/353/353 352/352/352
f 351/351/351 349/349/349 353/353/353
f 352/352/352 353/353/353 354/354/354
f 353/353/353 355/355/355 354/354/354
f 353/353/353 349/349/349 355/355/355
f 356/356/356 355/355/355 349/349/349
f 357/357/357 349/349/349 344/344/344
f 358/358/358 356/356/356 349/349/349
f 357/357/357 358/358/358 349/349/349
f 344/344/344 359/359/359 357/357/357
f 341/341/341 359/359/359 344/344/344
f 359/359/359 360/360/360 357/357/357
f 361/361/361 357/357/357 360/360/360
f 361/361/361 358/358/358 357/357/357
f 356/356/356 358/358/358 361/361/361
f 361/361/361 362/362/362 356/356/356
f 363/363/363 362/362/362 361/361/361
f 363/363/363 359/359/359 341/341/341
f 364/364/364 363/363/363 361/361/361
f 364/364/364 359/359/359 363/363/363
f 365/365/365 363/363/363 341/341/341
f 363/363/363 365/365/365 362/362/362
f 365/365/365 341/341/341 366/366/366
f 366/366/366 341/341/341 339/339/339
f 367/367/367 366/366/366 339/339/339
f 367/367/367 339/339/339 338/338/338
f 367/367/367 338/338/338 368/368/368
f 366/366/366 367/367/367 368/368/368
f 338/338/338 335/335/335 368/368/368
f 369/369/369 366/366/366 368/368/368
f 369/369/369 365/365/365 366/366/366
f 335/335/335 370/370/370 368/368/368
f 370/370/370 335/335/335 371/371/371
f 370/370/370 371/371/371 372/372/372
f 370/370/370 372/372/372 368/368/368
f 372/372/372 373/373/373 368/368/368
f 369/369/369 374/374/374 365/365/365
f 374/374/374 362/362/362 365/365/365
f 374/374/374 369/369/369 368/368/368
f 373/373/373 375/375/375 368/368/368
f 375/375/375 373/373/373 376/376/376
f 373/373/373 377/377/377 376/376/376
f 375/375/375 376/376/376 378/378/378
f 379/379/379 378/378/378 376/376/376
f 379/379/379 380/380/380 378/378/378
f 379/379/379 376/376/376 381/381/381
f 375/375/375 382/382/382 368/368/368
f 382/382/382 375/375/375 378/378/378
f 383/383/383 374/374/374 368/368/368
f 382/382/382 383/383/383 368/368/368
f 374/374/374 383/383/383 384/384/384
f 383/383/383 382/382/382 384/384/384
f 362/362/362 374/374/374 384/384/384
f 382/382/382 378/378/378 384/384/384
f 379/379/379 385/385/385 380/380/380
f 386/386/386 385/385/385 379/379/379
f 386/386/386 387/387/387 385/385/385
f 388/388/388 387/387/387 386/386/386
f 387/387/387 389/389/389 385/385/385
f 389/389/389 380/380/380 385/385/385
f 380/380/380 389/389/389 390/390/390
f 391/391/391 380/380/380 390/390/390
f 380/380/380 391/391/391 392/392/392
f 393/393/393 380/380/380 392/392/392
f 378/378/378 380/380/380 394/394/394
f 392/392/392 391/391/391 394/394/394
f 395/395/395 393/393/393 392/392/392
f 396/396/396 393/393/393 395/395/395
f 395/395/395 392/392/392 396/396/396
f 396/396/396 392/392/392 394/394/394
f 397/397/397 378/378/378 394/394/394
f 394/394/394 391/391/391 397/397/397
f 397/397/397 398/398/398 378/378/378
f 398/398/398 399/399/399 378/378/378
f 400/400/400 399/399/399 398/398/398
f 400/400/400 398/398/398 401/401/401
f 401/401/401 398/398/398 362/362/362
f 362/362/362 398/398/398 397/397/397
f 402/402/402 362/362/362 397/397/397
f 402/402/402 397/397/397 391/391/391
f 356/356/356 362/362/362 402/402/402
f 404/404/404 403/403/403 356/356/356
f 391/391/391 403/403/403 404/404/404
f 356/356/356 403/403/403 405/405/405
f 403/403/403 391/391/391 405/405/405
f 355/355/355 356/356/356 405/405/405
f 405/405/405 406/406/406 355/355/355
f 355/355/355 406/406/406 407/407/407
f 408/408/408 406/406/406 405/405/405
f 391/391/391 408/408/408 405/405/405
f 408/408/408 391/391/391 390/390/390
f 408/408/408 390/390/390 409/409/409
f 409/409/409 410/410/410 408/408/408
f 408/408/408 410/410/410 411/411/411
f 412/412/412 410/410/410 409/409/409
f 409/409/409 413/413/413 412/412/412
f 390/390/390 413/413/413 409/409/409
f 412/412/412 413/413/413 414/414/414
f 413/413/413 390/390/390 414/414/414
f 390/390/390 415/415/415 414/414/414
f 418/418/418 417/417/417 416/416/416
f 419/419/419 416/416/416 417/417/417
f 422/422/422 421/421/421 420/420/420
f 422/422/422 423/423/423 421/421/421
f 426/426/426 425/425/425 424/424/424
f 427/427/427 426/426/426 424/424/424
f 428/428/428 427/427/427 424/424/424
f 429/429/429 427/427/427 428/428/428
f 426/426/426 427/427/427 429/429/429
f 430/430/430 426/426/426 429/429/429
f 433/433/433 432/432/432 431/431/431
f 434/434/434 433/433/433 431/431/431
f 437/437/437 436/436/436 435/435/435
f 438/438/438 436/436/436 437/437/437
f 438/438/438 439/439/439 436/436/436
f 437/437/437 440/440/440 438/438/438
f 441/441/441 440/440/440 437/437/437
f 442/442/442 440/440/440 441/441/441
f 443/443/443 440/440/440 442/442/442
f 444/444/444 443/443/443 442/442/442
f 445/445/445 443/443/443 444/444/444
f 445/445/445 444/444/444 446/446/446
f 444/444/444 442/442/442 446/446/446
f 442/442/442 447/447/447 446/446/446
f 450/450/450 449/449/449 448/448/448
f 451/451/451 448/448/448 449/449/449
f 449/449/449 452/452/452 451/451/451
f 451/451/451 453/453/453 448/448/448
f 453/453/453 454/454/454 448/448/448
f 457/457/457 456/456/456 455/455/455
f 458/458/458 457/457/457 455/455/455
f 459/459/459 457/457/457 458/458/458
f 459/459/459 458/458/458 460/460/460
f 458/458/458 455/455/455 460/460/460
f 455/455/455 461/461/461 460/460/460
f 464/464/464 463/463/463 462/462/462
f 462/462/462 463/463/463 465/465/465
f 466/466/466 462/462/462 465/465/465
f 467/467/467 462/462/462 466/466/466
f 470/470/470 469/469/469 468/468/468
f 471/471/471 470/470/470 468/468/468
f 471/471/471 468/468/468 472/472/472
f 473/473/473 470/470/470 471/471/471
f 474/474/474 471/471/471 472/472/472
f 471/471/471 474/474/474 473/473/473
f 474/474/474 475/475/475 473/473/473
f 478/478/478 477/477/477 476/476/476
f 479/479/479 478/478/478 476/476/476
f 482/482/482 481/481/481 480/480/480
f 481/481/481 483/483/483 480/480/480
f 480/480/480 483/483/483 484/484/484
f 481/481/481 485/485/485 483/483/483
f 483/483/483 486/486/486 484/484/484
f 484/484/484 486/486/486 487/487/487
f 485/485/485 488/488/488 483/483/483
f 483/483/483 488/488/488 486/486/486
f 488/488/488 485/485/485 489/489/489
f 486/486/486 490/490/490 487/487/487
f 487/487/487 490/490/490 491/491/491
f 492/492/492 488/488/488 489/489/489
f 492/492/492 489/489/489 493/493/493
f 488/488/488 494/494/494 486/486/486
f 486/486/486 494/494/494 490/490/490
f 494/494/494 488/488/488 492/492/492
f 490/490/490 495/495/495 491/491/491
f 491/491/491 495/495/495 496/496/496
f 497/497/497 492/492/492 493/493/493
f 493/493/493 498/498/498 497/497/497
f 498/498/498 499/499/499 497/497/497
f 500/500/500 494/494/494 492/492/492
f 500/500/500 492/492/492 497/497/497
f 494/494/494 501/501/501 490/490/490
f 490/490/490 501/501/501 495/495/495
f 501/501/501 494/494/494 500/500/500
f 497/497/497 499/499/499 502/502/502
f 502/502/502 500/500/500 497/497/497
f 499/499/499 503/503/503 502/502/502
f 495/495/495 504/504/504 496/496/496
f 496/496/496 504/504/504 505/505/505
f 506/506/506 501/501/501 500/500/500
f 506/506/506 500/500/500 502/502/502
f 502/502/502 503/503/503 507/507/507
f 507/507/507 506/506/506 502/502/502
f 503/503/503 508/508/508 507/507/507
f 501/501/501 509/509/509 495/495/495
f 509/509/509 501/501/501 506/506/506
f 495/495/495 509/509/509 504/504/504
f 504/504/504 510/510/510 505/505/505
f 505/505/505 510/510/510 511/511/511
f 507/507/507 508/508/508 512/512/512
f 508/508/508 513/513/513 512/512/512
f 514/514/514 506/506/506 507/507/507
f 514/514/514 509/509/509 506/506/506
f 512/512/512 514/514/514 507/507/507
f 509/509/509 515/515/515 504/504/504
f 515/515/515 509/509/509 514/514/514
f 504/504/504 515/515/515 510/510/510
f 510/510/510 516/516/516 511/511/511
f 511/511/511 516/516/516 517/517/517
f 516/516/516 518/518/518 517/517/517
f 519/519/519 512/512/512 513/513/513
f 520/520/520 519/519/519 513/513/513
f 521/521/521 514/514/514 512/512/512
f 521/521/521 515/515/515 514/514/514
f 519/519/519 521/521/521 512/512/512
f 515/515/515 522/522/522 510/510/510
f 510/510/510 522/522/522 516/516/516
f 516/516/516 523/523/523 518/518/518
f 522/522/522 523/523/523 516/516/516
f 523/523/523 524/524/524 518/518/518
f 525/525/525 524/524/524 523/523/523
f 526/526/526 525/525/525 523/523/523
f 526/526/526 523/523/523 522/522/522
f 527/527/527 525/525/525 526/526/526
f 528/528/528 522/522/522 515/515/515
f 521/521/521 528/528/528 515/515/515
f 528/528/528 526/526/526 522/522/522
f 529/529/529 527/527/527 526/526/526
f 529/529/529 526/526/526 528/528/528
f 530/530/530 527/527/527 529/529/529
f 531/531/531 528/528/528 521/521/521
f 519/519/519 531/531/531 521/521/521
f 531/531/531 529/529/529 528/528/528
f 532/532/532 530/530/530 529/529/529
f 532/532/532 529/529/529 531/531/531
f 533/533/533 531/531/531 519/519/519
f 533/533/533 532/532/532 531/531/531
f 520/520/520 533/533/533 519/519/519
f 534/534/534 533/533/533 520/520/520
f 534/534/534 535/535/535 533/533/533
f 535/535/535 532/532/532 533/533/533
f 530/530/530 532/532/532 535/535/535
f 536/536/536 530/530/530 535/535/535
f 539/539/539 538/538/538 537/537/537
f 538/538/538 540/540/540 537/537/537
f 537/537/537 540/540/540 541/541/541
f 538/538/538 542/542/542 540/540/540
f 540/540/540 543/543/543 541/541/541
f 541/541/541 543/543/543 544/544/544
f 542/542/542 545/545/545 540/540/540
f 540/540/540 545/545/545 543/543/543
f 546/546/546 545/545/545 542/542/542
f 543/543/543 547/547/547 544/544/544
f 544/544/544 547/547/547 548/548/548
f 547/547/547 549/549/549 548/548/548
f 545/545/545 550/550/550 543/543/543
f 546/546/546 550/550/550 545/545/545
f 543/543/543 550/550/550 547/547/547
f 547/547/547 551/551/551 549/549/549
f 550/550/550 551/551/551 547/547/547
f 546/546/546 551/551/551 550/550/550
f 551/551/551 552/552/552 549/549/549
f 546/546/546 552/552/552 551/551/551
f 555/555/555 554/554/554 553/553/553
f 554/554/554 556/556/556 553/553/553
f 553/553/553 556/556/556 557/557/557
f 554/554/554 558/558/558 556/556/556
f 556/556/556 559/559/559 557/557/557
f 557/557/557 559/559/559 560/560/560
f 558/558/558 561/561/561 556/556/556
f 556/556/556 561/561/561 559/559/559
f 562/562/562 561/561/561 558/558/558
f 559/559/559 563/563/563 560/560/560
f 560/560/560 563/563/563 564/564/564
f 563/563/563 565/565/565 564/564/564
f 561/561/561 566/566/566 559/559/559
f 562/562/562 566/566/566 561/561/561
f 559/559/559 566/566/566 563/563/563
f 563/563/563 567/567/567 565/565/565
f 566/566/566 567/567/567 563/563/563
f 562/562/562 567/567/567 566/566/566
f 567/567/567 568/568/568 565/565/565
f 562/562/562 568/568/568 567/567/567
f 571/571/571 570/570/570 569/569/569
f 571/571/571 569/569/569 572/572/572
f 571/571/571 572/572/572 573/573/573
f 574/574/574 571/571/571 573/573/573
f 573/573/573 572/572/572 575/575/575
f 569/569/569 576/576/576 572/572/572
f 576/576/576 569/569/569 577/577/577
f 572/572/572 578/578/578 575/575/575
f 575/575/575 578/578/578 579/579/579
f 572/572/572 576/576/576 580/580/580
f 572/572/572 580/580/580 578/578/578
f 581/581/581 576/576/576 577/577/577
f 580/580/580 576/576/576 581/581/581
f 578/578/578 582/582/582 579/579/579
f 579/579/579 582/582/582 583/583/583
f 584/584/584 581/581/581 577/577/577
f 585/585/585 584/584/584 577/577/577
f 582/582/582 586/586/586 583/583/583
f 583/583/583 586/586/586 587/587/587
f 588/588/588 584/584/584 585/585/585
f 589/589/589 588/588/588 585/585/585
f 586/586/586 590/590/590 587/587/587
f 587/587/587 590/590/590 591/591/591
f 588/588/588 589/589/589 592/592/592
f 589/589/589 593/593/593 592/592/592
f 594/594/594 592/592/592 593/593/593
f 588/588/588 592/592/592 595/595/595
f 594/594/594 595/595/595 592/592/592
f 588/588/588 596/596/596 584/584/584
f 596/596/596 588/588/588 595/595/595
f 590/590/590 597/597/597 591/591/591
f 591/591/591 597/597/597 598/598/598
f 594/594/594 599/599/599 595/595/595
f 596/596/596 595/595/595 599/599/599
f 596/596/596 600/600/600 584/584/584
f 584/584/584 600/600/600 581/581/581
f 601/601/601 596/596/596 599/599/599
f 596/596/596 601/601/601 600/600/600
f 594/594/594 602/602/602 599/599/599
f 601/601/601 599/599/599 602/602/602
f 600/600/600 603/603/603 581/581/581
f 603/603/603 580/580/580 581/581/581
f 594/594/594 604/604/604 602/602/602
f 594/594/594 605/605/605 604/604/604
f 594/594/594 606/606/606 605/605/605
f 607/607/607 602/602/602 604/604/604
f 607/607/607 601/601/601 602/602/602
f 601/601/601 608/608/608 600/600/600
f 600/600/600 608/608/608 603/603/603
f 609/609/609 580/580/580 603/603/603
f 580/580/580 609/609/609 578/578/578
f 610/610/610 604/604/604 605/605/605
f 610/610/610 607/607/607 604/604/604
f 607/607/607 611/611/611 601/601/601
f 611/611/611 608/608/608 601/601/601
f 608/608/608 612/612/612 603/603/603
f 612/612/612 609/609/609 603/603/603
f 578/578/578 609/609/609 613/613/613
f 613/613/613 609/609/609 612/612/612
f 578/578/578 613/613/613 582/582/582
f 612/612/612 608/608/608 614/614/614
f 614/614/614 613/613/613 612/612/612
f 608/608/608 611/611/611 614/614/614
f 615/615/615 611/611/611 607/607/607
f 610/610/610 615/615/615 607/607/607
f 616/616/616 610/610/610 605/605/605
f 616/616/616 605/605/605 606/606/606
f 613/613/613 617/617/617 582/582/582
f 617/617/617 613/613/613 614/614/614
f 614/614/614 611/611/611 618/618/618
f 618/618/618 617/617/617 614/614/614
f 611/611/611 615/615/615 618/618/618
f 582/582/582 617/617/617 619/619/619
f 619/619/619 617/617/617 618/618/618
f 582/582/582 619/619/619 586/586/586
f 620/620/620 615/615/615 610/610/610
f 616/616/616 620/620/620 610/610/610
f 618/618/618 615/615/615 621/621/621
f 621/621/621 619/619/619 618/618/618
f 615/615/615 620/620/620 621/621/621
f 619/619/619 622/622/622 586/586/586
f 622/622/622 619/619/619 621/621/621
f 621/621/621 620/620/620 623/623/623
f 623/623/623 622/622/622 621/621/621
f 586/586/586 622/622/622 624/624/624
f 624/624/624 622/622/622 623/623/623
f 586/586/586 624/624/624 590/590/590
f 625/625/625 620/620/620 616/616/616
f 620/620/620 625/625/625 623/623/623
f 626/626/626 624/624/624 623/623/623
f 623/623/623 625/625/625 626/626/626
f 624/624/624 627/627/627 590/590/590
f 627/627/627 624/624/624 626/626/626
f 628/628/628 625/625/625 616/616/616
f 628/628/628 616/616/616 606/606/606
f 590/590/590 627/627/627 629/629/629
f 590/590/590 629/629/629 597/597/597
f 625/625/625 630/630/630 626/626/626
f 630/630/630 625/625/625 628/628/628
f 631/631/631 627/627/627 626/626/626
f 629/629/629 627/627/627 631/631/631
f 626/626/626 630/630/630 631/631/631
f 628/628/628 606/606/606 632/632/632
f 632/632/632 630/630/630 628/628/628
f 630/630/630 633/633/633 631/631/631
f 633/633/633 630/630/630 632/632/632
f 634/634/634 629/629/629 631/631/631
f 631/631/631 633/633/633 634/634/634
f 629/629/629 635/635/635 597/597/597
f 635/635/635 629/629/629 634/634/634
f 606/606/606 636/636/636 632/632/632
f 594/594/594 636/636/636 606/606/606
f 632/632/632 636/636/636 637/637/637
f 594/594/594 637/637/637 636/636/636
f 638/638/638 633/633/633 632/632/632
f 638/638/638 632/632/632 637/637/637
f 633/633/633 639/639/639 634/634/634
f 639/639/639 633/633/633 638/638/638
f 640/640/640 635/635/635 634/634/634
f 634/634/634 639/639/639 640/640/640
f 635/635/635 641/641/641 597/597/597
f 641/641/641 635/635/635 640/640/640
f 638/638/638 637/637/637 642/642/642
f 642/642/642 639/639/639 638/638/638
f 594/594/594 643/643/643 637/637/637
f 637/637/637 643/643/643 642/642/642
f 641/641/641 644/644/644 597/597/597
f 597/597/597 644/644/644 598/598/598
f 598/598/598 644/644/644 645/645/645
f 644/644/644 646/646/646 645/645/645
f 647/647/647 646/646/646 644/644/644
f 648/648/648 646/646/646 647/647/647
f 649/649/649 644/644/644 641/641/641
f 649/649/649 647/647/647 644/644/644
f 649/649/649 641/641/641 650/650/650
f 650/650/650 641/641/641 640/640/640
f 639/639/639 651/651/651 640/640/640
f 651/651/651 639/639/639 642/642/642
f 642/642/642 643/643/643 652/652/652
f 594/594/594 652/652/652 643/643/643
f 647/647/647 649/649/649 653/653/653
f 653/653/653 649/649/649 650/650/650
f 648/648/648 647/647/647 654/654/654
f 654/654/654 647/647/647 653/653/653
f 655/655/655 650/650/650 640/640/640
f 651/651/651 655/655/655 640/640/640
f 656/656/656 651/651/651 642/642/642
f 656/656/656 642/642/642 652/652/652
f 651/651/651 656/656/656 657/657/657
f 656/656/656 652/652/652 657/657/657
f 655/655/655 651/651/651 657/657/657
f 594/594/594 658/658/658 652/652/652
f 652/652/652 658/658/658 657/657/657
f 659/659/659 653/653/653 650/650/650
f 655/655/655 659/659/659 650/650/650
f 655/655/655 657/657/657 660/660/660
f 659/659/659 655/655/655 660/660/660
f 657/657/657 661/661/661 660/660/660
f 659/659/659 662/662/662 653/653/653
f 662/662/662 654/654/654 653/653/653
f 659/659/659 660/660/660 663/663/663
f 662/662/662 659/659/659 663/663/663
f 661/661/661 664/664/664 660/660/660
f 660/660/660 664/664/664 663/663/663
f 665/665/665 664/664/664 661/661/661
f 665/665/665 666/666/666 664/664/664
f 664/664/664 666/666/666 663/663/663
f 662/662/662 663/663/663 667/667/667
f 663/663/663 668/668/668 667/667/667
f 662/662/662 669/669/669 654/654/654
f 669/669/669 662/662/662 667/667/667
f 668/668/668 670/670/670 667/667/667
f 594/594/594 670/670/670 668/668/668
f 594/594/594 671/671/671 670/670/670
f 670/670/670 671/671/671 672/672/672
f 667/667/667 670/670/670 672/672/672
f 669/669/669 667/667/667 672/672/672
f 673/673/673 669/669/669 672/672/672
f 669/669/669 674/674/674 654/654/654
f 669/669/669 673/673/673 674/674/674
f 674/674/674 648/648/648 654/654/654
f 673/673/673 675/675/675 674/674/674
f 676/676/676 648/648/648 674/674/674
f 675/675/675 676/676/676 674/674/674
f 679/679/679 678/678/678 677/677/677
f 680/680/680 679/679/679 677/677/677
f 677/677/677 681/681/681 680/680/680
f 682/682/682 679/679/679 680/680/680
f 681/681/681 683/683/683 680/680/680
f 683/683/683 681/681/681 684/684/684
f 685/685/685 683/683/683 684/684/684
f 686/686/686 682/682/682 680/680/680
f 680/680/680 683/683/683 686/686/686
f 687/687/687 682/682/682 686/686/686
f 688/688/688 683/683/683 685/685/685
f 683/683/683 688/688/688 686/686/686
f 689/689/689 688/688/688 685/685/685
f 690/690/690 687/687/687 686/686/686
f 686/686/686 688/688/688 690/690/690
f 691/691/691 687/687/687 690/690/690
f 692/692/692 688/688/688 689/689/689
f 688/688/688 692/692/692 690/690/690
f 693/693/693 692/692/692 689/689/689
f 694/694/694 691/691/691 690/690/690
f 690/690/690 692/692/692 694/694/694
f 695/695/695 691/691/691 694/694/694
f 696/696/696 692/692/692 693/693/693
f 692/692/692 696/696/696 694/694/694
f 697/697/697 696/696/696 693/693/693
f 698/698/698 695/695/695 694/694/694
f 694/694/694 696/696/696 698/698/698
f 699/699/699 695/695/695 698/698/698
f 700/700/700 696/696/696 697/697/697
f 696/696/696 700/700/700 698/698/698
f 701/701/701 700/700/700 697/697/697
f 702/702/702 699/699/699 698/698/698
f 698/698/698 700/700/700 702/702/702
f 703/703/703 699/699/699 702/702/702
f 704/704/704 700/700/700 701/701/701
f 700/700/700 704/704/704 702/702/702
f 705/705/705 704/704/704 701/701/701
f 706/706/706 703/703/703 702/702/702
f 702/702/702 704/704/704 706/706/706
f 707/707/707 703/703/703 706/706/706
f 708/708/708 707/707/707 706/706/706
f 709/709/709 704/704/704 705/705/705
f 704/704/704 709/709/709 706/706/706
f 706/706/706 709/709/709 708/708/708
f 710/710/710 709/709/709 705/705/705
f 709/709/709 711/711/711 708/708/708
f 711/711/711 709/709/709 710/710/710
f 712/712/712 711/711/711 710/710/710
f 715/715/715 714/714/714 713/713/713
f 714/714/714 716/716/716 713/713/713
f 714/714/714 717/717/717 716/716/716
f 716/716/716 718/718/718 713/713/713
f 718/718/718 719/719/719 713/713/713
f 717/717/717 720/720/720 716/716/716
f 717/717/717 721/721/721 720/720/720
f 719/719/719 718/718/718 722/722/722
f 723/723/723 719/719/719 722/722/722
f 724/724/724 718/718/718 716/716/716
f 720/720/720 724/724/724 716/716/716
f 721/721/721 725/725/725 720/720/720
f 721/721/721 726/726/726 725/725/725
f 722/722/722 718/718/718 727/727/727
f 718/718/718 724/724/724 727/727/727
f 723/723/723 722/722/722 728/728/728
f 729/729/729 723/723/723 728/728/728
f 729/729/729 728/728/728 730/730/730
f 728/728/728 731/731/731 730/730/730
f 728/728/728 722/722/722 732/732/732
f 728/728/728 732/732/732 731/731/731
f 722/722/722 727/727/727 732/732/732
f 732/732/732 733/733/733 731/731/731
f 732/732/732 734/734/734 733/733/733
f 732/732/732 727/727/727 734/734/734
f 734/734/734 735/735/735 733/733/733
f 727/727/727 724/724/724 736/736/736
f 727/727/727 736/736/736 734/734/734
f 734/734/734 737/737/737 735/735/735
f 734/734/734 736/736/736 737/737/737
f 737/737/737 738/738/738 735/735/735
f 738/738/738 737/737/737 739/739/739
f 724/724/724 740/740/740 736/736/736
f 740/740/740 724/724/724 720/720/720
f 725/725/725 740/740/740 720/720/720
f 736/736/736 741/741/741 737/737/737
f 736/736/736 740/740/740 741/741/741
f 737/737/737 742/742/742 739/739/739
f 737/737/737 741/741/741 742/742/742
f 743/743/743 740/740/740 725/725/725
f 740/740/740 743/743/743 741/741/741
f 739/739/739 742/742/742 744/744/744
f 744/744/744 745/745/745 739/739/739
f 746/746/746 745/745/745 744/744/744
f 741/741/741 747/747/747 742/742/742
f 747/747/747 741/741/741 743/743/743
f 748/748/748 743/743/743 725/725/725
f 726/726/726 748/748/748 725/725/725
f 726/726/726 749/749/749 748/748/748
f 742/742/742 750/750/750 744/744/744
f 742/742/742 747/747/747 750/750/750
f 751/751/751 746/746/746 744/744/744
f 744/744/744 750/750/750 751/751/751
f 752/752/752 747/747/747 743/743/743
f 752/752/752 743/743/743 748/748/748
f 749/749/749 753/753/753 748/748/748
f 753/753/753 752/752/752 748/748/748
f 749/749/749 754/754/754 753/753/753
f 746/746/746 751/751/751 755/755/755
f 756/756/756 746/746/746 755/755/755
f 751/751/751 757/757/757 755/755/755
f 750/750/750 757/757/757 751/751/751
f 757/757/757 758/758/758 755/755/755
f 747/747/747 759/759/759 750/750/750
f 759/759/759 747/747/747 752/752/752
f 750/750/750 759/759/759 757/757/757
f 757/757/757 760/760/760 758/758/758
f 759/759/759 760/760/760 757/757/757
f 760/760/760 761/761/761 758/758/758
f 762/762/762 759/759/759 752/752/752
f 762/762/762 752/752/752 753/753/753
f 760/760/760 759/759/759 762/762/762
f 754/754/754 763/763/763 753/753/753
f 763/763/763 762/762/762 753/753/753
f 754/754/754 764/764/764 763/763/763
f 761/761/761 760/760/760 765/765/765
f 765/765/765 760/760/760 762/762/762
f 765/765/765 762/762/762 763/763/763
f 766/766/766 761/761/761 765/765/765
f 764/764/764 767/767/767 763/763/763
f 767/767/767 765/765/765 763/763/763
f 766/766/766 765/765/765 767/767/767
f 764/764/764 768/768/768 767/767/767
f 769/769/769 766/766/766 767/767/767
f 768/768/768 769/769/769 767/767/767
f 772/772/772 771/771/771 770/770/770
f 773/773/773 772/772/772 770/770/770
f 773/773/773 770/770/770 774/774/774
f 773/773/773 775/775/775 772/772/772
f 775/775/775 776/776/776 772/772/772
f 777/777/777 776/776/776 775/775/775
f 778/778/778 773/773/773 774/774/774
f 778/778/778 774/774/774 779/779/779
f 780/780/780 775/775/775 773/773/773
f 777/777/777 775/775/775 780/780/780
f 778/778/778 780/780/780 773/773/773
f 777/777/777 780/780/780 781/781/781
f 781/781/781 780/780/780 778/778/778
f 777/777/777 781/781/781 782/782/782
f 783/783/783 778/778/778 779/779/779
f 783/783/783 781/781/781 778/778/778
f 782/782/782 781/781/781 783/783/783
f 783/783/783 779/779/779 784/784/784
f 785/785/785 782/782/782 783/783/783
f 785/785/785 783/783/783 784/784/784
f 788/788/788 787/787/787 786/786/786
f 789/789/789 788/788/788 786/786/786
f 789/789/789 786/786/786 790/790/790
f 789/789/789 791/791/791 788/788/788
f 791/791/791 792/792/792 788/788/788
f 793/793/793 792/792/792 791/791/791
f 794/794/794 789/789/789 790/790/790
f 794/794/794 790/790/790 795/795/795
f 796/796/796 791/791/791 789/789/789
f 793/793/793 791/791/791 796/796/796
f 794/794/794 796/796/796 789/789/789
f 793/793/793 796/796/796 797/797/797
f 797/797/797 796/796/796 794/794/794
f 793/793/793 797/797/797 798/798/798
f 799/799/799 794/794/794 795/795/795
f 799/799/799 797/797/797 794/794/794
f 798/798/798 797/797/797 799/799/799
f 799/799/799 795/795/795 800/800/800
f 801/801/801 798/798/798 799/799/799
f 801/801/801 799/799/799 800/800/800
f 804/804/804 803/803/803 802/802/802
f 803/803/803 805/805/805 802/802/802
f 802/802/802 805/805/805 806/806/806
f 807/807/807 802/802/802 806/806/806
f 806/806/806 805/805/805 808/808/808
f 809/809/809 805/805/805 803/803/803
f 809/809/809 803/803/803 810/810/810
f 805/805/805 811/811/811 808/808/808
f 808/808/808 811/811/811 812/812/812
f 809/809/809 813/813/813 805/805/805
f 813/813/813 811/811/811 805/805/805
f 814/814/814 809/809/809 810/810/810
f 813/813/813 809/809/809 814/814/814
f 811/811/811 815/815/815 812/812/812
f 812/812/812 815/815/815 816/816/816
f 817/817/817 814/814/814 810/810/810
f 818/818/818 817/817/817 810/810/810
f 815/815/815 819/819/819 816/816/816
f 816/816/816 819/819/819 820/820/820
f 817/817/817 818/818/818 821/821/821
f 818/818/818 822/822/822 821/821/821
f 822/822/822 823/823/823 821/821/821
f 823/823/823 824/824/824 821/821/821
f 825/825/825 824/824/824 823/823/823
f 817/817/817 821/821/821 826/826/826
f 821/821/821 824/824/824 826/826/826
f 817/817/817 827/827/827 814/814/814
f 827/827/827 817/817/817 826/826/826
f 824/824/824 828/828/828 826/826/826
f 825/825/825 828/828/828 824/824/824
f 826/826/826 828/828/828 829/829/829
f 827/827/827 826/826/826 829/829/829
f 827/827/827 830/830/830 814/814/814
f 830/830/830 813/813/813 814/814/814
f 825/825/825 831/831/831 828/828/828
f 828/828/828 831/831/831 829/829/829
f 827/827/827 832/832/832 830/830/830
f 832/832/832 827/827/827 829/829/829
f 833/833/833 813/813/813 830/830/830
f 833/833/833 811/811/811 813/813/813
f 834/834/834 833/833/833 830/830/830
f 832/832/832 834/834/834 830/830/830
f 833/833/833 835/835/835 811/811/811
f 835/835/835 833/833/833 834/834/834
f 835/835/835 815/815/815 811/811/811
f 834/834/834 832/832/832 836/836/836
f 836/836/836 835/835/835 834/834/834
f 832/832/832 829/829/829 837/837/837
f 832/832/832 837/837/837 836/836/836
f 829/829/829 831/831/831 838/838/838
f 829/829/829 838/838/838 837/837/837
f 839/839/839 815/815/815 835/835/835
f 839/839/839 835/835/835 836/836/836
f 836/836/836 837/837/837 840/840/840
f 840/840/840 839/839/839 836/836/836
f 839/839/839 841/841/841 815/815/815
f 841/841/841 839/839/839 840/840/840
f 841/841/841 819/819/819 815/815/815
f 837/837/837 842/842/842 840/840/840
f 837/837/837 838/838/838 842/842/842
f 831/831/831 843/843/843 838/838/838
f 825/825/825 843/843/843 831/831/831
f 844/844/844 841/841/841 840/840/840
f 840/840/840 842/842/842 844/844/844
f 838/838/838 845/845/845 842/842/842
f 838/838/838 843/843/843 845/845/845
f 846/846/846 819/819/819 841/841/841
f 846/846/846 841/841/841 844/844/844
f 842/842/842 847/847/847 844/844/844
f 842/842/842 845/845/845 847/847/847
f 843/843/843 848/848/848 845/845/845
f 825/825/825 848/848/848 843/843/843
f 849/849/849 846/846/846 844/844/844
f 844/844/844 847/847/847 849/849/849
f 846/846/846 850/850/850 819/819/819
f 850/850/850 846/846/846 849/849/849
f 845/845/845 851/851/851 847/847/847
f 845/845/845 848/848/848 851/851/851
f 825/825/825 852/852/852 848/848/848
f 848/848/848 852/852/852 851/851/851
f 847/847/847 853/853/853 849/849/849
f 847/847/847 851/851/851 853/853/853
f 825/825/825 854/854/854 852/852/852
f 825/825/825 855/855/855 854/854/854
f 825/825/825 856/856/856 855/855/855
f 851/851/851 852/852/852 857/857/857
f 852/852/852 854/854/854 857/857/857
f 851/851/851 857/857/857 853/853/853
f 849/849/849 853/853/853 858/858/858
f 858/858/858 850/850/850 849/849/849
f 850/850/850 859/859/859 819/819/819
f 819/819/819 859/859/859 820/820/820
f 820/820/820 859/859/859 860/860/860
f 854/854/854 855/855/855 861/861/861
f 857/857/857 854/854/854 861/861/861
f 853/853/853 857/857/857 862/862/862
f 853/853/853 862/862/862 858/858/858
f 857/857/857 861/861/861 862/862/862
f 863/863/863 850/850/850 858/858/858
f 863/863/863 859/859/859 850/850/850
f 859/859/859 864/864/864 860/860/860
f 860/860/860 864/864/864 865/865/865
f 861/861/861 855/855/855 866/866/866
f 855/855/855 856/856/856 866/866/866
f 858/858/858 862/862/862 867/867/867
f 867/867/867 863/863/863 858/858/858
f 863/863/863 868/868/868 859/859/859
f 868/868/868 864/864/864 859/859/859
f 868/868/868 863/863/863 867/867/867
f 862/862/862 861/861/861 869/869/869
f 862/862/862 869/869/869 867/867/867
f 861/861/861 866/866/866 869/869/869
f 870/870/870 868/868/868 867/867/867
f 867/867/867 869/869/869 870/870/870
f 869/869/869 866/866/866 871/871/871
f 869/869/869 871/871/871 870/870/870
f 866/866/866 856/856/856 872/872/872
f 866/866/866 872/872/872 871/871/871
f 873/873/873 868/868/868 870/870/870
f 873/873/873 864/864/864 868/868/868
f 870/870/870 871/871/871 874/874/874
f 874/874/874 873/873/873 870/870/870
f 864/864/864 873/873/873 875/875/875
f 875/875/875 873/873/873 874/874/874
f 856/856/856 876/876/876 872/872/872
f 825/825/825 876/876/876 856/856/856
f 871/871/871 872/872/872 877/877/877
f 871/871/871 877/877/877 874/874/874
f 872/872/872 876/876/876 878/878/878
f 872/872/872 878/878/878 877/877/877
f 876/876/876 879/879/879 878/878/878
f 825/825/825 879/879/879 876/876/876
f 878/878/878 880/880/880 877/877/877
f 878/878/878 879/879/879 880/880/880
f 877/877/877 881/881/881 874/874/874
f 880/880/880 881/881/881 877/877/877
f 864/864/864 875/875/875 882/882/882
f 864/864/864 882/882/882 865/865/865
f 865/865/865 882/882/882 883/883/883
f 882/882/882 884/884/884 883/883/883
f 885/885/885 875/875/875 874/874/874
f 881/881/881 885/885/885 874/874/874
f 882/882/882 886/886/886 884/884/884
f 886/886/886 887/887/887 884/884/884
f 875/875/875 888/888/888 882/882/882
f 888/888/888 875/875/875 885/885/885
f 882/882/882 888/888/888 886/886/886
f 889/889/889 888/888/888 885/885/885
f 886/886/886 888/888/888 889/889/889
f 881/881/881 890/890/890 885/885/885
f 890/890/890 889/889/889 885/885/885
f 887/887/887 886/886/886 891/891/891
f 891/891/891 886/886/886 889/889/889
f 880/880/880 892/892/892 881/881/881
f 892/892/892 890/890/890 881/881/881
f 890/890/890 893/893/893 889/889/889
f 893/893/893 891/891/891 889/889/889
f 894/894/894 887/887/887 891/891/891
f 895/895/895 887/887/887 894/894/894
f 896/896/896 895/895/895 894/894/894
f 897/897/897 896/896/896 894/894/894
f 898/898/898 894/894/894 891/891/891
f 898/898/898 897/897/897 894/894/894
f 893/893/893 898/898/898 891/891/891
f 899/899/899 897/897/897 898/898/898
f 900/900/900 899/899/899 898/898/898
f 900/900/900 898/898/898 893/893/893
f 899/899/899 900/900/900 901/901/901
f 902/902/902 893/893/893 890/890/890
f 892/892/892 902/902/902 890/890/890
f 902/902/902 900/900/900 893/893/893
f 900/900/900 903/903/903 901/901/901
f 900/900/900 902/902/902 903/903/903
f 825/825/825 901/901/901 903/903/903
f 892/892/892 904/904/904 902/902/902
f 892/892/892 880/880/880 904/904/904
f 902/902/902 905/905/905 903/903/903
f 825/825/825 903/903/903 905/905/905
f 904/904/904 905/905/905 902/902/902
f 825/825/825 905/905/905 904/904/904
f 880/880/880 906/906/906 904/904/904
f 825/825/825 904/904/904 906/906/906
f 879/879/879 906/906/906 880/880/880
f 825/825/825 906/906/906 879/879/879
f 909/909/909 908/908/908 907/907/907
f 910/910/910 909/909/909 907/907/907
f 910/910/910 907/907/907 911/911/911
f 909/909/909 910/910/910 912/912/912
f 913/913/913 910/910/910 911/911/911
f 913/913/913 911/911/911 914/914/914
f 915/915/915 913/913/913 914/914/914
f 915/915/915 914/914/914 916/916/916
f 917/917/917 915/915/915 916/916/916
f 917/917/917 916/916/916 918/918/918
f 919/919/919 917/917/917 918/918/918
f 919/919/919 918/918/918 920/920/920
f 921/921/921 919/919/919 920/920/920
f 921/921/921 920/920/920 922/922/922
f 923/923/923 921/921/921 922/922/922
f 923/923/923 922/922/922 924/924/924
f 925/925/925 923/923/923 924/924/924
f 925/925/925 926/926/926 923/923/923
f 926/926/926 927/927/927 923/923/923
f 923/923/923 927/927/927 921/921/921
f 927/927/927 926/926/926 928/928/928
f 929/929/929 927/927/927 928/928/928
f 927/927/927 930/930/930 921/921/921
f 930/930/930 927/927/927 929/929/929
f 921/921/921 930/930/930 919/919/919
f 931/931/931 930/930/930 929/929/929
f 930/930/930 932/932/932 919/919/919
f 932/932/932 930/930/930 931/931/931
f 919/919/919 932/932/932 917/917/917
f 933/933/933 932/932/932 931/931/931
f 932/932/932 934/934/934 917/917/917
f 934/934/934 932/932/932 933/933/933
f 917/917/917 934/934/934 915/915/915
f 935/935/935 934/934/934 933/933/933
f 934/934/934 936/936/936 915/915/915
f 936/936/936 934/934/934 935/935/935
f 915/915/915 936/936/936 913/913/913
f 937/937/937 936/936/936 935/935/935
f 936/936/936 938/938/938 913/913/913
f 938/938/938 936/936/936 937/937/937
f 913/913/913 938/938/938 910/910/910
f 939/939/939 938/938/938 937/937/937
f 938/938/938 940/940/940 910/910/910
f 940/940/940 938/938/938 939/939/939
f 910/910/910 940/940/940 912/912/912
f 941/941/941 940/940/940 939/939/939
f 912/912/912 940/940/940 941/941/941
f 942/942/942 912/912/912 941/941/941
f 945/945/945 944/944/944 943/943/943
f 944/944/944 946/946/946 943/943/943
f 943/943/943 946/946/946 947/947/947
f 948/948/948 946/946/946 944/944/944
f 949/949/949 948/948/948 944/944/944
f 946/946/946 950/950/950 947/947/947
f 946/946/946 948/948/948 950/950/950
f 947/947/947 950/950/950 951/951/951
f 952/952/952 948/948/948 949/949/949
f 953/953/953 952/952/952 949/949/949
f 952/952/952 953/953/953 954/954/954
f 955/955/955 952/952/952 954/954/954
f 955/955/955 954/954/954 956/956/956
f 957/957/957 955/955/955 956/956/956
f 952/952/952 958/958/958 948/948/948
f 958/958/958 952/952/952 955/955/955
f 959/959/959 955/955/955 957/957/957
f 959/959/959 958/958/958 955/955/955
f 960/960/960 959/959/959 957/957/957
f 959/959/959 960/960/960 961/961/961
f 950/950/950 962/962/962 951/951/951
f 951/951/951 962/962/962 963/963/963
f 948/948/948 964/964/964 950/950/950
f 958/958/958 964/964/964 948/948/948
f 950/950/950 964/964/964 965/965/965
f 962/962/962 950/950/950 965/965/965
f 965/965/965 964/964/964 958/958/958
f 962/962/962 966/966/966 963/963/963
f 962/962/962 965/965/965 966/966/966
f 963/963/963 966/966/966 967/967/967
f 968/968/968 958/958/958 959/959/959
f 968/968/968 965/965/965 958/958/958
f 969/969/969 959/959/959 961/961/961
f 969/969/969 968/968/968 959/959/959
f 966/966/966 970/970/970 967/967/967
f 967/967/967 970/970/970 971/971/971
f 965/965/965 972/972/972 966/966/966
f 965/965/965 968/968/968 972/972/972
f 970/970/970 966/966/966 972/972/972
f 973/973/973 969/969/969 961/961/961
f 974/974/974 973/973/973 961/961/961
f 974/974/974 975/975/975 973/973/973
f 976/976/976 968/968/968 969/969/969
f 968/968/968 976/976/976 972/972/972
f 973/973/973 976/976/976 969/969/969
f 977/977/977 972/972/972 976/976/976
f 977/977/977 970/970/970 972/972/972
f 970/970/970 978/978/978 971/971/971
f 971/971/971 978/978/978 979/979/979
f 980/980/980 976/976/976 973/973/973
f 980/980/980 977/977/977 976/976/976
f 975/975/975 981/981/981 973/973/973
f 981/981/981 980/980/980 973/973/973
f 977/977/977 982/982/982 970/970/970
f 982/982/982 978/978/978 970/970/970
f 980/980/980 983/983/983 977/977/977
f 983/983/983 980/980/980 981/981/981
f 983/983/983 982/982/982 977/977/977
f 984/984/984 981/981/981 975/975/975
f 984/984/984 983/983/983 981/981/981
f 985/985/985 984/984/984 975/975/975
f 978/978/978 986/986/986 979/979/979
f 979/979/979 986/986/986 987/987/987
f 982/982/982 983/983/983 988/988/988
f 988/988/988 983/983/983 984/984/984
f 984/984/984 985/985/985 989/989/989
f 989/989/989 988/988/988 984/984/984
f 985/985/985 990/990/990 989/989/989
f 978/978/978 982/982/982 991/991/991
f 986/986/986 978/978/978 991/991/991
f 991/991/991 982/982/982 988/988/988
f 986/986/986 992/992/992 987/987/987
f 986/986/986 991/991/991 992/992/992
f 987/987/987 992/992/992 993/993/993
f 994/994/994 989/989/989 990/990/990
f 995/995/995 994/994/994 990/990/990
f 995/995/995 996/996/996 994/994/994
f 991/991/991 988/988/988 997/997/997
f 991/991/991 997/997/997 992/992/992
f 998/998/998 988/988/988 989/989/989
f 988/988/988 998/998/998 997/997/997
f 994/994/994 998/998/998 989/989/989
f 992/992/992 999/999/999 993/993/993
f 993/993/993 999/999/999 1000/1000/1000
f 992/992/992 997/997/997 1001/1001/1001
f 1001/1001/1001 997/997/997 998/998/998
f 999/999/999 992/992/992 1001/1001/1001
f 1002/1002/1002 998/998/998 994/994/994
f 1002/1002/1002 1001/1001/1001 998/998/998
f 996/996/996 1003/1003/1003 994/994/994
f 1003/1003/1003 1002/1002/1002 994/994/994
f 999/999/999 1004/1004/1004 1000/1000/1000
f 1000/1000/1000 1004/1004/1004 1005/1005/1005
f 1001/1001/1001 1006/1006/1006 999/999/999
f 1006/1006/1006 1004/1004/1004 999/999/999
f 1002/1002/1002 1007/1007/1007 1001/1001/1001
f 1007/1007/1007 1002/1002/1002 1003/1003/1003
f 1007/1007/1007 1006/1006/1006 1001/1001/1001
f 1008/1008/1008 1003/1003/1003 996/996/996
f 1008/1008/1008 1007/1007/1007 1003/1003/1003
f 1009/1009/1009 1008/1008/1008 996/996/996
f 1004/1004/1004 1010/1010/1010 1005/1005/1005
f 1005/1005/1005 1010/1010/1010 1011/1011/1011
f 1004/1004/1004 1006/1006/1006 1012/1012/1012
f 1012/1012/1012 1006/1006/1006 1007/1007/1007
f 1010/1010/1010 1004/1004/1004 1012/1012/1012
f 1008/1008/1008 1009/1009/1009 1013/1013/1013
f 1009/1009/1009 1014/1014/1014 1013/1013/1013
f 1007/1007/1007 1008/1008/1008 1015/1015/1015
f 1015/1015/1015 1012/1012/1012 1007/1007/1007
f 1008/1008/1008 1013/1013/1013 1015/1015/1015
f 1016/1016/1016 1013/1013/1013 1014/1014/1014
f 1017/1017/1017 1016/1016/1016 1014/1014/1014
f 1016/1016/1016 1017/1017/1017 1018/1018/1018
f 1019/1019/1019 1015/1015/1015 1013/1013/1013
f 1015/1015/1015 1019/1019/1019 1012/1012/1012
f 1016/1016/1016 1019/1019/1019 1013/1013/1013
f 1010/1010/1010 1012/1012/1012 1020/1020/1020
f 1019/1019/1019 1020/1020/1020 1012/1012/1012
f 1021/1021/1021 1016/1016/1016 1018/1018/1018
f 1021/1021/1021 1018/1018/1018 1022/1022/1022
f 1023/1023/1023 1019/1019/1019 1016/1016/1016
f 1021/1021/1021 1023/1023/1023 1016/1016/1016
f 1023/1023/1023 1021/1021/1021 1024/1024/1024
f 1025/1025/1025 1021/1021/1021 1022/1022/1022
f 1021/1021/1021 1025/1025/1025 1024/1024/1024
f 1022/1022/1022 1026/1026/1026 1025/1025/1025
f 1023/1023/1023 1027/1027/1027 1019/1019/1019
f 1027/1027/1027 1020/1020/1020 1019/1019/1019
f 1027/1027/1027 1023/1023/1023 1024/1024/1024
f 1028/1028/1028 1010/1010/1010 1020/1020/1020
f 1010/1010/1010 1028/1028/1028 1011/1011/1011
f 1029/1029/1029 1028/1028/1028 1020/1020/1020
f 1011/1011/1011 1028/1028/1028 1029/1029/1029
f 1027/1027/1027 1029/1029/1029 1020/1020/1020
f 1030/1030/1030 1011/1011/1011 1029/1029/1029
f 1030/1030/1030 1029/1029/1029 1031/1031/1031
f 1031/1031/1031 1029/1029/1029 1027/1027/1027
f 1032/1032/1032 1030/1030/1030 1031/1031/1031
f 1026/1026/1026 1033/1033/1033 1025/1025/1025
f 1025/1025/1025 1033/1033/1033 1024/1024/1024
f 1034/1034/1034 1031/1031/1031 1027/1027/1027
f 1034/1034/1034 1027/1027/1027 1024/1024/1024
f 1032/1032/1032 1031/1031/1031 1035/1035/1035
f 1035/1035/1035 1031/1031/1031 1034/1034/1034
f 1036/1036/1036 1032/1032/1032 1035/1035/1035
f 1037/1037/1037 1033/1033/1033 1026/1026/1026
f 1038/1038/1038 1037/1037/1037 1026/1026/1026
f 1037/1037/1037 1038/1038/1038 1039/1039/1039
f 1034/1034/1034 1024/1024/1024 1040/1040/1040
f 1040/1040/1040 1035/1035/1035 1034/1034/1034
f 1036/1036/1036 1035/1035/1035 1041/1041/1041
f 1035/1035/1035 1040/1040/1040 1041/1041/1041
f 1042/1042/1042 1036/1036/1036 1041/1041/1041
f 1033/1033/1033 1043/1043/1043 1024/1024/1024
f 1033/1033/1033 1037/1037/1037 1043/1043/1043
f 1024/1024/1024 1043/1043/1043 1040/1040/1040
f 1044/1044/1044 1037/1037/1037 1039/1039/1039
f 1044/1044/1044 1039/1039/1039 1045/1045/1045
f 1037/1037/1037 1046/1046/1046 1043/1043/1043
f 1043/1043/1043 1046/1046/1046 1040/1040/1040
f 1037/1037/1037 1044/1044/1044 1046/1046/1046
f 1047/1047/1047 1044/1044/1044 1045/1045/1045
f 1045/1045/1045 1048/1048/1048 1047/1047/1047
f 1046/1046/1046 1049/1049/1049 1040/1040/1040
f 1040/1040/1040 1049/1049/1049 1041/1041/1041
f 1044/1044/1044 1050/1050/1050 1046/1046/1046
f 1046/1046/1046 1050/1050/1050 1049/1049/1049
f 1044/1044/1044 1047/1047/1047 1050/1050/1050
f 1042/1042/1042 1041/1041/1041 1051/1051/1051
f 1052/1052/1052 1042/1042/1042 1051/1051/1051
f 1041/1041/1041 1049/1049/1049 1053/1053/1053
f 1051/1051/1051 1041/1041/1041 1053/1053/1053
f 1050/1050/1050 1053/1053/1053 1049/1049/1049
f 1052/1052/1052 1051/1051/1051 1054/1054/1054
f 1054/1054/1054 1051/1051/1051 1053/1053/1053
f 1055/1055/1055 1052/1052/1052 1054/1054/1054
f 1053/1053/1053 1050/1050/1050 1056/1056/1056
f 1056/1056/1056 1054/1054/1054 1053/1053/1053
f 1055/1055/1055 1054/1054/1054 1057/1057/1057
f 1057/1057/1057 1054/1054/1054 1056/1056/1056
f 1058/1058/1058 1055/1055/1055 1057/1057/1057
f 1047/1047/1047 1059/1059/1059 1050/1050/1050
f 1050/1050/1050 1059/1059/1059 1056/1056/1056
f 1060/1060/1060 1057/1057/1057 1056/1056/1056
f 1056/1056/1056 1059/1059/1059 1060/1060/1060
f 1058/1058/1058 1057/1057/1057 1061/1061/1061
f 1062/1062/1062 1058/1058/1058 1061/1061/1061
f 1047/1047/1047 1063/1063/1063 1059/1059/1059
f 1048/1048/1048 1063/1063/1063 1047/1047/1047
f 1063/1063/1063 1064/1064/1064 1059/1059/1059
f 1059/1059/1059 1064/1064/1064 1060/1060/1060
f 1065/1065/1065 1063/1063/1063 1048/1048/1048
f 1063/1063/1063 1065/1065/1065 1064/1064/1064
f 1066/1066/1066 1065/1065/1065 1048/1048/1048
f 1065/1065/1065 1066/1066/1066 1067/1067/1067
f 1057/1057/1057 1060/1060/1060 1068/1068/1068
f 1061/1061/1061 1057/1057/1057 1068/1068/1068
f 1064/1064/1064 1069/1069/1069 1060/1060/1060
f 1065/1065/1065 1069/1069/1069 1064/1064/1064
f 1069/1069/1069 1068/1068/1068 1060/1060/1060
f 1062/1062/1062 1061/1061/1061 1070/1070/1070
f 1071/1071/1071 1062/1062/1062 1070/1070/1070
f 1072/1072/1072 1065/1065/1065 1067/1067/1067
f 1065/1065/1065 1072/1072/1072 1069/1069/1069
f 1069/1069/1069 1073/1073/1073 1068/1068/1068
f 1072/1072/1072 1073/1073/1073 1069/1069/1069
f 1061/1061/1061 1068/1068/1068 1074/1074/1074
f 1070/1070/1070 1061/1061/1061 1074/1074/1074
f 1073/1073/1073 1074/1074/1074 1068/1068/1068
f 1071/1071/1071 1070/1070/1070 1075/1075/1075
f 1075/1075/1075 1070/1070/1070 1074/1074/1074
f 1076/1076/1076 1071/1071/1071 1075/1075/1075
f 1077/1077/1077 1072/1072/1072 1067/1067/1067
f 1072/1072/1072 1077/1077/1077 1073/1073/1073
f 1078/1078/1078 1077/1077/1077 1067/1067/1067
f 1078/1078/1078 1079/1079/1079 1077/1077/1077
f 1074/1074/1074 1073/1073/1073 1080/1080/1080
f 1077/1077/1077 1080/1080/1080 1073/1073/1073
f 1079/1079/1079 1081/1081/1081 1077/1077/1077
f 1077/1077/1077 1081/1081/1081 1080/1080/1080
f 1079/1079/1079 1082/1082/1082 1081/1081/1081
f 1082/1082/1082 1083/1083/1083 1081/1081/1081
f 1081/1081/1081 1083/1083/1083 1084/1084/1084
f 1081/1081/1081 1084/1084/1084 1080/1080/1080
f 1083/1083/1083 1085/1085/1085 1084/1084/1084
f 1084/1084/1084 1085/1085/1085 1086/1086/1086
f 1087/1087/1087 1084/1084/1084 1086/1086/1086
f 1080/1080/1080 1084/1084/1084 1087/1087/1087
f 1086/1086/1086 1088/1088/1088 1087/1087/1087
f 1089/1089/1089 1074/1074/1074 1080/1080/1080
f 1089/1089/1089 1080/1080/1080 1087/1087/1087
f 1089/1089/1089 1075/1075/1075 1074/1074/1074
f 1089/1089/1089 1087/1087/1087 1075/1075/1075
f 1087/1087/1087 1090/1090/1090 1075/1075/1075
f 1088/1088/1088 1090/1090/1090 1087/1087/1087
f 1076/1076/1076 1075/1075/1075 1090/1090/1090
f 1091/1091/1091 1076/1076/1076 1090/1090/1090
f 1091/1091/1091 1090/1090/1090 1088/1088/1088
f 1092/1092/1092 1091/1091/1091 1088/1088/1088
f 1095/1095/1095 1094/1094/1094 1093/1093/1093
f 1094/1094/1094 1096/1096/1096 1093/1093/1093
f 1093/1093/1093 1096/1096/1096 1097/1097/1097
f 1094/1094/1094 1098/1098/1098 1096/1096/1096
f 1096/1096/1096 1099/1099/1099 1097/1097/1097
f 1097/1097/1097 1099/1099/1099 1100/1100/1100
f 1098/1098/1098 1101/1101/1101 1096/1096/1096
f 1101/1101/1101 1098/1098/1098 1102/1102/1102
f 1099/1099/1099 1103/1103/1103 1100/1100/1100
f 1100/1100/1100 1103/1103/1103 1104/1104/1104
f 1099/1099/1099 1096/1096/1096 1105/1105/1105
f 1096/1096/1096 1101/1101/1101 1105/1105/1105
f 1106/1106/1106 1101/1101/1101 1102/1102/1102
f 1106/1106/1106 1102/1102/1102 1107/1107/1107
f 1103/1103/1103 1108/1108/1108 1104/1104/1104
f 1104/1104/1104 1108/1108/1108 1109/1109/1109
f 1108/1108/1108 1110/1110/1110 1109/1109/1109
f 1108/1108/1108 1103/1103/1103 1110/1110/1110
f 1103/1103/1103 1099/1099/1099 1111/1111/1111
f 1099/1099/1099 1105/1105/1105 1111/1111/1111
f 1103/1103/1103 1111/1111/1111 1110/1110/1110
f 1112/1112/1112 1111/1111/1111 1105/1105/1105
f 1111/1111/1111 1112/1112/1112 1110/1110/1110
f 1113/1113/1113 1105/1105/1105 1101/1101/1101
f 1106/1106/1106 1113/1113/1113 1101/1101/1101
f 1113/1113/1113 1112/1112/1112 1105/1105/1105
f 1114/1114/1114 1106/1106/1106 1107/1107/1107
f 1114/1114/1114 1107/1107/1107 1115/1115/1115
f 1113/1113/1113 1106/1106/1106 1116/1116/1116
f 1106/1106/1106 1114/1114/1114 1116/1116/1116
f 1113/1113/1113 1116/1116/1116 1112/1112/1112
f 1117/1117/1117 1114/1114/1114 1115/1115/1115
f 1116/1116/1116 1114/1114/1114 1117/1117/1117
f 1117/1117/1117 1115/1115/1115 1118/1118/1118
f 1119/1119/1119 1117/1117/1117 1118/1118/1118
f 1120/1120/1120 1117/1117/1117 1119/1119/1119
f 1120/1120/1120 1116/1116/1116 1117/1117/1117
f 1121/1121/1121 1120/1120/1120 1119/1119/1119
f 1122/1122/1122 1116/1116/1116 1120/1120/1120
f 1116/1116/1116 1122/1122/1122 1112/1112/1112
f 1123/1123/1123 1120/1120/1120 1121/1121/1121
f 1123/1123/1123 1122/1122/1122 1120/1120/1120
f 1124/1124/1124 1123/1123/1123 1121/1121/1121
f 1112/1112/1112 1122/1122/1122 1125/1125/1125
f 1125/1125/1125 1122/1122/1122 1123/1123/1123
f 1126/1126/1126 1123/1123/1123 1124/1124/1124
f 1126/1126/1126 1125/1125/1125 1123/1123/1123
f 1127/1127/1127 1126/1126/1126 1124/1124/1124
f 1127/1127/1127 1128/1128/1128 1126/1126/1126
f 1128/1128/1128 1125/1125/1125 1126/1126/1126
f 1129/1129/1129 1112/1112/1112 1125/1125/1125
f 1112/1112/1112 1129/1129/1129 1110/1110/1110
f 1129/1129/1129 1125/1125/1125 1130/1130/1130
f 1129/1129/1129 1130/1130/1130 1110/1110/1110
f 1125/1125/1125 1131/1131/1131 1130/1130/1130
f 1130/1130/1130 1132/1132/1132 1110/1110/1110
f 1135/1135/1135 1134/1134/1134 1133/1133/1133
f 1136/1136/1136 1135/1135/1135 1133/1133/1133
f 1133/1133/1133 1137/1137/1137 1136/1136/1136
f 1138/1138/1138 1135/1135/1135 1136/1136/1136
f 1137/1137/1137 1139/1139/1139 1136/1136/1136
f 1137/1137/1137 1140/1140/1140 1139/1139/1139
f 1141/1141/1141 1138/1138/1138 1136/1136/1136
f 1142/1142/1142 1138/1138/1138 1141/1141/1141
f 1140/1140/1140 1143/1143/1143 1139/1139/1139
f 1140/1140/1140 1144/1144/1144 1143/1143/1143
f 1136/1136/1136 1139/1139/1139 1145/1145/1145
f 1141/1141/1141 1136/1136/1136 1145/1145/1145
f 1146/1146/1146 1142/1142/1142 1141/1141/1141
f 1147/1147/1147 1142/1142/1142 1146/1146/1146
f 1148/1148/1148 1145/1145/1145 1139/1139/1139
f 1143/1143/1143 1148/1148/1148 1139/1139/1139
f 1141/1141/1141 1145/1145/1145 1149/1149/1149
f 1146/1146/1146 1141/1141/1141 1149/1149/1149
f 1149/1149/1149 1145/1145/1145 1148/1148/1148
f 1144/1144/1144 1150/1150/1150 1143/1143/1143
f 1150/1150/1150 1144/1144/1144 1151/1151/1151
f 1152/1152/1152 1147/1147/1147 1146/1146/1146
f 1147/1147/1147 1152/1152/1152 1153/1153/1153
f 1152/1152/1152 1154/1154/1154 1153/1153/1153
f 1152/1152/1152 1146/1146/1146 1154/1154/1154
f 1146/1146/1146 1149/1149/1149 1154/1154/1154
f 1143/1143/1143 1150/1150/1150 1155/1155/1155
f 1148/1148/1148 1143/1143/1143 1155/1155/1155
f 1156/1156/1156 1150/1150/1150 1151/1151/1151
f 1155/1155/1155 1150/1150/1150 1156/1156/1156
f 1151/1151/1151 1157/1157/1157 1156/1156/1156
f 1157/1157/1157 1158/1158/1158 1156/1156/1156
f 1156/1156/1156 1158/1158/1158 1159/1159/1159
f 1159/1159/1159 1155/1155/1155 1156/1156/1156
f 1158/1158/1158 1160/1160/1160 1159/1159/1159
f 1161/1161/1161 1149/1149/1149 1148/1148/1148
f 1154/1154/1154 1149/1149/1149 1161/1161/1161
f 1148/1148/1148 1155/1155/1155 1162/1162/1162
f 1162/1162/1162 1155/1155/1155 1159/1159/1159
f 1161/1161/1161 1148/1148/1148 1162/1162/1162
f 1159/1159/1159 1160/1160/1160 1163/1163/1163
f 1163/1163/1163 1162/1162/1162 1159/1159/1159
f 1160/1160/1160 1164/1164/1164 1163/1163/1163
f 1165/1165/1165 1154/1154/1154 1161/1161/1161
f 1165/1165/1165 1161/1161/1161 1162/1162/1162
f 1163/1163/1163 1164/1164/1164 1166/1166/1166
f 1164/1164/1164 1167/1167/1167 1166/1166/1166
f 1167/1167/1167 1168/1168/1168 1166/1166/1166
f 1168/1168/1168 1169/1169/1169 1166/1166/1166
f 1166/1166/1166 1169/1169/1169 1163/1163/1163
f 1169/1169/1169 1162/1162/1162 1163/1163/1163
f 1169/1169/1169 1165/1165/1165 1162/1162/1162
f 1165/1165/1165 1169/1169/1169 1170/1170/1170
f 1171/1171/1171 1165/1165/1165 1170/1170/1170
f 1165/1165/1165 1171/1171/1171 1154/1154/1154
f 1171/1171/1171 1172/1172/1172 1154/1154/1154
f 1175/1175/1175 1174/1174/1174 1173/1173/1173
f 1176/1176/1176 1175/1175/1175 1173/1173/1173
f 1176/1176/1176 1173/1173/1173 1177/1177/1177
f 1176/1176/1176 1178/1178/1178 1175/1175/1175
f 1178/1178/1178 1179/1179/1179 1175/1175/1175
f 1180/1180/1180 1179/1179/1179 1178/1178/1178
f 1181/1181/1181 1176/1176/1176 1177/1177/1177
f 1181/1181/1181 1177/1177/1177 1182/1182/1182
f 1183/1183/1183 1178/1178/1178 1176/1176/1176
f 1181/1181/1181 1183/1183/1183 1176/1176/1176
f 1184/1184/1184 1180/1180/1180 1178/1178/1178
f 1184/1184/1184 1178/1178/1178 1183/1183/1183
f 1185/1185/1185 1181/1181/1181 1182/1182/1182
f 1185/1185/1185 1182/1182/1182 1186/1186/1186
f 1180/1180/1180 1184/1184/1184 1187/1187/1187
f 1188/1188/1188 1180/1180/1180 1187/1187/1187
f 1189/1189/1189 1184/1184/1184 1183/1183/1183
f 1184/1184/1184 1189/1189/1189 1187/1187/1187
f 1190/1190/1190 1183/1183/1183 1181/1181/1181
f 1185/1185/1185 1190/1190/1190 1181/1181/1181
f 1189/1189/1189 1183/1183/1183 1190/1190/1190
f 1191/1191/1191 1185/1185/1185 1186/1186/1186
f 1186/1186/1186 1192/1192/1192 1191/1191/1191
f 1192/1192/1192 1193/1193/1193 1191/1191/1191
f 1191/1191/1191 1193/1193/1193 1185/1185/1185
f 1193/1193/1193 1190/1190/1190 1185/1185/1185
f 1188/1188/1188 1187/1187/1187 1194/1194/1194
f 1195/1195/1195 1188/1188/1188 1194/1194/1194
f 1195/1195/1195 1194/1194/1194 1196/1196/1196
f 1194/1194/1194 1197/1197/1197 1196/1196/1196
f 1194/1194/1194 1187/1187/1187 1198/1198/1198
f 1189/1189/1189 1198/1198/1198 1187/1187/1187
f 1194/1194/1194 1199/1199/1199 1197/1197/1197
f 1199/1199/1199 1194/1194/1194 1198/1198/1198
f 1199/1199/1199 1200/1200/1200 1197/1197/1197
f 1201/1201/1201 1198/1198/1198 1189/1189/1189
f 1199/1199/1199 1198/1198/1198 1201/1201/1201
f 1199/1199/1199 1202/1202/1202 1200/1200/1200
f 1202/1202/1202 1199/1199/1199 1201/1201/1201
f 1202/1202/1202 1203/1203/1203 1200/1200/1200
f 1204/1204/1204 1189/1189/1189 1190/1190/1190
f 1204/1204/1204 1201/1201/1201 1189/1189/1189
f 1193/1193/1193 1205/1205/1205 1190/1190/1190
f 1205/1205/1205 1204/1204/1204 1190/1190/1190
f 1206/1206/1206 1201/1201/1201 1204/1204/1204
f 1202/1202/1202 1201/1201/1201 1206/1206/1206
f 1205/1205/1205 1206/1206/1206 1204/1204/1204
f 1202/1202/1202 1207/1207/1207 1203/1203/1203
f 1207/1207/1207 1202/1202/1202 1206/1206/1206
f 1207/1207/1207 1208/1208/1208 1203/1203/1203
f 1208/1208/1208 1207/1207/1207 1209/1209/1209
f 1207/1207/1207 1206/1206/1206 1209/1209/1209
f 1210/1210/1210 1206/1206/1206 1205/1205/1205
f 1211/1211/1211 1210/1210/1210 1205/1205/1205
f 1211/1211/1211 1205/1205/1205 1193/1193/1193
f 1212/1212/1212 1211/1211/1211 1193/1193/1193
f 1215/1215/1215 1214/1214/1214 1213/1213/1213
f 1216/1216/1216 1215/1215/1215 1213/1213/1213
f 1217/1217/1217 1216/1216/1216 1213/1213/1213
f 1215/1215/1215 1216/1216/1216 1218/1218/1218
f 1216/1216/1216 1219/1219/1219 1218/1218/1218
f 1216/1216/1216 1217/1217/1217 1219/1219/1219
f 1220/1220/1220 1217/1217/1217 1213/1213/1213
f 1221/1221/1221 1220/1220/1220 1213/1213/1213
f 1222/1222/1222 1221/1221/1221 1213/1213/1213
f 1222/1222/1222 1213/1213/1213 1223/1223/1223
f 1224/1224/1224 1222/1222/1222 1223/1223/1223
f 1224/1224/1224 1225/1225/1225 1222/1222/1222
f 1225/1225/1225 1221/1221/1221 1222/1222/1222
f 1225/1225/1225 1226/1226/1226 1221/1221/1221
f 1226/1226/1226 1227/1227/1227 1221/1221/1221
f 1221/1221/1221 1227/1227/1227 1220/1220/1220
f 1226/1226/1226 1228/1228/1228 1227/1227/1227
f 1227/1227/1227 1229/1229/1229 1220/1220/1220
f 1217/1217/1217 1220/1220/1220 1229/1229/1229
f 1228/1228/1228 1230/1230/1230 1227/1227/1227
f 1227/1227/1227 1230/1230/1230 1229/1229/1229
f 1228/1228/1228 1231/1231/1231 1230/1230/1230
f 1231/1231/1231 1232/1232/1232 1230/1230/1230
f 1232/1232/1232 1233/1233/1233 1230/1230/1230
f 1230/1230/1230 1234/1234/1234 1229/1229/1229
f 1233/1233/1233 1234/1234/1234 1230/1230/1230
f 1235/1235/1235 1229/1229/1229 1234/1234/1234
f 1235/1235/1235 1217/1217/1217 1229/1229/1229
f 1236/1236/1236 1234/1234/1234 1233/1233/1233
f 1236/1236/1236 1235/1235/1235 1234/1234/1234
f 1237/1237/1237 1236/1236/1236 1233/1233/1233
f 1236/1236/1236 1237/1237/1237 1238/1238/1238
f 1235/1235/1235 1239/1239/1239 1217/1217/1217
f 1235/1235/1235 1236/1236/1236 1239/1239/1239
f 1240/1240/1240 1236/1236/1236 1238/1238/1238
f 1236/1236/1236 1240/1240/1240 1239/1239/1239
f 1240/1240/1240 1238/1238/1238 1241/1241/1241
f 1242/1242/1242 1240/1240/1240 1241/1241/1241
f 1239/1239/1239 1240/1240/1240 1242/1242/1242
f 1239/1239/1239 1243/1243/1243 1217/1217/1217
f 1217/1217/1217 1243/1243/1243 1219/1219/1219
f 1244/1244/1244 1242/1242/1242 1241/1241/1241
f 1245/1245/1245 1244/1244/1244 1241/1241/1241
f 1244/1244/1244 1246/1246/1246 1242/1242/1242
f 1247/1247/1247 1239/1239/1239 1242/1242/1242
f 1246/1246/1246 1247/1247/1247 1242/1242/1242
f 1243/1243/1243 1239/1239/1239 1247/1247/1247
f 1246/1246/1246 1248/1248/1248 1247/1247/1247
f 1249/1249/1249 1243/1243/1243 1247/1247/1247
f 1248/1248/1248 1249/1249/1249 1247/1247/1247
f 1219/1219/1219 1243/1243/1243 1249/1249/1249
f 1248/1248/1248 1250/1250/1250 1249/1249/1249
f 1251/1251/1251 1219/1219/1219 1249/1249/1249
f 1250/1250/1250 1251/1251/1251 1249/1249/1249
f 1252/1252/1252 1219/1219/1219 1251/1251/1251
f 1250/1250/1250 1252/1252/1252 1251/1251/1251
f 1255/1255/1255 1254/1254/1254 1253/1253/1253
f 1254/1254/1254 1256/1256/1256 1253/1253/1253
f 1256/1256/1256 1254/1254/1254 1257/1257/1257
f 1258/1258/1258 1256/1256/1256 1257/1257/1257
f 1258/1258/1258 1257/1257/1257 1259/1259/1259
f 1259/1259/1259 1260/1260/1260 1258/1258/1258
f 1260/1260/1260 1261/1261/1261 1258/1258/1258
f 1256/1256/1256 1262/1262/1262 1253/1253/1253
f 1262/1262/1262 1256/1256/1256 1258/1258/1258
f 1262/1262/1262 1263/1263/1263 1253/1253/1253
f 1263/1263/1263 1262/1262/1262 1264/1264/1264
f 1264/1264/1264 1262/1262/1262 1265/1265/1265
f 1265/1265/1265 1262/1262/1262 1258/1258/1258
f 1266/1266/1266 1264/1264/1264 1265/1265/1265
f 1261/1261/1261 1267/1267/1267 1258/1258/1258
f 1267/1267/1267 1261/1261/1261 1268/1268/1268
f 1269/1269/1269 1265/1265/1265 1258/1258/1258
f 1266/1266/1266 1265/1265/1265 1269/1269/1269
f 1258/1258/1258 1267/1267/1267 1269/1269/1269
f 1270/1270/1270 1267/1267/1267 1268/1268/1268
f 1269/1269/1269 1267/1267/1267 1270/1270/1270
f 1270/1270/1270 1268/1268/1268 1271/1271/1271
f 1268/1268/1268 1272/1272/1272 1271/1271/1271
f 1272/1272/1272 1273/1273/1273 1271/1271/1271
f 1271/1271/1271 1273/1273/1273 1274/1274/1274
f 1274/1274/1274 1275/1275/1275 1271/1271/1271
f 1266/1266/1266 1269/1269/1269 1276/1276/1276
f 1276/1276/1276 1269/1269/1269 1270/1270/1270
f 1276/1276/1276 1270/1270/1270 1271/1271/1271
f 1277/1277/1277 1266/1266/1266 1276/1276/1276
f 1277/1277/1277 1276/1276/1276 1278/1278/1278
f 1278/1278/1278 1276/1276/1276 1271/1271/1271
f 1277/1277/1277 1278/1278/1278 1279/1279/1279
f 1275/1275/1275 1280/1280/1280 1271/1271/1271
f 1280/1280/1280 1275/1275/1275 1281/1281/1281
f 1278/1278/1278 1271/1271/1271 1282/1282/1282
f 1278/1278/1278 1282/1282/1282 1279/1279/1279
f 1271/1271/1271 1280/1280/1280 1282/1282/1282
f 1283/1283/1283 1280/1280/1280 1281/1281/1281
f 1282/1282/1282 1280/1280/1280 1283/1283/1283
f 1279/1279/1279 1282/1282/1282 1284/1284/1284
f 1284/1284/1284 1282/1282/1282 1283/1283/1283
f 1285/1285/1285 1279/1279/1279 1284/1284/1284
f 1286/1286/1286 1285/1285/1285 1284/1284/1284
f 1287/1287/1287 1286/1286/1286 1284/1284/1284
f 1288/1288/1288 1287/1287/1287 1284/1284/1284
f 1283/1283/1283 1288/1288/1288 1284/1284/1284
f 1288/1288/1288 1283/1283/1283 1281/1281/1281
f 1289/1289/1289 1288/1288/1288 1281/1281/1281
f 1292/1292/1292 1291/1291/1291 1290/1290/1290
f 1293/1293/1293 1292/1292/1292 1290/1290/1290
f 1290/1290/1290 1294/1294/1294 1293/1293/1293
f 1293/1293/1293 1295/1295/1295 1292/1292/1292
f 1294/1294/1294 1296/1296/1296 1293/1293/1293
f 1296/1296/1296 1294/1294/1294 1297/1297/1297
f 1293/1293/1293 1298/1298/1298 1295/1295/1295
f 1293/1293/1293 1296/1296/1296 1298/1298/1298
f 1298/1298/1298 1299/1299/1299 1295/1295/1295
f 1296/1296/1296 1300/1300/1300 1298/1298/1298
f 1301/1301/1301 1296/1296/1296 1297/1297/1297
f 1300/1300/1300 1296/1296/1296 1301/1301/1301
f 1297/1297/1297 1302/1302/1302 1301/1301/1301
f 1303/1303/1303 1300/1300/1300 1301/1301/1301
f 1302/1302/1302 1304/1304/1304 1301/1301/1301
f 1301/1301/1301 1304/1304/1304 1303/1303/1303
f 1302/1302/1302 1305/1305/1305 1304/1304/1304
f 1304/1304/1304 1306/1306/1306 1303/1303/1303
f 1305/1305/1305 1307/1307/1307 1304/1304/1304
f 1304/1304/1304 1307/1307/1307 1306/1306/1306
f 1307/1307/1307 1308/1308/1308 1306/1306/1306
f 1311/1311/1311 1310/1310/1310 1309/1309/1309
f 1310/1310/1310 1312/1312/1312 1309/1309/1309
f 1313/1313/1313 1309/1309/1309 1312/1312/1312
f 1310/1310/1310 1314/1314/1314 1312/1312/1312
f 1315/1315/1315 1313/1313/1313 1312/1312/1312
f 1316/1316/1316 1313/1313/1313 1315/1315/1315
f 1314/1314/1314 1317/1317/1317 1312/1312/1312
f 1312/1312/1312 1317/1317/1317 1315/1315/1315
f 1318/1318/1318 1316/1316/1316 1315/1315/1315
f 1319/1319/1319 1316/1316/1316 1318/1318/1318
f 1317/1317/1317 1314/1314/1314 1320/1320/1320
f 1314/1314/1314 1321/1321/1321 1320/1320/1320
f 1321/1321/1321 1322/1322/1322 1320/1320/1320
f 1323/1323/1323 1322/1322/1322 1321/1321/1321
f 1317/1317/1317 1320/1320/1320 1324/1324/1324
f 1315/1315/1315 1317/1317/1317 1324/1324/1324
f 1318/1318/1318 1315/1315/1315 1324/1324/1324
f 1325/1325/1325 1318/1318/1318 1324/1324/1324
f 1326/1326/1326 1318/1318/1318 1325/1325/1325
f 1326/1326/1326 1319/1319/1319 1318/1318/1318
f 1327/1327/1327 1326/1326/1326 1325/1325/1325
f 1327/1327/1327 1328/1328/1328 1326/1326/1326
f 1329/1329/1329 1328/1328/1328 1327/1327/1327
f 1329/1329/1329 1330/1330/1330 1328/1328/1328
f 1328/1328/1328 1331/1331/1331 1326/1326/1326
f 1326/1326/1326 1331/1331/1331 1319/1319/1319
f 1330/1330/1330 1332/1332/1332 1328/1328/1328
f 1328/1328/1328 1332/1332/1332 1331/1331/1331
f 1332/1332/1332 1330/1330/1330 1333/1333/1333
f 1334/1334/1334 1332/1332/1332 1333/1333/1333
f 1335/1335/1335 1332/1332/1332 1334/1334/1334
f 1332/1332/1332 1335/1335/1335 1331/1331/1331
f 1336/1336/1336 1335/1335/1335 1334/1334/1334
f 1331/1331/1331 1337/1337/1337 1319/1319/1319
f 1337/1337/1337 1331/1331/1331 1335/1335/1335
f 1338/1338/1338 1335/1335/1335 1336/1336/1336
f 1338/1338/1338 1337/1337/1337 1335/1335/1335
f 1339/1339/1339 1338/1338/1338 1336/1336/1336
f 1338/1338/1338 1339/1339/1339 1340/1340/1340
f 1337/1337/1337 1341/1341/1341 1319/1319/1319
f 1337/1337/1337 1338/1338/1338 1341/1341/1341
f 1341/1341/1341 1342/1342/1342 1319/1319/1319
f 1343/1343/1343 1342/1342/1342 1341/1341/1341
f 1344/1344/1344 1338/1338/1338 1340/1340/1340
f 1338/1338/1338 1344/1344/1344 1341/1341/1341
f 1341/1341/1341 1344/1344/1344 1343/1343/1343
f 1340/1340/1340 1345/1345/1345 1344/1344/1344
f 1344/1344/1344 1346/1346/1346 1343/1343/1343
f 1345/1345/1345 1346/1346/1346 1344/1344/1344
f 1349/1349/1349 1348/1348/1348 1347/1347/1347
f 1350/1350/1350 1348/1348/1348 1349/1349/1349
f 1351/1351/1351 1350/1350/1350 1349/1349/1349
f 1352/1352/1352 1350/1350/1350 1351/1351/1351
f 1355/1355/1355 1354/1354/1354 1353/1353/1353
f 1354/1354/1354 1356/1356/1356 1353/1353/1353
f 1356/1356/1356 1357/1357/1357 1353/1353/1353
f 1356/1356/1356 1358/1358/1358 1357/1357/1357
f 1358/1358/1358 1359/1359/1359 1357/1357/1357
f 1359/1359/1359 1358/1358/1358 1360/1360/1360
f 1361/1361/1361 1359/1359/1359 1360/1360/1360
f 1362/1362/1362 1361/1361/1361 1360/1360/1360
f 1363/1363/1363 1362/1362/1362 1360/1360/1360
f 1364/1364/1364 1362/1362/1362 1363/1363/1363
f 1365/1365/1365 1364/1364/1364 1363/1363/1363
f 1368/1368/1368 1367/1367/1367 1366/1366/1366
f 1367/1367/1367 1369/1369/1369 1366/1366/1366
f 1366/1366/1366 1369/1369/1369 1370/1370/1370
f 1371/1371/1371 1369/1369/1369 1367/1367/1367
f 1372/1372/1372 1371/1371/1371 1367/1367/1367
f 1373/1373/1373 1371/1371/1371 1372/1372/1372
f 1374/1374/1374 1373/1373/1373 1372/1372/1372
f 1375/1375/1375 1373/1373/1373 1374/1374/1374
f 1376/1376/1376 1375/1375/1375 1374/1374/1374
f 1375/1375/1375 1376/1376/1376 1377/1377/1377
f 1369/1369/1369 1371/1371/1371 1378/1378/1378
f 1371/1371/1371 1373/1373/1373 1378/1378/1378
f 1369/1369/1369 1379/1379/1379 1370/1370/1370
f 1379/1379/1379 1369/1369/1369 1378/1378/1378
f 1379/1379/1379 1380/1380/1380 1370/1370/1370
f 1379/1379/1379 1378/1378/1378 1380/1380/1380
f 1380/1380/1380 1381/1381/1381 1370/1370/1370
f 1381/1381/1381 1380/1380/1380 1382/1382/1382
f 1383/1383/1383 1381/1381/1381 1382/1382/1382
f 1383/1383/1383 1382/1382/1382 1384/1384/1384
f 1373/1373/1373 1385/1385/1385 1378/1378/1378
f 1373/1373/1373 1375/1375/1375 1385/1385/1385
f 1378/1378/1378 1386/1386/1386 1380/1380/1380
f 1380/1380/1380 1386/1386/1386 1382/1382/1382
f 1378/1378/1378 1385/1385/1385 1386/1386/1386
f 1386/1386/1386 1385/1385/1385 1387/1387/1387
f 1386/1386/1386 1387/1387/1387 1382/1382/1382
f 1382/1382/1382 1388/1388/1388 1384/1384/1384
f 1384/1384/1384 1388/1388/1388 1389/1389/1389
f 1375/1375/1375 1390/1390/1390 1385/1385/1385
f 1385/1385/1385 1390/1390/1390 1387/1387/1387
f 1391/1391/1391 1388/1388/1388 1382/1382/1382
f 1387/1387/1387 1391/1391/1391 1382/1382/1382
f 1388/1388/1388 1392/1392/1392 1389/1389/1389
f 1389/1389/1389 1392/1392/1392 1393/1393/1393
f 1388/1388/1388 1391/1391/1391 1394/1394/1394
f 1392/1392/1392 1388/1388/1388 1394/1394/1394
f 1392/1392/1392 1395/1395/1395 1393/1393/1393
f 1393/1393/1393 1395/1395/1395 1396/1396/1396
f 1394/1394/1394 1397/1397/1397 1392/1392/1392
f 1397/1397/1397 1395/1395/1395 1392/1392/1392
f 1390/1390/1390 1375/1375/1375 1398/1398/1398
f 1387/1387/1387 1390/1390/1390 1399/1399/1399
f 1390/1390/1390 1398/1398/1398 1399/1399/1399
f 1400/1400/1400 1391/1391/1391 1387/1387/1387
f 1399/1399/1399 1400/1400/1400 1387/1387/1387
f 1394/1394/1394 1391/1391/1391 1401/1401/1401
f 1391/1391/1391 1400/1400/1400 1401/1401/1401
f 1402/1402/1402 1397/1397/1397 1394/1394/1394
f 1401/1401/1401 1402/1402/1402 1394/1394/1394
f 1375/1375/1375 1403/1403/1403 1398/1398/1398
f 1403/1403/1403 1375/1375/1375 1377/1377/1377
f 1377/1377/1377 1404/1404/1404 1403/1403/1403
f 1404/1404/1404 1405/1405/1405 1403/1403/1403
f 1403/1403/1403 1405/1405/1405 1398/1398/1398
f 1404/1404/1404 1406/1406/1406 1405/1405/1405
f 1398/1398/1398 1407/1407/1407 1399/1399/1399
f 1405/1405/1405 1407/1407/1407 1398/1398/1398
f 1406/1406/1406 1408/1408/1408 1405/1405/1405
f 1406/1406/1406 1409/1409/1409 1408/1408/1408
f 1409/1409/1409 1410/1410/1410 1408/1408/1408
f 1405/1405/1405 1408/1408/1408 1411/1411/1411
f 1408/1408/1408 1410/1410/1410 1411/1411/1411
f 1407/1407/1407 1405/1405/1405 1411/1411/1411
f 1410/1410/1410 1412/1412/1412 1411/1411/1411
f 1411/1411/1411 1412/1412/1412 1413/1413/1413
f 1407/1407/1407 1411/1411/1411 1414/1414/1414
f 1407/1407/1407 1414/1414/1414 1399/1399/1399
f 1414/1414/1414 1411/1411/1411 1413/1413/1413
f 1414/1414/1414 1415/1415/1415 1399/1399/1399
f 1414/1414/1414 1413/1413/1413 1415/1415/1415
f 1415/1415/1415 1400/1400/1400 1399/1399/1399
f 1413/1413/1413 1416/1416/1416 1415/1415/1415
f 1400/1400/1400 1415/1415/1415 1417/1417/1417
f 1415/1415/1415 1416/1416/1416 1417/1417/1417
f 1416/1416/1416 1418/1418/1418 1417/1417/1417
f 1401/1401/1401 1400/1400/1400 1417/1417/1417
f 1417/1417/1417 1418/1418/1418 1419/1419/1419
f 1418/1418/1418 1420/1420/1420 1419/1419/1419
f 1401/1401/1401 1417/1417/1417 1421/1421/1421
f 1417/1417/1417 1419/1419/1419 1421/1421/1421
f 1419/1419/1419 1420/1420/1420 1422/1422/1422
f 1420/1420/1420 1423/1423/1423 1422/1422/1422
f 1421/1421/1421 1424/1424/1424 1401/1401/1401
f 1401/1401/1401 1424/1424/1424 1402/1402/1402
f 1421/1421/1421 1419/1419/1419 1425/1425/1425
f 1419/1419/1419 1422/1422/1422 1425/1425/1425
f 1424/1424/1424 1421/1421/1421 1426/1426/1426
f 1402/1402/1402 1424/1424/1424 1426/1426/1426
f 1421/1421/1421 1425/1425/1425 1426/1426/1426
f 1422/1422/1422 1423/1423/1423 1427/1427/1427
f 1423/1423/1423 1428/1428/1428 1427/1427/1427
f 1425/1425/1425 1422/1422/1422 1429/1429/1429
f 1422/1422/1422 1427/1427/1427 1429/1429/1429
f 1430/1430/1430 1402/1402/1402 1426/1426/1426
f 1402/1402/1402 1430/1430/1430 1397/1397/1397
f 1426/1426/1426 1425/1425/1425 1431/1431/1431
f 1431/1431/1431 1425/1425/1425 1429/1429/1429
f 1432/1432/1432 1426/1426/1426 1431/1431/1431
f 1430/1430/1430 1426/1426/1426 1432/1432/1432
f 1430/1430/1430 1433/1433/1433 1397/1397/1397
f 1397/1397/1397 1433/1433/1433 1395/1395/1395
f 1434/1434/1434 1431/1431/1431 1429/1429/1429
f 1431/1431/1431 1434/1434/1434 1432/1432/1432
f 1429/1429/1429 1427/1427/1427 1435/1435/1435
f 1435/1435/1435 1434/1434/1434 1429/1429/1429
f 1436/1436/1436 1427/1427/1427 1428/1428/1428
f 1427/1427/1427 1436/1436/1436 1435/1435/1435
f 1437/1437/1437 1430/1430/1430 1432/1432/1432
f 1433/1433/1433 1430/1430/1430 1437/1437/1437
f 1433/1433/1433 1438/1438/1438 1395/1395/1395
f 1395/1395/1395 1438/1438/1438 1396/1396/1396
f 1439/1439/1439 1436/1436/1436 1428/1428/1428
f 1440/1440/1440 1439/1439/1439 1428/1428/1428
f 1435/1435/1435 1436/1436/1436 1441/1441/1441
f 1436/1436/1436 1439/1439/1439 1441/1441/1441
f 1442/1442/1442 1439/1439/1439 1440/1440/1440
f 1440/1440/1440 1443/1443/1443 1442/1442/1442
f 1432/1432/1432 1444/1444/1444 1437/1437/1437
f 1434/1434/1434 1444/1444/1444 1432/1432/1432
f 1445/1445/1445 1433/1433/1433 1437/1437/1437
f 1438/1438/1438 1433/1433/1433 1445/1445/1445
f 1434/1434/1434 1435/1435/1435 1446/1446/1446
f 1446/1446/1446 1435/1435/1435 1441/1441/1441
f 1439/1439/1439 1447/1447/1447 1441/1441/1441
f 1447/1447/1447 1439/1439/1439 1442/1442/1442
f 1443/1443/1443 1448/1448/1448 1442/1442/1442
f 1448/1448/1448 1443/1443/1443 1449/1449/1449
f 1450/1450/1450 1448/1448/1448 1449/1449/1449
f 1450/1450/1450 1451/1451/1451 1448/1448/1448
f 1451/1451/1451 1452/1452/1452 1448/1448/1448
f 1448/1448/1448 1452/1452/1452 1442/1442/1442
f 1452/1452/1452 1451/1451/1451 1453/1453/1453
f 1452/1452/1452 1454/1454/1454 1442/1442/1442
f 1454/1454/1454 1447/1447/1447 1442/1442/1442
f 1455/1455/1455 1452/1452/1452 1453/1453/1453
f 1454/1454/1454 1452/1452/1452 1455/1455/1455
f 1455/1455/1455 1453/1453/1453 1456/1456/1456
f 1457/1457/1457 1454/1454/1454 1455/1455/1455
f 1447/1447/1447 1454/1454/1454 1457/1457/1457
f 1458/1458/1458 1455/1455/1455 1456/1456/1456
f 1457/1457/1457 1455/1455/1455 1458/1458/1458
f 1456/1456/1456 1459/1459/1459 1458/1458/1458
f 1459/1459/1459 1460/1460/1460 1458/1458/1458
f 1459/1459/1459 1461/1461/1461 1460/1460/1460
f 1462/1462/1462 1457/1457/1457 1458/1458/1458
f 1458/1458/1458 1460/1460/1460 1462/1462/1462
f 1463/1463/1463 1447/1447/1447 1457/1457/1457
f 1463/1463/1463 1457/1457/1457 1462/1462/1462
f 1461/1461/1461 1464/1464/1464 1460/1460/1460
f 1464/1464/1464 1461/1461/1461 1465/1465/1465
f 1447/1447/1447 1463/1463/1463 1466/1466/1466
f 1441/1441/1441 1447/1447/1447 1466/1466/1466
f 1466/1466/1466 1446/1446/1446 1441/1441/1441
f 1467/1467/1467 1464/1464/1464 1465/1465/1465
f 1465/1465/1465 1468/1468/1468 1467/1467/1467
f 1468/1468/1468 1469/1469/1469 1467/1467/1467
f 1469/1469/1469 1468/1468/1468 1470/1470/1470
f 1464/1464/1464 1471/1471/1471 1460/1460/1460
f 1464/1464/1464 1467/1467/1467 1472/1472/1472
f 1471/1471/1471 1464/1464/1464 1472/1472/1472
f 1469/1469/1469 1473/1473/1473 1467/1467/1467
f 1473/1473/1473 1472/1472/1472 1467/1467/1467
f 1474/1474/1474 1469/1469/1469 1470/1470/1470
f 1473/1473/1473 1469/1469/1469 1474/1474/1474
f 1475/1475/1475 1474/1474/1474 1470/1470/1470
f 1476/1476/1476 1475/1475/1475 1470/1470/1470
f 1477/1477/1477 1474/1474/1474 1475/1475/1475
f 1477/1477/1477 1473/1473/1473 1474/1474/1474
f 1478/1478/1478 1477/1477/1477 1475/1475/1475
f 1478/1478/1478 1479/1479/1479 1477/1477/1477
f 1479/1479/1479 1480/1480/1480 1477/1477/1477
f 1481/1481/1481 1480/1480/1480 1479/1479/1479
f 1481/1481/1481 1482/1482/1482 1480/1480/1480
f 1482/1482/1482 1483/1483/1483 1480/1480/1480
f 1472/1472/1472 1473/1473/1473 1484/1484/1484
f 1471/1471/1471 1472/1472/1472 1484/1484/1484
f 1485/1485/1485 1473/1473/1473 1477/1477/1477
f 1480/1480/1480 1485/1485/1485 1477/1477/1477
f 1473/1473/1473 1485/1485/1485 1484/1484/1484
f 1483/1483/1483 1486/1486/1486 1480/1480/1480
f 1487/1487/1487 1486/1486/1486 1483/1483/1483
f 1485/1485/1485 1480/1480/1480 1488/1488/1488
f 1480/1480/1480 1486/1486/1486 1488/1488/1488
f 1486/1486/1486 1487/1487/1487 1489/1489/1489
f 1487/1487/1487 1490/1490/1490 1489/1489/1489
f 1490/1490/1490 1491/1491/1491 1489/1489/1489
f 1489/1489/1489 1491/1491/1491 1492/1492/1492
f 1491/1491/1491 1493/1493/1493 1492/1492/1492
f 1493/1493/1493 1494/1494/1494 1492/1492/1492
f 1494/1494/1494 1495/1495/1495 1492/1492/1492
f 1495/1495/1495 1496/1496/1496 1492/1492/1492
f 1489/1489/1489 1497/1497/1497 1486/1486/1486
f 1497/1497/1497 1488/1488/1488 1486/1486/1486
f 1498/1498/1498 1497/1497/1497 1489/1489/1489
f 1492/1492/1492 1498/1498/1498 1489/1489/1489
f 1496/1496/1496 1499/1499/1499 1492/1492/1492
f 1496/1496/1496 1500/1500/1500 1499/1499/1499
f 1488/1488/1488 1497/1497/1497 1501/1501/1501
f 1497/1497/1497 1498/1498/1498 1501/1501/1501
f 1492/1492/1492 1499/1499/1499 1502/1502/1502
f 1498/1498/1498 1492/1492/1492 1502/1502/1502
f 1503/1503/1503 1499/1499/1499 1500/1500/1500
f 1504/1504/1504 1503/1503/1503 1500/1500/1500
f 1504/1504/1504 1505/1505/1505 1503/1503/1503
f 1502/1502/1502 1499/1499/1499 1506/1506/1506
f 1499/1499/1499 1503/1503/1503 1506/1506/1506
f 1503/1503/1503 1507/1507/1507 1506/1506/1506
f 1508/1508/1508 1503/1503/1503 1505/1505/1505
f 1507/1507/1507 1503/1503/1503 1508/1508/1508
f 1509/1509/1509 1508/1508/1508 1505/1505/1505
f 1510/1510/1510 1507/1507/1507 1508/1508/1508
f 1510/1510/1510 1511/1511/1511 1507/1507/1507
f 1511/1511/1511 1512/1512/1512 1507/1507/1507
f 1513/1513/1513 1507/1507/1507 1512/1512/1512
f 1514/1514/1514 1513/1513/1513 1512/1512/1512
f 1513/1513/1513 1514/1514/1514 1515/1515/1515
f 1515/1515/1515 1516/1516/1516 1513/1513/1513
f 1515/1515/1515 1517/1517/1517 1516/1516/1516
f 1518/1518/1518 1506/1506/1506 1507/1507/1507
f 1507/1507/1507 1513/1513/1513 1518/1518/1518
f 1506/1506/1506 1518/1518/1518 1519/1519/1519
f 1502/1502/1502 1506/1506/1506 1519/1519/1519
f 1513/1513/1513 1520/1520/1520 1518/1518/1518
f 1516/1516/1516 1520/1520/1520 1513/1513/1513
f 1518/1518/1518 1520/1520/1520 1519/1519/1519
f 1520/1520/1520 1521/1521/1521 1519/1519/1519
f 1521/1521/1521 1520/1520/1520 1516/1516/1516
f 1502/1502/1502 1519/1519/1519 1522/1522/1522
f 1521/1521/1521 1522/1522/1522 1519/1519/1519
f 1517/1517/1517 1523/1523/1523 1516/1516/1516
f 1523/1523/1523 1517/1517/1517 1524/1524/1524
f 1525/1525/1525 1502/1502/1502 1522/1522/1522
f 1498/1498/1498 1502/1502/1502 1525/1525/1525
f 1498/1498/1498 1525/1525/1525 1526/1526/1526
f 1526/1526/1526 1525/1525/1525 1522/1522/1522
f 1501/1501/1501 1498/1498/1498 1526/1526/1526
f 1522/1522/1522 1521/1521/1521 1527/1527/1527
f 1527/1527/1527 1526/1526/1526 1522/1522/1522
f 1528/1528/1528 1523/1523/1523 1524/1524/1524
f 1524/1524/1524 1529/1529/1529 1528/1528/1528
f 1529/1529/1529 1530/1530/1530 1528/1528/1528
f 1529/1529/1529 1531/1531/1531 1530/1530/1530
f 1531/1531/1531 1532/1532/1532 1530/1530/1530
f 1532/1532/1532 1533/1533/1533 1530/1530/1530
f 1533/1533/1533 1534/1534/1534 1530/1530/1530
f 1530/1530/1530 1534/1534/1534 1528/1528/1528
f 1533/1533/1533 1535/1535/1535 1534/1534/1534
f 1528/1528/1528 1536/1536/1536 1523/1523/1523
f 1534/1534/1534 1536/1536/1536 1528/1528/1528
f 1535/1535/1535 1537/1537/1537 1534/1534/1534
f 1534/1534/1534 1537/1537/1537 1536/1536/1536
f 1535/1535/1535 1538/1538/1538 1537/1537/1537
f 1538/1538/1538 1539/1539/1539 1537/1537/1537
f 1537/1537/1537 1539/1539/1539 1540/1540/1540
f 1537/1537/1537 1540/1540/1540 1536/1536/1536
f 1539/1539/1539 1541/1541/1541 1540/1540/1540
f 1536/1536/1536 1542/1542/1542 1523/1523/1523
f 1536/1536/1536 1540/1540/1540 1542/1542/1542
f 1523/1523/1523 1542/1542/1542 1516/1516/1516
f 1540/1540/1540 1541/1541/1541 1543/1543/1543
f 1540/1540/1540 1543/1543/1543 1542/1542/1542
f 1541/1541/1541 1544/1544/1544 1543/1543/1543
f 1542/1542/1542 1545/1545/1545 1516/1516/1516
f 1542/1542/1542 1543/1543/1543 1545/1545/1545
f 1545/1545/1545 1521/1521/1521 1516/1516/1516
f 1543/1543/1543 1544/1544/1544 1546/1546/1546
f 1543/1543/1543 1546/1546/1546 1545/1545/1545
f 1544/1544/1544 1547/1547/1547 1546/1546/1546
f 1545/1545/1545 1548/1548/1548 1521/1521/1521
f 1546/1546/1546 1548/1548/1548 1545/1545/1545
f 1521/1521/1521 1548/1548/1548 1527/1527/1527
f 1546/1546/1546 1547/1547/1547 1549/1549/1549
f 1546/1546/1546 1549/1549/1549 1548/1548/1548
f 1547/1547/1547 1550/1550/1550 1549/1549/1549
f 1550/1550/1550 1551/1551/1551 1549/1549/1549
f 1549/1549/1549 1552/1552/1552 1548/1548/1548
f 1552/1552/1552 1527/1527/1527 1548/1548/1548
f 1551/1551/1551 1552/1552/1552 1549/1549/1549
f 1527/1527/1527 1552/1552/1552 1553/1553/1553
f 1526/1526/1526 1527/1527/1527 1553/1553/1553
f 1552/1552/1552 1551/1551/1551 1554/1554/1554
f 1551/1551/1551 1555/1555/1555 1554/1554/1554
f 1554/1554/1554 1555/1555/1555 1396/1396/1396
f 1396/1396/1396 1438/1438/1438 1554/1554/1554
f 1553/1553/1553 1552/1552/1552 1556/1556/1556
f 1552/1552/1552 1554/1554/1554 1556/1556/1556
f 1557/1557/1557 1526/1526/1526 1553/1553/1553
f 1556/1556/1556 1557/1557/1557 1553/1553/1553
f 1526/1526/1526 1557/1557/1557 1501/1501/1501
f 1554/1554/1554 1438/1438/1438 1558/1558/1558
f 1554/1554/1554 1558/1558/1558 1556/1556/1556
f 1558/1558/1558 1438/1438/1438 1445/1445/1445
f 1557/1557/1557 1559/1559/1559 1501/1501/1501
f 1501/1501/1501 1559/1559/1559 1488/1488/1488
f 1558/1558/1558 1560/1560/1560 1556/1556/1556
f 1560/1560/1560 1558/1558/1558 1445/1445/1445
f 1561/1561/1561 1557/1557/1557 1556/1556/1556
f 1559/1559/1559 1557/1557/1557 1561/1561/1561
f 1556/1556/1556 1560/1560/1560 1561/1561/1561
f 1562/1562/1562 1559/1559/1559 1561/1561/1561
f 1559/1559/1559 1563/1563/1563 1488/1488/1488
f 1563/1563/1563 1559/1559/1559 1562/1562/1562
f 1485/1485/1485 1488/1488/1488 1563/1563/1563
f 1484/1484/1484 1485/1485/1485 1563/1563/1563
f 1560/1560/1560 1564/1564/1564 1561/1561/1561
f 1561/1561/1561 1564/1564/1564 1562/1562/1562
f 1565/1565/1565 1560/1560/1560 1445/1445/1445
f 1560/1560/1560 1565/1565/1565 1564/1564/1564
f 1563/1563/1563 1566/1566/1566 1484/1484/1484
f 1566/1566/1566 1563/1563/1563 1562/1562/1562
f 1567/1567/1567 1565/1565/1565 1445/1445/1445
f 1437/1437/1437 1567/1567/1567 1445/1445/1445
f 1444/1444/1444 1567/1567/1567 1437/1437/1437
f 1565/1565/1565 1568/1568/1568 1564/1564/1564
f 1568/1568/1568 1565/1565/1565 1567/1567/1567
f 1564/1564/1564 1568/1568/1568 1562/1562/1562
f 1567/1567/1567 1444/1444/1444 1569/1569/1569
f 1568/1568/1568 1567/1567/1567 1569/1569/1569
f 1568/1568/1568 1570/1570/1570 1562/1562/1562
f 1570/1570/1570 1568/1568/1568 1569/1569/1569
f 1571/1571/1571 1569/1569/1569 1444/1444/1444
f 1434/1434/1434 1571/1571/1571 1444/1444/1444
f 1571/1571/1571 1434/1434/1434 1446/1446/1446
f 1569/1569/1569 1571/1571/1571 1572/1572/1572
f 1572/1572/1572 1571/1571/1571 1446/1446/1446
f 1570/1570/1570 1569/1569/1569 1572/1572/1572
f 1572/1572/1572 1446/1446/1446 1466/1466/1466
f 1573/1573/1573 1572/1572/1572 1466/1466/1466
f 1570/1570/1570 1572/1572/1572 1573/1573/1573
f 1466/1466/1466 1463/1463/1463 1573/1573/1573
f 1562/1562/1562 1570/1570/1570 1574/1574/1574
f 1574/1574/1574 1570/1570/1570 1573/1573/1573
f 1566/1566/1566 1562/1562/1562 1574/1574/1574
f 1463/1463/1463 1575/1575/1575 1573/1573/1573
f 1574/1574/1574 1573/1573/1573 1575/1575/1575
f 1575/1575/1575 1463/1463/1463 1462/1462/1462
f 1576/1576/1576 1574/1574/1574 1575/1575/1575
f 1566/1566/1566 1574/1574/1574 1576/1576/1576
f 1575/1575/1575 1462/1462/1462 1576/1576/1576
f 1577/1577/1577 1566/1566/1566 1576/1576/1576
f 1566/1566/1566 1577/1577/1577 1484/1484/1484
f 1577/1577/1577 1471/1471/1471 1484/1484/1484
f 1471/1471/1471 1577/1577/1577 1576/1576/1576
f 1462/1462/1462 1578/1578/1578 1576/1576/1576
f 1578/1578/1578 1471/1471/1471 1576/1576/1576
f 1460/1460/1460 1578/1578/1578 1462/1462/1462
f 1471/1471/1471 1578/1578/1578 1460/1460/1460
f 1581/1581/1581 1580/1580/1580 1579/1579/1579
f 1580/1580/1580 1582/1582/1582 1579/1579/1579
f 1579/1579/1579 1582/1582/1582 1583/1583/1583
f 1582/1582/1582 1580/1580/1580 1584/1584/1584
f 1582/1582/1582 1585/1585/1585 1583/1583/1583
f 1583/1583/1583 1585/1585/1585 1586/1586/1586
f 1587/1587/1587 1582/1582/1582 1584/1584/1584
f 1585/1585/1585 1582/1582/1582 1587/1587/1587
f 1587/1587/1587 1584/1584/1584 1588/1588/1588
f 1589/1589/1589 1587/1587/1587 1588/1588/1588
f 1590/1590/1590 1587/1587/1587 1589/1589/1589
f 1590/1590/1590 1585/1585/1585 1587/1587/1587
f 1591/1591/1591 1590/1590/1590 1589/1589/1589
f 1585/1585/1585 1592/1592/1592 1586/1586/1586
f 1592/1592/1592 1585/1585/1585 1590/1590/1590
f 1586/1586/1586 1592/1592/1592 1593/1593/1593
f 1594/1594/1594 1590/1590/1590 1591/1591/1591
f 1594/1594/1594 1592/1592/1592 1590/1590/1590
f 1595/1595/1595 1594/1594/1594 1591/1591/1591
f 1595/1595/1595 1596/1596/1596 1594/1594/1594
f 1592/1592/1592 1597/1597/1597 1593/1593/1593
f 1597/1597/1597 1592/1592/1592 1594/1594/1594
f 1593/1593/1593 1597/1597/1597 1598/1598/1598
f 1596/1596/1596 1599/1599/1599 1594/1594/1594
f 1599/1599/1599 1597/1597/1597 1594/1594/1594
f 1596/1596/1596 1600/1600/1600 1599/1599/1599
f 1597/1597/1597 1601/1601/1601 1598/1598/1598
f 1601/1601/1601 1597/1597/1597 1599/1599/1599
f 1600/1600/1600 1602/1602/1602 1599/1599/1599
f 1602/1602/1602 1601/1601/1601 1599/1599/1599
f 1602/1602/1602 1600/1600/1600 1603/1603/1603
f 1604/1604/1604 1602/1602/1602 1603/1603/1603
f 1602/1602/1602 1604/1604/1604 1601/1601/1601
f 1603/1603/1603 1605/1605/1605 1604/1604/1604
f 1605/1605/1605 1606/1606/1606 1604/1604/1604
f 1604/1604/1604 1606/1606/1606 1607/1607/1607
f 1606/1606/1606 1608/1608/1608 1607/1607/1607
f 1608/1608/1608 1609/1609/1609 1607/1607/1607
f 1609/1609/1609 1610/1610/1610 1607/1607/1607
f 1610/1610/1610 1611/1611/1611 1607/1607/1607
f 1611/1611/1611 1612/1612/1612 1607/1607/1607
f 1601/1601/1601 1613/1613/1613 1598/1598/1598
f 1604/1604/1604 1613/1613/1613 1601/1601/1601
f 1604/1604/1604 1607/1607/1607 1613/1613/1613
f 1607/1607/1607 1612/1612/1612 1613/1613/1613
f 1613/1613/1613 1614/1614/1614 1598/1598/1598
f 1613/1613/1613 1612/1612/1612 1614/1614/1614
f 1617/1617/1617 1616/1616/1616 1615/1615/1615
f 1616/1616/1616 1618/1618/1618 1615/1615/1615
f 1619/1619/1619 1615/1615/1615 1618/1618/1618
f 1620/1620/1620 1618/1618/1618 1616/1616/1616
f 1621/1621/1621 1619/1619/1619 1618/1618/1618
f 1619/1619/1619 1621/1621/1621 1622/1622/1622
f 1623/1623/1623 1618/1618/1618 1620/1620/1620
f 1621/1621/1621 1618/1618/1618 1623/1623/1623
f 1624/1624/1624 1623/1623/1623 1620/1620/1620
f 1625/1625/1625 1621/1621/1621 1623/1623/1623
f 1621/1621/1621 1626/1626/1626 1622/1622/1622
f 1621/1621/1621 1625/1625/1625 1626/1626/1626
f 1627/1627/1627 1622/1622/1622 1626/1626/1626
f 1625/1625/1625 1628/1628/1628 1626/1626/1626
f 1629/1629/1629 1627/1627/1627 1626/1626/1626
f 1629/1629/1629 1626/1626/1626 1628/1628/1628
f 1630/1630/1630 1627/1627/1627 1629/1629/1629
f 1631/1631/1631 1629/1629/1629 1628/1628/1628
f 1632/1632/1632 1630/1630/1630 1629/1629/1629
f 1632/1632/1632 1629/1629/1629 1631/1631/1631
f 1633/1633/1633 1632/1632/1632 1631/1631/1631
f 1636/1636/1636 1635/1635/1635 1634/1634/1634
f 1637/1637/1637 1636/1636/1636 1634/1634/1634
f 1634/1634/1634 1638/1638/1638 1637/1637/1637
f 1639/1639/1639 1636/1636/1636 1637/1637/1637
f 1638/1638/1638 1640/1640/1640 1637/1637/1637
f 1638/1638/1638 1641/1641/1641 1640/1640/1640
f 1642/1642/1642 1639/1639/1639 1637/1637/1637
f 1642/1642/1642 1637/1637/1637 1640/1640/1640
f 1641/1641/1641 1643/1643/1643 1640/1640/1640
f 1641/1641/1641 1644/1644/1644 1643/1643/1643
f 1639/1639/1639 1642/1642/1642 1645/1645/1645
f 1646/1646/1646 1639/1639/1639 1645/1645/1645
f 1647/1647/1647 1646/1646/1646 1645/1645/1645
f 1647/1647/1647 1648/1648/1648 1646/1646/1646
f 1645/1645/1645 1642/1642/1642 1649/1649/1649
f 1642/1642/1642 1640/1640/1640 1649/1649/1649
f 1640/1640/1640 1643/1643/1643 1649/1649/1649
f 1643/1643/1643 1650/1650/1650 1649/1649/1649
f 1643/1643/1643 1651/1651/1651 1650/1650/1650
f 1644/1644/1644 1651/1651/1651 1643/1643/1643
f 1651/1651/1651 1652/1652/1652 1650/1650/1650
f 1653/1653/1653 1652/1652/1652 1651/1651/1651
f 1653/1653/1653 1654/1654/1654 1652/1652/1652
f 1655/1655/1655 1654/1654/1654 1653/1653/1653
f 1656/1656/1656 1653/1653/1653 1651/1651/1651
f 1656/1656/1656 1651/1651/1651 1644/1644/1644
f 1657/1657/1657 1655/1655/1655 1653/1653/1653
f 1657/1657/1657 1653/1653/1653 1656/1656/1656
f 1655/1655/1655 1657/1657/1657 1658/1658/1658
f 1657/1657/1657 1659/1659/1659 1658/1658/1658
f 1657/1657/1657 1660/1660/1660 1659/1659/1659
f 1660/1660/1660 1657/1657/1657 1656/1656/1656
f 1660/1660/1660 1661/1661/1661 1659/1659/1659
f 1662/1662/1662 1656/1656/1656 1644/1644/1644
f 1656/1656/1656 1662/1662/1662 1660/1660/1660
f 1660/1660/1660 1663/1663/1663 1661/1661/1661
f 1662/1662/1662 1663/1663/1663 1660/1660/1660
f 1663/1663/1663 1664/1664/1664 1661/1661/1661
f 1664/1664/1664 1663/1663/1663 1665/1665/1665
f 1666/1666/1666 1662/1662/1662 1644/1644/1644
f 1663/1663/1663 1662/1662/1662 1666/1666/1666
f 1667/1667/1667 1666/1666/1666 1644/1644/1644
f 1667/1667/1667 1668/1668/1668 1666/1666/1666
f 1663/1663/1663 1669/1669/1669 1665/1665/1665
f 1669/1669/1669 1663/1663/1663 1666/1666/1666
f 1669/1669/1669 1666/1666/1666 1668/1668/1668
f 1670/1670/1670 1665/1665/1665 1669/1669/1669
f 1671/1671/1671 1669/1669/1669 1668/1668/1668
f 1671/1671/1671 1670/1670/1670 1669/1669/1669
f 1674/1674/1674 1673/1673/1673 1672/1672/1672
f 1674/1674/1674 1675/1675/1675 1673/1673/1673
f 1675/1675/1675 1676/1676/1676 1673/1673/1673
f 1675/1675/1675 1677/1677/1677 1676/1676/1676
f 1680/1680/1680 1679/1679/1679 1678/1678/1678
f 1681/1681/1681 1680/1680/1680 1678/1678/1678
f 1682/1682/1682 1681/1681/1681 1678/1678/1678
f 1683/1683/1683 1681/1681/1681 1682/1682/1682
f 1684/1684/1684 1683/1683/1683 1682/1682/1682
f 1683/1683/1683 1684/1684/1684 1685/1685/1685
f 1684/1684/1684 1686/1686/1686 1685/1685/1685
f 1686/1686/1686 1687/1687/1687 1685/1685/1685
f 1687/1687/1687 1688/1688/1688 1685/1685/1685
f 1687/1687/1687 1689/1689/1689 1688/1688/1688
f 1689/1689/1689 1690/1690/1690 1688/1688/1688
f 1693/1693/1693 1692/1692/1692 1691/1691/1691
f 1694/1694/1694 1693/1693/1693 1691/1691/1691
f 1694/1694/1694 1691/1691/1691 1695/1695/1695
f 1694/1694/1694 1696/1696/1696 1693/1693/1693
f 1696/1696/1696 1697/1697/1697 1693/1693/1693
f 1696/1696/1696 1698/1698/1698 1697/1697/1697
f 1698/1698/1698 1699/1699/1699 1697/1697/1697
f 1698/1698/1698 1700/1700/1700 1699/1699/1699
f 1700/1700/1700 1701/1701/1701 1699/1699/1699
f 1701/1701/1701 1700/1700/1700 1702/1702/1702
f 1696/1696/1696 1694/1694/1694 1703/1703/1703
f 1698/1698/1698 1696/1696/1696 1703/1703/1703
f 1704/1704/1704 1694/1694/1694 1695/1695/1695
f 1694/1694/1694 1704/1704/1704 1703/1703/1703
f 1705/1705/1705 1704/1704/1704 1695/1695/1695
f 1703/1703/1703 1704/1704/1704 1705/1705/1705
f 1706/1706/1706 1705/1705/1705 1695/1695/1695
f 1705/1705/1705 1706/1706/1706 1707/1707/1707
f 1706/1706/1706 1708/1708/1708 1707/1707/1707
f 1707/1707/1707 1708/1708/1708 1709/1709/1709
f 1710/1710/1710 1698/1698/1698 1703/1703/1703
f 1700/1700/1700 1698/1698/1698 1710/1710/1710
f 1711/1711/1711 1703/1703/1703 1705/1705/1705
f 1711/1711/1711 1705/1705/1705 1707/1707/1707
f 1710/1710/1710 1703/1703/1703 1711/1711/1711
f 1710/1710/1710 1711/1711/1711 1712/1712/1712
f 1712/1712/1712 1711/1711/1711 1707/1707/1707
f 1713/1713/1713 1707/1707/1707 1709/1709/1709
f 1713/1713/1713 1709/1709/1709 1714/1714/1714
f 1715/1715/1715 1700/1700/1700 1710/1710/1710
f 1715/1715/1715 1710/1710/1710 1712/1712/1712
f 1716/1716/1716 1712/1712/1712 1707/1707/1707
f 1713/1713/1713 1716/1716/1716 1707/1707/1707
f 1717/1717/1717 1713/1713/1713 1714/1714/1714
f 1717/1717/1717 1714/1714/1714 1718/1718/1718
f 1716/1716/1716 1713/1713/1713 1719/1719/1719
f 1713/1713/1713 1717/1717/1717 1719/1719/1719
f 1720/1720/1720 1717/1717/1717 1718/1718/1718
f 1720/1720/1720 1718/1718/1718 1721/1721/1721
f 1722/1722/1722 1719/1719/1719 1717/1717/1717
f 1720/1720/1720 1722/1722/1722 1717/1717/1717
f 1700/1700/1700 1715/1715/1715 1723/1723/1723
f 1715/1715/1715 1712/1712/1712 1724/1724/1724
f 1723/1723/1723 1715/1715/1715 1724/1724/1724
f 1716/1716/1716 1725/1725/1725 1712/1712/1712
f 1725/1725/1725 1724/1724/1724 1712/1712/1712
f 1716/1716/1716 1719/1719/1719 1726/1726/1726
f 1725/1725/1725 1716/1716/1716 1726/1726/1726
f 1722/1722/1722 1727/1727/1727 1719/1719/1719
f 1727/1727/1727 1726/1726/1726 1719/1719/1719
f 1728/1728/1728 1700/1700/1700 1723/1723/1723
f 1700/1700/1700 1728/1728/1728 1702/1702/1702
f 1729/1729/1729 1702/1702/1702 1728/1728/1728
f 1730/1730/1730 1729/1729/1729 1728/1728/1728
f 1730/1730/1730 1728/1728/1728 1723/1723/1723
f 1731/1731/1731 1729/1729/1729 1730/1730/1730
f 1732/1732/1732 1723/1723/1723 1724/1724/1724
f 1732/1732/1732 1730/1730/1730 1723/1723/1723
f 1733/1733/1733 1731/1731/1731 1730/1730/1730
f 1734/1734/1734 1731/1731/1731 1733/1733/1733
f 1735/1735/1735 1734/1734/1734 1733/1733/1733
f 1733/1733/1733 1730/1730/1730 1736/1736/1736
f 1735/1735/1735 1733/1733/1733 1736/1736/1736
f 1730/1730/1730 1732/1732/1732 1736/1736/1736
f 1737/1737/1737 1735/1735/1735 1736/1736/1736
f 1737/1737/1737 1736/1736/1736 1738/1738/1738
f 1736/1736/1736 1732/1732/1732 1739/1739/1739
f 1739/1739/1739 1732/1732/1732 1724/1724/1724
f 1736/1736/1736 1739/1739/1739 1738/1738/1738
f 1740/1740/1740 1739/1739/1739 1724/1724/1724
f 1738/1738/1738 1739/1739/1739 1740/1740/1740
f 1725/1725/1725 1740/1740/1740 1724/1724/1724
f 1741/1741/1741 1738/1738/1738 1740/1740/1740
f 1740/1740/1740 1725/1725/1725 1742/1742/1742
f 1741/1741/1741 1740/1740/1740 1742/1742/1742
f 1743/1743/1743 1741/1741/1741 1742/1742/1742
f 1725/1725/1725 1726/1726/1726 1742/1742/1742
f 1743/1743/1743 1742/1742/1742 1744/1744/1744
f 1745/1745/1745 1743/1743/1743 1744/1744/1744
f 1742/1742/1742 1726/1726/1726 1746/1746/1746
f 1744/1744/1744 1742/1742/1742 1746/1746/1746
f 1745/1745/1745 1744/1744/1744 1747/1747/1747
f 1748/1748/1748 1745/1745/1745 1747/1747/1747
f 1749/1749/1749 1746/1746/1746 1726/1726/1726
f 1749/1749/1749 1726/1726/1726 1727/1727/1727
f 1744/1744/1744 1746/1746/1746 1750/1750/1750
f 1747/1747/1747 1744/1744/1744 1750/1750/1750
f 1746/1746/1746 1749/1749/1749 1751/1751/1751
f 1749/1749/1749 1727/1727/1727 1751/1751/1751
f 1750/1750/1750 1746/1746/1746 1751/1751/1751
f 1748/1748/1748 1747/1747/1747 1752/1752/1752
f 1753/1753/1753 1748/1748/1748 1752/1752/1752
f 1747/1747/1747 1750/1750/1750 1754/1754/1754
f 1752/1752/1752 1747/1747/1747 1754/1754/1754
f 1727/1727/1727 1755/1755/1755 1751/1751/1751
f 1755/1755/1755 1727/1727/1727 1722/1722/1722
f 1750/1750/1750 1751/1751/1751 1756/1756/1756
f 1750/1750/1750 1756/1756/1756 1754/1754/1754
f 1751/1751/1751 1757/1757/1757 1756/1756/1756
f 1751/1751/1751 1755/1755/1755 1757/1757/1757
f 1758/1758/1758 1755/1755/1755 1722/1722/1722
f 1758/1758/1758 1722/1722/1722 1720/1720/1720
f 1756/1756/1756 1759/1759/1759 1754/1754/1754
f 1759/1759/1759 1756/1756/1756 1757/1757/1757
f 1752/1752/1752 1754/1754/1754 1760/1760/1760
f 1759/1759/1759 1760/1760/1760 1754/1754/1754
f 1752/1752/1752 1761/1761/1761 1753/1753/1753
f 1761/1761/1761 1752/1752/1752 1760/1760/1760
f 1755/1755/1755 1762/1762/1762 1757/1757/1757
f 1755/1755/1755 1758/1758/1758 1762/1762/1762
f 1763/1763/1763 1758/1758/1758 1720/1720/1720
f 1763/1763/1763 1720/1720/1720 1721/1721/1721
f 1761/1761/1761 1764/1764/1764 1753/1753/1753
f 1764/1764/1764 1765/1765/1765 1753/1753/1753
f 1761/1761/1761 1760/1760/1760 1766/1766/1766
f 1764/1764/1764 1761/1761/1761 1766/1766/1766
f 1764/1764/1764 1767/1767/1767 1765/1765/1765
f 1768/1768/1768 1765/1765/1765 1767/1767/1767
f 1769/1769/1769 1757/1757/1757 1762/1762/1762
f 1769/1769/1769 1759/1759/1759 1757/1757/1757
f 1758/1758/1758 1770/1770/1770 1762/1762/1762
f 1758/1758/1758 1763/1763/1763 1770/1770/1770
f 1760/1760/1760 1759/1759/1759 1771/1771/1771
f 1760/1760/1760 1771/1771/1771 1766/1766/1766
f 1772/1772/1772 1764/1764/1764 1766/1766/1766
f 1764/1764/1764 1772/1772/1772 1767/1767/1767
f 1773/1773/1773 1768/1768/1768 1767/1767/1767
f 1768/1768/1768 1773/1773/1773 1774/1774/1774
f 1773/1773/1773 1775/1775/1775 1774/1774/1774
f 1776/1776/1776 1775/1775/1775 1773/1773/1773
f 1777/1777/1777 1776/1776/1776 1773/1773/1773
f 1777/1777/1777 1773/1773/1773 1767/1767/1767
f 1776/1776/1776 1777/1777/1777 1778/1778/1778
f 1779/1779/1779 1777/1777/1777 1767/1767/1767
f 1772/1772/1772 1779/1779/1779 1767/1767/1767
f 1777/1777/1777 1780/1780/1780 1778/1778/1778
f 1777/1777/1777 1779/1779/1779 1780/1780/1780
f 1778/1778/1778 1780/1780/1780 1781/1781/1781
f 1779/1779/1779 1782/1782/1782 1780/1780/1780
f 1779/1779/1779 1772/1772/1772 1782/1782/1782
f 1780/1780/1780 1783/1783/1783 1781/1781/1781
f 1780/1780/1780 1782/1782/1782 1783/1783/1783
f 1784/1784/1784 1781/1781/1781 1783/1783/1783
f 1785/1785/1785 1784/1784/1784 1783/1783/1783
f 1786/1786/1786 1784/1784/1784 1785/1785/1785
f 1782/1782/1782 1787/1787/1787 1783/1783/1783
f 1785/1785/1785 1783/1783/1783 1787/1787/1787
f 1772/1772/1772 1788/1788/1788 1782/1782/1782
f 1782/1782/1782 1788/1788/1788 1787/1787/1787
f 1789/1789/1789 1786/1786/1786 1785/1785/1785
f 1786/1786/1786 1789/1789/1789 1790/1790/1790
f 1788/1788/1788 1772/1772/1772 1791/1791/1791
f 1772/1772/1772 1766/1766/1766 1791/1791/1791
f 1771/1771/1771 1791/1791/1791 1766/1766/1766
f 1789/1789/1789 1792/1792/1792 1790/1790/1790
f 1793/1793/1793 1790/1790/1790 1792/1792/1792
f 1794/1794/1794 1793/1793/1793 1792/1792/1792
f 1793/1793/1793 1794/1794/1794 1795/1795/1795
f 1796/1796/1796 1789/1789/1789 1785/1785/1785
f 1792/1792/1792 1789/1789/1789 1797/1797/1797
f 1789/1789/1789 1796/1796/1796 1797/1797/1797
f 1798/1798/1798 1794/1794/1794 1792/1792/1792
f 1797/1797/1797 1798/1798/1798 1792/1792/1792
f 1794/1794/1794 1799/1799/1799 1795/1795/1795
f 1794/1794/1794 1798/1798/1798 1799/1799/1799
f 1799/1799/1799 1800/1800/1800 1795/1795/1795
f 1800/1800/1800 1801/1801/1801 1795/1795/1795
f 1800/1800/1800 1799/1799/1799 1802/1802/1802
f 1798/1798/1798 1802/1802/1802 1799/1799/1799
f 1803/1803/1803 1800/1800/1800 1802/1802/1802
f 1804/1804/1804 1803/1803/1803 1802/1802/1802
f 1805/1805/1805 1804/1804/1804 1802/1802/1802
f 1805/1805/1805 1806/1806/1806 1804/1804/1804
f 1807/1807/1807 1806/1806/1806 1805/1805/1805
f 1807/1807/1807 1805/1805/1805 1808/1808/1808
f 1798/1798/1798 1797/1797/1797 1809/1809/1809
f 1797/1797/1797 1796/1796/1796 1809/1809/1809
f 1798/1798/1798 1810/1810/1810 1802/1802/1802
f 1810/1810/1810 1805/1805/1805 1802/1802/1802
f 1810/1810/1810 1798/1798/1798 1809/1809/1809
f 1805/1805/1805 1811/1811/1811 1808/1808/1808
f 1811/1811/1811 1812/1812/1812 1808/1808/1808
f 1805/1805/1805 1810/1810/1810 1813/1813/1813
f 1811/1811/1811 1805/1805/1805 1813/1813/1813
f 1812/1812/1812 1811/1811/1811 1814/1814/1814
f 1815/1815/1815 1812/1812/1812 1814/1814/1814
f 1816/1816/1816 1815/1815/1815 1814/1814/1814
f 1816/1816/1816 1814/1814/1814 1817/1817/1817
f 1818/1818/1818 1816/1816/1816 1817/1817/1817
f 1819/1819/1819 1818/1818/1818 1817/1817/1817
f 1820/1820/1820 1819/1819/1819 1817/1817/1817
f 1821/1821/1821 1820/1820/1820 1817/1817/1817
f 1814/1814/1814 1811/1811/1811 1822/1822/1822
f 1811/1811/1811 1813/1813/1813 1822/1822/1822
f 1822/1822/1822 1823/1823/1823 1814/1814/1814
f 1823/1823/1823 1817/1817/1817 1814/1814/1814
f 1824/1824/1824 1821/1821/1821 1817/1817/1817
f 1825/1825/1825 1821/1821/1821 1824/1824/1824
f 1822/1822/1822 1813/1813/1813 1826/1826/1826
f 1823/1823/1823 1822/1822/1822 1826/1826/1826
f 1817/1817/1817 1823/1823/1823 1827/1827/1827
f 1824/1824/1824 1817/1817/1817 1827/1827/1827
f 1825/1825/1825 1824/1824/1824 1828/1828/1828
f 1829/1829/1829 1825/1825/1825 1828/1828/1828
f 1830/1830/1830 1829/1829/1829 1828/1828/1828
f 1824/1824/1824 1827/1827/1827 1831/1831/1831
f 1828/1828/1828 1824/1824/1824 1831/1831/1831
f 1832/1832/1832 1828/1828/1828 1831/1831/1831
f 1828/1828/1828 1833/1833/1833 1830/1830/1830
f 1828/1828/1828 1832/1832/1832 1833/1833/1833
f 1833/1833/1833 1834/1834/1834 1830/1830/1830
f 1832/1832/1832 1835/1835/1835 1833/1833/1833
f 1836/1836/1836 1835/1835/1835 1832/1832/1832
f 1837/1837/1837 1836/1836/1836 1832/1832/1832
f 1832/1832/1832 1838/1838/1838 1837/1837/1837
f 1838/1838/1838 1839/1839/1839 1837/1837/1837
f 1839/1839/1839 1838/1838/1838 1840/1840/1840
f 1841/1841/1841 1840/1840/1840 1838/1838/1838
f 1842/1842/1842 1840/1840/1840 1841/1841/1841
f 1831/1831/1831 1843/1843/1843 1832/1832/1832
f 1838/1838/1838 1832/1832/1832 1843/1843/1843
f 1843/1843/1843 1831/1831/1831 1844/1844/1844
f 1831/1831/1831 1827/1827/1827 1844/1844/1844
f 1845/1845/1845 1838/1838/1838 1843/1843/1843
f 1845/1845/1845 1841/1841/1841 1838/1838/1838
f 1845/1845/1845 1843/1843/1843 1844/1844/1844
f 1846/1846/1846 1845/1845/1845 1844/1844/1844
f 1845/1845/1845 1846/1846/1846 1841/1841/1841
f 1844/1844/1844 1827/1827/1827 1847/1847/1847
f 1847/1847/1847 1846/1846/1846 1844/1844/1844
f 1848/1848/1848 1842/1842/1842 1841/1841/1841
f 1842/1842/1842 1848/1848/1848 1849/1849/1849
f 1827/1827/1827 1850/1850/1850 1847/1847/1847
f 1827/1827/1827 1823/1823/1823 1850/1850/1850
f 1850/1850/1850 1823/1823/1823 1851/1851/1851
f 1850/1850/1850 1851/1851/1851 1847/1847/1847
f 1823/1823/1823 1826/1826/1826 1851/1851/1851
f 1846/1846/1846 1847/1847/1847 1852/1852/1852
f 1851/1851/1851 1852/1852/1852 1847/1847/1847
f 1848/1848/1848 1853/1853/1853 1849/1849/1849
f 1854/1854/1854 1849/1849/1849 1853/1853/1853
f 1855/1855/1855 1854/1854/1854 1853/1853/1853
f 1856/1856/1856 1854/1854/1854 1855/1855/1855
f 1857/1857/1857 1856/1856/1856 1855/1855/1855
f 1858/1858/1858 1857/1857/1857 1855/1855/1855
f 1859/1859/1859 1858/1858/1858 1855/1855/1855
f 1859/1859/1859 1855/1855/1855 1853/1853/1853
f 1860/1860/1860 1858/1858/1858 1859/1859/1859
f 1861/1861/1861 1853/1853/1853 1848/1848/1848
f 1861/1861/1861 1859/1859/1859 1853/1853/1853
f 1862/1862/1862 1860/1860/1860 1859/1859/1859
f 1862/1862/1862 1859/1859/1859 1861/1861/1861
f 1863/1863/1863 1860/1860/1860 1862/1862/1862
f 1864/1864/1864 1863/1863/1863 1862/1862/1862
f 1864/1864/1864 1862/1862/1862 1865/1865/1865
f 1865/1865/1865 1862/1862/1862 1861/1861/1861
f 1866/1866/1866 1864/1864/1864 1865/1865/1865
f 1867/1867/1867 1861/1861/1861 1848/1848/1848
f 1865/1865/1865 1861/1861/1861 1867/1867/1867
f 1867/1867/1867 1848/1848/1848 1841/1841/1841
f 1866/1866/1866 1865/1865/1865 1868/1868/1868
f 1868/1868/1868 1865/1865/1865 1867/1867/1867
f 1869/1869/1869 1866/1866/1866 1868/1868/1868
f 1870/1870/1870 1867/1867/1867 1841/1841/1841
f 1868/1868/1868 1867/1867/1867 1870/1870/1870
f 1846/1846/1846 1870/1870/1870 1841/1841/1841
f 1869/1869/1869 1868/1868/1868 1871/1871/1871
f 1871/1871/1871 1868/1868/1868 1870/1870/1870
f 1872/1872/1872 1869/1869/1869 1871/1871/1871
f 1873/1873/1873 1870/1870/1870 1846/1846/1846
f 1873/1873/1873 1871/1871/1871 1870/1870/1870
f 1873/1873/1873 1846/1846/1846 1852/1852/1852
f 1872/1872/1872 1871/1871/1871 1874/1874/1874
f 1874/1874/1874 1871/1871/1871 1873/1873/1873
f 1875/1875/1875 1872/1872/1872 1874/1874/1874
f 1876/1876/1876 1875/1875/1875 1874/1874/1874
f 1877/1877/1877 1874/1874/1874 1873/1873/1873
f 1852/1852/1852 1877/1877/1877 1873/1873/1873
f 1877/1877/1877 1876/1876/1876 1874/1874/1874
f 1877/1877/1877 1852/1852/1852 1878/1878/1878
f 1852/1852/1852 1851/1851/1851 1878/1878/1878
f 1876/1876/1876 1877/1877/1877 1879/1879/1879
f 1880/1880/1880 1876/1876/1876 1879/1879/1879
f 1880/1880/1880 1879/1879/1879 1721/1721/1721
f 1763/1763/1763 1721/1721/1721 1879/1879/1879
f 1877/1877/1877 1878/1878/1878 1881/1881/1881
f 1879/1879/1879 1877/1877/1877 1881/1881/1881
f 1851/1851/1851 1882/1882/1882 1878/1878/1878
f 1882/1882/1882 1881/1881/1881 1878/1878/1878
f 1882/1882/1882 1851/1851/1851 1826/1826/1826
f 1763/1763/1763 1879/1879/1879 1883/1883/1883
f 1883/1883/1883 1879/1879/1879 1881/1881/1881
f 1763/1763/1763 1883/1883/1883 1770/1770/1770
f 1884/1884/1884 1882/1882/1882 1826/1826/1826
f 1884/1884/1884 1826/1826/1826 1813/1813/1813
f 1885/1885/1885 1883/1883/1883 1881/1881/1881
f 1883/1883/1883 1885/1885/1885 1770/1770/1770
f 1882/1882/1882 1886/1886/1886 1881/1881/1881
f 1882/1882/1882 1884/1884/1884 1886/1886/1886
f 1885/1885/1885 1881/1881/1881 1886/1886/1886
f 1884/1884/1884 1887/1887/1887 1886/1886/1886
f 1888/1888/1888 1884/1884/1884 1813/1813/1813
f 1884/1884/1884 1888/1888/1888 1887/1887/1887
f 1813/1813/1813 1810/1810/1810 1888/1888/1888
f 1810/1810/1810 1809/1809/1809 1888/1888/1888
f 1889/1889/1889 1885/1885/1885 1886/1886/1886
f 1889/1889/1889 1886/1886/1886 1887/1887/1887
f 1885/1885/1885 1890/1890/1890 1770/1770/1770
f 1890/1890/1890 1885/1885/1885 1889/1889/1889
f 1891/1891/1891 1888/1888/1888 1809/1809/1809
f 1888/1888/1888 1891/1891/1891 1887/1887/1887
f 1890/1890/1890 1892/1892/1892 1770/1770/1770
f 1892/1892/1892 1762/1762/1762 1770/1770/1770
f 1892/1892/1892 1769/1769/1769 1762/1762/1762
f 1893/1893/1893 1890/1890/1890 1889/1889/1889
f 1890/1890/1890 1893/1893/1893 1892/1892/1892
f 1893/1893/1893 1889/1889/1889 1887/1887/1887
f 1769/1769/1769 1892/1892/1892 1894/1894/1894
f 1892/1892/1892 1893/1893/1893 1894/1894/1894
f 1895/1895/1895 1893/1893/1893 1887/1887/1887
f 1893/1893/1893 1895/1895/1895 1894/1894/1894
f 1894/1894/1894 1896/1896/1896 1769/1769/1769
f 1896/1896/1896 1759/1759/1759 1769/1769/1769
f 1759/1759/1759 1896/1896/1896 1771/1771/1771
f 1896/1896/1896 1894/1894/1894 1897/1897/1897
f 1896/1896/1896 1897/1897/1897 1771/1771/1771
f 1894/1894/1894 1895/1895/1895 1897/1897/1897
f 1771/1771/1771 1897/1897/1897 1791/1791/1791
f 1897/1897/1897 1898/1898/1898 1791/1791/1791
f 1897/1897/1897 1895/1895/1895 1898/1898/1898
f 1788/1788/1788 1791/1791/1791 1898/1898/1898
f 1895/1895/1895 1887/1887/1887 1899/1899/1899
f 1895/1895/1895 1899/1899/1899 1898/1898/1898
f 1887/1887/1887 1891/1891/1891 1899/1899/1899
f 1900/1900/1900 1788/1788/1788 1898/1898/1898
f 1898/1898/1898 1899/1899/1899 1900/1900/1900
f 1788/1788/1788 1900/1900/1900 1787/1787/1787
f 1899/1899/1899 1901/1901/1901 1900/1900/1900
f 1899/1899/1899 1891/1891/1891 1901/1901/1901
f 1787/1787/1787 1900/1900/1900 1901/1901/1901
f 1891/1891/1891 1902/1902/1902 1901/1901/1901
f 1902/1902/1902 1891/1891/1891 1809/1809/1809
f 1796/1796/1796 1902/1902/1902 1809/1809/1809
f 1902/1902/1902 1796/1796/1796 1901/1901/1901
f 1903/1903/1903 1787/1787/1787 1901/1901/1901
f 1796/1796/1796 1903/1903/1903 1901/1901/1901
f 1903/1903/1903 1785/1785/1785 1787/1787/1787
f 1903/1903/1903 1796/1796/1796 1785/1785/1785
f 1906/1906/1906 1905/1905/1905 1904/1904/1904
f 1907/1907/1907 1906/1906/1906 1904/1904/1904
f 1907/1907/1907 1904/1904/1904 1908/1908/1908
f 1906/1906/1906 1907/1907/1907 1909/1909/1909
f 1910/1910/1910 1907/1907/1907 1908/1908/1908
f 1910/1910/1910 1908/1908/1908 1911/1911/1911
f 1907/1907/1907 1912/1912/1912 1909/1909/1909
f 1907/1907/1907 1910/1910/1910 1912/1912/1912
f 1909/1909/1909 1912/1912/1912 1913/1913/1913
f 1912/1912/1912 1914/1914/1914 1913/1913/1913
f 1912/1912/1912 1915/1915/1915 1914/1914/1914
f 1910/1910/1910 1915/1915/1915 1912/1912/1912
f 1915/1915/1915 1916/1916/1916 1914/1914/1914
f 1917/1917/1917 1910/1910/1910 1911/1911/1911
f 1910/1910/1910 1917/1917/1917 1915/1915/1915
f 1917/1917/1917 1911/1911/1911 1918/1918/1918
f 1915/1915/1915 1919/1919/1919 1916/1916/1916
f 1917/1917/1917 1919/1919/1919 1915/1915/1915
f 1919/1919/1919 1920/1920/1920 1916/1916/1916
f 1921/1921/1921 1920/1920/1920 1919/1919/1919
f 1922/1922/1922 1917/1917/1917 1918/1918/1918
f 1917/1917/1917 1922/1922/1922 1919/1919/1919
f 1922/1922/1922 1918/1918/1918 1923/1923/1923
f 1924/1924/1924 1921/1921/1921 1919/1919/1919
f 1922/1922/1922 1924/1924/1924 1919/1919/1919
f 1925/1925/1925 1921/1921/1921 1924/1924/1924
f 1926/1926/1926 1922/1922/1922 1923/1923/1923
f 1922/1922/1922 1926/1926/1926 1924/1924/1924
f 1927/1927/1927 1925/1925/1925 1924/1924/1924
f 1926/1926/1926 1927/1927/1927 1924/1924/1924
f 1925/1925/1925 1927/1927/1927 1928/1928/1928
f 1927/1927/1927 1929/1929/1929 1928/1928/1928
f 1929/1929/1929 1927/1927/1927 1926/1926/1926
f 1930/1930/1930 1928/1928/1928 1929/1929/1929
f 1931/1931/1931 1930/1930/1930 1929/1929/1929
f 1931/1931/1931 1929/1929/1929 1932/1932/1932
f 1933/1933/1933 1931/1931/1931 1932/1932/1932
f 1934/1934/1934 1933/1933/1933 1932/1932/1932
f 1935/1935/1935 1934/1934/1934 1932/1932/1932
f 1935/1935/1935 1932/1932/1932 1936/1936/1936
f 1932/1932/1932 1937/1937/1937 1936/1936/1936
f 1938/1938/1938 1926/1926/1926 1923/1923/1923
f 1938/1938/1938 1929/1929/1929 1926/1926/1926
f 1932/1932/1932 1929/1929/1929 1938/1938/1938
f 1937/1937/1937 1932/1932/1932 1938/1938/1938
f 1939/1939/1939 1938/1938/1938 1923/1923/1923
f 1937/1937/1937 1938/1938/1938 1939/1939/1939
f 1942/1942/1942 1941/1941/1941 1940/1940/1940
f 1943/1943/1943 1942/1942/1942 1940/1940/1940
f 1943/1943/1943 1940/1940/1940 1944/1944/1944
f 1940/1940/1940 1945/1945/1945 1944/1944/1944
f 1946/1946/1946 1942/1942/1942 1943/1943/1943
f 1945/1945/1945 1947/1947/1947 1944/1944/1944
f 1945/1945/1945 1948/1948/1948 1947/1947/1947
f 1944/1944/1944 1947/1947/1947 1949/1949/1949
f 1949/1949/1949 1947/1947/1947 1950/1950/1950
f 1949/1949/1949 1950/1950/1950 1951/1951/1951
f 1952/1952/1952 1946/1946/1946 1943/1943/1943
f 1944/1944/1944 1953/1953/1953 1943/1943/1943
f 1943/1943/1943 1953/1953/1953 1952/1952/1952
f 1952/1952/1952 1954/1954/1954 1946/1946/1946
f 1946/1946/1946 1954/1954/1954 1955/1955/1955
f 1956/1956/1956 1955/1955/1955 1954/1954/1954
f 1957/1957/1957 1955/1955/1955 1956/1956/1956
f 1958/1958/1958 1957/1957/1957 1956/1956/1956
f 1953/1953/1953 1944/1944/1944 1959/1959/1959
f 1953/1953/1953 1960/1960/1960 1952/1952/1952
f 1960/1960/1960 1953/1953/1953 1959/1959/1959
f 1952/1952/1952 1961/1961/1961 1954/1954/1954
f 1960/1960/1960 1961/1961/1961 1952/1952/1952
f 1962/1962/1962 1944/1944/1944 1949/1949/1949
f 1944/1944/1944 1962/1962/1962 1959/1959/1959
f 1954/1954/1954 1963/1963/1963 1956/1956/1956
f 1961/1961/1961 1963/1963/1963 1954/1954/1954
f 1964/1964/1964 1958/1958/1958 1956/1956/1956
f 1963/1963/1963 1965/1965/1965 1956/1956/1956
f 1956/1956/1956 1965/1965/1965 1964/1964/1964
f 1964/1964/1964 1966/1966/1966 1958/1958/1958
f 1958/1958/1958 1966/1966/1966 1967/1967/1967
f 1968/1968/1968 1967/1967/1967 1966/1966/1966
f 1965/1965/1965 1969/1969/1969 1964/1964/1964
f 1964/1964/1964 1969/1969/1969 1966/1966/1966
f 1970/1970/1970 1968/1968/1968 1966/1966/1966
f 1968/1968/1968 1970/1970/1970 1971/1971/1971
f 1970/1970/1970 1966/1966/1966 1972/1972/1972
f 1972/1972/1972 1966/1966/1966 1969/1969/1969
f 1971/1971/1971 1970/1970/1970 1973/1973/1973
f 1972/1972/1972 1973/1973/1973 1970/1970/1970
f 1974/1974/1974 1971/1971/1971 1973/1973/1973
f 1972/1972/1972 1969/1969/1969 1975/1975/1975
f 1972/1972/1972 1975/1975/1975 1973/1973/1973
f 1976/1976/1976 1969/1969/1969 1965/1965/1965
f 1969/1969/1969 1976/1976/1976 1975/1975/1975
f 1965/1965/1965 1963/1963/1963 1977/1977/1977
f 1977/1977/1977 1976/1976/1976 1965/1965/1965
f 1978/1978/1978 1974/1974/1974 1973/1973/1973
f 1979/1979/1979 1974/1974/1974 1978/1978/1978
f 1973/1973/1973 1975/1975/1975 1980/1980/1980
f 1978/1978/1978 1973/1973/1973 1980/1980/1980
f 1975/1975/1975 1976/1976/1976 1981/1981/1981
f 1981/1981/1981 1980/1980/1980 1975/1975/1975
f 1981/1981/1981 1976/1976/1976 1982/1982/1982
f 1982/1982/1982 1976/1976/1976 1977/1977/1977
f 1963/1963/1963 1983/1983/1983 1977/1977/1977
f 1961/1961/1961 1983/1983/1983 1963/1963/1963
f 1984/1984/1984 1979/1979/1979 1978/1978/1978
f 1984/1984/1984 1978/1978/1978 1985/1985/1985
f 1978/1978/1978 1986/1986/1986 1985/1985/1985
f 1986/1986/1986 1978/1978/1978 1980/1980/1980
f 1979/1979/1979 1984/1984/1984 1987/1987/1987
f 1984/1984/1984 1988/1988/1988 1987/1987/1987
f 1984/1984/1984 1985/1985/1985 1988/1988/1988
f 1989/1989/1989 1987/1987/1987 1988/1988/1988
f 1990/1990/1990 1989/1989/1989 1988/1988/1988
f 1988/1988/1988 1991/1991/1991 1990/1990/1990
f 1985/1985/1985 1991/1991/1991 1988/1988/1988
f 1991/1991/1991 1992/1992/1992 1990/1990/1990
f 1993/1993/1993 1992/1992/1992 1991/1991/1991
f 1994/1994/1994 1993/1993/1993 1991/1991/1991
f 1985/1985/1985 1994/1994/1994 1991/1991/1991
f 1995/1995/1995 1993/1993/1993 1994/1994/1994
f 1996/1996/1996 1986/1986/1986 1980/1980/1980
f 1985/1985/1985 1986/1986/1986 1996/1996/1996
f 1997/1997/1997 1996/1996/1996 1980/1980/1980
f 1981/1981/1981 1997/1997/1997 1980/1980/1980
f 1981/1981/1981 1982/1982/1982 1997/1997/1997
f 1998/1998/1998 1995/1995/1995 1994/1994/1994
f 1999/1999/1999 1994/1994/1994 1985/1985/1985
f 1998/1998/1998 1994/1994/1994 1999/1999/1999
f 2000/2000/2000 1985/1985/1985 1996/1996/1996
f 2000/2000/2000 1999/1999/1999 1985/1985/1985
f 2001/2001/2001 1995/1995/1995 1998/1998/1998
f 2002/2002/2002 1995/1995/1995 2001/2001/2001
f 2001/2001/2001 2003/2003/2003 2002/2002/2002
f 2003/2003/2003 2004/2004/2004 2002/2002/2002
f 2004/2004/2004 2003/2003/2003 2005/2005/2005
f 2006/2006/2006 2004/2004/2004 2005/2005/2005
f 2006/2006/2006 2005/2005/2005 2007/2007/2007
f 2005/2005/2005 2008/2008/2008 2007/2007/2007
f 2007/2007/2007 2008/2008/2008 2009/2009/2009
f 2005/2005/2005 2003/2003/2003 2010/2010/2010
f 2008/2008/2008 2005/2005/2005 2010/2010/2010
f 2011/2011/2011 2003/2003/2003 2001/2001/2001
f 2003/2003/2003 2011/2011/2011 2010/2010/2010
f 2012/2012/2012 2001/2001/2001 1998/1998/1998
f 2012/2012/2012 2011/2011/2011 2001/2001/2001
f 2013/2013/2013 1998/1998/1998 1999/1999/1999
f 2013/2013/2013 2012/2012/2012 1998/1998/1998
f 2008/2008/2008 2014/2014/2014 2009/2009/2009
f 2015/2015/2015 2009/2009/2009 2014/2014/2014
f 2013/2013/2013 1999/1999/1999 2016/2016/2016
f 2016/2016/2016 1999/1999/1999 2000/2000/2000
f 2017/2017/2017 2012/2012/2012 2013/2013/2013
f 2017/2017/2017 2013/2013/2013 2016/2016/2016
f 2012/2012/2012 2017/2017/2017 2018/2018/2018
f 2011/2011/2011 2012/2012/2012 2018/2018/2018
f 2018/2018/2018 2017/2017/2017 2016/2016/2016
f 2019/2019/2019 2016/2016/2016 2000/2000/2000
f 2019/2019/2019 2000/2000/2000 1996/1996/1996
f 2014/2014/2014 2008/2008/2008 2020/2020/2020
f 2020/2020/2020 2008/2008/2008 2010/2010/2010
f 2010/2010/2010 2011/2011/2011 2021/2021/2021
f 2011/2011/2011 2018/2018/2018 2021/2021/2021
f 2022/2022/2022 2021/2021/2021 2018/2018/2018
f 2023/2023/2023 2018/2018/2018 2016/2016/2016
f 2023/2023/2023 2016/2016/2016 2019/2019/2019
f 2023/2023/2023 2022/2022/2022 2018/2018/2018
f 2010/2010/2010 2021/2021/2021 2024/2024/2024
f 2020/2020/2020 2010/2010/2010 2024/2024/2024
f 2024/2024/2024 2021/2021/2021 2022/2022/2022
f 2025/2025/2025 2019/2019/2019 1996/1996/1996
f 2025/2025/2025 1996/1996/1996 1997/1997/1997
f 2026/2026/2026 2023/2023/2023 2019/2019/2019
f 2022/2022/2022 2023/2023/2023 2026/2026/2026
f 2019/2019/2019 2025/2025/2025 2026/2026/2026
f 1997/1997/1997 2027/2027/2027 2025/2025/2025
f 1982/1982/1982 2027/2027/2027 1997/1997/1997
f 2025/2025/2025 2028/2028/2028 2026/2026/2026
f 2025/2025/2025 2027/2027/2027 2028/2028/2028
f 2029/2029/2029 2026/2026/2026 2028/2028/2028
f 2029/2029/2029 2022/2022/2022 2026/2026/2026
f 2027/2027/2027 1982/1982/1982 2030/2030/2030
f 2030/2030/2030 1982/1982/1982 1977/1977/1977
f 1977/1977/1977 1983/1983/1983 2030/2030/2030
f 2031/2031/2031 2028/2028/2028 2027/2027/2027
f 2031/2031/2031 2029/2029/2029 2028/2028/2028
f 2029/2029/2029 2031/2031/2031 2032/2032/2032
f 2033/2033/2033 2029/2029/2029 2032/2032/2032
f 2029/2029/2029 2033/2033/2033 2022/2022/2022
f 2034/2034/2034 2031/2031/2031 2027/2027/2027
f 2034/2034/2034 2027/2027/2027 2030/2030/2030
f 2034/2034/2034 2035/2035/2035 2031/2031/2031
f 2034/2034/2034 2030/2030/2030 2035/2035/2035
f 2035/2035/2035 2032/2032/2032 2031/2031/2031
f 1983/1983/1983 2036/2036/2036 2030/2030/2030
f 2030/2030/2030 2036/2036/2036 2035/2035/2035
f 2037/2037/2037 2036/2036/2036 1983/1983/1983
f 2037/2037/2037 1983/1983/1983 1961/1961/1961
f 1960/1960/1960 2037/2037/2037 1961/1961/1961
f 2036/2036/2036 2038/2038/2038 2035/2035/2035
f 2038/2038/2038 2036/2036/2036 2037/2037/2037
f 2039/2039/2039 2037/2037/2037 1960/1960/1960
f 2037/2037/2037 2039/2039/2039 2038/2038/2038
f 2039/2039/2039 1960/1960/1960 1959/1959/1959
f 2038/2038/2038 2040/2040/2040 2035/2035/2035
f 2035/2035/2035 2040/2040/2040 2032/2032/2032
f 2039/2039/2039 2041/2041/2041 2038/2038/2038
f 2041/2041/2041 2039/2039/2039 1959/1959/1959
f 2038/2038/2038 2041/2041/2041 2040/2040/2040
f 2042/2042/2042 2041/2041/2041 1959/1959/1959
f 2042/2042/2042 1959/1959/1959 1962/1962/1962
f 2041/2041/2041 2043/2043/2043 2040/2040/2040
f 2043/2043/2043 2041/2041/2041 2042/2042/2042
f 2040/2040/2040 2044/2044/2044 2032/2032/2032
f 2045/2045/2045 2044/2044/2044 2040/2040/2040
f 2043/2043/2043 2045/2045/2045 2040/2040/2040
f 2044/2044/2044 2046/2046/2046 2032/2032/2032
f 2032/2032/2032 2046/2046/2046 2047/2047/2047
f 2047/2047/2047 2048/2048/2048 2032/2032/2032
f 2049/2049/2049 2045/2045/2045 2043/2043/2043
f 2048/2048/2048 2033/2033/2033 2032/2032/2032
f 2050/2050/2050 2049/2049/2049 2043/2043/2043
f 2051/2051/2051 2033/2033/2033 2048/2048/2048
f 2033/2033/2033 2051/2051/2051 2052/2052/2052
f 2051/2051/2051 2053/2053/2053 2052/2052/2052
f 2053/2053/2053 2054/2054/2054 2052/2052/2052
f 2054/2054/2054 2055/2055/2055 2052/2052/2052
f 2052/2052/2052 2055/2055/2055 2056/2056/2056
f 2057/2057/2057 2050/2050/2050 2043/2043/2043
f 2058/2058/2058 2050/2050/2050 2057/2057/2057
f 2057/2057/2057 2059/2059/2059 2058/2058/2058
f 2057/2057/2057 2043/2043/2043 2042/2042/2042
f 2060/2060/2060 2059/2059/2059 2057/2057/2057
f 2057/2057/2057 2042/2042/2042 2060/2060/2060
f 2061/2061/2061 2059/2059/2059 2060/2060/2060
f 2062/2062/2062 2056/2056/2056 2055/2055/2055
f 2062/2062/2062 2063/2063/2063 2056/2056/2056
f 2060/2060/2060 2042/2042/2042 2064/2064/2064
f 2064/2064/2064 2042/2042/2042 1962/1962/1962
f 2065/2065/2065 2061/2061/2061 2060/2060/2060
f 2065/2065/2065 2060/2060/2060 2064/2064/2064
f 2066/2066/2066 2061/2061/2061 2065/2065/2065
f 2064/2064/2064 1962/1962/1962 2067/2067/2067
f 1962/1962/1962 1949/1949/1949 2067/2067/2067
f 2068/2068/2068 2067/2067/2067 1949/1949/1949
f 2069/2069/2069 2068/2068/2068 1949/1949/1949
f 2065/2065/2065 2064/2064/2064 2070/2070/2070
f 2064/2064/2064 2067/2067/2067 2070/2070/2070
f 2071/2071/2071 2070/2070/2070 2067/2067/2067
f 2072/2072/2072 2071/2071/2071 2067/2067/2067
f 2065/2065/2065 2073/2073/2073 2066/2066/2066
f 2065/2065/2065 2070/2070/2070 2073/2073/2073
f 2074/2074/2074 2066/2066/2066 2073/2073/2073
f 2075/2075/2075 2066/2066/2066 2074/2074/2074
f 2074/2074/2074 2076/2076/2076 2075/2075/2075
f 2073/2073/2073 2070/2070/2070 2077/2077/2077
f 2074/2074/2074 2073/2073/2073 2077/2077/2077
f 2074/2074/2074 2078/2078/2078 2076/2076/2076
f 2074/2074/2074 2077/2077/2077 2078/2078/2078
f 2079/2079/2079 2077/2077/2077 2070/2070/2070
f 2080/2080/2080 2079/2079/2079 2070/2070/2070
f 2079/2079/2079 2081/2081/2081 2077/2077/2077
f 2081/2081/2081 2082/2082/2082 2077/2077/2077
f 2078/2078/2078 2077/2077/2077 2082/2082/2082
f 2082/2082/2082 2081/2081/2081 2083/2083/2083
f 2084/2084/2084 2076/2076/2076 2078/2078/2078
f 2084/2084/2084 2078/2078/2078 2082/2082/2082
f 2085/2085/2085 2076/2076/2076 2084/2084/2084
f 2086/2086/2086 2082/2082/2082 2083/2083/2083
f 2084/2084/2084 2082/2082/2082 2086/2086/2086
f 2083/2083/2083 2087/2087/2087 2086/2086/2086
f 2087/2087/2087 2088/2088/2088 2086/2086/2086
f 2089/2089/2089 2086/2086/2086 2088/2088/2088
f 2089/2089/2089 2084/2084/2084 2086/2086/2086
f 2090/2090/2090 2089/2089/2089 2088/2088/2088
f 2090/2090/2090 2091/2091/2091 2089/2089/2089
f 2084/2084/2084 2092/2092/2092 2085/2085/2085
f 2084/2084/2084 2089/2089/2089 2092/2092/2092
f 2085/2085/2085 2092/2092/2092 2063/2063/2063
f 2092/2092/2092 2056/2056/2056 2063/2063/2063
f 2091/2091/2091 2093/2093/2093 2089/2089/2089
f 2089/2089/2089 2093/2093/2093 2092/2092/2092
f 2092/2092/2092 2093/2093/2093 2056/2056/2056
f 2093/2093/2093 2091/2091/2091 2094/2094/2094
f 2093/2093/2093 2095/2095/2095 2056/2056/2056
f 2095/2095/2095 2093/2093/2093 2094/2094/2094
f 2056/2056/2056 2095/2095/2095 2096/2096/2096
f 2052/2052/2052 2056/2056/2056 2096/2096/2096
f 2094/2094/2094 2097/2097/2097 2095/2095/2095
f 2097/2097/2097 2096/2096/2096 2095/2095/2095
f 2015/2015/2015 2097/2097/2097 2094/2094/2094
f 2097/2097/2097 2015/2015/2015 2014/2014/2014
f 2097/2097/2097 2014/2014/2014 2096/2096/2096
f 2014/2014/2014 2098/2098/2098 2096/2096/2096
f 2098/2098/2098 2014/2014/2014 2020/2020/2020
f 2096/2096/2096 2099/2099/2099 2052/2052/2052
f 2099/2099/2099 2096/2096/2096 2098/2098/2098
f 2020/2020/2020 2100/2100/2100 2098/2098/2098
f 2100/2100/2100 2099/2099/2099 2098/2098/2098
f 2024/2024/2024 2100/2100/2100 2020/2020/2020
f 2099/2099/2099 2100/2100/2100 2024/2024/2024
f 2099/2099/2099 2101/2101/2101 2052/2052/2052
f 2101/2101/2101 2099/2099/2099 2024/2024/2024
f 2101/2101/2101 2033/2033/2033 2052/2052/2052
f 2101/2101/2101 2024/2024/2024 2022/2022/2022
f 2033/2033/2033 2101/2101/2101 2022/2022/2022
f 2104/2104/2104 2103/2103/2103 2102/2102/2102
f 2104/2104/2104 2102/2102/2102 2105/2105/2105
f 2106/2106/2106 2104/2104/2104 2105/2105/2105
f 2106/2106/2106 2105/2105/2105 2107/2107/2107
f 2104/2104/2104 2106/2106/2106 2108/2108/2108
f 2109/2109/2109 2106/2106/2106 2107/2107/2107
f 2107/2107/2107 2110/2110/2110 2109/2109/2109
f 2106/2106/2106 2111/2111/2111 2108/2108/2108
f 2111/2111/2111 2106/2106/2106 2109/2109/2109
f 2110/2110/2110 2112/2112/2112 2109/2109/2109
f 2112/2112/2112 2110/2110/2110 2113/2113/2113
f 2114/2114/2114 2112/2112/2112 2113/2113/2113
f 2111/2111/2111 2115/2115/2115 2108/2108/2108
f 2115/2115/2115 2116/2116/2116 2108/2108/2108
f 2117/2117/2117 2111/2111/2111 2109/2109/2109
f 2109/2109/2109 2112/2112/2112 2117/2117/2117
f 2115/2115/2115 2111/2111/2111 2117/2117/2117
f 2118/2118/2118 2112/2112/2112 2114/2114/2114
f 2112/2112/2112 2118/2118/2118 2117/2117/2117
f 2119/2119/2119 2118/2118/2118 2114/2114/2114
f 2117/2117/2117 2118/2118/2118 2120/2120/2120
f 2120/2120/2120 2115/2115/2115 2117/2117/2117
f 2121/2121/2121 2118/2118/2118 2119/2119/2119
f 2118/2118/2118 2121/2121/2121 2120/2120/2120
f 2122/2122/2122 2121/2121/2121 2119/2119/2119
f 2123/2123/2123 2121/2121/2121 2122/2122/2122
f 2120/2120/2120 2121/2121/2121 2123/2123/2123
f 2124/2124/2124 2123/2123/2123 2122/2122/2122
f 2116/2116/2116 2115/2115/2115 2125/2125/2125
f 2126/2126/2126 2116/2116/2116 2125/2125/2125
f 2127/2127/2127 2126/2126/2126 2125/2125/2125
f 2120/2120/2120 2128/2128/2128 2115/2115/2115
f 2128/2128/2128 2120/2120/2120 2123/2123/2123
f 2128/2128/2128 2125/2125/2125 2115/2115/2115
f 2129/2129/2129 2123/2123/2123 2124/2124/2124
f 2130/2130/2130 2129/2129/2129 2124/2124/2124
f 2128/2128/2128 2123/2123/2123 2131/2131/2131
f 2125/2125/2125 2128/2128/2128 2131/2131/2131
f 2123/2123/2123 2129/2129/2129 2131/2131/2131
f 2132/2132/2132 2127/2127/2127 2125/2125/2125
f 2132/2132/2132 2125/2125/2125 2131/2131/2131
f 2127/2127/2127 2132/2132/2132 2133/2133/2133
f 2129/2129/2129 2130/2130/2130 2134/2134/2134
f 2130/2130/2130 2135/2135/2135 2134/2134/2134
f 2131/2131/2131 2129/2129/2129 2136/2136/2136
f 2136/2136/2136 2129/2129/2129 2134/2134/2134
f 2137/2137/2137 2134/2134/2134 2135/2135/2135
f 2136/2136/2136 2134/2134/2134 2137/2137/2137
f 2135/2135/2135 2138/2138/2138 2137/2137/2137
f 2137/2137/2137 2139/2139/2139 2136/2136/2136
f 2139/2139/2139 2140/2140/2140 2136/2136/2136
f 2141/2141/2141 2131/2131/2131 2136/2136/2136
f 2140/2140/2140 2141/2141/2141 2136/2136/2136
f 2131/2131/2131 2141/2141/2141 2132/2132/2132
f 2142/2142/2142 2141/2141/2141 2140/2140/2140
f 2132/2132/2132 2141/2141/2141 2142/2142/2142
f 2132/2132/2132 2142/2142/2142 2143/2143/2143
f 2133/2133/2133 2132/2132/2132 2143/2143/2143
f 2144/2144/2144 2133/2133/2133 2143/2143/2143
f 2147/2147/2147 2146/2146/2146 2145/2145/2145
f 2148/2148/2148 2147/2147/2147 2145/2145/2145
f 2147/2147/2147 2148/2148/2148 2149/2149/2149
f 2148/2148/2148 2150/2150/2150 2149/2149/2149
f 2151/2151/2151 2149/2149/2149 2150/2150/2150
f 2152/2152/2152 2151/2151/2151 2150/2150/2150
f 2153/2153/2153 2151/2151/2151 2152/2152/2152
f 2154/2154/2154 2153/2153/2153 2152/2152/2152
f 2152/2152/2152 2155/2155/2155 2154/2154/2154
f 2155/2155/2155 2156/2156/2156 2154/2154/2154
f 2157/2157/2157 2156/2156/2156 2155/2155/2155
f 2150/2150/2150 2158/2158/2158 2152/2152/2152
f 2158/2158/2158 2155/2155/2155 2152/2152/2152
f 2159/2159/2159 2157/2157/2157 2155/2155/2155
f 2160/2160/2160 2157/2157/2157 2159/2159/2159
f 2148/2148/2148 2161/2161/2161 2150/2150/2150
f 2161/2161/2161 2158/2158/2158 2150/2150/2150
f 2155/2155/2155 2158/2158/2158 2162/2162/2162
f 2159/2159/2159 2155/2155/2155 2162/2162/2162
f 2162/2162/2162 2163/2163/2163 2159/2159/2159
f 2164/2164/2164 2160/2160/2160 2159/2159/2159
f 2163/2163/2163 2164/2164/2164 2159/2159/2159
f 2165/2165/2165 2160/2160/2160 2164/2164/2164
f 2165/2165/2165 2166/2166/2166 2160/2160/2160
f 2167/2167/2167 2165/2165/2165 2164/2164/2164
f 2164/2164/2164 2163/2163/2163 2167/2167/2167
f 2163/2163/2163 2168/2168/2168 2167/2167/2167
f 2169/2169/2169 2167/2167/2167 2168/2168/2168
f 2165/2165/2165 2170/2170/2170 2166/2166/2166
f 2165/2165/2165 2167/2167/2167 2170/2170/2170
f 2170/2170/2170 2171/2171/2171 2166/2166/2166
f 2172/2172/2172 2167/2167/2167 2169/2169/2169
f 2167/2167/2167 2172/2172/2172 2170/2170/2170
f 2170/2170/2170 2173/2173/2173 2171/2171/2171
f 2173/2173/2173 2174/2174/2174 2171/2171/2171
f 2172/2172/2172 2175/2175/2175 2170/2170/2170
f 2175/2175/2175 2173/2173/2173 2170/2170/2170
f 2173/2173/2173 2176/2176/2176 2174/2174/2174
f 2176/2176/2176 2177/2177/2177 2174/2174/2174
f 2178/2178/2178 2177/2177/2177 2176/2176/2176
f 2179/2179/2179 2176/2176/2176 2173/2173/2173
f 2175/2175/2175 2179/2179/2179 2173/2173/2173
f 2180/2180/2180 2178/2178/2178 2176/2176/2176
f 2180/2180/2180 2176/2176/2176 2179/2179/2179
f 2178/2178/2178 2180/2180/2180 2181/2181/2181
f 2182/2182/2182 2175/2175/2175 2172/2172/2172
f 2182/2182/2182 2172/2172/2172 2169/2169/2169
f 2182/2182/2182 2183/2183/2183 2175/2175/2175
f 2183/2183/2183 2182/2182/2182 2169/2169/2169
f 2179/2179/2179 2175/2175/2175 2183/2183/2183
f 2180/2180/2180 2184/2184/2184 2181/2181/2181
f 2185/2185/2185 2181/2181/2181 2184/2184/2184
f 2186/2186/2186 2180/2180/2180 2179/2179/2179
f 2180/2180/2180 2186/2186/2186 2184/2184/2184
f 2187/2187/2187 2183/2183/2183 2169/2169/2169
f 2183/2183/2183 2187/2187/2187 2188/2188/2188
f 2187/2187/2187 2169/2169/2169 2168/2168/2168
f 2189/2189/2189 2179/2179/2179 2183/2183/2183
f 2186/2186/2186 2179/2179/2179 2189/2189/2189
f 2189/2189/2189 2183/2183/2183 2188/2188/2188
f 2190/2190/2190 2186/2186/2186 2189/2189/2189
f 2189/2189/2189 2188/2188/2188 2190/2190/2190
f 2186/2186/2186 2191/2191/2191 2184/2184/2184
f 2191/2191/2191 2186/2186/2186 2190/2190/2190
f 2185/2185/2185 2184/2184/2184 2192/2192/2192
f 2184/2184/2184 2191/2191/2191 2192/2192/2192
f 2193/2193/2193 2187/2187/2187 2168/2168/2168
f 2187/2187/2187 2193/2193/2193 2188/2188/2188
f 2185/2185/2185 2192/2192/2192 2194/2194/2194
f 2195/2195/2195 2185/2185/2185 2194/2194/2194
f 2195/2195/2195 2194/2194/2194 2196/2196/2196
f 2197/2197/2197 2195/2195/2195 2196/2196/2196
f 2194/2194/2194 2198/2198/2198 2196/2196/2196
f 2199/2199/2199 2198/2198/2198 2194/2194/2194
f 2199/2199/2199 2194/2194/2194 2192/2192/2192
f 2200/2200/2200 2197/2197/2197 2196/2196/2196
f 2201/2201/2201 2200/2200/2200 2196/2196/2196
f 2196/2196/2196 2198/2198/2198 2201/2201/2201
f 2202/2202/2202 2200/2200/2200 2201/2201/2201
f 2203/2203/2203 2202/2202/2202 2201/2201/2201
f 2201/2201/2201 2204/2204/2204 2203/2203/2203
f 2198/2198/2198 2204/2204/2204 2201/2201/2201
f 2204/2204/2204 2205/2205/2205 2203/2203/2203
f 2205/2205/2205 2204/2204/2204 2206/2206/2206
f 2206/2206/2206 2204/2204/2204 2198/2198/2198
f 2207/2207/2207 2205/2205/2205 2206/2206/2206
f 2208/2208/2208 2199/2199/2199 2192/2192/2192
f 2191/2191/2191 2208/2208/2208 2192/2192/2192
f 2191/2191/2191 2209/2209/2209 2208/2208/2208
f 2209/2209/2209 2191/2191/2191 2190/2190/2190
f 2209/2209/2209 2210/2210/2210 2208/2208/2208
f 2210/2210/2210 2199/2199/2199 2208/2208/2208
f 2210/2210/2210 2209/2209/2209 2190/2190/2190
f 2211/2211/2211 2198/2198/2198 2199/2199/2199
f 2211/2211/2211 2199/2199/2199 2210/2210/2210
f 2212/2212/2212 2210/2210/2210 2190/2190/2190
f 2188/2188/2188 2212/2212/2212 2190/2190/2190
f 2213/2213/2213 2211/2211/2211 2210/2210/2210
f 2213/2213/2213 2210/2210/2210 2212/2212/2212
f 2211/2211/2211 2214/2214/2214 2198/2198/2198
f 2211/2211/2211 2213/2213/2213 2214/2214/2214
f 2215/2215/2215 2212/2212/2212 2188/2188/2188
f 2215/2215/2215 2213/2213/2213 2212/2212/2212
f 2214/2214/2214 2216/2216/2216 2198/2198/2198
f 2216/2216/2216 2206/2206/2206 2198/2198/2198
f 2206/2206/2206 2216/2216/2216 2217/2217/2217
f 2216/2216/2216 2214/2214/2214 2217/2217/2217
f 2213/2213/2213 2218/2218/2218 2214/2214/2214
f 2218/2218/2218 2213/2213/2213 2215/2215/2215
f 2219/2219/2219 2215/2215/2215 2188/2188/2188
f 2193/2193/2193 2219/2219/2219 2188/2188/2188
f 2193/2193/2193 2220/2220/2220 2219/2219/2219
f 2193/2193/2193 2221/2221/2221 2220/2220/2220
f 2193/2193/2193 2222/2222/2222 2221/2221/2221
f 2221/2221/2221 2223/2223/2223 2220/2220/2220
f 2222/2222/2222 2193/2193/2193 2168/2168/2168
f 2224/2224/2224 2220/2220/2220 2223/2223/2223
f 2225/2225/2225 2222/2222/2222 2168/2168/2168
f 2226/2226/2226 2225/2225/2225 2168/2168/2168
f 2227/2227/2227 2226/2226/2226 2168/2168/2168
f 2224/2224/2224 2228/2228/2228 2220/2220/2220
f 2227/2227/2227 2168/2168/2168 2163/2163/2163
f 2163/2163/2163 2229/2229/2229 2227/2227/2227
f 2230/2230/2230 2229/2229/2229 2163/2163/2163
f 2163/2163/2163 2162/2162/2162 2230/2230/2230
f 2162/2162/2162 2231/2231/2231 2230/2230/2230
f 2162/2162/2162 2158/2158/2158 2231/2231/2231
f 2232/2232/2232 2231/2231/2231 2158/2158/2158
f 2232/2232/2232 2158/2158/2158 2161/2161/2161
f 2161/2161/2161 2233/2233/2233 2232/2232/2232
f 2232/2232/2232 2233/2233/2233 2234/2234/2234
f 2148/2148/2148 2233/2233/2233 2161/2161/2161
f 2235/2235/2235 2234/2234/2234 2233/2233/2233
f 2236/2236/2236 2233/2233/2233 2148/2148/2148
f 2235/2235/2235 2233/2233/2233 2236/2236/2236
f 2145/2145/2145 2236/2236/2236 2148/2148/2148
f 2236/2236/2236 2237/2237/2237 2235/2235/2235
f 2145/2145/2145 2237/2237/2237 2236/2236/2236
f 2238/2238/2238 2235/2235/2235 2237/2237/2237
f 2238/2238/2238 2237/2237/2237 2239/2239/2239
f 2240/2240/2240 2238/2238/2238 2239/2239/2239
f 2241/2241/2241 2237/2237/2237 2145/2145/2145
f 2239/2239/2239 2237/2237/2237 2241/2241/2241
f 2240/2240/2240 2239/2239/2239 2242/2242/2242
f 2240/2240/2240 2242/2242/2242 2243/2243/2243
f 2244/2244/2244 2243/2243/2243 2242/2242/2242
f 2245/2245/2245 2242/2242/2242 2239/2239/2239
f 2245/2245/2245 2239/2239/2239 2241/2241/2241
f 2244/2244/2244 2242/2242/2242 2246/2246/2246
f 2242/2242/2242 2245/2245/2245 2246/2246/2246
f 2247/2247/2247 2244/2244/2244 2246/2246/2246
f 2248/2248/2248 2247/2247/2247 2246/2246/2246
f 2249/2249/2249 2241/2241/2241 2145/2145/2145
f 2145/2145/2145 2250/2250/2250 2249/2249/2249
f 2250/2250/2250 2251/2251/2251 2249/2249/2249
f 2248/2248/2248 2246/2246/2246 2252/2252/2252
f 2228/2228/2228 2248/2248/2248 2252/2252/2252
f 2228/2228/2228 2252/2252/2252 2220/2220/2220
f 2253/2253/2253 2241/2241/2241 2249/2249/2249
f 2245/2245/2245 2241/2241/2241 2253/2253/2253
f 2245/2245/2245 2254/2254/2254 2246/2246/2246
f 2252/2252/2252 2246/2246/2246 2254/2254/2254
f 2255/2255/2255 2253/2253/2253 2249/2249/2249
f 2249/2249/2249 2256/2256/2256 2255/2255/2255
f 2256/2256/2256 2257/2257/2257 2255/2255/2255
f 2258/2258/2258 2245/2245/2245 2253/2253/2253
f 2254/2254/2254 2245/2245/2245 2258/2258/2258
f 2259/2259/2259 2253/2253/2253 2255/2255/2255
f 2253/2253/2253 2259/2259/2259 2258/2258/2258
f 2260/2260/2260 2259/2259/2259 2255/2255/2255
f 2255/2255/2255 2261/2261/2261 2260/2260/2260
f 2261/2261/2261 2262/2262/2262 2260/2260/2260
f 2260/2260/2260 2263/2263/2263 2259/2259/2259
f 2263/2263/2263 2264/2264/2264 2259/2259/2259
f 2264/2264/2264 2263/2263/2263 2265/2265/2265
f 2266/2266/2266 2264/2264/2264 2265/2265/2265
f 2266/2266/2266 2267/2267/2267 2264/2264/2264
f 2268/2268/2268 2259/2259/2259 2264/2264/2264
f 2259/2259/2259 2268/2268/2268 2258/2258/2258
f 2267/2267/2267 2269/2269/2269 2264/2264/2264
f 2268/2268/2268 2264/2264/2264 2269/2269/2269
f 2258/2258/2258 2268/2268/2268 2270/2270/2270
f 2270/2270/2270 2268/2268/2268 2269/2269/2269
f 2271/2271/2271 2254/2254/2254 2258/2258/2258
f 2271/2271/2271 2258/2258/2258 2270/2270/2270
f 2272/2272/2272 2269/2269/2269 2267/2267/2267
f 2272/2272/2272 2267/2267/2267 2273/2273/2273
f 2274/2274/2274 2254/2254/2254 2271/2271/2271
f 2274/2274/2274 2252/2252/2252 2254/2254/2254
f 2275/2275/2275 2271/2271/2271 2270/2270/2270
f 2275/2275/2275 2274/2274/2274 2271/2271/2271
f 2276/2276/2276 2270/2270/2270 2269/2269/2269
f 2276/2276/2276 2269/2269/2269 2272/2272/2272
f 2275/2275/2275 2270/2270/2270 2276/2276/2276
f 2273/2273/2273 2277/2277/2277 2272/2272/2272
f 2273/2273/2273 2278/2278/2278 2277/2277/2277
f 2278/2278/2278 2279/2279/2279 2277/2277/2277
f 2280/2280/2280 2252/2252/2252 2274/2274/2274
f 2252/2252/2252 2280/2280/2280 2220/2220/2220
f 2281/2281/2281 2276/2276/2276 2272/2272/2272
f 2281/2281/2281 2272/2272/2272 2277/2277/2277
f 2282/2282/2282 2275/2275/2275 2276/2276/2276
f 2282/2282/2282 2276/2276/2276 2281/2281/2281
f 2283/2283/2283 2274/2274/2274 2275/2275/2275
f 2283/2283/2283 2280/2280/2280 2274/2274/2274
f 2283/2283/2283 2275/2275/2275 2282/2282/2282
f 2283/2283/2283 2282/2282/2282 2284/2284/2284
f 2283/2283/2283 2284/2284/2284 2280/2280/2280
f 2220/2220/2220 2280/2280/2280 2285/2285/2285
f 2220/2220/2220 2285/2285/2285 2219/2219/2219
f 2282/2282/2282 2281/2281/2281 2286/2286/2286
f 2282/2282/2282 2286/2286/2286 2284/2284/2284
f 2287/2287/2287 2281/2281/2281 2277/2277/2277
f 2281/2281/2281 2287/2287/2287 2286/2286/2286
f 2280/2280/2280 2288/2288/2288 2285/2285/2285
f 2284/2284/2284 2288/2288/2288 2280/2280/2280
f 2219/2219/2219 2285/2285/2285 2289/2289/2289
f 2215/2215/2215 2219/2219/2219 2289/2289/2289
f 2289/2289/2289 2218/2218/2218 2215/2215/2215
f 2285/2285/2285 2288/2288/2288 2290/2290/2290
f 2289/2289/2289 2285/2285/2285 2290/2290/2290
f 2290/2290/2290 2288/2288/2288 2284/2284/2284
f 2290/2290/2290 2218/2218/2218 2289/2289/2289
f 2291/2291/2291 2284/2284/2284 2286/2286/2286
f 2291/2291/2291 2290/2290/2290 2284/2284/2284
f 2290/2290/2290 2292/2292/2292 2218/2218/2218
f 2290/2290/2290 2291/2291/2291 2292/2292/2292
f 2214/2214/2214 2218/2218/2218 2292/2292/2292
f 2214/2214/2214 2292/2292/2292 2217/2217/2217
f 2293/2293/2293 2291/2291/2291 2286/2286/2286
f 2293/2293/2293 2286/2286/2286 2287/2287/2287
f 2291/2291/2291 2294/2294/2294 2292/2292/2292
f 2292/2292/2292 2294/2294/2294 2217/2217/2217
f 2293/2293/2293 2294/2294/2294 2291/2291/2291
f 2217/2217/2217 2294/2294/2294 2295/2295/2295
f 2293/2293/2293 2295/2295/2295 2294/2294/2294
f 2296/2296/2296 2293/2293/2293 2287/2287/2287
f 2293/2293/2293 2296/2296/2296 2295/2295/2295
f 2295/2295/2295 2297/2297/2297 2217/2217/2217
f 2297/2297/2297 2206/2206/2206 2217/2217/2217
f 2207/2207/2207 2206/2206/2206 2297/2297/2297
f 2298/2298/2298 2207/2207/2207 2297/2297/2297
f 2295/2295/2295 2299/2299/2299 2297/2297/2297
f 2296/2296/2296 2299/2299/2299 2295/2295/2295
f 2300/2300/2300 2298/2298/2298 2297/2297/2297
f 2297/2297/2297 2299/2299/2299 2300/2300/2300
f 2300/2300/2300 2301/2301/2301 2298/2298/2298
f 2302/2302/2302 2300/2300/2300 2299/2299/2299
f 2301/2301/2301 2300/2300/2300 2302/2302/2302
f 2302/2302/2302 2299/2299/2299 2296/2296/2296
f 2303/2303/2303 2301/2301/2301 2302/2302/2302
f 2302/2302/2302 2279/2279/2279 2303/2303/2303
f 2296/2296/2296 2287/2287/2287 2304/2304/2304
f 2296/2296/2296 2304/2304/2304 2302/2302/2302
f 2302/2302/2302 2304/2304/2304 2279/2279/2279
f 2287/2287/2287 2277/2277/2277 2304/2304/2304
f 2279/2279/2279 2304/2304/2304 2277/2277/2277
f 2307/2307/2307 2306/2306/2306 2305/2305/2305
f 2308/2308/2308 2307/2307/2307 2305/2305/2305
f 2308/2308/2308 2305/2305/2305 2309/2309/2309
f 2309/2309/2309 2310/2310/2310 2308/2308/2308
f 2309/2309/2309 2311/2311/2311 2310/2310/2310
f 2310/2310/2310 2311/2311/2311 2312/2312/2312
f 2313/2313/2313 2310/2310/2310 2312/2312/2312
f 2314/2314/2314 2313/2313/2313 2312/2312/2312
f 2312/2312/2312 2315/2315/2315 2314/2314/2314
f 2314/2314/2314 2315/2315/2315 2316/2316/2316
f 2317/2317/2317 2314/2314/2314 2316/2316/2316
f 2317/2317/2317 2316/2316/2316 2318/2318/2318
f 2318/2318/2318 2319/2319/2319 2317/2317/2317
f 2318/2318/2318 2320/2320/2320 2319/2319/2319
f 2320/2320/2320 2321/2321/2321 2319/2319/2319
f 2321/2321/2321 2322/2322/2322 2319/2319/2319
f 2323/2323/2323 2322/2322/2322 2321/2321/2321
f 2323/2323/2323 2321/2321/2321 2324/2324/2324
f 2323/2323/2323 2324/2324/2324 2325/2325/2325
f 2326/2326/2326 2323/2323/2323 2325/2325/2325
f 2326/2326/2326 2325/2325/2325 2327/2327/2327
f 2328/2328/2328 2326/2326/2326 2327/2327/2327
f 2328/2328/2328 2327/2327/2327 2329/2329/2329
f 2329/2329/2329 2327/2327/2327 2330/2330/2330
f 2327/2327/2327 2331/2331/2331 2330/2330/2330
f 2332/2332/2332 2328/2328/2328 2329/2329/2329
f 2332/2332/2332 2329/2329/2329 2333/2333/2333
f 2329/2329/2329 2334/2334/2334 2333/2333/2333
f 2329/2329/2329 2330/2330/2330 2334/2334/2334
f 2335/2335/2335 2333/2333/2333 2334/2334/2334
f 2336/2336/2336 2335/2335/2335 2334/2334/2334
f 2335/2335/2335 2336/2336/2336 2337/2337/2337
f 2330/2330/2330 2338/2338/2338 2334/2334/2334
f 2334/2334/2334 2338/2338/2338 2336/2336/2336
f 2338/2338/2338 2330/2330/2330 2339/2339/2339
f 2340/2340/2340 2338/2338/2338 2339/2339/2339
f 2338/2338/2338 2340/2340/2340 2336/2336/2336
f 2336/2336/2336 2341/2341/2341 2337/2337/2337
f 2336/2336/2336 2340/2340/2340 2341/2341/2341
f 2342/2342/2342 2337/2337/2337 2341/2341/2341
f 2343/2343/2343 2342/2342/2342 2341/2341/2341
f 2342/2342/2342 2343/2343/2343 2344/2344/2344
f 2343/2343/2343 2345/2345/2345 2344/2344/2344
f 2340/2340/2340 2346/2346/2346 2341/2341/2341
f 2341/2341/2341 2346/2346/2346 2343/2343/2343
f 2343/2343/2343 2347/2347/2347 2345/2345/2345
f 2346/2346/2346 2347/2347/2347 2343/2343/2343
f 2347/2347/2347 2348/2348/2348 2345/2345/2345
f 2346/2346/2346 2340/2340/2340 2349/2349/2349
f 2349/2349/2349 2340/2340/2340 2339/2339/2339
f 2348/2348/2348 2347/2347/2347 2350/2350/2350
f 2351/2351/2351 2348/2348/2348 2350/2350/2350
f 2350/2350/2350 2352/2352/2352 2351/2351/2351
f 2352/2352/2352 2353/2353/2353 2351/2351/2351
f 2352/2352/2352 2354/2354/2354 2353/2353/2353
f 2354/2354/2354 2355/2355/2355 2353/2353/2353
f 2347/2347/2347 2346/2346/2346 2356/2356/2356
f 2350/2350/2350 2347/2347/2347 2356/2356/2356
f 2356/2356/2356 2346/2346/2346 2349/2349/2349
f 2350/2350/2350 2356/2356/2356 2352/2352/2352
f 2355/2355/2355 2354/2354/2354 2357/2357/2357
f 2358/2358/2358 2355/2355/2355 2357/2357/2357
f 2357/2357/2357 2359/2359/2359 2358/2358/2358
f 2360/2360/2360 2358/2358/2358 2359/2359/2359
f 2357/2357/2357 2361/2361/2361 2359/2359/2359
f 2354/2354/2354 2361/2361/2361 2357/2357/2357
f 2362/2362/2362 2359/2359/2359 2361/2361/2361
f 2363/2363/2363 2362/2362/2362 2361/2361/2361
f 2364/2364/2364 2363/2363/2363 2361/2361/2361
f 2364/2364/2364 2365/2365/2365 2363/2363/2363
f 2361/2361/2361 2354/2354/2354 2366/2366/2366
f 2361/2361/2361 2366/2366/2366 2364/2364/2364
f 2354/2354/2354 2367/2367/2367 2366/2366/2366
f 2367/2367/2367 2354/2354/2354 2368/2368/2368
f 2354/2354/2354 2352/2352/2352 2368/2368/2368
f 2366/2366/2366 2369/2369/2369 2364/2364/2364
f 2368/2368/2368 2352/2352/2352 2370/2370/2370
f 2364/2364/2364 2371/2371/2371 2365/2365/2365
f 2364/2364/2364 2369/2369/2369 2371/2371/2371
f 2371/2371/2371 2369/2369/2369 2372/2372/2372
f 2365/2365/2365 2371/2371/2371 2373/2373/2373
f 2371/2371/2371 2372/2372/2372 2374/2374/2374
f 2352/2352/2352 2375/2375/2375 2370/2370/2370
f 2356/2356/2356 2375/2375/2375 2352/2352/2352
f 2375/2375/2375 2376/2376/2376 2370/2370/2370
f 2375/2375/2375 2356/2356/2356 2376/2376/2376
f 2356/2356/2356 2349/2349/2349 2376/2376/2376
f 2376/2376/2376 2349/2349/2349 2377/2377/2377
f 2349/2349/2349 2339/2339/2339 2377/2377/2377
f 2339/2339/2339 2374/2374/2374 2377/2377/2377
f 2371/2371/2371 2378/2378/2378 2373/2373/2373
f 2378/2378/2378 2371/2371/2371 2374/2374/2374
f 2378/2378/2378 2374/2374/2374 2339/2339/2339
f 2378/2378/2378 2379/2379/2379 2373/2373/2373
f 2379/2379/2379 2378/2378/2378 2339/2339/2339
f 2380/2380/2380 2379/2379/2379 2339/2339/2339
f 2330/2330/2330 2380/2380/2380 2339/2339/2339
f 2380/2380/2380 2330/2330/2330 2381/2381/2381
f 2330/2330/2330 2382/2382/2382 2381/2381/2381
f 2385/2385/2385 2384/2384/2384 2383/2383/2383
f 2385/2385/2385 2383/2383/2383 2386/2386/2386
f 2386/2386/2386 2383/2383/2383 2387/2387/2387
f 2387/2387/2387 2383/2383/2383 2388/2388/2388
f 2389/2389/2389 2387/2387/2387 2388/2388/2388
f 2389/2389/2389 2388/2388/2388 2390/2390/2390
f 2391/2391/2391 2389/2389/2389 2390/2390/2390
f 2391/2391/2391 2390/2390/2390 2392/2392/2392
f 2393/2393/2393 2391/2391/2391 2392/2392/2392
f 2393/2393/2393 2392/2392/2392 2394/2394/2394
f 2392/2392/2392 2395/2395/2395 2394/2394/2394
f 2394/2394/2394 2395/2395/2395 2396/2396/2396
f 2395/2395/2395 2397/2397/2397 2396/2396/2396
f 2396/2396/2396 2397/2397/2397 2398/2398/2398
f 2397/2397/2397 2399/2399/2399 2398/2398/2398
f 2400/2400/2400 2399/2399/2399 2397/2397/2397
f 2403/2403/2403 2402/2402/2402 2401/2401/2401
f 2401/2401/2401 2402/2402/2402 2404/2404/2404
f 2401/2401/2401 2404/2404/2404 2405/2405/2405
f 2401/2401/2401 2405/2405/2405 2406/2406/2406
f 2405/2405/2405 2407/2407/2407 2406/2406/2406
f 2406/2406/2406 2407/2407/2407 2408/2408/2408
f 2407/2407/2407 2409/2409/2409 2408/2408/2408
f 2408/2408/2408 2409/2409/2409 2410/2410/2410
f 2409/2409/2409 2411/2411/2411 2410/2410/2410
f 2410/2410/2410 2411/2411/2411 2412/2412/2412
f 2413/2413/2413 2410/2410/2410 2412/2412/2412
f 2413/2413/2413 2412/2412/2412 2414/2414/2414
f 2415/2415/2415 2413/2413/2413 2414/2414/2414
f 2416/2416/2416 2415/2415/2415 2414/2414/2414
f 2417/2417/2417 2416/2416/2416 2414/2414/2414
f 2420/2420/2420 2419/2419/2419 2418/2418/2418
f 2419/2419/2419 2421/2421/2421 2418/2418/2418
f 2419/2419/2419 2422/2422/2422 2421/2421/2421
f 2418/2418/2418 2421/2421/2421 2423/2423/2423
f 2424/2424/2424 2418/2418/2418 2423/2423/2423
f 2422/2422/2422 2425/2425/2425 2421/2421/2421
f 2422/2422/2422 2426/2426/2426 2425/2425/2425
f 2421/2421/2421 2425/2425/2425 2427/2427/2427
f 2423/2423/2423 2421/2421/2421 2427/2427/2427
f 2427/2427/2427 2425/2425/2425 2426/2426/2426
f 2424/2424/2424 2423/2423/2423 2428/2428/2428
f 2429/2429/2429 2424/2424/2424 2428/2428/2428
f 2423/2423/2423 2427/2427/2427 2430/2430/2430
f 2430/2430/2430 2427/2427/2427 2426/2426/2426
f 2428/2428/2428 2423/2423/2423 2430/2430/2430
f 2429/2429/2429 2428/2428/2428 2431/2431/2431
f 2432/2432/2432 2429/2429/2429 2431/2431/2431
f 2431/2431/2431 2433/2433/2433 2432/2432/2432
f 2433/2433/2433 2434/2434/2434 2432/2432/2432
f 2433/2433/2433 2435/2435/2435 2434/2434/2434
f 2434/2434/2434 2435/2435/2435 2436/2436/2436
f 2437/2437/2437 2436/2436/2436 2435/2435/2435
f 2438/2438/2438 2433/2433/2433 2431/2431/2431
f 2433/2433/2433 2438/2438/2438 2435/2435/2435
f 2437/2437/2437 2435/2435/2435 2439/2439/2439
f 2438/2438/2438 2439/2439/2439 2435/2435/2435
f 2440/2440/2440 2439/2439/2439 2438/2438/2438
f 2441/2441/2441 2437/2437/2437 2439/2439/2439
f 2441/2441/2441 2439/2439/2439 2440/2440/2440
f 2442/2442/2442 2441/2441/2441 2440/2440/2440
f 2442/2442/2442 2440/2440/2440 2443/2443/2443
f 2431/2431/2431 2428/2428/2428 2444/2444/2444
f 2444/2444/2444 2438/2438/2438 2431/2431/2431
f 2444/2444/2444 2428/2428/2428 2445/2445/2445
f 2428/2428/2428 2430/2430/2430 2445/2445/2445
f 2446/2446/2446 2438/2438/2438 2444/2444/2444
f 2446/2446/2446 2440/2440/2440 2438/2438/2438
f 2445/2445/2445 2446/2446/2446 2444/2444/2444
f 2445/2445/2445 2430/2430/2430 2447/2447/2447
f 2447/2447/2447 2430/2430/2430 2426/2426/2426
f 2446/2446/2446 2445/2445/2445 2448/2448/2448
f 2448/2448/2448 2445/2445/2445 2447/2447/2447
f 2446/2446/2446 2449/2449/2449 2440/2440/2440
f 2449/2449/2449 2446/2446/2446 2448/2448/2448
f 2440/2440/2440 2450/2450/2450 2443/2443/2443
f 2449/2449/2449 2450/2450/2450 2440/2440/2440
f 2451/2451/2451 2447/2447/2447 2426/2426/2426
f 2452/2452/2452 2451/2451/2451 2426/2426/2426
f 2453/2453/2453 2448/2448/2448 2447/2447/2447
f 2449/2449/2449 2448/2448/2448 2453/2453/2453
f 2451/2451/2451 2453/2453/2453 2447/2447/2447
f 2450/2450/2450 2454/2454/2454 2443/2443/2443
f 2454/2454/2454 2455/2455/2455 2443/2443/2443
f 2449/2449/2449 2456/2456/2456 2450/2450/2450
f 2456/2456/2456 2449/2449/2449 2453/2453/2453
f 2456/2456/2456 2454/2454/2454 2450/2450/2450
f 2457/2457/2457 2451/2451/2451 2452/2452/2452
f 2458/2458/2458 2457/2457/2457 2452/2452/2452
f 2459/2459/2459 2453/2453/2453 2451/2451/2451
f 2456/2456/2456 2453/2453/2453 2459/2459/2459
f 2457/2457/2457 2459/2459/2459 2451/2451/2451
f 2454/2454/2454 2460/2460/2460 2455/2455/2455
f 2460/2460/2460 2461/2461/2461 2455/2455/2455
f 2460/2460/2460 2462/2462/2462 2461/2461/2461
f 2456/2456/2456 2463/2463/2463 2454/2454/2454
f 2463/2463/2463 2456/2456/2456 2459/2459/2459
f 2463/2463/2463 2460/2460/2460 2454/2454/2454
f 2464/2464/2464 2457/2457/2457 2458/2458/2458
f 2465/2465/2465 2464/2464/2464 2458/2458/2458
f 2465/2465/2465 2466/2466/2466 2464/2464/2464
f 2467/2467/2467 2459/2459/2459 2457/2457/2457
f 2463/2463/2463 2459/2459/2459 2467/2467/2467
f 2464/2464/2464 2467/2467/2467 2457/2457/2457
f 2460/2460/2460 2463/2463/2463 2468/2468/2468
f 2460/2460/2460 2468/2468/2468 2462/2462/2462
f 2468/2468/2468 2463/2463/2463 2467/2467/2467
f 2466/2466/2466 2469/2469/2469 2464/2464/2464
f 2464/2464/2464 2469/2469/2469 2467/2467/2467
f 2466/2466/2466 2470/2470/2470 2469/2469/2469
f 2468/2468/2468 2467/2467/2467 2471/2471/2471
f 2469/2469/2469 2471/2471/2471 2467/2467/2467
f 2470/2470/2470 2472/2472/2472 2469/2469/2469
f 2469/2469/2469 2472/2472/2472 2471/2471/2471
f 2472/2472/2472 2470/2470/2470 2473/2473/2473
f 2474/2474/2474 2472/2472/2472 2473/2473/2473
f 2475/2475/2475 2472/2472/2472 2474/2474/2474
f 2472/2472/2472 2475/2475/2475 2471/2471/2471
f 2476/2476/2476 2475/2475/2475 2474/2474/2474
f 2477/2477/2477 2475/2475/2475 2476/2476/2476
f 2475/2475/2475 2477/2477/2477 2471/2471/2471
f 2478/2478/2478 2477/2477/2477 2476/2476/2476
f 2478/2478/2478 2462/2462/2462 2477/2477/2477
f 2479/2479/2479 2468/2468/2468 2471/2471/2471
f 2477/2477/2477 2479/2479/2479 2471/2471/2471
f 2477/2477/2477 2462/2462/2462 2479/2479/2479
f 2479/2479/2479 2462/2462/2462 2468/2468/2468
f 2482/2482/2482 2481/2481/2481 2480/2480/2480
f 2480/2480/2480 2481/2481/2481 2483/2483/2483
f 2483/2483/2483 2484/2484/2484 2480/2480/2480
f 2485/2485/2485 2484/2484/2484 2483/2483/2483
f 2483/2483/2483 2481/2481/2481 2486/2486/2486
f 2481/2481/2481 2487/2487/2487 2486/2486/2486
f 2486/2486/2486 2487/2487/2487 2488/2488/2488
f 2487/2487/2487 2489/2489/2489 2488/2488/2488
f 2488/2488/2488 2489/2489/2489 2490/2490/2490
f 2491/2491/2491 2485/2485/2485 2483/2483/2483
f 2486/2486/2486 2491/2491/2491 2483/2483/2483
f 2486/2486/2486 2488/2488/2488 2491/2491/2491
f 2485/2485/2485 2491/2491/2491 2492/2492/2492
f 2491/2491/2491 2493/2493/2493 2492/2492/2492
f 2494/2494/2494 2492/2492/2492 2493/2493/2493
f 2491/2491/2491 2495/2495/2495 2493/2493/2493
f 2488/2488/2488 2495/2495/2495 2491/2491/2491
f 2494/2494/2494 2493/2493/2493 2496/2496/2496
f 2495/2495/2495 2496/2496/2496 2493/2493/2493
f 2497/2497/2497 2494/2494/2494 2496/2496/2496
f 2498/2498/2498 2494/2494/2494 2497/2497/2497
f 2499/2499/2499 2488/2488/2488 2490/2490/2490
f 2500/2500/2500 2495/2495/2495 2488/2488/2488
f 2499/2499/2499 2500/2500/2500 2488/2488/2488
f 2496/2496/2496 2495/2495/2495 2501/2501/2501
f 2495/2495/2495 2500/2500/2500 2501/2501/2501
f 2502/2502/2502 2499/2499/2499 2490/2490/2490
f 2503/2503/2503 2502/2502/2502 2490/2490/2490
f 2496/2496/2496 2501/2501/2501 2504/2504/2504
f 2497/2497/2497 2496/2496/2496 2504/2504/2504
f 2501/2501/2501 2500/2500/2500 2505/2505/2505
f 2501/2501/2501 2505/2505/2505 2504/2504/2504
f 2506/2506/2506 2500/2500/2500 2499/2499/2499
f 2502/2502/2502 2506/2506/2506 2499/2499/2499
f 2500/2500/2500 2506/2506/2506 2505/2505/2505
f 2507/2507/2507 2502/2502/2502 2503/2503/2503
f 2508/2508/2508 2507/2507/2507 2503/2503/2503
f 2509/2509/2509 2507/2507/2507 2508/2508/2508
f 2510/2510/2510 2506/2506/2506 2502/2502/2502
f 2507/2507/2507 2510/2510/2510 2502/2502/2502
f 2505/2505/2505 2506/2506/2506 2511/2511/2511
f 2506/2506/2506 2510/2510/2510 2511/2511/2511
f 2505/2505/2505 2512/2512/2512 2504/2504/2504
f 2505/2505/2505 2511/2511/2511 2512/2512/2512
f 2497/2497/2497 2504/2504/2504 2513/2513/2513
f 2504/2504/2504 2512/2512/2512 2513/2513/2513
f 2510/2510/2510 2507/2507/2507 2514/2514/2514
f 2514/2514/2514 2507/2507/2507 2509/2509/2509
f 2511/2511/2511 2510/2510/2510 2515/2515/2515
f 2510/2510/2510 2514/2514/2514 2515/2515/2515
f 2511/2511/2511 2516/2516/2516 2512/2512/2512
f 2511/2511/2511 2515/2515/2515 2516/2516/2516
f 2512/2512/2512 2517/2517/2517 2513/2513/2513
f 2512/2512/2512 2516/2516/2516 2517/2517/2517
f 2516/2516/2516 2518/2518/2518 2517/2517/2517
f 2516/2516/2516 2519/2519/2519 2518/2518/2518
f 2515/2515/2515 2519/2519/2519 2516/2516/2516
f 2519/2519/2519 2520/2520/2520 2518/2518/2518
f 2521/2521/2521 2520/2520/2520 2519/2519/2519
f 2522/2522/2522 2521/2521/2521 2519/2519/2519
f 2522/2522/2522 2519/2519/2519 2515/2515/2515
f 2523/2523/2523 2521/2521/2521 2522/2522/2522
f 2515/2515/2515 2514/2514/2514 2524/2524/2524
f 2524/2524/2524 2522/2522/2522 2515/2515/2515
f 2525/2525/2525 2523/2523/2523 2522/2522/2522
f 2525/2525/2525 2522/2522/2522 2524/2524/2524
f 2523/2523/2523 2525/2525/2525 2526/2526/2526
f 2525/2525/2525 2527/2527/2527 2526/2526/2526
f 2525/2525/2525 2528/2528/2528 2527/2527/2527
f 2528/2528/2528 2525/2525/2525 2524/2524/2524
f 2528/2528/2528 2529/2529/2529 2527/2527/2527
f 2528/2528/2528 2530/2530/2530 2529/2529/2529
f 2530/2530/2530 2528/2528/2528 2524/2524/2524
f 2530/2530/2530 2531/2531/2531 2529/2529/2529
f 2509/2509/2509 2531/2531/2531 2530/2530/2530
f 2514/2514/2514 2532/2532/2532 2524/2524/2524
f 2532/2532/2532 2530/2530/2530 2524/2524/2524
f 2509/2509/2509 2530/2530/2530 2532/2532/2532
f 2509/2509/2509 2532/2532/2532 2514/2514/2514
f 2535/2535/2535 2534/2534/2534 2533/2533/2533
f 2536/2536/2536 2535/2535/2535 2533/2533/2533
f 2536/2536/2536 2533/2533/2533 2498/2498/2498
f 2537/2537/2537 2535/2535/2535 2536/2536/2536
f 2536/2536/2536 2498/2498/2498 2538/2538/2538
f 2538/2538/2538 2498/2498/2498 2497/2497/2497
f 2538/2538/2538 2497/2497/2497 2513/2513/2513
f 2539/2539/2539 2537/2537/2537 2536/2536/2536
f 2513/2513/2513 2537/2537/2537 2539/2539/2539
f 2539/2539/2539 2538/2538/2538 2513/2513/2513
f 2539/2539/2539 2536/2536/2536 2538/2538/2538
f 2542/2542/2542 2541/2541/2541 2540/2540/2540
f 2542/2542/2542 2540/2540/2540 2543/2543/2543
f 2543/2543/2543 2540/2540/2540 2544/2544/2544
f 2544/2544/2544 2540/2540/2540 2545/2545/2545
f 2546/2546/2546 2544/2544/2544 2545/2545/2545
f 2546/2546/2546 2545/2545/2545 2547/2547/2547
f 2548/2548/2548 2546/2546/2546 2547/2547/2547
f 2548/2548/2548 2547/2547/2547 2549/2549/2549
f 2550/2550/2550 2548/2548/2548 2549/2549/2549
f 2550/2550/2550 2549/2549/2549 2551/2551/2551
f 2549/2549/2549 2552/2552/2552 2551/2551/2551
f 2551/2551/2551 2552/2552/2552 2553/2553/2553
f 2552/2552/2552 2554/2554/2554 2553/2553/2553
f 2554/2554/2554 2555/2555/2555 2553/2553/2553
f 2555/2555/2555 2556/2556/2556 2553/2553/2553
f 2555/2555/2555 2557/2557/2557 2556/2556/2556
f 2560/2560/2560 2559/2559/2559 2558/2558/2558
f 2561/2561/2561 2560/2560/2560 2558/2558/2558
f 2561/2561/2561 2563/2563/2563 2562/2562/2562
f 2564/2564/2564 2561/2561/2561 2562/2562/2562
f 2560/2560/2560 2566/2566/2566 2565/2565/2565
f 2566/2566/2566 2567/2567/2567 2565/2565/2565
f 2568/2568/2568 2567/2567/2567 2566/2566/2566
f 2571/2571/2571 2570/2570/2570 2569/2569/2569
f 2569/2569/2569 2570/2570/2570 2572/2572/2572
f 2569/2569/2569 2572/2572/2572 2573/2573/2573
f 2569/2569/2569 2573/2573/2573 2574/2574/2574
f 2573/2573/2573 2575/2575/2575 2574/2574/2574
f 2574/2574/2574 2575/2575/2575 2576/2576/2576
f 2575/2575/2575 2577/2577/2577 2576/2576/2576
f 2576/2576/2576 2577/2577/2577 2578/2578/2578
f 2577/2577/2577 2579/2579/2579 2578/2578/2578
f 2578/2578/2578 2579/2579/2579 2580/2580/2580
f 2581/2581/2581 2578/2578/2578 2580/2580/2580
f 2581/2581/2581 2580/2580/2580 2582/2582/2582
f 2583/2583/2583 2581/2581/2581 2582/2582/2582
f 2584/2584/2584 2583/2583/2583 2582/2582/2582
f 2585/2585/2585 2584/2584/2584 2582/2582/2582
f 2586/2586/2586 2584/2584/2584 2585/2585/2585
f 2589/2589/2589 2588/2588/2588 2587/2587/2587
f 2589/2589/2589 2587/2587/2587 2590/2590/2590
f 2589/2589/2589 2590/2590/2590 2591/2591/2591
f 2587/2587/2587 2592/2592/2592 2590/2590/2590
f 2587/2587/2587 2593/2593/2593 2592/2592/2592
f 2590/2590/2590 2594/2594/2594 2591/2591/2591
f 2595/2595/2595 2591/2591/2591 2594/2594/2594
f 2596/2596/2596 2595/2595/2595 2594/2594/2594
f 2590/2590/2590 2597/2597/2597 2594/2594/2594
f 2590/2590/2590 2592/2592/2592 2597/2597/2597
f 2596/2596/2596 2594/2594/2594 2598/2598/2598
f 2597/2597/2597 2598/2598/2598 2594/2594/2594
f 2599/2599/2599 2598/2598/2598 2597/2597/2597
f 2600/2600/2600 2596/2596/2596 2598/2598/2598
f 2600/2600/2600 2598/2598/2598 2599/2599/2599
f 2601/2601/2601 2600/2600/2600 2599/2599/2599
f 2601/2601/2601 2599/2599/2599 2602/2602/2602
f 2593/2593/2593 2603/2603/2603 2592/2592/2592
f 2593/2593/2593 2604/2604/2604 2603/2603/2603
f 2592/2592/2592 2605/2605/2605 2597/2597/2597
f 2592/2592/2592 2603/2603/2603 2605/2605/2605
f 2604/2604/2604 2606/2606/2606 2603/2603/2603
f 2604/2604/2604 2607/2607/2607 2606/2606/2606
f 2607/2607/2607 2608/2608/2608 2606/2606/2606
f 2608/2608/2608 2609/2609/2609 2606/2606/2606
f 2603/2603/2603 2606/2606/2606 2610/2610/2610
f 2603/2603/2603 2610/2610/2610 2605/2605/2605
f 2609/2609/2609 2611/2611/2611 2606/2606/2606
f 2606/2606/2606 2611/2611/2611 2610/2610/2610
f 2609/2609/2609 2612/2612/2612 2611/2611/2611
f 2597/2597/2597 2605/2605/2605 2613/2613/2613
f 2613/2613/2613 2599/2599/2599 2597/2597/2597
f 2605/2605/2605 2610/2610/2610 2614/2614/2614
f 2605/2605/2605 2614/2614/2614 2613/2613/2613
f 2612/2612/2612 2615/2615/2615 2611/2611/2611
f 2612/2612/2612 2616/2616/2616 2615/2615/2615
f 2610/2610/2610 2611/2611/2611 2617/2617/2617
f 2611/2611/2611 2615/2615/2615 2617/2617/2617
f 2610/2610/2610 2617/2617/2617 2614/2614/2614
f 2617/2617/2617 2615/2615/2615 2616/2616/2616
f 2614/2614/2614 2617/2617/2617 2616/2616/2616
f 2613/2613/2613 2614/2614/2614 2618/2618/2618
f 2618/2618/2618 2614/2614/2614 2616/2616/2616
f 2613/2613/2613 2619/2619/2619 2599/2599/2599
f 2619/2619/2619 2613/2613/2613 2618/2618/2618
f 2620/2620/2620 2618/2618/2618 2616/2616/2616
f 2621/2621/2621 2620/2620/2620 2616/2616/2616
f 2619/2619/2619 2622/2622/2622 2599/2599/2599
f 2599/2599/2599 2622/2622/2622 2602/2602/2602
f 2623/2623/2623 2619/2619/2619 2618/2618/2618
f 2619/2619/2619 2623/2623/2623 2622/2622/2622
f 2620/2620/2620 2623/2623/2623 2618/2618/2618
f 2622/2622/2622 2624/2624/2624 2602/2602/2602
f 2623/2623/2623 2624/2624/2624 2622/2622/2622
f 2624/2624/2624 2625/2625/2625 2602/2602/2602
f 2626/2626/2626 2620/2620/2620 2621/2621/2621
f 2627/2627/2627 2626/2626/2626 2621/2621/2621
f 2628/2628/2628 2623/2623/2623 2620/2620/2620
f 2623/2623/2623 2628/2628/2628 2624/2624/2624
f 2626/2626/2626 2628/2628/2628 2620/2620/2620
f 2624/2624/2624 2629/2629/2629 2625/2625/2625
f 2628/2628/2628 2629/2629/2629 2624/2624/2624
f 2629/2629/2629 2630/2630/2630 2625/2625/2625
f 2629/2629/2629 2631/2631/2631 2630/2630/2630
f 2629/2629/2629 2628/2628/2628 2632/2632/2632
f 2632/2632/2632 2628/2628/2628 2626/2626/2626
f 2629/2629/2629 2632/2632/2632 2631/2631/2631
f 2633/2633/2633 2626/2626/2626 2627/2627/2627
f 2633/2633/2633 2632/2632/2632 2626/2626/2626
f 2634/2634/2634 2633/2633/2633 2627/2627/2627
f 2634/2634/2634 2635/2635/2635 2633/2633/2633
f 2635/2635/2635 2636/2636/2636 2633/2633/2633
f 2633/2633/2633 2636/2636/2636 2632/2632/2632
f 2635/2635/2635 2637/2637/2637 2636/2636/2636
f 2638/2638/2638 2631/2631/2631 2632/2632/2632
f 2636/2636/2636 2638/2638/2638 2632/2632/2632
f 2637/2637/2637 2639/2639/2639 2636/2636/2636
f 2636/2636/2636 2639/2639/2639 2638/2638/2638
f 2639/2639/2639 2637/2637/2637 2640/2640/2640
f 2641/2641/2641 2639/2639/2639 2640/2640/2640
f 2642/2642/2642 2631/2631/2631 2638/2638/2638
f 2639/2639/2639 2642/2642/2642 2638/2638/2638
f 2642/2642/2642 2639/2639/2639 2641/2641/2641
f 2643/2643/2643 2631/2631/2631 2642/2642/2642
f 2643/2643/2643 2642/2642/2642 2641/2641/2641
f 2646/2646/2646 2645/2645/2645 2644/2644/2644
f 2647/2647/2647 2645/2645/2645 2646/2646/2646
f 2227/2227/2227 2649/2649/2649 2648/2648/2648
f 2649/2649/2649 2227/2227/2227 2650/2650/2650
f 2649/2649/2649 2651/2651/2651 2648/2648/2648
f 2651/2651/2651 2652/2652/2652 2648/2648/2648
f 2651/2651/2651 2653/2653/2653 2652/2652/2652
f 2649/2649/2649 2654/2654/2654 2651/2651/2651
f 2651/2651/2651 2654/2654/2654 2655/2655/2655
f 2651/2651/2651 2655/2655/2655 2653/2653/2653
f 2649/2649/2649 2656/2656/2656 2654/2654/2654
f 2649/2649/2649 2650/2650/2650 2656/2656/2656
f 2655/2655/2655 2657/2657/2657 2653/2653/2653
f 2656/2656/2656 2650/2650/2650 2658/2658/2658
f 2655/2655/2655 2659/2659/2659 2657/2657/2657
f 2656/2656/2656 2658/2658/2658 2660/2660/2660
f 2655/2655/2655 2661/2661/2661 2659/2659/2659
f 2655/2655/2655 2654/2654/2654 2661/2661/2661
f 2661/2661/2661 2662/2662/2662 2659/2659/2659
f 2662/2662/2662 2661/2661/2661 2663/2663/2663
f 2664/2664/2664 2656/2656/2656 2660/2660/2660
f 2664/2664/2664 2654/2654/2654 2656/2656/2656
f 2665/2665/2665 2664/2664/2664 2660/2660/2660
f 2664/2664/2664 2665/2665/2665 2666/2666/2666
f 2667/2667/2667 2663/2663/2663 2661/2661/2661
f 2667/2667/2667 2661/2661/2661 2654/2654/2654
f 2667/2667/2667 2668/2668/2668 2663/2663/2663
f 2668/2668/2668 2667/2667/2667 2669/2669/2669
f 2670/2670/2670 2664/2664/2664 2666/2666/2666
f 2670/2670/2670 2654/2654/2654 2664/2664/2664
f 2670/2670/2670 2666/2666/2666 2671/2671/2671
f 2670/2670/2670 2671/2671/2671 2672/2672/2672
f 2667/2667/2667 2673/2673/2673 2669/2669/2669
f 2667/2667/2667 2654/2654/2654 2673/2673/2673
f 2673/2673/2673 2674/2674/2674 2669/2669/2669
f 2673/2673/2673 2675/2675/2675 2674/2674/2674
f 2676/2676/2676 2670/2670/2670 2672/2672/2672
f 2676/2676/2676 2654/2654/2654 2670/2670/2670
f 2673/2673/2673 2654/2654/2654 2676/2676/2676
f 2673/2673/2673 2676/2676/2676 2675/2675/2675
f 2676/2676/2676 2672/2672/2672 2677/2677/2677
f 2676/2676/2676 2677/2677/2677 2675/2675/2675
f 2679/2679/2679 2055/2055/2055 2678/2678/2678
f 2055/2055/2055 2679/2679/2679 2680/2680/2680
f 2681/2681/2681 2679/2679/2679 2678/2678/2678
f 2682/2682/2682 2681/2681/2681 2678/2678/2678
f 2683/2683/2683 2681/2681/2681 2682/2682/2682
f 2684/2684/2684 2679/2679/2679 2681/2681/2681
f 2684/2684/2684 2681/2681/2681 2685/2685/2685
f 2685/2685/2685 2681/2681/2681 2683/2683/2683
f 2686/2686/2686 2679/2679/2679 2684/2684/2684
f 2680/2680/2680 2679/2679/2679 2686/2686/2686
f 2687/2687/2687 2685/2685/2685 2683/2683/2683
f 2680/2680/2680 2686/2686/2686 2688/2688/2688
f 2689/2689/2689 2685/2685/2685 2687/2687/2687
f 2688/2688/2688 2686/2686/2686 2690/2690/2690
f 2691/2691/2691 2685/2685/2685 2689/2689/2689
f 2684/2684/2684 2685/2685/2685 2691/2691/2691
f 2692/2692/2692 2691/2691/2691 2689/2689/2689
f 2691/2691/2691 2692/2692/2692 2693/2693/2693
f 2686/2686/2686 2694/2694/2694 2690/2690/2690
f 2684/2684/2684 2694/2694/2694 2686/2686/2686
f 2694/2694/2694 2695/2695/2695 2690/2690/2690
f 2695/2695/2695 2694/2694/2694 2696/2696/2696
f 2693/2693/2693 2697/2697/2697 2691/2691/2691
f 2691/2691/2691 2697/2697/2697 2684/2684/2684
f 2698/2698/2698 2697/2697/2697 2693/2693/2693
f 2697/2697/2697 2698/2698/2698 2699/2699/2699
f 2694/2694/2694 2700/2700/2700 2696/2696/2696
f 2684/2684/2684 2700/2700/2700 2694/2694/2694
f 2696/2696/2696 2700/2700/2700 2701/2701/2701
f 2701/2701/2701 2700/2700/2700 2702/2702/2702
f 2703/2703/2703 2697/2697/2697 2699/2699/2699
f 2684/2684/2684 2697/2697/2697 2703/2703/2703
f 2704/2704/2704 2703/2703/2703 2699/2699/2699
f 2705/2705/2705 2703/2703/2703 2704/2704/2704
f 2700/2700/2700 2706/2706/2706 2702/2702/2702
f 2684/2684/2684 2706/2706/2706 2700/2700/2700
f 2684/2684/2684 2703/2703/2703 2706/2706/2706
f 2706/2706/2706 2703/2703/2703 2705/2705/2705
f 2702/2702/2702 2706/2706/2706 2707/2707/2707
f 2707/2707/2707 2706/2706/2706 2705/2705/2705
f 2710/2710/2710 2709/2709/2709 2708/2708/2708
f 2711/2711/2711 2710/2710/2710 2708/2708/2708
f 2710/2710/2710 2712/2712/2712 2709/2709/2709
f 2712/2712/2712 2713/2713/2713 2709/2709/2709
f 2714/2714/2714 2713/2713/2713 2712/2712/2712
f 2710/2710/2710 2711/2711/2711 2715/2715/2715
f 2711/2711/2711 2716/2716/2716 2715/2715/2715
f 2712/2712/2712 2710/2710/2710 2717/2717/2717
f 2714/2714/2714 2712/2712/2712 2717/2717/2717
f 2710/2710/2710 2715/2715/2715 2717/2717/2717
f 2715/2715/2715 2716/2716/2716 2718/2718/2718
f 2716/2716/2716 2719/2719/2719 2718/2718/2718
f 2718/2718/2718 2719/2719/2719 2720/2720/2720
f 2717/2717/2717 2715/2715/2715 2721/2721/2721
f 2714/2714/2714 2717/2717/2717 2721/2721/2721
f 2715/2715/2715 2718/2718/2718 2721/2721/2721
f 2722/2722/2722 2718/2718/2718 2720/2720/2720
f 2721/2721/2721 2718/2718/2718 2722/2722/2722
f 2722/2722/2722 2720/2720/2720 2723/2723/2723
f 2721/2721/2721 2724/2724/2724 2714/2714/2714
f 2714/2714/2714 2724/2724/2724 2725/2725/2725
f 2725/2725/2725 2724/2724/2724 2726/2726/2726
f 2727/2727/2727 2722/2722/2722 2723/2723/2723
f 2727/2727/2727 2723/2723/2723 2728/2728/2728
f 2729/2729/2729 2721/2721/2721 2722/2722/2722
f 2729/2729/2729 2724/2724/2724 2721/2721/2721
f 2729/2729/2729 2722/2722/2722 2727/2727/2727
f 2724/2724/2724 2730/2730/2730 2726/2726/2726
f 2724/2724/2724 2729/2729/2729 2730/2730/2730
f 2726/2726/2726 2730/2730/2730 2731/2731/2731
f 2732/2732/2732 2729/2729/2729 2727/2727/2727
f 2729/2729/2729 2732/2732/2732 2730/2730/2730
f 2730/2730/2730 2733/2733/2733 2731/2731/2731
f 2730/2730/2730 2732/2732/2732 2733/2733/2733
f 2733/2733/2733 2734/2734/2734 2731/2731/2731
f 2734/2734/2734 2735/2735/2735 2731/2731/2731
f 2736/2736/2736 2735/2735/2735 2734/2734/2734
f 2732/2732/2732 2727/2727/2727 2737/2737/2737
f 2737/2737/2737 2727/2727/2727 2728/2728/2728
f 2732/2732/2732 2738/2738/2738 2733/2733/2733
f 2733/2733/2733 2738/2738/2738 2734/2734/2734
f 2738/2738/2738 2732/2732/2732 2737/2737/2737
f 2739/2739/2739 2738/2738/2738 2737/2737/2737
f 2738/2738/2738 2739/2739/2739 2734/2734/2734
f 2740/2740/2740 2736/2736/2736 2734/2734/2734
f 2741/2741/2741 2736/2736/2736 2740/2740/2740
f 2740/2740/2740 2734/2734/2734 2742/2742/2742
f 2734/2734/2734 2739/2739/2739 2742/2742/2742
f 2743/2743/2743 2741/2741/2741 2740/2740/2740
f 2740/2740/2740 2742/2742/2742 2743/2743/2743
f 2744/2744/2744 2741/2741/2741 2743/2743/2743
f 2745/2745/2745 2744/2744/2744 2743/2743/2743
f 2743/2743/2743 2746/2746/2746 2745/2745/2745
f 2742/2742/2742 2746/2746/2746 2743/2743/2743
f 2746/2746/2746 2747/2747/2747 2745/2745/2745
f 2748/2748/2748 2747/2747/2747 2746/2746/2746
f 2749/2749/2749 2748/2748/2748 2746/2746/2746
f 2749/2749/2749 2746/2746/2746 2742/2742/2742
f 2750/2750/2750 2748/2748/2748 2749/2749/2749
f 2751/2751/2751 2739/2739/2739 2737/2737/2737
f 2751/2751/2751 2737/2737/2737 2728/2728/2728
f 2752/2752/2752 2742/2742/2742 2739/2739/2739
f 2752/2752/2752 2749/2749/2749 2742/2742/2742
f 2751/2751/2751 2752/2752/2752 2739/2739/2739
f 2753/2753/2753 2750/2750/2750 2749/2749/2749
f 2753/2753/2753 2749/2749/2749 2752/2752/2752
f 2754/2754/2754 2750/2750/2750 2753/2753/2753
f 2755/2755/2755 2752/2752/2752 2751/2751/2751
f 2755/2755/2755 2753/2753/2753 2752/2752/2752
f 2756/2756/2756 2754/2754/2754 2753/2753/2753
f 2756/2756/2756 2753/2753/2753 2755/2755/2755
f 2757/2757/2757 2754/2754/2754 2756/2756/2756
f 2758/2758/2758 2757/2757/2757 2756/2756/2756
f 2759/2759/2759 2758/2758/2758 2756/2756/2756
f 2760/2760/2760 2759/2759/2759 2756/2756/2756
f 2760/2760/2760 2756/2756/2756 2755/2755/2755
f 2761/2761/2761 2759/2759/2759 2760/2760/2760
f 2762/2762/2762 2755/2755/2755 2751/2751/2751
f 2760/2760/2760 2755/2755/2755 2762/2762/2762
f 2762/2762/2762 2751/2751/2751 2728/2728/2728
f 2763/2763/2763 2761/2761/2761 2760/2760/2760
f 2728/2728/2728 2761/2761/2761 2763/2763/2763
f 2763/2763/2763 2762/2762/2762 2728/2728/2728
f 2763/2763/2763 2760/2760/2760 2762/2762/2762
f 2766/2766/2766 2765/2765/2765 2764/2764/2764
f 2765/2765/2765 2767/2767/2767 2764/2764/2764
f 2768/2768/2768 2766/2766/2766 2764/2764/2764
f 2767/2767/2767 2766/2766/2766 2768/2768/2768
f 2767/2767/2767 2768/2768/2768 2764/2764/2764
f 2771/2771/2771 2770/2770/2770 2769/2769/2769
f 2772/2772/2772 2771/2771/2771 2769/2769/2769
f 2770/2770/2770 2773/2773/2773 2769/2769/2769
f 2770/2770/2770 2772/2772/2772 2773/2773/2773
f 2773/2773/2773 2772/2772/2772 2769/2769/2769
f 2776/2776/2776 2775/2775/2775 2774/2774/2774
f 2777/2777/2777 2776/2776/2776 2774/2774/2774
f 2778/2778/2778 2776/2776/2776 2777/2777/2777
f 2774/2774/2774 2775/2775/2775 2779/2779/2779
f 2775/2775/2775 2780/2780/2780 2779/2779/2779
f 2781/2781/2781 2779/2779/2779 2780/2780/2780
f 2782/2782/2782 2781/2781/2781 2780/2780/2780
f 2783/2783/2783 2778/2778/2778 2777/2777/2777
f 2784/2784/2784 2778/2778/2778 2783/2783/2783
f 2774/2774/2774 2779/2779/2779 2785/2785/2785
f 2779/2779/2779 2781/2781/2781 2785/2785/2785
f 2786/2786/2786 2774/2774/2774 2785/2785/2785
f 2786/2786/2786 2785/2785/2785 2787/2787/2787
f 2781/2781/2781 2782/2782/2782 2788/2788/2788
f 2782/2782/2782 2789/2789/2789 2788/2788/2788
f 2781/2781/2781 2790/2790/2790 2785/2785/2785
f 2785/2785/2785 2790/2790/2790 2787/2787/2787
f 2788/2788/2788 2790/2790/2790 2781/2781/2781
f 2791/2791/2791 2777/2777/2777 2774/2774/2774
f 2786/2786/2786 2791/2791/2791 2774/2774/2774
f 2788/2788/2788 2789/2789/2789 2792/2792/2792
f 2789/2789/2789 2793/2793/2793 2792/2792/2792
f 2794/2794/2794 2790/2790/2790 2788/2788/2788
f 2790/2790/2790 2794/2794/2794 2787/2787/2787
f 2792/2792/2792 2794/2794/2794 2788/2788/2788
f 2795/2795/2795 2777/2777/2777 2791/2791/2791
f 2783/2783/2783 2777/2777/2777 2795/2795/2795
f 2792/2792/2792 2793/2793/2793 2796/2796/2796
f 2793/2793/2793 2797/2797/2797 2796/2796/2796
f 2794/2794/2794 2792/2792/2792 2798/2798/2798
f 2792/2792/2792 2796/2796/2796 2798/2798/2798
f 2794/2794/2794 2798/2798/2798 2787/2787/2787
f 2799/2799/2799 2796/2796/2796 2797/2797/2797
f 2796/2796/2796 2799/2799/2799 2798/2798/2798
f 2800/2800/2800 2799/2799/2799 2797/2797/2797
f 2799/2799/2799 2801/2801/2801 2798/2798/2798
f 2798/2798/2798 2801/2801/2801 2787/2787/2787
f 2799/2799/2799 2800/2800/2800 2802/2802/2802
f 2799/2799/2799 2802/2802/2802 2801/2801/2801
f 2800/2800/2800 2803/2803/2803 2802/2802/2802
f 2787/2787/2787 2801/2801/2801 2804/2804/2804
f 2802/2802/2802 2804/2804/2804 2801/2801/2801
f 2802/2802/2802 2803/2803/2803 2805/2805/2805
f 2802/2802/2802 2805/2805/2805 2804/2804/2804
f 2803/2803/2803 2806/2806/2806 2805/2805/2805
f 2807/2807/2807 2787/2787/2787 2804/2804/2804
f 2807/2807/2807 2786/2786/2786 2787/2787/2787
f 2807/2807/2807 2804/2804/2804 2808/2808/2808
f 2805/2805/2805 2808/2808/2808 2804/2804/2804
f 2805/2805/2805 2806/2806/2806 2809/2809/2809
f 2806/2806/2806 2810/2810/2810 2809/2809/2809
f 2807/2807/2807 2811/2811/2811 2786/2786/2786
f 2811/2811/2811 2807/2807/2807 2808/2808/2808
f 2812/2812/2812 2808/2808/2808 2805/2805/2805
f 2809/2809/2809 2812/2812/2812 2805/2805/2805
f 2813/2813/2813 2812/2812/2812 2809/2809/2809
f 2809/2809/2809 2810/2810/2810 2814/2814/2814
f 2814/2814/2814 2813/2813/2813 2809/2809/2809
f 2810/2810/2810 2815/2815/2815 2814/2814/2814
f 2811/2811/2811 2808/2808/2808 2816/2816/2816
f 2808/2808/2808 2812/2812/2812 2816/2816/2816
f 2816/2816/2816 2786/2786/2786 2811/2811/2811
f 2816/2816/2816 2812/2812/2812 2813/2813/2813
f 2814/2814/2814 2815/2815/2815 2817/2817/2817
f 2814/2814/2814 2817/2817/2817 2813/2813/2813
f 2815/2815/2815 2818/2818/2818 2817/2817/2817
f 2816/2816/2816 2819/2819/2819 2786/2786/2786
f 2819/2819/2819 2816/2816/2816 2813/2813/2813
f 2819/2819/2819 2791/2791/2791 2786/2786/2786
f 2795/2795/2795 2791/2791/2791 2819/2819/2819
f 2817/2817/2817 2818/2818/2818 2820/2820/2820
f 2818/2818/2818 2821/2821/2821 2820/2820/2820
f 2822/2822/2822 2819/2819/2819 2813/2813/2813
f 2822/2822/2822 2795/2795/2795 2819/2819/2819
f 2817/2817/2817 2823/2823/2823 2813/2813/2813
f 2817/2817/2817 2820/2820/2820 2823/2823/2823
f 2823/2823/2823 2822/2822/2822 2813/2813/2813
f 2824/2824/2824 2795/2795/2795 2822/2822/2822
f 2824/2824/2824 2783/2783/2783 2795/2795/2795
f 2822/2822/2822 2823/2823/2823 2825/2825/2825
f 2825/2825/2825 2824/2824/2824 2822/2822/2822
f 2823/2823/2823 2826/2826/2826 2825/2825/2825
f 2820/2820/2820 2826/2826/2826 2823/2823/2823
f 2820/2820/2820 2821/2821/2821 2827/2827/2827
f 2821/2821/2821 2828/2828/2828 2827/2827/2827
f 2829/2829/2829 2825/2825/2825 2826/2826/2826
f 2825/2825/2825 2829/2829/2829 2824/2824/2824
f 2830/2830/2830 2826/2826/2826 2820/2820/2820
f 2827/2827/2827 2830/2830/2830 2820/2820/2820
f 2830/2830/2830 2829/2829/2829 2826/2826/2826
f 2827/2827/2827 2828/2828/2828 2831/2831/2831
f 2827/2827/2827 2831/2831/2831 2830/2830/2830
f 2828/2828/2828 2832/2832/2832 2831/2831/2831
f 2829/2829/2829 2830/2830/2830 2833/2833/2833
f 2831/2831/2831 2833/2833/2833 2830/2830/2830
f 2829/2829/2829 2834/2834/2834 2824/2824/2824
f 2834/2834/2834 2829/2829/2829 2833/2833/2833
f 2835/2835/2835 2783/2783/2783 2824/2824/2824
f 2835/2835/2835 2824/2824/2824 2834/2834/2834
f 2831/2831/2831 2832/2832/2832 2836/2836/2836
f 2832/2832/2832 2837/2837/2837 2836/2836/2836
f 2834/2834/2834 2833/2833/2833 2838/2838/2838
f 2838/2838/2838 2835/2835/2835 2834/2834/2834
f 2839/2839/2839 2833/2833/2833 2831/2831/2831
f 2836/2836/2836 2839/2839/2839 2831/2831/2831
f 2833/2833/2833 2839/2839/2839 2838/2838/2838
f 2840/2840/2840 2783/2783/2783 2835/2835/2835
f 2840/2840/2840 2784/2784/2784 2783/2783/2783
f 2841/2841/2841 2784/2784/2784 2840/2840/2840
f 2836/2836/2836 2837/2837/2837 2842/2842/2842
f 2837/2837/2837 2843/2843/2843 2842/2842/2842
f 2844/2844/2844 2839/2839/2839 2836/2836/2836
f 2838/2838/2838 2839/2839/2839 2844/2844/2844
f 2842/2842/2842 2844/2844/2844 2836/2836/2836
f 2845/2845/2845 2835/2835/2835 2838/2838/2838
f 2845/2845/2845 2840/2840/2840 2835/2835/2835
f 2846/2846/2846 2841/2841/2841 2840/2840/2840
f 2847/2847/2847 2841/2841/2841 2846/2846/2846
f 2848/2848/2848 2842/2842/2842 2843/2843/2843
f 2849/2849/2849 2848/2848/2848 2843/2843/2843
f 2849/2849/2849 2847/2847/2847 2850/2850/2850
f 2848/2848/2848 2849/2849/2849 2850/2850/2850
f 2850/2850/2850 2847/2847/2847 2846/2846/2846
f 2848/2848/2848 2851/2851/2851 2842/2842/2842
f 2851/2851/2851 2848/2848/2848 2850/2850/2850
f 2851/2851/2851 2844/2844/2844 2842/2842/2842
f 2852/2852/2852 2851/2851/2851 2850/2850/2850
f 2850/2850/2850 2846/2846/2846 2852/2852/2852
f 2844/2844/2844 2851/2851/2851 2852/2852/2852
f 2853/2853/2853 2838/2838/2838 2844/2844/2844
f 2853/2853/2853 2845/2845/2845 2838/2838/2838
f 2853/2853/2853 2844/2844/2844 2852/2852/2852
f 2854/2854/2854 2846/2846/2846 2840/2840/2840
f 2845/2845/2845 2854/2854/2854 2840/2840/2840
f 2846/2846/2846 2854/2854/2854 2852/2852/2852
f 2853/2853/2853 2852/2852/2852 2854/2854/2854
f 2845/2845/2845 2853/2853/2853 2854/2854/2854
